case,seed,alg,mode,NP,dimension,peaks,change_frequency,shift_severity,environments,max_evals,realized_FE,budget_exact,environments_completed,changes_seen,initialization_FE,reevaluation_FE,offline_error,best_error_before_change,mean_population_diversity,wall_seconds
F2,2,PSO,cold_restart,20,5,10,5000,1.0,100,500000,500000,True,100,99,20,1980,14.588121641944587,8.730687731697902,0.12107684004173044,8.677700520012877
F2,1,PSO,population_persistence,20,5,10,5000,1.0,100,500000,500000,True,100,99,20,1980,9.776544005288281,9.406779024621448,0.010242335097237923,9.508956267993199
F2,1,PSO,previous_best_seeded,20,5,10,5000,1.0,100,500000,500000,True,100,99,20,1980,13.156070574321056,9.058776415787241,0.11457323010797751,9.831541774008656
F2,1,PSO,cold_restart,20,5,10,5000,1.0,100,500000,500000,True,100,99,20,1980,14.137423791626736,8.403070289782699,0.12351983090834484,9.872049413999775
F2,2,PSO,previous_best_seeded,20,5,10,5000,1.0,100,500000,500000,True,100,99,20,1980,12.68455418555823,9.703244745610965,0.10702754862713423,10.935965195996687
F2,2,PSO,population_persistence,20,5,10,5000,1.0,100,500000,500000,True,100,99,20,1980,16.39602189183353,16.058256803845467,0.010047234261140492,9.010526249010582
F2,2,GWO,cold_restart,20,5,10,5000,1.0,100,500000,500000,True,100,99,20,1980,13.517813305468367,9.288213307364378,0.0782391728175308,28.331654553010594
F2,1,GWO,population_persistence,20,5,10,5000,1.0,100,500000,500000,True,100,99,20,1980,56.5750744466611,55.337285540038,0.007058828102971534,29.948475974000758
F2,2,GWO,previous_best_seeded,20,5,10,5000,1.0,100,500000,500000,True,100,99,20,1980,11.520467264000718,7.061997642635284,0.09434494184296456,31.331792498996947
F2,2,GWO,population_persistence,20,5,10,5000,1.0,100,500000,500000,True,100,99,20,1980,20.01821338306245,19.027045380310295,0.021034136090479317,31.846325468010036
F2,1,GWO,previous_best_seeded,20,5,10,5000,1.0,100,500000,500000,True,100,99,20,1980,12.02776261499006,8.747754255426301,0.08622690722962571,34.494536350001
F2,1,GWO,cold_restart,20,5,10,5000,1.0,100,500000,500000,True,100,99,20,1980,13.71411963592762,9.312608844393226,0.08229104613322961,35.067270528001245
F2,3,PSO,cold_restart,20,5,10,5000,1.0,100,500000,500000,True,100,99,20,1980,13.241429477324562,7.924357448412821,0.12138589978933892,11.856568937990232
F2,3,PSO,previous_best_seeded,20,5,10,5000,1.0,100,500000,500000,True,100,99,20,1980,13.478420839280819,8.572198739737455,0.1211138532628848,12.030724610987818
F2,3,PSO,population_persistence,20,5,10,5000,1.0,100,500000,500000,True,100,99,20,1980,12.54766059299356,11.879632773645952,0.012206548061185799,10.206382866002969
F2,1,WOA,previous_best_seeded,20,5,10,5000,1.0,100,500000,500000,True,100,99,20,1980,13.571774004483942,12.948562767653716,0.11497274981845798,61.013928353990195
F2,3,GWO,cold_restart,20,5,10,5000,1.0,100,500000,500000,True,100,99,20,1980,14.186526400913623,10.070718926250203,0.08161173815328675,31.354256895006984
F2,3,GWO,population_persistence,20,5,10,5000,1.0,100,500000,500000,True,100,99,20,1980,24.841303766060747,23.59589186634395,0.023140496161620172,29.7833509290067
F2,1,WOA,population_persistence,20,5,10,5000,1.0,100,500000,500000,True,100,99,20,1980,24.97348906611486,23.872409881029498,0.06443062978909551,63.677088181008
F2,3,GWO,previous_best_seeded,20,5,10,5000,1.0,100,500000,500000,True,100,99,20,1980,12.842346947578998,9.206190845276918,0.08275807796922459,35.56559370699688
F2,2,SGO,population_persistence,20,5,10,5000,1.0,100,500000,500000,True,100,99,20,1980,20.13393062636535,19.4856020643898,0.08180694411985102,70.98666162000154
F2,1,WOA,cold_restart,20,5,10,5000,1.0,100,500000,500000,True,100,99,20,1980,29.505058607476048,27.65875952402964,0.11298449126829453,72.73325626799488
F2,1,SGO,population_persistence,20,5,10,5000,1.0,100,500000,500000,True,100,99,20,1980,29.97411703011027,28.735382653256842,0.10175567335504533,75.35037495299184
F2,2,WOA,population_persistence,20,5,10,5000,1.0,100,500000,500000,True,100,99,20,1980,34.41743872424512,33.00792389462396,0.06810695724005135,70.22981473000254
F2,1,SGO,previous_best_seeded,20,5,10,5000,1.0,100,500000,500000,True,100,99,20,1980,24.49587463633979,22.43345853928469,0.1591979490175866,80.94674058999226
F2,2,SGO,previous_best_seeded,20,5,10,5000,1.0,100,500000,500000,True,100,99,20,1980,16.956406631659718,14.78128911850109,0.15613644850913294,81.4527092849894
F2,2,WOA,previous_best_seeded,20,5,10,5000,1.0,100,500000,500000,True,100,99,20,1980,26.173324858817846,24.475960024706083,0.11385259128770993,71.98445202400035
F2,4,PSO,cold_restart,20,5,10,5000,1.0,100,500000,500000,True,100,99,20,1980,15.126734134300351,9.902911821428944,0.11726910717915469,10.897049812003388
F2,1,SGO,cold_restart,20,5,10,5000,1.0,100,500000,500000,True,100,99,20,1980,26.489218166392103,23.610884623550845,0.1411483536200292,86.3933551700029
F2,3,SGO,cold_restart,20,5,10,5000,1.0,100,500000,500000,True,100,99,20,1980,22.66231657804463,19.948654291495703,0.13164757437216462,78.11152675800258
F2,2,WOA,cold_restart,20,5,10,5000,1.0,100,500000,500000,True,100,99,20,1980,25.30003693863756,23.44684360120362,0.11318937581813722,79.68556815499323
F2,4,PSO,previous_best_seeded,20,5,10,5000,1.0,100,500000,500000,True,100,99,20,1980,13.162342031403162,9.475429239519297,0.1148342360662205,10.022326535006869
F2,4,PSO,population_persistence,20,5,10,5000,1.0,100,500000,500000,True,100,99,20,1980,23.62941984431948,22.329409004159196,0.01116378848620115,10.014431165007409
F2,2,SGO,cold_restart,20,5,10,5000,1.0,100,500000,500000,True,100,99,20,1980,25.376380449389092,22.406038375133093,0.13434770639505522,91.99333902100625
F2,3,SGO,previous_best_seeded,20,5,10,5000,1.0,100,500000,500000,True,100,99,20,1980,18.632566853112294,16.485204013258276,0.14039072999461663,81.64756592801132
F2,4,GWO,cold_restart,20,5,10,5000,1.0,100,500000,500000,True,100,99,20,1980,15.788439217243166,10.85523503659223,0.08590177759323708,36.25204149899946
F2,4,GWO,previous_best_seeded,20,5,10,5000,1.0,100,500000,500000,True,100,99,20,1980,13.364569833649442,9.483508544706547,0.09401243946792022,33.82035675799125
F2,4,GWO,population_persistence,20,5,10,5000,1.0,100,500000,500000,True,100,99,20,1980,15.144072969076019,13.544105891585566,0.048315930073546065,32.34643220300495
F2,5,PSO,cold_restart,20,5,10,5000,1.0,100,500000,500000,True,100,99,20,1980,15.667900709302085,9.982616892534093,0.11851926758680427,11.010479808988748
F2,3,SGO,population_persistence,20,5,10,5000,1.0,100,500000,500000,True,100,99,20,1980,44.33317747114542,42.63857998779804,0.07155900775900974,82.20269007599563
F2,5,PSO,previous_best_seeded,20,5,10,5000,1.0,100,500000,500000,True,100,99,20,1980,11.524982874463781,7.689639897920439,0.11008315867368752,10.816158654008177
F2,5,PSO,population_persistence,20,5,10,5000,1.0,100,500000,500000,True,100,99,20,1980,59.57017470532952,57.46760110314416,0.01130484154868809,9.993611702011549
F2,5,GWO,cold_restart,20,5,10,5000,1.0,100,500000,500000,True,100,99,20,1980,14.907419697221421,10.208001252840841,0.08305643982596497,32.701773095002864
F2,3,WOA,previous_best_seeded,20,5,10,5000,1.0,100,500000,500000,True,100,99,20,1980,16.227992476714977,15.304540080760134,0.10309359582195798,67.51627773899236
F2,5,GWO,previous_best_seeded,20,5,10,5000,1.0,100,500000,500000,True,100,99,20,1980,13.75547264273756,10.524762277612597,0.08125777546737808,35.419122438004706
F2,3,WOA,cold_restart,20,5,10,5000,1.0,100,500000,500000,True,100,99,20,1980,27.572404711415835,26.072526678225273,0.11276484829481555,79.46608057200501
F2,5,GWO,population_persistence,20,5,10,5000,1.0,100,500000,500000,True,100,99,20,1980,24.419267048316357,22.96138792589113,0.02676369624912817,38.05924383099773
F2,4,SGO,cold_restart,20,5,10,5000,1.0,100,500000,500000,True,100,99,20,1980,25.52082534536008,22.654768608255008,0.14944447159031324,79.20491893900908
F2,6,PSO,cold_restart,20,5,10,5000,1.0,100,500000,500000,True,100,99,20,1980,15.600692581696775,8.237389196617169,0.13003294436961946,11.10059670699411
F2,3,WOA,population_persistence,20,5,10,5000,1.0,100,500000,500000,True,100,99,20,1980,37.29260912521171,36.031692950406,0.05696124803637054,81.88519077000092
F2,4,SGO,population_persistence,20,5,10,5000,1.0,100,500000,500000,True,100,99,20,1980,32.8984310529814,31.87162198776991,0.05535644898805208,80.25788487099635
F2,4,SGO,previous_best_seeded,20,5,10,5000,1.0,100,500000,500000,True,100,99,20,1980,20.353783664645537,18.172857390821147,0.15676740693313865,82.61324921899359
F2,6,PSO,population_persistence,20,5,10,5000,1.0,100,500000,500000,True,100,99,20,1980,18.623909937148614,18.026747980164906,0.006614505799186736,9.502588745992398
F2,6,PSO,previous_best_seeded,20,5,10,5000,1.0,100,500000,500000,True,100,99,20,1980,9.894191923882678,5.01538397304464,0.13285929101644256,10.234983356000157
F2,4,WOA,previous_best_seeded,20,5,10,5000,1.0,100,500000,500000,True,100,99,20,1980,18.051421680005706,17.39376235447028,0.1191948364250964,73.30515354999807
F2,4,WOA,cold_restart,20,5,10,5000,1.0,100,500000,500000,True,100,99,20,1980,22.5707954626067,20.64692542545374,0.11953519817447518,77.84622000200034
F2,4,WOA,population_persistence,20,5,10,5000,1.0,100,500000,500000,True,100,99,20,1980,34.553051817894385,33.780532539440046,0.07474307130558626,73.35961474898795
F2,6,GWO,cold_restart,20,5,10,5000,1.0,100,500000,500000,True,100,99,20,1980,15.936712299425949,11.040587926062056,0.08226905862904099,35.914685759998974
F2,6,GWO,population_persistence,20,5,10,5000,1.0,100,500000,500000,True,100,99,20,1980,29.662517826575872,28.383948299404395,0.033109953759455746,34.08269129900145
F2,6,GWO,previous_best_seeded,20,5,10,5000,1.0,100,500000,500000,True,100,99,20,1980,10.882008208584908,6.761561170780647,0.08904613747461783,35.31722312500642
F2,7,PSO,cold_restart,20,5,10,5000,1.0,100,500000,500000,True,100,99,20,1980,14.859825369677827,8.51495868669876,0.1274496130094059,10.268455177996657
F2,5,SGO,population_persistence,20,5,10,5000,1.0,100,500000,500000,True,100,99,20,1980,29.520928011165093,28.543794325718505,0.10381185176473054,82.6553120430035
F2,7,PSO,previous_best_seeded,20,5,10,5000,1.0,100,500000,500000,True,100,99,20,1980,10.619153207564056,6.2961314987281325,0.12943160127267012,11.477577847006614
F2,5,SGO,cold_restart,20,5,10,5000,1.0,100,500000,500000,True,100,99,20,1980,26.39916722740462,23.438063029571158,0.14416118597819413,88.8375776130124
F2,5,WOA,population_persistence,20,5,10,5000,1.0,100,500000,500000,True,100,99,20,1980,35.217553931834765,34.135231019468684,0.08175624878868738,66.75544692699623
F2,5,SGO,previous_best_seeded,20,5,10,5000,1.0,100,500000,500000,True,100,99,20,1980,19.295456699103894,17.49835777829269,0.18005814493614505,89.47808884400001
F2,7,PSO,population_persistence,20,5,10,5000,1.0,100,500000,500000,True,100,99,20,1980,15.916027808540576,15.575600582158993,0.008634528187559217,10.148793982996722
F2,5,WOA,previous_best_seeded,20,5,10,5000,1.0,100,500000,500000,True,100,99,20,1980,17.59945580227679,16.492057096972243,0.12518708206992807,74.87154701599502
F2,5,WOA,cold_restart,20,5,10,5000,1.0,100,500000,500000,True,100,99,20,1980,26.342543362731647,24.75933752796551,0.1213553991098208,84.62333935999777
F2,7,GWO,previous_best_seeded,20,5,10,5000,1.0,100,500000,500000,True,100,99,20,1980,13.893922553072102,10.234690463269823,0.09025925608933079,30.929855225011124
F2,7,GWO,cold_restart,20,5,10,5000,1.0,100,500000,500000,True,100,99,20,1980,14.702193095783922,10.387271376639108,0.08321079339685458,31.84051127800194
F2,6,SGO,previous_best_seeded,20,5,10,5000,1.0,100,500000,500000,True,100,99,20,1980,22.813702002853518,20.771988381341334,0.15529665599856968,78.56572099600453
F2,7,GWO,population_persistence,20,5,10,5000,1.0,100,500000,500000,True,100,99,20,1980,42.83376171991258,41.598804936586745,0.012061948096748216,42.11063592300343
F2,8,PSO,cold_restart,20,5,10,5000,1.0,100,500000,500000,True,100,99,20,1980,16.44411850475145,10.855062533689004,0.1224141444578997,11.523719965000055
F2,8,PSO,previous_best_seeded,20,5,10,5000,1.0,100,500000,500000,True,100,99,20,1980,16.763018185483446,11.948634878365313,0.11661084466183147,10.34893576700415
F2,6,SGO,cold_restart,20,5,10,5000,1.0,100,500000,500000,True,100,99,20,1980,26.49318479862705,23.634787862652107,0.14166316871769546,92.82875896799669
F2,6,WOA,cold_restart,20,5,10,5000,1.0,100,500000,500000,True,100,99,20,1980,26.387609554763944,24.741606508346866,0.1158946424833357,69.89350885900785
F2,8,PSO,population_persistence,20,5,10,5000,1.0,100,500000,500000,True,100,99,20,1980,11.626351842794378,11.200069944132307,0.007173252451755448,11.911354509997182
F2,6,SGO,population_persistence,20,5,10,5000,1.0,100,500000,500000,True,100,99,20,1980,36.60451148717292,35.14624944509711,0.07272665998800337,92.18054207699606
F2,6,WOA,previous_best_seeded,20,5,10,5000,1.0,100,500000,500000,True,100,99,20,1980,22.529040979210375,21.468049084015146,0.11876743839906108,71.4738305649953
F2,8,GWO,cold_restart,20,5,10,5000,1.0,100,500000,500000,True,100,99,20,1980,14.354488195856106,9.748306275070277,0.08302789801950484,31.189227747003315
F2,6,WOA,population_persistence,20,5,10,5000,1.0,100,500000,500000,True,100,99,20,1980,34.29916465420861,32.87383645431766,0.07104708969586841,74.24918711200007
F2,8,GWO,previous_best_seeded,20,5,10,5000,1.0,100,500000,500000,True,100,99,20,1980,13.647997163684382,9.703884732595311,0.09059028467987822,31.38060574499832
F2,8,GWO,population_persistence,20,5,10,5000,1.0,100,500000,500000,True,100,99,20,1980,12.94550440639173,11.553041739092953,0.04425734245119046,33.09754027098825
F2,9,PSO,cold_restart,20,5,10,5000,1.0,100,500000,500000,True,100,99,20,1980,14.755044540102329,8.967059415825787,0.11895033131226693,9.37263507800526
F2,7,SGO,previous_best_seeded,20,5,10,5000,1.0,100,500000,500000,True,100,99,20,1980,16.78298471907421,14.603335854741234,0.1476166495041795,81.61307214200497
F2,9,PSO,previous_best_seeded,20,5,10,5000,1.0,100,500000,500000,True,100,99,20,1980,11.386641580366504,6.9068814099322795,0.11669837233194207,9.679895178996958
F2,7,SGO,cold_restart,20,5,10,5000,1.0,100,500000,500000,True,100,99,20,1980,24.02670186461556,21.206887297648873,0.1387590235980682,83.26147563800623
F2,7,WOA,cold_restart,20,5,10,5000,1.0,100,500000,500000,True,100,99,20,1980,24.963665046004603,23.233742245427756,0.11708724303792639,66.92649858200457
F2,9,PSO,population_persistence,20,5,10,5000,1.0,100,500000,500000,True,100,99,20,1980,16.89710840652504,16.520141182778882,0.011340729565474834,9.222018939006375
F2,7,SGO,population_persistence,20,5,10,5000,1.0,100,500000,500000,True,100,99,20,1980,32.11133752938617,31.692252875574418,0.0692436437143991,87.32543179599452
F2,7,WOA,population_persistence,20,5,10,5000,1.0,100,500000,500000,True,100,99,20,1980,27.568606362826,26.42894542741622,0.06669377874479714,69.21963812300237
F2,9,GWO,previous_best_seeded,20,5,10,5000,1.0,100,500000,500000,True,100,99,20,1980,15.866005027684317,12.5553231882606,0.0808839530615833,31.41623244600487
F2,9,GWO,population_persistence,20,5,10,5000,1.0,100,500000,500000,True,100,99,20,1980,26.84659523685682,25.919152753603615,0.0202083782423824,33.164313282002695
F2,9,GWO,cold_restart,20,5,10,5000,1.0,100,500000,500000,True,100,99,20,1980,13.90942152957818,9.608602908106144,0.08127348996903035,36.97244818598847
F2,7,WOA,previous_best_seeded,20,5,10,5000,1.0,100,500000,500000,True,100,99,20,1980,14.864130723456155,13.955869661036159,0.11472115801245951,79.23559221799951
F2,8,SGO,previous_best_seeded,20,5,10,5000,1.0,100,500000,500000,True,100,99,20,1980,21.414255845110112,19.213832870795162,0.1461937203295557,76.23530208900047
F2,8,SGO,cold_restart,20,5,10,5000,1.0,100,500000,500000,True,100,99,20,1980,24.162164207583718,21.30565534394699,0.14578425010592053,83.6429146790033
F2,8,SGO,population_persistence,20,5,10,5000,1.0,100,500000,500000,True,100,99,20,1980,59.919521770205286,57.55594539143508,0.05205922964415586,81.71434175799368
F2,10,PSO,previous_best_seeded,20,5,10,5000,1.0,100,500000,500000,True,100,99,20,1980,13.332893443856198,10.082269929183868,0.12132545614953275,10.437418168992735
F2,10,PSO,cold_restart,20,5,10,5000,1.0,100,500000,500000,True,100,99,20,1980,13.135327328991496,7.585723486970718,0.12297207803772083,11.568642886995804
F2,10,PSO,population_persistence,20,5,10,5000,1.0,100,500000,500000,True,100,99,20,1980,14.378952738439777,14.070635317856976,0.015551521140088629,10.019208914993214
F2,8,WOA,previous_best_seeded,20,5,10,5000,1.0,100,500000,500000,True,100,99,20,1980,25.38727360470379,23.838481798227814,0.12222823846584979,72.27504120100639
F2,8,WOA,cold_restart,20,5,10,5000,1.0,100,500000,500000,True,100,99,20,1980,24.48519605247204,22.64309363010061,0.11826375748440997,74.36882633100322
F2,10,GWO,cold_restart,20,5,10,5000,1.0,100,500000,500000,True,100,99,20,1980,16.227257871604998,12.371618242010602,0.07721212057343708,34.18953832000261
F2,10,GWO,population_persistence,20,5,10,5000,1.0,100,500000,500000,True,100,99,20,1980,29.399867918589965,28.146076441422245,0.02672668043748836,31.186352018004982
F2,10,GWO,previous_best_seeded,20,5,10,5000,1.0,100,500000,500000,True,100,99,20,1980,13.26721021531734,10.501022538622243,0.0837638027067723,37.90560348700092
F2,8,WOA,population_persistence,20,5,10,5000,1.0,100,500000,500000,True,100,99,20,1980,43.913367321053926,43.16930775749825,0.07081216546825592,79.54418233199976
F2,9,SGO,population_persistence,20,5,10,5000,1.0,100,500000,500000,True,100,99,20,1980,39.1252636794063,38.308664987675286,0.0798401820883386,72.64781986598973
F2,9,SGO,cold_restart,20,5,10,5000,1.0,100,500000,500000,True,100,99,20,1980,23.4699683279154,20.369598612009096,0.14528954031585462,79.38033054499829
F2,9,SGO,previous_best_seeded,20,5,10,5000,1.0,100,500000,500000,True,100,99,20,1980,16.09971866611269,14.113188693722112,0.1707070734669162,79.78690736299905
F2,9,WOA,population_persistence,20,5,10,5000,1.0,100,500000,500000,True,100,99,20,1980,53.61191505080348,52.90523675346395,0.06057274965312662,62.83133039700624
F2,11,PSO,population_persistence,20,5,10,5000,1.0,100,500000,500000,True,100,99,20,1980,23.725843676436003,23.15297079389442,0.01059433375365038,9.267966906001675
F2,11,PSO,cold_restart,20,5,10,5000,1.0,100,500000,500000,True,100,99,20,1980,14.23124746737464,7.89632054421876,0.11990770757656054,11.87109770999814
F2,11,PSO,previous_best_seeded,20,5,10,5000,1.0,100,500000,500000,True,100,99,20,1980,10.843150299623888,8.021991948452794,0.10948544851922204,11.738372959007393
F2,9,WOA,cold_restart,20,5,10,5000,1.0,100,500000,500000,True,100,99,20,1980,27.13461993603118,25.688232736099682,0.11129726151734232,66.45880989699799
F2,9,WOA,previous_best_seeded,20,5,10,5000,1.0,100,500000,500000,True,100,99,20,1980,15.895580017917368,14.95050444396205,0.11798608744510762,67.26605983800255
F2,11,GWO,previous_best_seeded,20,5,10,5000,1.0,100,500000,500000,True,100,99,20,1980,13.148407534388973,9.994651064455134,0.07892629649360643,29.877282005007146
F2,11,GWO,cold_restart,20,5,10,5000,1.0,100,500000,500000,True,100,99,20,1980,16.171591116953262,11.909096577401996,0.0806284503084876,36.923753191993455
F2,10,SGO,previous_best_seeded,20,5,10,5000,1.0,100,500000,500000,True,100,99,20,1980,23.42474834947913,21.330236901612093,0.13456199642029185,75.75169633299811
F2,11,GWO,population_persistence,20,5,10,5000,1.0,100,500000,500000,True,100,99,20,1980,21.875289079182096,19.962950722748495,0.03367268508697826,36.25993296201341
F2,10,SGO,cold_restart,20,5,10,5000,1.0,100,500000,500000,True,100,99,20,1980,27.11555878438443,24.795929794576573,0.1229426759960757,80.71553250099532
F2,10,SGO,population_persistence,20,5,10,5000,1.0,100,500000,500000,True,100,99,20,1980,51.96566190203485,50.2527615422496,0.03771764563468829,77.48831889999565
F2,12,PSO,previous_best_seeded,20,5,10,5000,1.0,100,500000,500000,True,100,99,20,1980,12.600609440796257,9.625378274178129,0.1066816772391875,9.263877684003091
F2,10,WOA,population_persistence,20,5,10,5000,1.0,100,500000,500000,True,100,99,20,1980,39.17560209681656,38.286300142441156,0.05552469642180127,62.81291562099068
F2,12,PSO,cold_restart,20,5,10,5000,1.0,100,500000,500000,True,100,99,20,1980,15.23883835707903,9.697687123717833,0.12181194041366154,12.025239834998501
F2,10,WOA,cold_restart,20,5,10,5000,1.0,100,500000,500000,True,100,99,20,1980,28.11424355190671,26.343055398998317,0.11533668244044959,66.56933375500375
F2,12,GWO,previous_best_seeded,20,5,10,5000,1.0,100,500000,500000,True,100,99,20,1980,13.221985031402674,10.13161208562077,0.0814694824929949,28.950488540998776
F2,12,PSO,population_persistence,20,5,10,5000,1.0,100,500000,500000,True,100,99,20,1980,30.054877020130846,29.050145467847283,0.016056628835913033,10.509543239008053
F2,10,WOA,previous_best_seeded,20,5,10,5000,1.0,100,500000,500000,True,100,99,20,1980,13.469195511458162,12.956312417237003,0.10946155866268037,70.99423876999936
F2,12,GWO,cold_restart,20,5,10,5000,1.0,100,500000,500000,True,100,99,20,1980,15.13333031655798,11.04090269258269,0.08041128909763927,36.636297170000034
F2,12,GWO,population_persistence,20,5,10,5000,1.0,100,500000,500000,True,100,99,20,1980,37.46199674090905,36.465418664179445,0.01784497552444417,29.683009771993966
F2,11,SGO,previous_best_seeded,20,5,10,5000,1.0,100,500000,500000,True,100,99,20,1980,26.111251604178563,23.04521528671112,0.1540532032594188,74.93039339099778
F2,13,PSO,cold_restart,20,5,10,5000,1.0,100,500000,500000,True,100,99,20,1980,16.462315827761355,10.27013219854464,0.12339729335555359,10.58375318000617
F2,13,PSO,previous_best_seeded,20,5,10,5000,1.0,100,500000,500000,True,100,99,20,1980,11.461800294286919,6.925569560357734,0.12601249950647456,10.740970330007258
F2,13,PSO,population_persistence,20,5,10,5000,1.0,100,500000,500000,True,100,99,20,1980,121.88210912927073,120.66819853575595,0.01296657294054157,11.052850505991955
F2,11,SGO,cold_restart,20,5,10,5000,1.0,100,500000,500000,True,100,99,20,1980,29.546223130934774,26.40821554183283,0.15158924076068905,90.56984232700779
F2,11,SGO,population_persistence,20,5,10,5000,1.0,100,500000,500000,True,100,99,20,1980,56.8578324117121,55.155628166885066,0.07607753470340901,82.1852614100062
F2,13,GWO,previous_best_seeded,20,5,10,5000,1.0,100,500000,500000,True,100,99,20,1980,12.724322747694373,9.453188612154364,0.08718586016956668,30.767668291999144
F2,13,GWO,cold_restart,20,5,10,5000,1.0,100,500000,500000,True,100,99,20,1980,14.438044247348733,10.063971472772163,0.08392534887425344,31.39850114499859
F2,11,WOA,previous_best_seeded,20,5,10,5000,1.0,100,500000,500000,True,100,99,20,1980,17.65984978563979,17.09282687596267,0.10833033110725525,67.14815349799755
F2,11,WOA,population_persistence,20,5,10,5000,1.0,100,500000,500000,True,100,99,20,1980,36.26566598953769,34.91351902297737,0.07899332084406109,71.38822871899174
F2,11,WOA,cold_restart,20,5,10,5000,1.0,100,500000,500000,True,100,99,20,1980,27.805648499639414,25.635835316480563,0.11566728529720742,76.75361171699478
F2,12,SGO,population_persistence,20,5,10,5000,1.0,100,500000,500000,True,100,99,20,1980,57.04473014118059,55.8331522789049,0.02844448290859697,73.97286050800176
F2,13,GWO,population_persistence,20,5,10,5000,1.0,100,500000,500000,True,100,99,20,1980,28.435494584917453,27.396003561463885,0.02290612176694831,38.706895429000724
F2,12,SGO,previous_best_seeded,20,5,10,5000,1.0,100,500000,500000,True,100,99,20,1980,19.487333089489496,17.352865516589247,0.14048720242518017,76.4556525950029
F2,14,PSO,cold_restart,20,5,10,5000,1.0,100,500000,500000,True,100,99,20,1980,16.913057868496217,10.430923014040129,0.12470184549818503,10.014288452992332
F2,12,SGO,cold_restart,20,5,10,5000,1.0,100,500000,500000,True,100,99,20,1980,25.767574815118536,23.330562663794826,0.12792137261303319,82.91078737100179
F2,12,WOA,previous_best_seeded,20,5,10,5000,1.0,100,500000,500000,True,100,99,20,1980,18.789378031250163,17.865263272071278,0.12052736418036902,61.42042599301203
F2,14,PSO,previous_best_seeded,20,5,10,5000,1.0,100,500000,500000,True,100,99,20,1980,12.977107573901804,8.591065282435716,0.11244584338209393,10.36338341300143
F2,14,PSO,population_persistence,20,5,10,5000,1.0,100,500000,500000,True,100,99,20,1980,17.176030955833934,16.507237921625983,0.008854025286602788,10.324774354012334
F2,12,WOA,cold_restart,20,5,10,5000,1.0,100,500000,500000,True,100,99,20,1980,25.79718218862913,24.113902727627586,0.11196813175706016,68.7107806540007
F2,12,WOA,population_persistence,20,5,10,5000,1.0,100,500000,500000,True,100,99,20,1980,31.597717119548477,30.33053928327142,0.06493270984685906,64.18491250299849
F2,14,GWO,cold_restart,20,5,10,5000,1.0,100,500000,500000,True,100,99,20,1980,17.36919130520998,12.472507875499414,0.08455144488883724,30.274966490003862
F2,14,GWO,previous_best_seeded,20,5,10,5000,1.0,100,500000,500000,True,100,99,20,1980,13.686321285804171,10.083325290594145,0.0901277907471071,32.73903148199315
F2,13,SGO,cold_restart,20,5,10,5000,1.0,100,500000,500000,True,100,99,20,1980,24.54802981739998,21.62575655118026,0.13998129735427764,71.44052643301256
F2,14,GWO,population_persistence,20,5,10,5000,1.0,100,500000,500000,True,100,99,20,1980,15.708513661572251,14.179796005336698,0.04335192668198416,33.10266169400711
F2,15,PSO,cold_restart,20,5,10,5000,1.0,100,500000,500000,True,100,99,20,1980,15.260176559716903,9.374078056004784,0.11841282583727458,9.545338094001636
F2,15,PSO,previous_best_seeded,20,5,10,5000,1.0,100,500000,500000,True,100,99,20,1980,12.742136117604616,8.420630255706111,0.1145139030360426,9.398833883009502
F2,13,WOA,cold_restart,20,5,10,5000,1.0,100,500000,500000,True,100,99,20,1980,27.812617011901743,26.024876406093885,0.11596949239307797,63.09295002100407
F2,13,SGO,population_persistence,20,5,10,5000,1.0,100,500000,500000,True,100,99,20,1980,41.72268069044754,40.25058795997611,0.08367544839868508,83.72008488599386
F2,15,PSO,population_persistence,20,5,10,5000,1.0,100,500000,500000,True,100,99,20,1980,15.236216476076114,14.910657369335247,0.014628534541131541,10.440728077999665
F2,13,WOA,previous_best_seeded,20,5,10,5000,1.0,100,500000,500000,True,100,99,20,1980,22.55341961258855,21.711099454270382,0.12067999751482975,63.76152614901366
F2,13,SGO,previous_best_seeded,20,5,10,5000,1.0,100,500000,500000,True,100,99,20,1980,22.041591640270703,18.932857507659463,0.17115361843300364,87.84797480999259
F2,15,GWO,previous_best_seeded,20,5,10,5000,1.0,100,500000,500000,True,100,99,20,1980,12.968980236366146,8.615284130441614,0.09516655038667798,29.244515936996322
F2,13,WOA,population_persistence,20,5,10,5000,1.0,100,500000,500000,True,100,99,20,1980,31.860567757685384,30.644343518739266,0.07452886914806549,67.65902808100509
F2,15,GWO,cold_restart,20,5,10,5000,1.0,100,500000,500000,True,100,99,20,1980,15.784000936297726,10.816147240793148,0.08746180730851648,30.723928382998565
F2,15,GWO,population_persistence,20,5,10,5000,1.0,100,500000,500000,True,100,99,20,1980,14.961820728546535,13.879336245475015,0.04076920170820618,29.791093014995568
F2,16,PSO,cold_restart,20,5,10,5000,1.0,100,500000,500000,True,100,99,20,1980,14.656714331745063,7.640323356762616,0.12925955310146142,9.507533027004683
F2,16,PSO,previous_best_seeded,20,5,10,5000,1.0,100,500000,500000,True,100,99,20,1980,13.041927312172145,7.447695216084478,0.1287813691437511,9.654536403992097
F2,14,SGO,cold_restart,20,5,10,5000,1.0,100,500000,500000,True,100,99,20,1980,27.804986536107865,24.947858709064562,0.15101436163548215,81.47942263999721
F2,16,PSO,population_persistence,20,5,10,5000,1.0,100,500000,500000,True,100,99,20,1980,16.049224783263043,15.552702939475218,0.010643380899112825,9.321105950992205
F2,14,SGO,population_persistence,20,5,10,5000,1.0,100,500000,500000,True,100,99,20,1980,25.402463331328594,24.082662330010574,0.17077389111147087,84.54904337199696
F2,14,WOA,cold_restart,20,5,10,5000,1.0,100,500000,500000,True,100,99,20,1980,29.609389430539554,27.624640681046575,0.11647307432716518,71.29267329499999
F2,16,GWO,population_persistence,20,5,10,5000,1.0,100,500000,500000,True,100,99,20,1980,29.33700461902239,27.84143216184951,0.024022711461281595,29.50806097399618
F2,16,GWO,previous_best_seeded,20,5,10,5000,1.0,100,500000,500000,True,100,99,20,1980,17.326181214449473,14.164489752447187,0.08121950319480317,29.895403645001352
F2,14,WOA,previous_best_seeded,20,5,10,5000,1.0,100,500000,500000,True,100,99,20,1980,15.977505306425478,15.209866075990467,0.12004349775172905,70.22722140999394
F2,16,GWO,cold_restart,20,5,10,5000,1.0,100,500000,500000,True,100,99,20,1980,17.155689514968827,12.811453698986634,0.08155192890928108,35.49756186299783
F2,14,SGO,previous_best_seeded,20,5,10,5000,1.0,100,500000,500000,True,100,99,20,1980,18.184747894409426,15.794941078912373,0.18149450068699574,91.29766935099906
F2,14,WOA,population_persistence,20,5,10,5000,1.0,100,500000,500000,True,100,99,20,1980,25.116345742999417,24.45636352913799,0.07495853557195584,71.12135982899053
F2,15,SGO,cold_restart,20,5,10,5000,1.0,100,500000,500000,True,100,99,20,1980,26.988644179341247,23.825554770757616,0.18527179274478608,73.41334144299617
F2,17,PSO,cold_restart,20,5,10,5000,1.0,100,500000,500000,True,100,99,20,1980,16.469140895096597,11.358166275843391,0.11475923391679342,10.484193836004124
F2,17,PSO,previous_best_seeded,20,5,10,5000,1.0,100,500000,500000,True,100,99,20,1980,15.39115086620856,10.787049424372347,0.1197960687596664,9.359005111997249
F2,15,SGO,previous_best_seeded,20,5,10,5000,1.0,100,500000,500000,True,100,99,20,1980,19.147437014444545,16.644128170439075,0.19702734196872346,79.30499702300585
F2,15,SGO,population_persistence,20,5,10,5000,1.0,100,500000,500000,True,100,99,20,1980,40.53148998420766,39.03296341507968,0.11672429075119721,79.64418174499588
F2,17,PSO,population_persistence,20,5,10,5000,1.0,100,500000,500000,True,100,99,20,1980,17.120264883914967,16.680531616625924,0.008322630677378326,9.475605088999146
F2,15,WOA,cold_restart,20,5,10,5000,1.0,100,500000,500000,True,100,99,20,1980,28.95892069129553,27.04685012007881,0.11517648407555447,65.45811085800233
F2,15,WOA,previous_best_seeded,20,5,10,5000,1.0,100,500000,500000,True,100,99,20,1980,17.81861360533221,17.165714518854866,0.11275558631776639,66.8699877540057
F2,17,GWO,cold_restart,20,5,10,5000,1.0,100,500000,500000,True,100,99,20,1980,16.808743461498707,11.54013668087749,0.08719033332993992,30.236168429997633
F2,17,GWO,previous_best_seeded,20,5,10,5000,1.0,100,500000,500000,True,100,99,20,1980,16.237371755606407,12.133390108438562,0.10338043296488154,31.21436692000134
F2,15,WOA,population_persistence,20,5,10,5000,1.0,100,500000,500000,True,100,99,20,1980,40.35049676653932,38.46542390030853,0.07257480046732274,73.1541470259981
F2,17,GWO,population_persistence,20,5,10,5000,1.0,100,500000,500000,True,100,99,20,1980,21.334467303465058,19.693180936548487,0.0353042860663868,35.297229054005584
F2,16,SGO,population_persistence,20,5,10,5000,1.0,100,500000,500000,True,100,99,20,1980,31.07746693922989,29.585284018814505,0.11067934929163178,77.93017087699263
F2,18,PSO,cold_restart,20,5,10,5000,1.0,100,500000,500000,True,100,99,20,1980,14.812382515392953,7.507016093181753,0.13009810550559775,9.679847090999829
F2,18,PSO,previous_best_seeded,20,5,10,5000,1.0,100,500000,500000,True,100,99,20,1980,15.730725832286199,11.147349464858442,0.13074122027910226,10.605254916998092
F2,16,SGO,previous_best_seeded,20,5,10,5000,1.0,100,500000,500000,True,100,99,20,1980,22.583044671851688,20.18007172680059,0.15998220487922912,84.05165080599545
F2,16,WOA,cold_restart,20,5,10,5000,1.0,100,500000,500000,True,100,99,20,1980,27.549202744027614,25.98020232282918,0.11553979991254079,65.97622637999302
F2,16,WOA,previous_best_seeded,20,5,10,5000,1.0,100,500000,500000,True,100,99,20,1980,19.719315963062225,18.992426921429615,0.11085062126529666,62.52284787100507
F2,16,SGO,cold_restart,20,5,10,5000,1.0,100,500000,500000,True,100,99,20,1980,25.194203624872333,21.818013791221986,0.15649368533190783,87.85642364299565
F2,18,PSO,population_persistence,20,5,10,5000,1.0,100,500000,500000,True,100,99,20,1980,15.573858049402164,15.17203185096884,0.009687289998107413,10.108248384000035
F2,18,GWO,cold_restart,20,5,10,5000,1.0,100,500000,500000,True,100,99,20,1980,14.235159546241578,9.79642846495255,0.07886184364221194,30.268176266996306
F2,16,WOA,population_persistence,20,5,10,5000,1.0,100,500000,500000,True,100,99,20,1980,20.11763902604327,19.33375971320248,0.07037902304043187,68.60806253898772
F2,18,GWO,previous_best_seeded,20,5,10,5000,1.0,100,500000,500000,True,100,99,20,1980,12.666798853708835,8.935705080328571,0.09669823903931023,30.878552609996404
F2,18,GWO,population_persistence,20,5,10,5000,1.0,100,500000,500000,True,100,99,20,1980,20.070598415783497,18.793081750606746,0.03243423572030686,35.116299658999196
F2,19,PSO,cold_restart,20,5,10,5000,1.0,100,500000,500000,True,100,99,20,1980,13.49303872240981,7.168127069261841,0.12739276807826524,11.041424413997447
F2,17,WOA,cold_restart,20,5,10,5000,1.0,100,500000,500000,True,100,99,20,1980,29.232222721305117,27.1973401027686,0.12048895760622585,64.57616365699505
F2,19,PSO,previous_best_seeded,20,5,10,5000,1.0,100,500000,500000,True,100,99,20,1980,11.013713482480904,6.1738860848073855,0.12674609276825954,9.81435754999984
F2,17,WOA,previous_best_seeded,20,5,10,5000,1.0,100,500000,500000,True,100,99,20,1980,25.056486502247274,23.947798967802893,0.125689060379353,65.1375552170066
F2,17,SGO,previous_best_seeded,20,5,10,5000,1.0,100,500000,500000,True,100,99,20,1980,22.030081997059305,19.72887011449651,0.2265052778767104,80.3673408679897
F2,17,WOA,population_persistence,20,5,10,5000,1.0,100,500000,500000,True,100,99,20,1980,51.28485380287135,49.41670858711657,0.06789664018854444,64.32295826400514
F2,19,PSO,population_persistence,20,5,10,5000,1.0,100,500000,500000,True,100,99,20,1980,98.86644811927887,96.07732292878843,0.014312959189087527,10.4851487630076
F2,19,GWO,cold_restart,20,5,10,5000,1.0,100,500000,500000,True,100,99,20,1980,14.688485115644925,10.392611021167124,0.08255093985171796,30.587910176996957
F2,17,SGO,cold_restart,20,5,10,5000,1.0,100,500000,500000,True,100,99,20,1980,30.278892112696347,26.483808982910453,0.19309788451718748,88.11590900800365
F2,19,GWO,previous_best_seeded,20,5,10,5000,1.0,100,500000,500000,True,100,99,20,1980,12.406949562207256,8.513672235167663,0.08522400902918024,32.94811358601146
F2,19,GWO,population_persistence,20,5,10,5000,1.0,100,500000,500000,True,100,99,20,1980,23.057498481495422,22.07756844258823,0.022899800346300583,30.627454480010783
F2,17,SGO,population_persistence,20,5,10,5000,1.0,100,500000,500000,True,100,99,20,1980,40.03559050584953,39.224940250159904,0.2064093591985969,94.61577106600453
F2,18,SGO,cold_restart,20,5,10,5000,1.0,100,500000,500000,True,100,99,20,1980,23.78671803181254,20.607587356387135,0.15069863202103148,82.11654255600297
F2,20,PSO,cold_restart,20,5,10,5000,1.0,100,500000,500000,True,100,99,20,1980,15.040606548979696,8.837796547093083,0.1250218694853367,8.92619260698848
F2,20,PSO,population_persistence,20,5,10,5000,1.0,100,500000,500000,True,100,99,20,1980,14.970264687596787,14.48909940640201,0.019065397674566182,9.879787034005858
F2,20,PSO,previous_best_seeded,20,5,10,5000,1.0,100,500000,500000,True,100,99,20,1980,11.767248909441488,7.175521295915304,0.12700090458944777,10.9548061240057
F2,20,GWO,cold_restart,20,5,10,5000,1.0,100,500000,500000,True,100,99,20,1980,13.416838129042242,9.320576823693061,0.0805399955266286,27.48215580599208
F2,20,GWO,previous_best_seeded,20,5,10,5000,1.0,100,500000,500000,True,100,99,20,1980,10.070790071031816,6.777290655035511,0.0821693919248041,27.664988831005758
F2,20,GWO,population_persistence,20,5,10,5000,1.0,100,500000,500000,True,100,99,20,1980,41.80261269378666,40.49098070116216,0.016672611200439596,29.645395428990014
F2,18,WOA,previous_best_seeded,20,5,10,5000,1.0,100,500000,500000,True,100,99,20,1980,17.46032899139461,16.621109735368226,0.1104433450220665,58.980337981003686
F2,19,WOA,cold_restart,20,5,10,5000,1.0,100,500000,500000,True,100,99,20,1980,24.319975986016157,22.572143612432015,0.11490560725660015,60.53338229599467
F2,19,WOA,population_persistence,20,5,10,5000,1.0,100,500000,500000,True,100,99,20,1980,26.414595212964652,25.277353584705725,0.07232931138102873,61.80210644399631
F2,20,SGO,previous_best_seeded,20,5,10,5000,1.0,100,500000,500000,True,100,99,20,1980,20.207425135770936,17.684569749387943,0.13716803042849823,68.44995363599446
F2,18,SGO,previous_best_seeded,20,5,10,5000,1.0,100,500000,500000,True,100,99,20,1980,18.61120490515703,16.37824577929426,0.16682079141423992,71.71396672500123
F2,19,SGO,previous_best_seeded,20,5,10,5000,1.0,100,500000,500000,True,100,99,20,1980,15.873933320648739,14.30183503408369,0.15572969796281724,72.88595167601306
F2,20,SGO,population_persistence,20,5,10,5000,1.0,100,500000,500000,True,100,99,20,1980,34.6640652608853,33.125471564681355,0.1131232898095729,73.84157180300099
F2,20,WOA,previous_best_seeded,20,5,10,5000,1.0,100,500000,500000,True,100,99,20,1980,10.704405869017705,10.078537191130255,0.11259483092020864,65.00766513499548
F2,20,WOA,cold_restart,20,5,10,5000,1.0,100,500000,500000,True,100,99,20,1980,27.73688180323554,26.001812823693676,0.11333360991123519,66.26207829400664
F2,19,WOA,previous_best_seeded,20,5,10,5000,1.0,100,500000,500000,True,100,99,20,1980,18.6121281676624,17.78899585852251,0.12049997582238409,76.0278118159913
F2,18,WOA,population_persistence,20,5,10,5000,1.0,100,500000,500000,True,100,99,20,1980,37.59109133202149,36.29001285004981,0.06777499096563859,78.03257070800464
F2,21,PSO,cold_restart,20,5,10,5000,1.0,100,500000,500000,True,100,99,20,1980,15.980634059036188,10.036150631034245,0.11876283232414245,9.910722517000977
F2,18,WOA,cold_restart,20,5,10,5000,1.0,100,500000,500000,True,100,99,20,1980,30.34117578129068,28.80855828260852,0.11456931550894602,79.32667609499185
F2,20,WOA,population_persistence,20,5,10,5000,1.0,100,500000,500000,True,100,99,20,1980,28.193297342440015,27.18993019566442,0.06172030466595261,68.5847693609976
F2,19,SGO,cold_restart,20,5,10,5000,1.0,100,500000,500000,True,100,99,20,1980,25.475352762609212,22.790495430053667,0.14047004168927246,79.84506568899087
F2,18,SGO,population_persistence,20,5,10,5000,1.0,100,500000,500000,True,100,99,20,1980,38.569134760552586,38.15902537710771,0.08622023983531704,80.09416369099927
F2,21,PSO,previous_best_seeded,20,5,10,5000,1.0,100,500000,500000,True,100,99,20,1980,14.668549443244968,11.141857119662047,0.10263408140183361,9.988715077008237
F2,21,PSO,population_persistence,20,5,10,5000,1.0,100,500000,500000,True,100,99,20,1980,15.672611802213089,15.237860160891966,0.014263870232462113,9.307283215006464
F2,20,SGO,cold_restart,20,5,10,5000,1.0,100,500000,500000,True,100,99,20,1980,24.66194979063464,21.684237895439654,0.1356075519255234,84.0719469649921
F2,19,SGO,population_persistence,20,5,10,5000,1.0,100,500000,500000,True,100,99,20,1980,19.085881515054815,18.31806385572517,0.13351865735758323,87.46344417400542
F2,21,GWO,previous_best_seeded,20,5,10,5000,1.0,100,500000,500000,True,100,99,20,1980,12.739123075886466,8.4877207579839,0.0926941394224627,29.530033350994927
F2,22,PSO,cold_restart,20,5,10,5000,1.0,100,500000,500000,True,100,99,20,1980,14.433906634006997,9.33719613753167,0.11336952405496406,10.842628154990962
F2,22,PSO,population_persistence,20,5,10,5000,1.0,100,500000,500000,True,100,99,20,1980,8.281143449455458,7.905689494796266,0.00875207221918864,9.185971232989687
F2,21,GWO,population_persistence,20,5,10,5000,1.0,100,500000,500000,True,100,99,20,1980,22.784103769240986,20.678231739755198,0.050649267980937725,29.768961687994306
F2,22,PSO,previous_best_seeded,20,5,10,5000,1.0,100,500000,500000,True,100,99,20,1980,11.844184074460342,7.426286946532661,0.12326464883289123,10.078713404000155
F2,21,GWO,cold_restart,20,5,10,5000,1.0,100,500000,500000,True,100,99,20,1980,16.35438910068476,11.637998812242849,0.08513058120289246,33.25481121700432
F2,21,SGO,cold_restart,20,5,10,5000,1.0,100,500000,500000,True,100,99,20,1980,26.278737195801877,22.26369159331885,0.1818034676995707,69.50133316099527
F2,21,SGO,previous_best_seeded,20,5,10,5000,1.0,100,500000,500000,True,100,99,20,1980,24.786523578126253,21.438933168977133,0.20797076210576054,71.99984802299878
F2,22,GWO,previous_best_seeded,20,5,10,5000,1.0,100,500000,500000,True,100,99,20,1980,13.668674617641646,9.029311117627547,0.09636908860507735,30.736682745991857
F2,23,PSO,cold_restart,20,5,10,5000,1.0,100,500000,500000,True,100,99,20,1980,14.147229943684552,7.354119114503496,0.1333944810431667,11.521053734002635
F2,22,GWO,cold_restart,20,5,10,5000,1.0,100,500000,500000,True,100,99,20,1980,15.398294930711616,10.769856948669906,0.0860106016139175,33.529606758005684
F2,22,GWO,population_persistence,20,5,10,5000,1.0,100,500000,500000,True,100,99,20,1980,10.624434596058626,9.171347111405488,0.04668523411817876,33.60825710500649
F2,21,SGO,population_persistence,20,5,10,5000,1.0,100,500000,500000,True,100,99,20,1980,52.05501296087636,50.26885460013281,0.16191855572401237,85.01868572201056
F2,23,PSO,previous_best_seeded,20,5,10,5000,1.0,100,500000,500000,True,100,99,20,1980,12.270235762253138,7.345146325212918,0.13941113141998926,10.070147855003597
F2,23,PSO,population_persistence,20,5,10,5000,1.0,100,500000,500000,True,100,99,20,1980,14.19977537892471,13.784508090203472,0.011291194567300484,9.300135903991759
F2,23,GWO,population_persistence,20,5,10,5000,1.0,100,500000,500000,True,100,99,20,1980,21.58852996076665,20.378732129787004,0.022260852099162926,29.692853269007173
F2,23,GWO,cold_restart,20,5,10,5000,1.0,100,500000,500000,True,100,99,20,1980,14.114726419097044,9.894897489137614,0.08021172745474152,35.894423635996645
F2,23,GWO,previous_best_seeded,20,5,10,5000,1.0,100,500000,500000,True,100,99,20,1980,11.751190746712101,9.147689651574169,0.07199596923872087,36.90546603700204
F2,21,WOA,population_persistence,20,5,10,5000,1.0,100,500000,500000,True,100,99,20,1980,30.20709229246013,29.31492010948097,0.06573825457753306,60.80800650200399
F2,21,WOA,previous_best_seeded,20,5,10,5000,1.0,100,500000,500000,True,100,99,20,1980,21.03106907331711,20.454542621149972,0.11836981306776455,66.51018755800033
F2,21,WOA,cold_restart,20,5,10,5000,1.0,100,500000,500000,True,100,99,20,1980,31.273245223971895,29.425444785499657,0.11503240715025202,71.99772209500952
F2,24,PSO,cold_restart,20,5,10,5000,1.0,100,500000,500000,True,100,99,20,1980,17.141792396081783,11.698520373692075,0.11244188295722905,11.214503391005564
F2,22,WOA,cold_restart,20,5,10,5000,1.0,100,500000,500000,True,100,99,20,1980,27.1092773791795,25.502736701177447,0.11731607794069032,69.6586813370086
F2,22,WOA,previous_best_seeded,20,5,10,5000,1.0,100,500000,500000,True,100,99,20,1980,17.880766472682037,16.81108833379722,0.1161201306121669,70.67364664000343
F2,24,PSO,previous_best_seeded,20,5,10,5000,1.0,100,500000,500000,True,100,99,20,1980,14.694000524433047,10.922707469056604,0.10823867799484883,12.299516252009198
F2,22,SGO,population_persistence,20,5,10,5000,1.0,100,500000,500000,True,100,99,20,1980,50.514855681684416,49.08837697242534,0.1480945419648018,80.21906026700162
F2,22,SGO,cold_restart,20,5,10,5000,1.0,100,500000,500000,True,100,99,20,1980,26.271660779137306,22.617236290854144,0.1688007773778795,83.12823222999577
F2,22,WOA,population_persistence,20,5,10,5000,1.0,100,500000,500000,True,100,99,20,1980,34.19543606202178,32.96760755353088,0.07314962876723435,72.44366528300452
F2,24,GWO,cold_restart,20,5,10,5000,1.0,100,500000,500000,True,100,99,20,1980,17.60957434127874,12.146798056953894,0.08855661774555672,35.10584597500565
F2,24,GWO,previous_best_seeded,20,5,10,5000,1.0,100,500000,500000,True,100,99,20,1980,13.648380046371408,8.433960364856263,0.09459424670947592,34.4675766480068
F2,24,PSO,population_persistence,20,5,10,5000,1.0,100,500000,500000,True,100,99,20,1980,31.059939145859623,29.735182334003238,0.01999922043842486,11.706847423003637
F2,23,SGO,previous_best_seeded,20,5,10,5000,1.0,100,500000,500000,True,100,99,20,1980,18.1446835283935,16.40015347426935,0.10460384602871277,73.81050855800277
F2,22,SGO,previous_best_seeded,20,5,10,5000,1.0,100,500000,500000,True,100,99,20,1980,20.61214694009734,18.73376990136333,0.15990906182410936,88.82000110100489
F2,24,GWO,population_persistence,20,5,10,5000,1.0,100,500000,500000,True,100,99,20,1980,36.08954129494522,34.817235303700954,0.037808330966391454,33.34554159200343
F2,23,SGO,population_persistence,20,5,10,5000,1.0,100,500000,500000,True,100,99,20,1980,47.98270542970045,46.69193373679004,0.028748463474858797,79.21851556499314
F2,23,SGO,cold_restart,20,5,10,5000,1.0,100,500000,500000,True,100,99,20,1980,19.54522999813406,16.96061384263635,0.11055901432898525,81.4125106749998
F2,23,WOA,previous_best_seeded,20,5,10,5000,1.0,100,500000,500000,True,100,99,20,1980,18.40748283112193,17.82438956453563,0.09972194863536503,60.46562373799679
F2,23,WOA,population_persistence,20,5,10,5000,1.0,100,500000,500000,True,100,99,20,1980,24.58777186463967,23.735143897446473,0.05301873283540784,60.09564899599354
F2,25,PSO,cold_restart,20,5,10,5000,1.0,100,500000,500000,True,100,99,20,1980,15.213283859687566,8.917890200902441,0.12527399146492582,10.854141557996627
F2,25,PSO,previous_best_seeded,20,5,10,5000,1.0,100,500000,500000,True,100,99,20,1980,11.820121357012257,7.332780859522079,0.1163155989113357,10.450327616010327
F2,23,WOA,cold_restart,20,5,10,5000,1.0,100,500000,500000,True,100,99,20,1980,22.88863592660956,20.936266861024087,0.11374798306932303,66.90886718199181
F2,25,PSO,population_persistence,20,5,10,5000,1.0,100,500000,500000,True,100,99,20,1980,19.70901936052786,17.83608606346357,0.04345530588948047,11.412138640997
F2,24,SGO,cold_restart,20,5,10,5000,1.0,100,500000,500000,True,100,99,20,1980,29.4528410895782,25.86989412676285,0.20292183516903423,70.48512648099859
F2,25,GWO,population_persistence,20,5,10,5000,1.0,100,500000,500000,True,100,99,20,1980,29.744052775893906,28.894937281338542,0.012852195290870009,30.13862439499644
F2,25,GWO,cold_restart,20,5,10,5000,1.0,100,500000,500000,True,100,99,20,1980,13.334804944439695,9.307962513606357,0.07657761283307359,38.053152676991886
F2,24,SGO,population_persistence,20,5,10,5000,1.0,100,500000,500000,True,100,99,20,1980,71.66971452051249,70.16923910668979,0.06313384343172933,74.25801495599444
F2,25,GWO,previous_best_seeded,20,5,10,5000,1.0,100,500000,500000,True,100,99,20,1980,15.014287391556035,12.653090934867494,0.0655784480406758,38.866347107992624
F2,26,PSO,cold_restart,20,5,10,5000,1.0,100,500000,500000,True,100,99,20,1980,15.747211582489795,10.226889516419607,0.11532152165084397,10.025932582997484
F2,24,SGO,previous_best_seeded,20,5,10,5000,1.0,100,500000,500000,True,100,99,20,1980,24.850594751467266,21.85375645749004,0.18910079856528414,86.6698320160067
F2,26,PSO,population_persistence,20,5,10,5000,1.0,100,500000,500000,True,100,99,20,1980,26.275155190883016,24.659893258732527,0.040903366513471,9.85997386300005
F2,26,PSO,previous_best_seeded,20,5,10,5000,1.0,100,500000,500000,True,100,99,20,1980,12.944177179663239,9.765714651195035,0.10303915166049868,11.142506332995254
F2,26,GWO,cold_restart,20,5,10,5000,1.0,100,500000,500000,True,100,99,20,1980,14.152948884772375,9.674097570869208,0.08432528177500156,36.03839447700011
F2,26,GWO,previous_best_seeded,20,5,10,5000,1.0,100,500000,500000,True,100,99,20,1980,15.755579570445978,11.791439239121237,0.08748154248258602,38.6331986879959
F2,24,WOA,cold_restart,20,5,10,5000,1.0,100,500000,500000,True,100,99,20,1980,27.8925782497779,26.2641755104961,0.12084153511049524,66.70535496599041
F2,24,WOA,previous_best_seeded,20,5,10,5000,1.0,100,500000,500000,True,100,99,20,1980,26.568652252288913,25.455777486419933,0.1244451814857814,63.47766731199226
F2,26,GWO,population_persistence,20,5,10,5000,1.0,100,500000,500000,True,100,99,20,1980,16.468039659101365,15.161115523867679,0.03275135552344654,30.96930262200476
F2,27,PSO,cold_restart,20,5,10,5000,1.0,100,500000,500000,True,100,99,20,1980,15.23024462159508,8.477657219390037,0.12291481310215817,9.444640260000597
F2,25,WOA,previous_best_seeded,20,5,10,5000,1.0,100,500000,500000,True,100,99,20,1980,18.715837181017907,18.15338553186062,0.10564110876206399,59.632160488996306
F2,25,SGO,previous_best_seeded,20,5,10,5000,1.0,100,500000,500000,True,100,99,20,1980,18.128268275048036,16.74893838521652,0.09693485015011313,72.95579027899657
F2,25,WOA,cold_restart,20,5,10,5000,1.0,100,500000,500000,True,100,99,20,1980,21.980855431870797,19.908225236315076,0.11210907445286813,61.79706455599808
F2,25,SGO,population_persistence,20,5,10,5000,1.0,100,500000,500000,True,100,99,20,1980,29.30730802229764,28.856628568413285,0.043607149345414126,70.30688956000085
F2,25,WOA,population_persistence,20,5,10,5000,1.0,100,500000,500000,True,100,99,20,1980,18.28419665121506,17.94995928421902,0.06727327719189508,62.95704959599243
F2,25,SGO,cold_restart,20,5,10,5000,1.0,100,500000,500000,True,100,99,20,1980,23.131060448100147,20.738071433776398,0.10711858705877216,79.35825517700869
F2,27,PSO,previous_best_seeded,20,5,10,5000,1.0,100,500000,500000,True,100,99,20,1980,14.198365608905114,10.820905391366189,0.1064265536408787,9.546910409000702
F2,27,PSO,population_persistence,20,5,10,5000,1.0,100,500000,500000,True,100,99,20,1980,20.320898185228685,19.90188003508677,0.01854452631078991,10.53572033799719
F2,24,WOA,population_persistence,20,5,10,5000,1.0,100,500000,500000,True,100,99,20,1980,41.459764800309884,40.574471361882495,0.0860688997765339,85.61311489400396
F2,27,GWO,cold_restart,20,5,10,5000,1.0,100,500000,500000,True,100,99,20,1980,16.29605987665086,11.383620571038382,0.08254279117562252,30.135320839995984
F2,27,GWO,population_persistence,20,5,10,5000,1.0,100,500000,500000,True,100,99,20,1980,17.79470526673968,16.384245689548305,0.05177064963907752,29.13987082200765
F2,26,SGO,population_persistence,20,5,10,5000,1.0,100,500000,500000,True,100,99,20,1980,33.180533214097025,31.70902354499394,0.14074818061299113,73.45140678901225
F2,26,SGO,cold_restart,20,5,10,5000,1.0,100,500000,500000,True,100,99,20,1980,27.22083624166438,23.67208399696044,0.17400677127270475,78.31883572900551
F2,27,GWO,previous_best_seeded,20,5,10,5000,1.0,100,500000,500000,True,100,99,20,1980,12.982388223899566,9.146001811604089,0.08989596277140369,37.464421835000394
F2,28,PSO,previous_best_seeded,20,5,10,5000,1.0,100,500000,500000,True,100,99,20,1980,12.64608027041812,9.345370253197732,0.10611301817417285,10.125594209006522
F2,28,PSO,cold_restart,20,5,10,5000,1.0,100,500000,500000,True,100,99,20,1980,16.442173577100537,10.522311333055177,0.11556507718302718,10.44758197698684
F2,26,SGO,previous_best_seeded,20,5,10,5000,1.0,100,500000,500000,True,100,99,20,1980,17.914746477247323,15.477647824094612,0.20559497012569222,86.10291689100268
F2,28,PSO,population_persistence,20,5,10,5000,1.0,100,500000,500000,True,100,99,20,1980,28.270193556324582,27.705633563013503,0.019003443850593084,10.992789848998655
F2,26,WOA,previous_best_seeded,20,5,10,5000,1.0,100,500000,500000,True,100,99,20,1980,23.319090221125798,21.98171828199781,0.11594379337732684,60.92054372999701
F2,28,GWO,previous_best_seeded,20,5,10,5000,1.0,100,500000,500000,True,100,99,20,1980,12.369037183858957,8.5211966851785,0.09148713013656941,29.99730450300558
F2,26,WOA,cold_restart,20,5,10,5000,1.0,100,500000,500000,True,100,99,20,1980,30.436662317837225,28.949408426017982,0.1155289455262511,73.65926102900994
F2,26,WOA,population_persistence,20,5,10,5000,1.0,100,500000,500000,True,100,99,20,1980,20.554760216807306,20.25267224394237,0.07685683644963566,70.09334814299655
F2,28,GWO,cold_restart,20,5,10,5000,1.0,100,500000,500000,True,100,99,20,1980,15.276934160142995,10.134852947701061,0.08632332303087131,36.20572999899741
F2,28,GWO,population_persistence,20,5,10,5000,1.0,100,500000,500000,True,100,99,20,1980,24.501794089835702,22.655951734549333,0.029980589879827338,34.8244481110014
F2,27,SGO,previous_best_seeded,20,5,10,5000,1.0,100,500000,500000,True,100,99,20,1980,21.135404368924185,19.07736185893568,0.15652669017123538,75.50753044000885
F2,29,PSO,cold_restart,20,5,10,5000,1.0,100,500000,500000,True,100,99,20,1980,12.691370094786606,5.753028613917791,0.13687459778673267,11.988980836991686
F2,27,SGO,population_persistence,20,5,10,5000,1.0,100,500000,500000,True,100,99,20,1980,55.355712925956624,53.795475319435916,0.08438245709497152,75.5170852690062
F2,27,WOA,population_persistence,20,5,10,5000,1.0,100,500000,500000,True,100,99,20,1980,26.583511600747393,25.729103384107773,0.07928294687252566,59.48051468799531
F2,29,PSO,previous_best_seeded,20,5,10,5000,1.0,100,500000,500000,True,100,99,20,1980,8.226852245491,3.5685302858532864,0.12836030683940775,9.773845033007092
F2,27,WOA,previous_best_seeded,20,5,10,5000,1.0,100,500000,500000,True,100,99,20,1980,20.3397912880299,19.04005200077402,0.11767428001736842,61.94451003300492
F2,29,PSO,population_persistence,20,5,10,5000,1.0,100,500000,500000,True,100,99,20,1980,10.977861177193006,10.449494586349834,0.010895810315554812,9.201659700003802
F2,27,SGO,cold_restart,20,5,10,5000,1.0,100,500000,500000,True,100,99,20,1980,26.912728912724237,23.864378304260086,0.14108095003127283,86.52046031699865
F2,29,GWO,cold_restart,20,5,10,5000,1.0,100,500000,500000,True,100,99,20,1980,9.661414772766951,6.143074461458493,0.07181928438608595,29.49559600900102
F2,27,WOA,cold_restart,20,5,10,5000,1.0,100,500000,500000,True,100,99,20,1980,31.56134890038813,29.464346815250973,0.11606291936855465,71.51257752899255
F2,28,SGO,population_persistence,20,5,10,5000,1.0,100,500000,500000,True,100,99,20,1980,50.46576879837303,48.77957975152702,0.10163143733753957,68.95577291499649
F2,29,GWO,population_persistence,20,5,10,5000,1.0,100,500000,500000,True,100,99,20,1980,18.74968865362886,17.454150145206867,0.018674036729596034,35.12584639000124
F2,29,GWO,previous_best_seeded,20,5,10,5000,1.0,100,500000,500000,True,100,99,20,1980,8.01036358896665,4.863550732590412,0.07259209250680665,40.27101806399878
F2,30,PSO,cold_restart,20,5,10,5000,1.0,100,500000,500000,True,100,99,20,1980,12.736662535998407,6.334225756909658,0.1275962272456143,9.226651645993115
F2,28,SGO,cold_restart,20,5,10,5000,1.0,100,500000,500000,True,100,99,20,1980,26.360047622810363,23.05370834995178,0.17396292407409614,85.29362952700467
F2,30,PSO,previous_best_seeded,20,5,10,5000,1.0,100,500000,500000,True,100,99,20,1980,9.298124350345477,4.375187913998477,0.12915943196514373,11.330095960001927
F2,28,WOA,previous_best_seeded,20,5,10,5000,1.0,100,500000,500000,True,100,99,20,1980,17.44371182423519,16.30741633758293,0.11451565324486357,63.77607149799587
F2,30,PSO,population_persistence,20,5,10,5000,1.0,100,500000,500000,True,100,99,20,1980,10.996170391845066,10.409314550775687,0.013404446618640082,9.948814236995531
F2,28,SGO,previous_best_seeded,20,5,10,5000,1.0,100,500000,500000,True,100,99,20,1980,21.522711128789812,18.896891812734978,0.16762477411100035,89.8509290439979
F2,28,WOA,population_persistence,20,5,10,5000,1.0,100,500000,500000,True,100,99,20,1980,28.17421141594614,27.328587589625727,0.08087112081984206,67.52584744300111
F2,28,WOA,cold_restart,20,5,10,5000,1.0,100,500000,500000,True,100,99,20,1980,24.094543600958765,22.29888971026035,0.1179108477581404,73.43897402200673
F2,30,GWO,previous_best_seeded,20,5,10,5000,1.0,100,500000,500000,True,100,99,20,1980,10.430304623129249,7.340182055664837,0.08278467547519831,29.86847854599182
F2,30,GWO,cold_restart,20,5,10,5000,1.0,100,500000,500000,True,100,99,20,1980,12.61767343822277,8.316933643095092,0.08094333115670488,37.342798135010526
F2,30,GWO,population_persistence,20,5,10,5000,1.0,100,500000,500000,True,100,99,20,1980,29.230620554974408,27.923259820371005,0.018029491392756388,31.471609739004634
F2,29,SGO,previous_best_seeded,20,5,10,5000,1.0,100,500000,500000,True,100,99,20,1980,15.064875278113046,13.185312737185697,0.09828720911378536,72.31536887299444
F2,29,SGO,population_persistence,20,5,10,5000,1.0,100,500000,500000,True,100,99,20,1980,35.37454248720315,34.612518677085006,0.044764338600452924,72.03046158399957
F2,31,PSO,previous_best_seeded,20,5,10,5000,1.0,100,500000,500000,True,100,99,20,1980,15.251861151295032,10.351597712819375,0.12343919022322938,9.338041041992255
F2,31,PSO,cold_restart,20,5,10,5000,1.0,100,500000,500000,True,100,99,20,1980,16.081621417166986,10.565874826993708,0.11573257108360349,11.002196859990363
F2,31,PSO,population_persistence,20,5,10,5000,1.0,100,500000,500000,True,100,99,20,1980,21.272275524933562,20.705402751190995,0.011870929274254703,9.675575333007146
F2,29,SGO,cold_restart,20,5,10,5000,1.0,100,500000,500000,True,100,99,20,1980,18.21586638069243,15.875164382361238,0.10375153886772186,89.99589325200941
F2,29,WOA,population_persistence,20,5,10,5000,1.0,100,500000,500000,True,100,99,20,1980,20.40600229162511,19.690979936850614,0.05963709000929367,60.57776222898974
F8,1,SGO,cold_restart,20,5,10,500,1.0,100,50000,50000,True,100,99,20,1980,39.67669182225543,30.707119064557368,0.20180613882712972,6.891837816001498
F8,1,GWO,cold_restart,20,5,10,500,1.0,100,50000,50000,True,100,99,20,1980,28.80034667322074,17.867552679901884,0.11885868023478904,3.1061463830119465
F8,1,GWO,previous_best_seeded,20,5,10,500,1.0,100,50000,50000,True,100,99,20,1980,17.744038871171156,12.838379806725056,0.1191863585712595,3.1960638430027757
F8,1,SGO,population_persistence,20,5,10,500,1.0,100,50000,50000,True,100,99,20,1980,34.930494466652654,32.76538882737029,0.10625523027744667,6.935253816001932
F8,1,PSO,cold_restart,20,5,10,500,1.0,100,50000,50000,True,100,99,20,1980,33.548249407697824,20.672074472303137,0.18646166761206984,1.0694238819996826
F8,1,SGO,previous_best_seeded,20,5,10,500,1.0,100,50000,50000,True,100,99,20,1980,29.039644161394676,23.775075791068197,0.20227584600964965,8.851387080998393
F2,29,WOA,previous_best_seeded,20,5,10,5000,1.0,100,500000,500000,True,100,99,20,1980,20.872313858829425,19.939143980187225,0.10724331052296658,69.69434358499711
F8,1,PSO,previous_best_seeded,20,5,10,500,1.0,100,50000,50000,True,100,99,20,1980,20.308353050430398,15.385807813996728,0.17943089496167025,1.1525122890016064
F8,1,PSO,population_persistence,20,5,10,500,1.0,100,50000,50000,True,100,99,20,1980,10.651859278742034,10.047950453803928,0.018476295068593204,1.1445851489988854
F8,1,GWO,population_persistence,20,5,10,500,1.0,100,50000,50000,True,100,99,20,1980,63.058330473273955,58.69733131912442,0.009901966321544485,3.148123992999899
F2,31,GWO,previous_best_seeded,20,5,10,5000,1.0,100,500000,500000,True,100,99,20,1980,16.27900908453643,12.784454331646526,0.08498679433878485,32.129358265010524
F2,31,GWO,population_persistence,20,5,10,5000,1.0,100,500000,500000,True,100,99,20,1980,16.005976369471746,14.708118791931863,0.045026212108164605,30.519488332007313
F2,31,GWO,cold_restart,20,5,10,5000,1.0,100,500000,500000,True,100,99,20,1980,16.876620742596632,11.817671870681409,0.08688216448927649,35.148239386006026
F2,30,SGO,cold_restart,20,5,10,5000,1.0,100,500000,500000,True,100,99,20,1980,22.64252817733598,19.585258940064197,0.13961457898758478,70.1370338859997
F8,2,GWO,cold_restart,20,5,10,500,1.0,100,50000,50000,True,100,99,20,1980,29.253732136459845,19.44648645692799,0.11759888778313339,2.752375199997914
F8,2,GWO,previous_best_seeded,20,5,10,500,1.0,100,50000,50000,True,100,99,20,1980,19.361709272950954,13.345609605977495,0.12528232162377023,2.789414344006218
F8,1,WOA,cold_restart,20,5,10,500,1.0,100,50000,50000,True,100,99,20,1980,37.45547764169004,31.84300152049946,0.14988837554893056,6.6966472920030355
F8,1,WOA,previous_best_seeded,20,5,10,500,1.0,100,50000,50000,True,100,99,20,1980,20.302168884406953,17.34869757161416,0.14808431396057314,6.098336912997183
F8,2,PSO,cold_restart,20,5,10,500,1.0,100,50000,50000,True,100,99,20,1980,32.51769103618462,17.23367718594145,0.18351711195070938,1.1445322429935914
F8,2,PSO,previous_best_seeded,20,5,10,500,1.0,100,50000,50000,True,100,99,20,1980,25.169380668606973,16.925874096289974,0.17080857116617004,1.0021215839951765
F8,2,PSO,population_persistence,20,5,10,500,1.0,100,50000,50000,True,100,99,20,1980,20.341072084159634,19.398903275299865,0.019209087127027073,0.9296177139913198
F8,2,GWO,population_persistence,20,5,10,500,1.0,100,50000,50000,True,100,99,20,1980,64.8762356215564,61.28617004273721,0.00781594146267406,2.7053635750053218
F2,29,WOA,cold_restart,20,5,10,5000,1.0,100,500000,500000,True,100,99,20,1980,20.150586126398434,18.106416856394,0.10761729463415101,78.69479637499899
F8,1,WOA,population_persistence,20,5,10,500,1.0,100,50000,50000,True,100,99,20,1980,40.93823725818112,36.764764233048936,0.04569818108055151,7.57616928400239
F8,2,SGO,cold_restart,20,5,10,500,1.0,100,50000,50000,True,100,99,20,1980,41.403720067105,31.793517223168188,0.19308102366639343,7.9909301930019865
F8,2,SGO,population_persistence,20,5,10,500,1.0,100,50000,50000,True,100,99,20,1980,23.42071405142833,22.120209286177133,0.08007199859906958,7.212352393005858
F8,2,SGO,previous_best_seeded,20,5,10,500,1.0,100,50000,50000,True,100,99,20,1980,33.2344534101698,27.12685047181978,0.1915032964648649,8.985900069004856
F8,3,GWO,previous_best_seeded,20,5,10,500,1.0,100,50000,50000,True,100,99,20,1980,18.39900555149881,13.521668491818684,0.12071760402863053,2.865500380998128
F8,3,GWO,cold_restart,20,5,10,500,1.0,100,50000,50000,True,100,99,20,1980,27.964269715713904,18.18753541388031,0.11657189338892741,3.7146681070007617
F8,2,WOA,previous_best_seeded,20,5,10,500,1.0,100,50000,50000,True,100,99,20,1980,26.664884942079144,22.46899939300372,0.14297300088257914,5.7929331899940735
F8,3,PSO,cold_restart,20,5,10,500,1.0,100,50000,50000,True,100,99,20,1980,31.75967896459902,19.415189434969573,0.18650875975895978,0.9984546390041942
F8,2,WOA,population_persistence,20,5,10,500,1.0,100,50000,50000,True,100,99,20,1980,59.34362743683719,54.16741238975328,0.03302441397433309,6.081620162993204
F8,3,PSO,previous_best_seeded,20,5,10,500,1.0,100,50000,50000,True,100,99,20,1980,24.394910035008333,18.691415128876248,0.1762795806537296,1.1967982100031804
F8,2,WOA,cold_restart,20,5,10,500,1.0,100,50000,50000,True,100,99,20,1980,37.72099320781436,30.872447528022775,0.1496039131144699,7.162116139996215
F8,3,PSO,population_persistence,20,5,10,500,1.0,100,50000,50000,True,100,99,20,1980,13.42351251105548,12.130561164613983,0.029794828140443638,1.0137382659886498
F8,3,SGO,cold_restart,20,5,10,500,1.0,100,50000,50000,True,100,99,20,1980,36.64078755787108,27.84247433494953,0.19219929882092873,6.522855192000861
F8,3,GWO,population_persistence,20,5,10,500,1.0,100,50000,50000,True,100,99,20,1980,34.746216730474785,32.60701840078567,0.018602209571226644,3.928537497005891
F2,30,SGO,previous_best_seeded,20,5,10,5000,1.0,100,500000,500000,True,100,99,20,1980,14.828278292538895,12.856085142460342,0.14359445004974014,83.8485773709981
F8,3,SGO,previous_best_seeded,20,5,10,500,1.0,100,50000,50000,True,100,99,20,1980,26.87646978315236,22.519966951104312,0.19931021414683178,9.098508734998177
F8,3,SGO,population_persistence,20,5,10,500,1.0,100,50000,50000,True,100,99,20,1980,31.31226364511853,29.524813060729453,0.1820194753313888,8.789905781988637
F8,4,PSO,cold_restart,20,5,10,500,1.0,100,50000,50000,True,100,99,20,1980,32.64771406219754,21.29099494117171,0.18208746197901285,1.162417828993057
F8,4,GWO,cold_restart,20,5,10,500,1.0,100,50000,50000,True,100,99,20,1980,30.334567046155946,19.358548035943475,0.11964327813294971,4.288052642004914
F2,30,WOA,cold_restart,20,5,10,5000,1.0,100,500000,500000,True,100,99,20,1980,24.96981372224669,23.36288892541737,0.11357817529217751,61.71598506200826
F8,4,PSO,previous_best_seeded,20,5,10,500,1.0,100,50000,50000,True,100,99,20,1980,19.08729302090634,14.832219176329872,0.17255197403236677,1.1625729599909391
F8,3,WOA,previous_best_seeded,20,5,10,500,1.0,100,50000,50000,True,100,99,20,1980,26.813056396769,22.417488447023093,0.14828202635986526,5.9663281249959255
F8,4,GWO,previous_best_seeded,20,5,10,500,1.0,100,50000,50000,True,100,99,20,1980,19.894695577548305,14.880659009146598,0.12917529181796059,2.777908208008739
F8,3,WOA,cold_restart,20,5,10,500,1.0,100,50000,50000,True,100,99,20,1980,36.59387768036692,30.95840844015132,0.14732576032988526,6.751339410999208
F8,4,PSO,population_persistence,20,5,10,500,1.0,100,50000,50000,True,100,99,20,1980,20.136327951229873,19.424657634257184,0.014033482821202092,1.1705358039907878
F8,4,GWO,population_persistence,20,5,10,500,1.0,100,50000,50000,True,100,99,20,1980,22.39274603145947,19.56969951837834,0.04996890716672437,3.603500262994203
F8,4,SGO,previous_best_seeded,20,5,10,500,1.0,100,50000,50000,True,100,99,20,1980,31.340034701479617,25.381977295276837,0.22368182338422196,6.930255291998037
F8,4,SGO,cold_restart,20,5,10,500,1.0,100,50000,50000,True,100,99,20,1980,39.62540482900396,30.789770546012516,0.20718120674730878,7.342208504007431
F8,4,SGO,population_persistence,20,5,10,500,1.0,100,50000,50000,True,100,99,20,1980,30.12186394518266,28.284846149285432,0.05592928420274673,6.972285954005201
F8,3,WOA,population_persistence,20,5,10,500,1.0,100,50000,50000,True,100,99,20,1980,49.430591717744356,45.39439353600798,0.03471187144085548,7.600921104007284
F8,5,PSO,cold_restart,20,5,10,500,1.0,100,50000,50000,True,100,99,20,1980,33.01507798828608,19.79337802957484,0.1834342426364406,1.0441871329967398
F8,5,PSO,previous_best_seeded,20,5,10,500,1.0,100,50000,50000,True,100,99,20,1980,21.90407752991355,16.85104835708216,0.15475890198272885,1.262699587008683
F2,30,WOA,previous_best_seeded,20,5,10,5000,1.0,100,500000,500000,True,100,99,20,1980,15.721325476590746,14.821290626711344,0.10983393155238588,62.2414386140008
F8,5,PSO,population_persistence,20,5,10,500,1.0,100,50000,50000,True,100,99,20,1980,16.252376757966296,15.372571705969143,0.027109908183780503,0.9866530380095355
F8,5,GWO,cold_restart,20,5,10,500,1.0,100,50000,50000,True,100,99,20,1980,31.414040895356386,21.218576899663848,0.11877004839549138,3.3394124659971567
F8,5,GWO,population_persistence,20,5,10,500,1.0,100,50000,50000,True,100,99,20,1980,25.201896929949395,22.650924892510602,0.031110421435462342,2.828621380002005
F8,5,GWO,previous_best_seeded,20,5,10,500,1.0,100,50000,50000,True,100,99,20,1980,22.131867379585504,17.396304306570656,0.11339902785136413,3.2805047599977115
F8,4,WOA,population_persistence,20,5,10,500,1.0,100,50000,50000,True,100,99,20,1980,23.256784692662823,22.012922351438807,0.03129506690424106,6.48904523201054
F8,5,SGO,cold_restart,20,5,10,500,1.0,100,50000,50000,True,100,99,20,1980,41.78630209468616,31.837534208001493,0.19971699112395977,6.798720143007813
F8,4,WOA,previous_best_seeded,20,5,10,500,1.0,100,50000,50000,True,100,99,20,1980,24.481184081137894,20.975221275061553,0.1513629057145484,7.52122382199741
F8,4,WOA,cold_restart,20,5,10,500,1.0,100,50000,50000,True,100,99,20,1980,33.78155072370089,27.643012484901014,0.14985993100526895,7.649716748011997
F8,6,PSO,cold_restart,20,5,10,500,1.0,100,50000,50000,True,100,99,20,1980,35.56200325546866,22.115305593074087,0.19095858595633056,1.053082964004716
F2,30,SGO,population_persistence,20,5,10,5000,1.0,100,500000,500000,True,100,99,20,1980,55.59108697563315,53.67799090352752,0.06369360563484329,92.7674282490043
F8,6,PSO,previous_best_seeded,20,5,10,500,1.0,100,50000,50000,True,100,99,20,1980,28.527818488093914,20.90637414486404,0.18341196281946176,1.0117477890016744
F8,6,PSO,population_persistence,20,5,10,500,1.0,100,50000,50000,True,100,99,20,1980,19.476609789368673,18.74190484304712,0.014953332347620077,1.0041281779995188
F8,5,SGO,previous_best_seeded,20,5,10,500,1.0,100,50000,50000,True,100,99,20,1980,29.697746647745994,25.038810691334085,0.1870358889048683,9.129407233005622
F8,5,WOA,population_persistence,20,5,10,500,1.0,100,50000,50000,True,100,99,20,1980,28.899823161485223,26.097239538514078,0.05381450829899493,5.9499765150103485
F8,5,WOA,previous_best_seeded,20,5,10,500,1.0,100,50000,50000,True,100,99,20,1980,22.186290312144127,19.553813141972824,0.15531667212683695,6.5013615649950225
F8,5,SGO,population_persistence,20,5,10,500,1.0,100,50000,50000,True,100,99,20,1980,72.72118875673706,69.64166998753502,0.029961707613631906,9.063001949994941
F8,6,GWO,cold_restart,20,5,10,500,1.0,100,50000,50000,True,100,99,20,1980,29.833253989188602,18.966941935149496,0.1198480325458743,3.34295243100496
F8,6,GWO,previous_best_seeded,20,5,10,500,1.0,100,50000,50000,True,100,99,20,1980,25.51436652768058,20.65448843610847,0.12414818285132481,3.1274978590081446
F8,5,WOA,cold_restart,20,5,10,500,1.0,100,50000,50000,True,100,99,20,1980,37.796662836353434,31.369196834565418,0.14951885729924158,6.9537721579981735
F8,6,GWO,population_persistence,20,5,10,500,1.0,100,50000,50000,True,100,99,20,1980,61.04884813616235,56.61545471160554,0.009011190630223176,3.592481758008944
F8,6,SGO,previous_best_seeded,20,5,10,500,1.0,100,50000,50000,True,100,99,20,1980,35.08496653927057,29.46850906459641,0.2084101143528922,7.081350737993489
F8,7,PSO,cold_restart,20,5,10,500,1.0,100,50000,50000,True,100,99,20,1980,32.868741268198384,19.662602152203604,0.18583748665013589,1.1885090110008605
F8,7,PSO,previous_best_seeded,20,5,10,500,1.0,100,50000,50000,True,100,99,20,1980,23.17644921567567,17.598197580430107,0.1772395506601667,1.0470436769974185
F8,7,GWO,previous_best_seeded,20,5,10,500,1.0,100,50000,50000,True,100,99,20,1980,22.906574403998366,17.675192926936884,0.12292787059975388,2.8004074649943504
F2,30,WOA,population_persistence,20,5,10,5000,1.0,100,500000,500000,True,100,99,20,1980,31.914236728430275,30.72276369561103,0.06770858976088517,70.20641783700557
F8,7,GWO,population_persistence,20,5,10,500,1.0,100,50000,50000,True,100,99,20,1980,48.739740875791924,44.63637515784413,0.015287238479239197,3.075899634990492
F8,7,PSO,population_persistence,20,5,10,500,1.0,100,50000,50000,True,100,99,20,1980,29.071867737393305,27.144163295885427,0.042558269930775244,1.1597009449906182
F8,6,SGO,cold_restart,20,5,10,500,1.0,100,50000,50000,True,100,99,20,1980,41.7810233441907,33.134919639636735,0.20366439718457072,8.991392692012596
F8,6,SGO,population_persistence,20,5,10,500,1.0,100,50000,50000,True,100,99,20,1980,46.11895617754574,44.26317494551242,0.09680683123306884,8.893389274002402
F8,7,GWO,cold_restart,20,5,10,500,1.0,100,50000,50000,True,100,99,20,1980,29.14702200027625,18.992308308543652,0.11856436722298777,4.020876851995126
F8,6,WOA,cold_restart,20,5,10,500,1.0,100,50000,50000,True,100,99,20,1980,38.01949285117768,31.60622116410927,0.14942218948441646,6.02810791900265
F8,6,WOA,previous_best_seeded,20,5,10,500,1.0,100,50000,50000,True,100,99,20,1980,26.73891999427277,23.557995914493567,0.15225587229670196,6.067381322995061
F8,8,PSO,cold_restart,20,5,10,500,1.0,100,50000,50000,True,100,99,20,1980,34.02847383350518,20.516967457018477,0.18394427584469208,0.9976967989932746
F8,6,WOA,population_persistence,20,5,10,500,1.0,100,50000,50000,True,100,99,20,1980,53.908731509373254,49.079585487960856,0.05141614270986371,7.173008780999226
F8,8,GWO,cold_restart,20,5,10,500,1.0,100,50000,50000,True,100,99,20,1980,29.590335392939615,18.854351019616143,0.11812836365276547,3.2383425979933236
F8,7,SGO,cold_restart,20,5,10,500,1.0,100,50000,50000,True,100,99,20,1980,38.085106088548855,28.82225743274869,0.19466855165876099,7.537258801996359
F8,8,PSO,previous_best_seeded,20,5,10,500,1.0,100,50000,50000,True,100,99,20,1980,25.739571865103013,18.710482830749864,0.17658331953280884,1.1024141799862264
F8,8,GWO,previous_best_seeded,20,5,10,500,1.0,100,50000,50000,True,100,99,20,1980,21.26015790814406,15.580030909087313,0.12361933792331829,3.825277231007931
F8,8,PSO,population_persistence,20,5,10,500,1.0,100,50000,50000,True,100,99,20,1980,23.078051372889554,21.552256898881364,0.03726240832729327,1.0270687409938546
F8,8,GWO,population_persistence,20,5,10,500,1.0,100,50000,50000,True,100,99,20,1980,70.70777143634135,67.82941171515273,0.005974899623347538,2.7512025920004817
F8,7,WOA,previous_best_seeded,20,5,10,500,1.0,100,50000,50000,True,100,99,20,1980,23.36579195077269,19.14241194704678,0.14656433998208274,5.8306979110057
F8,7,SGO,previous_best_seeded,20,5,10,500,1.0,100,50000,50000,True,100,99,20,1980,31.895955050823204,24.763244345250506,0.198890296017552,9.114961031998973
F8,7,WOA,population_persistence,20,5,10,500,1.0,100,50000,50000,True,100,99,20,1980,46.02985461100809,40.77802386319308,0.058177695069624134,6.275269792997278
F8,7,SGO,population_persistence,20,5,10,500,1.0,100,50000,50000,True,100,99,20,1980,35.46069283699696,33.94276158143507,0.06855369313999174,9.442406600996037
F8,7,WOA,cold_restart,20,5,10,500,1.0,100,50000,50000,True,100,99,20,1980,34.81101054219689,28.343695075439737,0.14981207157844076,6.669051479999325
F8,8,SGO,cold_restart,20,5,10,500,1.0,100,50000,50000,True,100,99,20,1980,39.74223119403135,30.62996265116694,0.19719674746097943,6.723568162997253
F8,9,PSO,previous_best_seeded,20,5,10,500,1.0,100,50000,50000,True,100,99,20,1980,24.411371237693537,18.528879028393018,0.1769534817898519,0.986703481990844
F8,9,PSO,cold_restart,20,5,10,500,1.0,100,50000,50000,True,100,99,20,1980,33.131922772373976,19.163265867451727,0.18189926922489733,1.1324815600091824
F2,31,WOA,cold_restart,20,5,10,5000,1.0,100,500000,500000,True,100,99,20,1980,24.863923322938913,23.151217379414152,0.12111357077588264,64.09212359698722
F8,9,PSO,population_persistence,20,5,10,500,1.0,100,50000,50000,True,100,99,20,1980,17.507781351471774,17.039771480767353,0.016070160189936858,0.9313382670079591
F2,31,SGO,cold_restart,20,5,10,5000,1.0,100,500000,500000,True,100,99,20,1980,26.684955682314232,23.598557262667203,0.1683937834726442,77.31719425399206
F8,9,GWO,cold_restart,20,5,10,500,1.0,100,50000,50000,True,100,99,20,1980,29.03715310342848,18.920691074581438,0.11814258692443734,2.819452145995456
F8,8,SGO,previous_best_seeded,20,5,10,500,1.0,100,50000,50000,True,100,99,20,1980,37.354792543172174,28.73522727420485,0.19524632379701562,8.842951657992671
F8,8,SGO,population_persistence,20,5,10,500,1.0,100,50000,50000,True,100,99,20,1980,64.64484695600763,61.12415818054234,0.03667638728106862,8.976709526003106
F8,9,GWO,population_persistence,20,5,10,500,1.0,100,50000,50000,True,100,99,20,1980,10.614382176954281,9.63714918782768,0.05031359050103973,3.3892568860028405
F8,9,GWO,previous_best_seeded,20,5,10,500,1.0,100,50000,50000,True,100,99,20,1980,20.738422003842253,17.947395631354507,0.12722891955110968,3.6234362880059052
F2,31,SGO,previous_best_seeded,20,5,10,5000,1.0,100,500000,500000,True,100,99,20,1980,23.01795778464436,20.193466786373133,0.1906065068008913,77.40091978700366
F8,8,WOA,cold_restart,20,5,10,500,1.0,100,50000,50000,True,100,99,20,1980,34.295965327306114,28.138518447443648,0.1519339141852658,5.892157726993901
F8,8,WOA,population_persistence,20,5,10,500,1.0,100,50000,50000,True,100,99,20,1980,39.40177675925993,35.383607339082516,0.04834897588177729,5.888185888004955
F2,31,WOA,previous_best_seeded,20,5,10,5000,1.0,100,500000,500000,True,100,99,20,1980,17.953518219514866,16.723894232944527,0.12525404344632712,60.23303398200369
F8,8,WOA,previous_best_seeded,20,5,10,500,1.0,100,50000,50000,True,100,99,20,1980,32.65242409974843,27.4360732159404,0.1513950939834889,6.310057199996663
F8,10,PSO,population_persistence,20,5,10,500,1.0,100,50000,50000,True,100,99,20,1980,15.250164933173833,14.674277351081573,0.0175807575986588,0.9631101720005972
F8,10,PSO,cold_restart,20,5,10,500,1.0,100,50000,50000,True,100,99,20,1980,32.687296986420705,18.197770877488143,0.1875383335649999,1.1609739720006473
F8,10,PSO,previous_best_seeded,20,5,10,500,1.0,100,50000,50000,True,100,99,20,1980,26.056401238088604,19.422933784325743,0.17774597981446133,1.2163974059949396
F8,9,SGO,previous_best_seeded,20,5,10,500,1.0,100,50000,50000,True,100,99,20,1980,31.308986998707155,25.569162257054565,0.2046750887102732,7.262961703003384
F8,9,SGO,population_persistence,20,5,10,500,1.0,100,50000,50000,True,100,99,20,1980,56.14650728219155,53.22687740825517,0.039791532744579715,6.902203488993109
F8,10,GWO,cold_restart,20,5,10,500,1.0,100,50000,50000,True,100,99,20,1980,30.94657086398711,21.06126132547961,0.11730560783111316,3.6185962930030655
F8,10,GWO,population_persistence,20,5,10,500,1.0,100,50000,50000,True,100,99,20,1980,50.128952029119496,47.08305135198229,0.008336262486702266,3.5854428239981644
F8,10,GWO,previous_best_seeded,20,5,10,500,1.0,100,50000,50000,True,100,99,20,1980,20.303363860817143,16.337706848538566,0.12066576206045448,3.844388893994619
F8,9,WOA,cold_restart,20,5,10,500,1.0,100,50000,50000,True,100,99,20,1980,37.92685442990137,32.181468242528624,0.14786418815326793,5.919104005995905
F8,9,WOA,previous_best_seeded,20,5,10,500,1.0,100,50000,50000,True,100,99,20,1980,26.45103371569814,21.197536047969592,0.14875726294585428,6.23759052400419
F8,9,SGO,cold_restart,20,5,10,500,1.0,100,50000,50000,True,100,99,20,1980,39.56582740480338,29.732064657333225,0.20511670732536702,9.480898722002166
F8,11,PSO,cold_restart,20,5,10,500,1.0,100,50000,50000,True,100,99,20,1980,33.76028954388712,19.559633231737095,0.18406099917194402,1.166954517000704
F8,11,PSO,previous_best_seeded,20,5,10,500,1.0,100,50000,50000,True,100,99,20,1980,20.156725713723898,14.163658411718478,0.1715166549782523,1.1720657969999593
F8,11,PSO,population_persistence,20,5,10,500,1.0,100,50000,50000,True,100,99,20,1980,24.511490611643026,23.841058681112358,0.01649411607636757,1.1560393770050723
F8,10,SGO,cold_restart,20,5,10,500,1.0,100,50000,50000,True,100,99,20,1980,38.35803721108878,29.683340359710783,0.19099146992051658,6.891801873003715
F8,10,SGO,previous_best_seeded,20,5,10,500,1.0,100,50000,50000,True,100,99,20,1980,26.862411335384678,23.038282480432173,0.20804836371759036,7.000742655000067
F8,11,GWO,previous_best_seeded,20,5,10,500,1.0,100,50000,50000,True,100,99,20,1980,27.843283990818993,20.87610135347861,0.11647998580202842,2.8180363190040225
F8,11,GWO,cold_restart,20,5,10,500,1.0,100,50000,50000,True,100,99,20,1980,28.98588931896676,17.968129441257812,0.11813906432281422,2.981103323007119
F8,10,SGO,population_persistence,20,5,10,500,1.0,100,50000,50000,True,100,99,20,1980,52.985263708427475,49.859182024084014,0.063510423052169,6.845415433999733
F8,9,WOA,population_persistence,20,5,10,500,1.0,100,50000,50000,True,100,99,20,1980,51.49749157378952,48.007528655280936,0.025510751358856772,8.232860735995928
F8,10,WOA,cold_restart,20,5,10,500,1.0,100,50000,50000,True,100,99,20,1980,35.8308955098542,29.82830865574956,0.1467218086540872,5.7856408869993174
F8,10,WOA,previous_best_seeded,20,5,10,500,1.0,100,50000,50000,True,100,99,20,1980,26.968161103301366,24.03607568860269,0.1482312781759012,5.72353232599562
F8,11,GWO,population_persistence,20,5,10,500,1.0,100,50000,50000,True,100,99,20,1980,27.865188757263873,26.351448483226463,0.03501751716173556,3.6225830979965394
F8,12,PSO,cold_restart,20,5,10,500,1.0,100,50000,50000,True,100,99,20,1980,32.718253699685775,19.66420543581134,0.1863180099724631,1.0692362939880695
F8,10,WOA,population_persistence,20,5,10,500,1.0,100,50000,50000,True,100,99,20,1980,36.06356612768875,32.80500677648222,0.03740424304026879,6.083763917995384
F8,12,PSO,previous_best_seeded,20,5,10,500,1.0,100,50000,50000,True,100,99,20,1980,23.508781173831107,16.97412358427958,0.17610080024808733,1.5806161079963204
F8,12,PSO,population_persistence,20,5,10,500,1.0,100,50000,50000,True,100,99,20,1980,26.24859483498223,25.067943053312764,0.01720885437246337,1.0199658860074123
F8,11,SGO,cold_restart,20,5,10,500,1.0,100,50000,50000,True,100,99,20,1980,43.66212012198745,33.12416958184415,0.20541438955892188,6.926757274995907
F8,12,GWO,previous_best_seeded,20,5,10,500,1.0,100,50000,50000,True,100,99,20,1980,19.89728404232772,15.47196803026619,0.11236544821810254,2.758384090004256
F8,12,GWO,population_persistence,20,5,10,500,1.0,100,50000,50000,True,100,99,20,1980,56.68448022701152,52.97934757266054,0.006792239858316813,3.1000072009919677
F8,12,GWO,cold_restart,20,5,10,500,1.0,100,50000,50000,True,100,99,20,1980,30.438801313373745,20.64549066458049,0.11814319609834614,3.899622219003504
F8,11,SGO,previous_best_seeded,20,5,10,500,1.0,100,50000,50000,True,100,99,20,1980,36.4925005277998,32.402077813223514,0.19684886420475492,8.729355077986838
F8,11,SGO,population_persistence,20,5,10,500,1.0,100,50000,50000,True,100,99,20,1980,71.16172656962976,67.35501439277238,0.04179411957819353,9.0492082760029
F8,11,WOA,cold_restart,20,5,10,500,1.0,100,50000,50000,True,100,99,20,1980,36.55644519955222,30.13756357865861,0.14970563339830856,6.334712438008864
F8,13,PSO,cold_restart,20,5,10,500,1.0,100,50000,50000,True,100,99,20,1980,32.599941595090094,19.618817973817805,0.18211907408566272,1.3323579830030212
F8,13,GWO,previous_best_seeded,20,5,10,500,1.0,100,50000,50000,True,100,99,20,1980,25.422013250214615,19.355600108228284,0.11913476608400647,2.8681115140061593
F8,13,PSO,previous_best_seeded,20,5,10,500,1.0,100,50000,50000,True,100,99,20,1980,20.598100707475613,13.978317474158736,0.17492150583483435,1.18778745700547
F8,13,GWO,cold_restart,20,5,10,500,1.0,100,50000,50000,True,100,99,20,1980,27.629160121171754,17.689496732577542,0.11705636987815378,3.288168434999534
F8,13,PSO,population_persistence,20,5,10,500,1.0,100,50000,50000,True,100,99,20,1980,15.551458704806505,14.886882328323782,0.016945919542400607,0.9982617880014004
F2,31,WOA,population_persistence,20,5,10,5000,1.0,100,500000,500000,True,100,99,20,1980,30.77136522338552,29.31757259226233,0.07777826357277083,69.59491439400881
F8,12,SGO,population_persistence,20,5,10,500,1.0,100,50000,50000,True,100,99,20,1980,61.47175626709422,58.41337896099218,0.029143357147761235,6.415515778993722
F8,12,SGO,previous_best_seeded,20,5,10,500,1.0,100,50000,50000,True,100,99,20,1980,26.44713133456018,22.28879740307524,0.20314256742409367,6.902599948996794
F8,13,GWO,population_persistence,20,5,10,500,1.0,100,50000,50000,True,100,99,20,1980,22.471513371446637,20.352973474830023,0.0319491080071,3.2297733220038936
F8,11,WOA,population_persistence,20,5,10,500,1.0,100,50000,50000,True,100,99,20,1980,45.326880150127764,40.29243265928449,0.0629476202666445,7.596321383010945
F8,12,WOA,population_persistence,20,5,10,500,1.0,100,50000,50000,True,100,99,20,1980,47.36955031800132,42.16427234560124,0.04468803340134184,5.660648296994623
F8,12,WOA,cold_restart,20,5,10,500,1.0,100,50000,50000,True,100,99,20,1980,38.02744645317381,32.44839351903302,0.14575125929735508,5.807271979996585
F8,14,PSO,cold_restart,20,5,10,500,1.0,100,50000,50000,True,100,99,20,1980,36.92776254087286,23.236628414072616,0.18363217089061096,1.0737949289905373
F8,11,WOA,previous_best_seeded,20,5,10,500,1.0,100,50000,50000,True,100,99,20,1980,20.58406839718103,18.0716241737906,0.14594058394940132,8.37071335100336
F8,14,PSO,population_persistence,20,5,10,500,1.0,100,50000,50000,True,100,99,20,1980,14.878130447603986,14.06133599232332,0.018893385296085863,0.9885093790071551
F8,14,PSO,previous_best_seeded,20,5,10,500,1.0,100,50000,50000,True,100,99,20,1980,21.581069787709765,16.786629185253936,0.1774516990091805,1.168519609986106
F8,13,SGO,cold_restart,20,5,10,500,1.0,100,50000,50000,True,100,99,20,1980,41.57750278139951,32.09788499850642,0.2012587447383945,6.903867241999251
F8,12,SGO,cold_restart,20,5,10,500,1.0,100,50000,50000,True,100,99,20,1980,38.14159042694775,28.968423367384798,0.192138594543557,9.45719487000315
F8,12,WOA,previous_best_seeded,20,5,10,500,1.0,100,50000,50000,True,100,99,20,1980,27.361993767573463,23.228792756940408,0.15567031719894667,7.617595884992625
F8,14,GWO,previous_best_seeded,20,5,10,500,1.0,100,50000,50000,True,100,99,20,1980,18.840519454543927,12.655245561527103,0.12061697221639366,2.830054538004333
F8,14,GWO,cold_restart,20,5,10,500,1.0,100,50000,50000,True,100,99,20,1980,30.902081649635385,19.741317709282683,0.1207292666592649,2.969831778013031
F8,14,GWO,population_persistence,20,5,10,500,1.0,100,50000,50000,True,100,99,20,1980,27.868813718058625,26.15118157478996,0.035830688543168815,3.03367414099921
F8,13,SGO,previous_best_seeded,20,5,10,500,1.0,100,50000,50000,True,100,99,20,1980,34.879777061015,28.061897200920434,0.1927005649481947,7.717586108992691
F8,15,PSO,cold_restart,20,5,10,500,1.0,100,50000,50000,True,100,99,20,1980,33.76309367036569,20.48436238149718,0.1792218620676644,1.0084543510020012
F8,15,PSO,previous_best_seeded,20,5,10,500,1.0,100,50000,50000,True,100,99,20,1980,21.205870650935136,14.37795583199112,0.16898584552122897,1.1252799020003295
F2,31,SGO,population_persistence,20,5,10,5000,1.0,100,500000,500000,True,100,99,20,1980,51.353879731067344,49.87302273054768,0.07083039021050877,91.94207746800384
F8,13,SGO,population_persistence,20,5,10,500,1.0,100,50000,50000,True,100,99,20,1980,39.84329600946579,37.54542905371167,0.09396549022741607,8.832164857012685
F8,15,PSO,population_persistence,20,5,10,500,1.0,100,50000,50000,True,100,99,20,1980,15.814860335976176,15.162158791843678,0.01568070405603953,1.2632726629963145
F8,13,WOA,cold_restart,20,5,10,500,1.0,100,50000,50000,True,100,99,20,1980,35.98217635572616,30.10132632823535,0.14854388611468342,6.452532171009807
F8,13,WOA,population_persistence,20,5,10,500,1.0,100,50000,50000,True,100,99,20,1980,63.79735876531871,58.63495713016892,0.03481619238563872,5.932119680001051
F8,15,GWO,population_persistence,20,5,10,500,1.0,100,50000,50000,True,100,99,20,1980,18.62801222326756,17.301462018163075,0.04008206394883415,2.7642136680078693
F8,14,SGO,population_persistence,20,5,10,500,1.0,100,50000,50000,True,100,99,20,1980,24.31097250086659,22.708902551439955,0.161253683172194,6.664932758008945
F8,14,SGO,previous_best_seeded,20,5,10,500,1.0,100,50000,50000,True,100,99,20,1980,37.84724151716903,29.28970816781559,0.21398240955936307,6.723268159999861
F8,15,GWO,previous_best_seeded,20,5,10,500,1.0,100,50000,50000,True,100,99,20,1980,23.427296419014016,17.572298840384093,0.1289489353682512,3.644892889991752
F8,15,GWO,cold_restart,20,5,10,500,1.0,100,50000,50000,True,100,99,20,1980,31.297172711947624,20.096463262782887,0.12104776183273314,4.044633721001446
F8,13,WOA,previous_best_seeded,20,5,10,500,1.0,100,50000,50000,True,100,99,20,1980,23.873786363531668,21.44520110312697,0.141238463797799,8.240650412000832
F8,14,WOA,previous_best_seeded,20,5,10,500,1.0,100,50000,50000,True,100,99,20,1980,23.46914485589242,19.76859746177453,0.15203058932162844,6.023995708994335
F8,14,WOA,cold_restart,20,5,10,500,1.0,100,50000,50000,True,100,99,20,1980,40.58948993837882,34.68908454794909,0.14756613662399176,6.43891340099799
F8,16,PSO,cold_restart,20,5,10,500,1.0,100,50000,50000,True,100,99,20,1980,34.01491348664559,19.631653009049213,0.18784697643103435,1.0990783960005501
F8,16,PSO,previous_best_seeded,20,5,10,500,1.0,100,50000,50000,True,100,99,20,1980,24.36697674706287,18.260090247462873,0.17981982756414852,1.1804894909873838
F8,16,PSO,population_persistence,20,5,10,500,1.0,100,50000,50000,True,100,99,20,1980,36.45518759180031,32.76805744248564,0.05758924212743291,1.3831114940112457
F8,16,GWO,cold_restart,20,5,10,500,1.0,100,50000,50000,True,100,99,20,1980,29.014570659928292,17.952054897047027,0.11716653658805662,2.8352393270033645
F8,16,GWO,previous_best_seeded,20,5,10,500,1.0,100,50000,50000,True,100,99,20,1980,20.081906788983126,14.792547452055723,0.11985784365530289,2.723987302000751
F8,14,SGO,cold_restart,20,5,10,500,1.0,100,50000,50000,True,100,99,20,1980,42.87098931785882,32.966056726611924,0.20685732612751426,8.915657221004949
F8,15,SGO,cold_restart,20,5,10,500,1.0,100,50000,50000,True,100,99,20,1980,43.38075664646124,33.253590612815636,0.2177737956591632,6.793456390994834
F8,15,SGO,population_persistence,20,5,10,500,1.0,100,50000,50000,True,100,99,20,1980,24.66154567703103,23.004285794196694,0.15212671043577083,6.825643465999747
F8,16,GWO,population_persistence,20,5,10,500,1.0,100,50000,50000,True,100,99,20,1980,27.160245674141766,24.867725611575192,0.030491456111691236,2.8647125889983727
F8,17,PSO,cold_restart,20,5,10,500,1.0,100,50000,50000,True,100,99,20,1980,35.04385925536569,20.236741919431434,0.17862184527974412,0.9940919380023843
F8,15,WOA,cold_restart,20,5,10,500,1.0,100,50000,50000,True,100,99,20,1980,42.0458173704221,36.24079152516149,0.14740985708473012,5.912494265998248
F8,14,WOA,population_persistence,20,5,10,500,1.0,100,50000,50000,True,100,99,20,1980,30.70651008766096,28.5174616634264,0.061018705644320194,8.769884170003934
F8,17,PSO,previous_best_seeded,20,5,10,500,1.0,100,50000,50000,True,100,99,20,1980,25.249020724642044,20.227999580843388,0.16373320217144643,1.030700610994245
F8,17,PSO,population_persistence,20,5,10,500,1.0,100,50000,50000,True,100,99,20,1980,17.560819259480922,17.051510305853334,0.013063158716598381,1.0270585950056557
F8,15,WOA,previous_best_seeded,20,5,10,500,1.0,100,50000,50000,True,100,99,20,1980,38.45553815660622,32.74710021070182,0.1498427895765117,6.289170964999357
F8,15,SGO,previous_best_seeded,20,5,10,500,1.0,100,50000,50000,True,100,99,20,1980,27.081514566849947,24.17661622369583,0.21900360695210838,8.98257135899621
F8,17,GWO,cold_restart,20,5,10,500,1.0,100,50000,50000,True,100,99,20,1980,34.82625236508886,23.809380935552245,0.1224235026722061,2.735780832997989
F8,17,GWO,previous_best_seeded,20,5,10,500,1.0,100,50000,50000,True,100,99,20,1980,20.98816642866944,18.8811176906323,0.14443987673862846,2.922821498999838
F8,15,WOA,population_persistence,20,5,10,500,1.0,100,50000,50000,True,100,99,20,1980,45.81779314763996,40.453931465872856,0.049973523295458844,7.572925347994897
F8,17,GWO,population_persistence,20,5,10,500,1.0,100,50000,50000,True,100,99,20,1980,24.050728752993997,21.989642044222848,0.03667113409480316,3.5975122720119543
F8,16,SGO,previous_best_seeded,20,5,10,500,1.0,100,50000,50000,True,100,99,20,1980,30.93842416444855,26.798975232429825,0.20291680235061327,7.446200633989065
F8,16,WOA,population_persistence,20,5,10,500,1.0,100,50000,50000,True,100,99,20,1980,23.398899133587378,22.057555547824542,0.04427115271892897,5.7180158980045235
F8,18,PSO,previous_best_seeded,20,5,10,500,1.0,100,50000,50000,True,100,99,20,1980,26.62519233893605,19.450544739111802,0.18599767609114037,1.2283580710063688
F8,16,SGO,population_persistence,20,5,10,500,1.0,100,50000,50000,True,100,99,20,1980,49.51677605659429,46.44461512766526,0.08362306211389649,7.96934677399986
F8,18,PSO,cold_restart,20,5,10,500,1.0,100,50000,50000,True,100,99,20,1980,33.4248160468188,18.864545639455763,0.1892428922575275,1.2532439700007671
F8,16,WOA,previous_best_seeded,20,5,10,500,1.0,100,50000,50000,True,100,99,20,1980,32.080207633870735,28.668995332759586,0.14247366251469828,6.113743173002149
F8,18,PSO,population_persistence,20,5,10,500,1.0,100,50000,50000,True,100,99,20,1980,16.500265951954685,15.914030244251846,0.016817997864893883,0.9522404669987736
F8,18,GWO,previous_best_seeded,20,5,10,500,1.0,100,50000,50000,True,100,99,20,1980,22.40030772782676,17.77531161309611,0.11582838833079218,2.771646865992807
F8,16,SGO,cold_restart,20,5,10,500,1.0,100,50000,50000,True,100,99,20,1980,40.597145807163365,30.933817471438314,0.20929089598654166,9.06023475600523
F8,18,GWO,population_persistence,20,5,10,500,1.0,100,50000,50000,True,100,99,20,1980,61.35245886260108,57.97965788532256,0.010691688482948094,2.9484004999976605
F8,17,SGO,cold_restart,20,5,10,500,1.0,100,50000,50000,True,100,99,20,1980,44.92963414333483,34.43380602354876,0.22979599178990648,6.680677065989585
F8,18,GWO,cold_restart,20,5,10,500,1.0,100,50000,50000,True,100,99,20,1980,30.034838995684673,18.931100447421812,0.11710790238295993,3.6721270459966036
F8,19,PSO,cold_restart,20,5,10,500,1.0,100,50000,50000,True,100,99,20,1980,32.01487281618629,19.46680725282509,0.1866892471925251,0.9601139500009594
F8,16,WOA,cold_restart,20,5,10,500,1.0,100,50000,50000,True,100,99,20,1980,38.573555783843375,32.473030631738496,0.14813480967533943,8.352998370988644
F8,19,PSO,previous_best_seeded,20,5,10,500,1.0,100,50000,50000,True,100,99,20,1980,20.64343826486712,14.709918070707602,0.17647207394927525,1.182398935998208
F8,17,WOA,previous_best_seeded,20,5,10,500,1.0,100,50000,50000,True,100,99,20,1980,18.590937416282042,15.913628620140406,0.15274546353862106,6.22781030999613
F8,17,WOA,cold_restart,20,5,10,500,1.0,100,50000,50000,True,100,99,20,1980,39.88403950608921,32.68818193012517,0.1513403664227528,6.474592601007316
F8,19,PSO,population_persistence,20,5,10,500,1.0,100,50000,50000,True,100,99,20,1980,16.7218169498409,16.05402615159551,0.017679121274197514,0.939745685987873
F8,17,SGO,previous_best_seeded,20,5,10,500,1.0,100,50000,50000,True,100,99,20,1980,39.362061289857756,33.55267183743652,0.22143892086760275,8.768486417000531
F8,19,GWO,previous_best_seeded,20,5,10,500,1.0,100,50000,50000,True,100,99,20,1980,19.348892766816718,15.708068270791022,0.11882912482556825,2.8904336729901843
F8,19,GWO,cold_restart,20,5,10,500,1.0,100,50000,50000,True,100,99,20,1980,26.294742097913606,16.126583285210078,0.11867427139326206,3.477907448002952
F8,18,SGO,previous_best_seeded,20,5,10,500,1.0,100,50000,50000,True,100,99,20,1980,29.02044556562712,23.75426361678251,0.1996157284122334,6.887261440002476
F8,18,SGO,population_persistence,20,5,10,500,1.0,100,50000,50000,True,100,99,20,1980,41.05356487956506,38.36901843582953,0.1166655817379816,6.736753474004217
F8,17,SGO,population_persistence,20,5,10,500,1.0,100,50000,50000,True,100,99,20,1980,26.033193191881775,24.803536628465853,0.22138375620658102,9.279942288005259
F8,19,GWO,population_persistence,20,5,10,500,1.0,100,50000,50000,True,100,99,20,1980,21.50043830348412,19.514585896951626,0.03755040086161966,3.1772454449965153
F8,18,SGO,cold_restart,20,5,10,500,1.0,100,50000,50000,True,100,99,20,1980,38.67330809215381,28.455476267655925,0.2006972843605096,7.930894845005241
F8,20,PSO,population_persistence,20,5,10,500,1.0,100,50000,50000,True,100,99,20,1980,16.334454658947553,15.400269512737431,0.02390903797590317,0.9894214929954614
F8,20,PSO,previous_best_seeded,20,5,10,500,1.0,100,50000,50000,True,100,99,20,1980,23.64020622535624,18.36104672114561,0.17361466441351106,1.0101054099941393
F8,20,PSO,cold_restart,20,5,10,500,1.0,100,50000,50000,True,100,99,20,1980,33.6147846703289,20.272039087512795,0.18649533518765404,1.047077139999601
F8,17,WOA,population_persistence,20,5,10,500,1.0,100,50000,50000,True,100,99,20,1980,68.4362110214739,63.005282778100764,0.04869895427772083,8.3716014699894
F8,18,WOA,cold_restart,20,5,10,500,1.0,100,50000,50000,True,100,99,20,1980,38.66708191087668,32.204773933405875,0.14912749857903593,6.127619858001708
F8,20,GWO,cold_restart,20,5,10,500,1.0,100,50000,50000,True,100,99,20,1980,25.967322358987882,16.154303798410893,0.1169547280681136,2.9924187639990123
F8,18,WOA,population_persistence,20,5,10,500,1.0,100,50000,50000,True,100,99,20,1980,29.57077519744655,26.94845989523144,0.0825749595653147,6.753329646991915
F8,19,SGO,previous_best_seeded,20,5,10,500,1.0,100,50000,50000,True,100,99,20,1980,32.401160382002416,27.836945720450984,0.198885683917317,6.638809399009915
F8,20,GWO,population_persistence,20,5,10,500,1.0,100,50000,50000,True,100,99,20,1980,19.439540170747392,17.38023704343209,0.045626759387667706,2.919675910001388
F8,19,SGO,population_persistence,20,5,10,500,1.0,100,50000,50000,True,100,99,20,1980,27.951759596724163,26.397956875146637,0.13993713177262632,7.176491192003596
F8,18,WOA,previous_best_seeded,20,5,10,500,1.0,100,50000,50000,True,100,99,20,1980,33.693445654117035,29.33554638329011,0.14451827330937386,7.8328415819996735
F8,20,GWO,previous_best_seeded,20,5,10,500,1.0,100,50000,50000,True,100,99,20,1980,20.082244745527166,14.823643320894782,0.11705693242340688,3.9686466549901525
F8,21,PSO,cold_restart,20,5,10,500,1.0,100,50000,50000,True,100,99,20,1980,34.757624450631525,20.11018247053812,0.18351556143740103,1.03726275099325
F8,21,PSO,previous_best_seeded,20,5,10,500,1.0,100,50000,50000,True,100,99,20,1980,21.254127073985813,15.549315550518493,0.17467814886218463,1.0079781669919612
F8,19,WOA,cold_restart,20,5,10,500,1.0,100,50000,50000,True,100,99,20,1980,36.418244902262735,30.877882584508804,0.1474505549539549,6.429800352008897
F8,19,SGO,cold_restart,20,5,10,500,1.0,100,50000,50000,True,100,99,20,1980,38.779350419488146,28.901171787701728,0.19764407206573414,8.97255690098973
F8,21,PSO,population_persistence,20,5,10,500,1.0,100,50000,50000,True,100,99,20,1980,16.50235304962196,15.798683115100843,0.018370790312679106,1.1552134340017801
F8,20,SGO,previous_best_seeded,20,5,10,500,1.0,100,50000,50000,True,100,99,20,1980,32.59422375320858,26.14114718075393,0.1949310640532152,6.588300953997532
F8,21,GWO,cold_restart,20,5,10,500,1.0,100,50000,50000,True,100,99,20,1980,30.272080403054332,18.331917364772654,0.12136586724371531,2.881491337000625
F8,21,GWO,population_persistence,20,5,10,500,1.0,100,50000,50000,True,100,99,20,1980,20.353058918279608,19.5955853422427,0.05254124683679541,2.816320223006187
F8,19,WOA,previous_best_seeded,20,5,10,500,1.0,100,50000,50000,True,100,99,20,1980,25.18115381725802,22.20317381768068,0.15152072825572868,7.976728659006767
F8,20,SGO,cold_restart,20,5,10,500,1.0,100,50000,50000,True,100,99,20,1980,39.06293962783039,29.91436865258952,0.19472936902983673,7.682102563994704
F8,21,GWO,previous_best_seeded,20,5,10,500,1.0,100,50000,50000,True,100,99,20,1980,27.293045049123837,23.082348607916646,0.13721590035779005,3.9599566019896884
F8,20,WOA,population_persistence,20,5,10,500,1.0,100,50000,50000,True,100,99,20,1980,57.93800558628963,53.61009187022688,0.03261114947641085,5.579905674996553
F8,19,WOA,population_persistence,20,5,10,500,1.0,100,50000,50000,True,100,99,20,1980,36.27353048437506,32.55736999604933,0.04940838118118886,8.066032065995387
F8,20,WOA,cold_restart,20,5,10,500,1.0,100,50000,50000,True,100,99,20,1980,37.008841390820415,30.87178435054891,0.1474687299847551,6.0231153089989675
F8,22,PSO,cold_restart,20,5,10,500,1.0,100,50000,50000,True,100,99,20,1980,32.62156855017928,16.8491990127397,0.18026031347204613,1.013054622002528
F8,22,PSO,previous_best_seeded,20,5,10,500,1.0,100,50000,50000,True,100,99,20,1980,20.317981889438784,14.491292674008198,0.17926548481754098,1.1779697769961786
F8,21,SGO,cold_restart,20,5,10,500,1.0,100,50000,50000,True,100,99,20,1980,43.15580696535302,33.07993517036924,0.22126246001215996,6.619476855994435
F8,22,PSO,population_persistence,20,5,10,500,1.0,100,50000,50000,True,100,99,20,1980,9.078639634473118,8.411611949755166,0.01591877834364399,1.204709327997989
F8,20,SGO,population_persistence,20,5,10,500,1.0,100,50000,50000,True,100,99,20,1980,55.251014695785294,52.523974584542565,0.07909388039043994,8.824537038992275
F8,20,WOA,previous_best_seeded,20,5,10,500,1.0,100,50000,50000,True,100,99,20,1980,36.208554592362596,31.267820111456547,0.14922186637190582,6.896771315005026
F8,22,GWO,cold_restart,20,5,10,500,1.0,100,50000,50000,True,100,99,20,1980,29.373155152904246,17.608004538638117,0.12049623410154217,2.829318185991724
F8,22,GWO,population_persistence,20,5,10,500,1.0,100,50000,50000,True,100,99,20,1980,12.198369988673187,10.832535990983622,0.047131756248395426,2.75198171500233
F8,22,GWO,previous_best_seeded,20,5,10,500,1.0,100,50000,50000,True,100,99,20,1980,22.254754401031512,15.364432125107538,0.12243388097469342,2.9136779840046074
F8,21,SGO,population_persistence,20,5,10,500,1.0,100,50000,50000,True,100,99,20,1980,48.51919500220609,44.715557123806846,0.19661590142246876,7.091924223001115
F8,23,PSO,previous_best_seeded,20,5,10,500,1.0,100,50000,50000,True,100,99,20,1980,28.892592409032208,18.444119770732808,0.19300194458623082,0.9819193180010188
F8,23,PSO,cold_restart,20,5,10,500,1.0,100,50000,50000,True,100,99,20,1980,31.49612398991404,17.96542964858466,0.18728685776096443,1.4575106560077984
F8,21,WOA,previous_best_seeded,20,5,10,500,1.0,100,50000,50000,True,100,99,20,1980,29.53800131735215,25.268763323465286,0.15342235817159214,5.99611855999683
F8,23,PSO,population_persistence,20,5,10,500,1.0,100,50000,50000,True,100,99,20,1980,15.244781963690958,14.540949678172781,0.01948128195282363,1.5687704559968552
F8,21,WOA,population_persistence,20,5,10,500,1.0,100,50000,50000,True,100,99,20,1980,75.59534668408874,70.18990932254313,0.044511893374117935,5.90093942299427
F8,21,SGO,previous_best_seeded,20,5,10,500,1.0,100,50000,50000,True,100,99,20,1980,32.555561498107586,27.369173771572783,0.2322249251197039,9.632360247007455
F8,21,WOA,cold_restart,20,5,10,500,1.0,100,50000,50000,True,100,99,20,1980,43.55928268172696,37.1327589247312,0.15233543843400985,7.16627786999743
F8,23,GWO,population_persistence,20,5,10,500,1.0,100,50000,50000,True,100,99,20,1980,21.87574838449413,20.244422717199,0.017415294802698437,3.048986819005222
F8,22,SGO,cold_restart,20,5,10,500,1.0,100,50000,50000,True,100,99,20,1980,43.25909799162167,33.695141062121536,0.21898805844069094,6.638455801003147
F8,23,GWO,previous_best_seeded,20,5,10,500,1.0,100,50000,50000,True,100,99,20,1980,20.17647185963102,14.760281036209872,0.10887348068725454,3.6295444239949575
F8,23,GWO,cold_restart,20,5,10,500,1.0,100,50000,50000,True,100,99,20,1980,27.94959062472881,18.048457184133785,0.11707338487162806,3.742427161996602
F8,22,WOA,cold_restart,20,5,10,500,1.0,100,50000,50000,True,100,99,20,1980,39.31247791886998,32.13082947072336,0.15253683006889895,5.746825018999516
F8,24,PSO,cold_restart,20,5,10,500,1.0,100,50000,50000,True,100,99,20,1980,36.40334384451439,23.207155750989976,0.17539919109506102,1.3744425819895696
F8,24,PSO,previous_best_seeded,20,5,10,500,1.0,100,50000,50000,True,100,99,20,1980,21.297358491273307,17.07668585838586,0.16373427774270258,1.1739577940024901
F8,24,PSO,population_persistence,20,5,10,500,1.0,100,50000,50000,True,100,99,20,1980,28.357831436076694,27.103121705040998,0.02740141193139567,1.1687204259942519
F8,22,WOA,population_persistence,20,5,10,500,1.0,100,50000,50000,True,100,99,20,1980,57.99912481763096,53.84768788608178,0.07004636420052238,6.046299348003231
F8,22,SGO,population_persistence,20,5,10,500,1.0,100,50000,50000,True,100,99,20,1980,34.78365019691205,32.657914904180785,0.11806630875312826,8.84344692400191
F8,22,SGO,previous_best_seeded,20,5,10,500,1.0,100,50000,50000,True,100,99,20,1980,31.316981070307662,27.10102699977355,0.20918031182139032,8.939485340000829
F8,24,GWO,population_persistence,20,5,10,500,1.0,100,50000,50000,True,100,99,20,1980,40.729618168970646,37.55970596850933,0.038705168005341566,2.85827306000283
F8,24,GWO,previous_best_seeded,20,5,10,500,1.0,100,50000,50000,True,100,99,20,1980,23.005175858817935,16.26069955330487,0.12476977109831423,2.9814615519862855
F8,23,SGO,population_persistence,20,5,10,500,1.0,100,50000,50000,True,100,99,20,1980,53.54499278654258,50.69987127406896,0.016951686412528467,6.792545158998109
F8,23,SGO,cold_restart,20,5,10,500,1.0,100,50000,50000,True,100,99,20,1980,34.941454346390486,25.478963190857215,0.17705431992556603,7.289456086000428
F8,24,GWO,cold_restart,20,5,10,500,1.0,100,50000,50000,True,100,99,20,1980,32.725606695258755,20.5607494241518,0.12320009829972284,3.982695867001894
F8,23,WOA,previous_best_seeded,20,5,10,500,1.0,100,50000,50000,True,100,99,20,1980,25.787396013727836,22.335439039109055,0.15098871524025873,5.640777877997607
F8,23,WOA,cold_restart,20,5,10,500,1.0,100,50000,50000,True,100,99,20,1980,34.238727187383866,28.085610778442586,0.14789439594901518,6.087790808000136
F8,22,WOA,previous_best_seeded,20,5,10,500,1.0,100,50000,50000,True,100,99,20,1980,25.280606051228965,22.443127547106524,0.14463943510924152,8.414066437995643
F8,23,WOA,population_persistence,20,5,10,500,1.0,100,50000,50000,True,100,99,20,1980,36.224163748806454,33.43751584597188,0.03696474052420036,5.860504572003265
F8,25,PSO,cold_restart,20,5,10,500,1.0,100,50000,50000,True,100,99,20,1980,33.78943527824882,19.03151246729876,0.1850042751902581,1.1079269420006312
F8,25,PSO,previous_best_seeded,20,5,10,500,1.0,100,50000,50000,True,100,99,20,1980,22.68238436241708,15.618527156570332,0.17799325052720502,1.2398316409962717
F8,25,PSO,population_persistence,20,5,10,500,1.0,100,50000,50000,True,100,99,20,1980,20.208833355301277,17.68647059713267,0.04760214089958369,1.342099347995827
F8,23,SGO,previous_best_seeded,20,5,10,500,1.0,100,50000,50000,True,100,99,20,1980,32.56789079053782,24.701732640841197,0.1731531778067261,8.972321686000214
F8,25,GWO,population_persistence,20,5,10,500,1.0,100,50000,50000,True,100,99,20,1980,15.404061320155234,14.424805779706041,0.020249015780905925,2.848981745002675
F8,25,GWO,previous_best_seeded,20,5,10,500,1.0,100,50000,50000,True,100,99,20,1980,22.562222300375883,18.750354406722167,0.11462667437442059,3.0498375699971803
F8,24,SGO,cold_restart,20,5,10,500,1.0,100,50000,50000,True,100,99,20,1980,46.55720440148801,35.11954944896907,0.22712738011240013,7.108197733992711
F8,24,SGO,population_persistence,20,5,10,500,1.0,100,50000,50000,True,100,99,20,1980,51.0288950103331,47.72166666807886,0.13337841081640497,7.105112831006409
F8,25,GWO,cold_restart,20,5,10,500,1.0,100,50000,50000,True,100,99,20,1980,29.407746085603335,18.850258082510468,0.1155299616372147,3.8043479530024342
F8,26,PSO,previous_best_seeded,20,5,10,500,1.0,100,50000,50000,True,100,99,20,1980,21.675245064443036,17.260794614865933,0.1719824442267972,0.9788387400039937
F8,26,PSO,cold_restart,20,5,10,500,1.0,100,50000,50000,True,100,99,20,1980,33.562283820035574,19.725803374508057,0.18668173815229572,1.0650142810045509
F8,24,WOA,cold_restart,20,5,10,500,1.0,100,50000,50000,True,100,99,20,1980,39.302888650507505,32.55800308344048,0.15060588137111836,5.601791584995226
F8,26,PSO,population_persistence,20,5,10,500,1.0,100,50000,50000,True,100,99,20,1980,22.435328225794954,20.36666517261135,0.038223589943504215,1.0107553169946186
F8,24,WOA,previous_best_seeded,20,5,10,500,1.0,100,50000,50000,True,100,99,20,1980,36.75814173549042,31.230830096447566,0.1540484354294668,5.973228878996451
F8,24,SGO,previous_best_seeded,20,5,10,500,1.0,100,50000,50000,True,100,99,20,1980,38.90489774602553,33.31118071059303,0.22781774737458774,9.664507137000328
F8,26,GWO,population_persistence,20,5,10,500,1.0,100,50000,50000,True,100,99,20,1980,14.19529154833514,13.544814331803495,0.035937266012885966,2.841487045996473
F8,25,SGO,previous_best_seeded,20,5,10,500,1.0,100,50000,50000,True,100,99,20,1980,25.311707121329214,21.57444003935858,0.16386646366935115,7.209716530996957
F8,24,WOA,population_persistence,20,5,10,500,1.0,100,50000,50000,True,100,99,20,1980,42.80033776139421,40.08477437549679,0.08018930729509342,7.55372386900126
F8,26,GWO,previous_best_seeded,20,5,10,500,1.0,100,50000,50000,True,100,99,20,1980,26.87918470375729,21.047750898943814,0.12949433559585125,3.801959521995741
F8,26,GWO,cold_restart,20,5,10,500,1.0,100,50000,50000,True,100,99,20,1980,32.24874908843753,21.9297474995216,0.1187945951263843,4.2989631069940515
F8,25,WOA,cold_restart,20,5,10,500,1.0,100,50000,50000,True,100,99,20,1980,34.28333608754811,27.486730813941065,0.14608321656673573,5.8408867879916215
F8,25,WOA,previous_best_seeded,20,5,10,500,1.0,100,50000,50000,True,100,99,20,1980,22.55479593545357,20.42345860278837,0.13839312448181962,6.23343981099606
F8,27,PSO,cold_restart,20,5,10,500,1.0,100,50000,50000,True,100,99,20,1980,34.860937236064935,20.89939584587445,0.18784007657124704,1.1897643019910902
F8,27,PSO,previous_best_seeded,20,5,10,500,1.0,100,50000,50000,True,100,99,20,1980,25.8948728134304,19.903720771578357,0.16733356957130846,1.306419366010232
F8,27,PSO,population_persistence,20,5,10,500,1.0,100,50000,50000,True,100,99,20,1980,27.84326598005602,26.689135281499112,0.02852632922780687,1.3496272189950105
F8,26,SGO,previous_best_seeded,20,5,10,500,1.0,100,50000,50000,True,100,99,20,1980,34.264363472368856,27.70618508204961,0.21848932860007497,6.739100323000457
F8,25,SGO,cold_restart,20,5,10,500,1.0,100,50000,50000,True,100,99,20,1980,36.59195360505889,26.254559101703247,0.17853768515993138,9.654164781997679
F8,26,SGO,cold_restart,20,5,10,500,1.0,100,50000,50000,True,100,99,20,1980,41.71370142189843,31.819159904272748,0.2133156538540406,6.925220303994138
F8,27,GWO,cold_restart,20,5,10,500,1.0,100,50000,50000,True,100,99,20,1980,30.374222040526465,19.03355996588674,0.11875514754365064,3.1656751810078276
F8,25,SGO,population_persistence,20,5,10,500,1.0,100,50000,50000,True,100,99,20,1980,34.754568633092696,33.48353137892695,0.03550290213405677,9.237709239008836
F8,26,SGO,population_persistence,20,5,10,500,1.0,100,50000,50000,True,100,99,20,1980,22.95964242503834,21.8307070996501,0.1555400369073514,7.173601593996864
F8,27,GWO,population_persistence,20,5,10,500,1.0,100,50000,50000,True,100,99,20,1980,35.03539216728942,31.106297115583235,0.0258328631214861,3.076414170995122
F8,25,WOA,population_persistence,20,5,10,500,1.0,100,50000,50000,True,100,99,20,1980,22.3717298151225,21.18606170170581,0.047856906022490375,8.226550927996868
F8,27,GWO,previous_best_seeded,20,5,10,500,1.0,100,50000,50000,True,100,99,20,1980,20.618888406856414,16.17323804802371,0.12566979579584173,4.023104785999749
F8,26,WOA,previous_best_seeded,20,5,10,500,1.0,100,50000,50000,True,100,99,20,1980,16.066818764428916,13.492372952317602,0.15851904220353466,6.1426846550020855
F8,28,PSO,previous_best_seeded,20,5,10,500,1.0,100,50000,50000,True,100,99,20,1980,28.915405765964245,21.11478043997632,0.17363876388953842,1.0181054879940348
F8,28,PSO,cold_restart,20,5,10,500,1.0,100,50000,50000,True,100,99,20,1980,33.26715487187051,19.22272176684571,0.18548748839107557,1.2257196650025435
F8,28,PSO,population_persistence,20,5,10,500,1.0,100,50000,50000,True,100,99,20,1980,43.58334122599074,41.156811291455625,0.034598974195644734,0.9911677079944639
F8,26,WOA,population_persistence,20,5,10,500,1.0,100,50000,50000,True,100,99,20,1980,55.40543959078244,50.078851196780214,0.06255639438622428,7.083712588006165
F8,27,SGO,cold_restart,20,5,10,500,1.0,100,50000,50000,True,100,99,20,1980,42.12279632659646,31.516214403695475,0.20027105602971965,7.416142426998704
F8,28,GWO,cold_restart,20,5,10,500,1.0,100,50000,50000,True,100,99,20,1980,31.556206016852926,21.57202211451333,0.12129254603689568,3.0363432499871124
F8,27,SGO,previous_best_seeded,20,5,10,500,1.0,100,50000,50000,True,100,99,20,1980,32.00696309720472,26.384109359711466,0.196574810212117,7.0805212760024006
F8,28,GWO,previous_best_seeded,20,5,10,500,1.0,100,50000,50000,True,100,99,20,1980,21.50208687588241,15.322471057346734,0.11884083894735381,3.1442820559896063
F8,28,GWO,population_persistence,20,5,10,500,1.0,100,50000,50000,True,100,99,20,1980,61.84248389383598,57.80556804280201,0.013713973616258736,2.8527833459957037
F8,27,SGO,population_persistence,20,5,10,500,1.0,100,50000,50000,True,100,99,20,1980,76.50729536788705,73.65280509712507,0.02649926768138304,7.10786763599026
F8,26,WOA,cold_restart,20,5,10,500,1.0,100,50000,50000,True,100,99,20,1980,37.62499764408855,30.777393708850177,0.14953047064007258,8.107231283996953
F8,29,PSO,cold_restart,20,5,10,500,1.0,100,50000,50000,True,100,99,20,1980,31.06261356490907,17.92400770302695,0.19216784641666082,1.1413098820048617
F8,29,PSO,previous_best_seeded,20,5,10,500,1.0,100,50000,50000,True,100,99,20,1980,23.74224138537999,16.549896561700645,0.19333978176588773,1.0222981160040945
F8,29,PSO,population_persistence,20,5,10,500,1.0,100,50000,50000,True,100,99,20,1980,12.012010824383921,10.912567802894158,0.026513842410041833,1.0322884539928054
F8,27,WOA,cold_restart,20,5,10,500,1.0,100,50000,50000,True,100,99,20,1980,39.58051268779172,33.96600456643018,0.1486653687067669,6.091417349991389
F8,27,WOA,previous_best_seeded,20,5,10,500,1.0,100,50000,50000,True,100,99,20,1980,22.338318486313693,20.205685282006375,0.15223277845661326,6.369454398998641
F8,29,GWO,previous_best_seeded,20,5,10,500,1.0,100,50000,50000,True,100,99,20,1980,14.552639658652517,9.136847182039261,0.10651944258471326,2.832795549998991
F8,29,GWO,population_persistence,20,5,10,500,1.0,100,50000,50000,True,100,99,20,1980,44.00733810713102,41.72127873366562,0.0066170548652670904,2.8779445180116454
F8,28,SGO,population_persistence,20,5,10,500,1.0,100,50000,50000,True,100,99,20,1980,55.013156347189366,51.40602088076141,0.11967838792022455,6.444865917001152
F8,29,GWO,cold_restart,20,5,10,500,1.0,100,50000,50000,True,100,99,20,1980,22.66821447965725,12.71775990272888,0.11156181332774281,3.7380215260054683
F8,27,WOA,population_persistence,20,5,10,500,1.0,100,50000,50000,True,100,99,20,1980,56.91005264202308,52.35644369869323,0.044973864900880664,7.602316150005208
F8,28,WOA,population_persistence,20,5,10,500,1.0,100,50000,50000,True,100,99,20,1980,30.89128163088134,27.509878845261532,0.06993617938339118,5.6141700979933375
F8,30,PSO,cold_restart,20,5,10,500,1.0,100,50000,50000,True,100,99,20,1980,29.944055830610367,17.547102806944046,0.1855521994967939,1.2385551750048762
F8,30,PSO,previous_best_seeded,20,5,10,500,1.0,100,50000,50000,True,100,99,20,1980,21.223529580969316,13.866875007863056,0.1834847127013251,1.3847775610047393
F8,30,PSO,population_persistence,20,5,10,500,1.0,100,50000,50000,True,100,99,20,1980,48.17874203940178,43.40058865416251,0.0499860503891728,1.1686020189954434
F8,30,GWO,cold_restart,20,5,10,500,1.0,100,50000,50000,True,100,99,20,1980,26.478473319835608,16.8120281507379,0.1176307313444603,2.890620045000105
F8,28,SGO,cold_restart,20,5,10,500,1.0,100,50000,50000,True,100,99,20,1980,41.93597386996851,32.27733478827311,0.21461131810861353,9.052090471988777
F8,29,SGO,population_persistence,20,5,10,500,1.0,100,50000,50000,True,100,99,20,1980,46.29318287484748,43.77679660426403,0.03093695818192211,6.592398495005909
F8,28,SGO,previous_best_seeded,20,5,10,500,1.0,100,50000,50000,True,100,99,20,1980,30.08707364190926,25.247517908064495,0.21707179129053697,9.289530744004878
F8,30,GWO,previous_best_seeded,20,5,10,500,1.0,100,50000,50000,True,100,99,20,1980,19.308556109022792,13.90696589097465,0.11899472162653506,2.9401468860014575
F8,30,GWO,population_persistence,20,5,10,500,1.0,100,50000,50000,True,100,99,20,1980,41.14070004172368,37.44854196628051,0.021970263828014678,3.0291050779924262
F8,29,SGO,cold_restart,20,5,10,500,1.0,100,50000,50000,True,100,99,20,1980,31.294922163414824,21.760532169144327,0.17376379076563256,7.419257624002057
F8,28,WOA,cold_restart,20,5,10,500,1.0,100,50000,50000,True,100,99,20,1980,36.05053120029249,29.79079261610049,0.15156945690959372,8.110615804995177
F8,29,WOA,previous_best_seeded,20,5,10,500,1.0,100,50000,50000,True,100,99,20,1980,22.322388003951446,19.684883386831753,0.145572921884416,6.089053125993814
F8,28,WOA,previous_best_seeded,20,5,10,500,1.0,100,50000,50000,True,100,99,20,1980,21.88535719774316,18.66896552415038,0.1516587581688953,8.221419283989235
F8,29,WOA,cold_restart,20,5,10,500,1.0,100,50000,50000,True,100,99,20,1980,31.905332507612872,25.392025766354596,0.14820521537376646,6.196211112008314
F8,31,PSO,cold_restart,20,5,10,500,1.0,100,50000,50000,True,100,99,20,1980,33.07996176861699,21.081291026208955,0.1852237434219901,1.0915101050049998
F8,31,PSO,previous_best_seeded,20,5,10,500,1.0,100,50000,50000,True,100,99,20,1980,23.74827027091643,17.601743110955233,0.17993362044754893,1.1704090550047113
F8,31,PSO,population_persistence,20,5,10,500,1.0,100,50000,50000,True,100,99,20,1980,19.69139393193317,19.206413529803793,0.016749999930014036,1.1591073860035976
F8,29,SGO,previous_best_seeded,20,5,10,500,1.0,100,50000,50000,True,100,99,20,1980,23.701729393598093,18.801198572959052,0.16635640420519626,9.170290212990949
F8,30,SGO,cold_restart,20,5,10,500,1.0,100,50000,50000,True,100,99,20,1980,36.753967781465576,28.29596973781088,0.20723498367350635,6.906771481997566
F8,30,SGO,previous_best_seeded,20,5,10,500,1.0,100,50000,50000,True,100,99,20,1980,32.36137449225047,24.590300485553435,0.20622901741805152,7.101350030003232
F8,31,GWO,cold_restart,20,5,10,500,1.0,100,50000,50000,True,100,99,20,1980,32.06033506064125,21.897975295783652,0.12074088343131133,2.987272447993746
F8,30,SGO,population_persistence,20,5,10,500,1.0,100,50000,50000,True,100,99,20,1980,67.62230482004367,64.17324886291465,0.02593669837038481,6.999395457998617
F8,31,GWO,population_persistence,20,5,10,500,1.0,100,50000,50000,True,100,99,20,1980,16.449438546510923,15.625432388660458,0.04478613319195619,2.946317143010674
F8,29,WOA,population_persistence,20,5,10,500,1.0,100,50000,50000,True,100,99,20,1980,28.78148716819886,26.618708617892285,0.04625552738839171,8.202373651991365
F8,31,GWO,previous_best_seeded,20,5,10,500,1.0,100,50000,50000,True,100,99,20,1980,21.829839602459465,17.621656555798456,0.12535250184118477,3.6909192159946542
F8,30,WOA,cold_restart,20,5,10,500,1.0,100,50000,50000,True,100,99,20,1980,33.01744088464725,26.607755740630342,0.14941338329535195,6.458315388998017
F8,30,WOA,previous_best_seeded,20,5,10,500,1.0,100,50000,50000,True,100,99,20,1980,24.495086748899634,20.927227810323465,0.1507032349884031,6.198427076000371
F8,31,SGO,previous_best_seeded,20,5,10,500,1.0,100,50000,50000,True,100,99,20,1980,30.124821242855056,26.138153151832054,0.22519560789520715,7.014616654996644
F8,31,SGO,population_persistence,20,5,10,500,1.0,100,50000,50000,True,100,99,20,1980,52.750234912574186,48.6721471789541,0.06258896909523441,7.295904503000202
F8,31,WOA,population_persistence,20,5,10,500,1.0,100,50000,50000,True,100,99,20,1980,46.7563619372972,41.45917162322989,0.059705297709286335,6.379665220010793
F8,31,WOA,previous_best_seeded,20,5,10,500,1.0,100,50000,50000,True,100,99,20,1980,31.942051533685028,27.026075876535028,0.15040205851478783,6.7257634489942575
F8,30,WOA,population_persistence,20,5,10,500,1.0,100,50000,50000,True,100,99,20,1980,34.47563687073686,30.870301125179186,0.05133898205693273,8.561308290998568
F8,31,SGO,cold_restart,20,5,10,500,1.0,100,50000,50000,True,100,99,20,1980,43.65697734832186,34.257706303483204,0.21172950249007003,8.86823275599454
F8,31,WOA,cold_restart,20,5,10,500,1.0,100,50000,50000,True,100,99,20,1980,37.195055558113886,31.336114361825476,0.15024566640000456,7.859054760992876
F10,1,PSO,population_persistence,20,20,10,5000,1.0,100,500000,500000,True,100,99,20,1980,175.40442428936103,155.90854104912898,0.04233144709861193,24.20516344999487
F10,1,PSO,cold_restart,20,20,10,5000,1.0,100,500000,500000,True,100,99,20,1980,134.48481736034188,97.98525611231732,0.14032438242652845,24.72677196600125
F10,1,PSO,previous_best_seeded,20,20,10,5000,1.0,100,500000,500000,True,100,99,20,1980,113.99982891313496,90.84131161352401,0.11747261392063577,24.937707945005968
F10,2,PSO,cold_restart,20,20,10,5000,1.0,100,500000,500000,True,100,99,20,1980,136.80473228222212,102.31447346993568,0.14073284191082544,27.103597895998973
F10,2,PSO,previous_best_seeded,20,20,10,5000,1.0,100,500000,500000,True,100,99,20,1980,74.96121206495175,58.300187038393496,0.1216968382234777,30.074840584988124
F10,1,GWO,population_persistence,20,20,10,5000,1.0,100,500000,500000,True,100,99,20,1980,159.3390583440491,153.0672597824416,0.012538215247644384,45.26097518998722
F10,1,GWO,previous_best_seeded,20,20,10,5000,1.0,100,500000,500000,True,100,99,20,1980,45.482774459440186,33.67739027769411,0.07906648942170377,45.830869543002336
F10,2,PSO,population_persistence,20,20,10,5000,1.0,100,500000,500000,True,100,99,20,1980,91.21342603565624,77.47663396559814,0.0606639303401959,27.153196093000588
F10,1,GWO,cold_restart,20,20,10,5000,1.0,100,500000,500000,True,100,99,20,1980,114.5253365485877,91.69651020924456,0.0807953353614622,56.07321240400779
F10,2,GWO,previous_best_seeded,20,20,10,5000,1.0,100,500000,500000,True,100,99,20,1980,55.71063020008322,39.92423739359586,0.08485595740370153,50.88453994698648
F10,2,GWO,cold_restart,20,20,10,5000,1.0,100,500000,500000,True,100,99,20,1980,118.28940624383884,92.82566444096088,0.08048919291653525,51.786756726010935
F10,2,GWO,population_persistence,20,20,10,5000,1.0,100,500000,500000,True,100,99,20,1980,181.3347908918583,173.72928990682732,0.008887736885328764,51.7608203359996
F10,3,PSO,previous_best_seeded,20,20,10,5000,1.0,100,500000,500000,True,100,99,20,1980,98.54101697830767,77.8528825074142,0.12179001477147104,26.336426940993988
F10,3,PSO,cold_restart,20,20,10,5000,1.0,100,500000,500000,True,100,99,20,1980,137.93961182238212,104.18279049078191,0.13839762750553194,27.893551130007836
F10,3,GWO,previous_best_seeded,20,20,10,5000,1.0,100,500000,500000,True,100,99,20,1980,36.01367244471196,25.525605294911443,0.08494577924004541,46.25443568099581
F10,3,GWO,cold_restart,20,20,10,5000,1.0,100,500000,500000,True,100,99,20,1980,109.60867450884783,83.98868848618581,0.07936139941247303,47.0350415599969
F10,3,GWO,population_persistence,20,20,10,5000,1.0,100,500000,500000,True,100,99,20,1980,131.3599452235209,121.75502796072222,0.019955827591192243,47.05572207599471
F10,3,PSO,population_persistence,20,20,10,5000,1.0,100,500000,500000,True,100,99,20,1980,339.30959627852707,331.9494213787714,0.015994890759470394,23.2222980200022
F10,1,WOA,cold_restart,20,20,10,5000,1.0,100,500000,500000,True,100,99,20,1980,175.01300072364677,168.13983552131467,0.10952847115676025,86.11273008899298
F10,2,WOA,cold_restart,20,20,10,5000,1.0,100,500000,500000,True,100,99,20,1980,175.20703134671206,167.59395851548436,0.10901449400678075,87.40250666899374
F10,2,WOA,population_persistence,20,20,10,5000,1.0,100,500000,500000,True,100,99,20,1980,186.9722982169985,183.26794814580506,0.05806097845474552,88.05627089600603
F10,1,WOA,population_persistence,20,20,10,5000,1.0,100,500000,500000,True,100,99,20,1980,186.90244032273196,181.8730075972899,0.044645030349933286,89.46757513099874
F10,2,WOA,previous_best_seeded,20,20,10,5000,1.0,100,500000,500000,True,100,99,20,1980,165.7527650013808,160.1195191460698,0.10889518192842425,90.12981240700174
F10,1,WOA,previous_best_seeded,20,20,10,5000,1.0,100,500000,500000,True,100,99,20,1980,169.62892637024487,162.45598745662375,0.1066343941647224,93.66102273599245
F10,3,SGO,population_persistence,20,20,10,5000,1.0,100,500000,500000,True,100,99,20,1980,209.37400754218717,205.99971279526238,0.041060864495622205,96.66786592899007
F10,3,SGO,previous_best_seeded,20,20,10,5000,1.0,100,500000,500000,True,100,99,20,1980,162.53684299626335,154.54577602364355,0.09664111347886413,99.1865784440015
F10,1,SGO,population_persistence,20,20,10,5000,1.0,100,500000,500000,True,100,99,20,1980,216.0440300819286,211.03658972175867,0.0336058457327786,101.6731526430085
F10,2,SGO,population_persistence,20,20,10,5000,1.0,100,500000,500000,True,100,99,20,1980,234.69290285390622,230.6185576501509,0.030223530236990075,102.46606380700541
F10,1,SGO,previous_best_seeded,20,20,10,5000,1.0,100,500000,500000,True,100,99,20,1980,160.03934350490354,150.79953966123253,0.10056468702262937,104.82373508998717
F10,3,SGO,cold_restart,20,20,10,5000,1.0,100,500000,500000,True,100,99,20,1980,163.43862447919386,155.4550210632516,0.10195578377314782,105.78032342999359
F10,2,SGO,cold_restart,20,20,10,5000,1.0,100,500000,500000,True,100,99,20,1980,168.96931311150735,159.82558668342338,0.10059172712897148,106.45217219900223
F10,2,SGO,previous_best_seeded,20,20,10,5000,1.0,100,500000,500000,True,100,99,20,1980,150.795793866328,142.30487414779338,0.10928674235330882,107.51502945400716
F10,1,SGO,cold_restart,20,20,10,5000,1.0,100,500000,500000,True,100,99,20,1980,160.23778900607323,151.50158458133004,0.10053337484682946,108.7016238720098
F10,4,PSO,cold_restart,20,20,10,5000,1.0,100,500000,500000,True,100,99,20,1980,143.9284048488195,108.52423954973014,0.13697988662835298,27.239996452000923
F10,4,PSO,previous_best_seeded,20,20,10,5000,1.0,100,500000,500000,True,100,99,20,1980,84.27374338055438,66.36186080618019,0.11726902297570514,27.395687137992354
F10,4,PSO,population_persistence,20,20,10,5000,1.0,100,500000,500000,True,100,99,20,1980,72.9042802446084,62.328480530918384,0.033042731256545055,26.402151823989698
F10,3,WOA,cold_restart,20,20,10,5000,1.0,100,500000,500000,True,100,99,20,1980,169.73940373986716,162.51776237477222,0.11140083820594786,101.15151669099578
F10,3,WOA,population_persistence,20,20,10,5000,1.0,100,500000,500000,True,100,99,20,1980,182.99342542882036,179.0650917170225,0.05513129692980491,90.2293528040027
F10,3,WOA,previous_best_seeded,20,20,10,5000,1.0,100,500000,500000,True,100,99,20,1980,159.27484844154841,153.8361917467046,0.11298709416217868,93.06808920300682
F10,4,GWO,cold_restart,20,20,10,5000,1.0,100,500000,500000,True,100,99,20,1980,122.51142698702866,93.0384015624386,0.08206640009645723,52.96524921999662
F10,4,GWO,population_persistence,20,20,10,5000,1.0,100,500000,500000,True,100,99,20,1980,123.91853160814871,111.33866165417727,0.02501517224146293,51.417636559999664
F10,4,GWO,previous_best_seeded,20,20,10,5000,1.0,100,500000,500000,True,100,99,20,1980,54.65672998504904,39.262371808436214,0.08406313502153658,54.24864182600868
F10,5,PSO,cold_restart,20,20,10,5000,1.0,100,500000,500000,True,100,99,20,1980,133.19173302009335,99.85712490437685,0.13646678636225923,26.888353351998376
F10,4,SGO,cold_restart,20,20,10,5000,1.0,100,500000,500000,True,100,99,20,1980,183.9031868630787,174.1746609365513,0.10832667869455442,103.35185322300822
F10,5,PSO,previous_best_seeded,20,20,10,5000,1.0,100,500000,500000,True,100,99,20,1980,113.53522334208532,92.7827320668964,0.1138731794237365,28.658061656999053
F10,4,SGO,previous_best_seeded,20,20,10,5000,1.0,100,500000,500000,True,100,99,20,1980,182.84271163509038,172.60506773467813,0.10548079194945245,102.50437778799096
F10,5,PSO,population_persistence,20,20,10,5000,1.0,100,500000,500000,True,100,99,20,1980,62.79655657335417,54.68407735534288,0.05422854535532533,27.095543516988982
F10,5,GWO,previous_best_seeded,20,20,10,5000,1.0,100,500000,500000,True,100,99,20,1980,43.927080315591176,34.43004551492649,0.08877752367961873,50.25019516299653
F10,5,GWO,cold_restart,20,20,10,5000,1.0,100,500000,500000,True,100,99,20,1980,119.28974698978729,94.26685602786146,0.08123270281463793,53.888250171003165
F10,5,GWO,population_persistence,20,20,10,5000,1.0,100,500000,500000,True,100,99,20,1980,203.4945223670184,198.114785874985,0.0063549684273626,55.97766814100032
F10,6,PSO,cold_restart,20,20,10,5000,1.0,100,500000,500000,True,100,99,20,1980,131.71337848266413,96.62510466978536,0.13514817096707082,27.616054840997094
F10,6,PSO,previous_best_seeded,20,20,10,5000,1.0,100,500000,500000,True,100,99,20,1980,84.4915409698667,65.41871136447563,0.11473716679612019,26.676257482002256
F10,4,SGO,population_persistence,20,20,10,5000,1.0,100,500000,500000,True,100,99,20,1980,257.3383650465203,253.67076571394998,0.03839615333790172,100.33263876599085
F10,6,PSO,population_persistence,20,20,10,5000,1.0,100,500000,500000,True,100,99,20,1980,132.91609533730906,119.62473748752812,0.038123758751953014,28.816523539004265
F10,4,WOA,cold_restart,20,20,10,5000,1.0,100,500000,500000,True,100,99,20,1980,188.24351657140326,179.3368007548187,0.1119397056904342,91.27289101699716
F10,4,WOA,previous_best_seeded,20,20,10,5000,1.0,100,500000,500000,True,100,99,20,1980,168.97980301502827,162.8893528626628,0.11077165767343418,93.62129400500271
F10,6,GWO,previous_best_seeded,20,20,10,5000,1.0,100,500000,500000,True,100,99,20,1980,31.753237597527026,20.76510494471399,0.087238955664772,46.09584191799513
F10,6,GWO,cold_restart,20,20,10,5000,1.0,100,500000,500000,True,100,99,20,1980,115.42622501681893,88.35076322704379,0.08146541753526397,48.43179162401066
F10,4,WOA,population_persistence,20,20,10,5000,1.0,100,500000,500000,True,100,99,20,1980,215.3758682385833,211.37825563841915,0.06098249139581091,98.42352095400565
F10,6,GWO,population_persistence,20,20,10,5000,1.0,100,500000,500000,True,100,99,20,1980,190.06985466715736,182.52863094063014,0.012377482151121286,52.929841641001985
F10,5,SGO,population_persistence,20,20,10,5000,1.0,100,500000,500000,True,100,99,20,1980,242.3338468065913,240.45616352641642,0.028458145688657635,99.18416077499569
F10,5,SGO,previous_best_seeded,20,20,10,5000,1.0,100,500000,500000,True,100,99,20,1980,94.82820117140956,87.45009935863109,0.1239166407975376,103.27805646200432
F10,5,SGO,cold_restart,20,20,10,5000,1.0,100,500000,500000,True,100,99,20,1980,168.2227093694824,158.58995777000456,0.10196485895120168,106.51823275598872
F10,5,WOA,previous_best_seeded,20,20,10,5000,1.0,100,500000,500000,True,100,99,20,1980,175.1215894761276,168.61253334209283,0.10816098237557016,84.79533146199537
F10,7,PSO,cold_restart,20,20,10,5000,1.0,100,500000,500000,True,100,99,20,1980,130.37226420248945,95.28702710276254,0.13456200068755392,24.4626311250031
F10,5,WOA,cold_restart,20,20,10,5000,1.0,100,500000,500000,True,100,99,20,1980,179.43016452339464,171.49831530612693,0.10910133075630882,88.59260267499485
F10,7,PSO,previous_best_seeded,20,20,10,5000,1.0,100,500000,500000,True,100,99,20,1980,96.15747520163792,75.87617816310286,0.11054600826939004,26.93773876100022
F10,7,PSO,population_persistence,20,20,10,5000,1.0,100,500000,500000,True,100,99,20,1980,98.32062723305583,86.99084950226404,0.046005622221700404,28.701582095003687
F10,6,SGO,previous_best_seeded,20,20,10,5000,1.0,100,500000,500000,True,100,99,20,1980,117.74727343312496,110.12171095151514,0.1280091342186932,95.57943075799267
F10,5,WOA,population_persistence,20,20,10,5000,1.0,100,500000,500000,True,100,99,20,1980,195.49525927723343,190.73168164266153,0.0498849609415951,97.82921994700155
F10,6,SGO,population_persistence,20,20,10,5000,1.0,100,500000,500000,True,100,99,20,1980,244.0190574765583,241.44374286221836,0.027186807897939615,90.38870705598674
F10,6,SGO,cold_restart,20,20,10,5000,1.0,100,500000,500000,True,100,99,20,1980,179.56434105819937,170.33270004555638,0.10730247158754919,100.47384733399667
F10,7,GWO,cold_restart,20,20,10,5000,1.0,100,500000,500000,True,100,99,20,1980,114.30692742356815,89.5429187888515,0.08136387771522137,49.91513222300273
F10,7,GWO,previous_best_seeded,20,20,10,5000,1.0,100,500000,500000,True,100,99,20,1980,35.45786698713474,26.77251092655938,0.08742639748247093,50.09083230199758
F10,7,GWO,population_persistence,20,20,10,5000,1.0,100,500000,500000,True,100,99,20,1980,131.32398564256215,117.21300841834805,0.023743201621181233,50.217534651004826
F10,6,WOA,cold_restart,20,20,10,5000,1.0,100,500000,500000,True,100,99,20,1980,194.152940741359,187.77088940422718,0.11295061461737027,84.53272608098632
F10,8,PSO,cold_restart,20,20,10,5000,1.0,100,500000,500000,True,100,99,20,1980,139.9716109675548,101.91940450878519,0.14159956595095285,24.886384885001462
F10,8,PSO,previous_best_seeded,20,20,10,5000,1.0,100,500000,500000,True,100,99,20,1980,84.91666075750511,63.661208898020405,0.12957518109780966,24.868340499000624
F10,6,WOA,previous_best_seeded,20,20,10,5000,1.0,100,500000,500000,True,100,99,20,1980,129.0264548024474,124.8765210789129,0.11584041755653751,83.00635474700539
F10,8,PSO,population_persistence,20,20,10,5000,1.0,100,500000,500000,True,100,99,20,1980,334.33283045744207,326.14611564142336,0.01817586477512979,25.274100792012177
F10,6,WOA,population_persistence,20,20,10,5000,1.0,100,500000,500000,True,100,99,20,1980,212.54389044516878,209.11034881273554,0.053185463626102075,92.77089135500137
F10,8,GWO,cold_restart,20,20,10,5000,1.0,100,500000,500000,True,100,99,20,1980,115.96659255954656,90.34319726868546,0.07950098759264465,45.60917088499991
F10,7,SGO,population_persistence,20,20,10,5000,1.0,100,500000,500000,True,100,99,20,1980,232.88692114128054,229.68170729370286,0.027713244336538947,92.12875499599613
F10,8,GWO,previous_best_seeded,20,20,10,5000,1.0,100,500000,500000,True,100,99,20,1980,37.70613482000728,26.130867426106064,0.08217746272649416,47.799157840010594
F10,7,SGO,cold_restart,20,20,10,5000,1.0,100,500000,500000,True,100,99,20,1980,172.98517522050673,164.04244427144346,0.10404170375506876,104.3798685340007
F10,7,SGO,previous_best_seeded,20,20,10,5000,1.0,100,500000,500000,True,100,99,20,1980,110.95580702262119,103.85978376579673,0.1331641941600283,100.76846787800605
F10,7,WOA,cold_restart,20,20,10,5000,1.0,100,500000,500000,True,100,99,20,1980,181.93670959995217,175.03001621315576,0.11149645521654308,85.12097746100335
F10,8,GWO,population_persistence,20,20,10,5000,1.0,100,500000,500000,True,100,99,20,1980,184.21134914112466,178.4832906247695,0.007665638131324558,56.36983843499911
F10,7,WOA,previous_best_seeded,20,20,10,5000,1.0,100,500000,500000,True,100,99,20,1980,174.53869101386303,169.1843917807156,0.10446557915665328,87.08986589200504
F10,7,WOA,population_persistence,20,20,10,5000,1.0,100,500000,500000,True,100,99,20,1980,194.96836239804864,190.2799035353152,0.04975887679789155,79.72500049500377
F10,9,PSO,cold_restart,20,20,10,5000,1.0,100,500000,500000,True,100,99,20,1980,137.8301405644213,103.93854650478298,0.13610970199565567,25.929221589001827
F10,9,PSO,previous_best_seeded,20,20,10,5000,1.0,100,500000,500000,True,100,99,20,1980,101.73819151289779,82.06346073596023,0.12548803084164853,26.957385582005372
F10,9,PSO,population_persistence,20,20,10,5000,1.0,100,500000,500000,True,100,99,20,1980,143.9334425581549,132.60217544894314,0.035207830655366514,27.29101818399795
F10,9,GWO,population_persistence,20,20,10,5000,1.0,100,500000,500000,True,100,99,20,1980,198.87663618687066,192.8171685971252,0.0066226090791927875,42.639852113003144
F10,9,GWO,cold_restart,20,20,10,5000,1.0,100,500000,500000,True,100,99,20,1980,117.7657076375627,92.14887534954754,0.08143137927576279,55.14243957099097
F10,9,GWO,previous_best_seeded,20,20,10,5000,1.0,100,500000,500000,True,100,99,20,1980,50.03274113851847,33.997943924474306,0.08774223271382083,49.3183028800122
F10,8,SGO,cold_restart,20,20,10,5000,1.0,100,500000,500000,True,100,99,20,1980,168.9921221953954,159.99915532054797,0.11191991751015569,103.40829442199902
F10,8,SGO,previous_best_seeded,20,20,10,5000,1.0,100,500000,500000,True,100,99,20,1980,165.7226504027246,157.0489738564621,0.10473768930094841,107.32200407200435
F10,8,WOA,previous_best_seeded,20,20,10,5000,1.0,100,500000,500000,True,100,99,20,1980,133.03027050562605,128.40750269417467,0.10580246965166798,86.01105278100295
F10,8,WOA,population_persistence,20,20,10,5000,1.0,100,500000,500000,True,100,99,20,1980,193.5994134385738,189.30637062311368,0.047270774961307084,80.40953176800394
F10,8,WOA,cold_restart,20,20,10,5000,1.0,100,500000,500000,True,100,99,20,1980,184.24716449242348,176.9194853919258,0.11032709258718232,90.99826174898772
F10,8,SGO,population_persistence,20,20,10,5000,1.0,100,500000,500000,True,100,99,20,1980,241.56213520399183,240.25777972065367,0.025984899728499673,110.6662313459965
F10,10,PSO,population_persistence,20,20,10,5000,1.0,100,500000,500000,True,100,99,20,1980,418.8615456966665,416.1054324755459,0.006957857968344311,22.908729311006027
F10,9,SGO,cold_restart,20,20,10,5000,1.0,100,500000,500000,True,100,99,20,1980,170.74488907253286,161.77751717812941,0.10535083425162707,88.57515204399533
F10,10,PSO,cold_restart,20,20,10,5000,1.0,100,500000,500000,True,100,99,20,1980,134.4027401754763,97.61130318120813,0.14811892895380022,27.645713069010526
F10,10,PSO,previous_best_seeded,20,20,10,5000,1.0,100,500000,500000,True,100,99,20,1980,81.43716141018113,63.50795486096753,0.11008722597753892,27.189657121009077
F10,9,SGO,previous_best_seeded,20,20,10,5000,1.0,100,500000,500000,True,100,99,20,1980,168.87173065244318,158.89953670156103,0.10132387118117975,91.32126836299722
F10,9,SGO,population_persistence,20,20,10,5000,1.0,100,500000,500000,True,100,99,20,1980,246.85077270983112,244.12588590354218,0.026306156752762436,90.90839270700235
F10,10,GWO,previous_best_seeded,20,20,10,5000,1.0,100,500000,500000,True,100,99,20,1980,48.72679196297052,34.65715686617847,0.08684729399399573,46.7427268520114
F10,10,GWO,cold_restart,20,20,10,5000,1.0,100,500000,500000,True,100,99,20,1980,104.63063677874807,79.9097984403046,0.0789162706270914,56.31824377299927
F10,10,GWO,population_persistence,20,20,10,5000,1.0,100,500000,500000,True,100,99,20,1980,118.28693560215538,106.2507227186015,0.02571558347934317,49.647928316990146
F10,9,WOA,cold_restart,20,20,10,5000,1.0,100,500000,500000,True,100,99,20,1980,187.94076678093373,179.83265733516052,0.1125028910652022,81.80409868899733
F10,9,WOA,population_persistence,20,20,10,5000,1.0,100,500000,500000,True,100,99,20,1980,216.20750426107378,214.05125812721326,0.05364031153362076,82.16026646600221
F10,9,WOA,previous_best_seeded,20,20,10,5000,1.0,100,500000,500000,True,100,99,20,1980,161.57780444535078,155.9881001086389,0.10969713221403757,89.25643947000208
F10,11,PSO,previous_best_seeded,20,20,10,5000,1.0,100,500000,500000,True,100,99,20,1980,94.05741763551926,73.81014480815594,0.11492219367450182,26.35725109798659
F10,11,PSO,cold_restart,20,20,10,5000,1.0,100,500000,500000,True,100,99,20,1980,139.16012593155995,103.18692401240659,0.1389149464399847,26.69972968600632
F10,11,PSO,population_persistence,20,20,10,5000,1.0,100,500000,500000,True,100,99,20,1980,296.9593740853312,287.58440568111195,0.017554636705906984,20.26040350200492
F10,10,SGO,previous_best_seeded,20,20,10,5000,1.0,100,500000,500000,True,100,99,20,1980,153.69508987983676,145.29858732124708,0.09496500464110101,90.46937759401044
F10,11,GWO,cold_restart,20,20,10,5000,1.0,100,500000,500000,True,100,99,20,1980,117.21254210161442,91.3927410062392,0.08156972954655722,44.197134050002205
F10,10,SGO,cold_restart,20,20,10,5000,1.0,100,500000,500000,True,100,99,20,1980,157.03980616829247,148.72292961373398,0.09775759481767121,98.41495634899184
F10,11,GWO,population_persistence,20,20,10,5000,1.0,100,500000,500000,True,100,99,20,1980,159.7750943329489,150.9499717622831,0.015490874675375015,48.83680709899636
F10,11,GWO,previous_best_seeded,20,20,10,5000,1.0,100,500000,500000,True,100,99,20,1980,50.312568237914206,37.9545792690639,0.08716317255121149,50.60863268800313
F10,10,SGO,population_persistence,20,20,10,5000,1.0,100,500000,500000,True,100,99,20,1980,214.7394992917317,213.1990758296718,0.02248896516241374,104.99682237699744
F10,10,WOA,previous_best_seeded,20,20,10,5000,1.0,100,500000,500000,True,100,99,20,1980,147.5683891744358,142.66614232746008,0.11106225115838632,83.02798209700268
F10,10,WOA,cold_restart,20,20,10,5000,1.0,100,500000,500000,True,100,99,20,1980,171.493039160964,164.86231982290036,0.11281323862344461,90.04936224399717
F10,12,PSO,cold_restart,20,20,10,5000,1.0,100,500000,500000,True,100,99,20,1980,133.54742280156484,97.60506112702649,0.13926985572927542,27.86001594699337
F10,12,PSO,previous_best_seeded,20,20,10,5000,1.0,100,500000,500000,True,100,99,20,1980,118.62502340284327,92.42389949263023,0.12832864264215307,28.2308970640006
F10,10,WOA,population_persistence,20,20,10,5000,1.0,100,500000,500000,True,100,99,20,1980,189.06146585472334,186.2157839177971,0.047284535110690716,88.62980449499446
F10,12,PSO,population_persistence,20,20,10,5000,1.0,100,500000,500000,True,100,99,20,1980,346.41437568843844,338.69995536028784,0.014507741429118945,24.198079167996184
F10,12,GWO,previous_best_seeded,20,20,10,5000,1.0,100,500000,500000,True,100,99,20,1980,44.371123770508575,32.424964582319475,0.07828107937348677,44.08726576399931
F10,12,GWO,cold_restart,20,20,10,5000,1.0,100,500000,500000,True,100,99,20,1980,115.4913965187141,92.45649883137986,0.08094671773575822,53.704086390003795
F10,12,GWO,population_persistence,20,20,10,5000,1.0,100,500000,500000,True,100,99,20,1980,189.56287838693606,183.2657470741669,0.008844560577956274,43.75094050899497
F10,11,SGO,population_persistence,20,20,10,5000,1.0,100,500000,500000,True,100,99,20,1980,245.94839904665517,243.7858327914008,0.03080028365283532,93.1041549119982
F10,11,SGO,cold_restart,20,20,10,5000,1.0,100,500000,500000,True,100,99,20,1980,175.14193425556326,165.54178721125092,0.10985004427135053,106.09794892898935
F10,11,WOA,population_persistence,20,20,10,5000,1.0,100,500000,500000,True,100,99,20,1980,191.2578216443715,185.90350115478702,0.05145301249096109,83.13952974099084
F10,11,WOA,cold_restart,20,20,10,5000,1.0,100,500000,500000,True,100,99,20,1980,182.04525723888545,174.57971273495292,0.1110515487226499,88.5059599619999
F10,11,SGO,previous_best_seeded,20,20,10,5000,1.0,100,500000,500000,True,100,99,20,1980,144.99231780083193,136.87243961646564,0.12382544212823347,117.9501846130006
F10,11,WOA,previous_best_seeded,20,20,10,5000,1.0,100,500000,500000,True,100,99,20,1980,175.36211641095082,168.3440474615158,0.11071547681658725,89.02464503899682
F10,13,PSO,cold_restart,20,20,10,5000,1.0,100,500000,500000,True,100,99,20,1980,132.15526842416523,94.41011923182849,0.14051417759246174,28.15093808999518
F10,13,PSO,previous_best_seeded,20,20,10,5000,1.0,100,500000,500000,True,100,99,20,1980,96.8003522852711,74.76726822692865,0.12651641902585822,28.293223097993177
F10,13,PSO,population_persistence,20,20,10,5000,1.0,100,500000,500000,True,100,99,20,1980,109.72555411057064,98.55798476194619,0.038870270783788144,29.038323689994286
F10,13,GWO,cold_restart,20,20,10,5000,1.0,100,500000,500000,True,100,99,20,1980,109.7028584034045,82.37814167252938,0.08161586161152065,51.90265579400875
F10,13,GWO,population_persistence,20,20,10,5000,1.0,100,500000,500000,True,100,99,20,1980,200.9148412099415,196.06027365646005,0.005174197678671992,50.17540798999835
F10,12,SGO,previous_best_seeded,20,20,10,5000,1.0,100,500000,500000,True,100,99,20,1980,170.09007977976756,161.82685159980437,0.09790251738698268,96.70963963000395
F10,12,SGO,cold_restart,20,20,10,5000,1.0,100,500000,500000,True,100,99,20,1980,170.24099052260777,160.78704646932385,0.1026270018724748,105.20785717299441
F10,13,GWO,previous_best_seeded,20,20,10,5000,1.0,100,500000,500000,True,100,99,20,1980,62.77008655625851,44.461078074193544,0.0833189252942106,53.93044968500908
F10,12,SGO,population_persistence,20,20,10,5000,1.0,100,500000,500000,True,100,99,20,1980,240.01851916285935,236.89300057488964,0.031105141780278792,107.61904178299301
F10,12,WOA,cold_restart,20,20,10,5000,1.0,100,500000,500000,True,100,99,20,1980,175.19936573474726,167.77949932071658,0.11196638614999188,90.46354305300338
F10,14,PSO,population_persistence,20,20,10,5000,1.0,100,500000,500000,True,100,99,20,1980,412.9892116134103,405.14330646895183,0.009964238625631481,21.20458161199349
F10,12,WOA,previous_best_seeded,20,20,10,5000,1.0,100,500000,500000,True,100,99,20,1980,177.0882103608303,170.3991370696266,0.11099096654289509,90.77461320500879
F10,14,PSO,cold_restart,20,20,10,5000,1.0,100,500000,500000,True,100,99,20,1980,139.54737970031877,101.5475969191514,0.14557791400558484,25.0755087340076
F10,12,WOA,population_persistence,20,20,10,5000,1.0,100,500000,500000,True,100,99,20,1980,193.61428799499552,189.38124489840652,0.05161007764506181,87.16035260699573
F10,14,PSO,previous_best_seeded,20,20,10,5000,1.0,100,500000,500000,True,100,99,20,1980,97.14567927189583,76.49479636430465,0.11877581505949024,26.852497761006816
F10,14,GWO,cold_restart,20,20,10,5000,1.0,100,500000,500000,True,100,99,20,1980,117.71552011547661,91.07372442505566,0.081153805896217,44.359378381006536
F10,13,SGO,previous_best_seeded,20,20,10,5000,1.0,100,500000,500000,True,100,99,20,1980,140.33844537339246,131.3531400567005,0.13481810643567987,96.51945595399593
F10,14,GWO,previous_best_seeded,20,20,10,5000,1.0,100,500000,500000,True,100,99,20,1980,60.54948547976315,43.35222883794758,0.08673745423029561,47.547285287990235
F10,13,SGO,population_persistence,20,20,10,5000,1.0,100,500000,500000,True,100,99,20,1980,234.4745775519403,231.3369801978689,0.019887431940085055,96.43538392799383
F10,13,WOA,cold_restart,20,20,10,5000,1.0,100,500000,500000,True,100,99,20,1980,174.52709441454542,167.12949272755867,0.11230660648473158,79.93632727400109
F10,13,SGO,cold_restart,20,20,10,5000,1.0,100,500000,500000,True,100,99,20,1980,164.20503765358097,155.02361149514155,0.10241438786725672,103.68647481600055
F10,14,GWO,population_persistence,20,20,10,5000,1.0,100,500000,500000,True,100,99,20,1980,156.34997954668688,148.94698581894414,0.013090861663510336,52.35692499199649
F10,15,PSO,population_persistence,20,20,10,5000,1.0,100,500000,500000,True,100,99,20,1980,248.44707955268012,236.17482802395676,0.033389400844615925,21.973021326004528
F10,13,WOA,population_persistence,20,20,10,5000,1.0,100,500000,500000,True,100,99,20,1980,190.3494096478083,186.31128730105567,0.05899735893687409,86.61297109900624
F10,15,PSO,cold_restart,20,20,10,5000,1.0,100,500000,500000,True,100,99,20,1980,139.5046616617263,104.62098513998264,0.14192417681291897,23.36450603499543
F10,15,PSO,previous_best_seeded,20,20,10,5000,1.0,100,500000,500000,True,100,99,20,1980,91.26923000730997,69.88724753885826,0.13092602998091885,25.45074975999887
F10,15,GWO,population_persistence,20,20,10,5000,1.0,100,500000,500000,True,100,99,20,1980,190.14640181866747,183.18481525937688,0.007019172743303195,43.9770065049961
F10,15,GWO,cold_restart,20,20,10,5000,1.0,100,500000,500000,True,100,99,20,1980,115.92041169681968,89.36793043980897,0.08053966826238078,46.61846536899975
F10,15,GWO,previous_best_seeded,20,20,10,5000,1.0,100,500000,500000,True,100,99,20,1980,36.06447750346698,26.435043616885565,0.08480332101475153,48.38215289499203
F10,16,GWO,cold_restart,20,20,10,5000,1.0,100,500000,500000,True,100,99,20,1980,108.29276888280518,82.70013517459105,0.0798945458242511,49.989833700004965
F10,16,PSO,cold_restart,20,20,10,5000,1.0,100,500000,500000,True,100,99,20,1980,138.3063291984561,101.463293090916,0.14519939180341881,28.771895287005464
F10,15,WOA,cold_restart,20,20,10,5000,1.0,100,500000,500000,True,100,99,20,1980,185.6422894152067,177.7260204741743,0.11194771641208287,78.31359158399573
F10,15,WOA,population_persistence,20,20,10,5000,1.0,100,500000,500000,True,100,99,20,1980,188.67385214381784,183.93558002171335,0.04335963835968622,80.47978757601231
F10,15,WOA,previous_best_seeded,20,20,10,5000,1.0,100,500000,500000,True,100,99,20,1980,183.77420533262855,176.93129857839796,0.1104786882181659,81.79917554899293
F10,14,WOA,cold_restart,20,20,10,5000,1.0,100,500000,500000,True,100,99,20,1980,175.6328108440541,168.2107825274232,0.11266986149408047,85.0362794190005
F10,15,SGO,cold_restart,20,20,10,5000,1.0,100,500000,500000,True,100,99,20,1980,167.0485225934821,157.95143043394614,0.1028149898552482,87.16409990300599
F10,14,WOA,population_persistence,20,20,10,5000,1.0,100,500000,500000,True,100,99,20,1980,204.57768806412062,201.05481878419042,0.0477501305555734,87.86989554099273
F10,16,GWO,population_persistence,20,20,10,5000,1.0,100,500000,500000,True,100,99,20,1980,195.91596964031572,191.2402707603111,0.004216439462797193,42.5377139350021
F10,16,GWO,previous_best_seeded,20,20,10,5000,1.0,100,500000,500000,True,100,99,20,1980,49.39637167481929,36.03611136443685,0.08965271009275083,45.44454655400477
F10,16,SGO,cold_restart,20,20,10,5000,1.0,100,500000,500000,True,100,99,20,1980,158.33710648625288,149.09353203239615,0.09914356647119092,89.88704457199492
F10,13,WOA,previous_best_seeded,20,20,10,5000,1.0,100,500000,500000,True,100,99,20,1980,174.5931997196857,168.04044593427457,0.11009084397726432,90.15472145700187
F10,14,WOA,previous_best_seeded,20,20,10,5000,1.0,100,500000,500000,True,100,99,20,1980,173.67263379469892,168.0053630503911,0.0995278229648064,91.2308521209925
F10,16,SGO,previous_best_seeded,20,20,10,5000,1.0,100,500000,500000,True,100,99,20,1980,145.0103796117911,136.49448514394467,0.10818101692312487,95.43681056601054
F10,14,SGO,population_persistence,20,20,10,5000,1.0,100,500000,500000,True,100,99,20,1980,225.66303112920718,222.93408698316253,0.036201171506706493,96.12201079398801
F10,15,SGO,previous_best_seeded,20,20,10,5000,1.0,100,500000,500000,True,100,99,20,1980,166.29239614696345,157.41799054241372,0.1010897658108302,96.57396717500524
F10,14,SGO,previous_best_seeded,20,20,10,5000,1.0,100,500000,500000,True,100,99,20,1980,159.70052570241702,150.23342396579665,0.0979512534259565,99.02918275400589
F10,14,SGO,cold_restart,20,20,10,5000,1.0,100,500000,500000,True,100,99,20,1980,163.69760535806196,154.23962194512885,0.09882200611075595,99.68213023399585
F10,16,PSO,population_persistence,20,20,10,5000,1.0,100,500000,500000,True,100,99,20,1980,260.30706029732426,246.51046135788525,0.0262595690298508,25.852365496000857
F10,16,PSO,previous_best_seeded,20,20,10,5000,1.0,100,500000,500000,True,100,99,20,1980,103.65904900710579,83.57758033094578,0.1165803345795911,28.31411241699243
F10,15,SGO,population_persistence,20,20,10,5000,1.0,100,500000,500000,True,100,99,20,1980,226.0155676224857,222.5478413156686,0.037948506572573266,107.35551567999937
F10,17,PSO,cold_restart,20,20,10,5000,1.0,100,500000,500000,True,100,99,20,1980,137.78747743101712,100.25763010155217,0.14427004190785753,26.194447577989195
F10,16,SGO,population_persistence,20,20,10,5000,1.0,100,500000,500000,True,100,99,20,1980,224.44124991337623,222.74223528883914,0.042053867901139526,93.45471779099898
F10,17,PSO,population_persistence,20,20,10,5000,1.0,100,500000,500000,True,100,99,20,1980,312.2585175693746,298.64187765257066,0.020921642574736683,23.4864774029993
F10,17,PSO,previous_best_seeded,20,20,10,5000,1.0,100,500000,500000,True,100,99,20,1980,119.61586111039442,89.664108877297,0.1408342708635583,29.295129676000215
F10,17,GWO,cold_restart,20,20,10,5000,1.0,100,500000,500000,True,100,99,20,1980,115.70058920690963,90.49694519870977,0.08010647483346113,44.750436627000454
F10,17,GWO,previous_best_seeded,20,20,10,5000,1.0,100,500000,500000,True,100,99,20,1980,54.01882832389604,40.34178185629624,0.07597308850366272,50.91596718400251
F10,17,GWO,population_persistence,20,20,10,5000,1.0,100,500000,500000,True,100,99,20,1980,165.11524008500615,158.56971483309982,0.00921862187029043,50.58945197999128
F10,18,PSO,cold_restart,20,20,10,5000,1.0,100,500000,500000,True,100,99,20,1980,140.17953728177625,106.36248853630873,0.14592270698949414,27.286711501001264
F10,18,PSO,previous_best_seeded,20,20,10,5000,1.0,100,500000,500000,True,100,99,20,1980,100.17990240586927,78.04849701908275,0.11780686597757681,26.77694532200985
F10,18,PSO,population_persistence,20,20,10,5000,1.0,100,500000,500000,True,100,99,20,1980,333.30927989299005,325.6797146636304,0.012547473458929035,19.623966212006053
F10,16,WOA,cold_restart,20,20,10,5000,1.0,100,500000,500000,True,100,99,20,1980,171.8415128487111,164.09831534794208,0.10963229083058877,76.46414960900438
F10,16,WOA,population_persistence,20,20,10,5000,1.0,100,500000,500000,True,100,99,20,1980,179.154945043522,174.98255954667187,0.0540538583437552,77.66332320599759
F10,16,WOA,previous_best_seeded,20,20,10,5000,1.0,100,500000,500000,True,100,99,20,1980,159.63968889056426,154.88643037563503,0.10943537091732777,80.22305229799531
F10,18,GWO,cold_restart,20,20,10,5000,1.0,100,500000,500000,True,100,99,20,1980,107.64245915754202,81.48109219492213,0.08018092163097834,53.84047841100255
F10,18,GWO,population_persistence,20,20,10,5000,1.0,100,500000,500000,True,100,99,20,1980,169.37166056562685,163.33128752169694,0.01015437258973496,46.405613779992564
F10,18,GWO,previous_best_seeded,20,20,10,5000,1.0,100,500000,500000,True,100,99,20,1980,31.667609132146715,22.19725471228901,0.08878746489670594,47.063613910999265
F10,17,WOA,cold_restart,20,20,10,5000,1.0,100,500000,500000,True,100,99,20,1980,180.3099279924604,172.98612235315224,0.10917801051033864,79.35975805298949
F10,17,SGO,previous_best_seeded,20,20,10,5000,1.0,100,500000,500000,True,100,99,20,1980,156.337858477457,147.7692594192764,0.09539497645453622,90.95865978699294
F10,17,WOA,population_persistence,20,20,10,5000,1.0,100,500000,500000,True,100,99,20,1980,182.18745789992218,177.801346397712,0.05080438182895188,87.88805122500344
F10,17,SGO,cold_restart,20,20,10,5000,1.0,100,500000,500000,True,100,99,20,1980,162.4503868571253,153.59294877747112,0.09557904651555238,104.07460198301123
F10,17,WOA,previous_best_seeded,20,20,10,5000,1.0,100,500000,500000,True,100,99,20,1980,164.72415300258046,159.21524681240217,0.1065876168896574,93.36862969800131
F10,19,PSO,cold_restart,20,20,10,5000,1.0,100,500000,500000,True,100,99,20,1980,138.15186310357697,101.65425497536975,0.14392905007436985,27.088731457988615
F10,17,SGO,population_persistence,20,20,10,5000,1.0,100,500000,500000,True,100,99,20,1980,204.91163005919262,202.49925392448873,0.04560537762244593,102.78049875299621
F10,19,PSO,previous_best_seeded,20,20,10,5000,1.0,100,500000,500000,True,100,99,20,1980,69.77102157383841,52.47874917230413,0.11621151720486103,28.394697847004863
F10,19,PSO,population_persistence,20,20,10,5000,1.0,100,500000,500000,True,100,99,20,1980,359.1665942290965,348.05892420649,0.015545131041544077,23.861755587990046
F10,18,SGO,population_persistence,20,20,10,5000,1.0,100,500000,500000,True,100,99,20,1980,217.86239749923806,214.3355881731639,0.020987840061115207,95.5900582739996
F10,18,SGO,cold_restart,20,20,10,5000,1.0,100,500000,500000,True,100,99,20,1980,150.29161249256055,140.66889560467325,0.09894022508314397,100.27940284699434
F10,18,SGO,previous_best_seeded,20,20,10,5000,1.0,100,500000,500000,True,100,99,20,1980,147.31982135229362,138.44293435435787,0.10387158920292003,102.47671596999862
F10,19,GWO,previous_best_seeded,20,20,10,5000,1.0,100,500000,500000,True,100,99,20,1980,55.21936255853029,38.84356311777132,0.08125426230449631,46.003093413004535
F10,19,GWO,population_persistence,20,20,10,5000,1.0,100,500000,500000,True,100,99,20,1980,199.06024689326696,195.1723489569227,0.0048780864676024336,47.652920378008275
F10,19,GWO,cold_restart,20,20,10,5000,1.0,100,500000,500000,True,100,99,20,1980,107.97636514760913,81.72396120987172,0.07958004841386944,49.747455545002595
F10,18,WOA,previous_best_seeded,20,20,10,5000,1.0,100,500000,500000,True,100,99,20,1980,139.9156160146074,134.89393740944178,0.104336666787649,80.44225858600112
F10,18,WOA,cold_restart,20,20,10,5000,1.0,100,500000,500000,True,100,99,20,1980,164.80024925433224,157.25203560748068,0.11083897276255646,81.61369415500667
F10,20,PSO,cold_restart,20,20,10,5000,1.0,100,500000,500000,True,100,99,20,1980,142.02273542363238,104.71961951471303,0.14389622500938587,26.03403462600545
F10,18,WOA,population_persistence,20,20,10,5000,1.0,100,500000,500000,True,100,99,20,1980,161.07586177781803,156.4723463139191,0.057526044704964426,81.38131513699773
F10,20,PSO,population_persistence,20,20,10,5000,1.0,100,500000,500000,True,100,99,20,1980,376.5299087956022,366.7407587458602,0.025161115708092686,21.094914699002402
F10,20,PSO,previous_best_seeded,20,20,10,5000,1.0,100,500000,500000,True,100,99,20,1980,87.14592245226821,67.79851453512013,0.13002496369430364,29.087413827001
F10,20,GWO,cold_restart,20,20,10,5000,1.0,100,500000,500000,True,100,99,20,1980,118.94510521941176,91.34663255648842,0.08125046431478705,43.08107682300033
F10,20,GWO,population_persistence,20,20,10,5000,1.0,100,500000,500000,True,100,99,20,1980,188.41853564582118,180.99626585494232,0.009582736925681151,42.252623159991344
F10,19,SGO,previous_best_seeded,20,20,10,5000,1.0,100,500000,500000,True,100,99,20,1980,150.67421091876616,143.35505814214622,0.10517251632908532,88.77375117300835
F10,20,GWO,previous_best_seeded,20,20,10,5000,1.0,100,500000,500000,True,100,99,20,1980,58.339166034380035,42.202809241580226,0.07980670754818288,53.1392314239929
F10,19,SGO,population_persistence,20,20,10,5000,1.0,100,500000,500000,True,100,99,20,1980,229.6647460119956,227.8655642343977,0.021776198551077444,101.99270113100647
F10,19,SGO,cold_restart,20,20,10,5000,1.0,100,500000,500000,True,100,99,20,1980,162.15261937293116,153.03646423310005,0.09916414984941005,112.55041254800744
F10,21,PSO,cold_restart,20,20,10,5000,1.0,100,500000,500000,True,100,99,20,1980,138.58079484031606,103.02422492025556,0.1356135793347414,26.43598771399411
F10,19,WOA,previous_best_seeded,20,20,10,5000,1.0,100,500000,500000,True,100,99,20,1980,161.70287301935144,155.4702691659378,0.10935709791363597,81.46866060100729
F10,21,PSO,previous_best_seeded,20,20,10,5000,1.0,100,500000,500000,True,100,99,20,1980,58.57753441961345,46.55065618458216,0.12277097753830651,27.610890152995125
F10,21,GWO,cold_restart,20,20,10,5000,1.0,100,500000,500000,True,100,99,20,1980,121.47981027784208,94.76822030009653,0.08067691302878784,44.010406140005216
F10,19,WOA,population_persistence,20,20,10,5000,1.0,100,500000,500000,True,100,99,20,1980,172.29928116308062,168.4441928933254,0.06492612350178703,85.99645418500586
F10,19,WOA,cold_restart,20,20,10,5000,1.0,100,500000,500000,True,100,99,20,1980,163.63256474661605,156.05583026697076,0.111031595246264,98.84754912598873
F10,21,GWO,population_persistence,20,20,10,5000,1.0,100,500000,500000,True,100,99,20,1980,201.43136644094847,194.35342769536743,0.009887747429532938,41.998441208997974
F10,21,PSO,population_persistence,20,20,10,5000,1.0,100,500000,500000,True,100,99,20,1980,281.06484110063695,270.97396697841464,0.028252910810944803,24.988359511989984
F10,21,GWO,previous_best_seeded,20,20,10,5000,1.0,100,500000,500000,True,100,99,20,1980,44.35620828676528,32.95060370138208,0.08841020461076766,48.716386594009236
F10,20,SGO,cold_restart,20,20,10,5000,1.0,100,500000,500000,True,100,99,20,1980,170.95171501847835,161.039122628126,0.09913264343062955,96.06332097500854
F10,20,SGO,population_persistence,20,20,10,5000,1.0,100,500000,500000,True,100,99,20,1980,248.59682642966956,246.43173493031642,0.028698732125126882,103.23666836200573
F10,20,WOA,previous_best_seeded,20,20,10,5000,1.0,100,500000,500000,True,100,99,20,1980,176.38730947097602,167.5706351019839,0.10946089402707701,84.80610623001121
F10,20,WOA,cold_restart,20,20,10,5000,1.0,100,500000,500000,True,100,99,20,1980,189.12751802562076,180.93179358555923,0.11377204509228805,91.32167706899054
F10,20,WOA,population_persistence,20,20,10,5000,1.0,100,500000,500000,True,100,99,20,1980,202.00175788829574,197.0815872430984,0.04462474955059979,80.54591486501158
F10,20,SGO,previous_best_seeded,20,20,10,5000,1.0,100,500000,500000,True,100,99,20,1980,129.9972354630754,120.66343465620606,0.11952916878243773,111.60701677700854
F10,22,PSO,cold_restart,20,20,10,5000,1.0,100,500000,500000,True,100,99,20,1980,141.24786912345527,106.63708557667827,0.14028877342515797,27.600657992996275
F10,22,PSO,population_persistence,20,20,10,5000,1.0,100,500000,500000,True,100,99,20,1980,190.14248037742675,177.09205845769443,0.023906425634022226,23.334813333989587
F10,21,SGO,cold_restart,20,20,10,5000,1.0,100,500000,500000,True,100,99,20,1980,177.89787515729248,169.01051608824307,0.10138118412623597,87.46870419700281
F10,22,PSO,previous_best_seeded,20,20,10,5000,1.0,100,500000,500000,True,100,99,20,1980,75.83596428482929,61.15807156763058,0.12459339250733487,26.670738202999928
F10,22,GWO,population_persistence,20,20,10,5000,1.0,100,500000,500000,True,100,99,20,1980,145.17247333678878,135.9711978062453,0.01722438711471624,42.98534784700314
F10,21,SGO,population_persistence,20,20,10,5000,1.0,100,500000,500000,True,100,99,20,1980,220.10041695453822,216.01278517357798,0.04142718776855625,93.63450200599618
F10,22,GWO,cold_restart,20,20,10,5000,1.0,100,500000,500000,True,100,99,20,1980,120.85467125562312,92.67074791983137,0.08138311770079662,50.60513779100438
F10,22,GWO,previous_best_seeded,20,20,10,5000,1.0,100,500000,500000,True,100,99,20,1980,58.28755109715353,42.26008129376533,0.08386241010751318,54.43505816000106
F10,21,SGO,previous_best_seeded,20,20,10,5000,1.0,100,500000,500000,True,100,99,20,1980,122.34569068743056,114.11114741236233,0.11481333260936258,108.08101065800292
F10,21,WOA,cold_restart,20,20,10,5000,1.0,100,500000,500000,True,100,99,20,1980,191.3417334880719,183.79869950080564,0.11164505459114009,78.99778928200249
F10,23,PSO,population_persistence,20,20,10,5000,1.0,100,500000,500000,True,100,99,20,1980,481.50012672344815,476.55245456016945,0.006774225378722539,19.27436220299569
F10,23,PSO,cold_restart,20,20,10,5000,1.0,100,500000,500000,True,100,99,20,1980,140.74461969595828,107.35903600395972,0.14082411795794855,25.388102862008964
F10,23,PSO,previous_best_seeded,20,20,10,5000,1.0,100,500000,500000,True,100,99,20,1980,70.73792681929282,53.491155546814944,0.10940064983131947,25.194192230002955
F10,21,WOA,population_persistence,20,20,10,5000,1.0,100,500000,500000,True,100,99,20,1980,215.70604816162532,211.8813092260027,0.04875448717353081,79.90323479300423
F10,23,GWO,previous_best_seeded,20,20,10,5000,1.0,100,500000,500000,True,100,99,20,1980,65.51771556943986,52.530901505146495,0.07506365860338013,44.53244614999858
F10,21,WOA,previous_best_seeded,20,20,10,5000,1.0,100,500000,500000,True,100,99,20,1980,160.27450831784017,154.80319891278262,0.11586949660522328,94.57834014999389
F10,23,GWO,population_persistence,20,20,10,5000,1.0,100,500000,500000,True,100,99,20,1980,29.250353579694917,20.354311007270955,0.043799658052121264,44.709857608002494
F10,23,GWO,cold_restart,20,20,10,5000,1.0,100,500000,500000,True,100,99,20,1980,108.69785978756747,84.76121104297017,0.07974353779715207,50.055934656993486
F10,22,SGO,cold_restart,20,20,10,5000,1.0,100,500000,500000,True,100,99,20,1980,171.93186355700075,161.99774862884678,0.10758774566178286,96.3177436219994
F10,22,SGO,population_persistence,20,20,10,5000,1.0,100,500000,500000,True,100,99,20,1980,244.2435906549524,242.4544674824561,0.03052286630671753,101.39158527599648
F10,24,PSO,cold_restart,20,20,10,5000,1.0,100,500000,500000,True,100,99,20,1980,136.1525197208285,98.6899654931564,0.13884288920523613,26.08487329100899
F10,22,WOA,previous_best_seeded,20,20,10,5000,1.0,100,500000,500000,True,100,99,20,1980,180.18760578173482,172.6416517507342,0.1101484883605579,87.61090933000378
F10,22,WOA,population_persistence,20,20,10,5000,1.0,100,500000,500000,True,100,99,20,1980,200.10999986969796,195.38471794629766,0.05165152416520505,85.06059230599203
F10,24,PSO,population_persistence,20,20,10,5000,1.0,100,500000,500000,True,100,99,20,1980,337.318740511222,325.612683195466,0.015807540454318147,21.05497908400139
F10,24,PSO,previous_best_seeded,20,20,10,5000,1.0,100,500000,500000,True,100,99,20,1980,93.93373250768977,73.76195242892636,0.11994074575003115,27.779902498004958
F10,22,SGO,previous_best_seeded,20,20,10,5000,1.0,100,500000,500000,True,100,99,20,1980,170.0275826071523,160.16651185447262,0.10163189947903177,120.0655304529937
F10,22,WOA,cold_restart,20,20,10,5000,1.0,100,500000,500000,True,100,99,20,1980,180.00022662038833,173.1056178034364,0.1112307180000511,96.38625265999872
F10,24,GWO,cold_restart,20,20,10,5000,1.0,100,500000,500000,True,100,99,20,1980,115.8046538934198,90.13039400057045,0.08063697902566523,47.91348009799549
F10,24,GWO,population_persistence,20,20,10,5000,1.0,100,500000,500000,True,100,99,20,1980,174.40860547231532,166.19162891182236,0.014438653314612254,44.08604596700752
F10,24,GWO,previous_best_seeded,20,20,10,5000,1.0,100,500000,500000,True,100,99,20,1980,56.583555359221194,41.40011008443367,0.08170769075100139,45.12549940300232
F10,23,SGO,population_persistence,20,20,10,5000,1.0,100,500000,500000,True,100,99,20,1980,229.20128435102387,226.4832880505271,0.026081516329763486,100.14390655700117
F10,23,SGO,cold_restart,20,20,10,5000,1.0,100,500000,500000,True,100,99,20,1980,166.890652935916,158.38209610141422,0.0987698375993543,104.92363001299964
F10,23,WOA,cold_restart,20,20,10,5000,1.0,100,500000,500000,True,100,99,20,1980,182.4662261907451,175.23947232068025,0.1095409481687687,80.58761090600456
F10,23,SGO,previous_best_seeded,20,20,10,5000,1.0,100,500000,500000,True,100,99,20,1980,158.54593260683237,150.57317674279074,0.10229600496340156,113.37876080301066
F10,23,WOA,population_persistence,20,20,10,5000,1.0,100,500000,500000,True,100,99,20,1980,192.25086460832,187.7839689048413,0.04561456863399097,83.10838494601194
F10,25,PSO,previous_best_seeded,20,20,10,5000,1.0,100,500000,500000,True,100,99,20,1980,93.39062815511211,71.86038827025718,0.11764511273134064,24.535708124996745
F10,25,PSO,cold_restart,20,20,10,5000,1.0,100,500000,500000,True,100,99,20,1980,139.3631930243235,102.50997549629807,0.14031270685231345,28.17623069199908
F10,25,PSO,population_persistence,20,20,10,5000,1.0,100,500000,500000,True,100,99,20,1980,235.48475914368868,217.0692108135068,0.036009498950926075,25.570910219001235
F10,23,WOA,previous_best_seeded,20,20,10,5000,1.0,100,500000,500000,True,100,99,20,1980,176.27658442805506,170.4274382810872,0.10312651726527317,97.218267172997
F10,24,SGO,cold_restart,20,20,10,5000,1.0,100,500000,500000,True,100,99,20,1980,172.05330982273017,162.72472941008826,0.10552126841343928,87.19189993799955
F10,24,SGO,population_persistence,20,20,10,5000,1.0,100,500000,500000,True,100,99,20,1980,234.13021369765636,231.5820233041023,0.03201804316441394,87.51330653199693
F10,25,GWO,previous_best_seeded,20,20,10,5000,1.0,100,500000,500000,True,100,99,20,1980,65.1814379218056,47.874570160488446,0.0835370000160173,47.27748226199765
F10,25,GWO,cold_restart,20,20,10,5000,1.0,100,500000,500000,True,100,99,20,1980,118.02045111216331,92.30368750095394,0.08178709787695077,50.326740688993596
F10,25,GWO,population_persistence,20,20,10,5000,1.0,100,500000,500000,True,100,99,20,1980,74.16294581561613,61.07445269424378,0.02980318670471403,52.990570989000844
F10,24,SGO,previous_best_seeded,20,20,10,5000,1.0,100,500000,500000,True,100,99,20,1980,170.9800785823961,161.73133183608846,0.10474077775519368,104.05758551799227
F10,24,WOA,cold_restart,20,20,10,5000,1.0,100,500000,500000,True,100,99,20,1980,175.92594422610821,168.76469919829148,0.11395519356467884,88.15183435400832
F10,26,PSO,cold_restart,20,20,10,5000,1.0,100,500000,500000,True,100,99,20,1980,137.01534841770024,101.03542968908629,0.1338195601933719,27.84373155400681
F10,26,PSO,population_persistence,20,20,10,5000,1.0,100,500000,500000,True,100,99,20,1980,232.51527893761775,222.9157179103764,0.030385359878807354,24.09313212899724
F10,26,PSO,previous_best_seeded,20,20,10,5000,1.0,100,500000,500000,True,100,99,20,1980,76.65732908848688,59.26571723373013,0.12023631105468054,27.663520089001395
F10,24,WOA,previous_best_seeded,20,20,10,5000,1.0,100,500000,500000,True,100,99,20,1980,168.2505917177918,161.84484973473548,0.1104148848177337,89.46439086498867
F10,25,SGO,previous_best_seeded,20,20,10,5000,1.0,100,500000,500000,True,100,99,20,1980,163.86327957707542,154.29496804433396,0.10606971585791801,87.54929827600427
F10,25,SGO,cold_restart,20,20,10,5000,1.0,100,500000,500000,True,100,99,20,1980,169.13726925918715,159.38116513821151,0.10571976160817359,88.32009563100291
F10,26,GWO,cold_restart,20,20,10,5000,1.0,100,500000,500000,True,100,99,20,1980,123.09034344132043,97.78528306096497,0.08173780648857937,43.36371016201156
F10,24,WOA,population_persistence,20,20,10,5000,1.0,100,500000,500000,True,100,99,20,1980,179.74351497487092,175.94894943018474,0.0651778362490632,95.97420483700989
F10,25,WOA,cold_restart,20,20,10,5000,1.0,100,500000,500000,True,100,99,20,1980,183.55764880039948,175.0622595131856,0.11010488160755585,75.29796450700087
F10,26,GWO,previous_best_seeded,20,20,10,5000,1.0,100,500000,500000,True,100,99,20,1980,40.67215679401923,29.855550289549043,0.08625318525056112,52.02579299399804
F10,26,GWO,population_persistence,20,20,10,5000,1.0,100,500000,500000,True,100,99,20,1980,193.60226326924408,184.90815404078054,0.012207920943097339,55.60161444400728
F10,25,SGO,population_persistence,20,20,10,5000,1.0,100,500000,500000,True,100,99,20,1980,211.7915339227255,208.98450709616608,0.06103678200650755,101.61725240699889
F10,25,WOA,previous_best_seeded,20,20,10,5000,1.0,100,500000,500000,True,100,99,20,1980,171.44254839669424,165.0881242142534,0.10771655100941842,80.38095404699561
F10,25,WOA,population_persistence,20,20,10,5000,1.0,100,500000,500000,True,100,99,20,1980,190.31281581102888,185.74912567892287,0.053246458078938415,80.62635961799242
F10,27,PSO,cold_restart,20,20,10,5000,1.0,100,500000,500000,True,100,99,20,1980,144.5015608692279,108.54848897950083,0.14310863611143093,24.58369013099582
F10,27,PSO,population_persistence,20,20,10,5000,1.0,100,500000,500000,True,100,99,20,1980,366.2356770050752,353.8680724014696,0.008628462556494654,18.836493670998607
F10,27,PSO,previous_best_seeded,20,20,10,5000,1.0,100,500000,500000,True,100,99,20,1980,90.49206482827958,69.96435531225467,0.1216337321900562,26.777608650998445
F10,26,SGO,cold_restart,20,20,10,5000,1.0,100,500000,500000,True,100,99,20,1980,186.88414839583885,177.22761998945603,0.10871184868503357,94.90854556899285
F10,27,GWO,previous_best_seeded,20,20,10,5000,1.0,100,500000,500000,True,100,99,20,1980,63.084789055127374,44.874426767783355,0.08269225922494013,45.4469562729937
F10,26,SGO,previous_best_seeded,20,20,10,5000,1.0,100,500000,500000,True,100,99,20,1980,187.7126851276565,179.39664174173814,0.10379831264580332,96.32612310300465
F10,26,SGO,population_persistence,20,20,10,5000,1.0,100,500000,500000,True,100,99,20,1980,255.18018943135823,251.88501358246288,0.03423007273332731,94.6231721410004
F10,27,GWO,cold_restart,20,20,10,5000,1.0,100,500000,500000,True,100,99,20,1980,111.16579500519309,85.93573706359803,0.07881750529577086,51.56096959099523
F10,27,GWO,population_persistence,20,20,10,5000,1.0,100,500000,500000,True,100,99,20,1980,190.14386103050094,184.579996728008,0.006912487389095225,50.82333117201051
F10,26,WOA,population_persistence,20,20,10,5000,1.0,100,500000,500000,True,100,99,20,1980,213.99013195449703,208.74458257012924,0.04291746346572024,75.41291023198573
F10,26,WOA,previous_best_seeded,20,20,10,5000,1.0,100,500000,500000,True,100,99,20,1980,196.31056891752434,189.58310809599968,0.11448433273655496,91.81673200200021
F10,28,PSO,cold_restart,20,20,10,5000,1.0,100,500000,500000,True,100,99,20,1980,142.05171108159757,105.1055690181112,0.14462172029148618,24.487514951004414
F10,28,PSO,population_persistence,20,20,10,5000,1.0,100,500000,500000,True,100,99,20,1980,268.2092497958656,254.75760088961397,0.029449997250911433,23.001216278003994
F10,28,PSO,previous_best_seeded,20,20,10,5000,1.0,100,500000,500000,True,100,99,20,1980,92.88101397314774,71.63740843229634,0.1282168636586248,23.527042943998822
F10,28,GWO,previous_best_seeded,20,20,10,5000,1.0,100,500000,500000,True,100,99,20,1980,42.63410108554919,30.468815746236196,0.08099968852223055,42.356522517991834
F10,28,GWO,population_persistence,20,20,10,5000,1.0,100,500000,500000,True,100,99,20,1980,131.925992627779,122.48972902721256,0.017354303638439133,47.825033471992356
F10,28,GWO,cold_restart,20,20,10,5000,1.0,100,500000,500000,True,100,99,20,1980,115.70679359291816,90.79133781137942,0.08066373666443423,47.93084421499225
F10,29,PSO,cold_restart,20,20,10,5000,1.0,100,500000,500000,True,100,99,20,1980,137.6820346130666,102.70723438100529,0.14405001265286324,24.958334794006078
F10,29,GWO,cold_restart,20,20,10,5000,1.0,100,500000,500000,True,100,99,20,1980,123.30435812512896,97.66744464291067,0.08218115589873815,52.71814595599426
F10,27,WOA,cold_restart,20,20,10,5000,1.0,100,500000,500000,True,100,99,20,1980,177.48755700028767,169.25296774578626,0.11085397519372715,76.96483973700379
F10,28,WOA,population_persistence,20,20,10,5000,1.0,100,500000,500000,True,100,99,20,1980,206.48909917721664,204.31550672027967,0.05930941066914128,78.50984630599851
F10,27,WOA,population_persistence,20,20,10,5000,1.0,100,500000,500000,True,100,99,20,1980,187.64055278582453,183.014611347178,0.05007973156437763,80.99306566400628
F10,27,WOA,previous_best_seeded,20,20,10,5000,1.0,100,500000,500000,True,100,99,20,1980,156.52013989356368,150.48659138388496,0.10613683954099778,82.64520456800528
F10,29,SGO,cold_restart,20,20,10,5000,1.0,100,500000,500000,True,100,99,20,1980,161.51275100982642,151.22035024801778,0.10265523809904367,85.22524441301357
F10,29,SGO,population_persistence,20,20,10,5000,1.0,100,500000,500000,True,100,99,20,1980,229.71117270166522,226.83624960458548,0.026456422175304764,85.49261217100138
F10,27,SGO,population_persistence,20,20,10,5000,1.0,100,500000,500000,True,100,99,20,1980,228.2089421331098,226.1819198759986,0.025118136990928103,85.96422873900156
F10,29,SGO,previous_best_seeded,20,20,10,5000,1.0,100,500000,500000,True,100,99,20,1980,159.84267504969887,149.81711587759418,0.10561955811255874,86.9286594639998
F10,28,WOA,previous_best_seeded,20,20,10,5000,1.0,100,500000,500000,True,100,99,20,1980,170.89430259343865,163.83671399293277,0.10962087731852278,87.6376066889934
F10,27,SGO,cold_restart,20,20,10,5000,1.0,100,500000,500000,True,100,99,20,1980,164.86656560662362,156.5662616658007,0.09622741524973401,88.50716854400525
F10,28,SGO,population_persistence,20,20,10,5000,1.0,100,500000,500000,True,100,99,20,1980,229.20712499081404,226.78050890849465,0.02437682085956123,91.36243443400599
F10,29,GWO,previous_best_seeded,20,20,10,5000,1.0,100,500000,500000,True,100,99,20,1980,45.737936635969696,33.69832505660663,0.08431045656627192,50.37495882400253
F10,28,WOA,cold_restart,20,20,10,5000,1.0,100,500000,500000,True,100,99,20,1980,172.24730096446015,164.30210226257918,0.11154270068568743,93.96180153099704
F10,26,WOA,cold_restart,20,20,10,5000,1.0,100,500000,500000,True,100,99,20,1980,199.02593404374298,192.61492365257948,0.11116596572506121,96.34085377500742
F10,29,GWO,population_persistence,20,20,10,5000,1.0,100,500000,500000,True,100,99,20,1980,139.51799108387257,127.87593197927876,0.023594337946092767,50.03052825400664
F10,29,PSO,previous_best_seeded,20,20,10,5000,1.0,100,500000,500000,True,100,99,20,1980,119.6389334776088,96.59145425494293,0.11979632125291059,25.112223218995496
F10,28,SGO,cold_restart,20,20,10,5000,1.0,100,500000,500000,True,100,99,20,1980,163.6636314309548,154.11345675378766,0.10138883132839935,99.40581628899963
F10,29,PSO,population_persistence,20,20,10,5000,1.0,100,500000,500000,True,100,99,20,1980,361.43517126094235,352.33181233711645,0.01183293089713266,24.258142557999236
F10,28,SGO,previous_best_seeded,20,20,10,5000,1.0,100,500000,500000,True,100,99,20,1980,97.65981185458067,89.98052703112099,0.12560945866463863,102.38727771298727
F10,27,SGO,previous_best_seeded,20,20,10,5000,1.0,100,500000,500000,True,100,99,20,1980,163.88961111932488,155.66665836718508,0.10097042483327379,106.30888210400008
F10,30,PSO,cold_restart,20,20,10,5000,1.0,100,500000,500000,True,100,99,20,1980,136.8884282641165,102.17060160906892,0.1479083913400383,24.557317489990965
F10,30,PSO,population_persistence,20,20,10,5000,1.0,100,500000,500000,True,100,99,20,1980,287.1795399896644,280.7121641630484,0.01763211548690241,23.785439447994577
F10,30,PSO,previous_best_seeded,20,20,10,5000,1.0,100,500000,500000,True,100,99,20,1980,103.04049003693474,81.7291598056275,0.12192297660224503,25.226632086007157
F10,30,GWO,cold_restart,20,20,10,5000,1.0,100,500000,500000,True,100,99,20,1980,110.52794850187729,86.20598119093111,0.07928212209882524,44.25447360399994
F10,30,GWO,population_persistence,20,20,10,5000,1.0,100,500000,500000,True,100,99,20,1980,180.27612176126758,176.17241642444804,0.005397513934959257,53.08846895300667
F10,30,GWO,previous_best_seeded,20,20,10,5000,1.0,100,500000,500000,True,100,99,20,1980,47.46541832622903,35.35799118683936,0.07814831318574887,54.490218815000844
F10,31,PSO,cold_restart,20,20,10,5000,1.0,100,500000,500000,True,100,99,20,1980,147.53205752998753,111.18419978014306,0.1472915665501229,25.866725232990575
F10,31,PSO,previous_best_seeded,20,20,10,5000,1.0,100,500000,500000,True,100,99,20,1980,83.70129127024957,67.11759327145892,0.12137792549664364,27.686351731987088
F10,31,GWO,cold_restart,20,20,10,5000,1.0,100,500000,500000,True,100,99,20,1980,119.98031522218263,94.16088526499594,0.08240765474271804,46.637733051000396
F10,31,PSO,population_persistence,20,20,10,5000,1.0,100,500000,500000,True,100,99,20,1980,384.4535276186524,376.88847948777214,0.007648781624770967,19.543421473994385
F10,29,WOA,cold_restart,20,20,10,5000,1.0,100,500000,500000,True,100,99,20,1980,182.234981604877,175.20081199443194,0.1116163729749696,76.1753926849924
F10,29,WOA,previous_best_seeded,20,20,10,5000,1.0,100,500000,500000,True,100,99,20,1980,180.22398223883013,173.7473009118177,0.11003503356244847,80.27184866799507
F10,31,GWO,previous_best_seeded,20,20,10,5000,1.0,100,500000,500000,True,100,99,20,1980,84.2882742510618,64.9222132131468,0.08104751545465194,53.484692265003105
F10,31,GWO,population_persistence,20,20,10,5000,1.0,100,500000,500000,True,100,99,20,1980,210.85970614855137,205.91631221317667,0.006615503980498285,47.03182635799749
F10,29,WOA,population_persistence,20,20,10,5000,1.0,100,500000,500000,True,100,99,20,1980,190.41559406858002,185.54054314976057,0.047201779231774765,83.1517197840003
F12,1,PSO,cold_restart,20,5,10,5000,5.0,100,500000,500000,True,100,99,20,1980,14.247072423065767,8.42134062366036,0.1211256394592305,11.647999160995823
F10,30,SGO,cold_restart,20,20,10,5000,1.0,100,500000,500000,True,100,99,20,1980,154.16379478060642,144.94248175067005,0.09650965644036377,92.74273729900597
F12,1,PSO,previous_best_seeded,20,5,10,5000,5.0,100,500000,500000,True,100,99,20,1980,13.938370666896072,8.499737582511596,0.11973587191935238,12.38657482000417
F10,30,SGO,previous_best_seeded,20,20,10,5000,1.0,100,500000,500000,True,100,99,20,1980,151.6445256188776,142.12683020357804,0.09203862928214177,92.77947994500573
F10,30,WOA,population_persistence,20,20,10,5000,1.0,100,500000,500000,True,100,99,20,1980,176.2003800446027,171.85545595594445,0.042991522258466724,80.20026161101123
F12,1,GWO,cold_restart,20,5,10,5000,5.0,100,500000,500000,True,100,99,20,1980,13.64408618326949,9.213649046278803,0.08249455066779843,27.941096757000196
F10,30,WOA,cold_restart,20,20,10,5000,1.0,100,500000,500000,True,100,99,20,1980,169.2907984360353,162.10991383157184,0.11048550131091535,87.22472322300018
F12,1,PSO,population_persistence,20,5,10,5000,5.0,100,500000,500000,True,100,99,20,1980,11.48389723707709,9.858548079176918,0.02072080480332097,11.030374540001503
F10,30,SGO,population_persistence,20,20,10,5000,1.0,100,500000,500000,True,100,99,20,1980,214.96045064864182,212.64559628838717,0.0277351221238421,98.26641423000547
F10,30,WOA,previous_best_seeded,20,20,10,5000,1.0,100,500000,500000,True,100,99,20,1980,135.42781705723885,131.01536556738245,0.10707756468873075,89.2401166070049
F12,1,GWO,population_persistence,20,5,10,5000,5.0,100,500000,500000,True,100,99,20,1980,50.506925750147076,49.35423312527983,0.009956806721366392,28.324510410995572
F12,1,GWO,previous_best_seeded,20,5,10,5000,5.0,100,500000,500000,True,100,99,20,1980,12.975154495391836,8.627616934711854,0.08729793135311183,37.38802940500318
F10,31,SGO,population_persistence,20,20,10,5000,1.0,100,500000,500000,True,100,99,20,1980,228.95430186758128,225.73616065210578,0.04009706106950586,96.98371692400542
F12,2,PSO,cold_restart,20,5,10,5000,5.0,100,500000,500000,True,100,99,20,1980,15.360036376083881,9.491622519926164,0.11956680664058848,9.48426756200206
F10,31,SGO,previous_best_seeded,20,20,10,5000,1.0,100,500000,500000,True,100,99,20,1980,171.4558180237044,162.39276394614666,0.09869642590377282,99.02868066800875
F10,31,SGO,cold_restart,20,20,10,5000,1.0,100,500000,500000,True,100,99,20,1980,170.13824504920257,160.62653923999596,0.10527550166261321,104.28443677400355
F12,2,PSO,population_persistence,20,5,10,5000,5.0,100,500000,500000,True,100,99,20,1980,28.569738077565916,26.686200443845628,0.02979874896195506,8.92961511699832
F12,2,PSO,previous_best_seeded,20,5,10,5000,5.0,100,500000,500000,True,100,99,20,1980,14.751675979973026,9.411921504768332,0.11868280657727213,11.6630754910002
F12,1,SGO,cold_restart,20,5,10,5000,5.0,100,500000,500000,True,100,99,20,1980,25.698404408376163,22.4913289740525,0.14825945077041702,69.0764023859956
F12,2,GWO,population_persistence,20,5,10,5000,5.0,100,500000,500000,True,100,99,20,1980,38.19364301907317,37.23073330337214,0.012217748826152801,28.559697215008782
F12,2,GWO,cold_restart,20,5,10,5000,5.0,100,500000,500000,True,100,99,20,1980,15.396101928476279,10.911520420624404,0.07933520815043528,38.43110026999784
F12,2,GWO,previous_best_seeded,20,5,10,5000,5.0,100,500000,500000,True,100,99,20,1980,12.797797567719975,7.685634654163791,0.0858341853476456,38.16216675299802
F10,31,WOA,cold_restart,20,20,10,5000,1.0,100,500000,500000,True,100,99,20,1980,178.64765315909966,171.0127248842738,0.11194084890172559,83.6548887819954
F12,1,SGO,population_persistence,20,5,10,5000,5.0,100,500000,500000,True,100,99,20,1980,52.18354354872675,50.71115817489985,0.06569862441515409,78.48377062298823
F10,31,WOA,population_persistence,20,20,10,5000,1.0,100,500000,500000,True,100,99,20,1980,202.28060806561052,199.05920667598596,0.05528131152817218,87.65451047199895
F12,1,SGO,previous_best_seeded,20,5,10,5000,5.0,100,500000,500000,True,100,99,20,1980,22.413987375437248,19.758985541083906,0.14828762859719513,83.17467772199598
F10,31,WOA,previous_best_seeded,20,20,10,5000,1.0,100,500000,500000,True,100,99,20,1980,173.93749436656128,168.1829283716565,0.10743536017749916,90.85987898700114
F12,3,PSO,cold_restart,20,5,10,5000,5.0,100,500000,500000,True,100,99,20,1980,12.825440302625257,7.138334465500333,0.12288021995590331,9.977342501006206
F12,1,WOA,previous_best_seeded,20,5,10,5000,5.0,100,500000,500000,True,100,99,20,1980,28.848799102738447,27.79316606864221,0.11838468148413331,58.02157305000583
F12,3,PSO,previous_best_seeded,20,5,10,5000,5.0,100,500000,500000,True,100,99,20,1980,13.183902229390796,7.681010010672233,0.12453376039844813,9.852482308007893
F12,1,WOA,population_persistence,20,5,10,5000,5.0,100,500000,500000,True,100,99,20,1980,35.18554945163988,34.28413311021966,0.07583357779124453,62.57568097500189
F12,3,PSO,population_persistence,20,5,10,5000,5.0,100,500000,500000,True,100,99,20,1980,16.0218686151663,14.39305156478168,0.03275329478723296,11.701568029006012
F12,3,GWO,cold_restart,20,5,10,5000,5.0,100,500000,500000,True,100,99,20,1980,12.740551390843867,8.599642719879524,0.08000235316848724,28.642781835005735
F12,1,WOA,cold_restart,20,5,10,5000,5.0,100,500000,500000,True,100,99,20,1980,29.11759300694075,27.480980564333763,0.11430024265264718,67.83245232500485
F12,2,SGO,population_persistence,20,5,10,5000,5.0,100,500000,500000,True,100,99,20,1980,53.13727087558999,51.58138364015596,0.0466970779240397,71.07485302399436
F12,2,SGO,previous_best_seeded,20,5,10,5000,5.0,100,500000,500000,True,100,99,20,1980,23.113882877841494,20.090606078698876,0.14867999254142206,71.85992421698757
F12,2,SGO,cold_restart,20,5,10,5000,5.0,100,500000,500000,True,100,99,20,1980,24.990622653810277,21.925773971084272,0.13150209486792966,79.13041946799785
F12,3,GWO,previous_best_seeded,20,5,10,5000,5.0,100,500000,500000,True,100,99,20,1980,13.664975577303125,9.853374639711154,0.08016449006215683,37.00103367200063
F12,3,GWO,population_persistence,20,5,10,5000,5.0,100,500000,500000,True,100,99,20,1980,22.576191804526413,21.119766491453692,0.02267011106576511,37.23176385500119
F12,4,PSO,previous_best_seeded,20,5,10,5000,5.0,100,500000,500000,True,100,99,20,1980,13.697115067375808,9.531805200991398,0.11210828439960102,9.305408393003745
F12,4,PSO,cold_restart,20,5,10,5000,5.0,100,500000,500000,True,100,99,20,1980,14.386624770882316,9.127593167426408,0.1169964586812977,10.306073269995977
F12,2,WOA,cold_restart,20,5,10,5000,5.0,100,500000,500000,True,100,99,20,1980,27.48893316127636,25.386342815973546,0.11444058978265308,68.39379512499727
F12,4,PSO,population_persistence,20,5,10,5000,5.0,100,500000,500000,True,100,99,20,1980,17.84134882075169,15.94073198566813,0.026911268734936777,10.875240606008447
F12,4,GWO,cold_restart,20,5,10,5000,5.0,100,500000,500000,True,100,99,20,1980,14.244810501422387,9.764940627820273,0.08533648617102052,29.36437327999738
F12,4,GWO,population_persistence,20,5,10,5000,5.0,100,500000,500000,True,100,99,20,1980,41.14471159330847,39.7634428067668,0.019291672529596827,28.562663436998264
F12,2,WOA,previous_best_seeded,20,5,10,5000,5.0,100,500000,500000,True,100,99,20,1980,24.36272227366364,22.608211707582928,0.11163209272116519,75.22763585599023
F12,2,WOA,population_persistence,20,5,10,5000,5.0,100,500000,500000,True,100,99,20,1980,38.016289449370504,36.86298170292938,0.05793317645325579,71.66917267900135
F12,4,GWO,previous_best_seeded,20,5,10,5000,5.0,100,500000,500000,True,100,99,20,1980,15.073976119413857,10.621272713728024,0.08577510570438632,36.672764080998604
F12,5,PSO,cold_restart,20,5,10,5000,5.0,100,500000,500000,True,100,99,20,1980,16.14822354291234,10.299470527007143,0.1218543769072104,11.789095579006243
F12,3,SGO,previous_best_seeded,20,5,10,5000,5.0,100,500000,500000,True,100,99,20,1980,22.12105581001962,19.439320440486384,0.1340892865989471,79.53601009400154
F12,3,SGO,cold_restart,20,5,10,5000,5.0,100,500000,500000,True,100,99,20,1980,23.328842774494742,20.638361424099426,0.12758488554847824,81.78644544900453
F12,5,PSO,previous_best_seeded,20,5,10,5000,5.0,100,500000,500000,True,100,99,20,1980,13.662101784432624,8.373014319243417,0.11581185716300837,11.833143761003157
F12,3,WOA,cold_restart,20,5,10,5000,5.0,100,500000,500000,True,100,99,20,1980,26.966591314099418,25.213184831794344,0.11258711203304794,61.60396022099303
F12,3,SGO,population_persistence,20,5,10,5000,5.0,100,500000,500000,True,100,99,20,1980,46.54091255080442,45.34835291009783,0.06140676576743515,80.95197317899147
F12,3,WOA,population_persistence,20,5,10,5000,5.0,100,500000,500000,True,100,99,20,1980,35.04357394563785,34.03039498104633,0.05787344077691734,61.682011438999325
F12,5,PSO,population_persistence,20,5,10,5000,5.0,100,500000,500000,True,100,99,20,1980,47.76722050414281,43.62048876683487,0.010481177412911769,10.806944428011775
F12,5,GWO,cold_restart,20,5,10,5000,5.0,100,500000,500000,True,100,99,20,1980,15.438244523865286,10.841326326724744,0.08308963112345588,28.15243916300824
F12,5,GWO,previous_best_seeded,20,5,10,5000,5.0,100,500000,500000,True,100,99,20,1980,15.240270290394452,11.30184076266993,0.08090458644467048,29.24705955600075
F12,4,SGO,cold_restart,20,5,10,5000,5.0,100,500000,500000,True,100,99,20,1980,26.05599777849624,23.106318337955518,0.15229386119922497,66.83607582400145
F12,5,GWO,population_persistence,20,5,10,5000,5.0,100,500000,500000,True,100,99,20,1980,32.17406419338309,30.81824574653413,0.020659339438643804,32.59019928300404
F12,3,WOA,previous_best_seeded,20,5,10,5000,5.0,100,500000,500000,True,100,99,20,1980,21.09668662170648,19.719520988168437,0.10711570369904133,74.92924951099849
F12,4,SGO,population_persistence,20,5,10,5000,5.0,100,500000,500000,True,100,99,20,1980,48.3264205907012,47.10398464553569,0.04584427093117678,67.94308147199627
F12,6,PSO,cold_restart,20,5,10,5000,5.0,100,500000,500000,True,100,99,20,1980,16.44865390571543,9.728888432260927,0.12889833795821656,8.986484553999617
F12,4,SGO,previous_best_seeded,20,5,10,5000,5.0,100,500000,500000,True,100,99,20,1980,20.875570383700467,18.23282993147802,0.1953727900046529,74.90408845999627
F12,6,PSO,population_persistence,20,5,10,5000,5.0,100,500000,500000,True,100,99,20,1980,32.587734667279,29.954720871411084,0.021601163053201953,9.296982912987005
F12,6,PSO,previous_best_seeded,20,5,10,5000,5.0,100,500000,500000,True,100,99,20,1980,15.162308225956682,9.386199844501235,0.12124736914076183,11.64677398200729
F12,4,WOA,population_persistence,20,5,10,5000,5.0,100,500000,500000,True,100,99,20,1980,29.692680541092752,28.610816970000872,0.06406964839767063,63.82500134600559
F12,4,WOA,previous_best_seeded,20,5,10,5000,5.0,100,500000,500000,True,100,99,20,1980,23.28124107874205,21.92372337284293,0.11362692388386608,67.27616180499899
F12,6,GWO,previous_best_seeded,20,5,10,5000,5.0,100,500000,500000,True,100,99,20,1980,13.65347460034978,8.942341247277513,0.08366141491799561,27.711554535009782
F12,6,GWO,cold_restart,20,5,10,5000,5.0,100,500000,500000,True,100,99,20,1980,14.764477644681135,9.849143927585066,0.08232644148533358,32.76186849400983
F12,6,GWO,population_persistence,20,5,10,5000,5.0,100,500000,500000,True,100,99,20,1980,17.513546285331827,15.037696795045571,0.03751699843438339,28.87011925499246
F12,4,WOA,cold_restart,20,5,10,5000,5.0,100,500000,500000,True,100,99,20,1980,24.465053507088168,22.70117405476732,0.11559657274812477,72.21737004800525
F12,7,PSO,cold_restart,20,5,10,5000,5.0,100,500000,500000,True,100,99,20,1980,13.996252069857162,7.584026407926384,0.13080922891179264,10.012895494990516
F12,7,PSO,previous_best_seeded,20,5,10,5000,5.0,100,500000,500000,True,100,99,20,1980,13.451806563445821,7.085829927755813,0.13153870837409565,11.29691976599861
F12,5,SGO,previous_best_seeded,20,5,10,5000,5.0,100,500000,500000,True,100,99,20,1980,25.700675207501302,22.856252286137778,0.14845590157360808,79.6983488620026
F12,5,WOA,cold_restart,20,5,10,5000,5.0,100,500000,500000,True,100,99,20,1980,24.645535762454294,22.79577377475388,0.11982732444822898,60.15697781799827
F12,7,PSO,population_persistence,20,5,10,5000,5.0,100,500000,500000,True,100,99,20,1980,10.22508320683141,8.413140027916713,0.026876292492233042,9.499525797000388
F12,5,SGO,cold_restart,20,5,10,5000,5.0,100,500000,500000,True,100,99,20,1980,25.702856110829632,22.06915781626011,0.1447437172918911,90.2239117900026
F12,7,GWO,previous_best_seeded,20,5,10,5000,5.0,100,500000,500000,True,100,99,20,1980,13.825808565623936,10.116543330426744,0.08069683676728796,28.015187090000836
F12,7,GWO,cold_restart,20,5,10,5000,5.0,100,500000,500000,True,100,99,20,1980,13.544905358774233,9.306018673590748,0.08184508589397854,28.69285526800377
F12,5,WOA,previous_best_seeded,20,5,10,5000,5.0,100,500000,500000,True,100,99,20,1980,24.14819156870988,22.622808572422223,0.12123936233576801,68.48433694799314
F12,5,SGO,population_persistence,20,5,10,5000,5.0,100,500000,500000,True,100,99,20,1980,55.125403186445475,53.54234487351536,0.057955071944640967,89.27197758000693
F12,7,GWO,population_persistence,20,5,10,5000,5.0,100,500000,500000,True,100,99,20,1980,43.982257383332296,42.949018110204605,0.007747191229951539,28.80793440900743
F12,5,WOA,population_persistence,20,5,10,5000,5.0,100,500000,500000,True,100,99,20,1980,33.65507477437781,32.38229909930476,0.07463782032596805,69.43514347999007
F12,6,SGO,previous_best_seeded,20,5,10,5000,5.0,100,500000,500000,True,100,99,20,1980,24.306522535017145,21.40582758580691,0.15532447811401995,72.25194799499877
F12,6,WOA,cold_restart,20,5,10,5000,5.0,100,500000,500000,True,100,99,20,1980,25.125297114653065,23.418442589950796,0.1165352561951006,59.619701579998946
F12,8,PSO,cold_restart,20,5,10,5000,5.0,100,500000,500000,True,100,99,20,1980,15.37699412613403,9.228724715509935,0.12888190458818263,10.046544202996301
F12,6,WOA,previous_best_seeded,20,5,10,5000,5.0,100,500000,500000,True,100,99,20,1980,22.655692481505536,21.14390968955016,0.11735322925485434,59.320580041996436
F12,8,PSO,previous_best_seeded,20,5,10,5000,5.0,100,500000,500000,True,100,99,20,1980,14.322642391745074,9.04531676048,0.12214077919315591,9.557789250000496
F12,6,SGO,cold_restart,20,5,10,5000,5.0,100,500000,500000,True,100,99,20,1980,26.439858654848315,23.428492082767388,0.1493454173335429,78.22157318299287
F12,6,SGO,population_persistence,20,5,10,5000,5.0,100,500000,500000,True,100,99,20,1980,61.73746891183823,60.16716652933005,0.03202865891959179,78.03149802499684
F12,8,PSO,population_persistence,20,5,10,5000,5.0,100,500000,500000,True,100,99,20,1980,135.0256758762166,131.2462413986906,0.010054172938912457,7.7394746279896935
F12,6,WOA,population_persistence,20,5,10,5000,5.0,100,500000,500000,True,100,99,20,1980,36.676795895156154,35.94579244093397,0.07665496467379543,70.58172162799747
F12,8,GWO,cold_restart,20,5,10,5000,5.0,100,500000,500000,True,100,99,20,1980,13.304354630944744,9.162336217173515,0.07884639496063436,31.925644278002437
F12,8,GWO,previous_best_seeded,20,5,10,5000,5.0,100,500000,500000,True,100,99,20,1980,12.1694883695972,8.349487176577473,0.08055990876464059,30.525467530009337
F12,7,SGO,cold_restart,20,5,10,5000,5.0,100,500000,500000,True,100,99,20,1980,21.358755830439673,18.62998667418589,0.12710771869118645,75.17295548999391
F12,8,GWO,population_persistence,20,5,10,5000,5.0,100,500000,500000,True,100,99,20,1980,32.216369343326576,30.597247431699397,0.02184832233847886,38.2446326950012
F12,9,PSO,cold_restart,20,5,10,5000,5.0,100,500000,500000,True,100,99,20,1980,14.712927775107461,9.280102300526842,0.11737945362770566,11.942515647999244
F12,9,PSO,previous_best_seeded,20,5,10,5000,5.0,100,500000,500000,True,100,99,20,1980,13.66307691710369,8.624712476430538,0.11276467132393922,9.312842475992511
F12,7,WOA,previous_best_seeded,20,5,10,5000,5.0,100,500000,500000,True,100,99,20,1980,20.367097284746286,19.135281470701642,0.11584054818093384,59.60152979200939
F12,7,SGO,previous_best_seeded,20,5,10,5000,5.0,100,500000,500000,True,100,99,20,1980,22.044371853767284,19.49225453911804,0.13240626545550793,87.85721358499723
F12,9,PSO,population_persistence,20,5,10,5000,5.0,100,500000,500000,True,100,99,20,1980,73.59535385653379,72.33027393090885,0.008794631680885056,10.372984992995043
F12,7,SGO,population_persistence,20,5,10,5000,5.0,100,500000,500000,True,100,99,20,1980,44.277927872001484,43.310577420426235,0.06404575506378135,85.5240973780019
F12,9,GWO,previous_best_seeded,20,5,10,5000,5.0,100,500000,500000,True,100,99,20,1980,11.235988112589826,6.057473661126174,0.0938597092236432,28.105044222000288
F12,9,GWO,cold_restart,20,5,10,5000,5.0,100,500000,500000,True,100,99,20,1980,15.480920744505204,11.087234281840866,0.0832971026421225,38.053976869006874
F12,7,WOA,cold_restart,20,5,10,5000,5.0,100,500000,500000,True,100,99,20,1980,22.65148135239873,21.17543421604631,0.11696515208195775,73.9078643059911
F12,9,GWO,population_persistence,20,5,10,5000,5.0,100,500000,500000,True,100,99,20,1980,53.73363235528861,52.31689287471418,0.010469946354683192,34.13828229700448
F12,7,WOA,population_persistence,20,5,10,5000,5.0,100,500000,500000,True,100,99,20,1980,30.219379172003627,28.718190055846172,0.06577641462210758,77.96246249899559
F12,8,SGO,cold_restart,20,5,10,5000,5.0,100,500000,500000,True,100,99,20,1980,22.513873923149188,19.79238220292456,0.13251014067188577,76.71351208799751
F12,8,SGO,previous_best_seeded,20,5,10,5000,5.0,100,500000,500000,True,100,99,20,1980,20.856846800336623,18.134607491851387,0.12827097595925258,73.49458440000308
F12,8,WOA,cold_restart,20,5,10,5000,5.0,100,500000,500000,True,100,99,20,1980,25.354729319299956,23.68725613183114,0.11431524456718527,58.1770973810053
F12,8,WOA,population_persistence,20,5,10,5000,5.0,100,500000,500000,True,100,99,20,1980,25.13316881455471,23.979699908840594,0.07344561168255419,60.157448948011734
F12,10,PSO,cold_restart,20,5,10,5000,5.0,100,500000,500000,True,100,99,20,1980,15.157670511776164,8.778414708574127,0.12798304890968423,9.545089145001839
F12,8,SGO,population_persistence,20,5,10,5000,5.0,100,500000,500000,True,100,99,20,1980,41.86614161946187,40.84954288052562,0.10158933066154276,78.2624447010021
F12,10,PSO,population_persistence,20,5,10,5000,5.0,100,500000,500000,True,100,99,20,1980,18.724807846215587,17.340324232562462,0.033540863180465195,9.65855521200865
F12,10,PSO,previous_best_seeded,20,5,10,5000,5.0,100,500000,500000,True,100,99,20,1980,14.334559422375403,8.848658834989527,0.12387955998765308,11.543674136992195
F12,10,GWO,cold_restart,20,5,10,5000,5.0,100,500000,500000,True,100,99,20,1980,14.81711496325875,11.115862519635039,0.07844138982610861,28.19696818399825
F12,10,GWO,previous_best_seeded,20,5,10,5000,5.0,100,500000,500000,True,100,99,20,1980,14.25852210672172,10.562212294003945,0.07780363918643361,30.99805108299188
F12,9,SGO,cold_restart,20,5,10,5000,5.0,100,500000,500000,True,100,99,20,1980,24.66698674354367,21.249806131787977,0.1659028850815739,73.49094899500778
F12,8,WOA,previous_best_seeded,20,5,10,5000,5.0,100,500000,500000,True,100,99,20,1980,22.090456048628344,20.429672109145287,0.1137704765997505,77.88427395399776
F12,9,SGO,previous_best_seeded,20,5,10,5000,5.0,100,500000,500000,True,100,99,20,1980,23.823547750346815,20.7492329391371,0.17299034368658855,75.03640017099679
F12,10,GWO,population_persistence,20,5,10,5000,5.0,100,500000,500000,True,100,99,20,1980,28.080901874645182,26.230133901095243,0.02857469089928955,32.57165217399597
F12,9,SGO,population_persistence,20,5,10,5000,5.0,100,500000,500000,True,100,99,20,1980,59.235135118628314,57.90278040026462,0.06127566206333946,78.81481717599672
F12,11,PSO,cold_restart,20,5,10,5000,5.0,100,500000,500000,True,100,99,20,1980,15.411706168563423,8.212074146372814,0.1288657694388013,9.196994878991973
F12,11,PSO,previous_best_seeded,20,5,10,5000,5.0,100,500000,500000,True,100,99,20,1980,15.10806774187476,8.423060517958984,0.13026348718819605,9.026672216001316
F12,11,PSO,population_persistence,20,5,10,5000,5.0,100,500000,500000,True,100,99,20,1980,18.827958899906754,16.87293658842755,0.028068837657737846,10.473636112001259
F12,9,WOA,previous_best_seeded,20,5,10,5000,5.0,100,500000,500000,True,100,99,20,1980,26.872919709019214,25.325307495236544,0.11485618254986117,65.41359776699392
F12,11,GWO,previous_best_seeded,20,5,10,5000,5.0,100,500000,500000,True,100,99,20,1980,12.576384436778495,9.437431184661033,0.07250470906544142,29.049853509000968
F12,9,WOA,population_persistence,20,5,10,5000,5.0,100,500000,500000,True,100,99,20,1980,44.03946984102041,42.45616297923915,0.06559156066779585,64.38836697599618
F12,9,WOA,cold_restart,20,5,10,5000,5.0,100,500000,500000,True,100,99,20,1980,28.784115780044566,27.19931814306293,0.11342148798095901,74.30115919199307
F12,11,GWO,population_persistence,20,5,10,5000,5.0,100,500000,500000,True,100,99,20,1980,36.209171888850854,34.80693568687448,0.018066517814132113,31.69290783800534
F12,11,GWO,cold_restart,20,5,10,5000,5.0,100,500000,500000,True,100,99,20,1980,13.799498648096657,9.909807035774815,0.07610108707376959,39.01993267099897
F12,12,PSO,cold_restart,20,5,10,5000,5.0,100,500000,500000,True,100,99,20,1980,14.552010256126051,8.5820207857198,0.1238763797658051,9.519187956000678
F12,10,WOA,cold_restart,20,5,10,5000,5.0,100,500000,500000,True,100,99,20,1980,26.473257501056434,24.684437187347054,0.1136470575835101,58.42625206199591
F12,10,WOA,previous_best_seeded,20,5,10,5000,5.0,100,500000,500000,True,100,99,20,1980,25.312641529537753,23.807000400310613,0.11013954088043018,58.90664360500523
F12,12,PSO,previous_best_seeded,20,5,10,5000,5.0,100,500000,500000,True,100,99,20,1980,13.560303565104762,8.666372624112325,0.12229441939466118,12.074518238005112
F12,10,SGO,cold_restart,20,5,10,5000,5.0,100,500000,500000,True,100,99,20,1980,24.563103127900597,21.734326590198883,0.14829087565306068,84.65965017600683
F12,10,WOA,population_persistence,20,5,10,5000,5.0,100,500000,500000,True,100,99,20,1980,36.10144758109193,34.89112104320534,0.06742907141398115,62.4551016339974
F12,12,PSO,population_persistence,20,5,10,5000,5.0,100,500000,500000,True,100,99,20,1980,88.63178610573107,83.78992146500241,0.004240263930311436,8.497420433006482
F12,10,SGO,previous_best_seeded,20,5,10,5000,5.0,100,500000,500000,True,100,99,20,1980,21.269369567273287,18.635845538625837,0.1509067401313658,87.55428030800249
F12,12,GWO,cold_restart,20,5,10,5000,5.0,100,500000,500000,True,100,99,20,1980,14.689760830882294,10.801506416980493,0.07890188504388482,29.32286692499474
F12,12,GWO,previous_best_seeded,20,5,10,5000,5.0,100,500000,500000,True,100,99,20,1980,14.42384597525065,10.529699315446189,0.0782637326034422,29.050649885000894
F12,10,SGO,population_persistence,20,5,10,5000,5.0,100,500000,500000,True,100,99,20,1980,47.71746103384292,45.77791464554892,0.06660444119268896,87.24075707999873
F12,12,GWO,population_persistence,20,5,10,5000,5.0,100,500000,500000,True,100,99,20,1980,43.12223055510297,42.11860338615137,0.011311990277850762,27.89888305599743
F12,11,SGO,cold_restart,20,5,10,5000,5.0,100,500000,500000,True,100,99,20,1980,24.889524862093925,21.927834865145627,0.1341846788600631,72.84529454000585
F12,11,SGO,previous_best_seeded,20,5,10,5000,5.0,100,500000,500000,True,100,99,20,1980,21.725831663156033,18.876757572910527,0.12938278008163287,75.25439265900059
F12,13,PSO,cold_restart,20,5,10,5000,5.0,100,500000,500000,True,100,99,20,1980,17.304193094611684,12.285991886505787,0.11484763110712086,11.688847395998891
F12,13,PSO,previous_best_seeded,20,5,10,5000,5.0,100,500000,500000,True,100,99,20,1980,14.95047906214711,11.045961508652828,0.10451304762296539,11.525653339005657
F12,13,PSO,population_persistence,20,5,10,5000,5.0,100,500000,500000,True,100,99,20,1980,40.9006769188237,37.31369796035048,0.02647248411350815,9.683050532999914
F12,11,WOA,population_persistence,20,5,10,5000,5.0,100,500000,500000,True,100,99,20,1980,38.9235620076166,38.4094676932861,0.0732073247173746,61.23005080300209
F12,11,WOA,previous_best_seeded,20,5,10,5000,5.0,100,500000,500000,True,100,99,20,1980,19.458898816960456,18.177909731906713,0.10588595410503555,63.43990092299646
F12,11,SGO,population_persistence,20,5,10,5000,5.0,100,500000,500000,True,100,99,20,1980,58.53801741738759,57.24583263928132,0.0417389126205024,83.09509841000545
F12,11,WOA,cold_restart,20,5,10,5000,5.0,100,500000,500000,True,100,99,20,1980,26.31381304725612,24.719403508896406,0.11211874405616665,72.30238522900618
F12,13,GWO,previous_best_seeded,20,5,10,5000,5.0,100,500000,500000,True,100,99,20,1980,15.124018537809127,10.868233721263787,0.08380331522299883,30.51809219000279
F12,13,GWO,cold_restart,20,5,10,5000,5.0,100,500000,500000,True,100,99,20,1980,14.978268603188813,10.344546891811676,0.08528915881326606,35.970804536002106
F12,13,GWO,population_persistence,20,5,10,5000,5.0,100,500000,500000,True,100,99,20,1980,51.41978231539352,50.57418333969434,0.013613826373261157,33.680369918001816
F12,12,SGO,previous_best_seeded,20,5,10,5000,5.0,100,500000,500000,True,100,99,20,1980,24.496957998596542,21.78530119657103,0.14230778411127767,77.01977273599186
F12,12,SGO,cold_restart,20,5,10,5000,5.0,100,500000,500000,True,100,99,20,1980,26.403026399701425,23.749127572901244,0.13340495761545998,82.63689606000844
F12,14,PSO,cold_restart,20,5,10,5000,5.0,100,500000,500000,True,100,99,20,1980,16.68007144729862,10.27762063850386,0.12392495251466668,10.086328200995922
F12,14,PSO,previous_best_seeded,20,5,10,5000,5.0,100,500000,500000,True,100,99,20,1980,14.066291998467152,8.038843582923155,0.1215683797967027,10.374685419010348
F12,14,PSO,population_persistence,20,5,10,5000,5.0,100,500000,500000,True,100,99,20,1980,41.50592777379546,38.19064679940979,0.010028685326826398,9.10858790500788
F12,14,GWO,cold_restart,20,5,10,5000,5.0,100,500000,500000,True,100,99,20,1980,18.2774764782026,13.607079763391916,0.08405028633037726,28.44688222600962
F12,14,GWO,previous_best_seeded,20,5,10,5000,5.0,100,500000,500000,True,100,99,20,1980,14.039544036457341,9.195040620616894,0.08328051347661078,28.615640355012147
F12,14,GWO,population_persistence,20,5,10,5000,5.0,100,500000,500000,True,100,99,20,1980,37.619026345039586,35.67306073996409,0.02290973917734404,30.424017358003766
F12,14,WOA,previous_best_seeded,20,5,10,5000,5.0,100,500000,500000,True,100,99,20,1980,27.027873703428348,25.56265144201226,0.11836222454413861,60.69103532200097
F12,13,WOA,cold_restart,20,5,10,5000,5.0,100,500000,500000,True,100,99,20,1980,28.566292942534073,26.70596827593001,0.11650407476762703,60.9263115109934
F12,15,GWO,cold_restart,20,5,10,5000,5.0,100,500000,500000,True,100,99,20,1980,16.12145252006978,11.461163725532208,0.08629447453754821,30.50719390998711
F12,12,WOA,previous_best_seeded,20,5,10,5000,5.0,100,500000,500000,True,100,99,20,1980,24.22283931230384,22.924120844057335,0.11704016586687445,63.04772970698832
F12,14,WOA,population_persistence,20,5,10,5000,5.0,100,500000,500000,True,100,99,20,1980,30.272649104373624,29.260367472523022,0.07433986565535887,64.99243683900568
F12,13,WOA,previous_best_seeded,20,5,10,5000,5.0,100,500000,500000,True,100,99,20,1980,25.7864188546459,24.356950432166446,0.1129710164994819,69.82541728900105
F12,15,PSO,cold_restart,20,5,10,5000,5.0,100,500000,500000,True,100,99,20,1980,16.69713426351252,11.172150300964258,0.1201557714455159,9.714598723003292
F12,14,WOA,cold_restart,20,5,10,5000,5.0,100,500000,500000,True,100,99,20,1980,28.33635036305512,26.582682640351717,0.11598368487837946,70.93221976699715
F12,13,SGO,population_persistence,20,5,10,5000,5.0,100,500000,500000,True,100,99,20,1980,65.24668748865808,63.42440091101229,0.046094703663096065,70.99021131500194
F12,12,SGO,population_persistence,20,5,10,5000,5.0,100,500000,500000,True,100,99,20,1980,49.198790914613696,48.081045152656536,0.04873267999184957,71.30780640000012
F12,14,SGO,population_persistence,20,5,10,5000,5.0,100,500000,500000,True,100,99,20,1980,38.535323432905884,37.18361999451394,0.1271544689308576,72.03095694600779
F12,12,WOA,population_persistence,20,5,10,5000,5.0,100,500000,500000,True,100,99,20,1980,33.32550241755016,32.01469476817962,0.06274618418871751,72.028144462005
F12,15,PSO,previous_best_seeded,20,5,10,5000,5.0,100,500000,500000,True,100,99,20,1980,15.585181288800127,10.17256363246497,0.11693482899728061,9.85314834699966
F12,13,SGO,previous_best_seeded,20,5,10,5000,5.0,100,500000,500000,True,100,99,20,1980,25.130944973249278,22.179825417591577,0.14674226968209778,74.10606218999601
F12,13,WOA,population_persistence,20,5,10,5000,5.0,100,500000,500000,True,100,99,20,1980,38.71166319109884,37.00796491110279,0.06457888094037198,75.89709485200001
F12,15,PSO,population_persistence,20,5,10,5000,5.0,100,500000,500000,True,100,99,20,1980,31.29027324738122,29.30408805281728,0.029259565544195495,10.930444565994549
F12,12,WOA,cold_restart,20,5,10,5000,5.0,100,500000,500000,True,100,99,20,1980,25.608758928747037,23.736290598243453,0.11220441516135148,77.84557268000208
F12,16,PSO,cold_restart,20,5,10,5000,5.0,100,500000,500000,True,100,99,20,1980,14.976841384042507,8.418570218955477,0.12467591547189774,9.616676039004233
F12,15,SGO,cold_restart,20,5,10,5000,5.0,100,500000,500000,True,100,99,20,1980,25.428480329851784,22.121829839449614,0.17149348502417586,86.83190530500724
F12,16,PSO,previous_best_seeded,20,5,10,5000,5.0,100,500000,500000,True,100,99,20,1980,15.183089266674456,9.276948460694767,0.12435037696611967,11.898724732003757
F12,14,SGO,cold_restart,20,5,10,5000,5.0,100,500000,500000,True,100,99,20,1980,25.109087238104888,21.923910862631434,0.16128631219611558,89.24218119999568
F12,16,PSO,population_persistence,20,5,10,5000,5.0,100,500000,500000,True,100,99,20,1980,18.146246303977943,16.02627310488754,0.02809057859458677,11.529744472994935
F12,15,GWO,previous_best_seeded,20,5,10,5000,5.0,100,500000,500000,True,100,99,20,1980,13.29687415558451,8.644847609486579,0.08865473578010011,29.398729695996735
F12,15,GWO,population_persistence,20,5,10,5000,5.0,100,500000,500000,True,100,99,20,1980,23.525713212711654,20.643114730428053,0.034108545769702965,29.507200371008366
F12,14,SGO,previous_best_seeded,20,5,10,5000,5.0,100,500000,500000,True,100,99,20,1980,25.425902890130534,22.372002026265523,0.16076754108926739,90.86655940800847
F12,13,SGO,cold_restart,20,5,10,5000,5.0,100,500000,500000,True,100,99,20,1980,28.439119212458024,25.283153888635493,0.1464113564922497,91.2958189130004
F12,16,GWO,cold_restart,20,5,10,5000,5.0,100,500000,500000,True,100,99,20,1980,16.042048684337022,11.925243468210114,0.07946825217743327,29.17667197099945
F12,16,GWO,previous_best_seeded,20,5,10,5000,5.0,100,500000,500000,True,100,99,20,1980,15.00281676450557,10.72511620713143,0.08142124959133405,29.507852991009713
F12,16,GWO,population_persistence,20,5,10,5000,5.0,100,500000,500000,True,100,99,20,1980,39.9948336543653,38.9014183613772,0.016033164712290982,29.388263471002574
F12,15,SGO,previous_best_seeded,20,5,10,5000,5.0,100,500000,500000,True,100,99,20,1980,24.160566258026503,21.082594910256788,0.17021485248259335,79.9886338290089
F12,17,PSO,cold_restart,20,5,10,5000,5.0,100,500000,500000,True,100,99,20,1980,16.444358040800072,10.764463267651784,0.11563326908677286,9.95492550599738
F12,15,SGO,population_persistence,20,5,10,5000,5.0,100,500000,500000,True,100,99,20,1980,49.72491744230408,47.59506481405776,0.10771520736179034,83.92443524699775
F12,17,PSO,previous_best_seeded,20,5,10,5000,5.0,100,500000,500000,True,100,99,20,1980,14.713220818896122,9.18213279767233,0.11745375509766183,10.507400159011013
F12,17,PSO,population_persistence,20,5,10,5000,5.0,100,500000,500000,True,100,99,20,1980,43.688488913815426,41.59780051293312,0.017434810953124952,9.470660154998768
F12,17,GWO,cold_restart,20,5,10,5000,5.0,100,500000,500000,True,100,99,20,1980,16.602851695926905,11.466528992707246,0.08599359282487197,31.640901095001027
F12,17,GWO,population_persistence,20,5,10,5000,5.0,100,500000,500000,True,100,99,20,1980,41.54258908793451,39.326145104254,0.024428796336538983,33.373272177006584
F12,17,GWO,previous_best_seeded,20,5,10,5000,5.0,100,500000,500000,True,100,99,20,1980,15.329736039925333,10.870121195294157,0.08593520949080091,37.33362586499425
F12,15,WOA,cold_restart,20,5,10,5000,5.0,100,500000,500000,True,100,99,20,1980,30.622766435842877,28.791226550140042,0.11582261807777813,65.64902724699641
F12,15,WOA,population_persistence,20,5,10,5000,5.0,100,500000,500000,True,100,99,20,1980,39.95774290863157,38.67773151441891,0.07123177052911789,65.85361257799377
F12,16,SGO,population_persistence,20,5,10,5000,5.0,100,500000,500000,True,100,99,20,1980,50.15647706719781,48.61530152133903,0.08422525076639308,71.05117116200563
F12,16,SGO,cold_restart,20,5,10,5000,5.0,100,500000,500000,True,100,99,20,1980,25.259434452559578,22.074381175874752,0.15587244905468542,74.49558524199529
F12,15,WOA,previous_best_seeded,20,5,10,5000,5.0,100,500000,500000,True,100,99,20,1980,22.7572867375763,21.311538182988265,0.1182873607172851,75.13416827800393
F12,16,WOA,previous_best_seeded,20,5,10,5000,5.0,100,500000,500000,True,100,99,20,1980,24.65736863086391,22.98838107077485,0.1140480784253545,61.12853562900273
F12,18,PSO,cold_restart,20,5,10,5000,5.0,100,500000,500000,True,100,99,20,1980,15.360289534534493,8.666547685351052,0.12714336972607007,11.435015225011739
F12,16,WOA,cold_restart,20,5,10,5000,5.0,100,500000,500000,True,100,99,20,1980,26.554283005911916,24.946939515383637,0.11496321420049538,63.26683353999397
F12,18,PSO,previous_best_seeded,20,5,10,5000,5.0,100,500000,500000,True,100,99,20,1980,14.498715087692645,8.700699647469031,0.12303402359846465,9.739630370007944
F12,18,GWO,cold_restart,20,5,10,5000,5.0,100,500000,500000,True,100,99,20,1980,16.001098972801504,11.582041820139882,0.0824510362821169,29.63128575400333
F12,18,PSO,population_persistence,20,5,10,5000,5.0,100,500000,500000,True,100,99,20,1980,20.25033716605295,18.12653809917998,0.02558458065930718,9.194598492002115
F12,16,SGO,previous_best_seeded,20,5,10,5000,5.0,100,500000,500000,True,100,99,20,1980,23.57785026475487,20.53320437274402,0.16131134871778624,90.13252325401118
F12,18,GWO,previous_best_seeded,20,5,10,5000,5.0,100,500000,500000,True,100,99,20,1980,12.869855043675955,8.319947672589326,0.0847433350910975,34.97423113499826
F12,17,SGO,population_persistence,20,5,10,5000,5.0,100,500000,500000,True,100,99,20,1980,65.25334321629173,63.40835519373358,0.08809601485871352,78.975920441997
F12,16,WOA,population_persistence,20,5,10,5000,5.0,100,500000,500000,True,100,99,20,1980,23.461377300409147,22.36913843170997,0.06451083753311204,81.8984940169903
F12,18,GWO,population_persistence,20,5,10,5000,5.0,100,500000,500000,True,100,99,20,1980,14.284757248499005,10.089459333164278,0.04441762651420892,36.730780710990075
F12,17,SGO,previous_best_seeded,20,5,10,5000,5.0,100,500000,500000,True,100,99,20,1980,21.592249167955014,18.47518506435592,0.20480610967940654,84.33073497698933
F12,17,SGO,cold_restart,20,5,10,5000,5.0,100,500000,500000,True,100,99,20,1980,28.864587059659943,25.231619927808648,0.17763432525951386,85.40471150999656
F12,17,WOA,population_persistence,20,5,10,5000,5.0,100,500000,500000,True,100,99,20,1980,50.77075724295096,49.251116023160876,0.06737649202059873,64.72341311300988
F12,17,WOA,previous_best_seeded,20,5,10,5000,5.0,100,500000,500000,True,100,99,20,1980,26.154767205906186,24.79603179490217,0.11818223935137073,67.11801612999989
F12,19,PSO,cold_restart,20,5,10,5000,5.0,100,500000,500000,True,100,99,20,1980,13.935243024964608,7.669666827142359,0.12530688114938265,10.595064940003795
F12,19,PSO,previous_best_seeded,20,5,10,5000,5.0,100,500000,500000,True,100,99,20,1980,14.307145047307882,8.556528589546485,0.12192916194250604,11.23545845800254
F12,19,PSO,population_persistence,20,5,10,5000,5.0,100,500000,500000,True,100,99,20,1980,61.60498877573283,59.393300643041314,0.0268045107455987,10.43101519299671
F12,17,WOA,cold_restart,20,5,10,5000,5.0,100,500000,500000,True,100,99,20,1980,29.239192444024486,27.564406770536685,0.11632751571370555,74.30929536899203
F12,19,GWO,cold_restart,20,5,10,5000,5.0,100,500000,500000,True,100,99,20,1980,14.132573939963473,9.84323183036276,0.08348820289078883,30.523465524995117
F12,18,SGO,cold_restart,20,5,10,5000,5.0,100,500000,500000,True,100,99,20,1980,27.107650181991218,23.947466379414813,0.15198749820226023,74.65948239101272
F12,19,GWO,population_persistence,20,5,10,5000,5.0,100,500000,500000,True,100,99,20,1980,42.162218215914585,41.02939829185659,0.013644550314407467,31.828678584992304
F12,20,PSO,cold_restart,20,5,10,5000,5.0,100,500000,500000,True,100,99,20,1980,15.443750088811733,9.728022384263525,0.12242421140494207,9.403623617006815
F12,18,SGO,previous_best_seeded,20,5,10,5000,5.0,100,500000,500000,True,100,99,20,1980,22.281233857083716,19.011757889854202,0.15708411832663008,85.91998299000261
F12,19,GWO,previous_best_seeded,20,5,10,5000,5.0,100,500000,500000,True,100,99,20,1980,14.421633919519216,9.96696119037116,0.08715680447504903,38.94541641000251
F12,20,PSO,previous_best_seeded,20,5,10,5000,5.0,100,500000,500000,True,100,99,20,1980,14.612574906018956,9.181319370523532,0.12259015025853628,9.182630164999864
F12,20,PSO,population_persistence,20,5,10,5000,5.0,100,500000,500000,True,100,99,20,1980,84.9238294939859,83.0275430777533,0.015225620372092913,9.579100061004283
F12,18,SGO,population_persistence,20,5,10,5000,5.0,100,500000,500000,True,100,99,20,1980,63.08396620424623,61.58195698362219,0.0570041158953736,84.62122517199896
F12,20,GWO,previous_best_seeded,20,5,10,5000,5.0,100,500000,500000,True,100,99,20,1980,13.650032522365265,9.74877854131218,0.08339121839757739,28.51538907199574
F12,20,GWO,population_persistence,20,5,10,5000,5.0,100,500000,500000,True,100,99,20,1980,27.65024201966979,25.607905220792997,0.03140686904905786,29.433546929998556
F12,18,WOA,population_persistence,20,5,10,5000,5.0,100,500000,500000,True,100,99,20,1980,41.502588066891235,40.599717886259874,0.07689442561675303,68.7960972150031
F12,18,WOA,previous_best_seeded,20,5,10,5000,5.0,100,500000,500000,True,100,99,20,1980,25.164029546434772,23.46383132594372,0.11739717693549614,69.08705648999603
F12,20,GWO,cold_restart,20,5,10,5000,5.0,100,500000,500000,True,100,99,20,1980,15.219469046247292,10.847569036721106,0.08394787384111498,38.15348835400073
F12,19,SGO,population_persistence,20,5,10,5000,5.0,100,500000,500000,True,100,99,20,1980,35.933631281438345,34.77636923787889,0.0974022248499507,70.37251402898983
F12,18,WOA,cold_restart,20,5,10,5000,5.0,100,500000,500000,True,100,99,20,1980,29.282825569629857,27.465114121809314,0.11571957734873618,81.85994012799347
F12,19,SGO,cold_restart,20,5,10,5000,5.0,100,500000,500000,True,100,99,20,1980,23.642549552699705,20.833523645960916,0.12533832725470492,80.68609169399133
F12,21,PSO,cold_restart,20,5,10,5000,5.0,100,500000,500000,True,100,99,20,1980,15.621450804996007,9.619862684681872,0.11858712474740002,11.243211423003231
F12,21,PSO,previous_best_seeded,20,5,10,5000,5.0,100,500000,500000,True,100,99,20,1980,15.231132851645434,10.546926170202005,0.11026154472477742,11.50630591699155
F12,21,PSO,population_persistence,20,5,10,5000,5.0,100,500000,500000,True,100,99,20,1980,72.49823010055303,63.903185489559135,0.006542473991172056,8.894175587003701
F12,19,WOA,cold_restart,20,5,10,5000,5.0,100,500000,500000,True,100,99,20,1980,26.489661012268183,24.84898366880663,0.11357908009472559,64.51045406800404
F12,19,SGO,previous_best_seeded,20,5,10,5000,5.0,100,500000,500000,True,100,99,20,1980,23.91520776491185,21.4057048796087,0.12248076102830469,88.39666258300713
F12,19,WOA,previous_best_seeded,20,5,10,5000,5.0,100,500000,500000,True,100,99,20,1980,23.774348250564262,22.146411327850018,0.11360911571012428,72.41764197300654
F12,21,GWO,population_persistence,20,5,10,5000,5.0,100,500000,500000,True,100,99,20,1980,28.16657857182829,25.906121451895565,0.0368850926324362,30.05325659699156
F12,21,GWO,previous_best_seeded,20,5,10,5000,5.0,100,500000,500000,True,100,99,20,1980,13.152063304490868,8.829963540246625,0.08105195610696594,30.198622785988846
F12,20,SGO,cold_restart,20,5,10,5000,5.0,100,500000,500000,True,100,99,20,1980,27.36691105273628,24.10491308395352,0.15191395151215362,71.5131874820072
F12,20,SGO,previous_best_seeded,20,5,10,5000,5.0,100,500000,500000,True,100,99,20,1980,22.879615863843274,19.662343366477646,0.16874847259277514,71.39376162100234
F12,21,GWO,cold_restart,20,5,10,5000,5.0,100,500000,500000,True,100,99,20,1980,14.909946864457575,10.215210877634108,0.0829300382612647,40.426127198006725
F12,19,WOA,population_persistence,20,5,10,5000,5.0,100,500000,500000,True,100,99,20,1980,29.722408676036665,28.905148997992537,0.06685402521700322,78.23364553699503
F12,20,SGO,population_persistence,20,5,10,5000,5.0,100,500000,500000,True,100,99,20,1980,59.63251618397209,57.445701653394934,0.05548396550778421,78.75873570601107
F12,22,PSO,cold_restart,20,5,10,5000,5.0,100,500000,500000,True,100,99,20,1980,14.967816010912884,9.134637210878502,0.11844333572172924,10.857889120001346
F12,22,PSO,previous_best_seeded,20,5,10,5000,5.0,100,500000,500000,True,100,99,20,1980,13.463937855129608,8.054056674126794,0.11784413100560746,11.086542005999945
F12,20,WOA,cold_restart,20,5,10,5000,5.0,100,500000,500000,True,100,99,20,1980,27.863480586466885,26.3926556983746,0.11353806691649374,67.18248307099566
F12,22,PSO,population_persistence,20,5,10,5000,5.0,100,500000,500000,True,100,99,20,1980,25.752100906971826,23.812617385507878,0.025595305703363182,11.760329949000152
F12,20,WOA,population_persistence,20,5,10,5000,5.0,100,500000,500000,True,100,99,20,1980,33.04567396402131,31.73656869438159,0.06438185807669684,64.69158061199414
F12,22,GWO,population_persistence,20,5,10,5000,5.0,100,500000,500000,True,100,99,20,1980,20.791867010524772,17.74654154058559,0.03917935252435701,29.506606706010643
F12,20,WOA,previous_best_seeded,20,5,10,5000,5.0,100,500000,500000,True,100,99,20,1980,17.41616647723805,16.32003862078971,0.11225675924283529,78.29450728200027
F12,22,GWO,cold_restart,20,5,10,5000,5.0,100,500000,500000,True,100,99,20,1980,12.718967482637293,7.7287765619227695,0.08595858965811552,33.59137698599079
F12,22,GWO,previous_best_seeded,20,5,10,5000,5.0,100,500000,500000,True,100,99,20,1980,12.159532855653937,7.127555603602384,0.08930778336887635,36.31130422199203
F12,21,SGO,population_persistence,20,5,10,5000,5.0,100,500000,500000,True,100,99,20,1980,44.68572565874244,42.72962072942003,0.17263464077810928,75.38949413700902
F12,21,SGO,cold_restart,20,5,10,5000,5.0,100,500000,500000,True,100,99,20,1980,27.952691016338516,24.37507277325424,0.16626393169577425,81.33114916201157
F12,21,SGO,previous_best_seeded,20,5,10,5000,5.0,100,500000,500000,True,100,99,20,1980,25.740676110999324,22.291168904489858,0.1805166679598805,83.96971931798907
F12,23,PSO,cold_restart,20,5,10,5000,5.0,100,500000,500000,True,100,99,20,1980,12.849415932971432,5.79931599611701,0.13435351286496372,10.207498028001282
F12,21,WOA,cold_restart,20,5,10,5000,5.0,100,500000,500000,True,100,99,20,1980,31.343987275209543,29.48876014254634,0.114558650354176,63.612953734002076
F12,23,PSO,previous_best_seeded,20,5,10,5000,5.0,100,500000,500000,True,100,99,20,1980,12.673351974300978,6.606685766258284,0.12888756010024738,11.963860535994172
F12,23,PSO,population_persistence,20,5,10,5000,5.0,100,500000,500000,True,100,99,20,1980,15.342204945041873,13.31856417889733,0.024520837939391457,9.684976099000778
F12,23,GWO,cold_restart,20,5,10,5000,5.0,100,500000,500000,True,100,99,20,1980,12.863684081307202,8.970177854590927,0.076552449081196,30.256174160997034
F12,23,GWO,previous_best_seeded,20,5,10,5000,5.0,100,500000,500000,True,100,99,20,1980,12.363629726452153,8.898716536445537,0.07339429195605016,30.439197911997326
F12,23,GWO,population_persistence,20,5,10,5000,5.0,100,500000,500000,True,100,99,20,1980,26.813521521480737,25.334184286279537,0.017819032261849343,29.650368321003043
F12,21,WOA,previous_best_seeded,20,5,10,5000,5.0,100,500000,500000,True,100,99,20,1980,28.551566075111783,26.981332592619186,0.11502825204567443,77.33993670799828
F12,22,SGO,previous_best_seeded,20,5,10,5000,5.0,100,500000,500000,True,100,99,20,1980,24.150798472345084,21.33028600556278,0.1858595828144299,75.603493076007
F12,21,WOA,population_persistence,20,5,10,5000,5.0,100,500000,500000,True,100,99,20,1980,42.22505322777858,40.569192807167695,0.06487822107118922,80.89766906599107
F12,22,WOA,cold_restart,20,5,10,5000,5.0,100,500000,500000,True,100,99,20,1980,25.64667315150004,24.049467388321247,0.11908873029968568,62.50282109199907
F12,24,PSO,cold_restart,20,5,10,5000,5.0,100,500000,500000,True,100,99,20,1980,17.58513961697697,11.849740588043948,0.11648857342539555,10.075339185990742
F12,22,WOA,previous_best_seeded,20,5,10,5000,5.0,100,500000,500000,True,100,99,20,1980,25.94983361970493,24.48773575762855,0.1190112745727422,60.88763752300292
F12,22,SGO,cold_restart,20,5,10,5000,5.0,100,500000,500000,True,100,99,20,1980,25.431275760866345,22.144868146397638,0.16209997191231854,86.2330855760083
F12,24,PSO,previous_best_seeded,20,5,10,5000,5.0,100,500000,500000,True,100,99,20,1980,13.750013771622475,8.594251801042569,0.11231166064232566,11.707115404991782
F12,24,PSO,population_persistence,20,5,10,5000,5.0,100,500000,500000,True,100,99,20,1980,102.25414576568404,101.15120705955388,0.006659897919152036,10.113998341999832
F12,22,SGO,population_persistence,20,5,10,5000,5.0,100,500000,500000,True,100,99,20,1980,52.40350738268354,50.60829561892588,0.1210288266203671,88.23201128400979
F12,24,GWO,cold_restart,20,5,10,5000,5.0,100,500000,500000,True,100,99,20,1980,17.73580386142235,12.235048107831267,0.0889593462246682,31.20870243299578
F12,22,WOA,population_persistence,20,5,10,5000,5.0,100,500000,500000,True,100,99,20,1980,48.18070571966804,47.61612803316419,0.07683657535082809,73.26120412000455
F12,24,GWO,previous_best_seeded,20,5,10,5000,5.0,100,500000,500000,True,100,99,20,1980,15.309110789063439,9.903436286432228,0.09145361028661088,30.473455890998594
F12,24,GWO,population_persistence,20,5,10,5000,5.0,100,500000,500000,True,100,99,20,1980,34.78697013187846,32.13262658503856,0.03120958535106162,31.22858668900153
F12,23,SGO,population_persistence,20,5,10,5000,5.0,100,500000,500000,True,100,99,20,1980,37.8685507623661,36.14808235508819,0.047068058756565403,78.43031990199233
F12,25,PSO,cold_restart,20,5,10,5000,5.0,100,500000,500000,True,100,99,20,1980,14.8664131792714,8.909129866701882,0.12538031656572293,10.429372113998397
F12,23,SGO,cold_restart,20,5,10,5000,5.0,100,500000,500000,True,100,99,20,1980,20.350647833891752,18.062096286888416,0.11110383450773532,89.16008700199018
F12,25,PSO,previous_best_seeded,20,5,10,5000,5.0,100,500000,500000,True,100,99,20,1980,13.617292699889212,7.9102452543248285,0.12234144583454819,12.055005408008583
F12,23,WOA,cold_restart,20,5,10,5000,5.0,100,500000,500000,True,100,99,20,1980,23.306162024989867,21.64648044052733,0.11064022113898848,64.6297823650093
F12,25,PSO,population_persistence,20,5,10,5000,5.0,100,500000,500000,True,100,99,20,1980,50.98578186950627,47.250661297418674,0.026356159763964736,10.870826767990366
F12,23,WOA,previous_best_seeded,20,5,10,5000,5.0,100,500000,500000,True,100,99,20,1980,24.670606357524235,23.176264342103877,0.1090596434728111,67.0292418619938
F12,23,WOA,population_persistence,20,5,10,5000,5.0,100,500000,500000,True,100,99,20,1980,28.420037202686824,27.24573411048568,0.05076462011322391,69.33577580899873
F12,25,GWO,cold_restart,20,5,10,5000,5.0,100,500000,500000,True,100,99,20,1980,15.144968411393172,11.318653599879362,0.07913192678851333,30.751088393008104
F12,23,SGO,previous_best_seeded,20,5,10,5000,5.0,100,500000,500000,True,100,99,20,1980,20.050928638082564,17.888660407716937,0.1070239515441704,94.64376463399094
F12,25,GWO,previous_best_seeded,20,5,10,5000,5.0,100,500000,500000,True,100,99,20,1980,14.49470250548105,11.259881883220066,0.07290375767044745,30.48059385099623
F12,25,GWO,population_persistence,20,5,10,5000,5.0,100,500000,500000,True,100,99,20,1980,35.58613343946874,34.67581648638143,0.01584300025168367,29.673526148995734
F12,24,SGO,population_persistence,20,5,10,5000,5.0,100,500000,500000,True,100,99,20,1980,74.29619029350218,71.88119047233398,0.048828793256609944,73.18638915599149
F12,26,PSO,cold_restart,20,5,10,5000,5.0,100,500000,500000,True,100,99,20,1980,16.362297801566644,10.229958931280917,0.11833231326165998,10.206478560998221
F12,26,PSO,previous_best_seeded,20,5,10,5000,5.0,100,500000,500000,True,100,99,20,1980,15.207970953519698,10.573088053216908,0.11321484962745658,10.47501996801293
F12,26,PSO,population_persistence,20,5,10,5000,5.0,100,500000,500000,True,100,99,20,1980,105.31713927296668,102.40573696416017,0.01212276285867287,10.28048173400748
F12,24,WOA,previous_best_seeded,20,5,10,5000,5.0,100,500000,500000,True,100,99,20,1980,26.413764761243613,24.74090864177042,0.119963129739373,62.91067994599871
F12,24,SGO,cold_restart,20,5,10,5000,5.0,100,500000,500000,True,100,99,20,1980,28.993985354800035,25.168890555548256,0.1881359774647702,89.50249644799624
F12,24,SGO,previous_best_seeded,20,5,10,5000,5.0,100,500000,500000,True,100,99,20,1980,25.47746813748143,22.23850144294148,0.20619605053966658,88.09956011400209
F12,24,WOA,cold_restart,20,5,10,5000,5.0,100,500000,500000,True,100,99,20,1980,28.4546505286301,26.9023071350721,0.11960235616466273,66.38983295598882
F12,26,GWO,cold_restart,20,5,10,5000,5.0,100,500000,500000,True,100,99,20,1980,15.162497420489686,10.549003681316828,0.08496750557946435,29.30770062499505
F12,26,GWO,population_persistence,20,5,10,5000,5.0,100,500000,500000,True,100,99,20,1980,24.956744796926102,23.29788364205038,0.030039079171323584,32.651929805011605
F12,26,GWO,previous_best_seeded,20,5,10,5000,5.0,100,500000,500000,True,100,99,20,1980,14.80079804703529,10.027611893332361,0.08827626704327167,39.156228341991664
F12,24,WOA,population_persistence,20,5,10,5000,5.0,100,500000,500000,True,100,99,20,1980,33.89993358782828,32.6577028980992,0.07732712495674142,84.27608641600818
F12,25,SGO,previous_best_seeded,20,5,10,5000,5.0,100,500000,500000,True,100,99,20,1980,23.846385747600987,21.264570471357125,0.11847003909426512,79.38120598100068
F12,25,SGO,cold_restart,20,5,10,5000,5.0,100,500000,500000,True,100,99,20,1980,24.087840807472357,21.359469351104057,0.12352081749142226,83.2682657050027
F12,27,PSO,cold_restart,20,5,10,5000,5.0,100,500000,500000,True,100,99,20,1980,14.841271097619801,8.600568251499363,0.12355970758884094,12.064937026996631
F12,25,WOA,cold_restart,20,5,10,5000,5.0,100,500000,500000,True,100,99,20,1980,25.583388194099346,24.048337601768832,0.11528137346988121,65.74654673699115
F12,27,PSO,previous_best_seeded,20,5,10,5000,5.0,100,500000,500000,True,100,99,20,1980,13.61986505842936,8.064885433331607,0.12236318010007616,10.569096524006454
F12,27,PSO,population_persistence,20,5,10,5000,5.0,100,500000,500000,True,100,99,20,1980,76.88218923300923,73.97126426695608,0.021662757988585128,10.658566936996067
F12,25,WOA,population_persistence,20,5,10,5000,5.0,100,500000,500000,True,100,99,20,1980,32.358130052605695,31.41779435911466,0.06726375328029599,65.99970259499969
F12,27,GWO,previous_best_seeded,20,5,10,5000,5.0,100,500000,500000,True,100,99,20,1980,13.179225025611363,8.856309154684261,0.08316120209472237,29.222902169000008
F12,27,GWO,cold_restart,20,5,10,5000,5.0,100,500000,500000,True,100,99,20,1980,13.985278702013327,9.673842620160837,0.08209595144521767,35.65629877199535
F12,25,WOA,previous_best_seeded,20,5,10,5000,5.0,100,500000,500000,True,100,99,20,1980,23.61074812180616,22.221693376267826,0.11222335591252688,69.0543679590046
F12,25,SGO,population_persistence,20,5,10,5000,5.0,100,500000,500000,True,100,99,20,1980,45.62387524830332,43.81375694385745,0.049970797579754304,93.65890181600116
F12,27,GWO,population_persistence,20,5,10,5000,5.0,100,500000,500000,True,100,99,20,1980,35.893769759221406,33.65628605099675,0.024779877125559284,28.302606792000006
F12,26,SGO,cold_restart,20,5,10,5000,5.0,100,500000,500000,True,100,99,20,1980,25.850635002785616,22.318267498438267,0.17368499815683747,72.36284893899574
F12,28,PSO,cold_restart,20,5,10,5000,5.0,100,500000,500000,True,100,99,20,1980,15.23227797820415,8.504676746913619,0.12666114963789182,10.99358610001218
F12,28,PSO,previous_best_seeded,20,5,10,5000,5.0,100,500000,500000,True,100,99,20,1980,12.369503797542983,7.082978520053607,0.1124589181705841,10.870742704995791
F12,28,PSO,population_persistence,20,5,10,5000,5.0,100,500000,500000,True,100,99,20,1980,58.82432339254314,56.92215858907846,0.007493543222082904,10.367844648004393
F12,26,WOA,cold_restart,20,5,10,5000,5.0,100,500000,500000,True,100,99,20,1980,27.654031188552835,25.770460188372425,0.11686859659273571,68.3722346900031
F12,26,SGO,previous_best_seeded,20,5,10,5000,5.0,100,500000,500000,True,100,99,20,1980,24.574542300695793,21.563542640981424,0.17186116247190594,84.17459006499848
F12,28,GWO,previous_best_seeded,20,5,10,5000,5.0,100,500000,500000,True,100,99,20,1980,12.027183588311527,7.27907475854361,0.08434641059315098,29.345916582999052
F12,26,SGO,population_persistence,20,5,10,5000,5.0,100,500000,500000,True,100,99,20,1980,64.75876249904854,62.740334674171756,0.050297173658705854,92.08294706500601
F12,28,GWO,cold_restart,20,5,10,5000,5.0,100,500000,500000,True,100,99,20,1980,14.458450052763284,9.501238333112497,0.08384595041247211,31.244735500993556
F12,26,WOA,previous_best_seeded,20,5,10,5000,5.0,100,500000,500000,True,100,99,20,1980,24.752283087994588,23.01752036319834,0.11993076358635896,76.74716210999759
F12,28,GWO,population_persistence,20,5,10,5000,5.0,100,500000,500000,True,100,99,20,1980,38.83920488092486,37.06949276264362,0.018588559634847013,33.113480132000404
F12,27,SGO,cold_restart,20,5,10,5000,5.0,100,500000,500000,True,100,99,20,1980,26.64068359213171,23.461717186639085,0.148965614671285,74.26736062200507
F12,27,SGO,previous_best_seeded,20,5,10,5000,5.0,100,500000,500000,True,100,99,20,1980,23.050284205169245,20.325442279170645,0.14911186066108537,76.929555833005
F12,27,SGO,population_persistence,20,5,10,5000,5.0,100,500000,500000,True,100,99,20,1980,68.31739781851351,66.67472106186803,0.04867752388150346,77.38823130998935
F12,26,WOA,population_persistence,20,5,10,5000,5.0,100,500000,500000,True,100,99,20,1980,29.027249562790132,27.875868916808034,0.07357318195715049,81.29061844799435
F12,29,PSO,cold_restart,20,5,10,5000,5.0,100,500000,500000,True,100,99,20,1980,12.682576711897921,5.665604638163018,0.13400133681973445,12.41753642600088
F12,29,PSO,previous_best_seeded,20,5,10,5000,5.0,100,500000,500000,True,100,99,20,1980,12.623102693107471,6.2504502581325765,0.13273689636833444,10.257939571994939
F12,29,PSO,population_persistence,20,5,10,5000,5.0,100,500000,500000,True,100,99,20,1980,96.79662119194703,92.44836186783652,0.022925385353470728,9.301828929994372
F12,27,WOA,cold_restart,20,5,10,5000,5.0,100,500000,500000,True,100,99,20,1980,31.660873434065998,30.124832512035432,0.1134088849812306,65.93860843499715
F12,27,WOA,population_persistence,20,5,10,5000,5.0,100,500000,500000,True,100,99,20,1980,40.428880528021764,39.13622239637241,0.06971359745157607,62.452953667001566
F12,27,WOA,previous_best_seeded,20,5,10,5000,5.0,100,500000,500000,True,100,99,20,1980,23.0484171945978,21.502310964046938,0.11873622369382315,68.01853309199214
F12,29,GWO,previous_best_seeded,20,5,10,5000,5.0,100,500000,500000,True,100,99,20,1980,11.978637881077074,8.447024933119454,0.0748663916300234,30.24812207800278
F12,29,GWO,cold_restart,20,5,10,5000,5.0,100,500000,500000,True,100,99,20,1980,11.898239445799238,8.358327994752612,0.07614311844694657,32.26466958099627
F12,29,GWO,population_persistence,20,5,10,5000,5.0,100,500000,500000,True,100,99,20,1980,38.45954906889562,37.497515699903744,0.011535410419053059,37.0700623820012
F12,30,PSO,cold_restart,20,5,10,5000,5.0,100,500000,500000,True,100,99,20,1980,13.580788866558313,7.473155138399244,0.1275072724979867,12.087093679991085
F12,28,SGO,cold_restart,20,5,10,5000,5.0,100,500000,500000,True,100,99,20,1980,25.266508606874346,22.214416777943125,0.15364997725436902,81.05542274800246
F12,28,SGO,population_persistence,20,5,10,5000,5.0,100,500000,500000,True,100,99,20,1980,50.140179882606,48.50148811518508,0.08703595719813069,79.4891858780029
F12,28,WOA,cold_restart,20,5,10,5000,5.0,100,500000,500000,True,100,99,20,1980,25.340463423165556,23.721049135253764,0.11666705772348492,66.16847831600171
F12,30,PSO,previous_best_seeded,20,5,10,5000,5.0,100,500000,500000,True,100,99,20,1980,10.859495267619188,4.843337768720642,0.128858407907051,11.458848659007344
F12,28,WOA,previous_best_seeded,20,5,10,5000,5.0,100,500000,500000,True,100,99,20,1980,23.018765799480924,21.342180355089795,0.12023000627374342,67.24376686899632
F12,30,PSO,population_persistence,20,5,10,5000,5.0,100,500000,500000,True,100,99,20,1980,52.29491578789499,47.911070279787964,0.022858134426151182,11.383198622002965
F12,30,GWO,cold_restart,20,5,10,5000,5.0,100,500000,500000,True,100,99,20,1980,13.258689951190192,8.5931383911718,0.08400786623460886,29.268368040007772
F12,28,SGO,previous_best_seeded,20,5,10,5000,5.0,100,500000,500000,True,100,99,20,1980,23.3896219648289,20.520631536307437,0.1592803562326894,91.57017881999491
F12,30,GWO,previous_best_seeded,20,5,10,5000,5.0,100,500000,500000,True,100,99,20,1980,11.771811825255279,7.503652187781214,0.08363868402384161,29.402133037001477
F12,30,GWO,population_persistence,20,5,10,5000,5.0,100,500000,500000,True,100,99,20,1980,44.87482184615511,43.86139611834934,0.011414600370427613,29.251435034006136
F12,29,SGO,cold_restart,20,5,10,5000,5.0,100,500000,500000,True,100,99,20,1980,21.02147274963071,18.14705949466646,0.12671006839376212,71.81478667999909
F12,28,WOA,population_persistence,20,5,10,5000,5.0,100,500000,500000,True,100,99,20,1980,37.361776132563705,36.67304966699528,0.07443490915493607,80.98842638499627
F12,31,PSO,cold_restart,20,5,10,5000,5.0,100,500000,500000,True,100,99,20,1980,15.36974366999511,9.253680934982032,0.12409748771400826,11.390828124000109
F12,31,PSO,previous_best_seeded,20,5,10,5000,5.0,100,500000,500000,True,100,99,20,1980,14.42612253123665,8.792055305957378,0.12293333413535404,10.037911970997811
F12,29,WOA,cold_restart,20,5,10,5000,5.0,100,500000,500000,True,100,99,20,1980,23.779786316717626,21.986801765706776,0.11301630397600637,63.14335852499062
F12,31,PSO,population_persistence,20,5,10,5000,5.0,100,500000,500000,True,100,99,20,1980,50.5929300078727,48.6073570558982,0.024562771451833162,9.916892020992236
F12,29,WOA,previous_best_seeded,20,5,10,5000,5.0,100,500000,500000,True,100,99,20,1980,22.217158760741775,20.671504500888236,0.11270110183373656,70.24979898800666
F12,29,SGO,previous_best_seeded,20,5,10,5000,5.0,100,500000,500000,True,100,99,20,1980,21.165519038756603,18.624248709144222,0.12862177326871224,92.79108705400722
F12,29,SGO,population_persistence,20,5,10,5000,5.0,100,500000,500000,True,100,99,20,1980,39.99235876565473,38.644671120425805,0.06441075435981075,86.72425274198758
F12,31,GWO,cold_restart,20,5,10,5000,5.0,100,500000,500000,True,100,99,20,1980,15.812495754137917,11.135426364965223,0.08515268407933885,34.04495203199622
F12,31,GWO,population_persistence,20,5,10,5000,5.0,100,500000,500000,True,100,99,20,1980,26.26269234859617,23.97732359095315,0.032659470428406265,30.88611561599828
F12,31,GWO,previous_best_seeded,20,5,10,5000,5.0,100,500000,500000,True,100,99,20,1980,15.404274126184669,11.066054979192224,0.0845362320709665,33.25199946000066
F12,30,SGO,cold_restart,20,5,10,5000,5.0,100,500000,500000,True,100,99,20,1980,24.617352094136702,21.904135054629386,0.14122525461208132,76.01129535499786
F12,30,SGO,previous_best_seeded,20,5,10,5000,5.0,100,500000,500000,True,100,99,20,1980,21.083988235862208,18.268084406615944,0.14236856209477672,75.65590686400537
F12,31,WOA,cold_restart,20,5,10,5000,5.0,100,500000,500000,True,100,99,20,1980,27.275564295801605,25.60886238624219,0.11758180038002353,31.229608958994504
F12,29,WOA,population_persistence,20,5,10,5000,5.0,100,500000,500000,True,100,99,20,1980,24.010591453195374,22.75756033761141,0.06897337646869652,32.858650016001775
F12,30,SGO,population_persistence,20,5,10,5000,5.0,100,500000,500000,True,100,99,20,1980,57.45033578687781,55.36439033177149,0.043034546596190854,36.82035836498835
F12,31,WOA,previous_best_seeded,20,5,10,5000,5.0,100,500000,500000,True,100,99,20,1980,21.737559392452376,20.331236720451848,0.11794817191150478,40.11883615399711
F12,31,SGO,previous_best_seeded,20,5,10,5000,5.0,100,500000,500000,True,100,99,20,1980,24.918924359554087,21.93903638165615,0.16686336741098814,40.4512495759991
F12,30,WOA,population_persistence,20,5,10,5000,5.0,100,500000,500000,True,100,99,20,1980,30.177674498938607,28.572968375864317,0.06081971114103442,43.618743396989885
F12,31,WOA,population_persistence,20,5,10,5000,5.0,100,500000,500000,True,100,99,20,1980,34.73311218165298,33.43445291843167,0.06853170847233173,44.732387958996696
F12,30,WOA,cold_restart,20,5,10,5000,5.0,100,500000,500000,True,100,99,20,1980,25.107408044744453,23.74344649366931,0.11412459318650586,47.00854076399992
F12,31,SGO,population_persistence,20,5,10,5000,5.0,100,500000,500000,True,100,99,20,1980,53.755898694095,52.181986865960624,0.07275668760564506,51.30239706199791
F12,30,WOA,previous_best_seeded,20,5,10,5000,5.0,100,500000,500000,True,100,99,20,1980,21.163677292745597,19.790951264794113,0.116564935759858,53.11755630899279
F12,31,SGO,cold_restart,20,5,10,5000,5.0,100,500000,500000,True,100,99,20,1980,27.0284664236088,23.921010462643224,0.1586016890715905,53.146928303001914
