case,alg,mode,seed,end_error,post_change_error,recovery_frac_50,recovery_frac_90,late_half_fraction,mean_population_diversity
F10,GWO,cold_restart,1,91.77074942767099,375.182939200806,0.017804040404040402,0.2619959595959596,0.049569940168897125,0.0807953353614622
F10,GWO,cold_restart,2,92.71707169999719,409.90502284671993,0.01568282828282828,0.2561858585858586,0.05223790917859817,0.08048919291653525
F10,GWO,cold_restart,3,84.54204872140588,390.6652946435382,0.013892929292929292,0.2708424242424243,0.059449038075265845,0.07936139941247303
F10,GWO,cold_restart,4,93.61665069363974,420.03184323205977,0.014252525252525253,0.32654747474747475,0.07001806996491008,0.08206640009645723
F10,GWO,cold_restart,5,94.27443890495091,391.1983016591085,0.016066666666666667,0.2772020202020202,0.054857547900917285,0.08123270281463793
F10,GWO,cold_restart,6,88.52101001613032,396.5532679947629,0.017476767676767677,0.29663636363636364,0.06147698430886368,0.08146541753526397
F10,GWO,cold_restart,7,89.56913940677987,398.02787016177,0.014836363636363637,0.25756565656565655,0.055777959152878316,0.08136387771522137
F10,GWO,cold_restart,8,90.9059672707325,390.3017384242973,0.017115151515151514,0.28575959595959594,0.06004885987400373,0.07950098759264465
F10,GWO,cold_restart,9,92.74508287878258,393.44775907157225,0.020096969696969696,0.26964242424242424,0.05629719581111383,0.08143137927576279
F10,GWO,cold_restart,10,78.88823240999074,371.2832308000893,0.01748282828282828,0.2733838383838384,0.05721708778010153,0.0789162706270914
F10,GWO,cold_restart,11,91.45629640034849,398.33321064096293,0.014404040404040403,0.2764787878787879,0.060473546395319,0.08156972954655722
F10,GWO,cold_restart,12,92.13296380308128,386.4970092451263,0.015507070707070705,0.2565777777777778,0.047563881490616994,0.08094671773575822
F10,GWO,cold_restart,13,82.19766577023418,394.7369802885554,0.01506060606060606,0.28882626262626265,0.05985131997393026,0.08161586161152065
F10,GWO,cold_restart,14,89.81060570489245,392.457289092376,0.017745454545454547,0.30044242424242423,0.06368014438751243,0.081153805896217
F10,GWO,cold_restart,15,89.2361625487384,398.47502683210735,0.01746666666666667,0.30072323232323234,0.06190724024716192,0.08053966826238078
F10,GWO,cold_restart,16,82.70400894933972,390.84369237959186,0.016397979797979797,0.28032121212121214,0.05932896613861182,0.0798945458242511
F10,GWO,cold_restart,17,90.73028056064015,395.0383391523516,0.017535353535353536,0.2816181818181818,0.056844453893187354,0.08010647483346113
F10,GWO,cold_restart,18,81.51124062750579,389.9225937392456,0.01802020202020202,0.2696080808080808,0.061330997484882174,0.08018092163097834
F10,GWO,cold_restart,19,81.92285743226584,392.97537024546335,0.020870707070707067,0.27855959595959595,0.06311994930363676,0.07958004841386944
F10,GWO,cold_restart,20,91.61138408021218,409.42919905184607,0.017832323232323234,0.3046020202020202,0.06209649510404542,0.08125046431478705
F10,GWO,cold_restart,21,95.17858885766931,414.4184219663965,0.01753131313131313,0.2769434343434343,0.061268198328284625,0.08067691302878784
F10,GWO,cold_restart,22,92.95797653149145,389.71877107124294,0.02317979797979798,0.3248080808080808,0.071665332538724,0.08138311770079662
F10,GWO,cold_restart,23,84.9755500648709,387.65887166314246,0.016537373737373736,0.25407070707070706,0.053167822602444494,0.07974353779715207
F10,GWO,cold_restart,24,90.18766382952057,402.6634181567067,0.016636363636363637,0.26982626262626264,0.06007843292094612,0.08063697902566523
F10,GWO,cold_restart,25,92.53435866872783,411.374607804888,0.014298989898989898,0.2594787878787879,0.05431060240949478,0.08178709787695077
F10,GWO,cold_restart,26,97.12144423313075,411.8008293559977,0.01723030303030303,0.2608161616161616,0.05650899160732861,0.08173780648857937
F10,GWO,cold_restart,27,86.20199348510248,387.252427039181,0.021214141414141414,0.28143030303030303,0.06093125125397421,0.07881750529577086
F10,GWO,cold_restart,28,91.37723128620682,400.5240921234817,0.016436363636363638,0.2653191919191919,0.05424451842889352,0.08066373666443423
F10,GWO,cold_restart,29,97.56807601404883,396.0737335224653,0.014583838383838383,0.2828848484848485,0.06365905855754293,0.08218115589873815
F10,GWO,cold_restart,30,86.59137727700129,394.83162554843716,0.013765656565656566,0.27983030303030304,0.05385220826981673,0.07928212209882524
F10,GWO,cold_restart,31,93.64593285203881,394.5126655890403,0.014818181818181819,0.2894747474747475,0.05805768418035038,0.08240765474271804
F10,GWO,population_persistence,1,153.99108525893485,243.90897213296097,0.031692929292929294,0.2460828282828283,0.048143100236757615,0.012538215247644384
F10,GWO,population_persistence,2,174.39868225445557,279.0168530902499,0.027260606060606058,0.2076848484848485,0.04632532170722425,0.008887736885328764
F10,GWO,population_persistence,3,122.61037363835122,208.1076479909326,0.12319393939393938,0.39620202020202017,0.1757081984932731,0.019955827591192243
F10,GWO,population_persistence,4,112.12843285777811,206.9976702379936,0.24744040404040404,0.5397070707070707,0.29244086950030745,0.02501517224146293
F10,GWO,population_persistence,5,199.73023197295413,284.5170339410304,0.0353959595959596,0.1282848484848485,0.02818974164619783,0.0063549684273626
F10,GWO,population_persistence,6,183.80931448981005,276.9729355147185,0.0374060606060606,0.2362747474747475,0.06148254422466004,0.012377482151121286
F10,GWO,population_persistence,7,117.39494401455943,217.50273184136688,0.05842626262626263,0.5193737373737374,0.1336208838951317,0.023743201621181233
F10,GWO,population_persistence,8,179.47412322848584,278.47831860935116,0.01929090909090909,0.13734141414141415,0.025439813758333093,0.007665638131324558
F10,GWO,population_persistence,9,193.53302403924016,296.03463266279033,0.020230303030303032,0.1254242424242424,0.021025145157529294,0.0066226090791927875
F10,GWO,population_persistence,10,106.43388398346114,190.5992712682643,0.13384040404040404,0.5455919191919192,0.19566491664435356,0.02571558347934317
F10,GWO,population_persistence,11,151.39420672962657,247.79540826096002,0.06143434343434343,0.33176565656565654,0.09596678601646506,0.015490874675375015
F10,GWO,population_persistence,12,184.43405841859902,283.996259672496,0.020717171717171717,0.14526262626262626,0.02616723777279398,0.008844560577956274
F10,GWO,population_persistence,13,197.25291383152796,295.507173019663,0.021779797979797982,0.10167676767676768,0.018418240836008314,0.005174197678671992
F10,GWO,population_persistence,14,149.97045255829337,254.0494097719584,0.07734545454545454,0.2223030303030303,0.07739258346653738,0.013090861663510336
F10,GWO,population_persistence,15,183.9241770365642,294.64620256547073,0.023103030303030302,0.17222222222222222,0.03511799662082802,0.007019172743303195
F10,GWO,population_persistence,16,191.62302891592535,285.5577904544232,0.017484848484848485,0.11101414141414141,0.0157340405297691,0.004216439462797193
F10,GWO,population_persistence,17,159.12629188992483,260.9086509007809,0.028894949494949494,0.22613131313131313,0.0405017003413089,0.00921862187029043
F10,GWO,population_persistence,18,163.95453217012323,257.6166442032483,0.04001818181818182,0.22783838383838384,0.0553940924574158,0.01015437258973496
F10,GWO,population_persistence,19,196.62154991888488,276.24433879098126,0.01632929292929293,0.0912909090909091,0.016884568620408064,0.0048780864676024336
F10,GWO,population_persistence,20,182.2204758575972,291.9330285103115,0.017650505050505052,0.21907272727272725,0.0430267256356663,0.009582736925681151
F10,GWO,population_persistence,21,195.39740671328315,283.89888984736746,0.03333939393939394,0.19165656565656566,0.04558851806674167,0.009887747429532938
F10,GWO,population_persistence,22,136.30188783002404,237.48743364921216,0.06634747474747475,0.3760969696969697,0.10292484199889261,0.01722438711471624
F10,GWO,population_persistence,23,20.222816225694203,45.369103808100625,0.6227616161616162,0.8842989898989898,0.6432764981072178,0.043799658052121264
F10,GWO,population_persistence,24,166.63625671365966,268.76462840140795,0.036816161616161615,0.27977171717171717,0.06360666478777129,0.014438653314612254
F10,GWO,population_persistence,25,61.22409493416879,122.56940061787894,0.20805252525252527,0.6982767676767677,0.2745464440072649,0.02980318670471403
F10,GWO,population_persistence,26,185.68797958204647,293.42959681431597,0.036995959595959596,0.25785050505050505,0.06628499433890767,0.012207920943097339
F10,GWO,population_persistence,27,184.5585188508099,273.60095339943626,0.017672727272727274,0.13194545454545453,0.024130867998812807,0.006912487389095225
F10,GWO,population_persistence,28,123.36945462816878,207.1030853035419,0.09181010101010101,0.3911050505050505,0.1256623196339314,0.017354303638439133
F10,GWO,population_persistence,29,128.74444624351798,223.90894812023365,0.1838747474747475,0.4119191919191919,0.21137040142149432,0.023594337946092767
F10,GWO,population_persistence,30,176.5665628209823,269.90365104834757,0.017511111111111113,0.10846060606060606,0.01681690562328701,0.005397513934959257
F10,GWO,population_persistence,31,206.69738731218953,293.0780482351461,0.02667070707070707,0.13891111111111112,0.02885683750950154,0.006615503980498285
F10,GWO,previous_best_seeded,1,32.43065352578552,55.17359462304579,0.6541070707070707,0.8840222222222223,0.771825021576375,0.07906648942170377
F10,GWO,previous_best_seeded,2,39.47745700629741,74.69171288147749,0.4995131313131313,0.8385434343434344,0.5687585250590778,0.08485595740370153
F10,GWO,previous_best_seeded,3,25.669577326442823,39.394818072330324,0.8082244897959184,0.9295775510204082,0.9390210201037353,0.08494577924004541
F10,GWO,previous_best_seeded,4,38.020607682682034,65.20404515338629,0.660159595959596,0.8947474747474747,0.7790823228874939,0.08406313502153658
F10,GWO,previous_best_seeded,5,33.71163692673104,50.12590253125645,0.7828080808080808,0.9092484848484849,0.8863740038510949,0.08877752367961873
F10,GWO,previous_best_seeded,6,20.432797879344424,36.77532706056682,0.8055163265306122,0.926291836734694,0.9094768503792848,0.087238955664772
F10,GWO,previous_best_seeded,7,26.36616759128798,47.69726283154212,0.8225252525252525,0.915959595959596,0.921157512811627,0.08742639748247093
F10,GWO,previous_best_seeded,8,25.90087121269287,47.16978834207793,0.6793714285714286,0.892173469387755,0.7496722455573721,0.08217746272649416
F10,GWO,previous_best_seeded,9,33.380967618717925,61.826795993199,0.6344081632653061,0.8857755102040816,0.7111552433697802,0.08774223271382083
F10,GWO,previous_best_seeded,10,33.73316938230906,59.99585170251657,0.6892909090909091,0.8974121212121212,0.7697179955462525,0.08684729399399573
F10,GWO,previous_best_seeded,11,37.303189857678944,58.24315076937851,0.7261313131313132,0.9039070707070708,0.8615457608046257,0.08716317255121149
F10,GWO,previous_best_seeded,12,31.871582638178,55.37473927751256,0.6724626262626263,0.8913636363636364,0.8028128357392075,0.07828107937348677
F10,GWO,previous_best_seeded,13,44.232649589487416,99.91139729368415,0.335934693877551,0.7707775510204081,0.38223233772717297,0.0833189252942106
F10,GWO,previous_best_seeded,14,42.64660444674403,85.11879168080173,0.518991836734694,0.8067122448979592,0.5871312819437052,0.08673745423029561
F10,GWO,previous_best_seeded,15,25.952691425509904,42.39560314612506,0.7974326530612245,0.9181673469387756,0.9504480551854215,0.08480332101475153
F10,GWO,previous_best_seeded,16,34.12628078606557,59.60742093161647,0.7022102040816326,0.8858183673469388,0.8610116513681177,0.08965271009275083
F10,GWO,previous_best_seeded,17,40.23608764575595,67.76529142517771,0.540669387755102,0.8674918367346939,0.5980367081819996,0.07597308850366272
F10,GWO,previous_best_seeded,18,21.26160492570296,34.43644218598201,0.8404551020408163,0.9440020408163265,0.9823042662396999,0.08878746489670594
F10,GWO,previous_best_seeded,19,38.433760077524454,88.20199398841541,0.4495142857142857,0.7799163265306122,0.47580456659409814,0.08125426230449631
F10,GWO,previous_best_seeded,20,42.294946154853854,88.6176252403531,0.3520808080808081,0.7500404040404041,0.376406656096344,0.07980670754818288
F10,GWO,previous_best_seeded,21,32.10092580505391,50.60094661803604,0.7900041666666667,0.9287979166666666,0.9049128790152322,0.08841020461076766
F10,GWO,previous_best_seeded,22,41.911814619263765,94.19494463102755,0.5096808080808081,0.8055939393939394,0.6028379208354057,0.08386241010751318
F10,GWO,previous_best_seeded,23,52.17322762239105,99.7771329069577,0.3081298969072165,0.7277360824742268,0.35550193962305704,0.07506365860338013
F10,GWO,previous_best_seeded,24,40.85988888998278,75.49170208328042,0.547739393939394,0.8409595959595959,0.648110510051555,0.08170769075100139
F10,GWO,previous_best_seeded,25,47.8002786859046,106.93733545774782,0.35741212121212124,0.7198666666666667,0.36184769926114324,0.0835370000160173
F10,GWO,previous_best_seeded,26,30.029663952474287,45.8512727096753,0.7544020202020202,0.9132585858585859,0.8738363946008791,0.08625318525056112
F10,GWO,previous_best_seeded,27,44.45889524316938,86.63017329494146,0.4491050505050505,0.8316080808080808,0.4945991658287538,0.08269225922494013
F10,GWO,previous_best_seeded,28,29.948405100084354,58.65868555060326,0.6636343434343434,0.8854161616161615,0.7921892700882939,0.08099968852223055
F10,GWO,previous_best_seeded,29,32.83952308484617,57.93337060288828,0.7331040816326531,0.8990816326530612,0.8674231529109109,0.08431045656627192
F10,GWO,previous_best_seeded,30,34.678786726387706,64.91276905896784,0.5737050505050505,0.8376666666666667,0.6653640038852453,0.07814831318574887
F10,GWO,previous_best_seeded,31,64.16691283739998,156.12010013948253,0.18745510204081633,0.5960816326530612,0.21101686479043058,0.08104751545465194
F10,PSO,cold_restart,1,97.81742845578447,385.9559887461992,0.02812929292929293,0.43252929292929293,0.09379174292460972,0.14032438242652845
F10,PSO,cold_restart,2,102.94982179119815,382.99442071018194,0.036903030303030306,0.4217313131313131,0.08634721619069505,0.14073284191082544
F10,PSO,cold_restart,3,104.6748399556512,384.0114343471076,0.023422222222222223,0.409979797979798,0.08241214002036064,0.13839762750553194
F10,PSO,cold_restart,4,108.55357789873717,416.09115572367244,0.03681818181818182,0.37849292929292927,0.08453591500815227,0.13697988662835298
F10,PSO,cold_restart,5,100.23737139872517,391.00263146306963,0.031424242424242424,0.3900828282828283,0.08591757137540809,0.13646678636225923
F10,PSO,cold_restart,6,97.10821370457451,403.9770710079091,0.035684848484848486,0.37167676767676766,0.0856144004102182,0.13514817096707082
F10,PSO,cold_restart,7,95.45472439505704,393.8521562911179,0.03506868686868687,0.3790161616161616,0.09025115099672465,0.13456200068755392
F10,PSO,cold_restart,8,102.00402331241682,400.2607948271729,0.03405656565656565,0.4419131313131313,0.0933288180289807,0.14159956595095285
F10,PSO,cold_restart,9,103.31914511845525,413.88069198504905,0.023583838383838384,0.37209090909090914,0.07796735298696637,0.13610970199565567
F10,PSO,cold_restart,10,97.57223671074418,378.80430386002485,0.039804040404040404,0.44876969696969693,0.10140430366278008,0.14811892895380022
F10,PSO,cold_restart,11,102.78826058641741,396.71191984421904,0.031054545454545453,0.4274727272727273,0.08993745577514671,0.1389149464399847
F10,PSO,cold_restart,12,97.24539996812588,392.65478105540814,0.03987070707070707,0.40393333333333337,0.090430141492535,0.13926985572927542
F10,PSO,cold_restart,13,94.40272051943904,387.0205014352532,0.03383838383838384,0.44159191919191915,0.09529331810258222,0.14051417759246174
F10,PSO,cold_restart,14,101.70878372346331,388.52806189291664,0.03891919191919192,0.4461979797979798,0.09925673943199524,0.14557791400558484
F10,PSO,cold_restart,15,104.47948149664506,395.68156383117486,0.03431313131313131,0.40015151515151515,0.08084802620595115,0.14192417681291897
F10,PSO,cold_restart,16,101.70559735317072,393.1472060040718,0.029395959595959597,0.449949494949495,0.10003182898536156,0.14519939180341881
F10,PSO,cold_restart,17,100.7792960619202,405.67616085686774,0.03258383838383838,0.42253535353535354,0.08913389019402534,0.14427004190785753
F10,PSO,cold_restart,18,106.23311629847841,378.8901285473811,0.040137373737373735,0.4133212121212121,0.09218031394070329,0.14592270698949414
F10,PSO,cold_restart,19,101.93467619316965,390.63829699731866,0.03444646464646465,0.4393010101010101,0.10157633904709591,0.14392905007436985
F10,PSO,cold_restart,20,105.17687712484519,409.60157155344643,0.02778787878787879,0.4303070707070707,0.08699429876932278,0.14389622500938587
F10,PSO,cold_restart,21,103.10401088525171,406.09181965099754,0.024854545454545452,0.40063838383838385,0.08584796125071234,0.1356135793347414
F10,PSO,cold_restart,22,106.7367665493107,396.6377572851237,0.03258989898989899,0.39364848484848486,0.09080499975118239,0.14028877342515797
F10,PSO,cold_restart,23,107.47550233440978,390.3017696503327,0.03136565656565656,0.3928565656565657,0.08763657088718399,0.14082411795794855
F10,PSO,cold_restart,24,98.34045471429977,392.162659304929,0.03486262626262626,0.43023838383838386,0.09726810440877448,0.13884288920523613
F10,PSO,cold_restart,25,102.14679490303423,392.80185555642896,0.04021818181818182,0.4275777777777778,0.09357652086905,0.14031270685231345
F10,PSO,cold_restart,26,100.76444039254557,397.7085181758504,0.03770909090909091,0.3838020202020202,0.0866420986385405,0.1338195601933719
F10,PSO,cold_restart,27,108.0073604121034,398.5247398946488,0.03629090909090909,0.43142020202020204,0.08908260106389457,0.14310863611143093
F10,PSO,cold_restart,28,105.23723215858658,396.37419680989444,0.03926060606060606,0.4427333333333333,0.10276078113268027,0.14462172029148618
F10,PSO,cold_restart,29,103.20486208235143,398.88905933429004,0.02452121212121212,0.4096767676767677,0.08587170193490615,0.14405001265286324
F10,PSO,cold_restart,30,102.0902663450353,374.8376781392111,0.042416161616161616,0.43726868686868686,0.09984276335613078,0.1479083913400383
F10,PSO,cold_restart,31,111.2954451123645,395.42313400312213,0.029624242424242424,0.46465050505050504,0.11091697851816061,0.1472915665501229
F10,PSO,population_persistence,1,156.6406558780985,291.3908504808261,0.05968282828282828,0.4667090909090909,0.11755009791850651,0.04233144709861193
F10,PSO,population_persistence,2,77.765684948568,166.48821281743903,0.059937373737373734,0.5914262626262626,0.19654189035018071,0.0606639303401959
F10,PSO,population_persistence,3,334.6163247320897,392.8840094206273,0.0656,0.4575581395348837,0.11793498731358318,0.015994890759470394
F10,PSO,population_persistence,4,62.41061569635239,151.9015886521699,0.04392323232323232,0.49281212121212126,0.13852715543883556,0.033042731256545055
F10,PSO,population_persistence,5,54.658024725676775,110.67212914676226,0.038066666666666665,0.608030303030303,0.19492323123791117,0.05422854535532533
F10,PSO,population_persistence,6,120.1216250685975,234.946159756002,0.039525252525252526,0.47679797979797983,0.12764809256311288,0.038123758751953014
F10,PSO,population_persistence,7,87.18145636980199,169.22122386278815,0.05078989898989899,0.5714868686868687,0.17112259965398824,0.046005622221700404
F10,PSO,population_persistence,8,328.29452669342203,401.8920010376342,0.06797142857142857,0.4016571428571428,0.1114329773554027,0.01817586477512979
F10,PSO,population_persistence,9,133.10361883949344,253.90623380215908,0.016585858585858586,0.3872,0.08965336285719043,0.035207830655366514
F10,PSO,population_persistence,10,419.1995704766476,439.7759789826703,0.08505263157894738,0.34757894736842104,0.06866058494001952,0.006957857968344311
F10,PSO,population_persistence,11,289.4775646414417,371.92042573835806,0.08732,0.3769018181818182,0.09495676251000854,0.017554636705906984
F10,PSO,population_persistence,12,341.0886385451819,397.5976310602209,0.08524680851063829,0.3834595744680851,0.0820350748601001,0.014507741429118945
F10,PSO,population_persistence,13,98.55892327939678,188.9079147076187,0.04453737373737374,0.5382727272727272,0.16248085342333876,0.038870270783788144
F10,PSO,population_persistence,14,407.73779206754057,480.72794596988723,0.11438536585365854,0.2868341463414634,0.04285517747201506,0.009964238625631481
F10,PSO,population_persistence,15,237.22757105563218,332.1804958751537,0.08268857142857143,0.44882,0.11468930949109882,0.033389400844615925
F10,PSO,population_persistence,16,247.39437452599853,354.7910463982505,0.07153333333333334,0.43434523809523806,0.08858715327371952,0.0262595690298508
F10,PSO,population_persistence,17,300.63778420578245,400.467982465432,0.12043434343434344,0.3106242424242424,0.043710099620188375,0.020921642574736683
F10,PSO,population_persistence,18,328.35772462279647,381.5916491952418,0.09881818181818182,0.3758590909090909,0.08719836539697193,0.012547473458929035
F10,PSO,population_persistence,19,351.09518914769865,432.90556122078846,0.07947,0.30254,0.04846409247702328,0.015545131041544077
F10,PSO,population_persistence,20,369.41604663220943,447.8534921416276,0.06941224489795918,0.4047591836734694,0.10936707006683034,0.025161115708092686
F10,PSO,population_persistence,21,273.01864390841564,375.62963586518055,0.08056052631578947,0.3574342105263158,0.08477643348052197,0.028252910810944803
F10,PSO,population_persistence,22,178.0557488010523,299.54776216283796,0.09791162790697676,0.3886953488372093,0.10370275669264672,0.023906425634022226
F10,PSO,population_persistence,23,479.8801254190432,518.9419092181399,0.06534999999999999,0.33089999999999997,0.04586741453349461,0.006774225378722539
F10,PSO,population_persistence,24,327.86303742081475,431.91825513029744,0.05569642857142857,0.33635714285714285,0.058400167600093734,0.015807540454318147
F10,PSO,population_persistence,25,218.58696702877552,382.86631697804165,0.057157446808510634,0.3740489361702128,0.07976684854606654,0.036009498950926075
F10,PSO,population_persistence,26,224.71985094183304,318.7088101552455,0.04496164383561644,0.44124931506849313,0.11396902857955732,0.030385359878807354
F10,PSO,population_persistence,27,356.4936297595496,436.3435283516565,0.13648571428571427,0.2768095238095238,0.029119763401845324,0.008628462556494654
F10,PSO,population_persistence,28,256.4813537119161,356.31618684665165,0.06516521739130435,0.45463478260869566,0.1043161755365307,0.029449997250911433
F10,PSO,population_persistence,29,354.65190594501996,425.5713333604217,0.08164545454545455,0.3187818181818182,0.06230731205012025,0.01183293089713266
F10,PSO,population_persistence,30,282.84757252345224,347.7539538208684,0.06477619047619047,0.4064047619047619,0.11953970576148297,0.01763211548690241
F10,PSO,population_persistence,31,379.6291817070998,438.7451206198849,0.08863589743589743,0.2586923076923077,0.01825564765664338,0.007648781624770967
F10,PSO,previous_best_seeded,1,90.3508152282484,175.68126581150622,0.2854383838383839,0.6575151515151515,0.2868211776268556,0.11747261392063577
F10,PSO,previous_best_seeded,2,58.413280282339024,94.63794900592559,0.4753858585858586,0.7909575757575757,0.5137113705051082,0.1216968382234777
F10,PSO,previous_best_seeded,3,77.76157410259584,156.0937550697035,0.3000181818181818,0.7226444444444444,0.35680224666952765,0.12179001477147104
F10,PSO,previous_best_seeded,4,66.44313594269354,109.56036101882269,0.4196727272727273,0.7904565656565656,0.42510459118657956,0.11726902297570514
F10,PSO,previous_best_seeded,5,92.01487900240717,171.0419572974632,0.297579797979798,0.6892363636363635,0.3045674756464527,0.1138731794237365
F10,PSO,previous_best_seeded,6,65.21128105051683,119.54368109044508,0.3570909090909091,0.7461959595959596,0.37143587422979923,0.11473716679612019
F10,PSO,previous_best_seeded,7,75.91138855174384,136.31688039357948,0.3297757575757576,0.6996141414141414,0.33273241485088745,0.11054600826939004
F10,PSO,previous_best_seeded,8,63.78392407221323,115.89228878822328,0.4345818181818182,0.7546565656565657,0.45100002418731233,0.12957518109780966
F10,PSO,previous_best_seeded,9,82.15835623438731,138.8053389578457,0.34713737373737374,0.7149474747474747,0.343916645677341,0.12548803084164853
F10,PSO,previous_best_seeded,10,63.629061011152054,111.4982221515754,0.3732787878787879,0.7369717171717172,0.3686519481198157,0.11008722597753892
F10,PSO,previous_best_seeded,11,73.87516397793648,129.24454241045296,0.3749030303030303,0.7219313131313131,0.36013168354041913,0.11492219367450182
F10,PSO,previous_best_seeded,12,91.98205745443889,181.42310654887314,0.288379797979798,0.6959393939393939,0.3140140912607927,0.12832864264215307
F10,PSO,previous_best_seeded,13,74.49367164107804,149.77986076878997,0.3158747474747475,0.6974727272727274,0.336393957784055,0.12651641902585822
F10,PSO,previous_best_seeded,14,76.33799196142944,157.52169146403656,0.23513939393939395,0.6536626262626262,0.2539411815121285,0.11877581505949024
F10,PSO,previous_best_seeded,15,69.6481292391188,138.2730583570293,0.38147474747474747,0.711040404040404,0.4104800918177173,0.13092602998091885
F10,PSO,previous_best_seeded,16,83.06601780807571,152.44970853991384,0.28252929292929296,0.7024242424242425,0.297840431438721,0.1165803345795911
F10,PSO,previous_best_seeded,17,89.30978811952968,191.84799966472667,0.28132929292929293,0.6980949494949495,0.28633856828785403,0.1408342708635583
F10,PSO,previous_best_seeded,18,77.73079728868271,168.97377991942568,0.21778383838383839,0.6518848484848484,0.25323882113562224,0.11780686597757681
F10,PSO,previous_best_seeded,19,52.06742627944963,91.61311400665173,0.466230303030303,0.7524686868686868,0.4896667587914383,0.11621151720486103
F10,PSO,previous_best_seeded,20,67.753730361163,118.91502094881376,0.397680808080808,0.7383272727272726,0.41562531863222096,0.13002496369430364
F10,PSO,previous_best_seeded,21,45.994230092881736,71.97850657245067,0.4990787878787879,0.7770424242424242,0.5364787840561578,0.12277097753830651
F10,PSO,previous_best_seeded,22,60.5886316724834,97.13991234759085,0.48083030303030305,0.7502868686868688,0.5147557186464923,0.12459339250733487
F10,PSO,previous_best_seeded,23,53.46795870620052,99.50609685406667,0.38374343434343433,0.7300181818181818,0.3641992511037924,0.10940064983131947
F10,PSO,previous_best_seeded,24,73.52695761809898,129.25952139496135,0.376559595959596,0.7499131313131313,0.3895992113969725,0.11994074575003115
F10,PSO,previous_best_seeded,25,72.13353019228163,146.9713846927283,0.25526464646464647,0.6813191919191919,0.30309884455721053,0.11764511273134064
F10,PSO,previous_best_seeded,26,58.9945320344086,107.42955738566152,0.4459979797979798,0.7487737373737374,0.478848887640028,0.12023631105468054
F10,PSO,previous_best_seeded,27,70.1100143515492,118.51568129830385,0.4555858585858586,0.781359595959596,0.45759588286557507,0.1216337321900562
F10,PSO,previous_best_seeded,28,71.41826115125468,133.42007267328293,0.3667131313131313,0.7217656565656566,0.35363798191249785,0.1282168636586248
F10,PSO,previous_best_seeded,29,96.10664588265072,212.02376706865152,0.1528080808080808,0.5970808080808081,0.19319396787131712,0.11979632125291059
F10,PSO,previous_best_seeded,30,80.821062916342,164.4623360964168,0.2794161616161616,0.6839212121212122,0.31580502550153816,0.12192297660224503
F10,PSO,previous_best_seeded,31,66.82110667220701,113.51352393492299,0.39322222222222225,0.7375212121212121,0.40728748996104,0.12137792549664364
F10,SGO,cold_restart,1,151.92333359365375,378.6730005719648,0.010723232323232322,0.13184242424242423,0.0055327182907433554,0.10053337484682946
F10,SGO,cold_restart,2,159.59058645735715,400.95145843523596,0.008238383838383838,0.12955555555555556,0.007020666773833664,0.10059172712897148
F10,SGO,cold_restart,3,155.36455739815116,389.26648727965926,0.007119191919191919,0.10735151515151516,0.007191138748325046,0.10195578377314782
F10,SGO,cold_restart,4,174.22627956528905,413.35298849852484,0.010694949494949495,0.13337575757575756,0.012181512814624472,0.10832667869455442
F10,SGO,cold_restart,5,158.35417892227196,397.497270167968,0.00783030303030303,0.12805858585858584,0.010397009153552263,0.10196485895120168
F10,SGO,cold_restart,6,170.23740876274803,402.92607840104057,0.007313131313131313,0.13735959595959596,0.012324486770535305,0.10730247158754919
F10,SGO,cold_restart,7,163.86233011929653,388.7328787602846,0.010133333333333334,0.12604444444444446,0.008697641866910215,0.10404170375506876
F10,SGO,cold_restart,8,160.11734211654877,389.43397453238765,0.007345454545454545,0.1262909090909091,0.010764132143375855,0.11191991751015569
F10,SGO,cold_restart,9,161.4353275935067,395.8387557739426,0.008757575757575757,0.12281818181818183,0.007294583866395688,0.10535083425162707
F10,SGO,cold_restart,10,148.9440843792946,372.46623354795156,0.008004040404040404,0.11768080808080808,0.007071785982170362,0.09775759481767121
F10,SGO,cold_restart,11,165.25945225707252,392.002459305476,0.009305050505050505,0.1368929292929293,0.013198298766566304,0.10985004427135053
F10,SGO,cold_restart,12,160.77952277864838,392.8932140317691,0.008426262626262627,0.13586666666666666,0.009125347743945227,0.1026270018724748
F10,SGO,cold_restart,13,155.34926442572316,393.8779276923617,0.008090909090909091,0.12305252525252525,0.008123617403258407,0.10241438786725672
F10,SGO,cold_restart,14,154.18719017116163,383.1898752108596,0.008832323232323231,0.13645050505050504,0.009682416018025126,0.09882200611075595
F10,SGO,cold_restart,15,158.08826989311,391.1606521305856,0.008648484848484848,0.12911313131313132,0.01049334659196192,0.1028149898552482
F10,SGO,cold_restart,16,149.07718625762908,392.8090981035317,0.008084848484848485,0.128779797979798,0.0061819346538531566,0.09914356647119092
F10,SGO,cold_restart,17,153.36588996379595,408.74548454986274,0.006709090909090909,0.10983232323232324,0.006083014379362262,0.09557904651555238
F10,SGO,cold_restart,18,141.0103303745912,389.5381189605676,0.009905050505050505,0.1220060606060606,0.005483328744159746,0.09894022508314397
F10,SGO,cold_restart,19,153.81196019571038,379.2396528543766,0.009909090909090909,0.1202060606060606,0.012291106356712897,0.09916414984941005
F10,SGO,cold_restart,20,161.21659161904824,413.18636182763277,0.00703030303030303,0.12886868686868688,0.010214420060478088,0.09913264343062955
F10,SGO,cold_restart,21,168.5131865725692,401.38404187559706,0.007787878787878788,0.11960202020202021,0.009112856156615307,0.10138118412623597
F10,SGO,cold_restart,22,161.79020036654796,413.0542762967262,0.007931313131313131,0.1385939393939394,0.00955838852221301,0.10758774566178286
F10,SGO,cold_restart,23,158.440184526474,385.87448400700896,0.007452525252525252,0.11362222222222222,0.008129958002027938,0.0987698375993543
F10,SGO,cold_restart,24,162.5146892546788,398.4140768298761,0.006688888888888889,0.13331717171717172,0.012539814651223419,0.10552126841343928
F10,SGO,cold_restart,25,158.76023610378826,410.22594143724046,0.008343434343434344,0.12014141414141415,0.011201586690082262,0.10571976160817359
F10,SGO,cold_restart,26,177.45127134629368,412.99649030288964,0.008456565656565655,0.12989090909090908,0.010198360658566679,0.10871184868503357
F10,SGO,cold_restart,27,156.3148385212757,387.697226623942,0.008791919191919191,0.10973939393939394,0.0068085988435106085,0.09622741524973401
F10,SGO,cold_restart,28,154.09171650318802,394.8755257469357,0.00818181818181818,0.12081616161616163,0.008002586040078814,0.10138883132839935
F10,SGO,cold_restart,29,151.23098271923553,387.3914876748282,0.01327878787878788,0.15036363636363637,0.013916200024402544,0.10265523809904367
F10,SGO,cold_restart,30,144.92077094521787,379.6081099142813,0.011367676767676768,0.1264909090909091,0.010846133059170392,0.09650965644036377
F10,SGO,cold_restart,31,160.63881711057442,401.33406256385484,0.00844040404040404,0.1291191919191919,0.008759333361964296,0.10527550166261321
F10,SGO,population_persistence,1,211.82253502362357,282.15440077345215,0.04357979797979798,0.10486868686868686,0.032494905412336995,0.0336058457327786
F10,SGO,population_persistence,2,231.08022324141007,299.081667107067,0.03466464646464647,0.07138383838383838,0.012579620545395503,0.030223530236990075
F10,SGO,population_persistence,3,206.49494191075766,272.89701147499204,0.03738989898989899,0.09092929292929292,0.02289372700801286,0.041060864495622205
F10,SGO,population_persistence,4,254.52994218764601,324.6387686236516,0.043236363636363635,0.08237373737373736,0.022079558280876717,0.03839615333790172
F10,SGO,population_persistence,5,241.14420734293373,294.68045618187676,0.03394545454545454,0.06402020202020202,0.011805163197766453,0.028458145688657635
F10,SGO,population_persistence,6,242.49347600908627,305.5095602952748,0.025747474747474748,0.06893333333333333,0.014518799688234446,0.027186807897939615
F10,SGO,population_persistence,7,230.12225772969586,294.4217174946245,0.0385050505050505,0.0817979797979798,0.01183191584843503,0.027713244336538947
F10,SGO,population_persistence,8,240.84634791988466,288.832036132136,0.015335353535353535,0.04817373737373737,0.002574641210577115,0.025984899728499673
F10,SGO,population_persistence,9,244.68607430367553,299.58363632189884,0.03557979797979798,0.07683838383838384,0.018269302661752456,0.026306156752762436
F10,SGO,population_persistence,10,213.80263466794037,268.69276924806934,0.018307070707070706,0.04453131313131313,0.00011028646616297582,0.02248896516241374
F10,SGO,population_persistence,11,244.61148196811448,301.1549427231471,0.03782222222222222,0.06541414141414141,0.004144819360171466,0.03080028365283532
F10,SGO,population_persistence,12,237.65392066146765,294.6251824981052,0.043995959595959595,0.09827676767676767,0.022079558363730305,0.031105141780278792
F10,SGO,population_persistence,13,232.40952983114803,296.55435837639146,0.031179797979797978,0.08460808080808081,0.01783654241162182,0.019887431940085055
F10,SGO,population_persistence,14,223.88851772842838,283.7446290520879,0.03411111111111111,0.08429696969696969,0.01073512153037606,0.036201171506706493
F10,SGO,population_persistence,15,223.27070912402027,292.8864135295757,0.02686734693877551,0.10214897959183673,0.010926858081783732,0.037948506572573266
F10,SGO,population_persistence,16,223.06099996927063,285.76023154718246,0.02253939393939394,0.07041818181818182,0.014773498512245683,0.042053867901139526
F10,SGO,population_persistence,17,202.62119820501567,277.9596365761278,0.024337373737373734,0.05981010101010101,0.001866875880962428,0.04560537762244593
F10,SGO,population_persistence,18,215.1023312689352,284.6534165330289,0.026963636363636363,0.10259191919191918,0.018131787028250326,0.020987840061115207
F10,SGO,population_persistence,19,229.24248426767895,282.0598312778685,0.021107070707070706,0.07005454545454545,0.017590677025881588,0.021776198551077444
F10,SGO,population_persistence,20,247.19920996610014,306.22236985178967,0.022925252525252526,0.05823838383838384,0.004647625267203565,0.028698732125126882
F10,SGO,population_persistence,21,216.6235291613044,288.7268336700262,0.03408080808080808,0.08835757575757576,0.01746766155622614,0.04142718776855625
F10,SGO,population_persistence,22,243.51578632174233,312.671190438686,0.021874747474747474,0.05161010101010101,0.012837824736472046,0.03052286630671753
F10,SGO,population_persistence,23,227.4141337653352,287.18066425915856,0.028888888888888888,0.06668282828282829,0.01029277504187816,0.026081516329763486
F10,SGO,population_persistence,24,232.08155119851128,293.7033766598783,0.02413737373737374,0.07303434343434344,0.014454716067282427,0.03201804316441394
F10,SGO,population_persistence,25,209.4024059133149,285.8810299862324,0.024105050505050504,0.081389898989899,0.015282331069901164,0.06103678200650755
F10,SGO,population_persistence,26,252.92358662343634,318.1211952176844,0.0301010101010101,0.07216363636363636,0.01349463174940466,0.03423007273332731
F10,SGO,population_persistence,27,226.38027350698968,288.56516293700844,0.035816161616161614,0.06752727272727273,0.013313639722735273,0.025118136990928103
F10,SGO,population_persistence,28,227.07890735839104,295.3909207221277,0.02896161616161616,0.06235757575757576,0.013540425288820006,0.02437682085956123
F10,SGO,population_persistence,29,227.49426256997938,292.6969005558083,0.020773737373737375,0.08119191919191919,0.012267564194180014,0.026456422175304764
F10,SGO,population_persistence,30,213.34607185448095,271.3122211181299,0.02344444444444444,0.06238181818181818,0.006215728889496088,0.0277351221238421
F10,SGO,population_persistence,31,226.48240602394185,298.7473481544474,0.02464040404040404,0.09356363636363636,0.01652919836728745,0.04009706106950586
F10,SGO,previous_best_seeded,1,151.10135796644377,287.0684378054221,0.0244969696969697,0.19694545454545453,0.013433859535281199,0.10056468702262937
F10,SGO,previous_best_seeded,2,142.0488460243021,246.6064355199033,0.057276767676767676,0.21955151515151516,0.019870020569489673,0.10928674235330882
F10,SGO,previous_best_seeded,3,154.48472308620444,276.42479999249565,0.032266666666666666,0.17587070707070707,0.012988827154886246,0.09664111347886413
F10,SGO,previous_best_seeded,4,172.5721424890733,312.2421438949997,0.03814343434343435,0.2164080808080808,0.022987463575978632,0.10548079194945245
F10,SGO,previous_best_seeded,5,86.88447209151478,144.14083351810245,0.12414141414141415,0.3463151515151515,0.07391775806703653,0.1239166407975376
F10,SGO,previous_best_seeded,6,109.64957344269463,194.7709900589585,0.09878585858585859,0.2926747474747475,0.049494207953029445,0.1280091342186932
F10,SGO,previous_best_seeded,7,103.23787487873828,162.11774258888448,0.0901111111111111,0.3356909090909091,0.05871605141353842,0.1331641941600283
F10,SGO,previous_best_seeded,8,156.89969359728747,293.82385020266645,0.028846464646464644,0.18872929292929294,0.013353306958142191,0.10473768930094841
F10,SGO,previous_best_seeded,9,159.41237363943227,292.85248133963785,0.03913333333333333,0.20512727272727274,0.020755462955085593,0.10132387118117975
F10,SGO,previous_best_seeded,10,145.44072436707575,292.5831589134474,0.024921212121212122,0.16674141414141413,0.010843829304051398,0.09496500464110101
F10,SGO,previous_best_seeded,11,136.59009287219848,243.64402777199814,0.058505050505050504,0.2611070707070707,0.04250232606627961,0.12382544212823347
F10,SGO,previous_best_seeded,12,161.92647426607357,290.82285462921607,0.030648484848484852,0.18680202020202022,0.013099207226359676,0.09790251738698268
F10,SGO,previous_best_seeded,13,131.2334771089561,213.28974602223832,0.08331515151515152,0.29585656565656565,0.05644855426846471,0.13481810643567987
F10,SGO,previous_best_seeded,14,150.16376171047204,278.7908405699947,0.035397979797979796,0.22348484848484848,0.02247133838125878,0.0979512534259565
F10,SGO,previous_best_seeded,15,157.65352866404842,304.90988098751916,0.026450505050505047,0.1726929292929293,0.009540142363614215,0.1010897658108302
F10,SGO,previous_best_seeded,16,136.89390100555536,247.38715700627142,0.05086464646464646,0.2289959595959596,0.023534112145260966,0.10818101692312487
F10,SGO,previous_best_seeded,17,147.79023284546847,260.9772036143633,0.04843636363636364,0.21555151515151516,0.019800413028440066,0.09539497645453622
F10,SGO,previous_best_seeded,18,138.31388032261503,272.554902684051,0.0379010101010101,0.19995151515151516,0.02021812135106031,0.10387158920292003
F10,SGO,previous_best_seeded,19,144.02418987202375,237.86522268058582,0.05967878787878788,0.21232121212121213,0.023964659967244006,0.10517251632908532
F10,SGO,previous_best_seeded,20,120.68151591278409,214.69098712650674,0.08074747474747475,0.2603838383838384,0.036946465310502004,0.11952916878243773
F10,SGO,previous_best_seeded,21,113.430876004601,191.43090874351907,0.08482626262626262,0.2820484848484848,0.05234885131280062,0.11481333260936258
F10,SGO,previous_best_seeded,22,159.90595290013437,332.00506435502086,0.022517171717171717,0.19677373737373735,0.014546381393498276,0.10163189947903177
F10,SGO,previous_best_seeded,23,150.35571292788956,265.6817048243471,0.041438383838383844,0.17965656565656568,0.010891479915848464,0.10229600496340156
F10,SGO,previous_best_seeded,24,161.5966325367806,295.7173196653163,0.03051111111111111,0.20470707070707073,0.015966722621386573,0.10474077775519368
F10,SGO,previous_best_seeded,25,153.9864984101753,295.2295189882433,0.04463838383838384,0.21996161616161616,0.023489624311194102,0.10606971585791801
F10,SGO,previous_best_seeded,26,180.01569059093902,310.81963901176647,0.03114747474747475,0.1856040404040404,0.015079987456600184,0.10379831264580332
F10,SGO,previous_best_seeded,27,155.17253466657593,306.64130208542736,0.0264,0.17413535353535353,0.012104280041090936,0.10097042483327379
F10,SGO,previous_best_seeded,28,89.38472829695492,148.89618034376963,0.10830909090909091,0.29997575757575756,0.059384573297766446,0.12560945866463863
F10,SGO,previous_best_seeded,29,149.5685645956287,288.26373364373654,0.036555555555555556,0.22195151515151515,0.021308034296802794,0.10561955811255874
F10,SGO,previous_best_seeded,30,142.17976070533905,274.11655847188194,0.029060606060606058,0.22311111111111112,0.014959867387103526,0.09203862928214177
F10,SGO,previous_best_seeded,31,162.33025545547068,288.22860567114816,0.04064040404040404,0.23234141414141413,0.02270794767664292,0.09869642590377282
F10,WOA,cold_restart,1,168.57265250731322,387.50330456686686,0.009575757575757576,0.0928121212121212,0.002847907183642532,0.10952847115676025
F10,WOA,cold_restart,2,167.34454456730163,394.0618107001144,0.011414141414141415,0.10793131313131313,0.009216719047003667,0.10901449400678075
F10,WOA,cold_restart,3,162.18976670303493,392.72159823386505,0.007995959595959596,0.1007030303030303,0.004351075413435307,0.11140083820594786
F10,WOA,cold_restart,4,179.25988878704794,423.94551441757335,0.012684848484848485,0.10905050505050505,0.006932625488005157,0.1119397056904342
F10,WOA,cold_restart,5,171.18625444681533,387.88839184470373,0.01090909090909091,0.11157777777777779,0.005592501254479406,0.10910133075630882
F10,WOA,cold_restart,6,188.4647491533661,408.7760722141534,0.007545454545454545,0.0911030303030303,0.002861811219276533,0.11295061461737027
F10,WOA,cold_restart,7,175.16260403478108,395.44224567293963,0.008115151515151514,0.10141818181818182,0.00351033505266967,0.11149645521654308
F10,WOA,cold_restart,8,177.10787039413546,394.06901592335663,0.008397979797979798,0.1043959595959596,0.005139625665835962,0.11032709258718232
F10,WOA,cold_restart,9,179.74027279143394,382.0353538418883,0.015113131313131313,0.12153333333333334,0.004957142632620351,0.1125028910652022
F10,WOA,cold_restart,10,165.07068099588056,389.8869445899535,0.006961616161616162,0.09106060606060606,0.004104252059112639,0.11281323862344461
F10,WOA,cold_restart,11,174.58778026628343,396.08335119785403,0.008351515151515151,0.09783434343434344,0.0040168094707686165,0.1110515487226499
F10,WOA,cold_restart,12,167.70077095321932,383.13035425395105,0.011292929292929294,0.0983818181818182,0.005231745915944579,0.11196638614999188
F10,WOA,cold_restart,13,167.82783500994768,392.66448550278966,0.009640404040404041,0.11004040404040404,0.007083515304608417,0.11230660648473158
F10,WOA,cold_restart,14,168.1090710962057,389.77624613418783,0.009503030303030303,0.10924646464646465,0.00709753455818618,0.11266986149408047
F10,WOA,cold_restart,15,178.25768113855332,388.4615258444421,0.013755555555555554,0.10902828282828282,0.00609553604466943,0.11194771641208287
F10,WOA,cold_restart,16,163.89670204069375,385.3483961274594,0.013537373737373739,0.1007030303030303,0.005338631653174377,0.10963229083058877
F10,WOA,cold_restart,17,172.86650999483004,387.42875442917034,0.010785858585858586,0.10592929292929293,0.010229379015980223,0.10917801051033864
F10,WOA,cold_restart,18,157.08034933369976,386.40586590650594,0.010256565656565658,0.10166262626262627,0.002494629576272935,0.11083897276255646
F10,WOA,cold_restart,19,156.75656527132412,386.683792096846,0.010632323232323233,0.09911515151515152,0.005274128013698345,0.111031595246264
F10,WOA,cold_restart,20,181.4394782671077,406.0857482272851,0.010442424242424243,0.10901616161616162,0.007259473072064938,0.11377204509228805
F10,WOA,cold_restart,21,183.84739791382236,400.0817896741001,0.010656565656565656,0.10891111111111111,0.006577680961547271,0.11164505459114009
F10,WOA,cold_restart,22,173.51128618319126,395.6043614528157,0.009353535353535353,0.09648080808080808,0.007534020247291663,0.1112307180000511
F10,WOA,cold_restart,23,175.63800542119435,386.13378641234516,0.009943434343434343,0.1030020202020202,0.003480696320831926,0.1095409481687687
F10,WOA,cold_restart,24,168.598587736828,385.8901366100201,0.01062020202020202,0.0959010101010101,0.004528217429370891,0.11395519356467884
F10,WOA,cold_restart,25,174.83002398763085,403.5523936746389,0.009707070707070707,0.11583636363636364,0.007467711230884671,0.11010488160755585
F10,WOA,cold_restart,26,192.96728150998325,407.95461504903255,0.008646464646464647,0.09381212121212121,0.004312713215289901,0.11116596572506121
F10,WOA,cold_restart,27,168.64975686085208,393.95199899559066,0.009153535353535353,0.11435959595959597,0.006621487117941756,0.11085397519372715
F10,WOA,cold_restart,28,164.00196962016722,388.2089579077491,0.013272727272727273,0.10967676767676768,0.0057347024263033975,0.11154270068568743
F10,WOA,cold_restart,29,174.87781674310455,392.4790710359175,0.008036363636363637,0.10324444444444444,0.009184377099454513,0.1116163729749696
F10,WOA,cold_restart,30,162.46456259006226,384.27926966095845,0.00918989898989899,0.10687474747474748,0.004519463921743035,0.11048550131091535
F10,WOA,cold_restart,31,171.06200862669698,395.3376748824468,0.008852525252525252,0.10685050505050506,0.006338940922241912,0.11194084890172559
F10,WOA,population_persistence,1,181.5983477192596,290.4623228086599,0.03164040404040404,0.11583030303030303,0.0016308992838607425,0.044645030349933286
F10,WOA,population_persistence,2,183.27070782506783,294.9961208723227,0.021282828282828285,0.09323434343434343,0.0007998393926927585,0.05806097845474552
F10,WOA,population_persistence,3,178.76665000913297,295.1482796526583,0.01821212121212121,0.08591919191919192,0.001157190148430067,0.05513129692980491
F10,WOA,population_persistence,4,211.53875142202344,330.70932075005976,0.020222222222222225,0.07781010101010101,0.0011465629389158733,0.06098249139581091
F10,WOA,population_persistence,5,191.41281678240424,304.82900424071374,0.03224040404040404,0.10313737373737374,9.970533515777043e-05,0.0498849609415951
F10,WOA,population_persistence,6,209.07131934619602,315.2372006620643,0.019850505050505052,0.07235353535353535,0.00039229356678802097,0.053185463626102075
F10,WOA,population_persistence,7,190.47189970421235,307.7177942633407,0.023480808080808085,0.10198181818181817,0.00016263352588944684,0.04975887679789155
F10,WOA,population_persistence,8,189.46824147977577,298.75758078002656,0.022145454545454548,0.09502626262626263,0.003445351392422698,0.047270774961307084
F10,WOA,population_persistence,9,214.30580403392875,299.53986937927596,0.017694949494949496,0.057935353535353534,0.0010358349665958312,0.05364031153362076
F10,WOA,population_persistence,10,186.89070114386803,287.0853507645279,0.01612929292929293,0.06282424242424242,0.00018289899602764106,0.047284535110690716
F10,WOA,population_persistence,11,185.6968118938407,315.7914204236344,0.028896969696969695,0.09785656565656566,0.0016298136662678416,0.05145301249096109
F10,WOA,population_persistence,12,189.4218444223502,297.2788780294141,0.02264848484848485,0.08895757575757576,0.0011269877314430844,0.05161007764506181
F10,WOA,population_persistence,13,187.11633430854832,296.38921166702517,0.01888888888888889,0.08128686868686869,0.0012198200262488756,0.05899735893687409
F10,WOA,population_persistence,14,201.059883168115,297.52655503606786,0.01776969696969697,0.08952121212121213,0.001169860448254415,0.0477501305555734
F10,WOA,population_persistence,15,184.4352687504675,300.53023617775017,0.02287070707070707,0.1076080808080808,0.0014885725553029036,0.04335963835968622
F10,WOA,population_persistence,16,175.12399665056955,285.5330253835081,0.02027878787878788,0.0928040404040404,0.002318388001259663,0.0540538583437552
F10,WOA,population_persistence,17,177.78127309224243,289.6871655988769,0.030238383838383842,0.0941050505050505,0.000722009143193479,0.05080438182895188
F10,WOA,population_persistence,18,156.0714567428108,282.37582595401415,0.025026262626262626,0.10088282828282827,0.0008044119633701035,0.057526044704964426
F10,WOA,population_persistence,19,169.0385808450962,276.77213729859136,0.02125050505050505,0.08492525252525253,0.0020406534655668294,0.06492612350178703
F10,WOA,population_persistence,20,197.38541524627414,323.51602338753446,0.02508686868686869,0.10634545454545455,0.0022788672171850334,0.04462474955059979
F10,WOA,population_persistence,21,212.07374138659978,317.37937379780004,0.022907070707070706,0.09274545454545455,0.0007008209249136348,0.04875448717353081
F10,WOA,population_persistence,22,195.68268256669785,319.6912538718974,0.02241010101010101,0.09352929292929292,0.0010491216538391446,0.05165152416520505
F10,WOA,population_persistence,23,188.1048424638698,295.44844526829536,0.03234141414141414,0.10083030303030303,0.0009144749058333061,0.04561456863399097
F10,WOA,population_persistence,24,175.5700861197975,281.82806032977146,0.023315151515151514,0.09876969696969697,0.0008289885003170219,0.0651778362490632
F10,WOA,population_persistence,25,185.5370867314351,309.74270982718144,0.022432323232323234,0.08967070707070707,0.00047754021212591805,0.053246458078938415
F10,WOA,population_persistence,26,209.1469163894599,326.48621701777756,0.027553535353535354,0.10126868686868688,0.000414787451545822,0.04291746346572024
F10,WOA,population_persistence,27,183.06216544040169,296.9694039844085,0.02777979797979798,0.09881212121212123,0.002980657867716119,0.05007973156437763
F10,WOA,population_persistence,28,204.38054260652402,306.32139545464383,0.013474747474747476,0.052032323232323235,0.00019755440888529751,0.05930941066914128
F10,WOA,population_persistence,29,185.3124770431379,302.79449648634153,0.02952727272727273,0.10431111111111112,0.003026864537102514,0.047201779231774765
F10,WOA,population_persistence,30,171.7162368315309,282.0010800854363,0.027999999999999997,0.10049090909090908,0.000986372725313042,0.042991522258466724
F10,WOA,population_persistence,31,199.29945433314074,308.38477992826574,0.01820808080808081,0.06320808080808081,0.00014829011036596827,0.05528131152817218
F10,WOA,previous_best_seeded,1,162.63710947735913,311.3940542027789,0.02042424242424242,0.12221212121212122,0.009396433232904683,0.1066343941647224
F10,WOA,previous_best_seeded,2,159.89750628232497,300.22420401907254,0.018012121212121212,0.11365454545454545,0.008022934599664381,0.10889518192842425
F10,WOA,previous_best_seeded,3,153.52849708485823,286.5978497725308,0.02138787878787879,0.12195757575757576,0.006402610928198044,0.11298709416217868
F10,WOA,previous_best_seeded,4,162.1784158801549,286.7838282841982,0.021541414141414143,0.13617373737373736,0.007126902429168248,0.11077165767343418
F10,WOA,previous_best_seeded,5,167.92376392872532,289.6231128168197,0.027343434343434343,0.14656565656565657,0.010292600263904678,0.10816098237557016
F10,WOA,previous_best_seeded,6,124.32464957448575,214.93011174494916,0.024004040404040403,0.13742424242424242,0.007971889023269412,0.11584041755653751
F10,WOA,previous_best_seeded,7,169.04997347549775,273.12159246368526,0.027058585858585858,0.13531313131313133,0.009454154944324392,0.10446557915665328
F10,WOA,previous_best_seeded,8,128.3685453396701,218.26469338900338,0.021159595959595958,0.1529939393939394,0.011475697579977056,0.10580246965166798
F10,WOA,previous_best_seeded,9,155.98142288153022,274.2050911736095,0.018981818181818183,0.14188080808080808,0.009986473528977554,0.10969713221403757
F10,WOA,previous_best_seeded,10,141.8066958873826,235.06259568790048,0.02546060606060606,0.14414545454545455,0.011997632652059725,0.11106225115838632
F10,WOA,previous_best_seeded,11,168.5255853257415,324.3009575109887,0.0174989898989899,0.11693131313131314,0.006300873461893729,0.11071547681658725
F10,WOA,previous_best_seeded,12,170.48669693660383,360.95983701141034,0.014155555555555555,0.09501010101010102,0.004858121593941974,0.11099096654289509
F10,WOA,previous_best_seeded,13,168.33834195223682,342.13558543980815,0.01417979797979798,0.10842626262626262,0.005356109854242254,0.11009084397726432
F10,WOA,previous_best_seeded,14,167.8371586703515,283.92013584663835,0.020882828282828284,0.11948888888888888,0.008059696539588256,0.0995278229648064
F10,WOA,previous_best_seeded,15,177.0394822645403,354.4355440281102,0.01165050505050505,0.11024040404040404,0.004929336799382594,0.1104786882181659
F10,WOA,previous_best_seeded,16,155.0477922791769,267.1845366573338,0.023852525252525254,0.12255555555555554,0.005159685189946579,0.10943537091732777
F10,WOA,previous_best_seeded,17,158.98180622624585,301.42591576115024,0.016034343434343432,0.10875959595959597,0.0044895687505773245,0.1065876168896574
F10,WOA,previous_best_seeded,18,134.7430540671036,258.2517080794514,0.022173737373737373,0.12373535353535355,0.008482816812768015,0.104336666787649
F10,WOA,previous_best_seeded,19,155.63657099738217,305.6457783483852,0.01732929292929293,0.11337575757575757,0.007595982309210986,0.10935709791363597
F10,WOA,previous_best_seeded,20,167.74687486135423,325.3509534329345,0.025553535353535353,0.15383030303030304,0.010185884642572111,0.10946089402707701
F10,WOA,previous_best_seeded,21,154.35927467259185,280.9091605605204,0.020103030303030303,0.122,0.009034087136362765,0.11586949660522328
F10,WOA,previous_best_seeded,22,172.54127717548002,365.17195850505567,0.014092929292929293,0.11768282828282829,0.006391276773638871,0.1101484883605579
F10,WOA,previous_best_seeded,23,170.55188056610632,295.67597181777023,0.022014141414141417,0.1271919191919192,0.005502720868015767,0.10312651726527317
F10,WOA,previous_best_seeded,24,161.75466874329842,270.4215707693411,0.029583838383838382,0.13705858585858585,0.008788637135270736,0.1104148848177337
F10,WOA,previous_best_seeded,25,164.62455505140468,319.2095219237635,0.018935353535353534,0.12607878787878787,0.0066299407051708375,0.10771655100941842
F10,WOA,previous_best_seeded,26,189.35438559349623,346.35938553447664,0.01733939393939394,0.13407474747474749,0.008343875261294405,0.11448433273655496
F10,WOA,previous_best_seeded,27,150.0823068202461,277.70676340911655,0.024424242424242425,0.11922222222222223,0.006864864964480339,0.10613683954099778
F10,WOA,previous_best_seeded,28,163.96832868701145,337.5748697000304,0.01654141414141414,0.11412525252525253,0.0045113635185134735,0.10962087731852278
F10,WOA,previous_best_seeded,29,174.01669805587784,347.28171639447623,0.01632929292929293,0.11177373737373737,0.0038669097625008884,0.11003503356244847
F10,WOA,previous_best_seeded,30,130.46388587974775,224.14848895089995,0.026454545454545453,0.1147959595959596,0.006396120893399738,0.10707756468873075
F10,WOA,previous_best_seeded,31,168.32546999330702,297.11787847557054,0.02182828282828283,0.11056767676767676,0.006377091740165296,0.10743536017749916
F12,GWO,cold_restart,1,9.143521515972411,128.53519479474426,0.005707070707070707,0.08431515151515152,0.023653261545489485,0.08249455066779843
F12,GWO,cold_restart,2,10.928378874735886,141.0919281150187,0.005581818181818182,0.08278181818181818,0.02089792101801792,0.07933520815043528
F12,GWO,cold_restart,3,8.647231486130043,127.71478765507916,0.005119191919191919,0.08624242424242425,0.02027727043792668,0.08000235316848724
F12,GWO,cold_restart,4,9.711404179539729,130.72644328490864,0.006024242424242425,0.09399797979797979,0.022133369992706518,0.08533648617102052
F12,GWO,cold_restart,5,10.882455963124437,131.6818642559925,0.006840404040404041,0.10104646464646465,0.02629020267393617,0.08308963112345588
F12,GWO,cold_restart,6,9.93935627866191,131.56840621431192,0.007672727272727272,0.10406666666666667,0.028237852507500577,0.08232644148533358
F12,GWO,cold_restart,7,9.211852649956471,129.05134160925405,0.006353535353535353,0.08933535353535355,0.023450957990931758,0.08184508589397854
F12,GWO,cold_restart,8,9.192018011344864,128.06408171840394,0.00787878787878788,0.08743636363636363,0.021091783571457887,0.07884639496063436
F12,GWO,cold_restart,9,11.04429211555891,126.49548672830893,0.005282828282828283,0.08602020202020202,0.023187849197643388,0.0832971026421225
F12,GWO,cold_restart,10,10.972872078938497,121.81072112542896,0.006840404040404041,0.08035353535353536,0.01966484443543184,0.07844138982610861
F12,GWO,cold_restart,11,10.00583432619607,130.33021007518994,0.005832323232323232,0.07381818181818181,0.019049162589313957,0.07610108707376959
F12,GWO,cold_restart,12,10.725308948999176,130.2284728886358,0.005226262626262626,0.07264040404040403,0.017924281920463216,0.07890188504388482
F12,GWO,cold_restart,13,10.278898656065772,135.9266162609392,0.0061555555555555565,0.0978929292929293,0.02582197100558174,0.08528915881326606
F12,GWO,cold_restart,14,13.553259668297159,126.63983697633671,0.005442424242424242,0.10912727272727273,0.027163180569975718,0.08405028633037726
F12,GWO,cold_restart,15,11.574189839915329,136.199814600613,0.00724040404040404,0.09861616161616162,0.02649206665329066,0.08629447453754821
F12,GWO,cold_restart,16,11.940693105221026,122.59464595425437,0.00837171717171717,0.08713333333333334,0.023163306623054707,0.07946825217743327
F12,GWO,cold_restart,17,11.503278511381755,131.4252212347184,0.006925252525252525,0.11640808080808081,0.029706519042028565,0.08599359282487197
F12,GWO,cold_restart,18,11.601355484060713,139.3521150899986,0.005258585858585858,0.0895919191919192,0.020837833233557954,0.0824510362821169
F12,GWO,cold_restart,19,9.929226750198133,127.39207837380195,0.008555555555555556,0.10442020202020202,0.02809632417309673,0.08348820289078883
F12,GWO,cold_restart,20,10.81261841358424,133.05664067985433,0.007052525252525253,0.0839858585858586,0.023244766909738326,0.08394787384111498
F12,GWO,cold_restart,21,10.066500292724308,129.73284700024024,0.008670707070707072,0.10043434343434343,0.025492044782768893,0.0829300382612647
F12,GWO,cold_restart,22,7.585606580930597,129.68340376069293,0.006628282828282829,0.09933131313131313,0.02710819631658528,0.08595858965811552
F12,GWO,cold_restart,23,9.023568846411314,123.54740133910566,0.005884848484848485,0.07392323232323232,0.018977094748721283,0.076552449081196
F12,GWO,cold_restart,24,12.344033630534346,131.12465282417568,0.010191919191919193,0.12807878787878788,0.03393974937969468,0.0889593462246682
F12,GWO,cold_restart,25,11.411755493737505,128.13951402965824,0.005911111111111111,0.06724444444444445,0.01837084629992897,0.07913192678851333
F12,GWO,cold_restart,26,10.627552888654776,139.86556813680085,0.005624242424242424,0.09816767676767676,0.02384987536581449,0.08496750557946435
F12,GWO,cold_restart,27,9.742516245884577,132.03576124446337,0.00573939393939394,0.07949696969696969,0.021642612077591415,0.08209595144521767
F12,GWO,cold_restart,28,9.494995012597691,136.45526844665469,0.005345454545454546,0.10063232323232324,0.024300601402464435,0.08384595041247211
F12,GWO,cold_restart,29,8.432556457081303,117.37866166724119,0.006983838383838384,0.07598585858585859,0.021457365599629116,0.07614311844694657
F12,GWO,cold_restart,30,8.522803090125786,123.85331770498343,0.007822222222222222,0.11399999999999999,0.024582498685062758,0.08400786623460886
F12,GWO,cold_restart,31,11.23403719143884,133.76046487848473,0.00661010101010101,0.09484242424242424,0.025509085518548663,0.08515268407933885
F12,GWO,population_persistence,1,49.6190206187113,98.81152899156375,0.012125252525252525,0.04565050505050505,0.0035622568952125623,0.009956806721366392
F12,GWO,population_persistence,2,37.430560876297974,79.27188582485137,0.016474747474747475,0.0903111111111111,0.016186963977141717,0.012217748826152801
F12,GWO,population_persistence,3,21.304291727971282,54.46997156947581,0.02740808080808081,0.18874747474747475,0.04219241324149605,0.02267011106576511
F12,GWO,population_persistence,4,40.15783192906911,70.74070772327516,0.06817777777777778,0.2199010101010101,0.07176583704214352,0.019291672529596827
F12,GWO,population_persistence,5,31.054009829041807,64.88359330981594,0.02714747474747475,0.2165070707070707,0.04657372829260905,0.020659339438643804
F12,GWO,population_persistence,6,15.180061815185244,31.451307748919476,0.11996363636363637,0.5724686868686869,0.19885875381088508,0.03751699843438339
F12,GWO,population_persistence,7,43.21746001208864,91.23065592935914,0.012820202020202018,0.07161414141414142,0.009773776629336012,0.007747191229951539
F12,GWO,population_persistence,8,30.88456871142353,66.91682242199538,0.07234141414141415,0.26528080808080806,0.09064673077911786,0.02184832233847886
F12,GWO,population_persistence,9,52.73002177718791,97.07731219091353,0.020923232323232326,0.08522828282828282,0.012661914594506904,0.010469946354683192
F12,GWO,population_persistence,10,26.26303488365384,52.599144858970035,0.06820808080808081,0.3473737373737374,0.10504542891043205,0.02857469089928955
F12,GWO,population_persistence,11,35.107562866863226,74.16272351273314,0.015797979797979797,0.12702828282828282,0.02790718749580192,0.018066517814132113
F12,GWO,population_persistence,12,42.320772770687455,85.99638182029881,0.02032929292929293,0.08348888888888889,0.015183306555866133,0.011311990277850762
F12,GWO,population_persistence,13,50.97048317950823,88.10889587582561,0.010486868686868687,0.05072323232323232,0.013516638377700051,0.013613826373261157
F12,GWO,population_persistence,14,35.93587281092719,78.97372861532344,0.06785050505050505,0.2221838383838384,0.07804906284593247,0.02290973917734404
F12,GWO,population_persistence,15,20.84685531949283,51.00616065643251,0.11141010101010101,0.4532707070707071,0.17001116698836075,0.034108545769702965
F12,GWO,population_persistence,16,39.17978684519518,69.8410345207133,0.02586060606060606,0.16464444444444445,0.03544115893668622,0.016033164712290982
F12,GWO,population_persistence,17,39.59932350987909,82.77350928261224,0.03753737373737374,0.24000202020202022,0.06552028154710947,0.024428796336538983
F12,GWO,population_persistence,18,10.182018439698655,32.65221461449527,0.20326060606060603,0.6856343434343434,0.27554696151630026,0.04441762651420892
F12,GWO,population_persistence,19,41.35883556565031,83.43152843131634,0.017347474747474747,0.10005858585858585,0.020319368939971678,0.013644550314407467
F12,GWO,population_persistence,20,25.754422801411867,57.37288461106962,0.05843232323232323,0.32063434343434344,0.08342883142333116,0.03140686904905786
F12,GWO,population_persistence,21,26.144494552786036,54.53615658726456,0.09348080808080808,0.40195353535353534,0.13688747701324294,0.0368850926324362
F12,GWO,population_persistence,22,17.751909014448795,54.95224685451894,0.09498989898989899,0.4327757575757576,0.14526832649165689,0.03917935252435701
F12,GWO,population_persistence,23,25.588404275594534,61.65496351127126,0.04038181818181818,0.16903636363636365,0.0465797991289061,0.017819032261849343
F12,GWO,population_persistence,24,32.45500884572482,74.69937668193195,0.09077777777777778,0.3257050505050505,0.11689320803695985,0.03120958535106162
F12,GWO,population_persistence,25,34.793398627350406,64.83662439022702,0.01063030303030303,0.09183434343434344,0.019213479552594885,0.01584300025168367
F12,GWO,population_persistence,26,23.532206321695206,50.53235024320469,0.05423232323232323,0.32936363636363636,0.09917789077077796,0.030039079171323584
F12,GWO,population_persistence,27,33.98094567055934,75.23600901696024,0.08109696969696971,0.2580585858585858,0.09842254044691612,0.024779877125559284
F12,GWO,population_persistence,28,37.439705894013215,87.41413006722033,0.0340989898989899,0.19081818181818183,0.04895254928417696,0.018588559634847013
F12,GWO,population_persistence,29,37.872957781036895,76.73193970034006,0.017694949494949496,0.07993535353535353,0.008898079711725035,0.011535410419053059
F12,GWO,population_persistence,30,44.147157722302026,91.18653572802266,0.015105050505050505,0.05737979797979798,0.008953148166916643,0.011414600370427613
F12,GWO,population_persistence,31,24.203632555666573,57.281738090512995,0.0545050505050505,0.3689070707070707,0.1020990374931091,0.032659470428406265
F12,GWO,previous_best_seeded,1,8.585737523123061,67.28598646391319,0.05790816326530612,0.2963530612244898,0.0863063403541575,0.08729793135311183
F12,GWO,previous_best_seeded,2,7.76144658157428,74.67450077706343,0.06765454545454545,0.28585656565656564,0.0943888625131551,0.0858341853476456
F12,GWO,previous_best_seeded,3,9.897308155339953,59.90241966982804,0.05393061224489796,0.29691632653061223,0.0763636908210424,0.08016449006215683
F12,GWO,previous_best_seeded,4,10.700165079457946,68.4198873054985,0.04724444444444444,0.25418989898989897,0.06586284810501146,0.08577510570438632
F12,GWO,previous_best_seeded,5,11.306819671518866,70.65868129699514,0.02316969696969697,0.22987474747474748,0.05729566297593499,0.08090458644467048
F12,GWO,previous_best_seeded,6,8.870584319346507,63.57746779423683,0.06215757575757576,0.32441616161616166,0.08541364856560882,0.08366141491799561
F12,GWO,previous_best_seeded,7,10.018849511255768,60.37596686144847,0.04692121212121212,0.28792121212121213,0.07305587811539442,0.08069683676728796
F12,GWO,previous_best_seeded,8,8.41210065130319,76.1043410466154,0.04412727272727272,0.22184242424242423,0.05972538874844217,0.08055990876464059
F12,GWO,previous_best_seeded,9,5.858852180648019,41.73599857082295,0.13262424242424242,0.5184282828282828,0.15801191994431063,0.0938597092236432
F12,GWO,previous_best_seeded,10,10.550244403920274,78.73414228708644,0.034111111111111106,0.19524040404040405,0.05015970693871131,0.07780363918643361
F12,GWO,previous_best_seeded,11,9.52485827354187,62.60106276051619,0.0332,0.19815353535353536,0.04341696707972433,0.07250470906544142
F12,GWO,previous_best_seeded,12,10.450636984659743,70.27496209301161,0.037797979797979796,0.23737171717171718,0.056176382233335743,0.0782637326034422
F12,GWO,previous_best_seeded,13,10.935283463814327,86.38519401752265,0.03132121212121212,0.20491919191919192,0.05765705693683945,0.08380331522299883
F12,GWO,previous_best_seeded,14,9.15864849106128,71.4379778333977,0.03612323232323232,0.28342222222222224,0.06819734197884987,0.08328051347661078
F12,GWO,previous_best_seeded,15,8.551530143147353,58.36663761787924,0.05611919191919192,0.35634343434343435,0.08689927665067353,0.08865473578010011
F12,GWO,previous_best_seeded,16,10.725125661302291,86.86308343128553,0.03467551020408163,0.23360408163265306,0.05962135700384425,0.08142124959133405
F12,GWO,previous_best_seeded,17,10.884525137017356,75.57382299338624,0.04537373737373737,0.3144444444444444,0.08248652588482307,0.08593520949080091
F12,GWO,previous_best_seeded,18,8.307859558579688,74.3107460479247,0.06802626262626262,0.30862626262626264,0.0922011838149832,0.0847433350910975
F12,GWO,previous_best_seeded,19,9.998437742329058,67.53023164776097,0.037472727272727276,0.2850707070707071,0.07611190866767031,0.08715680447504903
F12,GWO,previous_best_seeded,20,9.653028802848691,64.20839267314753,0.042448484848484846,0.25293535353535357,0.06939463276223473,0.08339121839757739
F12,GWO,previous_best_seeded,21,8.85758241682935,58.274156323891674,0.051876767676767674,0.3378909090909091,0.08197564889320912,0.08105195610696594
F12,GWO,previous_best_seeded,22,6.967436990404673,56.5410878195519,0.04833061224489796,0.4042571428571428,0.10435892904982916,0.08930778336887635
F12,GWO,previous_best_seeded,23,8.966750696822382,67.78808888592371,0.029193939393939394,0.18715151515151515,0.042580976480645336,0.07339429195605016
F12,GWO,previous_best_seeded,24,9.970198761923236,71.63477097660014,0.04975918367346939,0.3515326530612245,0.09644751894720943,0.09145361028661088
F12,GWO,previous_best_seeded,25,11.067617035211986,65.10088960128435,0.026379797979797982,0.2228929292929293,0.05112453751737681,0.07290375767044745
F12,GWO,previous_best_seeded,26,9.809200424331282,64.17653215638225,0.06725773195876289,0.3186350515463917,0.09632253956360899,0.08827626704327167
F12,GWO,previous_best_seeded,27,8.879417307135148,51.83236968145378,0.06876326530612244,0.43849387755102043,0.1262661650381752,0.08316120209472237
F12,GWO,previous_best_seeded,28,7.23771890297596,68.00617187638164,0.047474747474747475,0.33528080808080807,0.08826500835187644,0.08434641059315098
F12,GWO,previous_best_seeded,29,8.48550283874437,63.893400108811676,0.029834343434343432,0.2153959595959596,0.05501621549907914,0.0748663916300234
F12,GWO,previous_best_seeded,30,7.393879445232238,68.26639266529394,0.05976565656565657,0.31084242424242425,0.09475556188626282,0.08363868402384161
F12,GWO,previous_best_seeded,31,11.161352637511325,80.16468194685267,0.02733131313131313,0.22766464646464646,0.048994794579334894,0.0845362320709665
F12,PSO,cold_restart,1,8.248069717166771,122.9768200492411,0.01003030303030303,0.17260606060606062,0.023646760325374765,0.1211256394592305
F12,PSO,cold_restart,2,9.498207736072956,135.93428741924782,0.009614141414141414,0.1786909090909091,0.02448866252263972,0.11956680664058848
F12,PSO,cold_restart,3,7.085458833306819,125.94667974600316,0.006662626262626262,0.17513939393939393,0.022835265888759244,0.12288021995590331
F12,PSO,cold_restart,4,8.930143850472756,129.51826706149848,0.008414141414141416,0.15300606060606062,0.020331162088320025,0.1169964586812977
F12,PSO,cold_restart,5,10.330671924899814,134.6627114389162,0.0064424242424242426,0.16638585858585858,0.023784262246841808,0.1218543769072104
F12,PSO,cold_restart,6,9.81818948625517,132.6338930044596,0.013264646464646463,0.1937919191919192,0.027917311565269113,0.12889833795821656
F12,PSO,cold_restart,7,7.590948453987014,132.18011699960414,0.005343434343434344,0.1820949494949495,0.026454965183543424,0.13080922891179264
F12,PSO,cold_restart,8,9.2529008500596,126.49523447358153,0.010573737373737374,0.19155555555555553,0.024685480471777415,0.12888190458818263
F12,PSO,cold_restart,9,9.259307655711995,126.04156616564848,0.010933333333333333,0.1641818181818182,0.018485671388301043,0.11737945362770566
F12,PSO,cold_restart,10,8.861205587063077,127.8725061176416,0.015474747474747474,0.20385656565656565,0.030799766585901507,0.12798304890968423
F12,PSO,cold_restart,11,8.294858414671863,127.91768306181953,0.014933333333333335,0.22006464646464646,0.03204368458170447,0.1288657694388013
F12,PSO,cold_restart,12,8.485240757704608,127.13175767579283,0.010850505050505051,0.17834141414141413,0.028937532287294433,0.1238763797658051
F12,PSO,cold_restart,13,12.298237558552131,128.52605785558484,0.009361616161616161,0.14381616161616162,0.020199974695542088,0.11484763110712086
F12,PSO,cold_restart,14,10.279453364941535,131.65724944378744,0.009905050505050505,0.18446666666666667,0.024532327748769987,0.12392495251466668
F12,PSO,cold_restart,15,11.10456825150702,133.3823048908438,0.007137373737373737,0.15185656565656566,0.019885942122156452,0.1201557714455159
F12,PSO,cold_restart,16,8.33194666156303,129.93052077811905,0.009385858585858586,0.20738383838383836,0.029708842757211102,0.12467591547189774
F12,PSO,cold_restart,17,10.870196927219324,134.22618245093733,0.007844444444444446,0.1590040404040404,0.021133128746176982,0.11563326908677286
F12,PSO,cold_restart,18,8.641764274261915,129.44860013367378,0.008193939393939394,0.20394343434343434,0.029371700154562932,0.12714336972607007
F12,PSO,cold_restart,19,7.6491439296115455,135.2328043610861,0.004446464646464646,0.16128080808080808,0.02301250817785153,0.12530688114938265
F12,PSO,cold_restart,20,9.772491022702797,128.12041535073104,0.012577777777777778,0.1718868686868687,0.027882954311700358,0.12242421140494207
F12,PSO,cold_restart,21,9.6710748661266,133.89618266998158,0.011341414141414142,0.16826060606060605,0.01850195963379266,0.11858712474740002
F12,PSO,cold_restart,22,8.97974982268316,136.81867143635031,0.010664646464646465,0.1623252525252525,0.027727801992976,0.11844333572172924
F12,PSO,cold_restart,23,5.828000908892749,125.05499400820823,0.009424242424242424,0.2323090909090909,0.035205175373446876,0.13435351286496372
F12,PSO,cold_restart,24,11.908874478358612,137.06758295483996,0.007371717171717172,0.16456363636363636,0.023419486633194528,0.11648857342539555
F12,PSO,cold_restart,25,8.932370142121812,119.62369341702355,0.010866666666666667,0.1972747474747475,0.026741789576818373,0.12538031656572293
F12,PSO,cold_restart,26,10.24529571904791,134.02415947548369,0.008135353535353535,0.17684242424242425,0.0220443945395449,0.11833231326165998
F12,PSO,cold_restart,27,8.680900893631927,131.15568510737916,0.011636363636363636,0.18153939393939394,0.023732842136225535,0.12355970758884094
F12,PSO,cold_restart,28,8.56286303998828,134.93822609360626,0.007129292929292929,0.1893010101010101,0.030350615948311708,0.12666114963789182
F12,PSO,cold_restart,29,5.69402129908348,121.26038327634618,0.00874949494949495,0.2195151515151515,0.03353114765098436,0.13400133681973445
F12,PSO,cold_restart,30,7.529405475981297,127.91290905708004,0.00717979797979798,0.18136161616161614,0.02418678244703452,0.1275072724979867
F12,PSO,cold_restart,31,9.325815949122125,125.48119871951724,0.009088888888888888,0.19202828282828283,0.024825894140563045,0.12409748771400826
F12,PSO,population_persistence,1,9.838437455085538,24.718567940038362,0.06678585858585859,0.33662424242424244,0.08184394521408252,0.02072080480332097
F12,PSO,population_persistence,2,26.938578106496323,68.57999116203091,0.01768686868686869,0.17897777777777776,0.043664348538335375,0.02979874896195506
F12,PSO,population_persistence,3,14.483093789593283,40.32309702220791,0.03929090909090909,0.24523636363636364,0.04616697634694762,0.03275329478723296
F12,PSO,population_persistence,4,15.777673468291377,35.405217904975096,0.06601414141414141,0.30215959595959596,0.06987395270369251,0.026911268734936777
F12,PSO,population_persistence,5,43.982679441511145,76.64600731651443,0.12521616161616161,0.188589898989899,0.010580757582515117,0.010481177412911769
F12,PSO,population_persistence,6,30.217538813092364,55.07677003301931,0.07177083333333333,0.2594125,0.04645627806872384,0.021601163053201953
F12,PSO,population_persistence,7,8.485426519604566,29.92660203682998,0.044741414141414144,0.31488282828282826,0.06280144416818738,0.026876292492233042
F12,PSO,population_persistence,8,132.50527877378232,161.230337064109,0.1322468085106383,0.1952723404255319,0.02706271956483932,0.010054172938912457
F12,PSO,population_persistence,9,72.82172326954095,86.42687640483435,0.12365769230769232,0.2060153846153846,0.05958767206286911,0.008794631680885056
F12,PSO,population_persistence,10,17.431692093234293,40.16150420047268,0.018917171717171718,0.22279797979797977,0.044888990420774905,0.033540863180465195
F12,PSO,population_persistence,11,17.043288571759525,40.35151359814305,0.06091111111111111,0.2606282828282828,0.0560815093061516,0.028068837657737846
F12,PSO,population_persistence,12,84.50956773549999,111.18285066034882,0.17433506493506493,0.21407792207792206,0.015893120897572378,0.004240263930311436
F12,PSO,population_persistence,13,37.52046943546359,75.5776501983587,0.08037979797979798,0.17778585858585857,0.01607621210507887,0.02647248411350815
F12,PSO,population_persistence,14,38.55074229225245,65.88226827428281,0.11476565656565657,0.20157575757575757,0.01428681160999749,0.010028685326826398
F12,PSO,population_persistence,15,29.59309449122625,72.69449089475046,0.048341414141414144,0.13986060606060605,0.022058949748719307,0.029259565544195495
F12,PSO,population_persistence,16,16.074545536926877,39.353906191281084,0.06201818181818182,0.2601212121212121,0.055859224914839176,0.02809057859458677
F12,PSO,population_persistence,17,41.92466606951504,67.3254907179466,0.07262857142857142,0.21573333333333333,0.03648535168301246,0.017434810953124952
F12,PSO,population_persistence,18,18.309577574512613,39.90632748196673,0.06248282828282828,0.30038787878787876,0.06617563227013057,0.02558458065930718
F12,PSO,population_persistence,19,59.952427455662054,92.9319981654319,0.04896756756756757,0.18479189189189188,0.02929946230242805,0.0268045107455987
F12,PSO,population_persistence,20,83.83023033720087,105.72679175468352,0.05440377358490566,0.20848301886792453,0.03387029515076318,0.015225620372092913
F12,PSO,population_persistence,21,64.42264413695678,116.9790707391721,0.15387272727272727,0.19235353535353536,0.007371355144062228,0.006542473991172056
F12,PSO,population_persistence,22,23.859316346214047,60.26326522857665,0.03475757575757576,0.15072929292929294,0.01895643334239634,0.025595305703363182
F12,PSO,population_persistence,23,13.430079071963174,30.020054477691932,0.07942828282828283,0.3644848484848485,0.08533967854555499,0.024520837939391457
F12,PSO,population_persistence,24,102.17193681844647,115.4660438283366,0.07766511627906976,0.1538186046511628,0.01416169671125836,0.006659897919152036
F12,PSO,population_persistence,25,47.64332713374909,102.19956573651575,0.06320408163265306,0.15974897959183673,0.014222731444216971,0.026356159763964736
F12,PSO,population_persistence,26,103.29824730939312,126.65800425379804,0.09339545454545455,0.21862272727272727,0.033491273436854346,0.01212276285867287
F12,PSO,population_persistence,27,74.69051310135654,101.62374240773514,0.05985365853658537,0.18741951219512196,0.022316650252525036,0.021662757988585128
F12,PSO,population_persistence,28,57.39193464086974,72.90675359865962,0.09648571428571429,0.21188928571428572,0.017720194914313207,0.007493543222082904
F12,PSO,population_persistence,29,93.35654360382594,126.57496664701793,0.07549722222222222,0.21918055555555557,0.030411828426897207,0.022925385353470728
F12,PSO,population_persistence,30,48.38216372056341,90.01476343266197,0.06648941176470588,0.22193176470588236,0.03401129653221629,0.022858134426151182
F12,PSO,population_persistence,31,49.069763939676605,75.16462497892749,0.04035952380952381,0.2611690476190476,0.06079493538119843,0.024562771451833162
F12,PSO,previous_best_seeded,1,8.567749640207767,74.13366423759585,0.08275555555555555,0.34526060606060605,0.08308176506493539,0.11973587191935238
F12,PSO,previous_best_seeded,2,9.488768368775338,77.76513917145519,0.062151515151515145,0.3022262626262626,0.06895283865378066,0.11868280657727213
F12,PSO,previous_best_seeded,3,7.7237137789939805,69.9833419184266,0.08624848484848485,0.32646060606060606,0.06930820866389446,0.12453376039844813
F12,PSO,previous_best_seeded,4,9.330780153276859,63.67423785238992,0.05370303030303031,0.2638282828282828,0.04047255600191961,0.11210828439960102
F12,PSO,previous_best_seeded,5,8.386646609269654,61.74763659257929,0.09446060606060605,0.30745252525252525,0.05826212208840223,0.11581185716300837
F12,PSO,previous_best_seeded,6,9.478275454856158,82.98582725415396,0.05628888888888888,0.28355959595959596,0.05022748743319976,0.12124736914076183
F12,PSO,previous_best_seeded,7,7.087714723126618,57.11479569219989,0.11288888888888889,0.4295919191919192,0.09728724263609516,0.13153870837409565
F12,PSO,previous_best_seeded,8,8.94376230513215,70.45666130846992,0.0679979797979798,0.32715151515151514,0.06458282141721444,0.12214077919315591
F12,PSO,previous_best_seeded,9,8.711828212109086,87.239182728959,0.0366040404040404,0.23594545454545454,0.030468691620916803,0.11276467132393922
F12,PSO,previous_best_seeded,10,8.78445149940326,70.1956968267184,0.0709979797979798,0.3048888888888889,0.054033613450558696,0.12387955998765308
F12,PSO,previous_best_seeded,11,8.508113260241071,81.58544659323417,0.03824646464646465,0.3192707070707071,0.0557345560933544,0.13026348718819605
F12,PSO,previous_best_seeded,12,8.720852029288297,58.663879561162716,0.0706060606060606,0.3233434343434344,0.05316058161616979,0.12229441939466118
F12,PSO,previous_best_seeded,13,11.15642419092218,51.358711817481534,0.061206060606060604,0.31316161616161614,0.05863000213724503,0.10451304762296539
F12,PSO,previous_best_seeded,14,8.080428438015833,77.95671475090558,0.060870707070707075,0.30504848484848485,0.0479280792751352,0.1215683797967027
F12,PSO,previous_best_seeded,15,10.224563723415715,71.49555315405512,0.04894949494949495,0.295230303030303,0.05787239931337316,0.11693482899728061
F12,PSO,previous_best_seeded,16,9.267008163789955,75.49605699569743,0.058454545454545453,0.33425454545454547,0.058493410924619314,0.12435037696611967
F12,PSO,previous_best_seeded,17,9.24078537496476,74.91754556347567,0.06312929292929294,0.3077959595959596,0.053271687921878835,0.11745375509766183
F12,PSO,previous_best_seeded,18,8.788521308640249,73.95455937654917,0.0561030303030303,0.2961919191919192,0.04841427596613067,0.12303402359846465
F12,PSO,previous_best_seeded,19,8.597743161911149,82.80237218387634,0.03876767676767677,0.2751171717171717,0.04243397390101056,0.12192916194250604
F12,PSO,previous_best_seeded,20,9.08337084991581,103.52909381825535,0.02533939393939394,0.21453737373737375,0.03234595269945339,0.12259015025853628
F12,PSO,previous_best_seeded,21,10.480644621695298,82.7044127275598,0.03331717171717172,0.23471919191919194,0.036749574855563114,0.11026154472477742
F12,PSO,previous_best_seeded,22,8.135407651780078,85.0744103752345,0.037658585858585863,0.22948888888888888,0.029231278020107915,0.11784413100560746
F12,PSO,previous_best_seeded,23,6.654854891991687,59.85330981508161,0.07054141414141414,0.3647090909090909,0.06706802423634087,0.12888756010024738
F12,PSO,previous_best_seeded,24,8.483918610323324,62.764161713004164,0.0648969696969697,0.3294969696969697,0.05504902504730785,0.11231166064232566
F12,PSO,previous_best_seeded,25,7.952980692105221,75.56284167318785,0.057804040404040406,0.29993333333333333,0.04131403950729011,0.12234144583454819
F12,PSO,previous_best_seeded,26,10.532071428293678,69.90293320509385,0.057452525252525255,0.2883878787878788,0.05035145736017499,0.11321484962745658
F12,PSO,previous_best_seeded,27,8.118439458126131,60.576083752656594,0.096410101010101,0.3441191919191919,0.07064523823006404,0.12236318010007616
F12,PSO,previous_best_seeded,28,7.049436951622402,64.74642749117325,0.05861212121212121,0.32775757575757575,0.06147379450940059,0.1124589181705841
F12,PSO,previous_best_seeded,29,6.310556268260805,68.82235331161803,0.07646868686868687,0.3609272727272727,0.0806901154498833,0.13273689636833444
F12,PSO,previous_best_seeded,30,4.88427410249286,58.57807958862484,0.08144242424242423,0.3798626262626263,0.08172082265940266,0.128858407907051
F12,PSO,previous_best_seeded,31,8.846813054098616,69.99873036794011,0.08993333333333332,0.3485555555555555,0.0852087009933321,0.12293333413535404
F12,SGO,cold_restart,1,22.58856129513869,131.60682923735385,0.00892929292929293,0.09352525252525253,0.009211614431030603,0.14825945077041702
F12,SGO,cold_restart,2,21.84260001879829,146.0065620656174,0.004353535353535353,0.07639393939393939,0.005822473764121886,0.13150209486792966
F12,SGO,cold_restart,3,20.692884654529376,121.98517737115553,0.004331313131313131,0.07798383838383838,0.008677949711789049,0.12758488554847824
F12,SGO,cold_restart,4,22.993722416345427,130.85455629045234,0.0075171717171717166,0.08707676767676767,0.0076883238820186035,0.15229386119922497
F12,SGO,cold_restart,5,22.157033021532136,136.04262603777738,0.008397979797979798,0.11104646464646466,0.01527049344030287,0.1447437172918911
F12,SGO,cold_restart,6,23.556116742487696,128.37803795411654,0.009490909090909092,0.10678585858585858,0.014386397838006005,0.1493454173335429
F12,SGO,cold_restart,7,18.583712132991927,128.6456810658106,0.0072767676767676774,0.08277373737373737,0.006043608282101859,0.12710771869118645
F12,SGO,cold_restart,8,19.726836110719514,124.22474404620804,0.004773737373737374,0.09072727272727273,0.006962961038462952,0.13251014067188577
F12,SGO,cold_restart,9,21.224180158040657,123.83490149979774,0.006343434343434344,0.11233333333333334,0.017860123527926087,0.1659028850815739
F12,SGO,cold_restart,10,21.704950158285897,125.41545786076064,0.0047535353535353535,0.08362626262626263,0.008980515706218817,0.14829087565306068
F12,SGO,cold_restart,11,21.95452157849777,130.86404759106898,0.0067979797979797986,0.09048686868686869,0.008177399154903568,0.1341846788600631
F12,SGO,cold_restart,12,23.75655487682457,124.57256501877795,0.0061555555555555565,0.07677171717171717,0.006774832978663374,0.13340495761545998
F12,SGO,cold_restart,13,25.43488336491088,136.42717482934444,0.007745454545454546,0.08933737373737374,0.00821259512955164,0.1464113564922497
F12,SGO,cold_restart,14,22.025084549885563,125.24998286933995,0.006832323232323232,0.09483434343434344,0.011263021446957523,0.16128631219611558
F12,SGO,cold_restart,15,22.163309859032353,131.68764533326376,0.006357575757575757,0.10336363636363637,0.013506235779481473,0.17149348502417586
F12,SGO,cold_restart,16,21.964608977168574,131.03549014330363,0.005832323232323232,0.09301818181818182,0.010347647925363647,0.15587244905468542
F12,SGO,cold_restart,17,24.98749610125973,128.79021384163187,0.010024242424242425,0.13689494949494949,0.012564402884326127,0.17763432525951386
F12,SGO,cold_restart,18,23.78817149111565,132.67175598093772,0.0058707070707070715,0.1013010101010101,0.01387527642620687,0.15198749820226023
F12,SGO,cold_restart,19,20.956660605149942,127.6590242866953,0.0075656565656565655,0.08921818181818181,0.009577765679286202,0.12533832725470492
F12,SGO,cold_restart,20,24.12658253355465,129.74444753805332,0.011684848484848485,0.11193939393939395,0.013712547471852434,0.15191395151215362
F12,SGO,cold_restart,21,24.465150037182237,127.0057132429951,0.018303030303030304,0.12006060606060605,0.025103086589339876,0.16626393169577425
F12,SGO,cold_restart,22,22.229792073333225,143.0961668114171,0.009117171717171716,0.08487676767676769,0.010852132312971975,0.16209997191231854
F12,SGO,cold_restart,23,18.186861035319435,118.78202607007566,0.005785858585858585,0.07192121212121212,0.004367248042939193,0.11110383450773532
F12,SGO,cold_restart,24,25.00304197826625,136.65134906506108,0.009450505050505051,0.1053979797979798,0.011194865237364321,0.1881359774647702
F12,SGO,cold_restart,25,21.299307876898848,131.60373329380877,0.0044666666666666665,0.08874747474747474,0.006529927958533254,0.12352081749142226
F12,SGO,cold_restart,26,22.294817591384152,129.02299215025715,0.0069434343434343435,0.10561010101010102,0.008812368839872964,0.17368499815683747
F12,SGO,cold_restart,27,23.565685156294528,136.2841848420355,0.008234343434343434,0.09756161616161615,0.00889566223652897,0.148965614671285
F12,SGO,cold_restart,28,22.169512534286866,132.9189098491195,0.006353535353535353,0.08004040404040405,0.010931274131538916,0.15364997725436902
F12,SGO,cold_restart,29,18.128018952830143,118.34931364724429,0.00541010101010101,0.09076161616161617,0.006931982950386515,0.12671006839376212
F12,SGO,cold_restart,30,21.841547139752237,128.2217643269264,0.006503030303030303,0.08368282828282828,0.008110978925916584,0.14122525461208132
F12,SGO,cold_restart,31,24.01539797461668,129.63767908007782,0.004983838383838384,0.09213737373737374,0.01116705971121914,0.1586016890715905
F12,SGO,population_persistence,1,51.01926566048311,102.57558441071174,0.013713131313131312,0.09011515151515152,0.013681798202643102,0.06569862441515409
F12,SGO,population_persistence,2,51.91923422754732,95.95491803440835,0.011214141414141414,0.0911010101010101,0.01719513046720768,0.0466970779240397
F12,SGO,population_persistence,3,45.54558837595013,83.43051186890168,0.016860606060606062,0.08892525252525252,0.012004733841908142,0.06140676576743515
F12,SGO,population_persistence,4,47.202986576652435,86.37910072213995,0.01933737373737374,0.0796,0.013810150827978382,0.04584427093117678
F12,SGO,population_persistence,5,53.88209807692191,101.0569917214863,0.01697979797979798,0.07652525252525252,0.011209898956293313,0.057955071944640967
F12,SGO,population_persistence,6,60.39029977043189,103.86791548084167,0.01739191919191919,0.08312121212121211,0.016123275670959166,0.03202865891959179
F12,SGO,population_persistence,7,43.53161339044564,88.70824203824303,0.01406060606060606,0.06567070707070707,0.015257655820490804,0.06404575506378135
F12,SGO,population_persistence,8,41.124475133069225,89.60397816193773,0.011557575757575756,0.06464646464646465,0.011160646713740797,0.10158933066154276
F12,SGO,population_persistence,9,58.17604388285669,103.92667662843424,0.020751515151515153,0.04507070707070707,0.011821110280640522,0.06127566206333946
F12,SGO,population_persistence,10,45.998609421284215,89.26685402484121,0.02816161616161616,0.10009292929292929,0.02568788244171205,0.06660444119268896
F12,SGO,population_persistence,11,57.628783661527294,97.4252755733636,0.03124242424242424,0.06990707070707071,0.016325711100643046,0.0417389126205024
F12,SGO,population_persistence,12,48.220979540282556,85.46009101110904,0.021650505050505052,0.0783050505050505,0.01710285189608661,0.04873267999184957
F12,SGO,population_persistence,13,63.90577109305776,106.07400851205713,0.024888888888888887,0.09022828282828282,0.010766545916038917,0.046094703663096065
F12,SGO,population_persistence,14,37.46487600739659,90.60043717324943,0.011082828282828283,0.10635959595959596,0.016662398075047956,0.1271544689308576
F12,SGO,population_persistence,15,48.00884763978187,98.16138814764062,0.020886868686868686,0.09945252525252526,0.027809247591471707,0.10771520736179034
F12,SGO,population_persistence,16,48.8980987866039,95.38694449159735,0.01754949494949495,0.08016767676767676,0.012150896098474442,0.08422525076639308
F12,SGO,population_persistence,17,63.8299792711495,107.20750726646426,0.019307070707070707,0.08146666666666667,0.012534482837381403,0.08809601485871352
F12,SGO,population_persistence,18,62.029219453161836,107.21574652195359,0.024315151515151515,0.07356969696969698,0.01967300071207337,0.0570041158953736
F12,SGO,population_persistence,19,35.07291353014242,78.45122426126895,0.016810204081632654,0.08257755102040816,0.013573292265367232,0.0974022248499507
F12,SGO,population_persistence,20,57.97075564144272,106.5141799120207,0.025385858585858585,0.10802020202020203,0.018455238374627786,0.05548396550778421
F12,SGO,population_persistence,21,42.97620954650348,94.59116134732312,0.021004040404040407,0.10853939393939394,0.028923413371607667,0.17263464077810928
F12,SGO,population_persistence,22,50.84329090557959,98.68362972245959,0.026216161616161616,0.0784989898989899,0.025122756495869578,0.1210288266203671
F12,SGO,population_persistence,23,36.313894801070724,73.26472675822187,0.021363636363636366,0.09264444444444443,0.024064869721239546,0.047068058756565403
F12,SGO,population_persistence,24,72.35492173275676,125.34142505993746,0.03027272727272727,0.10033535353535353,0.019761040523964834,0.048828793256609944
F12,SGO,population_persistence,25,43.951173710980186,79.2241456662237,0.012874747474747475,0.07416565656565656,0.011575578774318866,0.049970797579754304
F12,SGO,population_persistence,26,63.32783010156322,107.92080902008945,0.02887878787878788,0.10057979797979798,0.02430305615950951,0.050297173658705854
F12,SGO,population_persistence,27,67.07508307109363,110.85632478885191,0.02101212121212121,0.081410101010101,0.011251956890010935,0.04867752388150346
F12,SGO,population_persistence,28,48.86570921160997,102.15567624890173,0.0076585858585858585,0.09374747474747476,0.017003814687288756,0.08703595719813069
F12,SGO,population_persistence,29,38.92416667577442,79.1983150038616,0.01682020202020202,0.08877575757575758,0.016692760921603024,0.06441075435981075
F12,SGO,population_persistence,30,55.68048598668272,97.95380982207273,0.022137373737373733,0.07632121212121212,0.011010401378097558,0.043034546596190854
F12,SGO,population_persistence,31,52.5636538018416,96.77757281130258,0.03651919191919192,0.08135959595959597,0.028212093474703173,0.07275668760564506
F12,SGO,previous_best_seeded,1,19.76526406618867,69.39360089127238,0.06154141414141414,0.19391515151515154,0.03983373316679149,0.14828762859719513
F12,SGO,previous_best_seeded,2,20.015000419786958,80.32413947773829,0.061278787878787884,0.1870949494949495,0.048847044712955305,0.14867999254142206
F12,SGO,previous_best_seeded,3,19.488493977238555,78.83571586276601,0.03550204081632653,0.17051020408163267,0.030639830232088567,0.1340892865989471
F12,SGO,previous_best_seeded,4,18.006556088419437,58.27834833629006,0.05764848484848485,0.20615757575757576,0.027969076045373364,0.1953727900046529
F12,SGO,previous_best_seeded,5,22.786129116625457,85.33681557223471,0.031105050505050507,0.15806262626262627,0.02314445768121997,0.14845590157360808
F12,SGO,previous_best_seeded,6,21.271390348602036,78.28999818808047,0.03582626262626263,0.18380404040404041,0.025982991745781628,0.15532447811401995
F12,SGO,previous_best_seeded,7,19.51079531079648,80.7329403666419,0.026806060606060604,0.1607191919191919,0.01696671083801096,0.13240626545550793
F12,SGO,previous_best_seeded,8,18.141002667212856,66.20032036057016,0.04169494949494949,0.186810101010101,0.019919869140145173,0.12827097595925258
F12,SGO,previous_best_seeded,9,20.626962159473106,83.28962629934061,0.028573737373737376,0.1555979797979798,0.022767171142097108,0.17299034368658855
F12,SGO,previous_best_seeded,10,18.64722373929751,59.86057419866066,0.05677575757575758,0.2114909090909091,0.04545450066559497,0.1509067401313658
F12,SGO,previous_best_seeded,11,18.965333631435477,65.7785702100501,0.05162828282828283,0.20359595959595958,0.0281696892532798,0.12938278008163287
F12,SGO,previous_best_seeded,12,21.824124065861298,68.92027909153072,0.03953131313131313,0.20414747474747474,0.022846597040641507,0.14230778411127767
F12,SGO,previous_best_seeded,13,22.21719062454875,65.8152861671832,0.06600808080808081,0.23145858585858586,0.04747776260488869,0.14674226968209778
F12,SGO,previous_best_seeded,14,22.359585670600865,81.59813651003763,0.039109090909090906,0.20296363636363635,0.029596313935908874,0.16076754108926739
F12,SGO,previous_best_seeded,15,20.906351183970386,58.99823424942063,0.06131717171717172,0.24783232323232324,0.030236436530811796,0.17021485248259335
F12,SGO,previous_best_seeded,16,20.45894013914091,72.87886273379004,0.05312929292929293,0.20188080808080808,0.03260306633820548,0.16131134871778624
F12,SGO,previous_best_seeded,17,18.495377156344833,72.47658333875987,0.0554020202020202,0.21877979797979796,0.030167063971030385,0.20480610967940654
F12,SGO,previous_best_seeded,18,19.09575988192267,74.93161392767028,0.049044444444444446,0.2151151515151515,0.03257274331570643,0.15708411832663008
F12,SGO,previous_best_seeded,19,21.25211812893898,72.72909556184467,0.039622222222222225,0.1748868686868687,0.016376646757002625,0.12248076102830469
F12,SGO,previous_best_seeded,20,19.578443905658666,66.82360039415495,0.04937575757575758,0.23637575757575757,0.035237628129493666,0.16874847259277514
F12,SGO,previous_best_seeded,21,22.26073768886191,85.6672200969373,0.03567272727272727,0.2173919191919192,0.03177022880112163,0.1805166679598805
F12,SGO,previous_best_seeded,22,21.20320771432172,69.17621569916416,0.07293131313131314,0.23176767676767676,0.04994843908356908,0.1858595828144299
F12,SGO,previous_best_seeded,23,17.86519937506122,67.39024813310913,0.030901010101010103,0.13684242424242424,0.012180431647040801,0.1070239515441704
F12,SGO,previous_best_seeded,24,22.289697970205417,65.98168816912965,0.06886060606060605,0.2354242424242424,0.043667293376605236,0.20619605053966658
F12,SGO,previous_best_seeded,25,21.202255654116797,72.09277453355494,0.036385858585858584,0.15005858585858586,0.020109731480221507,0.11847003909426512
F12,SGO,previous_best_seeded,26,21.625588653366933,83.7076748847693,0.034484848484848486,0.155779797979798,0.02273431388615884,0.17186116247190594
F12,SGO,previous_best_seeded,27,20.38919621459684,60.1740097527693,0.05993333333333333,0.20666060606060604,0.01880565949117829,0.14911186066108537
F12,SGO,previous_best_seeded,28,20.499624643902816,73.24259255218337,0.049272727272727274,0.18664040404040402,0.03478923924112906,0.1592803562326894
F12,SGO,previous_best_seeded,29,18.72136036255781,76.34898160657278,0.03515555555555556,0.13938787878787878,0.018330025893266502,0.12862177326871224
F12,SGO,previous_best_seeded,30,18.304243261225537,59.355969908859784,0.06413535353535353,0.2163858585858586,0.03811849765657277,0.14236856209477672
F12,SGO,previous_best_seeded,31,22.0684292597691,81.28642268713679,0.04031919191919192,0.18822020202020204,0.02483460841664381,0.16686336741098814
F12,WOA,cold_restart,1,27.411275125868134,133.5822028252589,0.0036121212121212123,0.05376363636363636,0.001930359830534285,0.11430024265264718
F12,WOA,cold_restart,2,25.49126432672214,135.30616243433445,0.009296969696969698,0.06266666666666666,0.001611793733418332,0.11444058978265308
F12,WOA,cold_restart,3,25.314169993252637,127.43535644089062,0.005484848484848486,0.05592727272727273,0.001234350011876049,0.11258711203304794
F12,WOA,cold_restart,4,22.726844584958712,120.26372506906665,0.006531313131313131,0.057406060606060606,0.0026796966838012106,0.11559657274812477
F12,WOA,cold_restart,5,22.68817847244145,136.72584029324008,0.003486868686868687,0.042781818181818185,0.0030198784867825562,0.11982732444822898
F12,WOA,cold_restart,6,23.536937075482033,125.22989376253274,0.004351515151515151,0.05413939393939394,0.0024285752615958852,0.1165352561951006
F12,WOA,cold_restart,7,20.96688544202698,124.35784533454871,0.005385858585858586,0.044288888888888885,0.0012211287070724337,0.11696515208195775
F12,WOA,cold_restart,8,23.807257125541664,127.89200286399335,0.006808080808080808,0.054783838383838386,0.0010488927828495103,0.11431524456718527
F12,WOA,cold_restart,9,27.191820023888017,118.73550517201092,0.007466666666666667,0.058660606060606066,0.0014078647768110204,0.11342148798095901
F12,WOA,cold_restart,10,24.77760965971799,116.96970371130561,0.004080808080808081,0.06248080808080808,0.0018454445929037288,0.1136470575835101
F12,WOA,cold_restart,11,24.81498632993316,126.29137271897939,0.0046585858585858585,0.046591919191919184,0.0010250501834585723,0.11211874405616665
F12,WOA,cold_restart,12,23.865186574253237,125.37438963183598,0.004606060606060607,0.059955555555555554,0.0018277906615685288,0.11220441516135148
F12,WOA,cold_restart,13,26.787312510505306,146.58418218906007,0.0031191919191919195,0.05381818181818182,0.0016188741580154802,0.11650407476762703
F12,WOA,cold_restart,14,26.467184186566115,130.74878823747284,0.0035595959595959596,0.05954343434343434,0.0019778717562201104,0.11598368487837946
F12,WOA,cold_restart,15,28.82171792937241,135.38991195190985,0.013147474747474748,0.057365656565656564,0.0022534568918608335,0.11582261807777813
F12,WOA,cold_restart,16,24.91156564833525,128.42791755260652,0.00503030303030303,0.05087676767676767,0.00273960103122771,0.11496321420049538
F12,WOA,cold_restart,17,27.562951017591352,140.07880096477857,0.0032363636363636366,0.039947474747474745,0.0024519926648067106,0.11632751571370555
F12,WOA,cold_restart,18,27.512032637216507,137.9523961756611,0.0034505050505050506,0.059022222222222226,0.005937253141316226,0.11571957734873618
F12,WOA,cold_restart,19,25.01348818119999,125.54710023727667,0.004082828282828283,0.05370303030303031,0.0017661262452964835,0.11357908009472559
F12,WOA,cold_restart,20,26.485789271182846,128.67211269332077,0.006058585858585859,0.04774545454545454,0.0015450606738848958,0.11353806691649374
F12,WOA,cold_restart,21,29.526764729459252,134.20840144042646,0.004935353535353535,0.06582828282828282,0.0030907885203406357,0.114558650354176
F12,WOA,cold_restart,22,24.19051092612663,129.26337960598784,0.004923232323232323,0.055129292929292924,0.0019367145364786768,0.11908873029968568
F12,WOA,cold_restart,23,21.782414430989306,117.94983601916908,0.005096969696969696,0.0615010101010101,0.004795664180816395,0.11064022113898848
F12,WOA,cold_restart,24,27.013720877492684,135.3654811833931,0.004307070707070707,0.04682424242424243,0.0016309036714933947,0.11960235616466273
F12,WOA,cold_restart,25,24.1530205709614,133.11196496808017,0.00315959595959596,0.04533131313131313,0.0010561183254888275,0.11528137346988121
F12,WOA,cold_restart,26,25.69159826060987,124.16897449949376,0.005856565656565656,0.05955353535353536,0.0024054779765848382,0.11686859659273571
F12,WOA,cold_restart,27,30.39026181636891,134.62623420815612,0.005345454545454546,0.0460969696969697,0.0007107269154376766,0.1134088849812306
F12,WOA,cold_restart,28,23.68341442167906,132.3613008205246,0.005212121212121212,0.0496949494949495,0.0009188980628693509,0.11666705772348492
F12,WOA,cold_restart,29,22.154760952269086,121.81981863665382,0.005525252525252526,0.060278787878787876,0.002611491328655947,0.11301630397600637
F12,WOA,cold_restart,30,23.785856474406707,128.80093799041225,0.004795959595959596,0.04134343434343434,0.0012739329379648644,0.11412459318650586
F12,WOA,cold_restart,31,25.794272037568746,129.96074837933304,0.005432323232323232,0.05051111111111112,0.0023622638757134946,0.11758180038002353
F12,WOA,population_persistence,1,34.39958738837745,78.44067496583867,0.011468686868686868,0.06461616161616161,0.0005004818209602013,0.07583357779124453
F12,WOA,population_persistence,2,36.82897002127318,90.9694312300108,0.01482020202020202,0.06684848484848485,0.001124020132895352,0.05793317645325579
F12,WOA,population_persistence,3,34.216634374575776,75.39358114899973,0.01895959595959596,0.0660121212121212,0.001481050527981113,0.05787344077691734
F12,WOA,population_persistence,4,28.500524114539196,72.4515102372055,0.01916969696969697,0.08158787878787878,0.0010083906577530038,0.06406964839767063
F12,WOA,population_persistence,5,32.543135039873185,85.62001509026662,0.017593939393939394,0.07753535353535354,0.004154115201713913,0.07463782032596805
F12,WOA,population_persistence,6,35.990446258273636,86.48878853075855,0.008911111111111111,0.03550707070707071,0.00014898476777827765,0.07665496467379543
F12,WOA,population_persistence,7,28.656498056923486,85.14592046188062,0.01530909090909091,0.07704646464646465,0.00032835978152367175,0.06577641462210758
F12,WOA,population_persistence,8,24.042234902513428,65.60718947010719,0.022771717171717172,0.0829838383838384,0.002978357419672893,0.07344561168255419
F12,WOA,population_persistence,9,42.453509063320176,99.20073841474066,0.01612929292929293,0.0801010101010101,0.002830581153979228,0.06559156066779585
F12,WOA,population_persistence,10,34.926268825381776,82.01728264041829,0.015923232323232322,0.07534949494949494,0.0017619009824255526,0.06742907141398115
F12,WOA,population_persistence,11,38.499544665052284,79.02386273554116,0.01218181818181818,0.0352020202020202,0.0002475786026364956,0.0732073247173746
F12,WOA,population_persistence,12,32.092551662808404,82.78276880058239,0.018414141414141414,0.08094545454545454,0.0016563698757982915,0.06274618418871751
F12,WOA,population_persistence,13,37.1158070045263,90.41702156027408,0.01973131313131313,0.09962424242424242,0.004177249934510786,0.06457888094037198
F12,WOA,population_persistence,14,29.459158087241217,68.57381146553037,0.021690909090909094,0.08952323232323232,0.002717043399445647,0.07433986565535887
F12,WOA,population_persistence,15,38.680240995707415,95.19064047716283,0.016795959595959597,0.06417373737373737,0.005814613279309436,0.07123177052911789
F12,WOA,population_persistence,16,22.48464177783891,54.821433395282455,0.023636363636363636,0.11341010101010102,0.008454414567364812,0.06451083753311204
F12,WOA,population_persistence,17,49.423705643754616,112.76471376854873,0.017268686868686867,0.06284444444444445,0.0005372808289160687,0.06737649202059873
F12,WOA,population_persistence,18,40.91418531467723,93.41933772254542,0.010872727272727273,0.047086868686868684,0.0018502150310084325,0.07689442561675303
F12,WOA,population_persistence,19,29.131625323963206,66.48341711201427,0.01815959595959596,0.07133737373737374,0.0010715812241358985,0.06685402521700322
F12,WOA,population_persistence,20,31.814567699783687,83.98933947533264,0.019686868686868687,0.07963636363636364,0.001833705665514235,0.06438185807669684
F12,WOA,population_persistence,21,40.689409520761984,98.4195956654562,0.018214141414141412,0.08033333333333334,0.002681644563936449,0.06487822107118922
F12,WOA,population_persistence,22,47.63483558410302,90.17310481954343,0.011236363636363636,0.02551111111111111,0.00010963450943830347,0.07683657535082809
F12,WOA,population_persistence,23,27.47160333923271,66.21877546944265,0.021763636363636363,0.0892,0.00042812649559333165,0.05076462011322391
F12,WOA,population_persistence,24,32.878225169536215,75.69598528619903,0.015989898989898988,0.07728282828282829,0.002253933484275511,0.07732712495674142
F12,WOA,population_persistence,25,31.474750398167686,73.69577098471648,0.020076767676767675,0.06797979797979797,0.0006710601857166975,0.06726375328029599
F12,WOA,population_persistence,26,27.731875680693193,61.917669042866294,0.027775757575757575,0.12072525252525253,0.00655119369121079,0.07357318195715049
F12,WOA,population_persistence,27,39.461353682665646,87.45087975055296,0.014444444444444444,0.07788484848484849,0.0036323267111443335,0.06971359745157607
F12,WOA,population_persistence,28,36.660372534828625,87.07536652467881,0.008313131313131312,0.04584646464646465,0.00039826600959151116,0.07443490915493607
F12,WOA,population_persistence,29,22.75286970508511,63.21403224004238,0.018137373737373737,0.10422626262626263,0.0047837864283664586,0.06897337646869652
F12,WOA,population_persistence,30,28.732685707276932,82.05421444468624,0.018793939393939394,0.09032525252525252,0.00227631142606371,0.06081971114103442
F12,WOA,population_persistence,31,33.6743711378538,82.9683596238665,0.021369696969696973,0.08287878787878789,0.0024765720812801465,0.06853170847233173
F12,WOA,previous_best_seeded,1,27.78085178323259,71.95672055205635,0.012729292929292929,0.07096363636363637,0.0020638384771410534,0.11838468148413331
F12,WOA,previous_best_seeded,2,22.668989925150886,78.8369010844861,0.017379797979797978,0.0914020202020202,0.004466368861022915,0.11163209272116519
F12,WOA,previous_best_seeded,3,19.758136990454638,70.09878453814416,0.014646464646464645,0.10467878787878789,0.006336727275776217,0.10711570369904133
F12,WOA,previous_best_seeded,4,21.786942326924745,79.18442606372273,0.012767676767676768,0.06997373737373738,0.0041485049370511675,0.11362692388386608
F12,WOA,previous_best_seeded,5,22.61597284798163,89.10806280148036,0.009777777777777778,0.07134949494949495,0.0028252558793072564,0.12123936233576801
F12,WOA,previous_best_seeded,6,21.085740508041393,80.6402607932861,0.013177777777777778,0.07546464646464647,0.0031418523714017293,0.11735322925485434
F12,WOA,previous_best_seeded,7,18.930068603879462,67.49831088037172,0.013024242424242426,0.0757010101010101,0.0032754698741155734,0.11584054818093384
F12,WOA,previous_best_seeded,8,20.35565757244654,65.56102835436141,0.02183232323232323,0.10348484848484847,0.0028877115827193526,0.1137704765997505
F12,WOA,previous_best_seeded,9,25.502933139466077,90.49568702194804,0.011282828282828283,0.08119797979797981,0.003955885720985717,0.11485618254986117
F12,WOA,previous_best_seeded,10,23.786354617452304,76.93250076263642,0.014543434343434343,0.0870040404040404,0.003566289579466911,0.11013954088043018
F12,WOA,previous_best_seeded,11,18.029119727962353,62.450295064989724,0.01698989898989899,0.08737171717171718,0.0055498561489887265,0.10588595410503555
F12,WOA,previous_best_seeded,12,22.993068579310314,73.84060075682382,0.016232323232323233,0.09101010101010101,0.006957425322815,0.11704016586687445
F12,WOA,previous_best_seeded,13,24.204268891414248,72.24651486402844,0.018321212121212124,0.08993737373737375,0.0029167064934388,0.1129710164994819
F12,WOA,previous_best_seeded,14,25.706490824775994,98.99501462367817,0.014066666666666665,0.07707676767676767,0.003791884014852075,0.11836222454413861
F12,WOA,previous_best_seeded,15,21.415569899669034,68.2951663327681,0.01756363636363636,0.10156969696969698,0.004960390085382404,0.1182873607172851
F12,WOA,previous_best_seeded,16,22.96838484878453,76.6112859040825,0.01931919191919192,0.09560606060606061,0.0046877377043648165,0.1140480784253545
F12,WOA,previous_best_seeded,17,24.63824017519753,81.15178764751651,0.012456565656565657,0.08526868686868687,0.006308416072460817,0.11818223935137073
F12,WOA,previous_best_seeded,18,23.593219252687586,77.72086056367341,0.015361616161616161,0.10511111111111111,0.009591284480033348,0.11739717693549614
F12,WOA,previous_best_seeded,19,22.15736002394788,82.95837551832274,0.01112121212121212,0.07673939393939394,0.003259267085426693,0.11360911571012428
F12,WOA,previous_best_seeded,20,16.213510492290467,49.77733226555177,0.01907878787878788,0.0975090909090909,0.008364645497039913,0.11225675924283529
F12,WOA,previous_best_seeded,21,27.16519459769091,105.4969721727284,0.015624242424242424,0.06581414141414141,0.0016630748497395203,0.11502825204567443
F12,WOA,previous_best_seeded,22,24.6631737331404,89.91738420997245,0.01626262626262626,0.07524646464646464,0.0020776899811803906,0.1190112745727422
F12,WOA,previous_best_seeded,23,22.951655752248627,90.85966101474783,0.007040404040404041,0.06290303030303031,0.004318545269709564,0.1090596434728111
F12,WOA,previous_best_seeded,24,24.94181474346329,88.67369939310245,0.012086868686868686,0.09338383838383837,0.011208613725029465,0.119963129739373
F12,WOA,previous_best_seeded,25,22.104824520508533,78.52945482627163,0.011268686868686867,0.08194949494949494,0.006907391075747599,0.11222335591252688
F12,WOA,previous_best_seeded,26,22.852666693961538,88.9619769078003,0.015628282828282828,0.0845070707070707,0.007769928452355882,0.11993076358635896
F12,WOA,previous_best_seeded,27,21.433147031004278,63.014623721772836,0.021040404040404043,0.1059050505050505,0.005405129912844859,0.11873622369382315
F12,WOA,previous_best_seeded,28,21.41113977924058,85.78802419290376,0.014094949494949495,0.07987272727272728,0.0024189215112706626,0.12023000627374342
F12,WOA,previous_best_seeded,29,20.742362637410473,82.07524283313239,0.011488888888888889,0.08106666666666668,0.004431621407437013,0.11270110183373656
F12,WOA,previous_best_seeded,30,19.855330167934447,73.77767639783984,0.013822222222222224,0.07335555555555555,0.005106935490543706,0.116564935759858
F12,WOA,previous_best_seeded,31,20.28105205672048,75.6495013020316,0.012157575757575758,0.08035757575757575,0.0033734392423111683,0.11794817191150478
F2,GWO,cold_restart,1,9.243612682685603,125.06231082901587,0.008476767676767676,0.09255353535353536,0.02473893315533332,0.08229104613322961
F2,GWO,cold_restart,2,9.287965862110651,132.5623962945299,0.00655959595959596,0.08381010101010102,0.018362412198202272,0.0782391728175308
F2,GWO,cold_restart,3,10.133844043303553,132.1049844077562,0.0045373737373737375,0.08849494949494949,0.02475246158471182,0.08161173815328675
F2,GWO,cold_restart,4,10.812897481598648,129.06300780938298,0.007462626262626263,0.10508282828282828,0.02684567330579108,0.08590177759323708
F2,GWO,cold_restart,5,10.24244341599403,135.71099549938327,0.006646464646464647,0.0973171717171717,0.027058145800370567,0.08305643982596497
F2,GWO,cold_restart,6,11.142322250513338,127.51322748254123,0.0072343434343434335,0.11595959595959597,0.027813278100652695,0.08226905862904099
F2,GWO,cold_restart,7,10.304861805629095,127.70711401160153,0.008012121212121212,0.09507878787878789,0.023320715147054746,0.08321079339685458
F2,GWO,cold_restart,8,9.783966393713508,130.28697110828588,0.009101010101010101,0.10312929292929292,0.0254183641942232,0.08302789801950484
F2,GWO,cold_restart,9,9.550634424831713,125.84651546347695,0.00564040404040404,0.09322828282828283,0.023394838323476722,0.08127348996903035
F2,GWO,cold_restart,10,12.242516636075019,126.02103707542682,0.005840404040404041,0.08577777777777779,0.019661019983792237,0.07721212057343708
F2,GWO,cold_restart,11,12.025318711678072,133.52996276120487,0.005915151515151516,0.09064848484848484,0.02213268809772449,0.0806284503084876
F2,GWO,cold_restart,12,10.965601168602733,129.1075159258846,0.005860606060606061,0.09382222222222221,0.021980801681411654,0.08041128909763927
F2,GWO,cold_restart,13,9.995753602148405,130.19716748298316,0.006406060606060606,0.08724848484848485,0.024713328350926284,0.08392534887425344
F2,GWO,cold_restart,14,12.406899070960687,131.46506078888973,0.006236363636363636,0.1003959595959596,0.026470016111394157,0.08455144488883724
F2,GWO,cold_restart,15,10.921677668705446,132.612470015902,0.005886868686868687,0.10074747474747475,0.027666970706164203,0.08746180730851648
F2,GWO,cold_restart,16,12.835687130442858,120.85381736320403,0.00811111111111111,0.10261818181818182,0.02475627180086311,0.08155192890928108
F2,GWO,cold_restart,17,11.579087987289574,137.55075358058787,0.007664646464646465,0.1071191919191919,0.03018485015502326,0.08719033332993992
F2,GWO,cold_restart,18,9.798847016533893,130.4178846264937,0.007771717171717172,0.09686060606060606,0.0221170518743861,0.07886184364221194
F2,GWO,cold_restart,19,10.483813890220901,117.32461830152947,0.00807878787878788,0.11115151515151515,0.02728385484880938,0.08255093985171796
F2,GWO,cold_restart,20,9.270180087402249,134.5372423380071,0.004715151515151515,0.0775010101010101,0.020728771777963905,0.0805399955266286
F2,GWO,cold_restart,21,11.503878440027501,129.79890309580662,0.007202020202020202,0.1024121212121212,0.026296976510350862,0.08513058120289246
F2,GWO,cold_restart,22,10.656241107475587,140.12001998825613,0.004523232323232323,0.07653737373737374,0.023619748578171052,0.0860106016139175
F2,GWO,cold_restart,23,9.957255588856919,123.4757262385002,0.005406060606060606,0.09494545454545454,0.02151464608461878,0.08021172745474152
F2,GWO,cold_restart,24,12.252102317768928,133.8926120267158,0.009614141414141414,0.10356969696969696,0.032195512054614385,0.08855661774555672
F2,GWO,cold_restart,25,9.380420015564246,129.9952109189215,0.0075656565656565655,0.07918989898989899,0.02092059800908713,0.07657761283307359
F2,GWO,cold_restart,26,9.7434896777825,129.60903963444713,0.0068969696969696966,0.09014343434343434,0.024102774754186953,0.08432528177500156
F2,GWO,cold_restart,27,11.46757238755372,129.22442681907333,0.006501010101010102,0.10749292929292929,0.027524263298476584,0.08254279117562252
F2,GWO,cold_restart,28,10.135931294521885,132.6324246071832,0.005200000000000001,0.10795353535353536,0.02650028393835785,0.08632332303087131
F2,GWO,cold_restart,29,6.1946936481370045,115.7822520813451,0.006006060606060606,0.07403232323232323,0.016816171104141034,0.07181928438608595
F2,GWO,cold_restart,30,8.242304840559608,123.54079698586881,0.008317171717171718,0.0907111111111111,0.022007738104845114,0.08094333115670488
F2,GWO,cold_restart,31,11.922952843251275,129.79826137492077,0.006547474747474747,0.11451717171717171,0.030372013556714587,0.08688216448927649
F2,GWO,population_persistence,1,55.662530639170186,104.34400762953777,0.01894141414141414,0.048137373737373736,0.0022193081947583806,0.007058828102971534
F2,GWO,population_persistence,2,19.0426132901893,27.31347023163044,0.1514040404040404,0.5679959595959596,0.19821724278969416,0.021034136090479317
F2,GWO,population_persistence,3,23.805379791414595,42.38688860254565,0.2717979797979798,0.5912868686868686,0.31936889894673315,0.023140496161620172
F2,GWO,population_persistence,4,13.672594211802648,26.620689721603863,0.3957232323232323,0.7445797979797979,0.42296790362596126,0.048315930073546065
F2,GWO,population_persistence,5,23.117736323561363,52.90852566733293,0.06463636363636363,0.3333010101010101,0.10524140191872525,0.02676369624912817
F2,GWO,population_persistence,6,28.661599868884295,50.62885722844642,0.361349494949495,0.5811232323232323,0.36207822244589266,0.033109953759455746
F2,GWO,population_persistence,7,41.853581541193456,84.9117986445464,0.056749494949494945,0.15537979797979798,0.06046600767717163,0.012061948096748216
F2,GWO,population_persistence,8,11.647331394528063,14.953575624620704,0.5146626262626263,0.9373313131313131,0.5696936399864099,0.04425734245119046
F2,GWO,population_persistence,9,26.065642964325445,45.58141357963984,0.0782969696969697,0.3034888888888889,0.10927526855176173,0.0202083782423824
F2,GWO,population_persistence,10,28.198401625823646,48.87280694000307,0.2347979797979798,0.4832040404040404,0.273494575168396,0.02672668043748836
F2,GWO,population_persistence,11,20.11357268132058,40.26803223634117,0.130989898989899,0.5283919191919192,0.18849873068063716,0.03367268508697826
F2,GWO,population_persistence,12,36.61012111534861,63.3979329011851,0.033967676767676765,0.18348080808080808,0.049325184687113825,0.01784497552444417
F2,GWO,population_persistence,13,27.55805771642776,49.63526105040218,0.023834343434343434,0.2022989898989899,0.03863650100996299,0.02290612176694831
F2,GWO,population_persistence,14,14.225034734744556,22.873852290061738,0.3929252525252525,0.8221717171717171,0.47116964384789406,0.04335192668198416
F2,GWO,population_persistence,15,14.014533465714365,17.318354750065037,0.4065616161616162,0.8686525252525252,0.47202415466868075,0.04076920170820618
F2,GWO,population_persistence,16,28.008316133896518,59.89901674302939,0.19665252525252525,0.3826080808080808,0.20015083819423507,0.024022711461281595
F2,GWO,population_persistence,17,19.768020054053444,37.03786148619714,0.354979797979798,0.6651010101010101,0.42004542660142585,0.0353042860663868
F2,GWO,population_persistence,18,18.973935190460274,38.35943389914038,0.18812727272727273,0.38053939393939396,0.19544758196212586,0.03243423572030686
F2,GWO,population_persistence,19,22.21554262370471,41.24065867479881,0.0475939393939394,0.3274080808080808,0.09370156293067988,0.022899800346300583
F2,GWO,population_persistence,20,40.78786468780377,89.88962539715689,0.012216161616161616,0.0626020202020202,0.008938670945765125,0.016672611200439596
F2,GWO,population_persistence,21,20.862470755108472,27.963944233345842,0.38806464646464645,0.7902949494949495,0.4612189767042975,0.050649267980937725
F2,GWO,population_persistence,22,9.08980187810442,15.01878959008657,0.36223838383838386,0.8170929292929293,0.44526462044255527,0.04668523411817876
F2,GWO,population_persistence,23,20.582876983179776,36.069180812944026,0.15078585858585858,0.4483777777777778,0.1859307357231416,0.022260852099162926
F2,GWO,population_persistence,24,35.166712215519794,61.63160065414984,0.25989090909090906,0.48568282828282827,0.2730473820481203,0.037808330966391454
F2,GWO,population_persistence,25,28.954091209537804,52.065513889866175,0.030426262626262628,0.19145454545454546,0.046485363175641524,0.012852195290870009
F2,GWO,population_persistence,26,15.313005037756135,30.60503804685117,0.39583232323232326,0.7345232323232322,0.4349536900388636,0.03275135552344654
F2,GWO,population_persistence,27,16.532938672569056,19.547128982155986,0.6488626262626263,0.9625353535353535,0.6116988232255456,0.05177064963907752
F2,GWO,population_persistence,28,22.88057397063325,56.970558793219865,0.07991919191919192,0.36340808080808085,0.12731065758819005,0.029980589879827338
F2,GWO,population_persistence,29,17.62713992364994,39.870912495636155,0.1200060606060606,0.2995656565656566,0.13755356840724278,0.018674036729596034
F2,GWO,population_persistence,30,28.047992149996386,68.41979470825174,0.014812121212121212,0.12315959595959595,0.021316847196946508,0.018029491392756388
F2,GWO,population_persistence,31,14.840326136627068,17.71189139128282,0.49696565656565655,0.9499575757575758,0.5698712187839393,0.045026212108164605
F2,GWO,previous_best_seeded,1,8.706575331876895,27.608563992856006,0.23566666666666666,0.59154375,0.2603906972874204,0.08622690722962571
F2,GWO,previous_best_seeded,2,7.130779971116971,41.16161723225393,0.18856326530612244,0.4517367346938776,0.2163981483269283,0.09434494184296456
F2,GWO,previous_best_seeded,3,9.243427379597414,34.026120251998954,0.1742875,0.5111041666666667,0.2104310354572629,0.08275807796922459
F2,GWO,previous_best_seeded,4,9.550989711257202,31.056516359449187,0.24920625,0.6327208333333333,0.30416237013183334,0.09401243946792022
F2,GWO,previous_best_seeded,5,10.521029281960056,31.64351148275776,0.2027857142857143,0.556165306122449,0.21789148011304715,0.08125777546737808
F2,GWO,previous_best_seeded,6,6.667490643532951,26.302202682936898,0.3540307692307692,0.6937868131868131,0.4255796183789027,0.08904613747461783
F2,GWO,previous_best_seeded,7,10.138306166604085,23.267972585339383,0.37754166666666666,0.7126604166666667,0.4088083000831552,0.09025925608933079
F2,GWO,previous_best_seeded,8,9.780737637878362,26.829918416725157,0.33270425531914893,0.6992829787234043,0.3826303417756119,0.09059028467987822
F2,GWO,previous_best_seeded,9,12.421900509096975,38.880892026563636,0.15857708333333334,0.45113749999999997,0.17554497353847973,0.0808839530615833
F2,GWO,previous_best_seeded,10,10.488546649027347,22.799004601578357,0.32106734693877553,0.6885367346938776,0.3543443908618273,0.0837638027067723
F2,GWO,previous_best_seeded,11,10.08726590762781,30.95938898808864,0.13683469387755104,0.5206408163265307,0.16780698024366245,0.07892629649360643
F2,GWO,previous_best_seeded,12,10.04931309258313,27.79592756445875,0.23927368421052633,0.5446421052631579,0.2458840685678368,0.0814694824929949
F2,GWO,previous_best_seeded,13,9.504849829655935,22.811190672524244,0.35536842105263156,0.6998463157894736,0.3893180849483855,0.08718586016956668
F2,GWO,previous_best_seeded,14,10.05588002170977,23.32927275358191,0.3257,0.7544510638297873,0.38037561850914847,0.0901277907471071
F2,GWO,previous_best_seeded,15,8.521456637593312,29.812874944158587,0.33987578947368424,0.661978947368421,0.3655778134396085,0.09516655038667798
F2,GWO,previous_best_seeded,16,14.200689642707848,39.35725803069739,0.16203125,0.4659770833333334,0.17582757148666905,0.08121950319480317
F2,GWO,previous_best_seeded,17,12.159940283209076,27.51015764185563,0.45368988764044943,0.7423483146067416,0.5063999522098297,0.10338043296488154
F2,GWO,previous_best_seeded,18,8.92991592791584,25.1396918536609,0.40464175824175824,0.684643956043956,0.41154452415752696,0.09669823903931023
F2,GWO,previous_best_seeded,19,8.53027729422657,31.112028159758506,0.21677525773195877,0.6037319587628865,0.2844211073456567,0.08522400902918024
F2,GWO,previous_best_seeded,20,6.651909136048305,28.6288823509023,0.2376,0.5607081632653061,0.26355284980661525,0.0821693919248041
F2,GWO,previous_best_seeded,21,8.51134049019488,31.073122897204104,0.24791489361702126,0.6085468085106384,0.28542664787350824,0.0926941394224627
F2,GWO,previous_best_seeded,22,8.886222505061664,29.838699643874296,0.34463333333333335,0.7018688888888889,0.395612996003453,0.09636908860507735
F2,GWO,previous_best_seeded,23,9.219020225308219,24.00664002362492,0.1657531914893617,0.5166085106382978,0.1733757430026111,0.07199596923872087
F2,GWO,previous_best_seeded,24,8.4854986220638,31.192525521421576,0.26502448979591836,0.6730346938775511,0.31491712249327336,0.09459424670947592
F2,GWO,previous_best_seeded,25,12.475508379230925,24.750625115381915,0.17368125,0.6208270833333334,0.2069988013328474,0.0655784480406758
F2,GWO,previous_best_seeded,26,11.591411880410574,42.20259414564522,0.1406061224489796,0.4478020408163265,0.15836196809965572,0.08748154248258602
F2,GWO,previous_best_seeded,27,9.171755365622241,23.301635201325016,0.4126215053763441,0.7661827956989247,0.47094335157016265,0.08989596277140369
F2,GWO,previous_best_seeded,28,8.494425087281364,24.725106713486625,0.33165274725274724,0.7225516483516484,0.3747368376461841,0.09148713013656941
F2,GWO,previous_best_seeded,29,4.86580490310926,25.13529614240781,0.21205714285714286,0.5568877551020408,0.243318131417617,0.07259209250680665
F2,GWO,previous_best_seeded,30,7.228441202030747,23.21766788353791,0.2925285714285714,0.6254489795918367,0.3248163521270415,0.08278467547519831
F2,GWO,previous_best_seeded,31,12.897800314588423,30.063487193590717,0.27377083333333335,0.6005354166666667,0.30445227258361546,0.08498679433878485
F2,PSO,cold_restart,1,8.229315009276428,122.3195076545576,0.010238383838383838,0.18305050505050505,0.02476667133029752,0.12351983090834484
F2,PSO,cold_restart,2,8.73040708553582,140.58790640474504,0.007026262626262626,0.15010909090909091,0.02050078286841757,0.12107684004173044
F2,PSO,cold_restart,3,7.879463778204994,125.97406457430746,0.007537373737373737,0.15055959595959595,0.01896530737061742,0.12138589978933892
F2,PSO,cold_restart,4,9.71329401287605,122.29697951363816,0.00924040404040404,0.1471777777777778,0.022327567094070883,0.11726910717915469
F2,PSO,cold_restart,5,10.016490086222253,141.16436186800163,0.00737979797979798,0.1667010101010101,0.026404862216547698,0.11851926758680427
F2,PSO,cold_restart,6,8.311624588817377,128.6664507489358,0.008422222222222222,0.22505858585858585,0.032031628353242074,0.13003294436961946
F2,PSO,cold_restart,7,8.531280930583117,131.78980554046504,0.008482828282828283,0.1820767676767677,0.03074534143364193,0.1274496130094059
F2,PSO,cold_restart,8,10.897181344265407,128.6238329507604,0.007066666666666666,0.1650262626262626,0.024697084326385586,0.1224141444578997
F2,PSO,cold_restart,9,8.943151287468774,121.27556480051365,0.015030303030303031,0.20214141414141415,0.029662198292528752,0.11895033131226693
F2,PSO,cold_restart,10,7.656266802572524,122.51388466482346,0.011355555555555556,0.17581616161616162,0.021880873336258717,0.12297207803772083
F2,PSO,cold_restart,11,7.97591919583446,141.5622036095504,0.008024242424242425,0.1641151515151515,0.02441274997512464,0.11990770757656054
F2,PSO,cold_restart,12,9.609670624798191,121.46849268303534,0.0077737373737373746,0.1754989898989899,0.024092487850807857,0.12181194041366154
F2,PSO,cold_restart,13,10.262015882316208,136.25450691977943,0.007105050505050506,0.18201414141414143,0.026230508504494564,0.12339729335555359
F2,PSO,cold_restart,14,10.43430424924023,120.96130330208783,0.014193939393939394,0.20474343434343434,0.027987886823665174,0.12470184549818503
F2,PSO,cold_restart,15,9.288340041158385,138.43134778934018,0.011424242424242424,0.16771111111111112,0.020894243159269854,0.11841282583727458
F2,PSO,cold_restart,16,7.545780800603498,120.87656361668171,0.019262626262626262,0.240010101010101,0.03743081644501763,0.12925955310146142
F2,PSO,cold_restart,17,11.467359296007256,142.81499943639156,0.008254545454545455,0.11976363636363636,0.014737788386508565,0.11475923391679342
F2,PSO,cold_restart,18,7.470520264955672,128.4711262637322,0.0094,0.22236565656565654,0.03291476906033706,0.13009810550559775
F2,PSO,cold_restart,19,7.142537532860642,129.64360264638137,0.010575757575757575,0.1864121212121212,0.03007917639525151,0.12739276807826524
F2,PSO,cold_restart,20,8.873272430931085,117.70664948254169,0.011575757575757574,0.2032585858585859,0.030827459503507553,0.1250218694853367
F2,PSO,cold_restart,21,10.091687952554121,135.04156846489167,0.013488888888888889,0.1666747474747475,0.034094690294783264,0.11876283232414245
F2,PSO,cold_restart,22,9.191598205599213,137.38321048638923,0.007523232323232323,0.13308484848484847,0.01810660881376258,0.11336952405496406
F2,PSO,cold_restart,23,7.398512821698082,124.62867224224289,0.01015959595959596,0.220369696969697,0.036789789667941476,0.1333944810431667
F2,PSO,cold_restart,24,11.756126787118655,135.21243938715958,0.008604040404040404,0.1484222222222222,0.021905943608536132,0.11244188295722905
F2,PSO,cold_restart,25,8.943153829595841,121.19432911950096,0.010072727272727273,0.20208080808080808,0.02649579606630551,0.12527399146492582
F2,PSO,cold_restart,26,10.242195301996874,132.03942104369796,0.009264646464646465,0.17416363636363638,0.02028728374309979,0.11532152165084397
F2,PSO,cold_restart,27,8.556749121955933,129.41424378656527,0.018656565656565656,0.21113737373737373,0.03157250300824893,0.12291481310215817
F2,PSO,cold_restart,28,10.600878314164268,132.2983660981598,0.007892929292929294,0.17254141414141416,0.02241454794506659,0.11556507718302718
F2,PSO,cold_restart,29,5.782326374270709,121.50149261654613,0.010905050505050506,0.21994747474747472,0.03443111040710712,0.13687459778673267
F2,PSO,cold_restart,30,6.38145674725819,131.49405555994005,0.008587878787878787,0.1909131313131313,0.023007503006115346,0.1275962272456143
F2,PSO,cold_restart,31,10.65127151386315,129.92141057344188,0.0070646464646464645,0.14897171717171717,0.02080940532362973,0.11573257108360349
F2,PSO,population_persistence,1,9.382105227363455,12.730627760029236,0.04856565656565656,0.3363232323232323,0.08323110735093285,0.010242335097237923
F2,PSO,population_persistence,2,16.20328149978201,19.730553658245842,0.03218181818181818,0.3442484848484849,0.08570844720482133,0.010047234261140492
F2,PSO,population_persistence,3,11.944448235889373,17.26875953294897,0.07696565656565657,0.3232181818181818,0.07893031295892543,0.012206548061185799
F2,PSO,population_persistence,4,22.230947526545886,32.371826699794795,0.10253737373737373,0.3459010101010101,0.08117041501216193,0.01116378848620115
F2,PSO,population_persistence,5,57.969661599783386,78.50807836674616,0.0747848484848485,0.15537575757575756,0.0157891046246968,0.01130484154868809
F2,PSO,population_persistence,6,18.169081372589293,21.608430149273723,0.11921616161616162,0.3649555555555556,0.08518459371276717,0.006614505799186736
F2,PSO,population_persistence,7,15.720229943069452,18.533410415951487,0.06739595959595959,0.3443050505050505,0.0737724026462254,0.008634528187559217
F2,PSO,population_persistence,8,11.246513675340386,14.367506314537534,0.08417979797979798,0.3524727272727272,0.08642304558639387,0.007173252451755448
F2,PSO,population_persistence,9,16.44783831677888,20.864809253535803,0.04124242424242425,0.20717373737373737,0.050002158557531005,0.011340729565474834
F2,PSO,population_persistence,10,14.128974137564484,19.513520523187715,0.014028282828282829,0.21488080808080806,0.050019180212871536,0.015551521140088629
F2,PSO,population_persistence,11,23.38675754853719,27.158798630472923,0.0770020202020202,0.3982222222222222,0.10224075933815985,0.01059433375365038
F2,PSO,population_persistence,12,29.21686470807033,50.881442625826864,0.03488080808080808,0.1385919191919192,0.0103673359700063,0.016056628835913033
F2,PSO,population_persistence,13,121.71692391086879,137.3120414611773,0.062189743589743586,0.17322051282051282,0.02744056484214637,0.01296657294054157
F2,PSO,population_persistence,14,16.64831146493566,20.397528365764824,0.11188686868686869,0.3666242424242424,0.09666053563626836,0.008854025286602788
F2,PSO,population_persistence,15,15.05421232188967,19.896911346553274,0.031335353535353536,0.21096565656565658,0.04556486895978554,0.014628534541131541
F2,PSO,population_persistence,16,15.596235258942237,19.121792149077745,0.06251919191919192,0.3775373737373737,0.09051287244315037,0.010643380899112825
F2,PSO,population_persistence,17,16.7556962669726,20.4050729321217,0.0724020202020202,0.3967333333333333,0.09993195436429833,0.008322630677378326
F2,PSO,population_persistence,18,15.325238063848301,18.493324378356313,0.07646868686868687,0.3545919191919192,0.08243036599973634,0.009687289998107413
F2,PSO,population_persistence,19,97.00699584471403,123.77587729180395,0.07777407407407406,0.19032222222222223,0.025789578103657645,0.014312959189087527
F2,PSO,population_persistence,20,14.599493087737839,26.20025230762731,0.015151515151515152,0.21534747474747473,0.046554258720912615,0.019065397674566182
F2,PSO,population_persistence,21,15.265644098096034,23.026411659723614,0.023343434343434343,0.2145131313131313,0.05030630026269657,0.014263870232462113
F2,PSO,population_persistence,22,7.7917124210981905,11.333708056746056,0.07012929292929293,0.34458181818181816,0.07800696448299015,0.00875207221918864
F2,PSO,population_persistence,23,13.900568610539622,17.805180119978587,0.07452121212121213,0.38190505050505047,0.10369752813030166,0.011291194567300484
F2,PSO,population_persistence,24,30.03453810380469,52.02617274607555,0.04336161616161616,0.1780020202020202,0.02120873462194917,0.01999922043842486
F2,PSO,population_persistence,25,17.93163343459529,61.07608142999768,0.017187878787878787,0.16506666666666667,0.030247450080984034,0.04345530588948047
F2,PSO,population_persistence,26,24.767091822140436,55.49563794998067,0.01855959595959596,0.19395959595959594,0.04316035534897452,0.040903366513471
F2,PSO,population_persistence,27,20.074963515852133,27.38765487794137,0.011301010101010102,0.23488080808080808,0.050866776146682426,0.01854452631078991
F2,PSO,population_persistence,28,27.88027061014235,37.012168713673255,0.02845656565656566,0.2414888888888889,0.05117641251397747,0.019003443850593084
F2,PSO,population_persistence,29,10.529403636508134,14.064593698128194,0.07233333333333333,0.37782020202020206,0.09328337354696636,0.010895810315554812
F2,PSO,population_persistence,30,10.501593657731075,14.785880193437794,0.056381818181818186,0.3898282828282828,0.09288878152226152,0.013404446618640082
F2,PSO,population_persistence,31,20.885974405837352,25.23159038835242,0.07281414141414141,0.3482585858585859,0.08272847413648476,0.011870929274254703
F2,PSO,previous_best_seeded,1,9.132444465993897,39.48033125185472,0.1324,0.38040808080808086,0.07908789779116181,0.11457323010797751
F2,PSO,previous_best_seeded,2,9.783029697022094,29.192273539643512,0.160610101010101,0.42056161616161614,0.11593481112801995,0.10702754862713423
F2,PSO,previous_best_seeded,3,8.623741313982965,34.58584137361763,0.18421616161616164,0.479169696969697,0.16210065562409792,0.1211138532628848
F2,PSO,previous_best_seeded,4,9.273830829078676,28.59582107879152,0.2190969696969697,0.4720020202020202,0.1331585181429163,0.1148342360662205
F2,PSO,previous_best_seeded,5,7.696357365350655,27.065287274893244,0.22580404040404042,0.5081515151515151,0.1815644659794055,0.11008315867368752
F2,PSO,previous_best_seeded,6,5.063093560484315,21.333275857068827,0.35275757575757577,0.6046464646464647,0.3022465364714469,0.13285929101644256
F2,PSO,previous_best_seeded,7,6.29004616807827,28.399532133239738,0.27136767676767676,0.5542545454545454,0.2388273647162039,0.12943160127267012
F2,PSO,previous_best_seeded,8,11.876664802771693,33.04189642550489,0.23469494949494948,0.5043636363636363,0.17273764227669244,0.11661084466183147
F2,PSO,previous_best_seeded,9,6.976647720687599,35.942697699817295,0.16794343434343434,0.44585858585858584,0.12970527740928653,0.11669837233194207
F2,PSO,previous_best_seeded,10,10.030523356459115,22.382342398148705,0.2814383838383838,0.533270707070707,0.16411086551219564,0.12132545614953275
F2,PSO,previous_best_seeded,11,8.102993493323845,23.05248094699212,0.19975757575757574,0.4643939393939394,0.12208308724608587,0.10948544851922204
F2,PSO,previous_best_seeded,12,9.689543970650794,24.49906212018015,0.2202020202020202,0.49250909090909095,0.16498874375899208,0.1066816772391875
F2,PSO,previous_best_seeded,13,6.994412135024198,24.98123147458996,0.31265454545454546,0.5834020202020201,0.26009376812903945,0.12601249950647456
F2,PSO,previous_best_seeded,14,8.638265853572157,33.920468700860646,0.19189090909090908,0.4817878787878788,0.13154505235535704,0.11244584338209393
F2,PSO,previous_best_seeded,15,8.454934049921919,33.88056143670419,0.18428888888888886,0.4397090909090909,0.1368835576328587,0.1145139030360426
F2,PSO,previous_best_seeded,16,7.419277744440375,33.37595831212003,0.2220020202020202,0.501759595959596,0.16058783595200513,0.1287813691437511
F2,PSO,previous_best_seeded,17,10.861913041400513,35.16148777501958,0.2323959595959596,0.4750161616161616,0.1639120110953605,0.1197960687596664
F2,PSO,previous_best_seeded,18,11.259885628173828,27.358936534638612,0.3190323232323232,0.5959919191919192,0.24124721045976544,0.13074122027910226
F2,PSO,previous_best_seeded,19,6.19105337477734,26.279200999748014,0.2474707070707071,0.5245414141414142,0.17496816598468995,0.12674609276825954
F2,PSO,previous_best_seeded,20,7.057309593074226,33.315364475893894,0.1987838383838384,0.4710727272727273,0.12112285186932119,0.12700090458944777
F2,PSO,previous_best_seeded,21,11.081585038274298,25.49384137880453,0.22029696969696969,0.4930222222222222,0.14577703298432526,0.10263408140183361
F2,PSO,previous_best_seeded,22,7.501204807867177,33.16071137049678,0.2257090909090909,0.46544444444444444,0.15158015612709813,0.12326464883289123
F2,PSO,previous_best_seeded,23,7.400883771076939,26.26027918294423,0.28919191919191917,0.5907292929292929,0.23192053481670621,0.13941113141998926
F2,PSO,previous_best_seeded,24,10.835894032559722,32.04250182005782,0.1943919191919192,0.48229696969696967,0.13032253357383922,0.10823867799484883
F2,PSO,previous_best_seeded,25,7.369685764228559,35.21189312620653,0.14853939393939394,0.4379858585858586,0.09161029132965487,0.1163155989113357
F2,PSO,previous_best_seeded,26,9.716538100507702,34.671020893438175,0.12902424242424243,0.3366040404040404,0.07460054070558295,0.10303915166049868
F2,PSO,previous_best_seeded,27,10.902292424194043,26.296101456978686,0.2501232323232323,0.5202848484848485,0.16439255117825358,0.1064265536408787
F2,PSO,previous_best_seeded,28,9.334514985590037,25.694167882683637,0.25806262626262627,0.5031313131313132,0.16323899383617194,0.10611301817417285
F2,PSO,previous_best_seeded,29,3.6015553070378274,17.13240712606329,0.3304626262626263,0.5965393939393939,0.2306849126562324,0.12836030683940775
F2,PSO,previous_best_seeded,30,4.414312405735441,29.98558236494227,0.2137979797979798,0.5049030303030303,0.15645056726973156,0.12915943196514373
F2,PSO,previous_best_seeded,31,10.422107584520711,37.71917489661325,0.1548949494949495,0.4323919191919192,0.09208951544182087,0.12343919022322938
F2,SGO,cold_restart,1,23.71809239097643,132.34986595379598,0.007329292929292929,0.0897090909090909,0.007659528273186799,0.1411483536200292
F2,SGO,cold_restart,2,22.32771557844356,137.5305026307948,0.005630303030303031,0.07282828282828283,0.007596743430899371,0.13434770639505522
F2,SGO,cold_restart,3,19.996210783212483,125.9634935233399,0.004886868686868687,0.08556161616161616,0.007751907500775127,0.13164757437216462
F2,SGO,cold_restart,4,22.537611578264098,127.39782739527506,0.008741414141414142,0.08997575757575758,0.01098600196326448,0.14944447159031324
F2,SGO,cold_restart,5,23.539789614653984,134.49055774618986,0.009080808080808082,0.08377979797979798,0.008021375277267203,0.14416118597819413
F2,SGO,cold_restart,6,23.76449631812883,123.00308820969862,0.007834343434343435,0.08733939393939394,0.0070872927927970245,0.14166316871769546
F2,SGO,cold_restart,7,21.186642055681805,134.89438771105097,0.005060606060606061,0.07295151515151516,0.008980348288738425,0.1387590235980682
F2,SGO,cold_restart,8,21.25593866705717,128.24056857974196,0.008747474747474747,0.08572121212121211,0.00724821979236482,0.14578425010592053
F2,SGO,cold_restart,9,20.335081653213503,126.21738355566164,0.007268686868686869,0.0990020202020202,0.008326062607055517,0.14528954031585462
F2,SGO,cold_restart,10,24.79747864755628,125.31868760300489,0.006117171717171717,0.061006060606060605,0.007400683738332842,0.1229426759960757
F2,SGO,cold_restart,11,26.48015862565657,139.2517396756182,0.00951111111111111,0.09456565656565656,0.00904012416341772,0.15158924076068905
F2,SGO,cold_restart,12,23.333762039343334,133.71054965410883,0.004987878787878788,0.06629292929292929,0.005210182459223245,0.12792137261303319
F2,SGO,cold_restart,13,21.740542620006604,123.26312158221926,0.008373737373737374,0.0843070707070707,0.00817575834581051,0.13998129735427764
F2,SGO,cold_restart,14,25.07944966671708,127.11089288649129,0.008793939393939394,0.08654747474747473,0.007594185347044989,0.15101436163548215
F2,SGO,cold_restart,15,23.922948030937263,134.83690148162032,0.006478787878787878,0.08453939393939394,0.01157683831069553,0.18527179274478608
F2,SGO,cold_restart,16,21.705652022973858,124.43629389144384,0.007022222222222222,0.11111717171717173,0.013586824553088236,0.15649368533190783
F2,SGO,cold_restart,17,26.252333530655505,138.32044616441064,0.007149494949494949,0.11345656565656566,0.015062732392050675,0.19309788451718748
F2,SGO,cold_restart,18,20.414556316340217,123.59418874026149,0.011058585858585858,0.1154,0.01232605829886229,0.15069863202103148
F2,SGO,cold_restart,19,22.933399781001206,124.30612509510233,0.011363636363636364,0.08931717171717171,0.007805220163908776,0.14047004168927246
F2,SGO,cold_restart,20,21.681456080510337,129.84096196211448,0.005745454545454545,0.08605656565656566,0.008974154318572819,0.1356075519255234
F2,SGO,cold_restart,21,22.33244177462123,134.94506125922533,0.0077292929292929295,0.11235757575757575,0.011719409056541702,0.1818034676995707
F2,SGO,cold_restart,22,22.706931613188285,138.10550457970092,0.008383838383838384,0.11523030303030303,0.012177242263051386,0.1688007773778795
F2,SGO,cold_restart,23,17.074252505771888,123.58018774656237,0.006036363636363637,0.07736969696969698,0.005050834976771127,0.11055901432898525
F2,SGO,cold_restart,24,25.711126393634533,139.92065658043265,0.008622222222222222,0.08428282828282828,0.010159788933454839,0.20292183516903423
F2,SGO,cold_restart,25,20.671633212931518,129.15210311485558,0.00502020202020202,0.06238181818181818,0.006287133544578707,0.10711858705877216
F2,SGO,cold_restart,26,23.66230900403281,136.55801044558598,0.006204040404040404,0.10013535353535352,0.01680981806899216,0.17400677127270475
F2,SGO,cold_restart,27,23.97241355793191,131.5150421247897,0.012602020202020203,0.10457979797979798,0.010779292433356343,0.14108095003127283
F2,SGO,cold_restart,28,23.01728179894208,125.39959067370056,0.008109090909090908,0.10383636363636363,0.011842791456634933,0.17396292407409614
F2,SGO,cold_restart,29,15.833175405047088,119.01140701381603,0.007208080808080808,0.07251717171717172,0.0028942926317580527,0.10375153886772186
F2,SGO,cold_restart,30,19.499248034130826,119.2539347529522,0.008783838383838385,0.09366464646464646,0.009303581815085915,0.13961457898758478
F2,SGO,cold_restart,31,23.6896876716106,123.61814157929798,0.011420202020202021,0.09358383838383838,0.009298388930578015,0.1683937834726442
F2,SGO,population_persistence,1,28.82151260831845,88.37905426579479,0.029226262626262628,0.08301414141414143,0.02437288789610202,0.10175567335504533
F2,SGO,population_persistence,2,19.49925283788452,58.41288024235196,0.025232653061224488,0.10860204081632653,0.029595849460655545,0.08180694411985102
F2,SGO,population_persistence,3,42.80844400999073,85.17005385952254,0.022422222222222225,0.06812121212121212,0.005506272887805922,0.07155900775900974
F2,SGO,population_persistence,4,31.816761669818305,72.18647338501616,0.017864646464646465,0.07710303030303031,0.02430959288131468,0.05535644898805208
F2,SGO,population_persistence,5,28.631036917531173,82.35824972054506,0.014501010101010101,0.07642626262626263,0.02303591623579611,0.10381185176473054
F2,SGO,population_persistence,6,35.116646149994565,79.22157956658403,0.029464646464646464,0.08534949494949495,0.028750899443568102,0.07272665998800337
F2,SGO,population_persistence,7,31.795932032009468,69.15663985092876,0.014806060606060606,0.04700808080808081,0.017548246204990285,0.0692436437143991
F2,SGO,population_persistence,8,57.999629184492925,97.88739681435625,0.03976565656565657,0.11355555555555556,0.03811113758324602,0.05205922964415586
F2,SGO,population_persistence,9,38.38400811256443,87.46914630607718,0.005553535353535353,0.0636969696969697,0.009619911782068473,0.0798401820883386
F2,SGO,population_persistence,10,50.518651771845484,85.40504777331967,0.04148686868686868,0.08277575757575759,0.03874021843092806,0.03771764563468829
F2,SGO,population_persistence,11,55.51746601264218,106.47465960021465,0.03108282828282828,0.10017979797979798,0.031098085242630025,0.07607753470340901
F2,SGO,population_persistence,12,56.051390778917266,92.15829452635552,0.036981818181818185,0.08864242424242424,0.024471071062124657,0.02844448290859697
F2,SGO,population_persistence,13,40.49787922332424,90.70332056977651,0.016529292929292932,0.08441010101010102,0.017591900062291003,0.08367544839868508
F2,SGO,population_persistence,14,24.231585437191164,76.64046774632621,0.011826262626262624,0.12033333333333333,0.022548608160376463,0.17077389111147087
F2,SGO,population_persistence,15,39.36026036808684,97.52403150994986,0.008864646464646464,0.0932141414141414,0.01187001157116909,0.11672429075119721
F2,SGO,population_persistence,16,29.675858885063985,77.5322775459875,0.021916326530612245,0.10814489795918368,0.02492257144656729,0.11067934929163178
F2,SGO,population_persistence,17,39.40228740895386,102.27036569646508,0.018717171717171716,0.07752727272727274,0.02210456865770244,0.2064093591985969
F2,SGO,population_persistence,18,38.36969257789468,68.87806803599243,0.006569387755102041,0.04678775510204082,0.007739667988386589,0.08622023983531704
F2,SGO,population_persistence,19,18.44836263907806,69.34106613924958,0.013181818181818182,0.11133939393939395,0.026395893066754838,0.13351865735758323
F2,SGO,population_persistence,20,33.404866662944166,86.22417095994314,0.013503030303030303,0.0952868686868687,0.02358829362246088,0.1131232898095729
F2,SGO,population_persistence,21,50.59159729469822,105.78509584851487,0.015703030303030302,0.09574545454545454,0.019075194625055598,0.16191855572401237
F2,SGO,population_persistence,22,49.30801954547805,106.3403052461857,0.01852121212121212,0.06765050505050504,0.01376858539957448,0.1480945419648018
F2,SGO,population_persistence,23,46.964249732082706,80.13003586875523,0.03627878787878788,0.056123232323232325,0.024353233213729054,0.028748463474858797
F2,SGO,population_persistence,24,70.62565238395221,124.17227482008235,0.022472727272727273,0.09012929292929293,0.02505406779819518,0.06313384343172933
F2,SGO,population_persistence,25,28.84296323073355,54.21368305758896,0.010339393939393938,0.048212121212121206,0.006318479873900979,0.043607149345414126
F2,SGO,population_persistence,26,31.983071385222004,87.48853778175801,0.025036363636363638,0.13876363636363637,0.033017554435873404,0.14074818061299113
F2,SGO,population_persistence,27,54.06574393732384,94.87049756335755,0.022870707070707073,0.1054989898989899,0.024139367036715077,0.08438245709497152
F2,SGO,population_persistence,28,49.14660985437959,100.04460962467135,0.028995959595959596,0.08283636363636362,0.020171163466093264,0.10163143733753957
F2,SGO,population_persistence,29,34.85128541987463,67.6081233607598,0.012395959595959597,0.06559999999999999,0.011304279406007244,0.044764338600452924
F2,SGO,population_persistence,30,53.97705222077971,96.66501498927619,0.0324969696969697,0.08829090909090909,0.018544802896112614,0.06369360563484329
F2,SGO,population_persistence,31,50.23136679637398,95.27393951205661,0.02261010101010101,0.1081919191919192,0.021888523594190974,0.07083039021050877
F2,SGO,previous_best_seeded,1,22.466751943159156,39.87856778817513,0.13658989898989898,0.3565737373737374,0.08280024301448295,0.1591979490175866
F2,SGO,previous_best_seeded,2,14.652053995344748,35.75427447077668,0.11574949494949494,0.32346262626262623,0.06624779176431672,0.15613644850913294
F2,SGO,previous_best_seeded,3,16.504537990139454,36.26784834148495,0.11888888888888889,0.29645252525252525,0.0587394756513019,0.14039072999461663
F2,SGO,previous_best_seeded,4,17.945977764523604,36.461804464899124,0.1256282828282828,0.3221333333333333,0.05946921617458368,0.15676740693313865
F2,SGO,previous_best_seeded,5,17.374114462236477,29.244974399054026,0.21332,0.4282336842105263,0.12611396812970532,0.18005814493614505
F2,SGO,previous_best_seeded,6,20.631148727929734,38.961415132379464,0.13024489795918368,0.33045102040816327,0.07256165279732597,0.15529665599856968
F2,SGO,previous_best_seeded,7,14.572493609405768,39.21570013078069,0.12715151515151515,0.3300222222222223,0.06450810465887558,0.1476166495041795
F2,SGO,previous_best_seeded,8,19.231129312610605,47.346591546977855,0.1174,0.31214747474747473,0.07784372093547087,0.1461937203295557
F2,SGO,previous_best_seeded,9,13.923887164104432,34.26185054306767,0.15976969696969698,0.3854707070707071,0.10098929239531873,0.1707070734669162
F2,SGO,previous_best_seeded,10,21.368831176657363,53.004585190574595,0.0752949494949495,0.2273050505050505,0.053619814730219074,0.13456199642029185
F2,SGO,previous_best_seeded,11,23.175896978708803,53.33313825449979,0.07148282828282829,0.26997373737373737,0.03637609564272743,0.1540532032594188
F2,SGO,previous_best_seeded,12,17.34691630830394,42.63788217335274,0.09907676767676768,0.29604848484848484,0.0708200466211567,0.14048720242518017
F2,SGO,previous_best_seeded,13,18.937425058960756,46.10774173591758,0.10690303030303029,0.3287818181818182,0.07196922678850545,0.17115361843300364
F2,SGO,previous_best_seeded,14,15.716089764183543,33.475417796466424,0.15462424242424241,0.38796363636363634,0.08432276564248689,0.18149450068699574
F2,SGO,previous_best_seeded,15,16.42305144678078,34.58429291252129,0.15024646464646466,0.35250909090909094,0.08916061846211622,0.19702734196872346
F2,SGO,previous_best_seeded,16,20.102240496773806,38.69772830120315,0.1528020202020202,0.37125454545454545,0.1025204175900627,0.15998220487922912
F2,SGO,previous_best_seeded,17,19.761725691840383,37.28444403039252,0.16226326530612245,0.3989693877551021,0.11158009887369216,0.2265052778767104
F2,SGO,previous_best_seeded,18,16.435646638932827,32.94514401467312,0.14254897959183674,0.33993877551020407,0.09764072991496821,0.16682079141423992
F2,SGO,previous_best_seeded,19,14.076492022348065,24.77799077275538,0.19247083333333334,0.4161791666666667,0.10842660542605416,0.15572969796281724
F2,SGO,previous_best_seeded,20,17.580692777285226,48.13486884998452,0.07664242424242425,0.2713515151515152,0.03439404686773007,0.13716803042849823
F2,SGO,previous_best_seeded,21,21.391357771865202,71.21872597244288,0.07698181818181818,0.2551131313131313,0.06831397598966517,0.20797076210576054
F2,SGO,previous_best_seeded,22,18.58046417472632,35.30162917992651,0.18851919191919192,0.3907737373737374,0.12174348522269224,0.15990906182410936
F2,SGO,previous_best_seeded,23,16.361657018043445,35.98967009234329,0.09742020202020203,0.25757575757575757,0.0362296433645687,0.10460384602871277
F2,SGO,previous_best_seeded,24,21.90106667176962,49.71444516145196,0.1229979797979798,0.3191858585858586,0.08208842079737333,0.18910079856528414
F2,SGO,previous_best_seeded,25,16.641011122661645,29.60943796338356,0.11303061224489797,0.2689877551020408,0.03288844050211228,0.09693485015011313
F2,SGO,previous_best_seeded,26,15.478220151461066,31.874198603218062,0.14232727272727275,0.3642161616161616,0.07384082015011535,0.20559497012569222
F2,SGO,previous_best_seeded,27,19.12850892143021,36.870082593348286,0.15509183673469387,0.3537020408163265,0.10850610639314762,0.15652669017123538
F2,SGO,previous_best_seeded,28,18.85948350898114,42.45429698112249,0.13274545454545456,0.3503373737373737,0.10797962881384224,0.16762477411100035
F2,SGO,previous_best_seeded,29,13.227485643407787,33.93772327802367,0.09658787878787879,0.25020808080808077,0.040148013374139986,0.09828720911378536
F2,SGO,previous_best_seeded,30,12.837577337836034,29.232371724691514,0.19036161616161618,0.3903070707070707,0.13040523088927078,0.14359445004974014
F2,SGO,previous_best_seeded,31,20.305227648372114,47.68490566926941,0.1034848484848485,0.3054727272727273,0.07613250081125421,0.1906065068008913
F2,WOA,cold_restart,1,27.59084980822863,136.332559037277,0.003593939393939394,0.05485656565656565,0.0014254448717892461,0.11298449126829453
F2,WOA,cold_restart,2,23.532174191255084,145.05026806673027,0.004987878787878788,0.04537373737373737,0.0015750111931672375,0.11318937581813722
F2,WOA,cold_restart,3,26.182193897937893,122.65813236697393,0.004888888888888889,0.049373737373737375,0.0020948769554477104,0.11276484829481555
F2,WOA,cold_restart,4,20.651846298730746,128.30393394840002,0.0030121212121212125,0.06370707070707071,0.001636454393704023,0.11953519817447518
F2,WOA,cold_restart,5,24.671577367947595,139.25866048522084,0.003482828282828283,0.04466868686868687,0.0019973307474515666,0.1213553991098208
F2,WOA,cold_restart,6,24.873464252039664,128.6140625629019,0.006028282828282828,0.0505070707070707,0.0011358589965916024,0.1158946424833357
F2,WOA,cold_restart,7,23.04598445867798,125.46329953903664,0.005725252525252525,0.060139393939393944,0.0010490066972860357,0.11708724303792639
F2,WOA,cold_restart,8,22.752547504816548,126.83159903386111,0.006751515151515152,0.05253131313131313,0.0025757750364057857,0.11826375748440997
F2,WOA,cold_restart,9,25.66547292718338,115.82079851673227,0.0056101010101010105,0.05661212121212121,0.0026487826814085244,0.11129726151734232
F2,WOA,cold_restart,10,26.4529848640253,118.41133125401556,0.004945454545454545,0.0630989898989899,0.0019203639916159359,0.11533668244044959
F2,WOA,cold_restart,11,25.740675109556758,137.36069725626672,0.006402020202020202,0.06511919191919191,0.0014964035668737457,0.11566728529720742
F2,WOA,cold_restart,12,24.246613630563605,129.26096878188997,0.004771717171717172,0.05647272727272727,0.0011049620443137652,0.11196813175706016
F2,WOA,cold_restart,13,26.09934096149283,137.46188043802917,0.005474747474747475,0.06111515151515151,0.0028294226941084693,0.11596949239307797
F2,WOA,cold_restart,14,27.519667094018146,125.12611120167155,0.00462020202020202,0.06332121212121211,0.003323346431851532,0.11647307432716518
F2,WOA,cold_restart,15,27.059721535371164,135.27423014336753,0.006216161616161615,0.06398989898989899,0.0040666855764053406,0.11517648407555447
F2,WOA,cold_restart,16,25.955265453835803,129.74564432936407,0.0035272727272727274,0.046131313131313134,0.000991205045795326,0.11553979991254079
F2,WOA,cold_restart,17,27.19217659914578,141.72326673345515,0.004454545454545455,0.056703030303030304,0.002539166143069106,0.12048895760622585
F2,WOA,cold_restart,18,28.869047909040674,131.07198600979515,0.004505050505050505,0.050624242424242426,0.0013279022715857623,0.11456931550894602
F2,WOA,cold_restart,19,22.713649766660694,125.66012069026748,0.004151515151515152,0.05481818181818182,0.002258117968344482,0.11490560725660015
F2,WOA,cold_restart,20,26.09099848296117,126.18049755512922,0.004513131313131313,0.061836363636363634,0.003471940630831267,0.11333360991123519
F2,WOA,cold_restart,21,29.462809823351495,135.11921815900925,0.00646060606060606,0.05902626262626263,0.0030512245165879096,0.11503240715025202
F2,WOA,cold_restart,22,25.658459726991484,134.16417494070336,0.004907070707070707,0.052668686868686865,0.00156812963518249,0.11731607794069032
F2,WOA,cold_restart,23,21.065037767271814,121.32393076046887,0.005511111111111111,0.06281818181818181,0.0029793009422809107,0.11374798306932303
F2,WOA,cold_restart,24,26.369141388132803,133.07377900220712,0.005557575757575758,0.04689090909090909,0.0015783190287480943,0.12084153511049524
F2,WOA,cold_restart,25,19.971088840091785,129.53992674570856,0.00512929292929293,0.06545454545454545,0.0010966869480952299,0.11210907445286813
F2,WOA,cold_restart,26,28.90265706546138,131.85967327686706,0.005876767676767676,0.04680606060606061,0.002140875603970545,0.1155289455262511
F2,WOA,cold_restart,27,29.72310451036144,129.87908899854943,0.007006060606060606,0.06678383838383839,0.0036369874315603365,0.11606291936855465
F2,WOA,cold_restart,28,22.24688891437236,132.55927507252187,0.004795959595959596,0.04948686868686868,0.0018103054815500185,0.1179108477581404
F2,WOA,cold_restart,29,18.235180421560344,116.33258080258348,0.004652525252525253,0.0777959595959596,0.0017551128418672411,0.10761729463415101
F2,WOA,cold_restart,30,23.401454924067597,128.89131355641575,0.004604040404040404,0.052149494949494946,0.0021733388671063294,0.11357817529217751
F2,WOA,cold_restart,31,23.311802241160866,132.08426635377361,0.006414141414141414,0.05607070707070707,0.0026488489234553422,0.12111357077588264
F2,WOA,population_persistence,1,23.882698635624564,59.314328880525295,0.01886060606060606,0.10868484848484848,0.004521298900418887,0.06443062978909551
F2,WOA,population_persistence,2,32.93497223514676,93.39007562795473,0.014735353535353537,0.0711919191919192,0.0010934378989715362,0.06810695724005135
F2,WOA,population_persistence,3,36.238147474935914,82.09036443969553,0.02055959595959596,0.08546666666666666,0.01074512702882031,0.05696124803637054
F2,WOA,population_persistence,4,33.722459267816916,82.06307334563567,0.013856565656565656,0.05481010101010101,0.003254491503208568,0.07474307130558626
F2,WOA,population_persistence,5,34.313773343069066,85.34395635671665,0.014763636363636364,0.0724060606060606,0.0020562998106537183,0.08175624878868738
F2,WOA,population_persistence,6,32.887460413206654,83.56768882584883,0.016781818181818182,0.09508686868686869,0.004034610896087512,0.07104708969586841
F2,WOA,population_persistence,7,26.344129745377682,74.36575960422482,0.014317171717171718,0.07695757575757577,0.003815052130385386,0.06669377874479714
F2,WOA,population_persistence,8,43.4256771738848,94.38859055467238,0.01176969696969697,0.03114949494949495,0.00046944109747655316,0.07081216546825592
F2,WOA,population_persistence,9,53.008129038459096,97.99441368454627,0.010686868686868687,0.03697575757575758,2.227605031467989e-05,0.06057274965312662
F2,WOA,population_persistence,10,38.35574266299477,91.98520302704925,0.01428080808080808,0.04153333333333333,0.00010385443230771487,0.05552469642180127
F2,WOA,population_persistence,11,34.96828342457937,84.8582171752043,0.018993939393939396,0.07557979797979798,0.0011395435330448743,0.07899332084406109
F2,WOA,population_persistence,12,30.391384506335463,79.02405618388944,0.016614141414141415,0.06994141414141414,0.0016111251200748656,0.06493270984685906
F2,WOA,population_persistence,13,30.6879064358654,73.54489300039472,0.024115151515151517,0.09007878787878787,0.010394658588597543,0.07452886914806549
F2,WOA,population_persistence,14,24.60662885149877,48.538942742115765,0.020943434343434344,0.11583838383838384,0.012107214206117465,0.07495853557195584
F2,WOA,population_persistence,15,38.465788860242384,107.20221408896569,0.017056565656565655,0.07482828282828283,0.001514975495785776,0.07257480046732274
F2,WOA,population_persistence,16,19.418602782779114,50.4652541477128,0.026408080808080808,0.09762222222222222,0.005571541297032048,0.07037902304043187
F2,WOA,population_persistence,17,49.59097085987149,117.94654902191868,0.017216161616161615,0.07904444444444444,0.0018441871911086623,0.06789664018854444
F2,WOA,population_persistence,18,36.560947850279284,75.53688235990226,0.02305252525252525,0.09089898989898991,0.003395137519079865,0.06777499096563859
F2,WOA,population_persistence,19,25.467185305702905,62.022257300176356,0.0206,0.09298383838383838,0.005265964716411903,0.07232931138102873
F2,WOA,population_persistence,20,27.22200386152368,68.55217229615336,0.01714141414141414,0.06833737373737374,0.0016997557364625269,0.06172030466595261
F2,WOA,population_persistence,21,29.321457211886678,59.20924545206242,0.019513131313131312,0.11178787878787878,0.0054785546078514845,0.06573825457753306
F2,WOA,population_persistence,22,32.838350239133064,75.69830817109397,0.02034141414141414,0.09401010101010102,0.0035295906423967165,0.07314962876723435
F2,WOA,population_persistence,23,23.92555261899108,57.55489980140179,0.021345454545454546,0.08555959595959596,0.00023551897005311608,0.05301873283540784
F2,WOA,population_persistence,24,40.874961038889204,79.65287278848818,0.01882020202020202,0.07544646464646465,0.0034823692830654738,0.0860688997765339
F2,WOA,population_persistence,25,17.87087658514251,33.498023385291624,0.01888080808080808,0.08786666666666668,1.6360045793885803e-05,0.06727327719189508
F2,WOA,population_persistence,26,20.03167702206967,28.14855821664086,0.03666666666666667,0.12684040404040403,0.007140542649837243,0.07685683644963566
F2,WOA,population_persistence,27,25.918809213253557,54.9103426574801,0.022185858585858587,0.09052525252525252,0.008756372358122651,0.07928294687252566
F2,WOA,population_persistence,28,27.22152195162706,68.46812802819328,0.012595959595959596,0.06151313131313132,0.001071069662920324,0.08087112081984206
F2,WOA,population_persistence,29,19.655313747271244,47.44385926029528,0.015917171717171715,0.07932727272727272,0.005533824980365269,0.05963709000929367
F2,WOA,population_persistence,30,30.904196132636066,78.52373185257976,0.02274949494949495,0.08757373737373737,0.005573125022961307,0.06770858976088517
F2,WOA,population_persistence,31,29.51590616612985,74.93901088701777,0.025018181818181818,0.10148080808080807,0.009107106204593136,0.07777826357277083
F2,WOA,previous_best_seeded,1,12.786302962386904,26.732946086831493,0.036806060606060606,0.1486747474747475,0.018309718354449247,0.11497274981845798
F2,WOA,previous_best_seeded,2,24.555601051443528,73.64591003309505,0.023703030303030302,0.09783030303030303,0.007447846528583113,0.11385259128770993
F2,WOA,previous_best_seeded,3,15.298567487717698,36.591344488345655,0.032549494949494946,0.13283030303030302,0.010296764822858712,0.10309359582195798
F2,WOA,previous_best_seeded,4,17.21122412654833,32.09957383580764,0.03391717171717172,0.13462828282828285,0.018162314138047968,0.1191948364250964
F2,WOA,previous_best_seeded,5,16.423293551242583,33.40549103569038,0.03703636363636364,0.16487676767676768,0.012304917375720939,0.12518708206992807
F2,WOA,previous_best_seeded,6,21.413154037804002,45.20926946288672,0.03844040404040404,0.14859797979797978,0.009855781694254183,0.11876743839906108
F2,WOA,previous_best_seeded,7,13.698339506732252,35.15488657856242,0.028915151515151515,0.13761010101010102,0.013079490497760917,0.11472115801245951
F2,WOA,previous_best_seeded,8,23.798899682630914,52.56989995408331,0.04053939393939394,0.1483050505050505,0.010189689974741007,0.12222823846584979
F2,WOA,previous_best_seeded,9,15.023333963825554,34.673230762266115,0.039864646464646464,0.12647878787878788,0.010975969412095537,0.11798608744510762
F2,WOA,previous_best_seeded,10,12.826063699255858,21.92005084774685,0.03604040404040404,0.1381959595959596,0.008879726020563234,0.10946155866268037
F2,WOA,previous_best_seeded,11,16.933076368117955,31.036017301096262,0.024115151515151517,0.11018989898989899,0.008382376093864202,0.10833033110725525
F2,WOA,previous_best_seeded,12,17.88311142656839,36.149363813823015,0.028648484848484847,0.13716161616161618,0.011853918883299036,0.12052736418036902
F2,WOA,previous_best_seeded,13,21.531692144637105,41.97940367046497,0.027771717171717173,0.1442080808080808,0.01705087018350666,0.12067999751482975
F2,WOA,previous_best_seeded,14,15.249127820761476,34.994541102690356,0.030917171717171718,0.1240060606060606,0.011470040757460125,0.12004349775172905
F2,WOA,previous_best_seeded,15,17.227880577400164,31.121886821959162,0.034323232323232325,0.1529858585858586,0.024342167808848028,0.11275558631776639
F2,WOA,previous_best_seeded,16,18.932067407154975,33.21121604708453,0.040123232323232325,0.156189898989899,0.013295842897666141,0.11085062126529666
F2,WOA,previous_best_seeded,17,23.781439339743716,55.62223315982295,0.02572121212121212,0.11710303030303029,0.009729947470587986,0.125689060379353
F2,WOA,previous_best_seeded,18,16.68137668945595,33.21142464231576,0.032163636363636366,0.1292888888888889,0.009359810925902858,0.1104433450220665
F2,WOA,previous_best_seeded,19,17.755930269619785,35.24476510076899,0.03319191919191919,0.13605050505050503,0.009741879795361254,0.12049997582238409
F2,WOA,previous_best_seeded,20,9.908958930924552,23.79717363513941,0.02835959595959596,0.14934343434343433,0.014113014002286012,0.11259483092020864
F2,WOA,previous_best_seeded,21,20.572477460935737,32.27369473671636,0.02985050505050505,0.14767676767676766,0.024350113290685815,0.11836981306776455
F2,WOA,previous_best_seeded,22,16.908983686893787,39.942104646448776,0.03234747474747475,0.1462040404040404,0.019307733406481932,0.1161201306121669
F2,WOA,previous_best_seeded,23,17.545722310492234,36.752780162784084,0.02987070707070707,0.09492323232323231,0.0006086061105898198,0.09972194863536503
F2,WOA,previous_best_seeded,24,25.663904483909405,55.52017119516089,0.02361616161616162,0.10914141414141414,0.007578082399952606,0.1244451814857814
F2,WOA,previous_best_seeded,25,17.995422657143784,36.77039970826346,0.020896969696969695,0.06513939393939394,0.0006946664281132195,0.10564110876206399
F2,WOA,previous_best_seeded,26,21.806396246373065,55.145816822732606,0.01915959595959596,0.12404646464646464,0.01071515680911724,0.11594379337732684
F2,WOA,previous_best_seeded,27,18.946016748904118,53.54452437610993,0.023357575757575754,0.10645050505050506,0.008417437489629937,0.11767428001736842
F2,WOA,previous_best_seeded,28,16.325517152141618,41.0213966548019,0.03332929292929293,0.14908686868686868,0.014551538627640307,0.11451565324486357
F2,WOA,previous_best_seeded,29,20.00260453569207,48.91414348478698,0.019208080808080806,0.07798989898989898,0.0014994766412744845,0.10724331052296658
F2,WOA,previous_best_seeded,30,14.835472121299933,52.3017698644463,0.016246464646464648,0.08334141414141415,0.007480108832807547,0.10983393155238588
F2,WOA,previous_best_seeded,31,16.637271421486798,44.437154430029864,0.02922828282828283,0.14744848484848486,0.011617983323811719,0.12525404344632712
F8,GWO,cold_restart,1,17.853521579947905,123.96272389781306,0.055373737373737374,0.32701010101010103,0.06066876917278398,0.11885868023478904
F8,GWO,cold_restart,2,19.332390335980786,138.68394365973808,0.03882828282828283,0.2448080808080808,0.032301252259404736,0.11759888778313339
F8,GWO,cold_restart,3,18.30746134592031,125.23743152597103,0.04975510204081633,0.30481632653061225,0.04438470136247687,0.11657189338892741
F8,GWO,cold_restart,4,19.101066499701336,130.37064962770958,0.04482828282828283,0.29898989898989903,0.056590862210310504,0.11964327813294971
F8,GWO,cold_restart,5,21.088178515093063,140.07971958865502,0.034323232323232325,0.2753939393939394,0.04204892565757826,0.11877004839549138
F8,GWO,cold_restart,6,19.120029013204046,122.60785356131242,0.05383838383838384,0.3241818181818182,0.059409627966417466,0.1198480325458743
F8,GWO,cold_restart,7,18.82717471411036,134.39556774501142,0.04557575757575758,0.2916969696969697,0.04968778290565511,0.11856436722298777
F8,GWO,cold_restart,8,18.970451537178906,131.35234776689822,0.04933333333333334,0.2926060606060606,0.05505032765953852,0.11812836365276547
F8,GWO,cold_restart,9,18.84810541049596,122.14047449515864,0.051212121212121216,0.3121010101010101,0.05118580506332319,0.11814258692443734
F8,GWO,cold_restart,10,21.02001328719534,122.51334988456188,0.04822222222222222,0.2945050505050505,0.04935664296506823,0.11730560783111316
F8,GWO,cold_restart,11,18.107231503918545,142.21713637179803,0.04284848484848485,0.2918989898989899,0.04281718370840594,0.11813906432281422
F8,GWO,cold_restart,12,20.60864839079589,129.4855219546465,0.04238383838383838,0.2774141414141414,0.04300109686852245,0.11814319609834614
F8,GWO,cold_restart,13,17.68072409273755,124.1514002817572,0.052404040404040404,0.3016161616161616,0.04758487703395215,0.11705636987815378
F8,GWO,cold_restart,14,19.5063418052017,131.01772498736096,0.044181818181818176,0.3343636363636363,0.055870413682474925,0.1207292666592649
F8,GWO,cold_restart,15,20.277975909998386,136.5500380701802,0.05311111111111111,0.3186060606060606,0.058986354360225556,0.12104776183273314
F8,GWO,cold_restart,16,18.015371311282962,121.58823475308972,0.05412121212121212,0.3470909090909091,0.06119845586579158,0.11716653658805662
F8,GWO,cold_restart,17,23.96316160565427,134.6665825401367,0.05416326530612245,0.3057142857142857,0.05332763039939627,0.1224235026722061
F8,GWO,cold_restart,18,18.802080936001563,127.95092570085562,0.05498989898989899,0.31567676767676767,0.04928941466771114,0.11710790238295993
F8,GWO,cold_restart,19,15.853292300908183,120.69062770903834,0.051272727272727275,0.3231313131313131,0.05589113792394094,0.11867427139326206
F8,GWO,cold_restart,20,16.12840792424723,127.55513438396027,0.050141414141414146,0.2765858585858586,0.035771503421930785,0.1169547280681136
F8,GWO,cold_restart,21,18.207395762723362,136.56621169947678,0.04604040404040404,0.3309090909090909,0.055938012342217174,0.12136586724371531
F8,GWO,cold_restart,22,17.604433467532402,143.32106820259847,0.034444444444444444,0.29658585858585856,0.04872788928309114,0.12049623410154217
F8,GWO,cold_restart,23,18.179135563128295,129.64180640112554,0.04616161616161617,0.29488888888888887,0.05289616059666139,0.11707338487162806
F8,GWO,cold_restart,24,20.735050786818736,140.12855074153947,0.04672727272727273,0.3170505050505051,0.05357368519943194,0.12320009829972284
F8,GWO,cold_restart,25,18.52078795610023,125.98017342344703,0.04472727272727273,0.3078585858585859,0.04952519612093624,0.1155299616372147
F8,GWO,cold_restart,26,22.10452359286048,127.78708681590834,0.04646464646464646,0.31117171717171715,0.048345004509024424,0.1187945951263843
F8,GWO,cold_restart,27,19.03015571078823,138.56438433439715,0.04106122448979592,0.28616326530612246,0.04751580009574834,0.11875514754365064
F8,GWO,cold_restart,28,21.545106093659683,130.23016116449563,0.05238383838383839,0.2932121212121212,0.05127096397361608,0.12129254603689568
F8,GWO,cold_restart,29,12.727744314819535,123.86499560568134,0.04612121212121212,0.2771313131313131,0.04043273446893592,0.11156181332774281
F8,GWO,cold_restart,30,16.74986269550322,124.48651249462914,0.04531313131313131,0.283010101010101,0.04211916352341038,0.1176307313444603
F8,GWO,cold_restart,31,22.063741740022184,133.9154454798811,0.0432929292929293,0.28353535353535353,0.04711933431809175,0.12074088343131133
F8,GWO,population_persistence,1,58.85604806035592,103.55080856803887,0.09117171717171717,0.20620202020202022,0.03100459519116522,0.009901966321544485
F8,GWO,population_persistence,2,61.64073930065839,99.32728537258599,0.07191836734693878,0.1959387755102041,0.019649602410311225,0.00781594146267406
F8,GWO,population_persistence,3,32.83768999858445,52.025805102958245,0.10727272727272727,0.3769090909090909,0.10812080280465275,0.018602209571226644
F8,GWO,population_persistence,4,19.561259166696583,42.148431153621964,0.11563636363636363,0.43064646464646467,0.16612204888460577,0.04996890716672437
F8,GWO,population_persistence,5,22.60390553150692,42.26361344374436,0.16365656565656564,0.5584444444444444,0.23689741575201395,0.031110421435462342
F8,GWO,population_persistence,6,56.99039834498634,98.09917823767312,0.09258585858585859,0.20640404040404042,0.0325755234973652,0.009011190630223176
F8,GWO,population_persistence,7,44.65631456206803,84.50858434950162,0.07981818181818182,0.25062626262626264,0.041722282983506664,0.015287238479239197
F8,GWO,population_persistence,8,68.22845058100933,98.72519471123155,0.08036363636363636,0.1824242424242424,0.021068816991102746,0.005974899623347538
F8,GWO,population_persistence,9,9.662478805868764,14.566190869535054,0.15108333333333332,0.613375,0.25084511079425115,0.05031359050103973
F8,GWO,population_persistence,10,47.13133124949008,83.65485423837629,0.06642424242424243,0.16533333333333333,0.01544238229702877,0.008336262486702266
F8,GWO,population_persistence,11,26.59109618400678,36.739816307364976,0.17054545454545456,0.5041818181818182,0.244738420011802,0.03501751716173556
F8,GWO,population_persistence,12,53.32638096881313,91.42445778920778,0.08208080808080807,0.19216161616161617,0.018071596635164958,0.006792239858316813
F8,GWO,population_persistence,13,20.46739381966776,34.060256385971755,0.11832653061224489,0.5505102040816326,0.20161745808951173,0.0319491080071
F8,GWO,population_persistence,14,26.271174887891288,35.66339389080146,0.10515151515151515,0.5459191919191919,0.19641632807841483,0.035830688543168815
F8,GWO,population_persistence,15,17.428539641274337,25.22832882576727,0.16059183673469388,0.5549387755102041,0.24635524777580334,0.04008206394883415
F8,GWO,population_persistence,16,24.93499600283742,42.553915165722955,0.14896969696969697,0.49844444444444447,0.18618490012336375,0.030491456111691236
F8,GWO,population_persistence,17,22.074969559842817,36.06837512030251,0.09648484848484848,0.4608282828282828,0.17048333305319083,0.03667113409480316
F8,GWO,population_persistence,18,58.27593364333916,89.87146004572135,0.08745454545454545,0.23781818181818182,0.0345067839254614,0.010691688482948094
F8,GWO,population_persistence,19,19.584633375549725,34.80593253172375,0.11826530612244898,0.5581224489795918,0.19922173409570665,0.03755040086161966
F8,GWO,population_persistence,20,17.380804014391906,28.653565501876752,0.16892929292929293,0.5448686868686868,0.24159543349707616,0.045626759387667706
F8,GWO,population_persistence,21,19.760265234571506,24.22263232470243,0.15511340206185567,0.555938144329897,0.23301865779431166,0.05254124683679541
F8,GWO,population_persistence,22,10.615543382759455,18.648608293671856,0.15418181818181817,0.5688888888888889,0.2487531643079935,0.047131756248395426
F8,GWO,population_persistence,23,20.395036980643145,35.298873712096174,0.07787755102040816,0.407265306122449,0.11757687836739752,0.017415294802698437
F8,GWO,population_persistence,24,37.87991827272637,66.7643588458547,0.10949494949494949,0.3542222222222222,0.12126814587956394,0.038705168005341566
F8,GWO,population_persistence,25,14.396475244464332,17.45910329410869,0.38298989898989894,0.8481616161616162,0.45802986380974103,0.020249015780905925
F8,GWO,population_persistence,26,13.664600215837723,17.448442379239268,0.09301010101010102,0.48107070707070704,0.19395510847596462,0.035937266012885966
F8,GWO,population_persistence,27,31.26778268023959,63.90921348036938,0.08903030303030303,0.4183434343434343,0.10704527141249531,0.0258328631214861
F8,GWO,population_persistence,28,58.014106656494505,99.49647680597363,0.07212121212121211,0.23274747474747476,0.039151073326243735,0.013713973616258736
F8,GWO,population_persistence,29,41.893047019110405,67.69648132072253,0.06793939393939394,0.1978383838383838,0.02729320827020019,0.0066170548652670904
F8,GWO,population_persistence,30,37.62039170782764,72.89779751101884,0.06808080808080809,0.32731313131313133,0.07149758883541607,0.021970263828014678
F8,GWO,population_persistence,31,15.731079845126137,20.0327373698725,0.11175257731958763,0.6150515463917525,0.2358694829850874,0.04478613319195619
F8,GWO,previous_best_seeded,1,12.794322347549707,24.998999815163877,0.47968888888888883,0.7503111111111112,0.4711572797324834,0.1191863585712595
F8,GWO,previous_best_seeded,2,13.45013653746577,31.724670074277157,0.4022857142857143,0.6636904761904762,0.3568204695956013,0.12528232162377023
F8,GWO,previous_best_seeded,3,13.573580574015493,27.04162708043681,0.47481720430107527,0.7265806451612904,0.5238232120832137,0.12071760402863053
F8,GWO,previous_best_seeded,4,14.966739531263867,26.30927321868178,0.5274457831325301,0.7641927710843374,0.5779840184831011,0.12917529181796059
F8,GWO,previous_best_seeded,5,17.485277314864614,30.354419035130565,0.43837894736842103,0.6918736842105263,0.43613001640605814,0.11339902785136413
F8,GWO,previous_best_seeded,6,20.696769810658697,35.2477063406358,0.44474074074074077,0.6715802469135803,0.4698616460707984,0.12414818285132481
F8,GWO,previous_best_seeded,7,17.72969299321107,34.16010618565513,0.4406206896551724,0.6769195402298851,0.4427526153254145,0.12292787059975388
F8,GWO,previous_best_seeded,8,15.593022162277732,32.549132535146995,0.3847586206896551,0.6781839080459771,0.393369293148576,0.12361933792331829
F8,GWO,previous_best_seeded,9,17.94023778755783,23.9167758256566,0.6064615384615385,0.7468307692307692,0.6711298797842054,0.12722891955110968
F8,GWO,previous_best_seeded,10,16.329573937719395,28.66880611790585,0.48911111111111116,0.6988148148148148,0.48260862037374896,0.12066576206045448
F8,GWO,previous_best_seeded,11,21.073045201121577,46.1400005265212,0.290258064516129,0.5744301075268817,0.23476498977965615,0.11647998580202842
F8,GWO,previous_best_seeded,12,15.241443318964865,28.5827718543522,0.45452747252747255,0.6792527472527472,0.4373414177806156,0.11236544821810254
F8,GWO,previous_best_seeded,13,19.480201185120972,36.80896856412291,0.3956235294117647,0.6498352941176471,0.3703899754915205,0.11913476608400647
F8,GWO,previous_best_seeded,14,12.457287429553878,27.962845958971588,0.508891304347826,0.7683043478260869,0.512398510634494,0.12061697221639366
F8,GWO,previous_best_seeded,15,17.489303495122012,32.233943982244234,0.47510588235294116,0.7266117647058824,0.4746944819127581,0.1289489353682512
F8,GWO,previous_best_seeded,16,14.850842675337656,29.334576499717986,0.46340909090909094,0.7007727272727272,0.45995715819346084,0.11985784365530289
F8,GWO,previous_best_seeded,17,18.9540522799313,21.62588886738786,0.7977959183673469,0.892734693877551,0.9069368468192338,0.14443987673862846
F8,GWO,previous_best_seeded,18,17.646088857695446,32.168216158073186,0.4509302325581395,0.6920232558139534,0.4447822555713494,0.11582838833079218
F8,GWO,previous_best_seeded,19,15.775412758086157,25.906515969331988,0.5167792207792208,0.7005714285714286,0.5322748544896305,0.11882912482556825
F8,GWO,previous_best_seeded,20,14.712822309481016,35.407198224616934,0.3839512195121951,0.6778780487804877,0.3969117482729106,0.11705693242340688
F8,GWO,previous_best_seeded,21,22.95777901072251,33.65860422025026,0.45218461538461535,0.6548307692307692,0.4328096228958892,0.13721590035779005
F8,GWO,previous_best_seeded,22,15.261780850611647,36.37898236955937,0.4062727272727273,0.6598636363636363,0.3896370114859776,0.12243388097469342
F8,GWO,previous_best_seeded,23,14.859570191384359,32.015771856197304,0.3048863636363636,0.5927954545454545,0.22230063304713654,0.10887348068725454
F8,GWO,previous_best_seeded,24,15.97543083145757,35.61832766962435,0.436967032967033,0.7313186813186813,0.43986773353338854,0.12476977109831423
F8,GWO,previous_best_seeded,25,18.625381169176556,28.61399171537169,0.5353103448275862,0.7492643678160918,0.5667476677879353,0.11462667437442059
F8,GWO,previous_best_seeded,26,20.876621092643756,40.01742687012798,0.3875903614457831,0.6384337349397591,0.38727105428756325,0.12949433559585125
F8,GWO,previous_best_seeded,27,16.29429150539885,25.760728982462112,0.6028139534883721,0.7816744186046513,0.669771623026982,0.12566979579584173
F8,GWO,previous_best_seeded,28,15.331354916220702,32.00010856139372,0.4360674157303371,0.6971685393258427,0.4404784256078597,0.11884083894735381
F8,GWO,previous_best_seeded,29,9.076364860698039,26.16921568767295,0.4028842105263158,0.679557894736842,0.3924928493397244,0.10651944258471326
F8,GWO,previous_best_seeded,30,13.625348764280341,36.078973542835456,0.38026666666666664,0.608111111111111,0.3868411264925019,0.11899472162653506
F8,GWO,previous_best_seeded,31,17.603445938460776,27.437340004721005,0.5343414634146342,0.7389756097560976,0.5591758746452294,0.12535250184118477
F8,PSO,cold_restart,1,20.49100612579308,127.7078523952644,0.04375757575757576,0.4417373737373737,0.099129850323233,0.18646166761206984
F8,PSO,cold_restart,2,17.183057826186353,134.5349594089522,0.054525252525252525,0.462969696969697,0.10453480258967256,0.18351711195070938
F8,PSO,cold_restart,3,19.38402531439815,118.22499892283517,0.0478989898989899,0.429959595959596,0.09808526766658973,0.18650875975895978
F8,PSO,cold_restart,4,21.158712061947366,125.09361820650753,0.049212121212121214,0.39210101010101006,0.08541853286259969,0.18208746197901285
F8,PSO,cold_restart,5,19.8306949476781,133.6603998928303,0.05539393939393939,0.4238585858585859,0.10605458853544963,0.1834342426364406
F8,PSO,cold_restart,6,21.994906625236187,121.13530884555061,0.06509090909090909,0.46725252525252525,0.12467309085383593,0.19095858595633056
F8,PSO,cold_restart,7,19.753374935307058,134.18122022788316,0.05650505050505051,0.406949494949495,0.0938494275949199,0.18583748665013589
F8,PSO,cold_restart,8,20.53666378805177,135.68797541941595,0.04343434343434343,0.40719191919191916,0.09532330431680591,0.18394427584469208
F8,PSO,cold_restart,9,19.152824593047292,131.08845707517784,0.04232323232323232,0.44004040404040407,0.09600136256665805,0.18189926922489733
F8,PSO,cold_restart,10,18.202748471019156,122.18459243064537,0.07917171717171717,0.49672727272727274,0.12604742194488444,0.1875383335649999
F8,PSO,cold_restart,11,19.63865632183243,134.93847178285185,0.07032323232323232,0.451979797979798,0.11166774005072759,0.18406099917194402
F8,PSO,cold_restart,12,19.58462038505265,122.64895379673645,0.059010101010101006,0.44157575757575757,0.10901167257257123,0.1863180099724631
F8,PSO,cold_restart,13,19.485823140761305,124.21210271156004,0.04246464646464646,0.4497575757575758,0.10618812664098899,0.18211907408566272
F8,PSO,cold_restart,14,23.180962828481295,127.68427324940049,0.04973737373737374,0.45101010101010097,0.11073007340817613,0.18363217089061096
F8,PSO,cold_restart,15,20.421244099854537,130.8285352074277,0.06058585858585859,0.403070707070707,0.09158173335987498,0.1792218620676644
F8,PSO,cold_restart,16,19.535738944309333,128.11121002585514,0.07161616161616162,0.477979797979798,0.12055628480748598,0.18784697643103435
F8,PSO,cold_restart,17,20.03858269535085,138.12525382781274,0.05707070707070708,0.43060606060606066,0.09454567630311679,0.17862184527974412
F8,PSO,cold_restart,18,18.91070458497696,133.88857213014774,0.060343434343434345,0.4901212121212121,0.12153076640294842,0.1892428922575275
F8,PSO,cold_restart,19,19.495198577090555,121.78209408947028,0.04963636363636363,0.43252525252525253,0.10372224142624964,0.1866892471925251
F8,PSO,cold_restart,20,20.214321031463264,127.01055421152743,0.06464646464646465,0.4624040404040404,0.10754250972285292,0.18649533518765404
F8,PSO,cold_restart,21,20.11459030871782,136.36794304746599,0.041373737373737375,0.4391111111111111,0.09770736481595448,0.18351556143740103
F8,PSO,cold_restart,22,16.70109656829602,139.20481620804625,0.05222222222222222,0.46642424242424246,0.10196318351249588,0.18026031347204613
F8,PSO,cold_restart,23,18.085127023462462,129.387634900503,0.03860606060606061,0.44123232323232325,0.09823743068140499,0.18728685776096443
F8,PSO,cold_restart,24,23.26158053236246,134.47330132764606,0.04806060606060606,0.41739393939393943,0.08477401442959129,0.17539919109506102
F8,PSO,cold_restart,25,19.041587178491827,127.31851816740789,0.0578989898989899,0.48048484848484846,0.11997231094758863,0.1850042751902581
F8,PSO,cold_restart,26,19.662574530336258,130.0924618538768,0.06937373737373738,0.4363838383838384,0.10187941585443075,0.18668173815229572
F8,PSO,cold_restart,27,20.72846365913231,130.3057690490824,0.06383838383838385,0.46541414141414145,0.10776814320727009,0.18784007657124704
F8,PSO,cold_restart,28,19.158175137998334,129.3685837168643,0.0614949494949495,0.4367878787878788,0.10999194426432397,0.18548748839107557
F8,PSO,cold_restart,29,18.03508271091647,120.50267609457389,0.06612121212121212,0.46743434343434337,0.11589606384282282,0.19216784641666082
F8,PSO,cold_restart,30,17.463247872427267,131.64725508971415,0.034202020202020206,0.41551515151515156,0.09229573843458362,0.1855521994967939
F8,PSO,cold_restart,31,21.196948372539435,140.89645109614722,0.03705050505050505,0.3453131313131313,0.07157690759569685,0.1852237434219901
F8,PSO,population_persistence,1,9.933476925625563,16.326232840942293,0.054787878787878795,0.3457979797979798,0.09960427096059922,0.018476295068593204
F8,PSO,population_persistence,2,19.327796544838296,29.277578299092138,0.06220408163265306,0.40016326530612245,0.0968791930581902,0.019209087127027073
F8,PSO,population_persistence,3,12.078693248414254,23.728040642035886,0.06478787878787878,0.38375757575757574,0.11108651948453961,0.029794828140443638
F8,PSO,population_persistence,4,19.253425440276736,24.16152591318767,0.0786868686868687,0.43157575757575756,0.11796989152453467,0.014033482821202092
F8,PSO,population_persistence,5,15.23816326215404,25.753671357267216,0.06181818181818182,0.41153535353535353,0.11763822499652557,0.027109908183780503
F8,PSO,population_persistence,6,18.794802168658318,23.78171085500619,0.09466666666666666,0.493959595959596,0.1608765135372237,0.014953332347620077
F8,PSO,population_persistence,7,27.324846503889727,53.783554818106964,0.0557979797979798,0.31236363636363634,0.08325673725675677,0.042558269930775244
F8,PSO,population_persistence,8,21.62445713836577,39.07343761025317,0.06305050505050505,0.3289292929292929,0.09740733298887554,0.03726240832729327
F8,PSO,population_persistence,9,16.979242643158006,22.329133775796308,0.05953535353535354,0.39812121212121215,0.1034047271324184,0.016070160189936858
F8,PSO,population_persistence,10,14.5825555404051,21.357091316290624,0.04915151515151515,0.2787676767676768,0.07195200952578158,0.0175807575986588
F8,PSO,population_persistence,11,23.996398064273663,30.325583465778198,0.05773737373737374,0.4018787878787879,0.10640960430995978,0.01649411607636757
F8,PSO,population_persistence,12,25.273010726429646,37.529341795978056,0.05254545454545455,0.3283838383838384,0.08821535097441427,0.01720885437246337
F8,PSO,population_persistence,13,14.816863988856785,19.35029891240147,0.06991919191919192,0.4886666666666667,0.13224550602107948,0.016945919542400607
F8,PSO,population_persistence,14,13.711534474608845,21.91817131231141,0.07202020202020203,0.4256363636363636,0.122713466720374,0.018893385296085863
F8,PSO,population_persistence,15,15.262472963817006,20.941505737551463,0.0485050505050505,0.35725252525252527,0.0894328284434523,0.01568070405603953
F8,PSO,population_persistence,16,32.87366158333973,74.16827829977001,0.0703030303030303,0.34058585858585855,0.10509495805760971,0.05758924212743291
F8,PSO,population_persistence,17,17.128376967784888,22.04039502359277,0.06995959595959596,0.4506868686868687,0.1241450334404892,0.013063158716598381
F8,PSO,population_persistence,18,15.84337318322002,21.200283983086337,0.05767676767676767,0.35165656565656567,0.09754296830344804,0.016817997864893883
F8,PSO,population_persistence,19,16.088541868024578,21.673621952050027,0.046686868686868686,0.3831515151515152,0.09401740463084601,0.017679121274197514
F8,PSO,population_persistence,20,15.386507299267949,30.67872728849931,0.048929292929292934,0.32517171717171717,0.07223634046631977,0.02390903797590317
F8,PSO,population_persistence,21,15.83481216328393,23.38127937612953,0.04094949494949495,0.28715151515151516,0.05788925376100105,0.018370790312679106
F8,PSO,population_persistence,22,8.20368766831787,13.444669898911387,0.08745454545454545,0.40266666666666673,0.11627313336484417,0.01591877834364399
F8,PSO,population_persistence,23,14.535477417132952,23.105297688857416,0.07391919191919191,0.37725252525252523,0.10153789003062655,0.01948128195282363
F8,PSO,population_persistence,24,27.31738747443095,43.04958638234955,0.05232323232323232,0.3018989898989899,0.08642523740289557,0.02740141193139567
F8,PSO,population_persistence,25,17.737575345548155,54.003431181558504,0.04951515151515152,0.2651111111111111,0.06493442938504616,0.04760214089958369
F8,PSO,population_persistence,26,20.37383884689456,46.40786926731952,0.04331313131313132,0.32226262626262625,0.0892318056831529,0.038223589943504215
F8,PSO,population_persistence,27,26.815182646845813,41.149397861763546,0.0484040404040404,0.29288888888888887,0.06602298127634879,0.02852632922780687
F8,PSO,population_persistence,28,41.2718550922485,69.62894887225752,0.06664646464646465,0.3100606060606061,0.086434886023452,0.034598974195644734
F8,PSO,population_persistence,29,10.943051240225248,20.023234695419944,0.07729292929292929,0.3899797979797979,0.12073285860905135,0.026513842410041833
F8,PSO,population_persistence,30,43.52079636213527,106.26009783638524,0.04577777777777778,0.2579191919191919,0.05638562446442976,0.0499860503891728
F8,PSO,population_persistence,31,19.268929756266324,24.97611790581525,0.059898989898989896,0.3851919191919192,0.09362635599472441,0.016749999930014036
F8,PSO,previous_best_seeded,1,15.34288537929655,27.96162531306704,0.6393404255319148,0.7750425531914894,0.7436060905139177,0.17943089496167025
F8,PSO,previous_best_seeded,2,16.740531200705224,46.328338806954626,0.38342857142857145,0.7024897959183672,0.3950716134234869,0.17080857116617004
F8,PSO,previous_best_seeded,3,18.632683320305972,35.082536741508434,0.5114639175257732,0.7680412371134021,0.614538577642574,0.1762795806537296
F8,PSO,previous_best_seeded,4,14.696754624730607,22.489029889876043,0.669483870967742,0.8282150537634408,0.7354523113977856,0.17255197403236677
F8,PSO,previous_best_seeded,5,16.92804353548472,28.395701178753182,0.5534285714285714,0.8193877551020408,0.6525271934403215,0.15475890198272885
F8,PSO,previous_best_seeded,6,20.781021993024325,39.588586623238925,0.5899795918367347,0.7909387755102041,0.6698347978262207,0.18341196281946176
F8,PSO,previous_best_seeded,7,17.65472277504876,33.25440832109108,0.5908659793814433,0.7762474226804125,0.6798463663860377,0.1772395506601667
F8,PSO,previous_best_seeded,8,18.681202764851403,39.09858026114451,0.46453061224489794,0.7481632653061224,0.49512485200250955,0.17658331953280884
F8,PSO,previous_best_seeded,9,18.539427632554748,32.59897752173409,0.5504086021505377,0.7367956989247313,0.6347679140935901,0.1769534817898519
F8,PSO,previous_best_seeded,10,19.52888287254795,32.936383022751734,0.5910212765957447,0.7774680851063829,0.6738945108261429,0.17774597981446133
F8,PSO,previous_best_seeded,11,14.210886465423844,28.532336066069426,0.5539999999999999,0.7751041666666666,0.6198959988928658,0.1715166549782523
F8,PSO,previous_best_seeded,12,17.057160686577383,34.80582784523815,0.4856774193548387,0.7481290322580645,0.5384951048664699,0.17610080024808733
F8,PSO,previous_best_seeded,13,14.019510141824219,28.141625324397037,0.5429183673469388,0.7903265306122449,0.6404138075514639,0.17492150583483435
F8,PSO,previous_best_seeded,14,16.51882188815058,27.40289524464032,0.6226153846153847,0.7743956043956044,0.7354534399992017,0.1774516990091805
F8,PSO,previous_best_seeded,15,14.145460083831168,31.005626717344185,0.5564329896907216,0.7612164948453608,0.6370334897879947,0.16898584552122897
F8,PSO,previous_best_seeded,16,18.363545094204927,29.53130207382355,0.667625,0.8221458333333334,0.7849656654623852,0.17981982756414852
F8,PSO,previous_best_seeded,17,20.114181364955506,37.33555831972733,0.37044444444444447,0.7034747474747475,0.3979958153865025,0.16373320217144643
F8,PSO,previous_best_seeded,18,19.455400777297605,36.87916401021846,0.5428817204301075,0.7630752688172042,0.629761737347344,0.18599767609114037
F8,PSO,previous_best_seeded,19,14.64018443679517,26.454285100986798,0.6393404255319148,0.839,0.7249533172833885,0.17647207394927525
F8,PSO,previous_best_seeded,20,18.293768299736886,31.340886315479345,0.5432043010752688,0.7459139784946237,0.5568346827976975,0.17361466441351106
F8,PSO,previous_best_seeded,21,15.560498411451496,25.53654117216746,0.6513265306122449,0.8303469387755101,0.7369416771558,0.17467814886218463
F8,PSO,previous_best_seeded,22,14.530884172977236,25.95518094064564,0.6549894736842105,0.7990736842105264,0.746379380955645,0.17926548481754098
F8,PSO,previous_best_seeded,23,18.4960284395417,50.86154415822725,0.36157575757575755,0.7195959595959596,0.35579195377659134,0.19300194458623082
F8,PSO,previous_best_seeded,24,16.826830504728566,25.10226722896867,0.670258064516129,0.8331182795698925,0.791479179011772,0.16373427774270258
F8,PSO,previous_best_seeded,25,15.63379888349755,34.50634766190965,0.44317525773195876,0.7111958762886599,0.49488814473455667,0.17799325052720502
F8,PSO,previous_best_seeded,26,17.171103498812478,26.096656255329766,0.5947216494845361,0.788742268041237,0.6389575623320731,0.1719824442267972
F8,PSO,previous_best_seeded,27,19.937333529106986,33.30185927771736,0.5153131313131313,0.7875757575757576,0.5936460434627887,0.16733356957130846
F8,PSO,previous_best_seeded,28,20.993786520174673,40.30130148109872,0.4594489795918368,0.7487959183673469,0.4678655315392525,0.17363876388953842
F8,PSO,previous_best_seeded,29,16.380160200354112,34.1138428990855,0.5446292134831461,0.7592359550561798,0.5844260862651255,0.19333978176588773
F8,PSO,previous_best_seeded,30,13.691393719839494,31.524349717445592,0.5412127659574468,0.7467659574468085,0.5715873012937392,0.1834847127013251
F8,PSO,previous_best_seeded,31,17.689007616840495,32.40951619209547,0.5141443298969072,0.747958762886598,0.5856301059730671,0.17993362044754893
F8,SGO,cold_restart,1,30.666912661070224,129.62996001358837,0.049939393939393936,0.32886868686868687,0.058474825072217566,0.20180613882712972
F8,SGO,cold_restart,2,31.708575642964632,149.68040091610624,0.020828282828282828,0.31961616161616163,0.05265702461507451,0.19308102366639343
F8,SGO,cold_restart,3,27.812295256752677,120.03645110206344,0.047656565656565654,0.3447070707070707,0.059924764274963266,0.19219929882092873
F8,SGO,cold_restart,4,30.628962272788907,126.91542238091503,0.04886868686868687,0.3257777777777778,0.07325295584389956,0.20718120674730878
F8,SGO,cold_restart,5,31.822495472057984,143.40691183987732,0.03187878787878788,0.3403030303030303,0.07142912764297882,0.19971699112395977
F8,SGO,cold_restart,6,33.1939809770729,122.85963377560851,0.04749494949494949,0.3330909090909091,0.07886719071337987,0.20366439718457072
F8,SGO,cold_restart,7,28.73422365165843,125.89363636795292,0.05448484848484848,0.32735353535353534,0.0811713220081159,0.19466855165876099
F8,SGO,cold_restart,8,30.606084343503486,124.3885873744796,0.06167676767676768,0.32185858585858584,0.06856551322998419,0.19719674746097943
F8,SGO,cold_restart,9,29.78195599443003,130.26666390742437,0.04270707070707071,0.34454545454545454,0.07103580337461335,0.20511670732536702
F8,SGO,cold_restart,10,29.671934692812663,127.14896789906165,0.03591919191919192,0.327030303030303,0.06679191650822185,0.19099146992051658
F8,SGO,cold_restart,11,33.18118206199722,135.39582515169946,0.05171717171717172,0.4025454545454546,0.08595160820437403,0.20541438955892188
F8,SGO,cold_restart,12,29.026593869580367,123.95821829789195,0.046060606060606066,0.3508080808080808,0.07367522125325729,0.192138594543557
F8,SGO,cold_restart,13,32.14092731180002,124.75809022762604,0.055696969696969696,0.35909090909090907,0.06756761744778368,0.2012587447383945
F8,SGO,cold_restart,14,33.11661198044319,136.91178171949568,0.03862626262626263,0.3482626262626263,0.07173013882118184,0.20685732612751426
F8,SGO,cold_restart,15,33.34641091381327,133.03643801386872,0.04773737373737374,0.37622222222222224,0.08407295396448708,0.2177737956591632
F8,SGO,cold_restart,16,30.87065890293351,125.38863904612235,0.053797979797979796,0.3564242424242424,0.0703218585258372,0.20929089598654166
F8,SGO,cold_restart,17,34.18071919426492,139.04704018981778,0.04434343434343434,0.3381010101010101,0.08289985510203944,0.22979599178990648
F8,SGO,cold_restart,18,28.276325451159153,132.7624970449599,0.03848484848484848,0.3551515151515151,0.06533665353545438,0.2006972843605096
F8,SGO,cold_restart,19,28.936354395948943,123.93303736554711,0.04492929292929293,0.3681616161616162,0.08257652780514042,0.19764407206573414
F8,SGO,cold_restart,20,29.969066677492567,127.34261680824733,0.052989898989899,0.3460404040404041,0.0768919818112168,0.19472936902983673
F8,SGO,cold_restart,21,32.98751432416236,131.11511682572015,0.07400000000000001,0.37832323232323234,0.09065259828836661,0.22126246001215996
F8,SGO,cold_restart,22,33.70348832193386,140.69535463709067,0.04290909090909091,0.3576565656565657,0.0624719413738282,0.21898805844069094
F8,SGO,cold_restart,23,25.604768721709252,123.92907355882932,0.047757575757575756,0.37137373737373736,0.06460022168693397,0.17705431992556603
F8,SGO,cold_restart,24,34.95243368796746,143.99546337206726,0.04967676767676768,0.4030707070707071,0.09920852813305588,0.22712738011240013
F8,SGO,cold_restart,25,26.182975125512,122.55311970682253,0.04527272727272728,0.3818181818181818,0.08311542798649679,0.17853768515993138
F8,SGO,cold_restart,26,31.723263491958367,135.32883484677632,0.04074747474747475,0.36189898989898994,0.061317105173094626,0.2133156538540406
F8,SGO,cold_restart,27,31.580640036758627,132.65549951620844,0.05812121212121213,0.4283232323232324,0.09074578551705414,0.20027105602971965
F8,SGO,cold_restart,28,32.12195461976324,140.53380635936236,0.03933333333333333,0.33414141414141413,0.07738879108551526,0.21461131810861353
F8,SGO,cold_restart,29,21.72510173317433,116.45223898667413,0.04214141414141414,0.36604040404040405,0.07213101741020543,0.17376379076563256
F8,SGO,cold_restart,30,28.20178505885237,127.29109329132577,0.042326530612244895,0.32948979591836736,0.07216732381700333,0.20723498367350635
F8,SGO,cold_restart,31,34.27080291921799,133.05404063384088,0.0534949494949495,0.337070707070707,0.07684300829384419,0.21172950249007003
F8,SGO,population_persistence,1,32.790229881217535,79.71541053234387,0.07672164948453608,0.20150515463917526,0.07906625230032799,0.10625523027744667
F8,SGO,population_persistence,2,22.093557739988274,62.738176841791876,0.045257731958762884,0.14729896907216494,0.03982608017178968,0.08007199859906958
F8,SGO,population_persistence,3,29.492835476493024,76.00914711153027,0.05069387755102041,0.15448979591836734,0.05143437394928829,0.1820194753313888
F8,SGO,population_persistence,4,28.17494081893314,73.66480910923171,0.04292929292929293,0.14195959595959595,0.039547115749160755,0.05592928420274673
F8,SGO,population_persistence,5,70.07940224986127,104.52830355221913,0.0824848484848485,0.23446464646464646,0.07270603708394698,0.029961707613631906
F8,SGO,population_persistence,6,44.30319956850258,79.9689422694632,0.07672164948453608,0.21490721649484537,0.06373734298627055,0.09680683123306884
F8,SGO,population_persistence,7,34.00722364080187,69.43554307955613,0.03953061224489796,0.16822448979591836,0.047696798282588986,0.06855369313999174
F8,SGO,population_persistence,8,61.434436724372794,96.87518145767517,0.08822222222222222,0.2583030303030303,0.0672402757909174,0.03667638728106862
F8,SGO,population_persistence,9,53.39599830741316,89.9848232364187,0.06581818181818182,0.20022222222222222,0.048074474129118736,0.039791532744579715
F8,SGO,population_persistence,10,50.062780601972584,85.70844765384304,0.10632323232323232,0.24092929292929294,0.08298818578554147,0.063510423052169
F8,SGO,population_persistence,11,67.83386358987623,111.41083229881184,0.06927272727272726,0.22397979797979797,0.0486795750257565,0.04179411957819353
F8,SGO,population_persistence,12,58.587159914054496,90.30629935282879,0.07628282828282829,0.2354949494949495,0.07241521173408602,0.029143357147761235
F8,SGO,population_persistence,13,37.70478824722619,82.23910643075159,0.06078787878787879,0.21432323232323233,0.061833238176664806,0.09396549022741607
F8,SGO,population_persistence,14,22.629301928440785,76.33676870569624,0.03509090909090909,0.13824242424242425,0.05281384701245929,0.161253683172194
F8,SGO,population_persistence,15,23.097725845072567,73.71782417946703,0.046468085106382985,0.1398936170212766,0.05775317577744104,0.15212671043577083
F8,SGO,population_persistence,16,46.64041526606246,92.8057350234216,0.07226262626262626,0.22268686868686868,0.06752596437839592,0.08362306211389649
F8,SGO,population_persistence,17,24.759067840225423,85.76527393612736,0.046747474747474746,0.10907070707070707,0.05394943272371508,0.22138375620658102
F8,SGO,population_persistence,18,38.44814727673892,79.77681056865062,0.05678787878787879,0.22694949494949496,0.0653104418271213,0.1166655817379816
F8,SGO,population_persistence,19,26.50913125220674,75.22010914553876,0.039551020408163266,0.14281632653061224,0.04660747713937395,0.13993713177262632
F8,SGO,population_persistence,20,52.808841363081044,86.61057909012462,0.060181818181818184,0.264,0.06871269188449577,0.07909388039043994
F8,SGO,population_persistence,21,44.8868253942583,99.16486571722524,0.0561010101010101,0.19975757575757574,0.0749415249602708,0.19661590142246876
F8,SGO,population_persistence,22,32.559615853708664,91.3642134916135,0.022371134020618556,0.1360824742268041,0.03874499093619982,0.11806630875312826
F8,SGO,population_persistence,23,50.97870804914965,75.8328430907941,0.12543434343434343,0.2695757575757576,0.11396775488888115,0.016951686412528467
F8,SGO,population_persistence,24,47.79960611091908,99.50535191751423,0.055030303030303034,0.22901010101010102,0.044789946734577264,0.13337841081640497
F8,SGO,population_persistence,25,33.386804524874314,61.19620388277413,0.04544897959183673,0.1503061224489796,0.026971322185982284,0.03550290213405677
F8,SGO,population_persistence,26,21.869563911489646,72.97808732665354,0.03707070707070707,0.1423838383838384,0.031619694062851395,0.1555400369073514
F8,SGO,population_persistence,27,74.05865763330297,103.11790205319865,0.09861224489795918,0.25075510204081636,0.06983775214498876,0.02649926768138304
F8,SGO,population_persistence,28,51.7535795140578,103.44818580999753,0.08298989898989899,0.23573737373737375,0.09116716477329294,0.11967838792022455
F8,SGO,population_persistence,29,44.05267442951795,67.65356062456172,0.1315959595959596,0.28369696969696967,0.1203283971086069,0.03093695818192211
F8,SGO,population_persistence,30,64.35663991240057,100.93475162240898,0.08535353535353535,0.21973737373737376,0.0514817558074791,0.02593669837038481
F8,SGO,population_persistence,31,48.927830657113596,102.2143897320079,0.05703030303030303,0.2313939393939394,0.06240256119417438,0.06258896909523441
F8,SGO,previous_best_seeded,1,23.704872392239185,39.07939310442349,0.46699999999999997,0.6305365853658537,0.546606324966363,0.20227584600964965
F8,SGO,previous_best_seeded,2,27.08040621799738,48.56788127518087,0.4302580645161291,0.6049247311827958,0.4430053558825265,0.1915032964648649
F8,SGO,previous_best_seeded,3,22.485620483988807,35.86164789778241,0.45519999999999994,0.624925,0.47585328769947777,0.19931021414683178
F8,SGO,previous_best_seeded,4,25.17293053175479,46.266842237588705,0.3998,0.6196888888888888,0.3863376964724609,0.22368182338422196
F8,SGO,previous_best_seeded,5,24.94992255083439,39.49628529698017,0.5229047619047619,0.6485714285714286,0.5079953603869386,0.1870358889048683
F8,SGO,previous_best_seeded,6,29.38631658985448,48.212549300761324,0.407264367816092,0.5998850574712643,0.4068599014674174,0.2084101143528922
F8,SGO,previous_best_seeded,7,24.827596609994075,55.11430664369207,0.3219130434782609,0.5652608695652174,0.34034840234206243,0.198890296017552
F8,SGO,previous_best_seeded,8,28.7713949999919,80.73482744533858,0.17038383838383836,0.4842828282828283,0.22123344517970067,0.19524632379701562
F8,SGO,previous_best_seeded,9,25.47479702283802,44.37030189244513,0.4413095238095238,0.6517380952380952,0.44045288601133736,0.2046750887102732
F8,SGO,previous_best_seeded,10,22.934854206422198,32.86537131013879,0.5169876543209876,0.6048395061728394,0.5163358717325951,0.20804836371759036
F8,SGO,previous_best_seeded,11,32.49080843047166,43.414462340877414,0.4545526315789474,0.569,0.43819214702031456,0.19684886420475492
F8,SGO,previous_best_seeded,12,22.259455279529426,36.24467951321109,0.4261772151898734,0.5678481012658227,0.40161232233360583,0.20314256742409367
F8,SGO,previous_best_seeded,13,28.050908100208257,49.76665060323009,0.4228602150537634,0.6376774193548387,0.4413297498349626,0.1927005649481947
F8,SGO,previous_best_seeded,14,29.291487392511808,70.01032988703324,0.2579347826086957,0.5124130434782609,0.23456015489963813,0.21398240955936307
F8,SGO,previous_best_seeded,15,24.006855912196112,30.843068822094715,0.5108985507246377,0.614,0.5898411277930945,0.21900360695210838
F8,SGO,previous_best_seeded,16,26.757092787743602,38.924586649974486,0.4662465753424658,0.5916712328767123,0.45106985763850405,0.20291680235061327
F8,SGO,previous_best_seeded,17,33.56634380634236,54.875643375139646,0.3912527472527472,0.5714285714285714,0.38752321674147167,0.22143892086760275
F8,SGO,previous_best_seeded,18,23.73532815726238,41.478343447294876,0.37739240506329114,0.6031898734177216,0.33280603605711967,0.1996157284122334
F8,SGO,previous_best_seeded,19,27.669149273549337,50.04516210518622,0.3090263157894737,0.529921052631579,0.27568270844072523,0.198885683917317
F8,SGO,previous_best_seeded,20,26.0888166007541,58.18440153632638,0.31395180722891564,0.5708915662650602,0.31174401224596854,0.1949310640532152
F8,SGO,previous_best_seeded,21,27.12551189509096,43.832847446303994,0.3956756756756757,0.5932702702702702,0.39656382872968127,0.2322249251197039
F8,SGO,previous_best_seeded,22,27.00289938258212,41.42488191061945,0.45129577464788734,0.6037464788732394,0.4735421012673827,0.20918031182139032
F8,SGO,previous_best_seeded,23,24.68946896052037,59.283360502221754,0.24971428571428572,0.5308367346938775,0.22118959557291948,0.1731531778067261
F8,SGO,previous_best_seeded,24,33.455525569963555,66.69265091492689,0.2721025641025641,0.4929230769230769,0.25584690503434504,0.22781774737458774
F8,SGO,previous_best_seeded,25,21.438525092731496,31.413811101101455,0.597725,0.69645,0.6437916597284297,0.16386646366935115
F8,SGO,previous_best_seeded,26,27.776665962551977,47.74058839030346,0.426,0.6172087912087911,0.4670375159765178,0.21848932860007497
F8,SGO,previous_best_seeded,27,26.486285680609512,45.30537838309756,0.414025,0.59875,0.40787218605404557,0.196574810212117
F8,SGO,previous_best_seeded,28,25.145279250132234,40.445196413331075,0.4190985915492958,0.6366760563380282,0.44235110995933213,0.21707179129053697
F8,SGO,previous_best_seeded,29,18.84461156397325,31.706856397330284,0.5439787234042553,0.6936170212765957,0.5684051061646386,0.16635640420519626
F8,SGO,previous_best_seeded,30,24.584696575820377,55.59215413171294,0.2830526315789474,0.5697473684210526,0.2864499101902888,0.20622901741805152
F8,SGO,previous_best_seeded,31,26.072423601356316,37.073480321209466,0.5192249999999999,0.6501750000000001,0.5853158494855101,0.22519560789520715
F8,WOA,cold_restart,1,31.887808649269278,134.60239199033686,0.029151515151515154,0.17177777777777778,0.019507181822382088,0.14988837554893056
F8,WOA,cold_restart,2,30.834298352075137,125.28524845535489,0.03648484848484849,0.2427878787878788,0.021172796346749265,0.1496039131144699
F8,WOA,cold_restart,3,31.059417177315602,122.25087415529136,0.033313131313131315,0.2003030303030303,0.021930863136045285,0.14732576032988526
F8,WOA,cold_restart,4,27.65279315642188,127.3278306976309,0.03525252525252526,0.202,0.020886534127531515,0.14985993100526895
F8,WOA,cold_restart,5,31.332990757575672,145.92174729808198,0.030525252525252528,0.18529292929292931,0.023932076147691484,0.14951885729924158
F8,WOA,cold_restart,6,31.63827753017863,131.32578216883687,0.02781818181818182,0.20963636363636365,0.02404033976536074,0.14942218948441646
F8,WOA,cold_restart,7,28.240208143917616,131.60250495611274,0.03557575757575758,0.20713131313131314,0.020232491289259007,0.14981207157844076
F8,WOA,cold_restart,8,28.307121496342308,118.86142747638893,0.04793939393939394,0.21856565656565657,0.021009616441486762,0.1519339141852658
F8,WOA,cold_restart,9,32.07202673582981,122.56536351997352,0.03686868686868687,0.1894141414141414,0.025012490199037406,0.14786418815326793
F8,WOA,cold_restart,10,29.937221446081576,122.80741346770955,0.03127272727272727,0.19569696969696967,0.01777033944927799,0.1467218086540872
F8,WOA,cold_restart,11,30.21656274678369,133.33070401988394,0.03414141414141414,0.1987878787878788,0.018913177518952533,0.14970563339830856
F8,WOA,cold_restart,12,32.66787227982889,126.61222144668176,0.03381818181818182,0.18159595959595962,0.017030235201403253,0.14575125929735508
F8,WOA,cold_restart,13,30.224629074997654,126.28549248187169,0.03787878787878788,0.21355555555555555,0.03314561545606272,0.14854388611468342
F8,WOA,cold_restart,14,34.68390155191575,127.40454742413142,0.034666666666666665,0.20492929292929293,0.018861193093859936,0.14756613662399176
F8,WOA,cold_restart,15,36.172737836094704,132.64711145093563,0.031313131313131314,0.1857171717171717,0.022269295768034773,0.14740985708473012
F8,WOA,cold_restart,16,32.52644592731308,126.7202462201945,0.03575757575757576,0.2195151515151515,0.03033301655421308,0.14813480967533943
F8,WOA,cold_restart,17,32.6931469079856,135.52242259034867,0.03294949494949495,0.22056565656565655,0.026763603292364904,0.1513403664227528
F8,WOA,cold_restart,18,32.32303049998815,125.81965882764425,0.041494949494949494,0.22484848484848485,0.03243205847980139,0.14912749857903593
F8,WOA,cold_restart,19,31.058100188708266,127.13737574708173,0.03434343434343434,0.1947878787878788,0.024039286372071176,0.1474505549539549
F8,WOA,cold_restart,20,31.017969321720102,124.92173078412539,0.04167676767676768,0.20896969696969694,0.024899467107074896,0.1474687299847551
F8,WOA,cold_restart,21,37.26879668984241,137.0561101582182,0.0343030303030303,0.1988080808080808,0.025009201308206382,0.15233543843400985
F8,WOA,cold_restart,22,32.1785943002892,144.4022723062497,0.04181818181818182,0.21963636363636363,0.034435126021950334,0.15253683006889895
F8,WOA,cold_restart,23,28.270344147577006,127.87058377682324,0.02836363636363636,0.1976161616161616,0.023946348154298497,0.14789439594901518
F8,WOA,cold_restart,24,32.77175893534814,138.61075272311876,0.02909090909090909,0.19771717171717174,0.018779823355725853,0.15060588137111836
F8,WOA,cold_restart,25,27.627918617875945,121.70925770577583,0.04183838383838384,0.23377777777777775,0.02756171404628588,0.14608321656673573
F8,WOA,cold_restart,26,30.423048430199177,133.4034547178435,0.03907070707070707,0.220989898989899,0.030112943683373864,0.14953047064007258
F8,WOA,cold_restart,27,34.02479446252647,127.5023986148751,0.034323232323232325,0.18761616161616163,0.019493476978936466,0.1486653687067669
F8,WOA,cold_restart,28,29.814297863749825,128.69611306504055,0.03317171717171717,0.19353535353535353,0.016386140619118205,0.15156945690959372
F8,WOA,cold_restart,29,25.396590996144685,111.71198519423444,0.047030303030303026,0.2367878787878788,0.02837730123890525,0.14820521537376646
F8,WOA,cold_restart,30,26.774701359249526,120.64299573383249,0.0341010101010101,0.2254141414141414,0.026114493597493158,0.14941338329535195
F8,WOA,cold_restart,31,31.48107983749353,128.78208068304883,0.028282828282828285,0.19195959595959597,0.021293796813355758,0.15024566640000456
F8,WOA,population_persistence,1,36.84252723837093,80.61852020307226,0.08466666666666667,0.2606464646464647,0.044388066015303,0.04569818108055151
F8,WOA,population_persistence,2,54.2519073087215,100.85313310108515,0.09135353535353535,0.2207070707070707,0.021030341376346604,0.03302441397433309
F8,WOA,population_persistence,3,45.43507435861634,88.04727789989815,0.08509090909090909,0.1917777777777778,0.016268454351718267,0.03471187144085548
F8,WOA,population_persistence,4,21.907148672213854,35.478592739416044,0.0743030303030303,0.2727878787878788,0.0622813622353389,0.03129506690424106
F8,WOA,population_persistence,5,26.00469999627462,56.992476044402125,0.07793939393939395,0.2732727272727273,0.05914598798361527,0.05381450829899493
F8,WOA,population_persistence,6,49.173438313085306,102.58011674644581,0.06656565656565656,0.18743434343434345,0.014970568335513324,0.05141614270986371
F8,WOA,population_persistence,7,40.78240036682266,91.17384678595974,0.0878989898989899,0.22880808080808082,0.023984719158822384,0.058177695069624134
F8,WOA,population_persistence,8,35.50759359796141,72.19658558635471,0.06957575757575757,0.26086868686868686,0.04250193091900124,0.04834897588177729
F8,WOA,population_persistence,9,48.007330531831386,87.43116426004742,0.07947474747474748,0.1856767676767677,0.029546031542258207,0.025510751358856772
F8,WOA,population_persistence,10,32.810825543301405,70.88107274306478,0.07656565656565657,0.21529292929292929,0.03142909744615677,0.03740424304026879
F8,WOA,population_persistence,11,40.34499789859807,87.72345459053271,0.09159595959595959,0.23773737373737375,0.02966888574636376,0.0629476202666445
F8,WOA,population_persistence,12,42.21619903616822,89.51253123565577,0.10010101010101011,0.23737373737373738,0.034230500213001246,0.04468803340134184
F8,WOA,population_persistence,13,58.959163239185166,105.85701337767901,0.09022222222222223,0.208,0.012113754237301466,0.03481619238563872
F8,WOA,population_persistence,14,28.606236257701642,52.996644209350684,0.07694949494949495,0.25551515151515153,0.04698752157805811,0.061018705644320194
F8,WOA,population_persistence,15,40.462564409690295,94.95528409711017,0.07301010101010101,0.2373131313131313,0.034084287672983896,0.049973523295458844
F8,WOA,population_persistence,16,22.121487397125303,37.242422188508854,0.07428282828282828,0.2802828282828283,0.05897811268635328,0.04427115271892897
F8,WOA,population_persistence,17,63.35627612865385,122.68354249841623,0.08543434343434343,0.17963636363636362,0.029505573202948963,0.04869895427772083
F8,WOA,population_persistence,18,27.007753940625793,51.92020068078473,0.08630303030303031,0.3373333333333333,0.08957322196183089,0.0825749595653147
F8,WOA,population_persistence,19,32.76699658218967,68.31415462189378,0.0923030303030303,0.2482020202020202,0.05275402128501909,0.04940838118118886
F8,WOA,population_persistence,20,53.91644875762759,98.82160110228851,0.08662626262626263,0.21034343434343436,0.013953008878125138,0.03261114947641085
F8,WOA,population_persistence,21,70.61512605130083,127.73714208908193,0.09004040404040403,0.19705050505050503,0.02131128967690912,0.044511893374117935
F8,WOA,population_persistence,22,53.96790919261149,107.25243981653135,0.06884848484848485,0.168989898989899,0.008668541693576034,0.07004636420052238
F8,WOA,population_persistence,23,33.613998641251136,66.31635190322422,0.08088888888888889,0.20008080808080808,0.023415025383577575,0.03696474052420036
F8,WOA,population_persistence,24,40.35261282411396,72.0482045575233,0.07771717171717171,0.22751515151515153,0.04923252183091325,0.08018930729509342
F8,WOA,population_persistence,25,21.113795984252977,40.872167244233616,0.03492929292929293,0.14406060606060606,0.017758939267562945,0.047856906022490375
F8,WOA,population_persistence,26,50.278910176961226,102.92871065708027,0.08783838383838384,0.21147474747474748,0.024196291548499692,0.06255639438622428
F8,WOA,population_persistence,27,52.64940877834162,94.63147750855818,0.10515151515151515,0.2417979797979798,0.032852058107081326,0.044973864900880664
F8,WOA,population_persistence,28,27.398925855728454,66.23498426403475,0.07393939393939394,0.2201212121212121,0.03988213913620594,0.06993617938339118
F8,WOA,population_persistence,29,26.593418673934025,51.3720162298,0.06957575757575757,0.20492929292929293,0.024226081829911077,0.04625552738839171
F8,WOA,population_persistence,30,31.07760801622713,73.39639984363608,0.07662626262626263,0.2204040404040404,0.027475392464336446,0.05133898205693273
F8,WOA,population_persistence,31,41.655445750955955,94.91357917216743,0.07608080808080808,0.22674747474747475,0.02891105818268377,0.059705297709286335
F8,WOA,previous_best_seeded,1,16.99650106269706,37.984202023001274,0.12561616161616163,0.3586666666666667,0.06142012643738376,0.14808431396057314
F8,WOA,previous_best_seeded,2,22.5018957698058,49.33441632007989,0.13727272727272727,0.3777171717171717,0.06161186477576761,0.14297300088257914
F8,WOA,previous_best_seeded,3,22.56400316580526,49.45989978575629,0.15036363636363637,0.39038383838383844,0.08902037310764806,0.14828202635986526
F8,WOA,previous_best_seeded,4,20.79296654664592,44.28319903618353,0.14937373737373738,0.3854141414141414,0.07647886594114618,0.1513629057145484
F8,WOA,previous_best_seeded,5,19.507844627669435,35.05277503529785,0.1878989898989899,0.40440404040404043,0.1103139064576196,0.15531667212683695
F8,WOA,previous_best_seeded,6,23.51722030727654,41.212376541204755,0.2025858585858586,0.4462020202020202,0.09957897817419026,0.15225587229670196
F8,WOA,previous_best_seeded,7,18.880049703449796,53.23407805696122,0.12074747474747476,0.33822222222222226,0.051994648224572636,0.14656433998208274
F8,WOA,previous_best_seeded,8,27.39158549356538,71.06916371262881,0.1003030303030303,0.315010101010101,0.05369433822413521,0.1513950939834889
F8,WOA,previous_best_seeded,9,21.141751510020125,53.54483671913263,0.15353535353535352,0.37262626262626264,0.07227660485461611,0.14875726294585428
F8,WOA,previous_best_seeded,10,23.781542944636715,40.93622655628383,0.18406060606060606,0.4189090909090909,0.11737542320308406,0.1482312781759012
F8,WOA,previous_best_seeded,11,18.008643211369744,32.27231081583376,0.1892929292929293,0.39282828282828286,0.10142033379113215,0.14594058394940132
F8,WOA,previous_best_seeded,12,23.332068276477703,50.89653511801813,0.14230303030303032,0.35260606060606065,0.06412686893518767,0.15567031719894667
F8,WOA,previous_best_seeded,13,21.412678974242002,35.15040260482356,0.16987878787878788,0.38973737373737377,0.08494245207555182,0.141238463797799
F8,WOA,previous_best_seeded,14,19.778040542949576,41.25546274514195,0.16333333333333336,0.39701010101010104,0.09648627740935661,0.15203058932162844
F8,WOA,previous_best_seeded,15,32.862835812150934,96.69007968965062,0.06480808080808081,0.266,0.042201822951811234,0.1498427895765117
F8,WOA,previous_best_seeded,16,28.646580136358537,49.78360061966995,0.16852525252525252,0.4093131313131313,0.09727621459801106,0.14247366251469828
F8,WOA,previous_best_seeded,17,15.508780549854606,30.339183331866433,0.19523232323232323,0.4592323232323232,0.11462172836323621,0.15274546353862106
F8,WOA,previous_best_seeded,18,29.19717168202992,61.08361545732459,0.12911111111111112,0.35565656565656567,0.059939401497419484,0.14451827330937386
F8,WOA,previous_best_seeded,19,22.18000348687669,41.22815724291041,0.1830909090909091,0.40844444444444444,0.11036945311112936,0.15152072825572868
F8,WOA,previous_best_seeded,20,31.231372967457713,70.10717451756615,0.11357575757575758,0.3155959595959596,0.062267646353172314,0.14922186637190582
F8,WOA,previous_best_seeded,21,25.436425593453016,57.035545695738115,0.14804040404040406,0.37925252525252523,0.09751312260961274,0.15342235817159214
F8,WOA,previous_best_seeded,22,22.474840802551192,39.806591824731335,0.1784040404040404,0.4185252525252525,0.11182151341531514,0.14463943510924152
F8,WOA,previous_best_seeded,23,22.09989684699756,45.77369161087126,0.17197979797979798,0.40379797979797977,0.09676083319413299,0.15098871524025873
F8,WOA,previous_best_seeded,24,31.435089720797595,86.64984580865008,0.07945454545454544,0.25024242424242427,0.0247053975330908,0.1540484354294668
F8,WOA,previous_best_seeded,25,20.331388292343078,32.51715090732369,0.17284848484848483,0.3371313131313131,0.054138844493785476,0.13839312448181962
F8,WOA,previous_best_seeded,26,12.989221632589613,28.09450439217324,0.19121212121212122,0.47913131313131313,0.13778331410753153,0.15851904220353466
F8,WOA,previous_best_seeded,27,19.8991572523305,31.137494813641112,0.20694949494949494,0.4837979797979798,0.14276870232367125,0.15223277845661326
F8,WOA,previous_best_seeded,28,18.334319978559197,39.11473782781049,0.14628282828282826,0.40484848484848485,0.07986939420016538,0.1516587581688953
F8,WOA,previous_best_seeded,29,19.67569756780233,35.107751742741826,0.19234343434343437,0.412989898989899,0.1036629968572518,0.145572921884416
F8,WOA,previous_best_seeded,30,20.744897215211605,41.38853971477582,0.17636363636363636,0.4367474747474747,0.1113348468520591,0.1507032349884031
F8,WOA,previous_best_seeded,31,26.84539870197805,71.05462056542794,0.10288888888888889,0.317010101010101,0.051399576101618036,0.15040205851478783
