part,mode,system,alg,trial,step,P,Nc,Q_scale,J_star,J_alg,signed_gap,abs_gap,norm_gap,below_ref,control_error,time_ms,nfe,iters,mean_metric_rmse,nrmse,Nsim
single_step,tuned,pendcart,SGO,0,37.0,20.0,1.0,1.0,-0.0017659723998110573,-0.0017659723973993402,2.411717093392385e-12,2.411717093392385e-12,2.411717093392385e-12,False,4.354572696985137e-06,35.08591800346039,884.0,41.0,,,
single_step,tuned,pendcart,SGO,1,37.0,20.0,1.0,1.0,-0.0017659723998110573,-0.0017659652062723117,7.193538745578487e-09,7.193538745578487e-09,7.193538745578487e-09,False,0.00023802074860360123,27.679029008140787,698.0,34.0,,,
single_step,tuned,pendcart,SGO,2,37.0,20.0,1.0,1.0,-0.0017659723998110573,-0.0017658107541883676,1.61645622689683e-07,1.61645622689683e-07,1.61645622689683e-07,False,0.0011283235551897697,47.63190099038184,1198.0,58.0,,,
single_step,tuned,pendcart,SGO,3,37.0,20.0,1.0,1.0,-0.0017659723998110573,-0.001765921934657434,5.046515362322132e-08,5.046515362322132e-08,5.046515362322132e-08,False,0.0006304470290164899,20.988139003748074,524.0,26.0,,,
single_step,tuned,pendcart,SGO,4,37.0,20.0,1.0,1.0,-0.0017659723998110573,-0.0017659722651104087,1.3470064863865816e-10,1.3470064863865816e-10,1.3470064863865816e-10,False,3.2574992862785535e-05,41.657384994323365,1050.0,51.0,,,
single_step,tuned,pendcart,SGO,5,37.0,20.0,1.0,1.0,-0.0017659723998110573,-0.0017659722798603534,1.1995070388348683e-10,1.1995070388348683e-10,1.1995070388348683e-10,False,3.0739997285769705e-05,49.834982011816464,1272.0,60.0,,,
single_step,tuned,pendcart,SGO,6,37.0,20.0,1.0,1.0,-0.0017659723998110573,-0.0017659717657886626,6.340223946982998e-10,6.340223946982998e-10,6.340223946982998e-10,False,7.066101452686546e-05,28.538422004203312,722.0,34.0,,,
single_step,tuned,pendcart,SGO,7,37.0,20.0,1.0,1.0,-0.0017659723998110573,-0.0017659707312223066,1.6685887506764918e-09,1.6685887506764918e-09,1.6685887506764918e-09,False,0.0001146333352823603,27.856690998305567,700.0,35.0,,,
single_step,tuned,pendcart,SGO,8,37.0,20.0,1.0,1.0,-0.0017659723998110573,-0.0017659611319766695,1.1267834387762576e-08,1.1267834387762576e-08,1.1267834387762576e-08,False,0.00029790368078662366,38.17232399887871,936.0,46.0,,,
single_step,tuned,pendcart,SGO,9,37.0,20.0,1.0,1.0,-0.0017659723998110573,-0.0017659570570871328,1.534272392445489e-08,1.534272392445489e-08,1.534272392445489e-08,False,0.0003476210820473197,25.33577400026843,618.0,31.0,,,
single_step,tuned,pendcart,SGO,10,37.0,20.0,1.0,1.0,-0.0017659723998110573,-0.0017659684532626027,3.946548454572887e-09,3.946548454572887e-09,3.946548454572887e-09,False,0.00017629901449081609,26.376754001830705,670.0,32.0,,,
single_step,tuned,pendcart,SGO,11,37.0,20.0,1.0,1.0,-0.0017659723998110573,-0.0017659721207458757,2.790651815534617e-10,2.790651815534617e-10,2.790651815534617e-10,False,4.68853634099653e-05,44.44101799163036,1090.0,53.0,,,
single_step,tuned,pendcart,SGO,12,37.0,20.0,1.0,1.0,-0.0017659723998110573,-0.001765915419983834,5.697982722327813e-08,5.697982722327813e-08,5.697982722327813e-08,False,0.000669897612446152,22.340704992529936,554.0,28.0,,,
single_step,tuned,pendcart,SGO,13,37.0,20.0,1.0,1.0,-0.0017659723998110573,-0.0017659534915688722,1.8908242185085994e-08,1.8908242185085994e-08,1.8908242185085994e-08,False,0.0003859046328775484,13.99980200221762,352.0,18.0,,,
single_step,tuned,pendcart,SGO,14,37.0,20.0,1.0,1.0,-0.0017659723998110573,-0.0017659107590401399,6.164077091743055e-08,6.164077091743055e-08,6.164077091743055e-08,False,0.0006967580403442059,36.64540100726299,916.0,44.0,,,
single_step,tuned,pendcart,SGO,15,37.0,20.0,1.0,1.0,-0.0017659723998110573,-0.0017659553331651895,1.7066645867803293e-08,1.7066645867803293e-08,1.7066645867803293e-08,False,0.0003666306098175087,24.832381008309312,610.0,30.0,,,
single_step,tuned,pendcart,SGO,16,37.0,20.0,1.0,1.0,-0.0017659723998110573,-0.0017659722479055505,1.5190550683649717e-10,1.5190550683649717e-10,1.5190550683649717e-10,False,3.4592613375683534e-05,38.12885099614505,944.0,46.0,,,
single_step,tuned,pendcart,SGO,17,37.0,20.0,1.0,1.0,-0.0017659723998110573,-0.0017659723700681053,2.9742952024902625e-11,2.9742952024902625e-11,2.9742952024902625e-11,False,1.5301624264663083e-05,33.700050989864394,846.0,41.0,,,
single_step,tuned,pendcart,SGO,18,37.0,20.0,1.0,1.0,-0.0017659723998110573,-0.0017659632499052239,9.14990583343947e-09,9.14990583343947e-09,9.14990583343947e-09,False,0.0002684507022691629,22.797547993832268,570.0,27.0,,,
single_step,tuned,pendcart,SGO,19,37.0,20.0,1.0,1.0,-0.0017659723998110573,-0.0017658543893947511,1.1801041630617876e-07,1.1801041630617876e-07,1.1801041630617876e-07,False,0.0009640704413306361,21.02038099837955,534.0,26.0,,,
single_step,tuned,pendcart,SGO,20,37.0,20.0,1.0,1.0,-0.0017659723998110573,-0.0017656548234549325,3.17576356124831e-07,3.17576356124831e-07,3.17576356124831e-07,False,0.001581515039490916,12.511929002357647,322.0,15.0,,,
single_step,tuned,pendcart,SGO,21,37.0,20.0,1.0,1.0,-0.0017659723998110573,-0.0017658639067157666,1.0849309529069318e-07,1.0849309529069318e-07,1.0849309529069318e-07,False,0.0009243779444390865,26.544247011770494,672.0,32.0,,,
single_step,tuned,pendcart,SGO,22,37.0,20.0,1.0,1.0,-0.0017659723998110573,-0.0017659723660292807,3.3781776638194816e-11,3.3781776638194816e-11,3.3781776638194816e-11,False,1.6315102239233825e-05,17.03866699244827,432.0,20.0,,,
single_step,tuned,pendcart,SGO,23,37.0,20.0,1.0,1.0,-0.0017659723998110573,-0.0017659682569976245,4.1428134328006655e-09,4.1428134328006655e-09,4.1428134328006655e-09,False,0.00018062966266432778,19.22134899359662,486.0,23.0,,,
single_step,tuned,pendcart,SGO,24,37.0,20.0,1.0,1.0,-0.0017659723998110573,-0.0017659715593363087,8.404747486086966e-10,8.404747486086966e-10,8.404747486086966e-10,False,8.13640019256684e-05,26.012406990048476,662.0,33.0,,,
single_step,tuned,pendcart,SGO,25,37.0,20.0,1.0,1.0,-0.0017659723998110573,-0.0017659723996903793,1.2067799017023706e-13,1.2067799017023706e-13,1.2067799017023706e-13,False,9.786082912910388e-07,17.383107988280244,440.0,21.0,,,
single_step,tuned,pendcart,SGO,26,37.0,20.0,1.0,1.0,-0.0017659723998110573,-0.0017659700487971948,2.3510138625389837e-09,2.3510138625389837e-09,2.3510138625389837e-09,False,0.000136078538846382,45.94011000881437,1156.0,56.0,,,
single_step,tuned,pendcart,SGO,27,37.0,20.0,1.0,1.0,-0.0017659723998110573,-0.001765966328288166,6.0715228912197605e-09,6.0715228912197605e-09,6.0715228912197605e-09,False,0.00021867127920896512,30.888813998899423,776.0,39.0,,,
single_step,tuned,pendcart,SGO,28,37.0,20.0,1.0,1.0,-0.0017659723998110573,-0.001765971743738839,6.56072218253867e-10,6.56072218253867e-10,6.56072218253867e-10,False,7.187928985960546e-05,23.579843997140415,608.0,29.0,,,
single_step,tuned,pendcart,SGO,29,37.0,20.0,1.0,1.0,-0.0017659723998110573,-0.0017659703580286334,2.041782423906416e-09,2.041782423906416e-09,2.041782423906416e-09,False,0.00012680674243090162,32.71170599327888,844.0,40.0,,,
single_step,tuned,pendcart,SGO,30,37.0,20.0,1.0,1.0,-0.0017659723998110573,-0.0017659663937739916,6.006037065690167e-09,6.006037065690167e-09,6.006037065690167e-09,False,0.00021749618094424328,33.12219399958849,842.0,42.0,,,
single_step,tuned,pendcart,SGO,31,37.0,20.0,1.0,1.0,-0.0017659723998110573,-0.0017659682664571256,4.133353931692896e-09,4.133353931692896e-09,4.133353931692896e-09,False,0.00018043070384897442,29.720838996581733,772.0,36.0,,,
single_step,tuned,pendcart,SGO,32,37.0,20.0,1.0,1.0,-0.0017659723998110573,-0.0017659660723035227,6.327507534641466e-09,6.327507534641466e-09,6.327507534641466e-09,False,0.00022324090643738304,21.616290003294125,566.0,27.0,,,
single_step,tuned,pendcart,SGO,33,37.0,20.0,1.0,1.0,-0.0017659723998110573,-0.0017658149181809628,1.574816300945088e-07,1.574816300945088e-07,1.574816300945088e-07,False,0.00111369597437036,24.40748100343626,624.0,31.0,,,
single_step,tuned,pendcart,SGO,34,37.0,20.0,1.0,1.0,-0.0017659723998110573,-0.0017659418100426966,3.058976836070593e-08,3.058976836070593e-08,3.058976836070593e-08,False,0.0004908345066941544,25.893750993418507,670.0,31.0,,,
single_step,tuned,pendcart,SGO,35,37.0,20.0,1.0,1.0,-0.0017659723998110573,-0.0017659254933536477,4.690645740964075e-08,4.690645740964075e-08,4.690645740964075e-08,False,0.0006078119221841483,27.425748005043715,700.0,33.0,,,
single_step,tuned,pendcart,SGO,36,37.0,20.0,1.0,1.0,-0.0017659723998110573,-0.0017659626777500872,9.722060970076413e-09,9.722060970076413e-09,9.722060970076413e-09,False,0.00027670922321035296,27.674406999722123,708.0,33.0,,,
single_step,tuned,pendcart,SGO,37,37.0,20.0,1.0,1.0,-0.0017659723998110573,-0.0017659105521083325,6.184770272484041e-08,6.184770272484041e-08,6.184770272484041e-08,False,0.0006979339799454143,24.545753010897897,638.0,30.0,,,
single_step,tuned,pendcart,SGO,38,37.0,20.0,1.0,1.0,-0.0017659723998110573,-0.0017659702071417837,2.1926692735790843e-09,2.1926692735790843e-09,2.1926692735790843e-09,False,0.00013141623653471768,37.45821698976215,950.0,44.0,,,
single_step,tuned,pendcart,SGO,39,37.0,20.0,1.0,1.0,-0.0017659723998110573,-0.0017659717471911567,6.526199006120365e-10,6.526199006120365e-10,6.526199006120365e-10,False,7.168991268660663e-05,42.1367599919904,1046.0,52.0,,,
single_step,tuned,pendcart,SGO,40,37.0,20.0,1.0,1.0,-0.0017659723998110573,-0.0017659659973053626,6.402505694667535e-09,6.402505694667535e-09,6.402505694667535e-09,False,0.00022455260928434806,52.36873099056538,1238.0,60.0,,,
single_step,tuned,pendcart,SGO,41,37.0,20.0,1.0,1.0,-0.0017659723998110573,-0.001765971334888387,1.064922670228688e-09,1.064922670228688e-09,1.064922670228688e-09,False,9.157813356597266e-05,35.690689997863956,862.0,42.0,,,
single_step,tuned,pendcart,SGO,42,37.0,20.0,1.0,1.0,-0.0017659723998110573,-0.001765971149067971,1.2507430863575864e-09,1.2507430863575864e-09,1.2507430863575864e-09,False,9.924717645580505e-05,40.08285899180919,984.0,48.0,,,
single_step,tuned,pendcart,SGO,43,37.0,20.0,1.0,1.0,-0.0017659723998110573,-0.00176591450680492,5.789300613727455e-08,5.789300613727455e-08,5.789300613727455e-08,False,0.0006752443134770136,40.45426700031385,982.0,48.0,,,
single_step,tuned,pendcart,SGO,44,37.0,20.0,1.0,1.0,-0.0017659723998110573,-0.001765972277693145,1.221179123534616e-10,1.221179123534616e-10,1.221179123534616e-10,False,3.100903451863646e-05,30.36376100499183,748.0,38.0,,,
single_step,tuned,pendcart,SGO,45,37.0,20.0,1.0,1.0,-0.0017659723998110573,-0.0017659723687907987,3.1020258627403874e-11,3.1020258627403874e-11,3.1020258627403874e-11,False,1.5626811917371364e-05,24.653732994920574,616.0,28.0,,,
single_step,tuned,pendcart,SGO,46,37.0,20.0,1.0,1.0,-0.0017659723998110573,-0.001765935179136829,3.722067422828011e-08,3.722067422828011e-08,3.722067422828011e-08,False,0.0005414337685204218,49.29192698909901,1242.0,58.0,,,
single_step,tuned,pendcart,SGO,47,37.0,20.0,1.0,1.0,-0.0017659723998110573,-0.00176596887583538,3.523975677238722e-09,3.523975677238722e-09,3.523975677238722e-09,False,0.00016660051314613955,31.24581200245302,786.0,37.0,,,
single_step,tuned,pendcart,SGO,48,37.0,20.0,1.0,1.0,-0.0017659723998110573,-0.0017658625704632237,1.0982934783355415e-07,1.0982934783355415e-07,1.0982934783355415e-07,False,0.0009300530853398742,31.331979000242427,794.0,37.0,,,
single_step,tuned,pendcart,SGO,49,37.0,20.0,1.0,1.0,-0.0017659723998110573,-0.001765969769445975,2.6303650822127184e-09,2.6303650822127184e-09,2.6303650822127184e-09,False,0.00014392861124648548,35.02513300918508,898.0,42.0,,,
single_step,tuned,pendcart,GWO,0,37.0,20.0,1.0,1.0,-0.0017659723998110573,-0.0017659723880860839,1.1724973422722051e-11,1.1724973422722051e-11,1.1724973422722051e-11,False,9.613312062506374e-06,19.450762003543787,580.0,28.0,,,
single_step,tuned,pendcart,GWO,1,37.0,20.0,1.0,1.0,-0.0017659723998110573,-0.0017659723064084867,9.340257061708768e-11,9.340257061708768e-11,9.340257061708768e-11,False,2.7126189386869615e-05,33.91705299145542,1000.0,49.0,,,
single_step,tuned,pendcart,GWO,2,37.0,20.0,1.0,1.0,-0.0017659723998110573,-0.0017659723973403017,2.470755587971607e-12,2.470755587971607e-12,2.470755587971607e-12,False,4.414978896305488e-06,19.46778199635446,580.0,28.0,,,
single_step,tuned,pendcart,GWO,3,37.0,20.0,1.0,1.0,-0.0017659723998110573,-0.0017659723966667459,3.1443114171386677e-12,3.1443114171386677e-12,3.1443114171386677e-12,False,4.980067345811134e-06,32.86430500156712,980.0,48.0,,,
single_step,tuned,pendcart,GWO,4,37.0,20.0,1.0,1.0,-0.0017659723998110573,-0.0017659699537601037,2.446050953583065e-09,2.446050953583065e-09,2.446050953583065e-09,False,0.00013879424451633537,16.704656998626888,500.0,24.0,,,
single_step,tuned,pendcart,GWO,5,37.0,20.0,1.0,1.0,-0.0017659723998110573,-0.0017659718404931858,5.593178715318503e-10,5.593178715318503e-10,5.593178715318503e-10,False,6.637488248273371e-05,20.755082005052827,620.0,30.0,,,
single_step,tuned,pendcart,GWO,6,37.0,20.0,1.0,1.0,-0.0017659723998110573,-0.0017659723997623478,4.8709517322387264e-14,4.8709517322387264e-14,4.8709517322387264e-14,False,6.230810252472185e-07,31.525819009402767,940.0,46.0,,,
single_step,tuned,pendcart,GWO,7,37.0,20.0,1.0,1.0,-0.0017659723998110573,-0.0017659723568282533,4.298280394804399e-11,4.298280394804399e-11,4.298280394804399e-11,False,1.839545295503897e-05,14.191017995472066,420.0,20.0,,,
single_step,tuned,pendcart,GWO,8,37.0,20.0,1.0,1.0,-0.0017659723998110573,-0.001765972395008237,4.802820250879303e-12,4.802820250879303e-12,4.802820250879303e-12,False,6.1466393490305915e-06,23.42440700158477,700.0,34.0,,,
single_step,tuned,pendcart,GWO,9,37.0,20.0,1.0,1.0,-0.0017659723998110573,-0.001765972156349929,2.4346112821073407e-10,2.4346112821073407e-10,2.4346112821073407e-10,False,4.3792696771641215e-05,26.351965992944315,780.0,38.0,,,
single_step,tuned,pendcart,GWO,10,37.0,20.0,1.0,1.0,-0.0017659723998110573,-0.0017659719778409697,4.219700875610771e-10,4.219700875610771e-10,4.219700875610771e-10,False,5.765260095741409e-05,17.50707700557541,520.0,25.0,,,
single_step,tuned,pendcart,GWO,11,37.0,20.0,1.0,1.0,-0.0017659723998110573,-0.0017659704416838652,1.9581271920761367e-09,1.9581271920761367e-09,1.9581271920761367e-09,False,0.0001241891400114159,14.246368999010883,420.0,20.0,,,
single_step,tuned,pendcart,GWO,12,37.0,20.0,1.0,1.0,-0.0017659723998110573,-0.00176596843094389,3.968867167206125e-09,3.968867167206125e-09,3.968867167206125e-09,False,0.00017679682947592534,21.38775600178633,640.0,31.0,,,
single_step,tuned,pendcart,GWO,13,37.0,20.0,1.0,1.0,-0.0017659723998110573,-0.001765972249794608,1.500164493496714e-10,1.500164493496714e-10,1.500164493496714e-10,False,3.437687115112609e-05,20.01528699474875,600.0,29.0,,,
single_step,tuned,pendcart,GWO,14,37.0,20.0,1.0,1.0,-0.0017659723998110573,-0.0017659579988444087,1.440096664855929e-08,1.440096664855929e-08,1.440096664855929e-08,False,0.0003367835283581422,20.430466000107117,600.0,29.0,,,
single_step,tuned,pendcart,GWO,15,37.0,20.0,1.0,1.0,-0.0017659723998110573,-0.0017659719568174654,4.429935918960626e-10,4.429935918960626e-10,4.429935918960626e-10,False,5.9071245240252535e-05,13.82057400769554,400.0,19.0,,,
single_step,tuned,pendcart,GWO,16,37.0,20.0,1.0,1.0,-0.0017659723998110573,-0.00176597164617896,7.536320972660604e-10,7.536320972660604e-10,7.536320972660604e-10,False,7.704611848965981e-05,23.899327003164217,680.0,33.0,,,
single_step,tuned,pendcart,GWO,17,37.0,20.0,1.0,1.0,-0.0017659723998110573,-0.001765972397389432,2.4216254002062954e-12,2.4216254002062954e-12,2.4216254002062954e-12,False,4.3635163564231805e-06,34.8739720066078,1020.0,50.0,,,
single_step,tuned,pendcart,GWO,18,37.0,20.0,1.0,1.0,-0.0017659723998110573,-0.0017659709364700649,1.4633409924341007e-09,1.4633409924341007e-09,1.4633409924341007e-09,False,0.00010735149413942935,11.778878004406579,340.0,16.0,,,
single_step,tuned,pendcart,GWO,19,37.0,20.0,1.0,1.0,-0.0017659723998110573,-0.0017659723834124671,1.6398590168067995e-11,1.6398590168067995e-11,1.6398590168067995e-11,False,1.1360891996728406e-05,24.45879500010051,700.0,34.0,,,
single_step,tuned,pendcart,GWO,20,37.0,20.0,1.0,1.0,-0.0017659723998110573,-0.0017659704796160966,1.9201949607184493e-09,1.9201949607184493e-09,1.9201949607184493e-09,False,0.00012298041668588888,23.386025000945665,680.0,33.0,,,
single_step,tuned,pendcart,GWO,21,37.0,20.0,1.0,1.0,-0.0017659723998110573,-0.0017659589352420253,1.3464569031994625e-08,1.3464569031994625e-08,1.3464569031994625e-08,False,0.0003256502468157729,19.080824989941902,560.0,27.0,,,
single_step,tuned,pendcart,GWO,22,37.0,20.0,1.0,1.0,-0.0017659723998110573,-0.0017659717124949635,6.873160937961864e-10,6.873160937961864e-10,6.873160937961864e-10,False,7.357839469773753e-05,20.19654201285448,600.0,29.0,,,
single_step,tuned,pendcart,GWO,23,37.0,20.0,1.0,1.0,-0.0017659723998110573,-0.0017659723314911553,6.83199020360542e-11,6.83199020360542e-11,6.83199020360542e-11,False,2.3200267759787563e-05,33.45011999772396,980.0,48.0,,,
single_step,tuned,pendcart,GWO,24,37.0,20.0,1.0,1.0,-0.0017659723998110573,-0.0017659646136262558,7.78618480150664e-09,7.78618480150664e-09,7.78618480150664e-09,False,0.00024763164250864167,15.027294008177705,440.0,21.0,,,
single_step,tuned,pendcart,GWO,25,37.0,20.0,1.0,1.0,-0.0017659723998110573,-0.0017659634758381124,8.923972944939115e-09,8.923972944939115e-09,8.923972944939115e-09,False,0.00026511568937737096,22.069557002396323,640.0,31.0,,,
single_step,tuned,pendcart,GWO,26,37.0,20.0,1.0,1.0,-0.0017659723998110573,-0.0017659711407731079,1.259037949417896e-09,1.259037949417896e-09,1.259037949417896e-09,False,9.95757458949198e-05,33.30148899112828,960.0,47.0,,,
single_step,tuned,pendcart,GWO,27,37.0,20.0,1.0,1.0,-0.0017659723998110573,-0.0017659723718178079,2.7993249428551192e-11,2.7993249428551192e-11,2.7993249428551192e-11,False,1.4851998604736849e-05,42.01436699077021,1220.0,60.0,,,
single_step,tuned,pendcart,GWO,28,37.0,20.0,1.0,1.0,-0.0017659723998110573,-0.00176597234045917,5.935188733714736e-11,5.935188733714736e-11,5.935188733714736e-11,False,2.161689760594998e-05,20.52890400227625,600.0,29.0,,,
single_step,tuned,pendcart,GWO,29,37.0,20.0,1.0,1.0,-0.0017659723998110573,-0.0017659723784850766,2.1325980694916757e-11,2.1325980694916757e-11,2.1325980694916757e-11,False,1.2963685318723162e-05,27.020018998882733,800.0,39.0,,,
single_step,tuned,pendcart,GWO,30,37.0,20.0,1.0,1.0,-0.0017659723998110573,-0.0017659721681078176,2.3170323971109796e-10,2.3170323971109796e-10,2.3170323971109796e-10,False,4.272222330301001e-05,15.4619209934026,460.0,22.0,,,
single_step,tuned,pendcart,GWO,31,37.0,20.0,1.0,1.0,-0.0017659723998110573,-0.0017659716787046412,7.211064161159048e-10,7.211064161159048e-10,7.211064161159048e-10,False,7.536526229673379e-05,15.441506999195553,460.0,22.0,,,
single_step,tuned,pendcart,GWO,32,37.0,20.0,1.0,1.0,-0.0017659723998110573,-0.0017659723488228937,5.098816356109703e-11,5.098816356109703e-11,5.098816356109703e-11,False,2.0035719052458045e-05,41.833511990262195,1220.0,60.0,,,
single_step,tuned,pendcart,GWO,33,37.0,20.0,1.0,1.0,-0.0017659723998110573,-0.0017659717674772635,6.323337938332618e-10,6.323337938332618e-10,6.323337938332618e-10,False,7.057423442163868e-05,13.601145998109132,400.0,19.0,,,
single_step,tuned,pendcart,GWO,34,37.0,20.0,1.0,1.0,-0.0017659723998110573,-0.0017659722461987343,1.536123229485542e-10,1.536123229485542e-10,1.536123229485542e-10,False,3.478639179005372e-05,33.0050390039105,960.0,47.0,,,
single_step,tuned,pendcart,GWO,35,37.0,20.0,1.0,1.0,-0.0017659723998110573,-0.0017659719849507556,4.1486030171074273e-10,4.1486030171074273e-10,4.1486030171074273e-10,False,5.715748993639913e-05,34.831179000320844,1020.0,50.0,,,
single_step,tuned,pendcart,GWO,36,37.0,20.0,1.0,1.0,-0.0017659723998110573,-0.0017659688375732307,3.5622378265470073e-09,3.5622378265470073e-09,3.5622378265470073e-09,False,0.00016749511387433025,17.0103919954272,500.0,24.0,,,
single_step,tuned,pendcart,GWO,37,37.0,20.0,1.0,1.0,-0.0017659723998110573,-0.001765972194361833,2.0544922425640155e-10,2.0544922425640155e-10,2.0544922425640155e-10,False,4.0221906544887776e-05,31.47540999634657,920.0,45.0,,,
single_step,tuned,pendcart,GWO,38,37.0,20.0,1.0,1.0,-0.0017659723998110573,-0.0017659722869422805,1.1286877682481489e-10,1.1286877682481489e-10,1.1286877682481489e-10,False,2.981885376411586e-05,24.78996300487779,720.0,35.0,,,
single_step,tuned,pendcart,GWO,39,37.0,20.0,1.0,1.0,-0.0017659723998110573,-0.001765949493859956,2.2905951101376623e-08,2.2905951101376623e-08,2.2905951101376623e-08,False,0.0004247375416718685,12.493364003603347,360.0,17.0,,,
single_step,tuned,pendcart,GWO,40,37.0,20.0,1.0,1.0,-0.0017659723998110573,-0.001765972366393551,3.3417506392283136e-11,3.3417506392283136e-11,3.3417506392283136e-11,False,1.6219536815770264e-05,31.08202898874879,900.0,44.0,,,
single_step,tuned,pendcart,GWO,41,37.0,20.0,1.0,1.0,-0.0017659723998110573,-0.0017659723651063284,3.47047288910135e-11,3.47047288910135e-11,3.47047288910135e-11,False,1.653642280373402e-05,22.36830499896314,660.0,32.0,,,
single_step,tuned,pendcart,GWO,42,37.0,20.0,1.0,1.0,-0.0017659723998110573,-0.0017659723996031101,2.079471577570713e-13,2.079471577570713e-13,2.079471577570713e-13,False,1.2760678086282118e-06,36.7201839981135,1040.0,51.0,,,
single_step,tuned,pendcart,GWO,43,37.0,20.0,1.0,1.0,-0.0017659723998110573,-0.0017659723808026103,1.900844694320558e-11,1.900844694320558e-11,1.900844694320558e-11,False,1.223186081580896e-05,19.550051001715474,540.0,26.0,,,
single_step,tuned,pendcart,GWO,44,37.0,20.0,1.0,1.0,-0.0017659723998110573,-0.0017659700096483784,2.3901626788891406e-09,2.3901626788891406e-09,2.3901626788891406e-09,False,0.0001372068127210302,14.988777998951264,420.0,20.0,,,
single_step,tuned,pendcart,GWO,45,37.0,20.0,1.0,1.0,-0.0017659723998110573,-0.0017659712789082815,1.1209027757624196e-09,1.1209027757624196e-09,1.1209027757624196e-09,False,9.395440941041555e-05,15.130644998862408,440.0,21.0,,,
single_step,tuned,pendcart,GWO,46,37.0,20.0,1.0,1.0,-0.0017659723998110573,-0.0017659716546393775,7.451716797866187e-10,7.451716797866187e-10,7.451716797866187e-10,False,7.661245148823936e-05,22.66543400764931,640.0,31.0,,,
single_step,tuned,pendcart,GWO,47,37.0,20.0,1.0,1.0,-0.0017659723998110573,-0.001765972132533478,2.6727757919224604e-10,2.6727757919224604e-10,2.6727757919224604e-10,False,4.5877165480684434e-05,14.135123987216502,420.0,20.0,,,
single_step,tuned,pendcart,GWO,48,37.0,20.0,1.0,1.0,-0.0017659723998110573,-0.001765972309085295,9.072576218939477e-11,9.072576218939477e-11,9.072576218939477e-11,False,2.6727330860440435e-05,14.553469998645596,420.0,20.0,,,
single_step,tuned,pendcart,GWO,49,37.0,20.0,1.0,1.0,-0.0017659723998110573,-0.0017659723776028307,2.2208226577169476e-11,2.2208226577169476e-11,2.2208226577169476e-11,False,1.3229043068635482e-05,23.916848993394524,680.0,33.0,,,
single_step,tuned,pendcart,PSO,0,37.0,20.0,1.0,1.0,-0.0017659723998110573,-0.0017659329476381045,3.94521729527985e-08,3.94521729527985e-08,3.94521729527985e-08,False,0.0005574203852968251,20.818775010411628,840.0,42.0,,,
single_step,tuned,pendcart,PSO,1,37.0,20.0,1.0,1.0,-0.0017659723998110573,-0.0017659723983182946,1.4927627276645206e-12,1.4927627276645206e-12,1.4927627276645206e-12,False,3.4325213629782247e-06,30.677823000587523,1220.0,61.0,,,
single_step,tuned,pendcart,PSO,2,37.0,20.0,1.0,1.0,-0.0017659723998110573,-0.0017659722519673242,1.4784373313266042e-10,1.4784373313266042e-10,1.4784373313266042e-10,False,3.411966286070989e-05,22.97708699188661,920.0,46.0,,,
single_step,tuned,pendcart,PSO,3,37.0,20.0,1.0,1.0,-0.0017659723998110573,-0.0017656066716904475,3.65728120609813e-07,3.65728120609813e-07,3.65728120609813e-07,False,0.0016971822919764484,14.73890000488609,580.0,29.0,,,
single_step,tuned,pendcart,PSO,4,37.0,20.0,1.0,1.0,-0.0017659723998110573,-0.0017655277033955068,4.446964155504964e-07,4.446964155504964e-07,4.446964155504964e-07,False,0.001871470262300945,13.497022999217734,540.0,27.0,,,
single_step,tuned,pendcart,PSO,5,37.0,20.0,1.0,1.0,-0.0017659723998110573,-0.0017659723997300951,8.096214670905155e-14,8.096214670905155e-14,8.096214670905155e-14,False,7.948453427664148e-07,30.36553399579134,1220.0,61.0,,,
single_step,tuned,pendcart,PSO,6,37.0,20.0,1.0,1.0,-0.0017659723998110573,-0.00176597237091544,2.8895617235763504e-11,2.8895617235763504e-11,2.8895617235763504e-11,False,1.5089419391448033e-05,30.216112994821742,1220.0,61.0,,,
single_step,tuned,pendcart,PSO,7,37.0,20.0,1.0,1.0,-0.0017659723998110573,-0.0017659723920962957,7.714761555283056e-12,7.714761555283056e-12,7.714761555283056e-12,False,7.791226299763698e-06,24.59958200051915,1000.0,50.0,,,
single_step,tuned,pendcart,PSO,8,37.0,20.0,1.0,1.0,-0.0017659723998110573,-0.0017657741806825287,1.9821912852855533e-07,1.9821912852855533e-07,1.9821912852855533e-07,False,0.0012494656578716234,8.95799401041586,360.0,18.0,,,
single_step,tuned,pendcart,PSO,9,37.0,20.0,1.0,1.0,-0.0017659723998110573,-0.0017602061546697933,5.76624514126399e-06,5.76624514126399e-06,5.76624514126399e-06,False,0.006739024699737389,8.449000990367495,340.0,17.0,,,
single_step,tuned,pendcart,PSO,10,37.0,20.0,1.0,1.0,-0.0017659723998110573,-0.00176494015681017,1.0322430008871935e-06,1.0322430008871935e-06,1.0322430008871935e-06,False,0.002851285269888912,13.461435999488458,540.0,27.0,,,
single_step,tuned,pendcart,PSO,11,37.0,20.0,1.0,1.0,-0.0017659723998110573,-0.0017580141362559306,7.958263555126691e-06,7.958263555126691e-06,7.958263555126691e-06,False,0.007916973945328226,14.29223500599619,580.0,29.0,,,
single_step,tuned,pendcart,PSO,12,37.0,20.0,1.0,1.0,-0.0017659723998110573,-0.001740650347867368,2.53220519436893e-05,2.53220519436893e-05,2.53220519436893e-05,False,0.014122117498614,12.9071660048794,520.0,26.0,,,
single_step,tuned,pendcart,PSO,13,37.0,20.0,1.0,1.0,-0.0017659723998110573,-0.001765972398704358,1.1066993675645787e-12,1.1066993675645787e-12,1.1066993675645787e-12,False,2.9560253431704098e-06,30.524567991960794,1220.0,61.0,,,
single_step,tuned,pendcart,PSO,14,37.0,20.0,1.0,1.0,-0.0017659723998110573,-0.0017659723995746613,2.3639597224178743e-13,2.3639597224178743e-13,2.3639597224178743e-13,False,1.3681863801906502e-06,30.839478989946656,1220.0,61.0,,,
single_step,tuned,pendcart,PSO,15,37.0,20.0,1.0,1.0,-0.0017659723998110573,-0.0017341936928243372,3.1778706986720136e-05,3.1778706986720136e-05,3.1778706986720136e-05,False,0.01582043686973575,9.41893900744617,360.0,18.0,,,
single_step,tuned,pendcart,PSO,16,37.0,20.0,1.0,1.0,-0.0017659723998110573,-0.0017183737596097042,4.7598640201353126e-05,4.7598640201353126e-05,4.7598640201353126e-05,False,0.019361884058190032,10.56493099895306,420.0,21.0,,,
single_step,tuned,pendcart,PSO,17,37.0,20.0,1.0,1.0,-0.0017659723998110573,-0.001762130278480821,3.842121330236217e-06,3.842121330236217e-06,3.842121330236217e-06,False,0.00550092223591972,9.936931994161569,380.0,19.0,,,
single_step,tuned,pendcart,PSO,18,37.0,20.0,1.0,1.0,-0.0017659723998110573,-0.0017659722820180025,1.1779305482406688e-10,1.1779305482406688e-10,1.1779305482406688e-10,False,3.0454919838718286e-05,30.25574400089681,1160.0,58.0,,,
single_step,tuned,pendcart,PSO,19,37.0,20.0,1.0,1.0,-0.0017659723998110573,-0.0017659723993521661,4.588911715897037e-13,4.588911715897037e-13,4.588911715897037e-13,False,1.8974121044346148e-06,30.86637900560163,1220.0,61.0,,,
single_step,tuned,pendcart,PSO,20,37.0,20.0,1.0,1.0,-0.0017659723998110573,-0.0017656548234549325,3.17576356124831e-07,3.17576356124831e-07,3.17576356124831e-07,False,0.001581515039490916,8.021953006391414,320.0,16.0,,,
single_step,tuned,pendcart,PSO,21,37.0,20.0,1.0,1.0,-0.0017659723998110573,-0.0017659716927110217,7.071000356420609e-10,7.071000356420609e-10,7.071000356420609e-10,False,7.462978222920469e-05,30.222702989703976,1220.0,61.0,,,
single_step,tuned,pendcart,PSO,22,37.0,20.0,1.0,1.0,-0.0017659723998110573,-0.0017653634050765273,6.089947345300217e-07,6.089947345300217e-07,6.089947345300217e-07,False,0.002190061426845996,13.00366899522487,520.0,26.0,,,
single_step,tuned,pendcart,PSO,23,37.0,20.0,1.0,1.0,-0.0017659723998110573,-0.0017654938670529012,4.785327581561041e-07,4.785327581561041e-07,4.785327581561041e-07,False,0.0019413563917929644,10.333753991289996,420.0,21.0,,,
single_step,tuned,pendcart,PSO,24,37.0,20.0,1.0,1.0,-0.0017659723998110573,-0.001757690079440944,8.282320370113332e-06,8.282320370113332e-06,8.282320370113332e-06,False,0.00807656087243211,11.48855900100898,460.0,23.0,,,
single_step,tuned,pendcart,PSO,25,37.0,20.0,1.0,1.0,-0.0017659723998110573,-0.0017652539262445876,7.184735664697052e-07,7.184735664697052e-07,7.184735664697052e-07,False,0.0023787838570484554,11.755523999454454,480.0,24.0,,,
single_step,tuned,pendcart,PSO,26,37.0,20.0,1.0,1.0,-0.0017659723998110573,-0.001765972399052125,7.589321966011697e-13,7.589321966011697e-13,7.589321966011697e-13,False,2.441158330784843e-06,30.26716600288637,1220.0,61.0,,,
single_step,tuned,pendcart,PSO,27,37.0,20.0,1.0,1.0,-0.0017659723998110573,-0.001765819304265666,1.5309554539139243e-07,1.5309554539139243e-07,1.5309554539139243e-07,False,0.0010980701260276116,12.293676001718268,500.0,25.0,,,
single_step,tuned,pendcart,PSO,28,37.0,20.0,1.0,1.0,-0.0017659723998110573,-0.0017051850797228552,6.078732008820212e-05,6.078732008820212e-05,6.078732008820212e-05,False,0.02188047192191725,8.851970997056924,360.0,18.0,,,
single_step,tuned,pendcart,PSO,29,37.0,20.0,1.0,1.0,-0.0017659723998110573,-0.001765961085996113,1.131381494436437e-08,1.131381494436437e-08,1.131381494436437e-08,False,0.00029850349714913293,18.732104988885112,760.0,38.0,,,
single_step,tuned,pendcart,PSO,30,37.0,20.0,1.0,1.0,-0.0017659723998110573,-0.001764432121217453,1.5402785936043106e-06,1.5402785936043106e-06,1.5402785936043106e-06,False,0.0034829676354349304,13.802796995150857,560.0,28.0,,,
single_step,tuned,pendcart,PSO,31,37.0,20.0,1.0,1.0,-0.0017659723998110573,-0.0017659695503449953,2.849466061976419e-09,2.849466061976419e-09,2.849466061976419e-09,False,0.0001498106563136009,30.7909160037525,1220.0,61.0,,,
single_step,tuned,pendcart,PSO,32,37.0,20.0,1.0,1.0,-0.0017659723998110573,-0.001759381771549716,6.590628261341283e-06,6.590628261341283e-06,6.590628261341283e-06,False,0.007204666628187278,8.84527100424748,340.0,17.0,,,
single_step,tuned,pendcart,PSO,33,37.0,20.0,1.0,1.0,-0.0017659723998110573,-0.0017475862606686405,1.8386139142416782e-05,1.8386139142416782e-05,1.8386139142416782e-05,False,0.012033595179511886,11.344654994900338,440.0,22.0,,,
single_step,tuned,pendcart,PSO,34,37.0,20.0,1.0,1.0,-0.0017659723998110573,-0.0017636913649382723,2.281034872785026e-06,2.281034872785026e-06,2.281034872785026e-06,False,0.004238535681354766,16.57837200036738,620.0,31.0,,,
single_step,tuned,pendcart,PSO,35,37.0,20.0,1.0,1.0,-0.0017659723998110573,-0.001765968068894481,4.330916576322091e-09,4.330916576322091e-09,4.330916576322091e-09,False,0.00018469232565863913,15.14916299493052,600.0,30.0,,,
single_step,tuned,pendcart,PSO,36,37.0,20.0,1.0,1.0,-0.0017659723998110573,-0.0017659723960570164,3.75404091493281e-12,3.75404091493281e-12,3.75404091493281e-12,False,5.433815325195379e-06,32.455733002279885,1220.0,61.0,,,
single_step,tuned,pendcart,PSO,37,37.0,20.0,1.0,1.0,-0.0017659723998110573,-0.001765972369583788,3.0227269255320155e-11,3.0227269255320155e-11,3.0227269255320155e-11,False,1.5433116361360244e-05,32.53370299353264,1220.0,61.0,,,
single_step,tuned,pendcart,PSO,38,37.0,20.0,1.0,1.0,-0.0017659723998110573,-0.0017551390636774925,1.0833336133564799e-05,1.0833336133564799e-05,1.0833336133564799e-05,False,0.009237005347791288,10.284201998729259,420.0,21.0,,,
single_step,tuned,pendcart,PSO,39,37.0,20.0,1.0,1.0,-0.0017659723998110573,-0.001765961845099861,1.0554711196188171e-08,1.0554711196188171e-08,1.0554711196188171e-08,False,0.0002883228071607624,24.338620991329663,960.0,48.0,,,
single_step,tuned,pendcart,PSO,40,37.0,20.0,1.0,1.0,-0.0017659723998110573,-0.0017642126601194916,1.759739691565643e-06,1.759739691565643e-06,1.759739691565643e-06,False,0.0037228371889145295,13.230230993940495,520.0,26.0,,,
single_step,tuned,pendcart,PSO,41,37.0,20.0,1.0,1.0,-0.0017659723998110573,-0.0017658682094959647,1.0419031509258103e-07,1.0419031509258103e-07,1.0419031509258103e-07,False,0.0009058622571449793,11.523175999172963,460.0,23.0,,,
single_step,tuned,pendcart,PSO,42,37.0,20.0,1.0,1.0,-0.0017659723998110573,-0.0017659656066921449,6.7931189124369185e-09,6.7931189124369185e-09,6.7931189124369185e-09,False,0.0002313086104651363,27.61120999639388,1100.0,55.0,,,
single_step,tuned,pendcart,PSO,43,37.0,20.0,1.0,1.0,-0.0017659723998110573,-0.0016815640164012514,8.440838340980587e-05,8.440838340980587e-05,8.440838340980587e-05,False,0.025783566369818517,8.570970996515825,340.0,17.0,,,
single_step,tuned,pendcart,PSO,44,37.0,20.0,1.0,1.0,-0.0017659723998110573,-0.0017659722987359398,1.010751174597424e-10,1.010751174597424e-10,1.010751174597424e-10,False,2.8218193983645112e-05,30.50667500065174,1220.0,61.0,,,
single_step,tuned,pendcart,PSO,45,37.0,20.0,1.0,1.0,-0.0017659723998110573,-0.0017587737469106396,7.198652900417685e-06,7.198652900417685e-06,7.198652900417685e-06,False,0.007529672533844595,10.013528997660615,400.0,20.0,,,
single_step,tuned,pendcart,PSO,46,37.0,20.0,1.0,1.0,-0.0017659723998110573,-0.00176597234149884,5.831221725101365e-11,5.831221725101365e-11,5.831221725101365e-11,False,2.142669655524898e-05,31.134835997363552,1220.0,61.0,,,
single_step,tuned,pendcart,PSO,47,37.0,20.0,1.0,1.0,-0.0017659723998110573,-0.0017659723981434175,1.6676397675968735e-12,1.6676397675968735e-12,1.6676397675968735e-12,False,3.6204197984279762e-06,30.91445201425813,1220.0,61.0,,,
single_step,tuned,pendcart,PSO,48,37.0,20.0,1.0,1.0,-0.0017659723998110573,-0.001737517608406246,2.8454791404811282e-05,2.8454791404811282e-05,2.8454791404811282e-05,False,0.014970216101314965,8.580059991800226,320.0,16.0,,,
single_step,tuned,pendcart,PSO,49,37.0,20.0,1.0,1.0,-0.0017659723998110573,-0.0017659723644560426,3.535501470579294e-11,3.535501470579294e-11,3.535501470579294e-11,False,1.6690596422369586e-05,34.18460600369144,1220.0,61.0,,,
single_step,tuned,pendcart,WOA,0,37.0,20.0,1.0,1.0,-0.0017659723998110573,-0.0017659723993814784,4.295788984948201e-13,4.295788984948201e-13,4.295788984948201e-13,False,1.8430768208843595e-06,27.229776998865418,840.0,42.0,,,
single_step,tuned,pendcart,WOA,1,37.0,20.0,1.0,1.0,-0.0017659723998110573,-0.0017659721063210832,2.9348997407710464e-10,2.9348997407710464e-10,2.9348997407710464e-10,False,4.8074363715636115e-05,25.659302991698496,800.0,40.0,,,
single_step,tuned,pendcart,WOA,2,37.0,20.0,1.0,1.0,-0.0017659723998110573,-0.001765972399665711,1.4534619167949625e-13,1.4534619167949625e-13,1.4534619167949625e-13,False,1.0662350831136536e-06,21.984782011713833,680.0,34.0,,,
single_step,tuned,pendcart,WOA,3,37.0,20.0,1.0,1.0,-0.0017659723998110573,-0.001765972396175076,3.6359812730091257e-12,3.6359812730091257e-12,3.6359812730091257e-12,False,5.347631269886355e-06,22.96358600142412,680.0,34.0,,,
single_step,tuned,pendcart,WOA,4,37.0,20.0,1.0,1.0,-0.0017659723998110573,-0.001765972399664966,1.460912554124283e-13,1.460912554124283e-13,1.460912554124283e-13,False,1.0689746145764456e-06,25.62512799340766,660.0,33.0,,,
single_step,tuned,pendcart,WOA,5,37.0,20.0,1.0,1.0,-0.0017659723998110573,-0.0017659723998070442,4.013065921237846e-15,4.013065921237846e-15,4.013065921237846e-15,False,1.741219168849284e-07,26.61992999492213,680.0,34.0,,,
single_step,tuned,pendcart,WOA,6,37.0,20.0,1.0,1.0,-0.0017659723998110573,-0.0017659723991172449,6.938124120364764e-13,6.938124120364764e-13,6.938124120364764e-13,False,2.34130056159243e-06,27.209075997234322,700.0,35.0,,,
single_step,tuned,pendcart,WOA,7,37.0,20.0,1.0,1.0,-0.0017659723998110573,-0.0017659723986795971,1.1314601599393681e-12,1.1314601599393681e-12,1.1314601599393681e-12,False,2.988869416409301e-06,23.999179000384174,640.0,32.0,,,
single_step,tuned,pendcart,WOA,8,37.0,20.0,1.0,1.0,-0.0017659723998110573,-0.0017659723997518239,5.923343412983506e-14,5.923343412983506e-14,5.923343412983506e-14,False,6.793367554602803e-07,30.681522999657318,880.0,44.0,,,
single_step,tuned,pendcart,WOA,9,37.0,20.0,1.0,1.0,-0.0017659723998110573,-0.001765972399770839,4.021826274791529e-14,4.021826274791529e-14,4.021826274791529e-14,False,5.591293181783641e-07,23.115400996175595,680.0,34.0,,,
single_step,tuned,pendcart,WOA,10,37.0,20.0,1.0,1.0,-0.0017659723998110573,-0.0017659704580765103,1.9417345470222613e-09,1.9417345470222613e-09,1.9417345470222613e-09,False,0.00012366084866155536,17.573325996636413,520.0,26.0,,,
single_step,tuned,pendcart,WOA,11,37.0,20.0,1.0,1.0,-0.0017659723998110573,-0.0017659723997049308,1.0612647913244011e-13,1.0612647913244011e-13,1.0612647913244011e-13,False,9.179425972394295e-07,26.121948001673445,780.0,39.0,,,
single_step,tuned,pendcart,WOA,12,37.0,20.0,1.0,1.0,-0.0017659723998110573,-0.0017659723997799405,3.1116819190768474e-14,3.1116819190768474e-14,3.1116819190768474e-14,False,4.987538150119653e-07,37.69197399378754,1140.0,57.0,,,
single_step,tuned,pendcart,WOA,13,37.0,20.0,1.0,1.0,-0.0017659723998110573,-0.001765972390661083,9.149974397951177e-12,9.149974397951177e-12,9.149974397951177e-12,False,8.485380493153394e-06,21.115647003171034,660.0,33.0,,,
single_step,tuned,pendcart,WOA,14,37.0,20.0,1.0,1.0,-0.0017659723998110573,-0.001765972399062651,7.484063282298115e-13,7.484063282298115e-13,7.484063282298115e-13,False,2.4315283592424297e-06,22.302133991615847,680.0,34.0,,,
single_step,tuned,pendcart,WOA,15,37.0,20.0,1.0,1.0,-0.0017659723998110573,-0.0017659723996535754,1.57481883436561e-13,1.57481883436561e-13,1.57481883436561e-13,False,1.1173909877926214e-06,20.30767900578212,620.0,31.0,,,
single_step,tuned,pendcart,WOA,16,37.0,20.0,1.0,1.0,-0.0017659723998110573,-0.0017659723998066478,4.4094502354985465e-15,4.4094502354985465e-15,4.4094502354985465e-15,False,1.9008523062524763e-07,26.774080004543066,820.0,41.0,,,
single_step,tuned,pendcart,WOA,17,37.0,20.0,1.0,1.0,-0.0017659723998110573,-0.0017659723998107522,3.0509449133742095e-16,3.0509449133742095e-16,3.0509449133742095e-16,False,5.2847499182329116e-08,29.144549000193365,700.0,35.0,,,
single_step,tuned,pendcart,WOA,18,37.0,20.0,1.0,1.0,-0.0017659723998110573,-0.001765972394774817,5.036240304998052e-12,5.036240304998052e-12,5.036240304998052e-12,False,6.301704975078537e-06,22.472757002105936,660.0,33.0,,,
single_step,tuned,pendcart,WOA,19,37.0,20.0,1.0,1.0,-0.0017659723998110573,-0.0017659723636451376,3.6165919651415246e-11,3.6165919651415246e-11,3.6165919651415246e-11,False,1.6880877405561767e-05,24.82849999796599,740.0,37.0,,,
single_step,tuned,pendcart,WOA,20,37.0,20.0,1.0,1.0,-0.0017659723998110573,-0.00176597239957639,2.3466732029797654e-13,2.3466732029797654e-13,2.3466732029797654e-13,False,1.3631887293974465e-06,21.408418004284613,680.0,34.0,,,
single_step,tuned,pendcart,WOA,21,37.0,20.0,1.0,1.0,-0.0017659723998110573,-0.001765972398946785,8.642721954776889e-13,8.642721954776889e-13,8.642721954776889e-13,False,2.6053192769132094e-06,21.65502999559976,660.0,33.0,,,
single_step,tuned,pendcart,WOA,22,37.0,20.0,1.0,1.0,-0.0017659723998110573,-0.0017659723998101123,9.449906135383657e-16,9.449906135383657e-16,9.449906135383657e-16,False,9.003706502586084e-08,28.910152992466465,860.0,43.0,,,
single_step,tuned,pendcart,WOA,23,37.0,20.0,1.0,1.0,-0.0017659723998110573,-0.0017659723997266034,8.445392822575837e-14,8.445392822575837e-14,8.445392822575837e-14,False,8.118840543469563e-07,21.88075600133743,660.0,33.0,,,
single_step,tuned,pendcart,WOA,24,37.0,20.0,1.0,1.0,-0.0017659723998110573,-0.0017659723995500159,2.6104140550542443e-13,2.6104140550542443e-13,2.6104140550542443e-13,False,1.4375503343266871e-06,21.593619996565394,640.0,32.0,,,
single_step,tuned,pendcart,WOA,25,37.0,20.0,1.0,1.0,-0.0017659723998110573,-0.0017659723990097425,8.013147437258006e-13,8.013147437258006e-13,8.013147437258006e-13,False,2.5084965466354303e-06,34.029082002234645,1040.0,52.0,,,
single_step,tuned,pendcart,WOA,26,37.0,20.0,1.0,1.0,-0.0017659723998110573,-0.0017659723998108825,1.7477339020466331e-16,1.7477339020466331e-16,1.7477339020466331e-16,False,3.3577024077802164e-08,32.11590200953651,980.0,49.0,,,
single_step,tuned,pendcart,WOA,27,37.0,20.0,1.0,1.0,-0.0017659723998110573,-0.0017659723986371703,1.1738869425126364e-12,1.1738869425126364e-12,1.1738869425126364e-12,False,3.0443227437698672e-06,27.34165200672578,860.0,43.0,,,
single_step,tuned,pendcart,WOA,28,37.0,20.0,1.0,1.0,-0.0017659723998110573,-0.0017659723792823696,2.0528687690729575e-11,2.0528687690729575e-11,2.0528687690729575e-11,False,1.2719116552636911e-05,25.965071996324696,780.0,39.0,,,
single_step,tuned,pendcart,WOA,29,37.0,20.0,1.0,1.0,-0.0017659723998110573,-0.001765972392385034,7.426023337919752e-12,7.426023337919752e-12,7.426023337919752e-12,False,7.651349815354647e-06,20.061028000782244,620.0,31.0,,,
single_step,tuned,pendcart,WOA,30,37.0,20.0,1.0,1.0,-0.0017659723998110573,-0.001765972399257439,5.536183490806312e-13,5.536183490806312e-13,5.536183490806312e-13,False,2.0918151315413303e-06,24.58476700121537,760.0,38.0,,,
single_step,tuned,pendcart,WOA,31,37.0,20.0,1.0,1.0,-0.0017659723998110573,-0.0017659723992908146,5.202427030837065e-13,5.202427030837065e-13,5.202427030837065e-13,False,2.027894535863717e-06,15.433360007591546,480.0,24.0,,,
single_step,tuned,pendcart,WOA,32,37.0,20.0,1.0,1.0,-0.0017659723998110573,-0.0017659723976385208,2.1725364562907856e-12,2.1725364562907856e-12,2.1725364562907856e-12,False,4.14020060876541e-06,23.03949900669977,740.0,37.0,,,
single_step,tuned,pendcart,WOA,33,37.0,20.0,1.0,1.0,-0.0017659723998110573,-0.001765972347722428,5.208862919985069e-11,5.208862919985069e-11,5.208862919985069e-11,False,2.0250817562628143e-05,19.006714996066876,600.0,30.0,,,
single_step,tuned,pendcart,WOA,34,37.0,20.0,1.0,1.0,-0.0017659723998110573,-0.0017659723995742673,2.3678997131126867e-13,2.3678997131126867e-13,2.3678997131126867e-13,False,1.3693229144740027e-06,18.307770005776547,580.0,29.0,,,
single_step,tuned,pendcart,WOA,35,37.0,20.0,1.0,1.0,-0.0017659723998110573,-0.0017659723997855013,2.5555946248090322e-14,2.5555946248090322e-14,2.5555946248090322e-14,False,4.4495754598916637e-07,27.391109004383907,880.0,44.0,,,
single_step,tuned,pendcart,WOA,36,37.0,20.0,1.0,1.0,-0.0017659723998110573,-0.0017659723997561596,5.489770964206553e-14,5.489770964206553e-14,5.489770964206553e-14,False,6.53865536617837e-07,24.093594998703338,740.0,37.0,,,
single_step,tuned,pendcart,WOA,37,37.0,20.0,1.0,1.0,-0.0017659723998110573,-0.0017659723967776778,3.0333795371373373e-12,3.0333795371373373e-12,3.0333795371373373e-12,False,4.891495587855399e-06,20.19767700403463,620.0,31.0,,,
single_step,tuned,pendcart,WOA,38,37.0,20.0,1.0,1.0,-0.0017659723998110573,-0.0017659723857767974,1.4034259865347565e-11,1.4034259865347565e-11,1.4034259865347565e-11,False,1.0517136856125209e-05,17.33351500297431,520.0,26.0,,,
single_step,tuned,pendcart,WOA,39,37.0,20.0,1.0,1.0,-0.0017659723998110573,-0.0017659704415839818,1.9582270755023196e-09,1.9582270755023196e-09,1.9582270755023196e-09,False,0.0001241923072986817,15.012654999736696,460.0,23.0,,,
single_step,tuned,pendcart,WOA,40,37.0,20.0,1.0,1.0,-0.0017659723998110573,-0.0017659723993062142,5.048431291065913e-13,5.048431291065913e-13,5.048431291065913e-13,False,1.9903265155857275e-06,23.185842001112178,720.0,36.0,,,
single_step,tuned,pendcart,WOA,41,37.0,20.0,1.0,1.0,-0.0017659723998110573,-0.0017659723996317277,1.793296414143164e-13,1.793296414143164e-13,1.793296414143164e-13,False,1.184750275370905e-06,27.331902994774282,860.0,43.0,,,
single_step,tuned,pendcart,WOA,42,37.0,20.0,1.0,1.0,-0.0017659723998110573,-0.0017659721541413813,2.456696760085031e-10,2.456696760085031e-10,2.456696760085031e-10,False,4.39834796808064e-05,14.678311999887228,460.0,23.0,,,
single_step,tuned,pendcart,WOA,43,37.0,20.0,1.0,1.0,-0.0017659723998110573,-0.0017659723989150776,8.959796880120274e-13,8.959796880120274e-13,8.959796880120274e-13,False,2.6527464848796756e-06,27.230117993894964,840.0,42.0,,,
single_step,tuned,pendcart,WOA,44,37.0,20.0,1.0,1.0,-0.0017659723998110573,-0.0017659723995707254,2.403318429683443e-13,2.403318429683443e-13,2.403318429683443e-13,False,1.3794989071197472e-06,26.697309003793634,780.0,39.0,,,
single_step,tuned,pendcart,WOA,45,37.0,20.0,1.0,1.0,-0.0017659723998110573,-0.0017659723753486282,2.446242904421969e-11,2.446242904421969e-11,2.446242904421969e-11,False,1.387664673745126e-05,29.62307298730593,880.0,44.0,,,
single_step,tuned,pendcart,WOA,46,37.0,20.0,1.0,1.0,-0.0017659723998110573,-0.0017659723427057442,5.7105313099742316e-11,5.7105313099742316e-11,5.7105313099742316e-11,False,2.1203761580407265e-05,20.475686993449926,620.0,31.0,,,
single_step,tuned,pendcart,WOA,47,37.0,20.0,1.0,1.0,-0.0017659723998110573,-0.0017659723901282628,9.682794496757019e-12,9.682794496757019e-12,9.682794496757019e-12,False,8.729050655603698e-06,26.556187993264757,820.0,41.0,,,
single_step,tuned,pendcart,WOA,48,37.0,20.0,1.0,1.0,-0.0017659723998110573,-0.0017659723958805965,3.93046077455661e-12,3.93046077455661e-12,3.93046077455661e-12,False,5.5601155264511926e-06,16.471704992000014,500.0,25.0,,,
single_step,tuned,pendcart,WOA,49,37.0,20.0,1.0,1.0,-0.0017659723998110573,-0.0017659719686747006,4.31136356650319e-10,4.31136356650319e-10,4.31136356650319e-10,False,5.8275377901234604e-05,20.286377999582328,620.0,31.0,,,
closed_loop,tuned,pendcart,QP,0,,,,,,,,,,,,0.6503277340865073,7.666666666666667,,0.21502249100609086,0.21502249100609086,150.0
closed_loop,tuned,pendcart,"QP[P=20,Nc=1,Qs=1.0]",0,,,,,,,,,,,,0.6757305206459326,7.666666666666667,,0.21502249100609086,0.21502249100609086,150.0
closed_loop,tuned,pendcart,SGO,0,,,,,,,,,,,,25.956123981062166,639.5066666666667,,0.2150934729186699,0.2150934729186699,150.0
closed_loop,tuned,pendcart,SGO,1,,,,,,,,,,,,26.18575824657455,659.6266666666667,,0.21503694543816118,0.21503694543816118,150.0
closed_loop,tuned,pendcart,SGO,2,,,,,,,,,,,,26.097838726515572,660.8666666666667,,0.2150649538059217,0.2150649538059217,150.0
closed_loop,tuned,pendcart,SGO,3,,,,,,,,,,,,25.12222139320026,636.7066666666667,,0.21497323168085847,0.21497323168085847,150.0
closed_loop,tuned,pendcart,SGO,4,,,,,,,,,,,,24.911994626648568,629.3066666666666,,0.2150516682613111,0.2150516682613111,150.0
closed_loop,tuned,pendcart,SGO,5,,,,,,,,,,,,25.275351580639835,643.7866666666666,,0.21501575753902225,0.21501575753902225,150.0
closed_loop,tuned,pendcart,SGO,6,,,,,,,,,,,,25.241813373577315,638.72,,0.21493021889868796,0.21493021889868796,150.0
closed_loop,tuned,pendcart,SGO,7,,,,,,,,,,,,26.759171319038916,673.04,,0.21505063176961,0.21505063176961,150.0
closed_loop,tuned,pendcart,SGO,8,,,,,,,,,,,,24.491024785966147,638.32,,0.21504479782049798,0.21504479782049798,150.0
closed_loop,tuned,pendcart,SGO,9,,,,,,,,,,,,25.420823853249505,659.8533333333334,,0.21500950835951319,0.21500950835951319,150.0
closed_loop,tuned,pendcart,SGO,10,,,,,,,,,,,,24.39485851956609,633.08,,0.2149838681500295,0.2149838681500295,150.0
closed_loop,tuned,pendcart,SGO,11,,,,,,,,,,,,25.626713447563816,654.88,,0.2149532300169162,0.2149532300169162,150.0
closed_loop,tuned,pendcart,SGO,12,,,,,,,,,,,,26.098630005920615,667.8933333333333,,0.2150067463187043,0.2150067463187043,150.0
closed_loop,tuned,pendcart,SGO,13,,,,,,,,,,,,24.653421873032737,627.7066666666667,,0.21509971618878043,0.21509971618878043,150.0
closed_loop,tuned,pendcart,SGO,14,,,,,,,,,,,,26.02723893408741,666.2666666666667,,0.21497844148924689,0.21497844148924689,150.0
closed_loop,tuned,pendcart,SGO,15,,,,,,,,,,,,25.950748419757776,672.0266666666666,,0.2150416604208673,0.2150416604208673,150.0
closed_loop,tuned,pendcart,SGO,16,,,,,,,,,,,,25.24458915994425,657.2666666666667,,0.21504099585397446,0.21504099585397446,150.0
closed_loop,tuned,pendcart,SGO,17,,,,,,,,,,,,24.529624640223727,642.5466666666666,,0.21498734377114642,0.21498734377114642,150.0
closed_loop,tuned,pendcart,SGO,18,,,,,,,,,,,,24.335509653028566,633.8666666666667,,0.21499635317625232,0.21499635317625232,150.0
closed_loop,tuned,pendcart,SGO,19,,,,,,,,,,,,25.154460653914914,657.8933333333333,,0.2150411133945262,0.2150411133945262,150.0
closed_loop,tuned,pendcart,GWO,0,,,,,,,,,,,,19.422952679742593,591.6,,0.21502747780569692,0.21502747780569692,150.0
closed_loop,tuned,pendcart,GWO,1,,,,,,,,,,,,18.289299879979808,553.4666666666667,,0.2150237794222641,0.2150237794222641,150.0
closed_loop,tuned,pendcart,GWO,2,,,,,,,,,,,,18.57728969946038,560.9333333333333,,0.2150197409710169,0.2150197409710169,150.0
closed_loop,tuned,pendcart,GWO,3,,,,,,,,,,,,18.573041387329187,563.8666666666667,,0.21503736314201216,0.21503736314201216,150.0
closed_loop,tuned,pendcart,GWO,4,,,,,,,,,,,,18.630220947379712,561.6,,0.21502572445630097,0.21502572445630097,150.0
closed_loop,tuned,pendcart,GWO,5,,,,,,,,,,,,18.881341193336993,568.4,,0.21500836307428078,0.21500836307428078,150.0
closed_loop,tuned,pendcart,GWO,6,,,,,,,,,,,,18.292653613801424,553.7333333333333,,0.21503645095381818,0.21503645095381818,150.0
closed_loop,tuned,pendcart,GWO,7,,,,,,,,,,,,19.388928400682442,589.2,,0.21501759910517618,0.21501759910517618,150.0
closed_loop,tuned,pendcart,GWO,8,,,,,,,,,,,,19.89404806663515,573.7333333333333,,0.215019563234252,0.215019563234252,150.0
closed_loop,tuned,pendcart,GWO,9,,,,,,,,,,,,19.802472219841246,577.2,,0.21501855122227356,0.21501855122227356,150.0
closed_loop,tuned,pendcart,GWO,10,,,,,,,,,,,,20.646494246611837,604.0,,0.21502071935333572,0.21502071935333572,150.0
closed_loop,tuned,pendcart,GWO,11,,,,,,,,,,,,19.547159452631604,569.3333333333334,,0.21502316673579472,0.21502316673579472,150.0
closed_loop,tuned,pendcart,GWO,12,,,,,,,,,,,,19.666162127396092,582.2666666666667,,0.21502460216827857,0.21502460216827857,150.0
closed_loop,tuned,pendcart,GWO,13,,,,,,,,,,,,18.947459207168624,563.2,,0.21502434595032976,0.21502434595032976,150.0
closed_loop,tuned,pendcart,GWO,14,,,,,,,,,,,,19.190986899193376,571.0666666666667,,0.21500316841325695,0.21500316841325695,150.0
closed_loop,tuned,pendcart,GWO,15,,,,,,,,,,,,18.892455080834527,559.0666666666667,,0.2150158562346333,0.2150158562346333,150.0
closed_loop,tuned,pendcart,GWO,16,,,,,,,,,,,,19.08143042703159,577.6,,0.21503823735461294,0.21503823735461294,150.0
closed_loop,tuned,pendcart,GWO,17,,,,,,,,,,,,18.882334866502788,570.9333333333333,,0.2149993172920773,0.2149993172920773,150.0
closed_loop,tuned,pendcart,GWO,18,,,,,,,,,,,,19.378567893096868,587.3333333333334,,0.2150083651808526,0.2150083651808526,150.0
closed_loop,tuned,pendcart,GWO,19,,,,,,,,,,,,19.203652607102413,576.5333333333333,,0.21503323309864797,0.21503323309864797,150.0
closed_loop,tuned,pendcart,PSO,0,,,,,,,,,,,,11.638010399862347,485.6,,0.21497948145866855,0.21497948145866855,150.0
closed_loop,tuned,pendcart,PSO,1,,,,,,,,,,,,12.838962846629633,544.4,,0.2149088188782387,0.2149088188782387,150.0
closed_loop,tuned,pendcart,PSO,2,,,,,,,,,,,,12.953176573792007,542.8,,0.21501057823942032,0.21501057823942032,150.0
closed_loop,tuned,pendcart,PSO,3,,,,,,,,,,,,12.924160146406697,543.6,,0.21505119520629457,0.21505119520629457,150.0
closed_loop,tuned,pendcart,PSO,4,,,,,,,,,,,,11.790830840473063,495.73333333333335,,0.21498589585076516,0.21498589585076516,150.0
closed_loop,tuned,pendcart,PSO,5,,,,,,,,,,,,12.961905139964074,535.8666666666667,,0.21503488157104272,0.21503488157104272,150.0
closed_loop,tuned,pendcart,PSO,6,,,,,,,,,,,,13.044957232583934,546.6666666666666,,0.21493832143914704,0.21493832143914704,150.0
closed_loop,tuned,pendcart,PSO,7,,,,,,,,,,,,12.487624979985412,526.5333333333333,,0.21500493550068367,0.21500493550068367,150.0
closed_loop,tuned,pendcart,PSO,8,,,,,,,,,,,,12.746477893864116,536.1333333333333,,0.21500743770247951,0.21500743770247951,150.0
closed_loop,tuned,pendcart,PSO,9,,,,,,,,,,,,12.5699413131224,526.4,,0.21476043835763062,0.21476043835763062,150.0
closed_loop,tuned,pendcart,PSO,10,,,,,,,,,,,,13.063217333304541,548.5333333333333,,0.214996154610135,0.214996154610135,150.0
closed_loop,tuned,pendcart,PSO,11,,,,,,,,,,,,13.085032765811775,529.6,,0.21501535005915456,0.21501535005915456,150.0
closed_loop,tuned,pendcart,PSO,12,,,,,,,,,,,,13.24327990655244,543.3333333333334,,0.2148914743521799,0.2148914743521799,150.0
closed_loop,tuned,pendcart,PSO,13,,,,,,,,,,,,13.694007161150997,564.0,,0.21493558475850397,0.21493558475850397,150.0
closed_loop,tuned,pendcart,PSO,14,,,,,,,,,,,,13.51573201973224,549.3333333333334,,0.21501142651009864,0.21501142651009864,150.0
closed_loop,tuned,pendcart,PSO,15,,,,,,,,,,,,13.012531860537516,534.5333333333333,,0.2149175554496689,0.2149175554496689,150.0
closed_loop,tuned,pendcart,PSO,16,,,,,,,,,,,,12.65550545261552,513.7333333333333,,0.21490372987789086,0.21490372987789086,150.0
closed_loop,tuned,pendcart,PSO,17,,,,,,,,,,,,12.568196846890109,512.1333333333333,,0.21503845287267506,0.21503845287267506,150.0
closed_loop,tuned,pendcart,PSO,18,,,,,,,,,,,,13.937761699586796,574.4,,0.21490757412317343,0.21490757412317343,150.0
closed_loop,tuned,pendcart,PSO,19,,,,,,,,,,,,13.177788619941566,544.5333333333333,,0.214987665995532,0.214987665995532,150.0
closed_loop,tuned,pendcart,WOA,0,,,,,,,,,,,,20.957099646911956,664.6666666666666,,0.21502261916997772,0.21502261916997772,150.0
closed_loop,tuned,pendcart,WOA,1,,,,,,,,,,,,20.531142500112765,634.6666666666666,,0.2150210495019053,0.2150210495019053,150.0
closed_loop,tuned,pendcart,WOA,2,,,,,,,,,,,,21.306364319946926,679.7333333333333,,0.21502244140970506,0.21502244140970506,150.0
closed_loop,tuned,pendcart,WOA,3,,,,,,,,,,,,20.416941159346607,651.0666666666667,,0.21502210978838343,0.21502210978838343,150.0
closed_loop,tuned,pendcart,WOA,4,,,,,,,,,,,,21.024229093454778,656.5333333333333,,0.21502279748510275,0.21502279748510275,150.0
closed_loop,tuned,pendcart,WOA,5,,,,,,,,,,,,20.730297473298076,650.6666666666666,,0.21502254391074183,0.21502254391074183,150.0
closed_loop,tuned,pendcart,WOA,6,,,,,,,,,,,,20.761046899812452,655.6,,0.2150219407302775,0.2150219407302775,150.0
closed_loop,tuned,pendcart,WOA,7,,,,,,,,,,,,20.13846355926944,638.9333333333333,,0.2150227881403534,0.2150227881403534,150.0
closed_loop,tuned,pendcart,WOA,8,,,,,,,,,,,,19.50381359376479,617.7333333333333,,0.21502276825847608,0.21502276825847608,150.0
closed_loop,tuned,pendcart,WOA,9,,,,,,,,,,,,20.007575599205058,637.4666666666667,,0.21502198236952544,0.21502198236952544,150.0
closed_loop,tuned,pendcart,WOA,10,,,,,,,,,,,,20.454275513475295,649.0666666666667,,0.21502413704306342,0.21502413704306342,150.0
closed_loop,tuned,pendcart,WOA,11,,,,,,,,,,,,21.20775880049526,671.3333333333334,,0.21502240148153942,0.21502240148153942,150.0
closed_loop,tuned,pendcart,WOA,12,,,,,,,,,,,,20.87291343380154,650.9333333333333,,0.215022212594568,0.215022212594568,150.0
closed_loop,tuned,pendcart,WOA,13,,,,,,,,,,,,21.031819439667743,658.6666666666666,,0.21502187583990948,0.21502187583990948,150.0
closed_loop,tuned,pendcart,WOA,14,,,,,,,,,,,,20.49782917970636,646.8,,0.21502251342183323,0.21502251342183323,150.0
closed_loop,tuned,pendcart,WOA,15,,,,,,,,,,,,19.976528706223082,651.3333333333334,,0.2150224303676184,0.2150224303676184,150.0
closed_loop,tuned,pendcart,WOA,16,,,,,,,,,,,,20.04347405260584,664.4,,0.21502309956385574,0.21502309956385574,150.0
closed_loop,tuned,pendcart,WOA,17,,,,,,,,,,,,20.34976240004956,670.8,,0.21502272800251696,0.21502272800251696,150.0
closed_loop,tuned,pendcart,WOA,18,,,,,,,,,,,,21.76836483956625,675.4666666666667,,0.21502209737239006,0.21502209737239006,150.0
closed_loop,tuned,pendcart,WOA,19,,,,,,,,,,,,20.711150946153793,649.2,,0.21502277650762647,0.21502277650762647,150.0
single_step,tuned,cstr,SGO,0,25.0,20.0,1.0,1.0,-2.7723532604361196e-12,0.0,2.7723532604361196e-12,2.7723532604361196e-12,2.7723532604361196e-12,False,7.447979723388024e-06,6.356782992952503,495.0,15.0,,,
single_step,tuned,cstr,SGO,1,25.0,20.0,1.0,1.0,-2.7723532604361196e-12,0.0,2.7723532604361196e-12,2.7723532604361196e-12,2.7723532604361196e-12,False,7.447979723388024e-06,6.438513999455608,513.0,15.0,,,
single_step,tuned,cstr,SGO,2,25.0,20.0,1.0,1.0,-2.7723532604361196e-12,0.0,2.7723532604361196e-12,2.7723532604361196e-12,2.7723532604361196e-12,False,7.447979723388024e-06,6.246976990951225,487.0,15.0,,,
single_step,tuned,cstr,SGO,3,25.0,20.0,1.0,1.0,-2.7723532604361196e-12,0.0,2.7723532604361196e-12,2.7723532604361196e-12,2.7723532604361196e-12,False,7.447979723388024e-06,6.136433003121056,473.0,15.0,,,
single_step,tuned,cstr,SGO,4,25.0,20.0,1.0,1.0,-2.7723532604361196e-12,0.0,2.7723532604361196e-12,2.7723532604361196e-12,2.7723532604361196e-12,False,7.447979723388024e-06,6.167393003124744,481.0,15.0,,,
single_step,tuned,cstr,SGO,5,25.0,20.0,1.0,1.0,-2.7723532604361196e-12,0.0,2.7723532604361196e-12,2.7723532604361196e-12,2.7723532604361196e-12,False,7.447979723388024e-06,6.2974049942567945,481.0,15.0,,,
single_step,tuned,cstr,SGO,6,25.0,20.0,1.0,1.0,-2.7723532604361196e-12,0.0,2.7723532604361196e-12,2.7723532604361196e-12,2.7723532604361196e-12,False,7.447979723388024e-06,6.344025008729659,495.0,15.0,,,
single_step,tuned,cstr,SGO,7,25.0,20.0,1.0,1.0,-2.7723532604361196e-12,0.0,2.7723532604361196e-12,2.7723532604361196e-12,2.7723532604361196e-12,False,7.447979723388024e-06,6.190079002408311,481.0,15.0,,,
single_step,tuned,cstr,SGO,8,25.0,20.0,1.0,1.0,-2.7723532604361196e-12,0.0,2.7723532604361196e-12,2.7723532604361196e-12,2.7723532604361196e-12,False,7.447979723388024e-06,6.009049000567757,471.0,15.0,,,
single_step,tuned,cstr,SGO,9,25.0,20.0,1.0,1.0,-2.7723532604361196e-12,0.0,2.7723532604361196e-12,2.7723532604361196e-12,2.7723532604361196e-12,False,7.447979723388024e-06,6.057536011212505,473.0,15.0,,,
single_step,tuned,cstr,SGO,10,25.0,20.0,1.0,1.0,-2.7723532604361196e-12,0.0,2.7723532604361196e-12,2.7723532604361196e-12,2.7723532604361196e-12,False,7.447979723388024e-06,5.992513004457578,461.0,15.0,,,
single_step,tuned,cstr,SGO,11,25.0,20.0,1.0,1.0,-2.7723532604361196e-12,0.0,2.7723532604361196e-12,2.7723532604361196e-12,2.7723532604361196e-12,False,7.447979723388024e-06,6.066686997655779,481.0,15.0,,,
single_step,tuned,cstr,SGO,12,25.0,20.0,1.0,1.0,-2.7723532604361196e-12,0.0,2.7723532604361196e-12,2.7723532604361196e-12,2.7723532604361196e-12,False,7.447979723388024e-06,6.075527999200858,475.0,15.0,,,
single_step,tuned,cstr,SGO,13,25.0,20.0,1.0,1.0,-2.7723532604361196e-12,0.0,2.7723532604361196e-12,2.7723532604361196e-12,2.7723532604361196e-12,False,7.447979723388024e-06,6.221686999197118,497.0,15.0,,,
single_step,tuned,cstr,SGO,14,25.0,20.0,1.0,1.0,-2.7723532604361196e-12,0.0,2.7723532604361196e-12,2.7723532604361196e-12,2.7723532604361196e-12,False,7.447979723388024e-06,5.893480003578588,453.0,15.0,,,
single_step,tuned,cstr,SGO,15,25.0,20.0,1.0,1.0,-2.7723532604361196e-12,0.0,2.7723532604361196e-12,2.7723532604361196e-12,2.7723532604361196e-12,False,7.447979723388024e-06,5.996647989377379,481.0,15.0,,,
single_step,tuned,cstr,SGO,16,25.0,20.0,1.0,1.0,-2.7723532604361196e-12,0.0,2.7723532604361196e-12,2.7723532604361196e-12,2.7723532604361196e-12,False,7.447979723388024e-06,5.8821150014409795,469.0,15.0,,,
single_step,tuned,cstr,SGO,17,25.0,20.0,1.0,1.0,-2.7723532604361196e-12,0.0,2.7723532604361196e-12,2.7723532604361196e-12,2.7723532604361196e-12,False,7.447979723388024e-06,5.920808995142579,483.0,15.0,,,
single_step,tuned,cstr,SGO,18,25.0,20.0,1.0,1.0,-2.7723532604361196e-12,0.0,2.7723532604361196e-12,2.7723532604361196e-12,2.7723532604361196e-12,False,7.447979723388024e-06,5.768996008555405,471.0,15.0,,,
single_step,tuned,cstr,SGO,19,25.0,20.0,1.0,1.0,-2.7723532604361196e-12,0.0,2.7723532604361196e-12,2.7723532604361196e-12,2.7723532604361196e-12,False,7.447979723388024e-06,5.964310999843292,499.0,15.0,,,
single_step,tuned,cstr,SGO,20,25.0,20.0,1.0,1.0,-2.7723532604361196e-12,0.0,2.7723532604361196e-12,2.7723532604361196e-12,2.7723532604361196e-12,False,7.447979723388024e-06,5.710115990950726,471.0,15.0,,,
single_step,tuned,cstr,SGO,21,25.0,20.0,1.0,1.0,-2.7723532604361196e-12,0.0,2.7723532604361196e-12,2.7723532604361196e-12,2.7723532604361196e-12,False,7.447979723388024e-06,5.552157002966851,455.0,15.0,,,
single_step,tuned,cstr,SGO,22,25.0,20.0,1.0,1.0,-2.7723532604361196e-12,0.0,2.7723532604361196e-12,2.7723532604361196e-12,2.7723532604361196e-12,False,7.447979723388024e-06,5.92484200024046,487.0,15.0,,,
single_step,tuned,cstr,SGO,23,25.0,20.0,1.0,1.0,-2.7723532604361196e-12,0.0,2.7723532604361196e-12,2.7723532604361196e-12,2.7723532604361196e-12,False,7.447979723388024e-06,5.922625001403503,493.0,15.0,,,
single_step,tuned,cstr,SGO,24,25.0,20.0,1.0,1.0,-2.7723532604361196e-12,0.0,2.7723532604361196e-12,2.7723532604361196e-12,2.7723532604361196e-12,False,7.447979723388024e-06,6.016330007696524,501.0,15.0,,,
single_step,tuned,cstr,SGO,25,25.0,20.0,1.0,1.0,-2.7723532604361196e-12,0.0,2.7723532604361196e-12,2.7723532604361196e-12,2.7723532604361196e-12,False,7.447979723388024e-06,5.981797992717475,501.0,15.0,,,
single_step,tuned,cstr,SGO,26,25.0,20.0,1.0,1.0,-2.7723532604361196e-12,0.0,2.7723532604361196e-12,2.7723532604361196e-12,2.7723532604361196e-12,False,7.447979723388024e-06,5.617797010927461,463.0,15.0,,,
single_step,tuned,cstr,SGO,27,25.0,20.0,1.0,1.0,-2.7723532604361196e-12,0.0,2.7723532604361196e-12,2.7723532604361196e-12,2.7723532604361196e-12,False,7.447979723388024e-06,5.796090001240373,473.0,15.0,,,
single_step,tuned,cstr,SGO,28,25.0,20.0,1.0,1.0,-2.7723532604361196e-12,0.0,2.7723532604361196e-12,2.7723532604361196e-12,2.7723532604361196e-12,False,7.447979723388024e-06,6.015633000060916,499.0,15.0,,,
single_step,tuned,cstr,SGO,29,25.0,20.0,1.0,1.0,-2.7723532604361196e-12,0.0,2.7723532604361196e-12,2.7723532604361196e-12,2.7723532604361196e-12,False,7.447979723388024e-06,5.456979997688904,437.0,15.0,,,
single_step,tuned,cstr,SGO,30,25.0,20.0,1.0,1.0,-2.7723532604361196e-12,0.0,2.7723532604361196e-12,2.7723532604361196e-12,2.7723532604361196e-12,False,7.447979723388024e-06,6.025804992532358,501.0,15.0,,,
single_step,tuned,cstr,SGO,31,25.0,20.0,1.0,1.0,-2.7723532604361196e-12,0.0,2.7723532604361196e-12,2.7723532604361196e-12,2.7723532604361196e-12,False,7.447979723388024e-06,5.896646005567163,485.0,15.0,,,
single_step,tuned,cstr,SGO,32,25.0,20.0,1.0,1.0,-2.7723532604361196e-12,0.0,2.7723532604361196e-12,2.7723532604361196e-12,2.7723532604361196e-12,False,7.447979723388024e-06,5.7236830034526065,475.0,15.0,,,
single_step,tuned,cstr,SGO,33,25.0,20.0,1.0,1.0,-2.7723532604361196e-12,0.0,2.7723532604361196e-12,2.7723532604361196e-12,2.7723532604361196e-12,False,7.447979723388024e-06,5.839498990098946,487.0,15.0,,,
single_step,tuned,cstr,SGO,34,25.0,20.0,1.0,1.0,-2.7723532604361196e-12,0.0,2.7723532604361196e-12,2.7723532604361196e-12,2.7723532604361196e-12,False,7.447979723388024e-06,6.105263993958943,521.0,15.0,,,
single_step,tuned,cstr,SGO,35,25.0,20.0,1.0,1.0,-2.7723532604361196e-12,0.0,2.7723532604361196e-12,2.7723532604361196e-12,2.7723532604361196e-12,False,7.447979723388024e-06,5.8944439952028915,493.0,15.0,,,
single_step,tuned,cstr,SGO,36,25.0,20.0,1.0,1.0,-2.7723532604361196e-12,0.0,2.7723532604361196e-12,2.7723532604361196e-12,2.7723532604361196e-12,False,7.447979723388024e-06,6.061842999770306,503.0,15.0,,,
single_step,tuned,cstr,SGO,37,25.0,20.0,1.0,1.0,-2.7723532604361196e-12,0.0,2.7723532604361196e-12,2.7723532604361196e-12,2.7723532604361196e-12,False,7.447979723388024e-06,5.977293010801077,495.0,15.0,,,
single_step,tuned,cstr,SGO,38,25.0,20.0,1.0,1.0,-2.7723532604361196e-12,0.0,2.7723532604361196e-12,2.7723532604361196e-12,2.7723532604361196e-12,False,7.447979723388024e-06,5.978645000141114,491.0,15.0,,,
single_step,tuned,cstr,SGO,39,25.0,20.0,1.0,1.0,-2.7723532604361196e-12,0.0,2.7723532604361196e-12,2.7723532604361196e-12,2.7723532604361196e-12,False,7.447979723388024e-06,6.263504998059943,521.0,15.0,,,
single_step,tuned,cstr,SGO,40,25.0,20.0,1.0,1.0,-2.7723532604361196e-12,0.0,2.7723532604361196e-12,2.7723532604361196e-12,2.7723532604361196e-12,False,7.447979723388024e-06,5.93590599601157,475.0,15.0,,,
single_step,tuned,cstr,SGO,41,25.0,20.0,1.0,1.0,-2.7723532604361196e-12,0.0,2.7723532604361196e-12,2.7723532604361196e-12,2.7723532604361196e-12,False,7.447979723388024e-06,6.074873002944514,499.0,15.0,,,
single_step,tuned,cstr,SGO,42,25.0,20.0,1.0,1.0,-2.7723532604361196e-12,0.0,2.7723532604361196e-12,2.7723532604361196e-12,2.7723532604361196e-12,False,7.447979723388024e-06,6.067474008887075,491.0,15.0,,,
single_step,tuned,cstr,SGO,43,25.0,20.0,1.0,1.0,-2.7723532604361196e-12,0.0,2.7723532604361196e-12,2.7723532604361196e-12,2.7723532604361196e-12,False,7.447979723388024e-06,6.191070002387278,503.0,15.0,,,
single_step,tuned,cstr,SGO,44,25.0,20.0,1.0,1.0,-2.7723532604361196e-12,0.0,2.7723532604361196e-12,2.7723532604361196e-12,2.7723532604361196e-12,False,7.447979723388024e-06,6.148979999125004,479.0,15.0,,,
single_step,tuned,cstr,SGO,45,25.0,20.0,1.0,1.0,-2.7723532604361196e-12,0.0,2.7723532604361196e-12,2.7723532604361196e-12,2.7723532604361196e-12,False,7.447979723388024e-06,6.210663006640971,485.0,15.0,,,
single_step,tuned,cstr,SGO,46,25.0,20.0,1.0,1.0,-2.7723532604361196e-12,0.0,2.7723532604361196e-12,2.7723532604361196e-12,2.7723532604361196e-12,False,7.447979723388024e-06,6.223970995051786,481.0,15.0,,,
single_step,tuned,cstr,SGO,47,25.0,20.0,1.0,1.0,-2.7723532604361196e-12,0.0,2.7723532604361196e-12,2.7723532604361196e-12,2.7723532604361196e-12,False,7.447979723388024e-06,6.118773992056958,471.0,15.0,,,
single_step,tuned,cstr,SGO,48,25.0,20.0,1.0,1.0,-2.7723532604361196e-12,0.0,2.7723532604361196e-12,2.7723532604361196e-12,2.7723532604361196e-12,False,7.447979723388024e-06,6.1097989964764565,493.0,15.0,,,
single_step,tuned,cstr,SGO,49,25.0,20.0,1.0,1.0,-2.7723532604361196e-12,0.0,2.7723532604361196e-12,2.7723532604361196e-12,2.7723532604361196e-12,False,7.447979723388024e-06,5.90003099932801,467.0,15.0,,,
single_step,tuned,cstr,GWO,0,25.0,20.0,1.0,1.0,-2.7723532604361196e-12,0.0,2.7723532604361196e-12,2.7723532604361196e-12,2.7723532604361196e-12,False,7.447979723388024e-06,3.269200009526685,224.0,15.0,,,
single_step,tuned,cstr,GWO,1,25.0,20.0,1.0,1.0,-2.7723532604361196e-12,-1.7843460988850332e-12,9.880071615510864e-13,9.880071615510864e-13,9.880071615510864e-13,False,1.797063786293544e-06,3.230934002203867,224.0,15.0,,,
single_step,tuned,cstr,GWO,2,25.0,20.0,1.0,1.0,-2.7723532604361196e-12,0.0,2.7723532604361196e-12,2.7723532604361196e-12,2.7723532604361196e-12,False,7.447979723388024e-06,3.2249630021397024,224.0,15.0,,,
single_step,tuned,cstr,GWO,3,25.0,20.0,1.0,1.0,-2.7723532604361196e-12,0.0,2.7723532604361196e-12,2.7723532604361196e-12,2.7723532604361196e-12,False,7.447979723388024e-06,3.2402649958385155,224.0,15.0,,,
single_step,tuned,cstr,GWO,4,25.0,20.0,1.0,1.0,-2.7723532604361196e-12,0.0,2.7723532604361196e-12,2.7723532604361196e-12,2.7723532604361196e-12,False,7.447979723388024e-06,3.2468919962411746,224.0,15.0,,,
single_step,tuned,cstr,GWO,5,25.0,20.0,1.0,1.0,-2.7723532604361196e-12,-2.3488311454608024e-12,4.235221149753172e-13,4.235221149753172e-13,4.235221149753172e-13,False,2.274772267984363e-06,3.2592909992672503,224.0,15.0,,,
single_step,tuned,cstr,GWO,6,25.0,20.0,1.0,1.0,-2.7723532604361196e-12,0.0,2.7723532604361196e-12,2.7723532604361196e-12,2.7723532604361196e-12,False,7.447979723388024e-06,3.2281379972118884,224.0,15.0,,,
single_step,tuned,cstr,GWO,7,25.0,20.0,1.0,1.0,-2.7723532604361196e-12,0.0,2.7723532604361196e-12,2.7723532604361196e-12,2.7723532604361196e-12,False,7.447979723388024e-06,3.392365004401654,224.0,15.0,,,
single_step,tuned,cstr,GWO,8,25.0,20.0,1.0,1.0,-2.7723532604361196e-12,-8.654805181916133e-13,1.9068727422445063e-12,1.9068727422445063e-12,1.9068727422445063e-12,False,8.185544008504154e-07,3.647636011010036,224.0,15.0,,,
single_step,tuned,cstr,GWO,9,25.0,20.0,1.0,1.0,-2.7723532604361196e-12,0.0,2.7723532604361196e-12,2.7723532604361196e-12,2.7723532604361196e-12,False,7.447979723388024e-06,3.532984002958983,224.0,15.0,,,
single_step,tuned,cstr,GWO,10,25.0,20.0,1.0,1.0,-2.7723532604361196e-12,0.0,2.7723532604361196e-12,2.7723532604361196e-12,2.7723532604361196e-12,False,7.447979723388024e-06,3.4736390080070123,224.0,15.0,,,
single_step,tuned,cstr,GWO,11,25.0,20.0,1.0,1.0,-2.7723532604361196e-12,0.0,2.7723532604361196e-12,2.7723532604361196e-12,2.7723532604361196e-12,False,7.447979723388024e-06,3.4315290104132146,224.0,15.0,,,
single_step,tuned,cstr,GWO,12,25.0,20.0,1.0,1.0,-2.7723532604361196e-12,0.0,2.7723532604361196e-12,2.7723532604361196e-12,2.7723532604361196e-12,False,7.447979723388024e-06,3.407006006455049,224.0,15.0,,,
single_step,tuned,cstr,GWO,13,25.0,20.0,1.0,1.0,-2.7723532604361196e-12,0.0,2.7723532604361196e-12,2.7723532604361196e-12,2.7723532604361196e-12,False,7.447979723388024e-06,3.405287003261037,224.0,15.0,,,
single_step,tuned,cstr,GWO,14,25.0,20.0,1.0,1.0,-2.7723532604361196e-12,0.0,2.7723532604361196e-12,2.7723532604361196e-12,2.7723532604361196e-12,False,7.447979723388024e-06,3.4019299928331748,224.0,15.0,,,
single_step,tuned,cstr,GWO,15,25.0,20.0,1.0,1.0,-2.7723532604361196e-12,-1.2285475284752887e-12,1.5438057319608309e-12,1.5438057319608309e-12,1.5438057319608309e-12,False,5.731777206764911e-06,3.342148003866896,224.0,15.0,,,
single_step,tuned,cstr,GWO,16,25.0,20.0,1.0,1.0,-2.7723532604361196e-12,0.0,2.7723532604361196e-12,2.7723532604361196e-12,2.7723532604361196e-12,False,7.447979723388024e-06,3.3105759939644486,224.0,15.0,,,
single_step,tuned,cstr,GWO,17,25.0,20.0,1.0,1.0,-2.7723532604361196e-12,0.0,2.7723532604361196e-12,2.7723532604361196e-12,2.7723532604361196e-12,False,7.447979723388024e-06,3.3045040036085993,224.0,15.0,,,
single_step,tuned,cstr,GWO,18,25.0,20.0,1.0,1.0,-2.7723532604361196e-12,0.0,2.7723532604361196e-12,2.7723532604361196e-12,2.7723532604361196e-12,False,7.447979723388024e-06,3.207001995178871,224.0,15.0,,,
single_step,tuned,cstr,GWO,19,25.0,20.0,1.0,1.0,-2.7723532604361196e-12,-1.6628649145339837e-12,1.109488345902136e-12,1.109488345902136e-12,1.109488345902136e-12,False,4.795176789771615e-06,3.149336000205949,224.0,15.0,,,
single_step,tuned,cstr,GWO,20,25.0,20.0,1.0,1.0,-2.7723532604361196e-12,0.0,2.7723532604361196e-12,2.7723532604361196e-12,2.7723532604361196e-12,False,7.447979723388024e-06,3.1655130005674437,224.0,15.0,,,
single_step,tuned,cstr,GWO,21,25.0,20.0,1.0,1.0,-2.7723532604361196e-12,0.0,2.7723532604361196e-12,2.7723532604361196e-12,2.7723532604361196e-12,False,7.447979723388024e-06,3.1572720035910606,224.0,15.0,,,
single_step,tuned,cstr,GWO,22,25.0,20.0,1.0,1.0,-2.7723532604361196e-12,0.0,2.7723532604361196e-12,2.7723532604361196e-12,2.7723532604361196e-12,False,7.447979723388024e-06,3.1635369959985837,224.0,15.0,,,
single_step,tuned,cstr,GWO,23,25.0,20.0,1.0,1.0,-2.7723532604361196e-12,0.0,2.7723532604361196e-12,2.7723532604361196e-12,2.7723532604361196e-12,False,7.447979723388024e-06,3.162973007420078,224.0,15.0,,,
single_step,tuned,cstr,GWO,24,25.0,20.0,1.0,1.0,-2.7723532604361196e-12,0.0,2.7723532604361196e-12,2.7723532604361196e-12,2.7723532604361196e-12,False,7.447979723388024e-06,3.2335989963030443,224.0,15.0,,,
single_step,tuned,cstr,GWO,25,25.0,20.0,1.0,1.0,-2.7723532604361196e-12,-2.215853201507881e-12,5.565000589282385e-13,5.565000589282385e-13,5.565000589282385e-13,False,6.682022647205876e-07,3.202293999493122,224.0,15.0,,,
single_step,tuned,cstr,GWO,26,25.0,20.0,1.0,1.0,-2.7723532604361196e-12,0.0,2.7723532604361196e-12,2.7723532604361196e-12,2.7723532604361196e-12,False,7.447979723388024e-06,3.2946930004982278,224.0,15.0,,,
single_step,tuned,cstr,GWO,27,25.0,20.0,1.0,1.0,-2.7723532604361196e-12,0.0,2.7723532604361196e-12,2.7723532604361196e-12,2.7723532604361196e-12,False,7.447979723388024e-06,3.3326109987683594,224.0,15.0,,,
single_step,tuned,cstr,GWO,28,25.0,20.0,1.0,1.0,-2.7723532604361196e-12,0.0,2.7723532604361196e-12,2.7723532604361196e-12,2.7723532604361196e-12,False,7.447979723388024e-06,3.3601809991523623,224.0,15.0,,,
single_step,tuned,cstr,GWO,29,25.0,20.0,1.0,1.0,-2.7723532604361196e-12,-1.1892072511681333e-12,1.5831460092679863e-12,1.5831460092679863e-12,1.5831460092679863e-12,False,5.824778497817554e-06,3.327669997815974,224.0,15.0,,,
single_step,tuned,cstr,GWO,30,25.0,20.0,1.0,1.0,-2.7723532604361196e-12,-2.7828775547047704e-12,-1.0524294268650821e-14,1.0524294268650821e-14,1.0524294268650821e-14,False,1.3476995728660903e-06,3.3582900068722665,224.0,15.0,,,
single_step,tuned,cstr,GWO,31,25.0,20.0,1.0,1.0,-2.7723532604361196e-12,0.0,2.7723532604361196e-12,2.7723532604361196e-12,2.7723532604361196e-12,False,7.447979723388024e-06,3.330681996885687,224.0,15.0,,,
single_step,tuned,cstr,GWO,32,25.0,20.0,1.0,1.0,-2.7723532604361196e-12,0.0,2.7723532604361196e-12,2.7723532604361196e-12,2.7723532604361196e-12,False,7.447979723388024e-06,3.3131200034404173,224.0,15.0,,,
single_step,tuned,cstr,GWO,33,25.0,20.0,1.0,1.0,-2.7723532604361196e-12,0.0,2.7723532604361196e-12,2.7723532604361196e-12,2.7723532604361196e-12,False,7.447979723388024e-06,3.3176080032717437,224.0,15.0,,,
single_step,tuned,cstr,GWO,34,25.0,20.0,1.0,1.0,-2.7723532604361196e-12,-2.524765400167373e-12,2.4758786026874667e-13,2.4758786026874667e-13,2.4758786026874667e-13,False,5.830432087238167e-07,3.38047300465405,224.0,15.0,,,
single_step,tuned,cstr,GWO,35,25.0,20.0,1.0,1.0,-2.7723532604361196e-12,0.0,2.7723532604361196e-12,2.7723532604361196e-12,2.7723532604361196e-12,False,7.447979723388024e-06,3.4012489923043177,224.0,15.0,,,
single_step,tuned,cstr,GWO,36,25.0,20.0,1.0,1.0,-2.7723532604361196e-12,0.0,2.7723532604361196e-12,2.7723532604361196e-12,2.7723532604361196e-12,False,7.447979723388024e-06,3.335368004627526,224.0,15.0,,,
single_step,tuned,cstr,GWO,37,25.0,20.0,1.0,1.0,-2.7723532604361196e-12,0.0,2.7723532604361196e-12,2.7723532604361196e-12,2.7723532604361196e-12,False,7.447979723388024e-06,3.3287179976468906,224.0,15.0,,,
single_step,tuned,cstr,GWO,38,25.0,20.0,1.0,1.0,-2.7723532604361196e-12,0.0,2.7723532604361196e-12,2.7723532604361196e-12,2.7723532604361196e-12,False,7.447979723388024e-06,3.381347007234581,224.0,15.0,,,
single_step,tuned,cstr,GWO,39,25.0,20.0,1.0,1.0,-2.7723532604361196e-12,-1.950557630878119e-12,8.217956295580005e-13,8.217956295580005e-13,8.217956295580005e-13,False,4.271872962730982e-06,3.3300840004812926,224.0,15.0,,,
single_step,tuned,cstr,GWO,40,25.0,20.0,1.0,1.0,-2.7723532604361196e-12,0.0,2.7723532604361196e-12,2.7723532604361196e-12,2.7723532604361196e-12,False,7.447979723388024e-06,3.285921993665397,224.0,15.0,,,
single_step,tuned,cstr,GWO,41,25.0,20.0,1.0,1.0,-2.7723532604361196e-12,0.0,2.7723532604361196e-12,2.7723532604361196e-12,2.7723532604361196e-12,False,7.447979723388024e-06,3.326871999888681,224.0,15.0,,,
single_step,tuned,cstr,GWO,42,25.0,20.0,1.0,1.0,-2.7723532604361196e-12,-2.001263082222886e-12,7.710901782132338e-13,7.710901782132338e-13,7.710901782132338e-13,False,4.06965332221254e-06,3.3584600023459643,224.0,15.0,,,
single_step,tuned,cstr,GWO,43,25.0,20.0,1.0,1.0,-2.7723532604361196e-12,0.0,2.7723532604361196e-12,2.7723532604361196e-12,2.7723532604361196e-12,False,7.447979723388024e-06,3.2965739956125617,224.0,15.0,,,
single_step,tuned,cstr,GWO,44,25.0,20.0,1.0,1.0,-2.7723532604361196e-12,0.0,2.7723532604361196e-12,2.7723532604361196e-12,2.7723532604361196e-12,False,7.447979723388024e-06,3.4082560014212504,224.0,15.0,,,
single_step,tuned,cstr,GWO,45,25.0,20.0,1.0,1.0,-2.7723532604361196e-12,0.0,2.7723532604361196e-12,2.7723532604361196e-12,2.7723532604361196e-12,False,7.447979723388024e-06,3.3546750055393204,224.0,15.0,,,
single_step,tuned,cstr,GWO,46,25.0,20.0,1.0,1.0,-2.7723532604361196e-12,0.0,2.7723532604361196e-12,2.7723532604361196e-12,2.7723532604361196e-12,False,7.447979723388024e-06,3.3231239940505475,224.0,15.0,,,
single_step,tuned,cstr,GWO,47,25.0,20.0,1.0,1.0,-2.7723532604361196e-12,0.0,2.7723532604361196e-12,2.7723532604361196e-12,2.7723532604361196e-12,False,7.447979723388024e-06,3.3137669961433858,224.0,15.0,,,
single_step,tuned,cstr,GWO,48,25.0,20.0,1.0,1.0,-2.7723532604361196e-12,0.0,2.7723532604361196e-12,2.7723532604361196e-12,2.7723532604361196e-12,False,7.447979723388024e-06,3.3008949976647273,224.0,15.0,,,
single_step,tuned,cstr,GWO,49,25.0,20.0,1.0,1.0,-2.7723532604361196e-12,0.0,2.7723532604361196e-12,2.7723532604361196e-12,2.7723532604361196e-12,False,7.447979723388024e-06,3.3135700068669394,224.0,15.0,,,
single_step,tuned,cstr,PSO,0,25.0,20.0,1.0,1.0,-2.7723532604361196e-12,0.0,2.7723532604361196e-12,2.7723532604361196e-12,2.7723532604361196e-12,False,7.447979723388024e-06,1.7810030112741515,480.0,16.0,,,
single_step,tuned,cstr,PSO,1,25.0,20.0,1.0,1.0,-2.7723532604361196e-12,0.0,2.7723532604361196e-12,2.7723532604361196e-12,2.7723532604361196e-12,False,7.447979723388024e-06,1.7465609998907894,480.0,16.0,,,
single_step,tuned,cstr,PSO,2,25.0,20.0,1.0,1.0,-2.7723532604361196e-12,0.0,2.7723532604361196e-12,2.7723532604361196e-12,2.7723532604361196e-12,False,7.447979723388024e-06,1.756747005856596,480.0,16.0,,,
single_step,tuned,cstr,PSO,3,25.0,20.0,1.0,1.0,-2.7723532604361196e-12,0.0,2.7723532604361196e-12,2.7723532604361196e-12,2.7723532604361196e-12,False,7.447979723388024e-06,1.723335008136928,480.0,16.0,,,
single_step,tuned,cstr,PSO,4,25.0,20.0,1.0,1.0,-2.7723532604361196e-12,0.0,2.7723532604361196e-12,2.7723532604361196e-12,2.7723532604361196e-12,False,7.447979723388024e-06,1.7097749951062724,480.0,16.0,,,
single_step,tuned,cstr,PSO,5,25.0,20.0,1.0,1.0,-2.7723532604361196e-12,0.0,2.7723532604361196e-12,2.7723532604361196e-12,2.7723532604361196e-12,False,7.447979723388024e-06,1.6994699981296435,480.0,16.0,,,
single_step,tuned,cstr,PSO,6,25.0,20.0,1.0,1.0,-2.7723532604361196e-12,0.0,2.7723532604361196e-12,2.7723532604361196e-12,2.7723532604361196e-12,False,7.447979723388024e-06,1.7187490011565387,480.0,16.0,,,
single_step,tuned,cstr,PSO,7,25.0,20.0,1.0,1.0,-2.7723532604361196e-12,0.0,2.7723532604361196e-12,2.7723532604361196e-12,2.7723532604361196e-12,False,7.447979723388024e-06,1.7620059952605516,480.0,16.0,,,
single_step,tuned,cstr,PSO,8,25.0,20.0,1.0,1.0,-2.7723532604361196e-12,0.0,2.7723532604361196e-12,2.7723532604361196e-12,2.7723532604361196e-12,False,7.447979723388024e-06,1.7504749994259328,480.0,16.0,,,
single_step,tuned,cstr,PSO,9,25.0,20.0,1.0,1.0,-2.7723532604361196e-12,0.0,2.7723532604361196e-12,2.7723532604361196e-12,2.7723532604361196e-12,False,7.447979723388024e-06,1.73973900382407,480.0,16.0,,,
single_step,tuned,cstr,PSO,10,25.0,20.0,1.0,1.0,-2.7723532604361196e-12,0.0,2.7723532604361196e-12,2.7723532604361196e-12,2.7723532604361196e-12,False,7.447979723388024e-06,1.7482459952589124,480.0,16.0,,,
single_step,tuned,cstr,PSO,11,25.0,20.0,1.0,1.0,-2.7723532604361196e-12,0.0,2.7723532604361196e-12,2.7723532604361196e-12,2.7723532604361196e-12,False,7.447979723388024e-06,1.742326989187859,480.0,16.0,,,
single_step,tuned,cstr,PSO,12,25.0,20.0,1.0,1.0,-2.7723532604361196e-12,0.0,2.7723532604361196e-12,2.7723532604361196e-12,2.7723532604361196e-12,False,7.447979723388024e-06,1.7671349924057722,480.0,16.0,,,
single_step,tuned,cstr,PSO,13,25.0,20.0,1.0,1.0,-2.7723532604361196e-12,0.0,2.7723532604361196e-12,2.7723532604361196e-12,2.7723532604361196e-12,False,7.447979723388024e-06,1.7810729914344847,480.0,16.0,,,
single_step,tuned,cstr,PSO,14,25.0,20.0,1.0,1.0,-2.7723532604361196e-12,0.0,2.7723532604361196e-12,2.7723532604361196e-12,2.7723532604361196e-12,False,7.447979723388024e-06,1.747761998558417,480.0,16.0,,,
single_step,tuned,cstr,PSO,15,25.0,20.0,1.0,1.0,-2.7723532604361196e-12,0.0,2.7723532604361196e-12,2.7723532604361196e-12,2.7723532604361196e-12,False,7.447979723388024e-06,1.7435710033169016,480.0,16.0,,,
single_step,tuned,cstr,PSO,16,25.0,20.0,1.0,1.0,-2.7723532604361196e-12,0.0,2.7723532604361196e-12,2.7723532604361196e-12,2.7723532604361196e-12,False,7.447979723388024e-06,1.753956006723456,480.0,16.0,,,
single_step,tuned,cstr,PSO,17,25.0,20.0,1.0,1.0,-2.7723532604361196e-12,0.0,2.7723532604361196e-12,2.7723532604361196e-12,2.7723532604361196e-12,False,7.447979723388024e-06,1.8003050063271075,480.0,16.0,,,
single_step,tuned,cstr,PSO,18,25.0,20.0,1.0,1.0,-2.7723532604361196e-12,0.0,2.7723532604361196e-12,2.7723532604361196e-12,2.7723532604361196e-12,False,7.447979723388024e-06,1.7889580049086362,480.0,16.0,,,
single_step,tuned,cstr,PSO,19,25.0,20.0,1.0,1.0,-2.7723532604361196e-12,0.0,2.7723532604361196e-12,2.7723532604361196e-12,2.7723532604361196e-12,False,7.447979723388024e-06,1.7635669937590137,480.0,16.0,,,
single_step,tuned,cstr,PSO,20,25.0,20.0,1.0,1.0,-2.7723532604361196e-12,0.0,2.7723532604361196e-12,2.7723532604361196e-12,2.7723532604361196e-12,False,7.447979723388024e-06,1.7635260010138154,480.0,16.0,,,
single_step,tuned,cstr,PSO,21,25.0,20.0,1.0,1.0,-2.7723532604361196e-12,0.0,2.7723532604361196e-12,2.7723532604361196e-12,2.7723532604361196e-12,False,7.447979723388024e-06,1.7461649986216798,480.0,16.0,,,
single_step,tuned,cstr,PSO,22,25.0,20.0,1.0,1.0,-2.7723532604361196e-12,0.0,2.7723532604361196e-12,2.7723532604361196e-12,2.7723532604361196e-12,False,7.447979723388024e-06,1.7459949885960668,480.0,16.0,,,
single_step,tuned,cstr,PSO,23,25.0,20.0,1.0,1.0,-2.7723532604361196e-12,0.0,2.7723532604361196e-12,2.7723532604361196e-12,2.7723532604361196e-12,False,7.447979723388024e-06,1.7476240027463064,480.0,16.0,,,
single_step,tuned,cstr,PSO,24,25.0,20.0,1.0,1.0,-2.7723532604361196e-12,0.0,2.7723532604361196e-12,2.7723532604361196e-12,2.7723532604361196e-12,False,7.447979723388024e-06,1.7429379950044677,480.0,16.0,,,
single_step,tuned,cstr,PSO,25,25.0,20.0,1.0,1.0,-2.7723532604361196e-12,0.0,2.7723532604361196e-12,2.7723532604361196e-12,2.7723532604361196e-12,False,7.447979723388024e-06,1.7214690014952794,480.0,16.0,,,
single_step,tuned,cstr,PSO,26,25.0,20.0,1.0,1.0,-2.7723532604361196e-12,0.0,2.7723532604361196e-12,2.7723532604361196e-12,2.7723532604361196e-12,False,7.447979723388024e-06,1.6969280113698915,480.0,16.0,,,
single_step,tuned,cstr,PSO,27,25.0,20.0,1.0,1.0,-2.7723532604361196e-12,0.0,2.7723532604361196e-12,2.7723532604361196e-12,2.7723532604361196e-12,False,7.447979723388024e-06,1.7270829994231462,480.0,16.0,,,
single_step,tuned,cstr,PSO,28,25.0,20.0,1.0,1.0,-2.7723532604361196e-12,0.0,2.7723532604361196e-12,2.7723532604361196e-12,2.7723532604361196e-12,False,7.447979723388024e-06,1.7030129965860397,480.0,16.0,,,
single_step,tuned,cstr,PSO,29,25.0,20.0,1.0,1.0,-2.7723532604361196e-12,0.0,2.7723532604361196e-12,2.7723532604361196e-12,2.7723532604361196e-12,False,7.447979723388024e-06,1.703581991023384,480.0,16.0,,,
single_step,tuned,cstr,PSO,30,25.0,20.0,1.0,1.0,-2.7723532604361196e-12,0.0,2.7723532604361196e-12,2.7723532604361196e-12,2.7723532604361196e-12,False,7.447979723388024e-06,1.695009006652981,480.0,16.0,,,
single_step,tuned,cstr,PSO,31,25.0,20.0,1.0,1.0,-2.7723532604361196e-12,0.0,2.7723532604361196e-12,2.7723532604361196e-12,2.7723532604361196e-12,False,7.447979723388024e-06,1.7234020051546395,480.0,16.0,,,
single_step,tuned,cstr,PSO,32,25.0,20.0,1.0,1.0,-2.7723532604361196e-12,0.0,2.7723532604361196e-12,2.7723532604361196e-12,2.7723532604361196e-12,False,7.447979723388024e-06,1.707671006442979,480.0,16.0,,,
single_step,tuned,cstr,PSO,33,25.0,20.0,1.0,1.0,-2.7723532604361196e-12,0.0,2.7723532604361196e-12,2.7723532604361196e-12,2.7723532604361196e-12,False,7.447979723388024e-06,1.6992400051094592,480.0,16.0,,,
single_step,tuned,cstr,PSO,34,25.0,20.0,1.0,1.0,-2.7723532604361196e-12,0.0,2.7723532604361196e-12,2.7723532604361196e-12,2.7723532604361196e-12,False,7.447979723388024e-06,1.704186011920683,480.0,16.0,,,
single_step,tuned,cstr,PSO,35,25.0,20.0,1.0,1.0,-2.7723532604361196e-12,0.0,2.7723532604361196e-12,2.7723532604361196e-12,2.7723532604361196e-12,False,7.447979723388024e-06,1.699079992249608,480.0,16.0,,,
single_step,tuned,cstr,PSO,36,25.0,20.0,1.0,1.0,-2.7723532604361196e-12,0.0,2.7723532604361196e-12,2.7723532604361196e-12,2.7723532604361196e-12,False,7.447979723388024e-06,1.6929890116443858,480.0,16.0,,,
single_step,tuned,cstr,PSO,37,25.0,20.0,1.0,1.0,-2.7723532604361196e-12,0.0,2.7723532604361196e-12,2.7723532604361196e-12,2.7723532604361196e-12,False,7.447979723388024e-06,1.6989610012387857,480.0,16.0,,,
single_step,tuned,cstr,PSO,38,25.0,20.0,1.0,1.0,-2.7723532604361196e-12,0.0,2.7723532604361196e-12,2.7723532604361196e-12,2.7723532604361196e-12,False,7.447979723388024e-06,1.7402829980710521,480.0,16.0,,,
single_step,tuned,cstr,PSO,39,25.0,20.0,1.0,1.0,-2.7723532604361196e-12,0.0,2.7723532604361196e-12,2.7723532604361196e-12,2.7723532604361196e-12,False,7.447979723388024e-06,1.7297299928031862,480.0,16.0,,,
single_step,tuned,cstr,PSO,40,25.0,20.0,1.0,1.0,-2.7723532604361196e-12,0.0,2.7723532604361196e-12,2.7723532604361196e-12,2.7723532604361196e-12,False,7.447979723388024e-06,1.718903993605636,480.0,16.0,,,
single_step,tuned,cstr,PSO,41,25.0,20.0,1.0,1.0,-2.7723532604361196e-12,0.0,2.7723532604361196e-12,2.7723532604361196e-12,2.7723532604361196e-12,False,7.447979723388024e-06,1.7372480069752783,480.0,16.0,,,
single_step,tuned,cstr,PSO,42,25.0,20.0,1.0,1.0,-2.7723532604361196e-12,0.0,2.7723532604361196e-12,2.7723532604361196e-12,2.7723532604361196e-12,False,7.447979723388024e-06,1.7253120022360235,480.0,16.0,,,
single_step,tuned,cstr,PSO,43,25.0,20.0,1.0,1.0,-2.7723532604361196e-12,0.0,2.7723532604361196e-12,2.7723532604361196e-12,2.7723532604361196e-12,False,7.447979723388024e-06,1.706266004475765,480.0,16.0,,,
single_step,tuned,cstr,PSO,44,25.0,20.0,1.0,1.0,-2.7723532604361196e-12,0.0,2.7723532604361196e-12,2.7723532604361196e-12,2.7723532604361196e-12,False,7.447979723388024e-06,1.7140090058092028,480.0,16.0,,,
single_step,tuned,cstr,PSO,45,25.0,20.0,1.0,1.0,-2.7723532604361196e-12,0.0,2.7723532604361196e-12,2.7723532604361196e-12,2.7723532604361196e-12,False,7.447979723388024e-06,1.6963300004135817,480.0,16.0,,,
single_step,tuned,cstr,PSO,46,25.0,20.0,1.0,1.0,-2.7723532604361196e-12,0.0,2.7723532604361196e-12,2.7723532604361196e-12,2.7723532604361196e-12,False,7.447979723388024e-06,1.7103529971791431,480.0,16.0,,,
single_step,tuned,cstr,PSO,47,25.0,20.0,1.0,1.0,-2.7723532604361196e-12,0.0,2.7723532604361196e-12,2.7723532604361196e-12,2.7723532604361196e-12,False,7.447979723388024e-06,1.7221950110979378,480.0,16.0,,,
single_step,tuned,cstr,PSO,48,25.0,20.0,1.0,1.0,-2.7723532604361196e-12,0.0,2.7723532604361196e-12,2.7723532604361196e-12,2.7723532604361196e-12,False,7.447979723388024e-06,1.6990289877867326,480.0,16.0,,,
single_step,tuned,cstr,PSO,49,25.0,20.0,1.0,1.0,-2.7723532604361196e-12,0.0,2.7723532604361196e-12,2.7723532604361196e-12,2.7723532604361196e-12,False,7.447979723388024e-06,1.6983390087261796,480.0,16.0,,,
single_step,tuned,cstr,WOA,0,25.0,20.0,1.0,1.0,-2.7723532604361196e-12,0.0,2.7723532604361196e-12,2.7723532604361196e-12,2.7723532604361196e-12,False,7.447979723388024e-06,2.6129320031031966,320.0,16.0,,,
single_step,tuned,cstr,WOA,1,25.0,20.0,1.0,1.0,-2.7723532604361196e-12,0.0,2.7723532604361196e-12,2.7723532604361196e-12,2.7723532604361196e-12,False,7.447979723388024e-06,2.5791490043047816,320.0,16.0,,,
single_step,tuned,cstr,WOA,2,25.0,20.0,1.0,1.0,-2.7723532604361196e-12,0.0,2.7723532604361196e-12,2.7723532604361196e-12,2.7723532604361196e-12,False,7.447979723388024e-06,2.5613600009819493,320.0,16.0,,,
single_step,tuned,cstr,WOA,3,25.0,20.0,1.0,1.0,-2.7723532604361196e-12,0.0,2.7723532604361196e-12,2.7723532604361196e-12,2.7723532604361196e-12,False,7.447979723388024e-06,2.482015988789499,320.0,16.0,,,
single_step,tuned,cstr,WOA,4,25.0,20.0,1.0,1.0,-2.7723532604361196e-12,0.0,2.7723532604361196e-12,2.7723532604361196e-12,2.7723532604361196e-12,False,7.447979723388024e-06,2.49647100281436,320.0,16.0,,,
single_step,tuned,cstr,WOA,5,25.0,20.0,1.0,1.0,-2.7723532604361196e-12,0.0,2.7723532604361196e-12,2.7723532604361196e-12,2.7723532604361196e-12,False,7.447979723388024e-06,2.5271360063925385,320.0,16.0,,,
single_step,tuned,cstr,WOA,6,25.0,20.0,1.0,1.0,-2.7723532604361196e-12,-6.933942114415986e-14,2.7030138392919596e-12,2.7030138392919596e-12,2.7030138392919596e-12,False,7.463483586622959e-06,2.6065679994644597,320.0,16.0,,,
single_step,tuned,cstr,WOA,7,25.0,20.0,1.0,1.0,-2.7723532604361196e-12,0.0,2.7723532604361196e-12,2.7723532604361196e-12,2.7723532604361196e-12,False,7.447979723388024e-06,2.5660380051704124,320.0,16.0,,,
single_step,tuned,cstr,WOA,8,25.0,20.0,1.0,1.0,-2.7723532604361196e-12,0.0,2.7723532604361196e-12,2.7723532604361196e-12,2.7723532604361196e-12,False,7.447979723388024e-06,2.537578999181278,320.0,16.0,,,
single_step,tuned,cstr,WOA,9,25.0,20.0,1.0,1.0,-2.7723532604361196e-12,0.0,2.7723532604361196e-12,2.7723532604361196e-12,2.7723532604361196e-12,False,7.447979723388024e-06,2.5672629999462515,320.0,16.0,,,
single_step,tuned,cstr,WOA,10,25.0,20.0,1.0,1.0,-2.7723532604361196e-12,0.0,2.7723532604361196e-12,2.7723532604361196e-12,2.7723532604361196e-12,False,7.447979723388024e-06,2.5153989990940318,320.0,16.0,,,
single_step,tuned,cstr,WOA,11,25.0,20.0,1.0,1.0,-2.7723532604361196e-12,0.0,2.7723532604361196e-12,2.7723532604361196e-12,2.7723532604361196e-12,False,7.447979723388024e-06,2.505458003724925,320.0,16.0,,,
single_step,tuned,cstr,WOA,12,25.0,20.0,1.0,1.0,-2.7723532604361196e-12,0.0,2.7723532604361196e-12,2.7723532604361196e-12,2.7723532604361196e-12,False,7.447979723388024e-06,2.543990995036438,320.0,16.0,,,
single_step,tuned,cstr,WOA,13,25.0,20.0,1.0,1.0,-2.7723532604361196e-12,0.0,2.7723532604361196e-12,2.7723532604361196e-12,2.7723532604361196e-12,False,7.447979723388024e-06,2.5165190018014982,320.0,16.0,,,
single_step,tuned,cstr,WOA,14,25.0,20.0,1.0,1.0,-2.7723532604361196e-12,0.0,2.7723532604361196e-12,2.7723532604361196e-12,2.7723532604361196e-12,False,7.447979723388024e-06,2.516212989576161,320.0,16.0,,,
single_step,tuned,cstr,WOA,15,25.0,20.0,1.0,1.0,-2.7723532604361196e-12,0.0,2.7723532604361196e-12,2.7723532604361196e-12,2.7723532604361196e-12,False,7.447979723388024e-06,2.5549900019541383,320.0,16.0,,,
single_step,tuned,cstr,WOA,16,25.0,20.0,1.0,1.0,-2.7723532604361196e-12,0.0,2.7723532604361196e-12,2.7723532604361196e-12,2.7723532604361196e-12,False,7.447979723388024e-06,2.590613003121689,320.0,16.0,,,
single_step,tuned,cstr,WOA,17,25.0,20.0,1.0,1.0,-2.7723532604361196e-12,0.0,2.7723532604361196e-12,2.7723532604361196e-12,2.7723532604361196e-12,False,7.447979723388024e-06,2.5411039969185367,320.0,16.0,,,
single_step,tuned,cstr,WOA,18,25.0,20.0,1.0,1.0,-2.7723532604361196e-12,0.0,2.7723532604361196e-12,2.7723532604361196e-12,2.7723532604361196e-12,False,7.447979723388024e-06,2.5094379961956292,320.0,16.0,,,
single_step,tuned,cstr,WOA,19,25.0,20.0,1.0,1.0,-2.7723532604361196e-12,0.0,2.7723532604361196e-12,2.7723532604361196e-12,2.7723532604361196e-12,False,7.447979723388024e-06,2.541402995120734,320.0,16.0,,,
single_step,tuned,cstr,WOA,20,25.0,20.0,1.0,1.0,-2.7723532604361196e-12,0.0,2.7723532604361196e-12,2.7723532604361196e-12,2.7723532604361196e-12,False,7.447979723388024e-06,2.556098988861777,320.0,16.0,,,
single_step,tuned,cstr,WOA,21,25.0,20.0,1.0,1.0,-2.7723532604361196e-12,0.0,2.7723532604361196e-12,2.7723532604361196e-12,2.7723532604361196e-12,False,7.447979723388024e-06,2.5508890103083104,320.0,16.0,,,
single_step,tuned,cstr,WOA,22,25.0,20.0,1.0,1.0,-2.7723532604361196e-12,0.0,2.7723532604361196e-12,2.7723532604361196e-12,2.7723532604361196e-12,False,7.447979723388024e-06,2.5314099912066013,320.0,16.0,,,
single_step,tuned,cstr,WOA,23,25.0,20.0,1.0,1.0,-2.7723532604361196e-12,0.0,2.7723532604361196e-12,2.7723532604361196e-12,2.7723532604361196e-12,False,7.447979723388024e-06,2.4955660046543926,320.0,16.0,,,
single_step,tuned,cstr,WOA,24,25.0,20.0,1.0,1.0,-2.7723532604361196e-12,0.0,2.7723532604361196e-12,2.7723532604361196e-12,2.7723532604361196e-12,False,7.447979723388024e-06,2.50763600342907,320.0,16.0,,,
single_step,tuned,cstr,WOA,25,25.0,20.0,1.0,1.0,-2.7723532604361196e-12,0.0,2.7723532604361196e-12,2.7723532604361196e-12,2.7723532604361196e-12,False,7.447979723388024e-06,2.574805010226555,320.0,16.0,,,
single_step,tuned,cstr,WOA,26,25.0,20.0,1.0,1.0,-2.7723532604361196e-12,0.0,2.7723532604361196e-12,2.7723532604361196e-12,2.7723532604361196e-12,False,7.447979723388024e-06,2.5839019945124164,320.0,16.0,,,
single_step,tuned,cstr,WOA,27,25.0,20.0,1.0,1.0,-2.7723532604361196e-12,0.0,2.7723532604361196e-12,2.7723532604361196e-12,2.7723532604361196e-12,False,7.447979723388024e-06,2.5945890083676204,320.0,16.0,,,
single_step,tuned,cstr,WOA,28,25.0,20.0,1.0,1.0,-2.7723532604361196e-12,0.0,2.7723532604361196e-12,2.7723532604361196e-12,2.7723532604361196e-12,False,7.447979723388024e-06,2.5672830088296905,320.0,16.0,,,
single_step,tuned,cstr,WOA,29,25.0,20.0,1.0,1.0,-2.7723532604361196e-12,0.0,2.7723532604361196e-12,2.7723532604361196e-12,2.7723532604361196e-12,False,7.447979723388024e-06,2.562196008511819,320.0,16.0,,,
single_step,tuned,cstr,WOA,30,25.0,20.0,1.0,1.0,-2.7723532604361196e-12,0.0,2.7723532604361196e-12,2.7723532604361196e-12,2.7723532604361196e-12,False,7.447979723388024e-06,2.5286119926022366,320.0,16.0,,,
single_step,tuned,cstr,WOA,31,25.0,20.0,1.0,1.0,-2.7723532604361196e-12,0.0,2.7723532604361196e-12,2.7723532604361196e-12,2.7723532604361196e-12,False,7.447979723388024e-06,2.547483003581874,320.0,16.0,,,
single_step,tuned,cstr,WOA,32,25.0,20.0,1.0,1.0,-2.7723532604361196e-12,0.0,2.7723532604361196e-12,2.7723532604361196e-12,2.7723532604361196e-12,False,7.447979723388024e-06,2.5703510036692023,320.0,16.0,,,
single_step,tuned,cstr,WOA,33,25.0,20.0,1.0,1.0,-2.7723532604361196e-12,0.0,2.7723532604361196e-12,2.7723532604361196e-12,2.7723532604361196e-12,False,7.447979723388024e-06,2.5463380006840453,320.0,16.0,,,
single_step,tuned,cstr,WOA,34,25.0,20.0,1.0,1.0,-2.7723532604361196e-12,0.0,2.7723532604361196e-12,2.7723532604361196e-12,2.7723532604361196e-12,False,7.447979723388024e-06,2.5109790003625676,320.0,16.0,,,
single_step,tuned,cstr,WOA,35,25.0,20.0,1.0,1.0,-2.7723532604361196e-12,0.0,2.7723532604361196e-12,2.7723532604361196e-12,2.7723532604361196e-12,False,7.447979723388024e-06,2.5119640049524605,320.0,16.0,,,
single_step,tuned,cstr,WOA,36,25.0,20.0,1.0,1.0,-2.7723532604361196e-12,0.0,2.7723532604361196e-12,2.7723532604361196e-12,2.7723532604361196e-12,False,7.447979723388024e-06,2.5171250017592683,320.0,16.0,,,
single_step,tuned,cstr,WOA,37,25.0,20.0,1.0,1.0,-2.7723532604361196e-12,0.0,2.7723532604361196e-12,2.7723532604361196e-12,2.7723532604361196e-12,False,7.447979723388024e-06,2.5620469968998805,320.0,16.0,,,
single_step,tuned,cstr,WOA,38,25.0,20.0,1.0,1.0,-2.7723532604361196e-12,0.0,2.7723532604361196e-12,2.7723532604361196e-12,2.7723532604361196e-12,False,7.447979723388024e-06,2.483147007296793,320.0,16.0,,,
single_step,tuned,cstr,WOA,39,25.0,20.0,1.0,1.0,-2.7723532604361196e-12,0.0,2.7723532604361196e-12,2.7723532604361196e-12,2.7723532604361196e-12,False,7.447979723388024e-06,2.4919349962146953,320.0,16.0,,,
single_step,tuned,cstr,WOA,40,25.0,20.0,1.0,1.0,-2.7723532604361196e-12,0.0,2.7723532604361196e-12,2.7723532604361196e-12,2.7723532604361196e-12,False,7.447979723388024e-06,2.5868679949780926,320.0,16.0,,,
single_step,tuned,cstr,WOA,41,25.0,20.0,1.0,1.0,-2.7723532604361196e-12,0.0,2.7723532604361196e-12,2.7723532604361196e-12,2.7723532604361196e-12,False,7.447979723388024e-06,2.556966006522998,320.0,16.0,,,
single_step,tuned,cstr,WOA,42,25.0,20.0,1.0,1.0,-2.7723532604361196e-12,0.0,2.7723532604361196e-12,2.7723532604361196e-12,2.7723532604361196e-12,False,7.447979723388024e-06,2.546788993640803,320.0,16.0,,,
single_step,tuned,cstr,WOA,43,25.0,20.0,1.0,1.0,-2.7723532604361196e-12,0.0,2.7723532604361196e-12,2.7723532604361196e-12,2.7723532604361196e-12,False,7.447979723388024e-06,2.498933012248017,320.0,16.0,,,
single_step,tuned,cstr,WOA,44,25.0,20.0,1.0,1.0,-2.7723532604361196e-12,0.0,2.7723532604361196e-12,2.7723532604361196e-12,2.7723532604361196e-12,False,7.447979723388024e-06,2.495924010872841,320.0,16.0,,,
single_step,tuned,cstr,WOA,45,25.0,20.0,1.0,1.0,-2.7723532604361196e-12,0.0,2.7723532604361196e-12,2.7723532604361196e-12,2.7723532604361196e-12,False,7.447979723388024e-06,2.5310750061180443,320.0,16.0,,,
single_step,tuned,cstr,WOA,46,25.0,20.0,1.0,1.0,-2.7723532604361196e-12,-2.0911927775673195e-14,2.7514413326604463e-12,2.7514413326604463e-12,2.7514413326604463e-12,False,7.448318630294875e-06,2.520606998587027,320.0,16.0,,,
single_step,tuned,cstr,WOA,47,25.0,20.0,1.0,1.0,-2.7723532604361196e-12,0.0,2.7723532604361196e-12,2.7723532604361196e-12,2.7723532604361196e-12,False,7.447979723388024e-06,2.5068589893635362,320.0,16.0,,,
single_step,tuned,cstr,WOA,48,25.0,20.0,1.0,1.0,-2.7723532604361196e-12,0.0,2.7723532604361196e-12,2.7723532604361196e-12,2.7723532604361196e-12,False,7.447979723388024e-06,2.493606007192284,320.0,16.0,,,
single_step,tuned,cstr,WOA,49,25.0,20.0,1.0,1.0,-2.7723532604361196e-12,0.0,2.7723532604361196e-12,2.7723532604361196e-12,2.7723532604361196e-12,False,7.447979723388024e-06,2.5286119926022366,320.0,16.0,,,
closed_loop,tuned,cstr,QP,0,,,,,,,,,,,,0.7798678800463676,29.52,,0.2941525546770811,0.2941525546770811,100.0
closed_loop,tuned,cstr,"QP[P=20,Nc=3,Qs=1.0]",0,,,,,,,,,,,,1.095885550166713,55.02,,0.27016850436733025,0.27016850436733025,100.0
closed_loop,tuned,cstr,"QP[P=10,Nc=3,Qs=2.0]",0,,,,,,,,,,,,1.3673937902785838,68.88,,0.2701678030857338,0.2701678030857338,100.0
closed_loop,tuned,cstr,"QP[P=20,Nc=3,Qs=0.25]",0,,,,,,,,,,,,0.9012606699252501,50.68,,0.2701717956369341,0.2701717956369341,100.0
closed_loop,tuned,cstr,"QP[P=20,Nc=2,Qs=1.0]",0,,,,,,,,,,,,0.8195187608362176,38.75,,0.27159456874963667,0.27159456874963667,100.0
closed_loop,tuned,cstr,SGO,0,,,,,,,,,,,,7.712260829430306,626.81,,0.277747853369016,0.277747853369016,100.0
closed_loop,tuned,cstr,SGO,1,,,,,,,,,,,,7.158973160403548,608.91,,0.2750848101502813,0.2750848101502813,100.0
closed_loop,tuned,cstr,SGO,2,,,,,,,,,,,,7.683551550435368,661.86,,0.27703688568327517,0.27703688568327517,100.0
closed_loop,tuned,cstr,SGO,3,,,,,,,,,,,,7.669718331162585,653.21,,0.2748858182463325,0.2748858182463325,100.0
closed_loop,tuned,cstr,SGO,4,,,,,,,,,,,,6.687673319684109,572.96,,0.27040732132402917,0.27040732132402917,100.0
closed_loop,tuned,cstr,SGO,5,,,,,,,,,,,,7.129395069932798,609.77,,0.280417377032327,0.280417377032327,100.0
closed_loop,tuned,cstr,SGO,6,,,,,,,,,,,,8.453359881677898,722.82,,0.2877485354805618,0.2877485354805618,100.0
closed_loop,tuned,cstr,SGO,7,,,,,,,,,,,,7.383458381227683,632.32,,0.27755248040413133,0.27755248040413133,100.0
closed_loop,tuned,cstr,SGO,8,,,,,,,,,,,,7.2637581010349095,622.57,,0.2746981313672505,0.2746981313672505,100.0
closed_loop,tuned,cstr,SGO,9,,,,,,,,,,,,7.7080373602802865,665.26,,0.2801998313444952,0.2801998313444952,100.0
closed_loop,tuned,cstr,SGO,10,,,,,,,,,,,,9.34798318950925,801.36,,0.2711327921199307,0.2711327921199307,100.0
closed_loop,tuned,cstr,SGO,11,,,,,,,,,,,,7.904949210205814,679.78,,0.28168102126562505,0.28168102126562505,100.0
closed_loop,tuned,cstr,SGO,12,,,,,,,,,,,,8.238398450048408,704.66,,0.2727510077941563,0.2727510077941563,100.0
closed_loop,tuned,cstr,SGO,13,,,,,,,,,,,,7.740320240118308,665.9,,0.27426027793719987,0.27426027793719987,100.0
closed_loop,tuned,cstr,SGO,14,,,,,,,,,,,,7.536563330650097,648.74,,0.2770758823108909,0.2770758823108909,100.0
closed_loop,tuned,cstr,SGO,15,,,,,,,,,,,,7.0586085101240315,612.01,,0.27245243471765207,0.27245243471765207,100.0
closed_loop,tuned,cstr,SGO,16,,,,,,,,,,,,8.515620239049895,719.82,,0.2753952205797854,0.2753952205797854,100.0
closed_loop,tuned,cstr,SGO,17,,,,,,,,,,,,7.52519771020161,633.45,,0.27292997064627716,0.27292997064627716,100.0
closed_loop,tuned,cstr,SGO,18,,,,,,,,,,,,7.265017199533759,613.47,,0.2708798170069163,0.2708798170069163,100.0
closed_loop,tuned,cstr,SGO,19,,,,,,,,,,,,7.10854534045211,606.56,,0.278621935550578,0.278621935550578,100.0
closed_loop,tuned,cstr,GWO,0,,,,,,,,,,,,12.080778380623087,398.58,,0.270358573802031,0.270358573802031,100.0
closed_loop,tuned,cstr,GWO,1,,,,,,,,,,,,12.159743759984849,402.78,,0.2732427763587238,0.2732427763587238,100.0
closed_loop,tuned,cstr,GWO,2,,,,,,,,,,,,13.56907122040866,445.62,,0.27018372584003936,0.27018372584003936,100.0
closed_loop,tuned,cstr,GWO,3,,,,,,,,,,,,9.909951520967297,327.74,,0.2762097002847589,0.2762097002847589,100.0
closed_loop,tuned,cstr,GWO,4,,,,,,,,,,,,12.667912369361147,416.22,,0.27544272360462363,0.27544272360462363,100.0
closed_loop,tuned,cstr,GWO,5,,,,,,,,,,,,12.162607749196468,398.02,,0.27169809954571345,0.27169809954571345,100.0
closed_loop,tuned,cstr,GWO,6,,,,,,,,,,,,10.365673289925326,342.02,,0.2743896037231227,0.2743896037231227,100.0
closed_loop,tuned,cstr,GWO,7,,,,,,,,,,,,13.096834518801188,412.3,,0.2704429141217476,0.2704429141217476,100.0
closed_loop,tuned,cstr,GWO,8,,,,,,,,,,,,13.422311659087427,424.76,,0.27017898713310806,0.27017898713310806,100.0
closed_loop,tuned,cstr,GWO,9,,,,,,,,,,,,13.622956220642664,426.72,,0.27533196104572033,0.27533196104572033,100.0
closed_loop,tuned,cstr,GWO,10,,,,,,,,,,,,11.916311499517178,377.72,,0.2709174595056354,0.2709174595056354,100.0
closed_loop,tuned,cstr,GWO,11,,,,,,,,,,,,11.870759719749913,377.16,,0.27428659291858576,0.27428659291858576,100.0
closed_loop,tuned,cstr,GWO,12,,,,,,,,,,,,14.224045649752952,455.7,,0.27120311935563046,0.27120311935563046,100.0
closed_loop,tuned,cstr,GWO,13,,,,,,,,,,,,12.70311238913564,406.7,,0.2769673311744585,0.2769673311744585,100.0
closed_loop,tuned,cstr,GWO,14,,,,,,,,,,,,10.779812659602612,341.74,,0.27833827812028916,0.27833827812028916,100.0
closed_loop,tuned,cstr,GWO,15,,,,,,,,,,,,13.510073559882585,424.62,,0.2701764645948948,0.2701764645948948,100.0
closed_loop,tuned,cstr,GWO,16,,,,,,,,,,,,11.417043188994285,362.88,,0.27185534883245727,0.27185534883245727,100.0
closed_loop,tuned,cstr,GWO,17,,,,,,,,,,,,9.295993629784789,292.32,,0.27080111770278215,0.27080111770278215,100.0
closed_loop,tuned,cstr,GWO,18,,,,,,,,,,,,12.352832439937629,393.96,,0.27017973260786327,0.27017973260786327,100.0
closed_loop,tuned,cstr,GWO,19,,,,,,,,,,,,11.72851470997557,378.14,,0.2761247344690344,0.2761247344690344,100.0
closed_loop,tuned,cstr,PSO,0,,,,,,,,,,,,4.010836340894457,1125.3,,0.27074317186916513,0.27074317186916513,100.0
closed_loop,tuned,cstr,PSO,1,,,,,,,,,,,,3.9248964801663533,1097.1,,0.27237440502418997,0.27237440502418997,100.0
closed_loop,tuned,cstr,PSO,2,,,,,,,,,,,,3.3841553806269076,943.5,,0.2709814613883631,0.2709814613883631,100.0
closed_loop,tuned,cstr,PSO,3,,,,,,,,,,,,3.65236169018317,1030.5,,0.2706830352672811,0.2706830352672811,100.0
closed_loop,tuned,cstr,PSO,4,,,,,,,,,,,,3.669540840346599,1026.0,,0.2711359571113147,0.2711359571113147,100.0
closed_loop,tuned,cstr,PSO,5,,,,,,,,,,,,4.022063608863391,1127.7,,0.2714110063749763,0.2714110063749763,100.0
closed_loop,tuned,cstr,PSO,6,,,,,,,,,,,,3.6054492101538926,1017.3,,0.2713199359429139,0.2713199359429139,100.0
closed_loop,tuned,cstr,PSO,7,,,,,,,,,,,,3.34167186068953,940.2,,0.2706709104632802,0.2706709104632802,100.0
closed_loop,tuned,cstr,PSO,8,,,,,,,,,,,,3.7605412387347315,1059.0,,0.2710067528033266,0.2710067528033266,100.0
closed_loop,tuned,cstr,PSO,9,,,,,,,,,,,,4.043734350416344,1126.8,,0.27196527489477673,0.27196527489477673,100.0
closed_loop,tuned,cstr,PSO,10,,,,,,,,,,,,3.572757600049954,1001.7,,0.27091104176199127,0.27091104176199127,100.0
closed_loop,tuned,cstr,PSO,11,,,,,,,,,,,,3.572634269221453,1005.3,,0.2708876982276499,0.2708876982276499,100.0
closed_loop,tuned,cstr,PSO,12,,,,,,,,,,,,1.8991486210143194,530.4,,0.2704982905165335,0.2704982905165335,100.0
closed_loop,tuned,cstr,PSO,13,,,,,,,,,,,,3.6104497496853583,1017.6,,0.2709845250192319,0.2709845250192319,100.0
closed_loop,tuned,cstr,PSO,14,,,,,,,,,,,,3.1076833297265694,864.3,,0.270769041103363,0.270769041103363,100.0
closed_loop,tuned,cstr,PSO,15,,,,,,,,,,,,3.3796706098655704,941.1,,0.27096486132877917,0.27096486132877917,100.0
closed_loop,tuned,cstr,PSO,16,,,,,,,,,,,,2.3899653102853335,663.6,,0.2705330979422472,0.2705330979422472,100.0
closed_loop,tuned,cstr,PSO,17,,,,,,,,,,,,4.062215491139796,1126.5,,0.2712430085323237,0.2712430085323237,100.0
closed_loop,tuned,cstr,PSO,18,,,,,,,,,,,,2.849638429179322,793.2,,0.27080742061429314,0.27080742061429314,100.0
closed_loop,tuned,cstr,PSO,19,,,,,,,,,,,,3.9910099901317153,1118.1,,0.2711641820311233,0.2711641820311233,100.0
closed_loop,tuned,cstr,WOA,0,,,,,,,,,,,,6.057761510746786,778.6,,0.27389531490216046,0.27389531490216046,100.0
closed_loop,tuned,cstr,WOA,1,,,,,,,,,,,,6.046631980279926,771.6,,0.2720787290809288,0.2720787290809288,100.0
closed_loop,tuned,cstr,WOA,2,,,,,,,,,,,,4.81403375059017,615.4,,0.272595991911628,0.272595991911628,100.0
closed_loop,tuned,cstr,WOA,3,,,,,,,,,,,,6.8931715784128755,879.8,,0.2939762509859502,0.2939762509859502,100.0
closed_loop,tuned,cstr,WOA,4,,,,,,,,,,,,4.9894499393121805,638.8,,0.2725387420213469,0.2725387420213469,100.0
closed_loop,tuned,cstr,WOA,5,,,,,,,,,,,,7.547765171620995,961.4,,0.2843547250095272,0.2843547250095272,100.0
closed_loop,tuned,cstr,WOA,6,,,,,,,,,,,,7.44521537082619,945.6,,0.2761953364137729,0.2761953364137729,100.0
closed_loop,tuned,cstr,WOA,7,,,,,,,,,,,,5.689981649193214,715.4,,0.27346733417739894,0.27346733417739894,100.0
closed_loop,tuned,cstr,WOA,8,,,,,,,,,,,,8.185828680434497,1034.6,,0.2794162999267273,0.2794162999267273,100.0
closed_loop,tuned,cstr,WOA,9,,,,,,,,,,,,6.903970860585105,882.6,,0.2752630053038256,0.2752630053038256,100.0
closed_loop,tuned,cstr,WOA,10,,,,,,,,,,,,6.062713069986785,779.6,,0.27516489698794405,0.27516489698794405,100.0
closed_loop,tuned,cstr,WOA,11,,,,,,,,,,,,5.42786338031874,696.2,,0.2735453209081053,0.2735453209081053,100.0
closed_loop,tuned,cstr,WOA,12,,,,,,,,,,,,6.051951919216663,768.4,,0.2828774429372811,0.2828774429372811,100.0
closed_loop,tuned,cstr,WOA,13,,,,,,,,,,,,5.151720899739303,652.2,,0.27362519512730565,0.27362519512730565,100.0
closed_loop,tuned,cstr,WOA,14,,,,,,,,,,,,5.595163950347342,711.2,,0.2766032287767887,0.2766032287767887,100.0
closed_loop,tuned,cstr,WOA,15,,,,,,,,,,,,6.8951083201682195,873.4,,0.2744060291555785,0.2744060291555785,100.0
closed_loop,tuned,cstr,WOA,16,,,,,,,,,,,,6.1456868291134015,784.4,,0.27490088701691356,0.27490088701691356,100.0
closed_loop,tuned,cstr,WOA,17,,,,,,,,,,,,5.164796789904358,661.4,,0.28050843455998536,0.28050843455998536,100.0
closed_loop,tuned,cstr,WOA,18,,,,,,,,,,,,5.265525150171015,669.4,,0.27276410215571695,0.27276410215571695,100.0
closed_loop,tuned,cstr,WOA,19,,,,,,,,,,,,5.726024820323801,726.2,,0.2746510925561465,0.2746510925561465,100.0
single_step,tuned,flight,SGO,0,37.0,20.0,1.0,1.0,-0.026171676917801118,-0.026171262856820563,4.140609805546036e-07,4.140609805546036e-07,4.140609805546036e-07,False,0.003343126200460443,29.302085997187532,2162.0,70.0,,,
single_step,tuned,flight,SGO,1,37.0,20.0,1.0,1.0,-0.026171676917801118,-0.026165012464413582,6.664453387535824e-06,6.664453387535824e-06,6.664453387535824e-06,False,0.019229230977254295,13.344710008823313,1002.0,32.0,,,
single_step,tuned,flight,SGO,2,37.0,20.0,1.0,1.0,-0.026171676917801118,-0.026156149006732722,1.5527911068395628e-05,1.5527911068395628e-05,1.5527911068395628e-05,False,0.02072209949742218,16.44020299136173,1204.0,40.0,,,
single_step,tuned,flight,SGO,3,37.0,20.0,1.0,1.0,-0.026171676917801118,-0.026168852931998283,2.823985802834217e-06,2.823985802834217e-06,2.823985802834217e-06,False,0.011552799935054666,19.669688990688883,1464.0,46.0,,,
single_step,tuned,flight,SGO,4,37.0,20.0,1.0,1.0,-0.026171676917801118,-0.02617137490678798,3.0201101313895307e-07,3.0201101313895307e-07,3.0201101313895307e-07,False,0.00396044673670538,24.123294002492912,1776.0,58.0,,,
single_step,tuned,flight,SGO,5,37.0,20.0,1.0,1.0,-0.026171676917801118,-0.026168070907649298,3.606010151820105e-06,3.606010151820105e-06,3.606010151820105e-06,False,0.008203738091224292,21.936477001872845,1692.0,58.0,,,
single_step,tuned,flight,SGO,6,37.0,20.0,1.0,1.0,-0.026171676917801118,-0.026171381131373697,2.957864274205635e-07,2.957864274205635e-07,2.957864274205635e-07,False,0.001570645507540678,31.217222000123,2497.0,81.0,,,
single_step,tuned,flight,SGO,7,37.0,20.0,1.0,1.0,-0.026171676917801118,-0.02606216528407242,0.00010951163372869763,0.00010951163372869763,0.00010951163372869763,False,0.05323787852070288,13.134812004864216,1090.0,34.0,,,
single_step,tuned,flight,SGO,8,37.0,20.0,1.0,1.0,-0.026171676917801118,-0.026170897384966925,7.795328341927976e-07,7.795328341927976e-07,7.795328341927976e-07,False,0.002897044075114058,15.663573998608626,1269.0,41.0,,,
single_step,tuned,flight,SGO,9,37.0,20.0,1.0,1.0,-0.026171676917801118,-0.026162580964762344,9.09595303877353e-06,9.09595303877353e-06,9.09595303877353e-06,False,0.019086965263288503,15.613868992659263,1261.0,41.0,,,
single_step,tuned,flight,SGO,10,37.0,20.0,1.0,1.0,-0.026171676917801118,-0.02616998636773171,1.6905500694087972e-06,1.6905500694087972e-06,1.6905500694087972e-06,False,0.007010651671900945,15.719745002570562,1303.0,41.0,,,
single_step,tuned,flight,SGO,11,37.0,20.0,1.0,1.0,-0.026171676917801118,-0.026152789992454226,1.888692534689207e-05,1.888692534689207e-05,1.888692534689207e-05,False,0.028824104939564336,13.158383007976227,1084.0,34.0,,,
single_step,tuned,flight,SGO,12,37.0,20.0,1.0,1.0,-0.026171676917801118,-0.026168894056810756,2.7828609903621238e-06,2.7828609903621238e-06,2.7828609903621238e-06,False,0.009867505876658767,17.93210400501266,1475.0,47.0,,,
single_step,tuned,flight,SGO,13,37.0,20.0,1.0,1.0,-0.026171676917801118,-0.026165328309901936,6.3486078991821515e-06,6.3486078991821515e-06,6.3486078991821515e-06,False,0.012295797780633843,15.103436991921626,1232.0,40.0,,,
single_step,tuned,flight,SGO,14,37.0,20.0,1.0,1.0,-0.026171676917801118,-0.026138628141861686,3.304877593943156e-05,3.304877593943156e-05,3.304877593943156e-05,False,0.04160099943699074,12.966943992068991,1045.0,35.0,,,
single_step,tuned,flight,SGO,15,37.0,20.0,1.0,1.0,-0.026171676917801118,-0.026166303849985622,5.373067815495763e-06,5.373067815495763e-06,5.373067815495763e-06,False,0.010728801274554329,12.396783000440337,1036.0,32.0,,,
single_step,tuned,flight,SGO,16,37.0,20.0,1.0,1.0,-0.026171676917801118,-0.02617016496967501,1.5119481261080536e-06,1.5119481261080536e-06,1.5119481261080536e-06,False,0.008949810506434041,20.9213100024499,1740.0,56.0,,,
single_step,tuned,flight,SGO,17,37.0,20.0,1.0,1.0,-0.026171676917801118,-0.02616749529156328,4.1816262378382985e-06,4.1816262378382985e-06,4.1816262378382985e-06,False,0.008707184083120649,21.14656699995976,1767.0,57.0,,,
single_step,tuned,flight,SGO,18,37.0,20.0,1.0,1.0,-0.026171676917801118,-0.02616982292239941,1.8539954017085525e-06,1.8539954017085525e-06,1.8539954017085525e-06,False,0.007873904041284819,14.104240995948203,1168.0,38.0,,,
single_step,tuned,flight,SGO,19,37.0,20.0,1.0,1.0,-0.026171676917801118,-0.026167356361544228,4.320556256889874e-06,4.320556256889874e-06,4.320556256889874e-06,False,0.015084742487680994,27.858849003678188,2272.0,74.0,,,
single_step,tuned,flight,SGO,20,37.0,20.0,1.0,1.0,-0.026171676917801118,-0.0261590266023362,1.2650315464917544e-05,1.2650315464917544e-05,1.2650315464917544e-05,False,0.02621851196827963,19.57197599404026,1609.0,51.0,,,
single_step,tuned,flight,SGO,21,37.0,20.0,1.0,1.0,-0.026171676917801118,-0.026171475554882223,2.0136291889460978e-07,2.0136291889460978e-07,2.0136291889460978e-07,False,0.0020247070805362553,26.43606800120324,2179.0,69.0,,,
single_step,tuned,flight,SGO,22,37.0,20.0,1.0,1.0,-0.026171676917801118,-0.026162040015576815,9.63690222430258e-06,9.63690222430258e-06,9.63690222430258e-06,False,0.010990396652778317,16.046023010858335,1309.0,43.0,,,
single_step,tuned,flight,SGO,23,37.0,20.0,1.0,1.0,-0.026171676917801118,-0.026160983986442843,1.069293135827487e-05,1.069293135827487e-05,1.069293135827487e-05,False,0.02432054829654413,14.663160007330589,1231.0,39.0,,,
single_step,tuned,flight,SGO,24,37.0,20.0,1.0,1.0,-0.026171676917801118,-0.026170767127838102,9.097899630154671e-07,9.097899630154671e-07,9.097899630154671e-07,False,0.006991238613952862,24.328289000550285,1984.0,64.0,,,
single_step,tuned,flight,SGO,25,37.0,20.0,1.0,1.0,-0.026171676917801118,-0.026171377457280258,2.9946052085977337e-07,2.9946052085977337e-07,2.9946052085977337e-07,False,0.0017945050945922338,37.16474599787034,3010.0,100.0,,,
single_step,tuned,flight,SGO,26,37.0,20.0,1.0,1.0,-0.026171676917801118,-0.02615701584680223,1.4661070998886472e-05,1.4661070998886472e-05,1.4661070998886472e-05,False,0.011705980999572813,10.675594996428117,878.0,28.0,,,
single_step,tuned,flight,SGO,27,37.0,20.0,1.0,1.0,-0.026171676917801118,-0.026170193083265403,1.4838345357148786e-06,1.4838345357148786e-06,1.4838345357148786e-06,False,0.00898581035193644,24.622185999760404,1992.0,66.0,,,
single_step,tuned,flight,SGO,28,37.0,20.0,1.0,1.0,-0.026171676917801118,-0.02617124561843834,4.3129936277627734e-07,4.3129936277627734e-07,4.3129936277627734e-07,False,0.004432906863701067,20.57994199276436,1688.0,54.0,,,
single_step,tuned,flight,SGO,29,37.0,20.0,1.0,1.0,-0.026171676917801118,-0.026163666072110014,8.010845691103219e-06,8.010845691103219e-06,8.010845691103219e-06,False,0.020924328975881274,15.800740991835482,1320.0,42.0,,,
single_step,tuned,flight,SGO,30,37.0,20.0,1.0,1.0,-0.026171676917801118,-0.02617119311763316,4.83800167958709e-07,4.83800167958709e-07,4.83800167958709e-07,False,0.0033480067303320437,18.656390995602123,1558.0,50.0,,,
single_step,tuned,flight,SGO,31,37.0,20.0,1.0,1.0,-0.026171676917801118,-0.0261626474451967,9.029472604418082e-06,9.029472604418082e-06,9.029472604418082e-06,False,0.008591921471660362,26.06230799574405,2174.0,68.0,,,
single_step,tuned,flight,SGO,32,37.0,20.0,1.0,1.0,-0.026171676917801118,-0.02617125315032154,4.237674795792845e-07,4.237674795792845e-07,4.237674795792845e-07,False,0.0048541586745142,26.328339998144656,2188.0,72.0,,,
single_step,tuned,flight,SGO,33,37.0,20.0,1.0,1.0,-0.026171676917801118,-0.02616439993788678,7.276979914337678e-06,7.276979914337678e-06,7.276979914337678e-06,False,0.019369302858759267,20.69767400098499,1742.0,56.0,,,
single_step,tuned,flight,SGO,34,37.0,20.0,1.0,1.0,-0.026171676917801118,-0.026149293105136036,2.238381266508188e-05,2.238381266508188e-05,2.238381266508188e-05,False,0.034696724199733214,10.490076005226001,894.0,28.0,,,
single_step,tuned,flight,SGO,35,37.0,20.0,1.0,1.0,-0.026171676917801118,-0.026053797157071495,0.00011787976072962295,0.00011787976072962295,0.00011787976072962295,False,0.07372699846604176,9.630898988689296,829.0,25.0,,,
single_step,tuned,flight,SGO,36,37.0,20.0,1.0,1.0,-0.026171676917801118,-0.026170684987478533,9.919303225851273e-07,9.919303225851273e-07,9.919303225851273e-07,False,0.004031616836448322,14.3155609985115,1226.0,38.0,,,
single_step,tuned,flight,SGO,37,37.0,20.0,1.0,1.0,-0.026171676917801118,-0.026169491450821303,2.1854669798142268e-06,2.1854669798142268e-06,2.1854669798142268e-06,False,0.010589135839581083,17.076907999580726,1438.0,46.0,,,
single_step,tuned,flight,SGO,38,37.0,20.0,1.0,1.0,-0.026171676917801118,-0.02615451108524152,1.7165832559597194e-05,1.7165832559597194e-05,1.7165832559597194e-05,False,0.011764082494607515,14.533819994539954,1228.0,38.0,,,
single_step,tuned,flight,SGO,39,37.0,20.0,1.0,1.0,-0.026171676917801118,-0.026170637061830752,1.039855970365322e-06,1.039855970365322e-06,1.039855970365322e-06,False,0.005037018353724417,14.632677004556172,1235.0,39.0,,,
single_step,tuned,flight,SGO,40,37.0,20.0,1.0,1.0,-0.026171676917801118,-0.026162372923568628,9.303994232490176e-06,9.303994232490176e-06,9.303994232490176e-06,False,0.01809370814546972,16.79032400716096,1385.0,45.0,,,
single_step,tuned,flight,SGO,41,37.0,20.0,1.0,1.0,-0.026171676917801118,-0.02617121033662555,4.665811755670546e-07,4.665811755670546e-07,4.665811755670546e-07,False,0.0038536439362747655,20.05529399320949,1702.0,54.0,,,
single_step,tuned,flight,SGO,42,37.0,20.0,1.0,1.0,-0.026171676917801118,-0.026171364544623144,3.1237317797347397e-07,3.1237317797347397e-07,3.1237317797347397e-07,False,0.004167385429789448,16.812640998978168,1477.0,45.0,,,
single_step,tuned,flight,SGO,43,37.0,20.0,1.0,1.0,-0.026171676917801118,-0.026171373611758256,3.0330604286130103e-07,3.0330604286130103e-07,3.0330604286130103e-07,False,0.0041064760605657715,36.28863600897603,3066.0,100.0,,,
single_step,tuned,flight,SGO,44,37.0,20.0,1.0,1.0,-0.026171676917801118,-0.026171666237727122,1.068007399532278e-08,1.068007399532278e-08,1.068007399532278e-08,False,0.0005468611955849821,17.796940010157414,1476.0,48.0,,,
single_step,tuned,flight,SGO,45,37.0,20.0,1.0,1.0,-0.026171676917801118,-0.026168191532949237,3.4853848518805186e-06,3.4853848518805186e-06,3.4853848518805186e-06,False,0.013029368479619876,15.262710003298707,1294.0,40.0,,,
single_step,tuned,flight,SGO,46,37.0,20.0,1.0,1.0,-0.026171676917801118,-0.026106564539685576,6.511237811554146e-05,6.511237811554146e-05,6.511237811554146e-05,False,0.05759654054402082,7.546256994828582,639.0,21.0,,,
single_step,tuned,flight,SGO,47,37.0,20.0,1.0,1.0,-0.026171676917801118,-0.026151793275058406,1.9883642742711538e-05,1.9883642742711538e-05,1.9883642742711538e-05,False,0.012411485922734522,9.05036499898415,778.0,24.0,,,
single_step,tuned,flight,SGO,48,37.0,20.0,1.0,1.0,-0.026171676917801118,-0.026171162009415036,5.149083860817028e-07,5.149083860817028e-07,5.149083860817028e-07,False,0.0024219168038278793,33.38940600224305,2852.0,90.0,,,
single_step,tuned,flight,SGO,49,37.0,20.0,1.0,1.0,-0.026171676917801118,-0.026171133494185803,5.434236153151195e-07,5.434236153151195e-07,5.434236153151195e-07,False,0.003444197765593573,30.3580059990054,2503.0,83.0,,,
single_step,tuned,flight,GWO,0,37.0,20.0,1.0,1.0,-0.026171676917801118,-0.02617145744285523,2.1947494588739347e-07,2.1947494588739347e-07,2.1947494588739347e-07,False,0.002260105600378763,10.966312009259127,780.0,38.0,,,
single_step,tuned,flight,GWO,1,37.0,20.0,1.0,1.0,-0.026171676917801118,-0.026169043274938464,2.6336428626538844e-06,2.6336428626538844e-06,2.6336428626538844e-06,False,0.011969627455952515,6.204172997968271,440.0,21.0,,,
single_step,tuned,flight,GWO,2,37.0,20.0,1.0,1.0,-0.026171676917801118,-0.02617152144101864,1.554767824762937e-07,1.554767824762937e-07,1.554767824762937e-07,False,0.001203431321631177,11.540862004039809,820.0,40.0,,,
single_step,tuned,flight,GWO,3,37.0,20.0,1.0,1.0,-0.026171676917801118,-0.02617149000415083,1.869136502866131e-07,1.869136502866131e-07,1.869136502866131e-07,False,0.002932442936397679,11.6177979944041,820.0,40.0,,,
single_step,tuned,flight,GWO,4,37.0,20.0,1.0,1.0,-0.026171676917801118,-0.026171652102439432,2.4815361685665005e-08,2.4815361685665005e-08,2.4815361685665005e-08,False,0.000974139587538539,11.711787999956869,820.0,40.0,,,
single_step,tuned,flight,GWO,5,37.0,20.0,1.0,1.0,-0.026171676917801118,-0.02617130668784693,3.702299541871734e-07,3.702299541871734e-07,3.702299541871734e-07,False,0.0025491648930475773,11.620570003287867,820.0,40.0,,,
single_step,tuned,flight,GWO,6,37.0,20.0,1.0,1.0,-0.026171676917801118,-0.026171497158955073,1.7975884604448655e-07,1.7975884604448655e-07,1.7975884604448655e-07,False,0.0030262001597486116,11.606361993472092,820.0,40.0,,,
single_step,tuned,flight,GWO,7,37.0,20.0,1.0,1.0,-0.026171676917801118,-0.0261713054755832,3.714422179175447e-07,3.714422179175447e-07,3.714422179175447e-07,False,0.0018925313220367044,9.241450999979861,640.0,31.0,,,
single_step,tuned,flight,GWO,8,37.0,20.0,1.0,1.0,-0.026171676917801118,-0.026170436033128217,1.240884672900483e-06,1.240884672900483e-06,1.240884672900483e-06,False,0.008014123728543529,9.240991988917813,640.0,31.0,,,
single_step,tuned,flight,GWO,9,37.0,20.0,1.0,1.0,-0.026171676917801118,-0.02617162488300613,5.20347949867217e-08,5.20347949867217e-08,5.20347949867217e-08,False,0.0014911499305750307,11.962120013777167,820.0,40.0,,,
single_step,tuned,flight,GWO,10,37.0,20.0,1.0,1.0,-0.026171676917801118,-0.026171254924328154,4.219934729640662e-07,4.219934729640662e-07,4.219934729640662e-07,False,0.0037462449844312714,11.913057998754084,820.0,40.0,,,
single_step,tuned,flight,GWO,11,37.0,20.0,1.0,1.0,-0.026171676917801118,-0.02616611020630844,5.5667114926792605e-06,5.5667114926792605e-06,5.5667114926792605e-06,False,0.0068547094002455195,8.592523998231627,600.0,29.0,,,
single_step,tuned,flight,GWO,12,37.0,20.0,1.0,1.0,-0.026171676917801118,-0.02617096392302532,7.129947757963939e-07,7.129947757963939e-07,7.129947757963939e-07,False,0.0060157706030396964,11.836089004646055,820.0,40.0,,,
single_step,tuned,flight,GWO,13,37.0,20.0,1.0,1.0,-0.026171676917801118,-0.026162326828391848,9.350089409269902e-06,9.350089409269902e-06,9.350089409269902e-06,False,0.018542153360756625,5.929456005105749,420.0,20.0,,,
single_step,tuned,flight,GWO,14,37.0,20.0,1.0,1.0,-0.026171676917801118,-0.026169042465310682,2.6344524904353683e-06,2.6344524904353683e-06,2.6344524904353683e-06,False,0.010135011485443908,7.966745994053781,560.0,27.0,,,
single_step,tuned,flight,GWO,15,37.0,20.0,1.0,1.0,-0.026171676917801118,-0.026171615145282975,6.177251814232232e-08,6.177251814232232e-08,6.177251814232232e-08,False,0.0007446869475493408,11.546142006409355,820.0,40.0,,,
single_step,tuned,flight,GWO,16,37.0,20.0,1.0,1.0,-0.026171676917801118,-0.026171528092737224,1.4882506389410355e-07,1.4882506389410355e-07,1.4882506389410355e-07,False,0.0026189660524318387,11.466695999843068,820.0,40.0,,,
single_step,tuned,flight,GWO,17,37.0,20.0,1.0,1.0,-0.026171676917801118,-0.026166804438870712,4.872478930405266e-06,4.872478930405266e-06,4.872478930405266e-06,False,0.016079847560968114,8.096156001556665,580.0,28.0,,,
single_step,tuned,flight,GWO,18,37.0,20.0,1.0,1.0,-0.026171676917801118,-0.02617134929251161,3.276252895090259e-07,3.276252895090259e-07,3.276252895090259e-07,False,0.002274558665670548,11.475784005597234,820.0,40.0,,,
single_step,tuned,flight,GWO,19,37.0,20.0,1.0,1.0,-0.026171676917801118,-0.026171655983625502,2.0934175615217043e-08,2.0934175615217043e-08,2.0934175615217043e-08,False,0.0006975108431047964,11.520441999891773,820.0,40.0,,,
single_step,tuned,flight,GWO,20,37.0,20.0,1.0,1.0,-0.026171676917801118,-0.026169631065353808,2.0458524473097872e-06,2.0458524473097872e-06,2.0458524473097872e-06,False,0.0074593737413954225,8.428370987530798,600.0,29.0,,,
single_step,tuned,flight,GWO,21,37.0,20.0,1.0,1.0,-0.026171676917801118,-0.026171422103992877,2.5481380824116107e-07,2.5481380824116107e-07,2.5481380824116107e-07,False,0.0029373478724232308,11.684341006912291,820.0,40.0,,,
single_step,tuned,flight,GWO,22,37.0,20.0,1.0,1.0,-0.026171676917801118,-0.02617024854534391,1.428372457208671e-06,1.428372457208671e-06,1.428372457208671e-06,False,0.008626639642962987,7.6610419928329065,540.0,26.0,,,
single_step,tuned,flight,GWO,23,37.0,20.0,1.0,1.0,-0.026171676917801118,-0.026170643135031035,1.0337827700823699e-06,1.0337827700823699e-06,1.0337827700823699e-06,False,0.006663942125197657,8.196223003324121,580.0,28.0,,,
single_step,tuned,flight,GWO,24,37.0,20.0,1.0,1.0,-0.026171676917801118,-0.026171674058557717,2.859243401071021e-09,2.859243401071021e-09,2.859243401071021e-09,False,0.0003251661870229831,11.747835000278428,820.0,40.0,,,
single_step,tuned,flight,GWO,25,37.0,20.0,1.0,1.0,-0.026171676917801118,-0.02617121961634286,4.5730145825650936e-07,4.5730145825650936e-07,4.5730145825650936e-07,False,0.0026497974839632833,11.60239199816715,820.0,40.0,,,
single_step,tuned,flight,GWO,26,37.0,20.0,1.0,1.0,-0.026171676917801118,-0.026166915437207082,4.76148059403575e-06,4.76148059403575e-06,4.76148059403575e-06,False,0.015836372722753303,6.306466995738447,460.0,22.0,,,
single_step,tuned,flight,GWO,27,37.0,20.0,1.0,1.0,-0.026171676917801118,-0.026171435761272094,2.411565290239004e-07,2.411565290239004e-07,2.411565290239004e-07,False,0.0028958641551151115,11.442446004366502,820.0,40.0,,,
single_step,tuned,flight,GWO,28,37.0,20.0,1.0,1.0,-0.026171676917801118,-0.02617167016188572,6.755915396561285e-09,6.755915396561285e-09,6.755915396561285e-09,False,0.00024679708641743976,11.565794004127383,820.0,40.0,,,
single_step,tuned,flight,GWO,29,37.0,20.0,1.0,1.0,-0.026171676917801118,-0.0261715822765464,9.464125471855822e-08,9.464125471855822e-08,9.464125471855822e-08,False,0.0022817793992595736,11.488889009342529,820.0,40.0,,,
single_step,tuned,flight,GWO,30,37.0,20.0,1.0,1.0,-0.026171676917801118,-0.02617167505734668,1.860454436342085e-09,1.860454436342085e-09,1.860454436342085e-09,False,0.00027573957259942805,11.44144800491631,820.0,40.0,,,
single_step,tuned,flight,GWO,31,37.0,20.0,1.0,1.0,-0.026171676917801118,-0.026170715899715948,9.610180851694905e-07,9.610180851694905e-07,9.610180851694905e-07,False,0.004583172831460127,10.840168004506268,780.0,38.0,,,
single_step,tuned,flight,GWO,32,37.0,20.0,1.0,1.0,-0.026171676917801118,-0.02616932054421797,2.356373583149024e-06,2.356373583149024e-06,2.356373583149024e-06,False,0.007247680348306101,8.178920994396321,600.0,29.0,,,
single_step,tuned,flight,GWO,33,37.0,20.0,1.0,1.0,-0.026171676917801118,-0.02612281326411179,4.8863653689328046e-05,4.8863653689328046e-05,4.8863653689328046e-05,False,0.0266194927414397,5.51113800611347,400.0,19.0,,,
single_step,tuned,flight,GWO,34,37.0,20.0,1.0,1.0,-0.026171676917801118,-0.02617154005688581,1.368609153090672e-07,1.368609153090672e-07,1.368609153090672e-07,False,0.002376710408568146,11.66482399275992,820.0,40.0,,,
single_step,tuned,flight,GWO,35,37.0,20.0,1.0,1.0,-0.026171676917801118,-0.026125808834416987,4.5868083384130454e-05,4.5868083384130454e-05,4.5868083384130454e-05,False,0.020789321323221227,5.76505099888891,420.0,20.0,,,
single_step,tuned,flight,GWO,36,37.0,20.0,1.0,1.0,-0.026171676917801118,-0.02617134758853481,3.293292663089642e-07,3.293292663089642e-07,3.293292663089642e-07,False,0.001599118839687629,11.507539995363913,820.0,40.0,,,
single_step,tuned,flight,GWO,37,37.0,20.0,1.0,1.0,-0.026171676917801118,-0.026171593087256417,8.383054470040285e-08,8.383054470040285e-08,8.383054470040285e-08,False,0.0021588972297444313,10.547683996264823,740.0,36.0,,,
single_step,tuned,flight,GWO,38,37.0,20.0,1.0,1.0,-0.026171676917801118,-0.0261716404261105,3.6491690617174166e-08,3.6491690617174166e-08,3.6491690617174166e-08,False,0.0013577899118195561,11.791657001595013,820.0,40.0,,,
single_step,tuned,flight,GWO,39,37.0,20.0,1.0,1.0,-0.026171676917801118,-0.026171546469419806,1.3044838131220926e-07,1.3044838131220926e-07,1.3044838131220926e-07,False,0.002469475686641525,11.729934994946234,820.0,40.0,,,
single_step,tuned,flight,GWO,40,37.0,20.0,1.0,1.0,-0.026171676917801118,-0.026170515207291297,1.1617105098206404e-06,1.1617105098206404e-06,1.1617105098206404e-06,False,0.007819064971128033,8.251751001807861,580.0,28.0,,,
single_step,tuned,flight,GWO,41,37.0,20.0,1.0,1.0,-0.026171676917801118,-0.02617161996826274,5.694953837676042e-08,5.694953837676042e-08,5.694953837676042e-08,False,0.0017728757053300402,11.707206998835318,820.0,40.0,,,
single_step,tuned,flight,GWO,42,37.0,20.0,1.0,1.0,-0.026171676917801118,-0.026168852805982818,2.8241118182996405e-06,2.8241118182996405e-06,2.8241118182996405e-06,False,0.011412918224690288,7.773645003908314,540.0,26.0,,,
single_step,tuned,flight,GWO,43,37.0,20.0,1.0,1.0,-0.026171676917801118,-0.02617038993919658,1.286978604537331e-06,1.286978604537331e-06,1.286978604537331e-06,False,0.005903022874076551,10.578097993857227,740.0,36.0,,,
single_step,tuned,flight,GWO,44,37.0,20.0,1.0,1.0,-0.026171676917801118,-0.026170366624785772,1.3102930153455206e-06,1.3102930153455206e-06,1.3102930153455206e-06,False,0.008213196346581516,6.1977150035090744,440.0,21.0,,,
single_step,tuned,flight,GWO,45,37.0,20.0,1.0,1.0,-0.026171676917801118,-0.026171498430292796,1.7848750832188953e-07,1.7848750832188953e-07,1.7848750832188953e-07,False,0.0017647031339371377,11.376055001164787,820.0,40.0,,,
single_step,tuned,flight,GWO,46,37.0,20.0,1.0,1.0,-0.026171676917801118,-0.026171313994202305,3.629235988122925e-07,3.629235988122925e-07,3.629235988122925e-07,False,0.003497011578842245,7.122448005247861,500.0,24.0,,,
single_step,tuned,flight,GWO,47,37.0,20.0,1.0,1.0,-0.026171676917801118,-0.026171450384539913,2.265332612050308e-07,2.265332612050308e-07,2.265332612050308e-07,False,0.003523621521698463,11.597585995332338,820.0,40.0,,,
single_step,tuned,flight,GWO,48,37.0,20.0,1.0,1.0,-0.026171676917801118,-0.026150725049866506,2.095186793461129e-05,2.095186793461129e-05,2.095186793461129e-05,False,0.03363336939580904,7.289925997611135,520.0,25.0,,,
single_step,tuned,flight,GWO,49,37.0,20.0,1.0,1.0,-0.026171676917801118,-0.026166573981609653,5.102936191464513e-06,5.102936191464513e-06,5.102936191464513e-06,False,0.006465966039139957,8.438670003670268,600.0,29.0,,,
single_step,tuned,flight,PSO,0,37.0,20.0,1.0,1.0,-0.026171676917801118,-0.026171659212891135,1.770490998254104e-08,1.770490998254104e-08,1.770490998254104e-08,False,0.0004384222860418306,4.283123998902738,1230.0,41.0,,,
single_step,tuned,flight,PSO,1,37.0,20.0,1.0,1.0,-0.026171676917801118,-0.02616951554697305,2.1613708280666943e-06,2.1613708280666943e-06,2.1613708280666943e-06,False,0.010962780388401289,4.167107996181585,1230.0,41.0,,,
single_step,tuned,flight,PSO,2,37.0,20.0,1.0,1.0,-0.026171676917801118,-0.026167245828132426,4.4310896686917955e-06,4.4310896686917955e-06,4.4310896686917955e-06,False,0.012225645375133964,4.249023011652753,1230.0,41.0,,,
single_step,tuned,flight,PSO,3,37.0,20.0,1.0,1.0,-0.026171676917801118,-0.026161179752221365,1.049716557975297e-05,1.049716557975297e-05,1.049716557975297e-05,False,0.009389034384071676,4.259608991560526,1230.0,41.0,,,
single_step,tuned,flight,PSO,4,37.0,20.0,1.0,1.0,-0.026171676917801118,-0.026166777776391564,4.899141409553387e-06,4.899141409553387e-06,4.899141409553387e-06,False,0.01568217691886007,3.7980030028847978,1110.0,37.0,,,
single_step,tuned,flight,PSO,5,37.0,20.0,1.0,1.0,-0.026171676917801118,-0.026171443068206457,2.3384959466077326e-07,2.3384959466077326e-07,2.3384959466077326e-07,False,0.0035999176831138496,4.189864994259551,1230.0,41.0,,,
single_step,tuned,flight,PSO,6,37.0,20.0,1.0,1.0,-0.026171676917801118,-0.026168151581751137,3.52533604998026e-06,3.52533604998026e-06,3.52533604998026e-06,False,0.013099348728889624,4.260583998984657,1230.0,41.0,,,
single_step,tuned,flight,PSO,7,37.0,20.0,1.0,1.0,-0.026171676917801118,-0.026169151323673902,2.5255941272159244e-06,2.5255941272159244e-06,2.5255941272159244e-06,False,0.0051788771126665,4.276431995094754,1230.0,41.0,,,
single_step,tuned,flight,PSO,8,37.0,20.0,1.0,1.0,-0.026171676917801118,-0.02257422105314061,0.0035974558646605093,0.0035974558646605093,0.0035974558646605093,False,0.44596492530982723,1.8393369973637164,540.0,18.0,,,
single_step,tuned,flight,PSO,9,37.0,20.0,1.0,1.0,-0.026171676917801118,-0.026171552493721065,1.2442408005297612e-07,1.2442408005297612e-07,1.2442408005297612e-07,False,0.0010899714162043118,4.2363839893369,1230.0,41.0,,,
single_step,tuned,flight,PSO,10,37.0,20.0,1.0,1.0,-0.026171676917801118,-0.026170454379604427,1.2225381966907145e-06,1.2225381966907145e-06,1.2225381966907145e-06,False,0.004860004061992061,4.323707005823962,1230.0,41.0,,,
single_step,tuned,flight,PSO,11,37.0,20.0,1.0,1.0,-0.026171676917801118,-0.026170933978928498,7.429388726200303e-07,7.429388726200303e-07,7.429388726200303e-07,False,0.005643967110606772,4.3374649976613,1230.0,41.0,,,
single_step,tuned,flight,PSO,12,37.0,20.0,1.0,1.0,-0.026171676917801118,-0.02616850239468729,3.1745231138281815e-06,3.1745231138281815e-06,3.1745231138281815e-06,False,0.0066838208924536995,4.264264993253164,1230.0,41.0,,,
single_step,tuned,flight,PSO,13,37.0,20.0,1.0,1.0,-0.026171676917801118,-0.0261715997551011,7.716270001775771e-08,7.716270001775771e-08,7.716270001775771e-08,False,0.0016850228228153608,4.265735988155939,1230.0,41.0,,,
single_step,tuned,flight,PSO,14,37.0,20.0,1.0,1.0,-0.026171676917801118,-0.025321895246910534,0.0008497816708905835,0.0008497816708905835,0.0008497816708905835,False,0.1645312507588754,2.9947910079499707,870.0,29.0,,,
single_step,tuned,flight,PSO,15,37.0,20.0,1.0,1.0,-0.026171676917801118,-0.0261715956997684,8.121803271934902e-08,8.121803271934902e-08,8.121803271934902e-08,False,0.0015294053782229432,4.261292007868178,1230.0,41.0,,,
single_step,tuned,flight,PSO,16,37.0,20.0,1.0,1.0,-0.026171676917801118,-0.026154796379658955,1.6880538142163143e-05,1.6880538142163143e-05,1.6880538142163143e-05,False,0.020092886735102494,1.7812699952628464,510.0,17.0,,,
single_step,tuned,flight,PSO,17,37.0,20.0,1.0,1.0,-0.026171676917801118,-0.026168072114215964,3.6048035851540816e-06,3.6048035851540816e-06,3.6048035851540816e-06,False,0.011737929800380572,4.342681990237907,1230.0,41.0,,,
single_step,tuned,flight,PSO,18,37.0,20.0,1.0,1.0,-0.026171676917801118,-0.026170379371449635,1.297546351482215e-06,1.297546351482215e-06,1.297546351482215e-06,False,0.008325967853747314,4.2899950058199465,1230.0,41.0,,,
single_step,tuned,flight,PSO,19,37.0,20.0,1.0,1.0,-0.026171676917801118,-0.025986423909321463,0.00018525300847965429,0.00018525300847965429,0.00018525300847965429,False,0.05648477323623365,2.4712859885767102,720.0,24.0,,,
single_step,tuned,flight,PSO,20,37.0,20.0,1.0,1.0,-0.026171676917801118,-0.02617070685383348,9.700639676361866e-07,9.700639676361866e-07,9.700639676361866e-07,False,0.006427309284314192,4.278726992197335,1230.0,41.0,,,
single_step,tuned,flight,PSO,21,37.0,20.0,1.0,1.0,-0.026171676917801118,-0.026171548748558954,1.2816924216396686e-07,1.2816924216396686e-07,1.2816924216396686e-07,False,0.002053241819989639,4.385459003970027,1230.0,41.0,,,
single_step,tuned,flight,PSO,22,37.0,20.0,1.0,1.0,-0.026171676917801118,-0.02446023826337204,0.001711438654429076,0.001711438654429076,0.001711438654429076,False,0.22740319955370994,1.6964209935395047,480.0,16.0,,,
single_step,tuned,flight,PSO,23,37.0,20.0,1.0,1.0,-0.026171676917801118,-0.026171164825982994,5.120918181236722e-07,5.120918181236722e-07,5.120918181236722e-07,False,0.004896674503314649,4.255101011949591,1230.0,41.0,,,
single_step,tuned,flight,PSO,24,37.0,20.0,1.0,1.0,-0.026171676917801118,-0.02610415946646729,6.751745133382753e-05,6.751745133382753e-05,6.751745133382753e-05,False,0.04604735845793893,3.2939609955064952,930.0,31.0,,,
single_step,tuned,flight,PSO,25,37.0,20.0,1.0,1.0,-0.026171676917801118,-0.02617097728951424,6.996282868772241e-07,6.996282868772241e-07,6.996282868772241e-07,False,0.0023904195396754545,4.327090005972423,1230.0,41.0,,,
single_step,tuned,flight,PSO,26,37.0,20.0,1.0,1.0,-0.026171676917801118,-0.026170069519865214,1.6073979359036705e-06,1.6073979359036705e-06,1.6073979359036705e-06,False,0.006971576801887313,4.278288004570641,1230.0,41.0,,,
single_step,tuned,flight,PSO,27,37.0,20.0,1.0,1.0,-0.026171676917801118,-0.02524226015765761,0.000929416760143506,0.000929416760143506,0.000929416760143506,False,0.16599534974925215,2.4509670038241893,690.0,23.0,,,
single_step,tuned,flight,PSO,28,37.0,20.0,1.0,1.0,-0.026171676917801118,-0.026166301589383892,5.3753284172258775e-06,5.3753284172258775e-06,5.3753284172258775e-06,False,0.012274328893647993,4.311893993872218,1230.0,41.0,,,
single_step,tuned,flight,PSO,29,37.0,20.0,1.0,1.0,-0.026171676917801118,-0.02617123771275496,4.392050461585195e-07,4.392050461585195e-07,4.392050461585195e-07,False,0.004262572260233447,4.386884989799,1230.0,41.0,,,
single_step,tuned,flight,PSO,30,37.0,20.0,1.0,1.0,-0.026171676917801118,-0.026168981929028792,2.694988772325435e-06,2.694988772325435e-06,2.694988772325435e-06,False,0.010160531808116467,4.273859987733886,1230.0,41.0,,,
single_step,tuned,flight,PSO,31,37.0,20.0,1.0,1.0,-0.026171676917801118,-0.02610267980261559,6.899711518552898e-05,6.899711518552898e-05,6.899711518552898e-05,False,0.06179218989453879,3.010304004419595,870.0,29.0,,,
single_step,tuned,flight,PSO,32,37.0,20.0,1.0,1.0,-0.026171676917801118,-0.02617028251553591,1.3944022652090382e-06,1.3944022652090382e-06,1.3944022652090382e-06,False,0.008686094419629078,4.254721003235318,1230.0,41.0,,,
single_step,tuned,flight,PSO,33,37.0,20.0,1.0,1.0,-0.026171676917801118,-0.026158036667381368,1.36402504197497e-05,1.36402504197497e-05,1.36402504197497e-05,False,0.010247828359556479,4.297059989767149,1230.0,41.0,,,
single_step,tuned,flight,PSO,34,37.0,20.0,1.0,1.0,-0.026171676917801118,-0.026157344673935774,1.433224386534343e-05,1.433224386534343e-05,1.433224386534343e-05,False,0.013000111861692311,2.815097992424853,810.0,27.0,,,
single_step,tuned,flight,PSO,35,37.0,20.0,1.0,1.0,-0.026171676917801118,-0.02617155473473845,1.2218306266742474e-07,1.2218306266742474e-07,1.2218306266742474e-07,False,0.0009930917502008303,4.295448001357727,1230.0,41.0,,,
single_step,tuned,flight,PSO,36,37.0,20.0,1.0,1.0,-0.026171676917801118,-0.026169361728658056,2.3151891430615856e-06,2.3151891430615856e-06,2.3151891430615856e-06,False,0.004280725190238378,4.384176994790323,1230.0,41.0,,,
single_step,tuned,flight,PSO,37,37.0,20.0,1.0,1.0,-0.026171676917801118,-0.026169527139231093,2.1497785700243244e-06,2.1497785700243244e-06,2.1497785700243244e-06,False,0.007532387263288272,4.38330000906717,1230.0,41.0,,,
single_step,tuned,flight,PSO,38,37.0,20.0,1.0,1.0,-0.026171676917801118,-0.02616915360619899,2.5233116021268487e-06,2.5233116021268487e-06,2.5233116021268487e-06,False,0.009965598455883979,4.291630000807345,1230.0,41.0,,,
single_step,tuned,flight,PSO,39,37.0,20.0,1.0,1.0,-0.026171676917801118,-0.026171345112063912,3.3180573720537065e-07,3.3180573720537065e-07,3.3180573720537065e-07,False,0.003439956847845325,4.300991000491194,1230.0,41.0,,,
single_step,tuned,flight,PSO,40,37.0,20.0,1.0,1.0,-0.026171676917801118,-0.026171106375069406,5.70542731712087e-07,5.70542731712087e-07,5.70542731712087e-07,False,0.004764185997605005,4.344726999988779,1230.0,41.0,,,
single_step,tuned,flight,PSO,41,37.0,20.0,1.0,1.0,-0.026171676917801118,-0.02617044745153114,1.2294662699793846e-06,1.2294662699793846e-06,1.2294662699793846e-06,False,0.0082561104585007,4.269926997949369,1230.0,41.0,,,
single_step,tuned,flight,PSO,42,37.0,20.0,1.0,1.0,-0.026171676917801118,-0.026171534030483355,1.4288731776251895e-07,1.4288731776251895e-07,1.4288731776251895e-07,False,0.00114556954763938,4.270613004337065,1230.0,41.0,,,
single_step,tuned,flight,PSO,43,37.0,20.0,1.0,1.0,-0.026171676917801118,-0.026170307170255994,1.3697475451240892e-06,1.3697475451240892e-06,1.3697475451240892e-06,False,0.004739537902817558,4.283261005184613,1230.0,41.0,,,
single_step,tuned,flight,PSO,44,37.0,20.0,1.0,1.0,-0.026171676917801118,-0.026170807876580656,8.69041220461636e-07,8.69041220461636e-07,8.69041220461636e-07,False,0.002998833129915135,4.298893996747211,1230.0,41.0,,,
single_step,tuned,flight,PSO,45,37.0,20.0,1.0,1.0,-0.026171676917801118,-0.02604682626846246,0.0001248506493386585,0.0001248506493386585,0.0001248506493386585,False,0.07649959339939101,2.179850998800248,630.0,21.0,,,
single_step,tuned,flight,PSO,46,37.0,20.0,1.0,1.0,-0.026171676917801118,-0.026168266132784553,3.4107850165644715e-06,3.4107850165644715e-06,3.4107850165644715e-06,False,0.012475112086866299,4.3608410051092505,1230.0,41.0,,,
single_step,tuned,flight,PSO,47,37.0,20.0,1.0,1.0,-0.026171676917801118,-0.026159315883647775,1.2361034153342276e-05,1.2361034153342276e-05,1.2361034153342276e-05,False,0.01999661205224017,4.335510995588265,1230.0,41.0,,,
single_step,tuned,flight,PSO,48,37.0,20.0,1.0,1.0,-0.026171676917801118,-0.026171650737017063,2.6180784054585793e-08,2.6180784054585793e-08,2.6180784054585793e-08,False,0.0004490356519892803,4.289743999834172,1230.0,41.0,,,
single_step,tuned,flight,PSO,49,37.0,20.0,1.0,1.0,-0.026171676917801118,-0.026170815917050665,8.610007504530892e-07,8.610007504530892e-07,8.610007504530892e-07,False,0.006367022652231712,4.344802990090102,1230.0,41.0,,,
single_step,tuned,flight,WOA,0,37.0,20.0,1.0,1.0,-0.026171676917801118,-0.026171563761235972,1.1315656514576666e-07,1.1315656514576666e-07,1.1315656514576666e-07,False,0.001194022657077232,4.8652099940227345,630.0,21.0,,,
single_step,tuned,flight,WOA,1,37.0,20.0,1.0,1.0,-0.026171676917801118,-0.026171586339870805,9.057793031244654e-08,9.057793031244654e-08,9.057793031244654e-08,False,0.0009615352015964815,4.850555007578805,630.0,21.0,,,
single_step,tuned,flight,WOA,2,37.0,20.0,1.0,1.0,-0.026171676917801118,-0.026171450370902398,2.2654689871975942e-07,2.2654689871975942e-07,2.2654689871975942e-07,False,0.0014064512850478401,4.818418994545937,630.0,21.0,,,
single_step,tuned,flight,WOA,3,37.0,20.0,1.0,1.0,-0.026171676917801118,-0.026171406377295467,2.705405056507848e-07,2.705405056507848e-07,2.705405056507848e-07,False,0.002549843968213346,4.782243995578028,630.0,21.0,,,
single_step,tuned,flight,WOA,4,37.0,20.0,1.0,1.0,-0.026171676917801118,-0.026171674387963754,2.5298373639015548e-09,2.5298373639015548e-09,2.5298373639015548e-09,False,0.00030764817578443713,4.80648000666406,630.0,21.0,,,
single_step,tuned,flight,WOA,5,37.0,20.0,1.0,1.0,-0.026171676917801118,-0.026171432647138632,2.442706624854185e-07,2.442706624854185e-07,2.442706624854185e-07,False,0.0018524451000785514,4.865146998781711,630.0,21.0,,,
single_step,tuned,flight,WOA,6,37.0,20.0,1.0,1.0,-0.026171676917801118,-0.02617166216315428,1.4754646837644714e-08,1.4754646837644714e-08,1.4754646837644714e-08,False,0.0004438810306382093,4.8157949931919575,630.0,21.0,,,
single_step,tuned,flight,WOA,7,37.0,20.0,1.0,1.0,-0.026171676917801118,-0.026171676631613662,2.8618745567809967e-10,2.8618745567809967e-10,2.8618745567809967e-10,False,6.879592308319191e-05,4.822657007025555,630.0,21.0,,,
single_step,tuned,flight,WOA,8,37.0,20.0,1.0,1.0,-0.026171676917801118,-0.026170190996900967,1.4859209001502616e-06,1.4859209001502616e-06,1.4859209001502616e-06,False,0.00456640451383652,4.827356009627692,630.0,21.0,,,
single_step,tuned,flight,WOA,9,37.0,20.0,1.0,1.0,-0.026171676917801118,-0.026164642856898557,7.034060902560285e-06,7.034060902560285e-06,7.034060902560285e-06,False,0.009578387388717172,4.855193008552305,630.0,21.0,,,
single_step,tuned,flight,WOA,10,37.0,20.0,1.0,1.0,-0.026171676917801118,-0.026171664634511795,1.2283289323178348e-08,1.2283289323178348e-08,1.2283289323178348e-08,False,0.00047312642621292155,4.83671500114724,630.0,21.0,,,
single_step,tuned,flight,WOA,11,37.0,20.0,1.0,1.0,-0.026171676917801118,-0.026171668016390273,8.901410844530666e-09,8.901410844530666e-09,8.901410844530666e-09,False,0.0003751453300112536,4.8334509920096025,630.0,21.0,,,
single_step,tuned,flight,WOA,12,37.0,20.0,1.0,1.0,-0.026171676917801118,-0.026171676095764613,8.220365048383638e-10,8.220365048383638e-10,8.220365048383638e-10,False,0.00010647272458511793,4.84409301134292,630.0,21.0,,,
single_step,tuned,flight,WOA,13,37.0,20.0,1.0,1.0,-0.026171676917801118,-0.0261355185417275,3.6158376073618104e-05,3.6158376073618104e-05,3.6158376073618104e-05,False,0.021817033784111164,4.814466010429896,630.0,21.0,,,
single_step,tuned,flight,WOA,14,37.0,20.0,1.0,1.0,-0.026171676917801118,-0.026171676577189096,3.40612021226816e-10,3.40612021226816e-10,3.40612021226816e-10,False,7.951338623654517e-05,4.753664994495921,630.0,21.0,,,
single_step,tuned,flight,WOA,15,37.0,20.0,1.0,1.0,-0.026171676917801118,-0.026170099345080217,1.5775727209010881e-06,1.5775727209010881e-06,1.5775727209010881e-06,False,0.004458348622452489,4.712637994089164,630.0,21.0,,,
single_step,tuned,flight,WOA,16,37.0,20.0,1.0,1.0,-0.026171676917801118,-0.026171660573259613,1.6344541504953458e-08,1.6344541504953458e-08,1.6344541504953458e-08,False,0.0005559092962011082,4.917231999570504,630.0,21.0,,,
single_step,tuned,flight,WOA,17,37.0,20.0,1.0,1.0,-0.026171676917801118,-0.026171673977423864,2.9403772541791717e-09,2.9403772541791717e-09,2.9403772541791717e-09,False,0.0002444243960774126,4.739833006169647,630.0,21.0,,,
single_step,tuned,flight,WOA,18,37.0,20.0,1.0,1.0,-0.026171676917801118,-0.026163563524467325,8.113393333793184e-06,8.113393333793184e-06,8.113393333793184e-06,False,0.010710162066666577,4.850395998801105,630.0,21.0,,,
single_step,tuned,flight,WOA,19,37.0,20.0,1.0,1.0,-0.026171676917801118,-0.026169761200815052,1.9157169860659073e-06,1.9157169860659073e-06,1.9157169860659073e-06,False,0.00564435790498283,4.9362959980499,630.0,21.0,,,
single_step,tuned,flight,WOA,20,37.0,20.0,1.0,1.0,-0.026171676917801118,-0.026171514790189875,1.621276112424852e-07,1.621276112424852e-07,1.621276112424852e-07,False,0.0015006730738205273,4.802611001650803,630.0,21.0,,,
single_step,tuned,flight,WOA,21,37.0,20.0,1.0,1.0,-0.026171676917801118,-0.026137665346848634,3.4011570952483666e-05,3.4011570952483666e-05,3.4011570952483666e-05,False,0.02255036380555611,4.813652994926088,630.0,21.0,,,
single_step,tuned,flight,WOA,22,37.0,20.0,1.0,1.0,-0.026171676917801118,-0.026171640724432923,3.6193368194853415e-08,3.6193368194853415e-08,3.6193368194853415e-08,False,0.000757840974314155,4.820322996238247,630.0,21.0,,,
single_step,tuned,flight,WOA,23,37.0,20.0,1.0,1.0,-0.026171676917801118,-0.026171642038346897,3.4879454220704265e-08,3.4879454220704265e-08,3.4879454220704265e-08,False,0.0006488188342539082,4.965172003721818,630.0,21.0,,,
single_step,tuned,flight,WOA,24,37.0,20.0,1.0,1.0,-0.026171676917801118,-0.026171639306710154,3.761109096389603e-08,3.761109096389603e-08,3.761109096389603e-08,False,0.0006402925016241304,4.80745401000604,630.0,21.0,,,
single_step,tuned,flight,WOA,25,37.0,20.0,1.0,1.0,-0.026171676917801118,-0.02617149016968441,1.867481167067142e-07,1.867481167067142e-07,1.867481167067142e-07,False,0.0015969503482924482,4.788623991771601,630.0,21.0,,,
single_step,tuned,flight,WOA,26,37.0,20.0,1.0,1.0,-0.026171676917801118,-0.026170185772389814,1.4911454113038236e-06,1.4911454113038236e-06,1.4911454113038236e-06,False,0.004518313273683935,5.238216996076517,630.0,21.0,,,
single_step,tuned,flight,WOA,27,37.0,20.0,1.0,1.0,-0.026171676917801118,-0.026171540959691913,1.359581092048867e-07,1.359581092048867e-07,1.359581092048867e-07,False,0.0011074963556351766,4.764367011375725,630.0,21.0,,,
single_step,tuned,flight,WOA,28,37.0,20.0,1.0,1.0,-0.026171676917801118,-0.026171676717324652,2.0047646528964513e-10,2.0047646528964513e-10,2.0047646528964513e-10,False,4.081633163085411e-05,4.80862200492993,630.0,21.0,,,
single_step,tuned,flight,WOA,29,37.0,20.0,1.0,1.0,-0.026171676917801118,-0.026170649426109246,1.0274916918719124e-06,1.0274916918719124e-06,1.0274916918719124e-06,False,0.0040558855555590245,5.00466299126856,630.0,21.0,,,
single_step,tuned,flight,WOA,30,37.0,20.0,1.0,1.0,-0.026171676917801118,-0.02617151218164994,1.6473615117862384e-07,1.6473615117862384e-07,1.6473615117862384e-07,False,0.0015203333123587472,4.823020004550926,630.0,21.0,,,
single_step,tuned,flight,WOA,31,37.0,20.0,1.0,1.0,-0.026171676917801118,-0.02617167662650889,2.912922264508566e-10,2.912922264508566e-10,2.912922264508566e-10,False,4.72958382352721e-05,4.8080270062200725,630.0,21.0,,,
single_step,tuned,flight,WOA,32,37.0,20.0,1.0,1.0,-0.026171676917801118,-0.02617117739410694,4.995236941793268e-07,4.995236941793268e-07,4.995236941793268e-07,False,0.0026109989117576,4.818646993953735,630.0,21.0,,,
single_step,tuned,flight,WOA,33,37.0,20.0,1.0,1.0,-0.026171676917801118,-0.02616792873310153,3.7481846995868207e-06,3.7481846995868207e-06,3.7481846995868207e-06,False,0.010225329912743596,4.896529993857257,630.0,21.0,,,
single_step,tuned,flight,WOA,34,37.0,20.0,1.0,1.0,-0.026171676917801118,-0.02617163918005142,3.7737749696009626e-08,3.7737749696009626e-08,3.7737749696009626e-08,False,0.0005936233588110715,4.758975992444903,630.0,21.0,,,
single_step,tuned,flight,WOA,35,37.0,20.0,1.0,1.0,-0.026171676917801118,-0.02617165367612346,2.3241677658825122e-08,2.3241677658825122e-08,2.3241677658825122e-08,False,0.0007006697766843885,4.710139997769147,630.0,21.0,,,
single_step,tuned,flight,WOA,36,37.0,20.0,1.0,1.0,-0.026171676917801118,-0.026137582763661134,3.40941541399839e-05,3.40941541399839e-05,3.40941541399839e-05,False,0.02249462034027732,4.948695001075976,630.0,21.0,,,
single_step,tuned,flight,WOA,37,37.0,20.0,1.0,1.0,-0.026171676917801118,-0.026171676899800767,1.8000351209579435e-11,1.8000351209579435e-11,1.8000351209579435e-11,False,1.2836184614193787e-05,4.828022996662185,630.0,21.0,,,
single_step,tuned,flight,WOA,38,37.0,20.0,1.0,1.0,-0.026171676917801118,-0.026171067907133576,6.09010667541876e-07,6.09010667541876e-07,6.09010667541876e-07,False,0.0028839178275215593,4.863927999394946,630.0,21.0,,,
single_step,tuned,flight,WOA,39,37.0,20.0,1.0,1.0,-0.026171676917801118,-0.026171671412068706,5.50573241164809e-09,5.50573241164809e-09,5.50573241164809e-09,False,0.0002889471868773929,4.893891004030593,630.0,21.0,,,
single_step,tuned,flight,WOA,40,37.0,20.0,1.0,1.0,-0.026171676917801118,-0.026167076473714322,4.600444086795552e-06,4.600444086795552e-06,4.600444086795552e-06,False,0.008309185691427818,4.9183279916178435,630.0,21.0,,,
single_step,tuned,flight,WOA,41,37.0,20.0,1.0,1.0,-0.026171676917801118,-0.026171615692293343,6.122550777476476e-08,6.122550777476476e-08,6.122550777476476e-08,False,0.0009498790017998438,4.807920005987398,630.0,21.0,,,
single_step,tuned,flight,WOA,42,37.0,20.0,1.0,1.0,-0.026171676917801118,-0.026171549978881634,1.2693891948342695e-07,1.2693891948342695e-07,1.2693891948342695e-07,False,0.001246321449005906,4.881758010014892,630.0,21.0,,,
single_step,tuned,flight,WOA,43,37.0,20.0,1.0,1.0,-0.026171676917801118,-0.026171360529278213,3.163885229050256e-07,3.163885229050256e-07,3.163885229050256e-07,False,0.0015629249199936174,4.985514999134466,630.0,21.0,,,
single_step,tuned,flight,WOA,44,37.0,20.0,1.0,1.0,-0.026171676917801118,-0.026157288355460773,1.4388562340345024e-05,1.4388562340345024e-05,1.4388562340345024e-05,False,0.0122335760200231,4.9407670012442395,630.0,21.0,,,
single_step,tuned,flight,WOA,45,37.0,20.0,1.0,1.0,-0.026171676917801118,-0.02617159518014397,8.173765714616921e-08,8.173765714616921e-08,8.173765714616921e-08,False,0.0009203296726875275,4.826197997317649,630.0,21.0,,,
single_step,tuned,flight,WOA,46,37.0,20.0,1.0,1.0,-0.026171676917801118,-0.02617167663390387,2.8389724598953947e-10,2.8389724598953947e-10,2.8389724598953947e-10,False,6.203183107238293e-05,4.847795993555337,630.0,21.0,,,
single_step,tuned,flight,WOA,47,37.0,20.0,1.0,1.0,-0.026171676917801118,-0.026171602802593584,7.411520753369816e-08,7.411520753369816e-08,7.411520753369816e-08,False,0.0009922252390646936,4.817620996618643,630.0,21.0,,,
single_step,tuned,flight,WOA,48,37.0,20.0,1.0,1.0,-0.026171676917801118,-0.0261713805046896,2.9641311151754057e-07,2.9641311151754057e-07,2.9641311151754057e-07,False,0.0019896383938032623,4.793265004991554,630.0,21.0,,,
single_step,tuned,flight,WOA,49,37.0,20.0,1.0,1.0,-0.026171676917801118,-0.026170716151714804,9.607660863136802e-07,9.607660863136802e-07,9.607660863136802e-07,False,0.003651464915789691,4.861976995016448,630.0,21.0,,,
closed_loop,tuned,flight,QP,0,,,,,,,,,,,,0.8230954880127683,22.64,,0.018195653502689445,0.018195653502689445,150.0
closed_loop,tuned,flight,"QP[P=20,Nc=1,Qs=0.5]",0,,,,,,,,,,,,0.7365449395729229,21.82,,0.015001855039901216,0.015001855039901216,150.0
closed_loop,tuned,flight,"QP[P=20,Nc=3,Qs=2.0]",0,,,,,,,,,,,,3.851086927461438,133.14,,0.014453112851698414,0.014453112851698414,150.0
closed_loop,tuned,flight,"QP[P=15,Nc=3,Qs=5.0]",0,,,,,,,,,,,,2.2559272657963447,97.25333333333333,,0.014304133367218516,0.014304133367218516,150.0
closed_loop,tuned,flight,SGO,0,,,,,,,,,,,,12.826889960366922,1073.1,,0.014970308659633502,0.014970308659633502,150.0
closed_loop,tuned,flight,SGO,1,,,,,,,,,,,,12.308800999405017,1066.8866666666668,,0.015054521253155737,0.015054521253155737,150.0
closed_loop,tuned,flight,SGO,2,,,,,,,,,,,,12.846115647213688,1099.1933333333334,,0.015078361843022832,0.015078361843022832,150.0
closed_loop,tuned,flight,SGO,3,,,,,,,,,,,,11.937107372990189,1000.8333333333334,,0.015025256543882662,0.015025256543882662,150.0
closed_loop,tuned,flight,SGO,4,,,,,,,,,,,,12.428398440242745,1058.6533333333334,,0.015014870172797148,0.015014870172797148,150.0
closed_loop,tuned,flight,SGO,5,,,,,,,,,,,,12.471862500339435,1082.2333333333333,,0.014951234294778418,0.014951234294778418,150.0
closed_loop,tuned,flight,SGO,6,,,,,,,,,,,,12.242147187353112,1056.5266666666666,,0.015020552417047752,0.015020552417047752,150.0
closed_loop,tuned,flight,SGO,7,,,,,,,,,,,,12.854116054271193,1118.9133333333334,,0.014978109251268735,0.014978109251268735,150.0
closed_loop,tuned,flight,SGO,8,,,,,,,,,,,,12.820189373548297,1111.2133333333334,,0.014950732340186892,0.014950732340186892,150.0
closed_loop,tuned,flight,SGO,9,,,,,,,,,,,,12.587417653703596,1084.9866666666667,,0.015012898563616492,0.015012898563616492,150.0
closed_loop,tuned,flight,SGO,10,,,,,,,,,,,,12.61796442733612,1100.2733333333333,,0.015004820772097204,0.015004820772097204,150.0
closed_loop,tuned,flight,SGO,11,,,,,,,,,,,,13.211890273475243,1141.68,,0.014955181911716714,0.014955181911716714,150.0
closed_loop,tuned,flight,SGO,12,,,,,,,,,,,,12.451771720273731,1078.5466666666666,,0.015022506588237354,0.015022506588237354,150.0
closed_loop,tuned,flight,SGO,13,,,,,,,,,,,,13.294525639309237,1143.3133333333333,,0.014996771168367937,0.014996771168367937,150.0
closed_loop,tuned,flight,SGO,14,,,,,,,,,,,,11.866240059995713,1031.12,,0.015020092312413197,0.015020092312413197,150.0
closed_loop,tuned,flight,SGO,15,,,,,,,,,,,,11.982599059701897,1037.64,,0.014996635203001657,0.014996635203001657,150.0
closed_loop,tuned,flight,SGO,16,,,,,,,,,,,,12.990894987694142,1123.44,,0.015037242325166195,0.015037242325166195,150.0
closed_loop,tuned,flight,SGO,17,,,,,,,,,,,,11.677711952846343,1014.3733333333333,,0.01498002631803342,0.01498002631803342,150.0
closed_loop,tuned,flight,SGO,18,,,,,,,,,,,,12.430017666968828,1077.8733333333332,,0.01499595533999495,0.01499595533999495,150.0
closed_loop,tuned,flight,SGO,19,,,,,,,,,,,,12.597681786962008,1096.7,,0.015016773806409603,0.015016773806409603,150.0
closed_loop,tuned,flight,GWO,0,,,,,,,,,,,,24.457091580261476,810.5333333333333,,0.014222346272915572,0.014222346272915572,150.0
closed_loop,tuned,flight,GWO,1,,,,,,,,,,,,24.475143653786898,814.9333333333333,,0.0145867361389996,0.0145867361389996,150.0
closed_loop,tuned,flight,GWO,2,,,,,,,,,,,,24.537340165503945,816.9333333333333,,0.01458826584779558,0.01458826584779558,150.0
closed_loop,tuned,flight,GWO,3,,,,,,,,,,,,24.67024536599638,806.4,,0.01436730667638055,0.01436730667638055,150.0
closed_loop,tuned,flight,GWO,4,,,,,,,,,,,,24.520412100537214,817.3333333333334,,0.014599574213029317,0.014599574213029317,150.0
closed_loop,tuned,flight,GWO,5,,,,,,,,,,,,24.478179753253546,814.4,,0.014406431766624135,0.014406431766624135,150.0
closed_loop,tuned,flight,GWO,6,,,,,,,,,,,,24.485243826250855,805.8666666666667,,0.014570209699261174,0.014570209699261174,150.0
closed_loop,tuned,flight,GWO,7,,,,,,,,,,,,24.577267706433002,811.0666666666667,,0.014545819825687787,0.014545819825687787,150.0
closed_loop,tuned,flight,GWO,8,,,,,,,,,,,,24.41914759440503,809.6,,0.01447866877507554,0.01447866877507554,150.0
closed_loop,tuned,flight,GWO,9,,,,,,,,,,,,24.505287353434444,808.2666666666667,,0.014464892608489382,0.014464892608489382,150.0
closed_loop,tuned,flight,GWO,10,,,,,,,,,,,,25.09351297368994,812.6666666666666,,0.014604337923110403,0.014604337923110403,150.0
closed_loop,tuned,flight,GWO,11,,,,,,,,,,,,25.334663893154357,810.2666666666667,,0.014663507926492134,0.014663507926492134,150.0
closed_loop,tuned,flight,GWO,12,,,,,,,,,,,,25.75142573361518,816.5333333333333,,0.014396926450384625,0.014396926450384625,150.0
closed_loop,tuned,flight,GWO,13,,,,,,,,,,,,25.862808859771274,813.7333333333333,,0.014408182576496873,0.014408182576496873,150.0
closed_loop,tuned,flight,GWO,14,,,,,,,,,,,,25.65049175270057,812.6666666666666,,0.014525312934449884,0.014525312934449884,150.0
closed_loop,tuned,flight,GWO,15,,,,,,,,,,,,25.619146639752824,816.8,,0.01439475417056228,0.01439475417056228,150.0
closed_loop,tuned,flight,GWO,16,,,,,,,,,,,,25.83233558689244,813.0666666666667,,0.014428410964263401,0.014428410964263401,150.0
closed_loop,tuned,flight,GWO,17,,,,,,,,,,,,25.328699179226533,808.9333333333333,,0.014219673772363248,0.014219673772363248,150.0
closed_loop,tuned,flight,GWO,18,,,,,,,,,,,,25.310312793687142,807.0666666666667,,0.014753072737936744,0.014753072737936744,150.0
closed_loop,tuned,flight,GWO,19,,,,,,,,,,,,25.519914887166426,815.7333333333333,,0.01460482090320869,0.01460482090320869,150.0
closed_loop,tuned,flight,PSO,0,,,,,,,,,,,,2.4350098259553,706.8,,0.014940010893386611,0.014940010893386611,150.0
closed_loop,tuned,flight,PSO,1,,,,,,,,,,,,2.536008240034183,729.6,,0.014968761833149073,0.014968761833149073,150.0
closed_loop,tuned,flight,PSO,2,,,,,,,,,,,,2.5627872603945434,755.2,,0.014921034438581685,0.014921034438581685,150.0
closed_loop,tuned,flight,PSO,3,,,,,,,,,,,,2.4018928997490243,721.6,,0.014940415805757033,0.014940415805757033,150.0
closed_loop,tuned,flight,PSO,4,,,,,,,,,,,,2.4453579063992947,735.0,,0.014970075079824363,0.014970075079824363,150.0
closed_loop,tuned,flight,PSO,5,,,,,,,,,,,,2.3982335060524442,726.2,,0.014972418071470516,0.014972418071470516,150.0
closed_loop,tuned,flight,PSO,6,,,,,,,,,,,,2.2939525397183993,703.2,,0.014933193251464371,0.014933193251464371,150.0
closed_loop,tuned,flight,PSO,7,,,,,,,,,,,,2.3398589737674533,712.2,,0.014951168014035966,0.014951168014035966,150.0
closed_loop,tuned,flight,PSO,8,,,,,,,,,,,,2.46712727258758,732.0,,0.015022014816586387,0.015022014816586387,150.0
closed_loop,tuned,flight,PSO,9,,,,,,,,,,,,2.5874522730979757,774.4,,0.014981177334254164,0.014981177334254164,150.0
closed_loop,tuned,flight,PSO,10,,,,,,,,,,,,2.312048393456886,685.6,,0.014940465510741944,0.014940465510741944,150.0
closed_loop,tuned,flight,PSO,11,,,,,,,,,,,,2.4596443457024484,730.4,,0.014974986691593944,0.014974986691593944,150.0
closed_loop,tuned,flight,PSO,12,,,,,,,,,,,,2.546351065975614,761.4,,0.014981004681648175,0.014981004681648175,150.0
closed_loop,tuned,flight,PSO,13,,,,,,,,,,,,2.3986355929325023,715.4,,0.014966909959523619,0.014966909959523619,150.0
closed_loop,tuned,flight,PSO,14,,,,,,,,,,,,2.5198732862675874,750.8,,0.014960376728275535,0.014960376728275535,150.0
closed_loop,tuned,flight,PSO,15,,,,,,,,,,,,2.5224800140131265,747.0,,0.014935287859190306,0.014935287859190306,150.0
closed_loop,tuned,flight,PSO,16,,,,,,,,,,,,2.461857653785652,735.4,,0.014962185122208203,0.014962185122208203,150.0
closed_loop,tuned,flight,PSO,17,,,,,,,,,,,,2.5400746875675395,763.8,,0.014968632836029692,0.014968632836029692,150.0
closed_loop,tuned,flight,PSO,18,,,,,,,,,,,,2.4677640794349522,750.4,,0.014973900091965102,0.014973900091965102,150.0
closed_loop,tuned,flight,PSO,19,,,,,,,,,,,,2.5366673737880774,766.8,,0.01497116920781913,0.01497116920781913,150.0
closed_loop,tuned,flight,WOA,0,,,,,,,,,,,,4.667278792961345,630.0,,0.015560669637325669,0.015560669637325669,150.0
closed_loop,tuned,flight,WOA,1,,,,,,,,,,,,4.634132806483346,630.0,,0.01526429492208807,0.01526429492208807,150.0
closed_loop,tuned,flight,WOA,2,,,,,,,,,,,,4.659469865825183,630.0,,0.015004431498180548,0.015004431498180548,150.0
closed_loop,tuned,flight,WOA,3,,,,,,,,,,,,4.6256030997998705,630.0,,0.015680332404324523,0.015680332404324523,150.0
closed_loop,tuned,flight,WOA,4,,,,,,,,,,,,4.664041012874804,630.0,,0.015489227842592598,0.015489227842592598,150.0
closed_loop,tuned,flight,WOA,5,,,,,,,,,,,,4.734887393133249,630.0,,0.01568487225940083,0.01568487225940083,150.0
closed_loop,tuned,flight,WOA,6,,,,,,,,,,,,4.643831693489726,630.0,,0.015819079125548936,0.015819079125548936,150.0
closed_loop,tuned,flight,WOA,7,,,,,,,,,,,,4.69288960720102,630.0,,0.015371463025149239,0.015371463025149239,150.0
closed_loop,tuned,flight,WOA,8,,,,,,,,,,,,4.629736546970283,630.0,,0.015356300542372546,0.015356300542372546,150.0
closed_loop,tuned,flight,WOA,9,,,,,,,,,,,,4.625984013449245,630.0,,0.015504128888677783,0.015504128888677783,150.0
closed_loop,tuned,flight,WOA,10,,,,,,,,,,,,4.630476079667763,630.0,,0.015024394990691097,0.015024394990691097,150.0
closed_loop,tuned,flight,WOA,11,,,,,,,,,,,,4.610460960733083,630.0,,0.01561308052132374,0.01561308052132374,150.0
closed_loop,tuned,flight,WOA,12,,,,,,,,,,,,4.592735673165104,630.0,,0.015211027802488281,0.015211027802488281,150.0
closed_loop,tuned,flight,WOA,13,,,,,,,,,,,,4.64241082634544,630.0,,0.01569841726864903,0.01569841726864903,150.0
closed_loop,tuned,flight,WOA,14,,,,,,,,,,,,4.783358160154118,630.0,,0.015749611625553668,0.015749611625553668,150.0
closed_loop,tuned,flight,WOA,15,,,,,,,,,,,,4.629214674932882,630.0,,0.015569123983153363,0.015569123983153363,150.0
closed_loop,tuned,flight,WOA,16,,,,,,,,,,,,4.616117327047202,630.0,,0.015822472682850156,0.015822472682850156,150.0
closed_loop,tuned,flight,WOA,17,,,,,,,,,,,,4.654420853767078,630.0,,0.015738786521623194,0.015738786521623194,150.0
closed_loop,tuned,flight,WOA,18,,,,,,,,,,,,4.694181373730923,630.0,,0.015955533087970326,0.015955533087970326,150.0
closed_loop,tuned,flight,WOA,19,,,,,,,,,,,,4.611289787280839,630.0,,0.015293443978547393,0.015293443978547393,150.0
single_step,tuned,hvac,SGO,0,375.0,20.0,1.0,1.0,-0.8381197280185997,-0.8379021310481074,0.00021759697049228421,0.00021759697049228421,0.00021759697049228421,False,0.14692611904625855,15.1550029986538,1250.0,60.0,,,
single_step,tuned,hvac,SGO,1,375.0,20.0,1.0,1.0,-0.8381197280185997,-0.8320578791771616,0.006061848841438122,0.006061848841438122,0.006061848841438122,False,0.7754877805262891,15.466447002836503,1254.0,60.0,,,
single_step,tuned,hvac,SGO,2,375.0,20.0,1.0,1.0,-0.8381197280185997,-0.8321782755523386,0.005941452466261099,0.005941452466261099,0.005941452466261099,False,0.767747866101231,14.724478998687118,1170.0,60.0,,,
single_step,tuned,hvac,SGO,3,375.0,20.0,1.0,1.0,-0.8381197280185997,-0.8378031846403866,0.00031654337821307443,0.00031654337821307443,0.00031654337821307443,False,0.17721032463959732,10.861073998967186,920.0,42.0,,,
single_step,tuned,hvac,SGO,4,375.0,20.0,1.0,1.0,-0.8381197280185997,-0.8346944798711419,0.0034252481474578156,0.0034252481474578156,0.0034252481474578156,False,0.5829325846093831,11.831206997158006,990.0,48.0,,,
single_step,tuned,hvac,SGO,5,375.0,20.0,1.0,1.0,-0.8381197280185997,-0.8379537903106493,0.00016593770795036988,0.00016593770795036988,0.00016593770795036988,False,0.12830537792622582,14.567674996214919,1202.0,60.0,,,
single_step,tuned,hvac,SGO,6,375.0,20.0,1.0,1.0,-0.8381197280185997,-0.8259747083471897,0.012145019671410018,0.012145019671410018,0.012145019671410018,False,1.0976691371570755,14.973459008615464,1264.0,60.0,,,
single_step,tuned,hvac,SGO,7,375.0,20.0,1.0,1.0,-0.8381197280185997,-0.8374873417253849,0.0006323862932148261,0.0006323862932148261,0.0006323862932148261,False,0.25047459180230236,14.539517011144198,1206.0,60.0,,,
single_step,tuned,hvac,SGO,8,375.0,20.0,1.0,1.0,-0.8381197280185997,-0.8344946371874774,0.0036250908311222796,0.0036250908311222796,0.0036250908311222796,False,0.5996969636357318,13.997436995850876,1212.0,56.0,,,
single_step,tuned,hvac,SGO,9,375.0,20.0,1.0,1.0,-0.8381197280185997,-0.8368319148587545,0.0012878131598451636,0.0012878131598451636,0.0012878131598451636,False,0.3574362727461205,13.026735992752947,1100.0,53.0,,,
single_step,tuned,hvac,SGO,10,375.0,20.0,1.0,1.0,-0.8381197280185997,-0.8319542142201124,0.006165513798487288,0.006165513798487288,0.006165513798487288,False,0.7820905876199941,11.584560998016968,992.0,47.0,,,
single_step,tuned,hvac,SGO,11,375.0,20.0,1.0,1.0,-0.8381197280185997,-0.8380971377184219,2.2590300177816047e-05,2.2590300177816047e-05,2.2590300177816047e-05,False,0.047340655323936505,12.285295000765473,1054.0,50.0,,,
single_step,tuned,hvac,SGO,12,375.0,20.0,1.0,1.0,-0.8381197280185997,-0.8343275762307685,0.0037921517878312105,0.0037921517878312105,0.0037921517878312105,False,0.6133595277369356,12.390976000460796,1058.0,52.0,,,
single_step,tuned,hvac,SGO,13,375.0,20.0,1.0,1.0,-0.8381197280185997,-0.8380965708013217,2.3157217277969266e-05,2.3157217277969266e-05,2.3157217277969266e-05,False,0.047930787449639675,13.542259999667294,1134.0,56.0,,,
single_step,tuned,hvac,SGO,14,375.0,20.0,1.0,1.0,-0.8381197280185997,-0.8310925787354084,0.0070271492831912585,0.0070271492831912585,0.0070271492831912585,False,0.834952734433625,14.891006998368539,1264.0,60.0,,,
single_step,tuned,hvac,SGO,15,375.0,20.0,1.0,1.0,-0.8381197280185997,-0.837981915521955,0.00013781249664468476,0.00013781249664468476,0.00013781249664468476,False,0.11692753363520392,15.08610999735538,1260.0,60.0,,,
single_step,tuned,hvac,SGO,16,375.0,20.0,1.0,1.0,-0.8381197280185997,-0.8285434544077095,0.009576273610890196,0.009576273610890196,0.009576273610890196,False,0.9746993491704133,14.857920003123581,1216.0,60.0,,,
single_step,tuned,hvac,SGO,17,375.0,20.0,1.0,1.0,-0.8381197280185997,-0.8380524571289614,6.727088963831562e-05,6.727088963831562e-05,6.727088963831562e-05,False,0.08169318359237204,13.44423700356856,1108.0,54.0,,,
single_step,tuned,hvac,SGO,18,375.0,20.0,1.0,1.0,-0.8381197280185997,-0.8378113822506827,0.0003083457679169399,0.0003083457679169399,0.0003083457679169399,False,0.17490055425538986,15.09638299467042,1248.0,60.0,,,
single_step,tuned,hvac,SGO,19,375.0,20.0,1.0,1.0,-0.8381197280185997,-0.8324593487584723,0.005660379260127413,0.005660379260127413,0.005660379260127413,False,0.749367890614942,8.155169998644851,674.0,33.0,,,
single_step,tuned,hvac,SGO,20,375.0,20.0,1.0,1.0,-0.8381197280185997,-0.8380578989634644,6.182905513529846e-05,6.182905513529846e-05,6.182905513529846e-05,False,0.07831929583736755,13.916837007855065,1160.0,57.0,,,
single_step,tuned,hvac,SGO,21,375.0,20.0,1.0,1.0,-0.8381197280185997,-0.8296758480435664,0.008443879975033264,0.008443879975033264,0.008443879975033264,False,0.9152575533341644,14.709576993482187,1246.0,60.0,,,
single_step,tuned,hvac,SGO,22,375.0,20.0,1.0,1.0,-0.8381197280185997,-0.8372585646732478,0.0008611633453519119,0.0008611633453519119,0.0008611633453519119,False,0.2922908038618722,10.41453100333456,874.0,43.0,,,
single_step,tuned,hvac,SGO,23,375.0,20.0,1.0,1.0,-0.8381197280185997,-0.8374237878651785,0.0006959401534212262,0.0006959401534212262,0.0006959401534212262,False,0.2627594545988412,9.245301989722066,778.0,37.0,,,
single_step,tuned,hvac,SGO,24,375.0,20.0,1.0,1.0,-0.8381197280185997,-0.8374936976592717,0.0006260303593279559,0.0006260303593279559,0.0006260303593279559,False,0.24921257405856803,14.668675998109393,1238.0,60.0,,,
single_step,tuned,hvac,SGO,25,375.0,20.0,1.0,1.0,-0.8381197280185997,-0.8364532635042063,0.0016664645143933399,0.0016664645143933399,0.0016664645143933399,False,0.40660285653899514,14.923360999091528,1250.0,60.0,,,
single_step,tuned,hvac,SGO,26,375.0,20.0,1.0,1.0,-0.8381197280185997,-0.8380277997716257,9.192824697401569e-05,9.192824697401569e-05,9.192824697401569e-05,False,0.09549856636776144,14.752853006939404,1234.0,60.0,,,
single_step,tuned,hvac,SGO,27,375.0,20.0,1.0,1.0,-0.8381197280185997,-0.8180342896144661,0.02008543840413357,0.02008543840413357,0.02008543840413357,False,1.4116043234976963,14.800379009102471,1242.0,60.0,,,
single_step,tuned,hvac,SGO,28,375.0,20.0,1.0,1.0,-0.8381197280185997,-0.8375210243982887,0.000598703620311003,0.000598703620311003,0.000598703620311003,False,0.24371268453299544,11.469785997178406,972.0,45.0,,,
single_step,tuned,hvac,SGO,29,375.0,20.0,1.0,1.0,-0.8381197280185997,-0.8367247232154613,0.0013950048031383666,0.0013950048031383666,0.0013950048031383666,False,0.3720147942048154,8.99947299330961,754.0,35.0,,,
single_step,tuned,hvac,SGO,30,375.0,20.0,1.0,1.0,-0.8381197280185997,-0.837036665016717,0.001083063001882656,0.001083063001882656,0.001083063001882656,False,0.3277925242860789,9.962683994672261,838.0,41.0,,,
single_step,tuned,hvac,SGO,31,375.0,20.0,1.0,1.0,-0.8381197280185997,-0.8347893678033015,0.0033303602152982004,0.0033303602152982004,0.0033303602152982004,False,0.5748015422207671,10.619743989082053,892.0,43.0,,,
single_step,tuned,hvac,SGO,32,375.0,20.0,1.0,1.0,-0.8381197280185997,-0.838084441536951,3.528648164863313e-05,3.528648164863313e-05,3.528648164863313e-05,False,0.05916648928477247,15.125047008041292,1282.0,60.0,,,
single_step,tuned,hvac,SGO,33,375.0,20.0,1.0,1.0,-0.8381197280185997,-0.8376407985090017,0.00047892950959793623,0.00047892950959793623,0.00047892950959793623,False,0.2179756090467551,14.662774003227241,1232.0,60.0,,,
single_step,tuned,hvac,SGO,34,375.0,20.0,1.0,1.0,-0.8381197280185997,-0.8377149387216436,0.00040478929695608734,0.00040478929695608734,0.00040478929695608734,False,0.20039494862996446,14.870464001432993,1226.0,60.0,,,
single_step,tuned,hvac,SGO,35,375.0,20.0,1.0,1.0,-0.8381197280185997,-0.8370607731845019,0.0010589548340977917,0.0010589548340977917,0.0010589548340977917,False,0.32412395425777035,14.692282988107763,1234.0,60.0,,,
single_step,tuned,hvac,SGO,36,375.0,20.0,1.0,1.0,-0.8381197280185997,-0.8366169542075242,0.0015027738110754418,0.0015027738110754418,0.0015027738110754418,False,0.38611723983354407,7.75899899599608,658.0,32.0,,,
single_step,tuned,hvac,SGO,37,375.0,20.0,1.0,1.0,-0.8381197280185997,-0.8360242958170565,0.0020954322015431792,0.0020954322015431792,0.0020954322015431792,False,0.4559416162515028,14.512844994897023,1214.0,60.0,,,
single_step,tuned,hvac,SGO,38,375.0,20.0,1.0,1.0,-0.8381197280185997,-0.8375000396147831,0.0006196884038165429,0.0006196884038165429,0.0006196884038165429,False,0.24794718466732854,9.038275995408185,762.0,37.0,,,
single_step,tuned,hvac,SGO,39,375.0,20.0,1.0,1.0,-0.8381197280185997,-0.8370283087599175,0.0010914192586821692,0.0010914192586821692,0.0010914192586821692,False,0.32905483162820237,14.415594007004984,1198.0,60.0,,,
single_step,tuned,hvac,SGO,40,375.0,20.0,1.0,1.0,-0.8381197280185997,-0.8338312863177252,0.004288441700874501,0.004288441700874501,0.004288441700874501,False,0.6522620192305714,14.263417993788607,1224.0,59.0,,,
single_step,tuned,hvac,SGO,41,375.0,20.0,1.0,1.0,-0.8381197280185997,-0.8359770772350914,0.002142650783508282,0.002142650783508282,0.002142650783508282,False,0.4610500766276272,14.357262989506125,1222.0,60.0,,,
single_step,tuned,hvac,SGO,42,375.0,20.0,1.0,1.0,-0.8381197280185997,-0.8325496210599415,0.0055701069586582275,0.0055701069586582275,0.0055701069586582275,False,0.7433684019435942,6.921920998138376,584.0,29.0,,,
single_step,tuned,hvac,SGO,43,375.0,20.0,1.0,1.0,-0.8381197280185997,-0.8377865076460311,0.0003332203725685545,0.0003332203725685545,0.0003332203725685545,False,0.18181857562447973,11.332153997500427,982.0,47.0,,,
single_step,tuned,hvac,SGO,44,375.0,20.0,1.0,1.0,-0.8381197280185997,-0.8376701017794719,0.0004496262391278094,0.0004496262391278094,0.0004496262391278094,False,0.21120214047024624,13.002655003219843,1128.0,53.0,,,
single_step,tuned,hvac,SGO,45,375.0,20.0,1.0,1.0,-0.8381197280185997,-0.8303472024341817,0.007772525584417989,0.007772525584417989,0.007772525584417989,False,0.8781191171223937,9.877371005131863,850.0,41.0,,,
single_step,tuned,hvac,SGO,46,375.0,20.0,1.0,1.0,-0.8381197280185997,-0.8379019965876534,0.00021773143094627745,0.00021773143094627745,0.00021773143094627745,False,0.14697149956548547,10.391428993898444,896.0,43.0,,,
single_step,tuned,hvac,SGO,47,375.0,20.0,1.0,1.0,-0.8381197280185997,-0.834768813798799,0.003350914219800716,0.003350914219800716,0.003350914219800716,False,0.5765726940981301,12.224528996739537,1040.0,51.0,,,
single_step,tuned,hvac,SGO,48,375.0,20.0,1.0,1.0,-0.8381197280185997,-0.8349367490798636,0.003182978938736092,0.003182978938736092,0.003182978938736092,False,0.5619391497283264,9.24905801366549,806.0,38.0,,,
single_step,tuned,hvac,SGO,49,375.0,20.0,1.0,1.0,-0.8381197280185997,-0.8340473699087924,0.004072358109807328,0.004072358109807328,0.004072358109807328,False,0.6356167672719386,14.803919999394566,1264.0,60.0,,,
single_step,tuned,hvac,GWO,0,375.0,20.0,1.0,1.0,-0.8381197280185997,-0.837039892194122,0.0010798358244776818,0.0010798358244776818,0.0010798358244776818,False,0.3273039178955563,9.375522990012541,540.0,26.0,,,
single_step,tuned,hvac,GWO,1,375.0,20.0,1.0,1.0,-0.8381197280185997,-0.837905778147648,0.0002139498709516907,0.0002139498709516907,0.0002139498709516907,False,0.1456894891609767,11.700766001013108,660.0,32.0,,,
single_step,tuned,hvac,GWO,2,375.0,20.0,1.0,1.0,-0.8381197280185997,-0.837903855686385,0.00021587233221465052,0.00021587233221465052,0.00021587233221465052,False,0.14634252233414777,16.028935002395883,900.0,44.0,,,
single_step,tuned,hvac,GWO,3,375.0,20.0,1.0,1.0,-0.8381197280185997,-0.8379095642432366,0.0002101637753630925,0.0002101637753630925,0.0002101637753630925,False,0.14439462607962014,16.807924999739043,960.0,47.0,,,
single_step,tuned,hvac,GWO,4,375.0,20.0,1.0,1.0,-0.8381197280185997,-0.8381158745144712,3.853504128459306e-06,3.853504128459306e-06,3.853504128459306e-06,False,0.019552387435676784,21.56543299497571,1220.0,60.0,,,
single_step,tuned,hvac,GWO,5,375.0,20.0,1.0,1.0,-0.8381197280185997,-0.8381178814340737,1.8465845259552083e-06,1.8465845259552083e-06,1.8465845259552083e-06,False,0.01353498800707137,21.46186000027228,1220.0,60.0,,,
single_step,tuned,hvac,GWO,6,375.0,20.0,1.0,1.0,-0.8381197280185997,-0.8380864114901947,3.3316528404991885e-05,3.3316528404991885e-05,3.3316528404991885e-05,False,0.057491197232199046,14.99935399624519,860.0,42.0,,,
single_step,tuned,hvac,GWO,7,375.0,20.0,1.0,1.0,-0.8381197280185997,-0.8380350578979494,8.467012065027646e-05,8.467012065027646e-05,8.467012065027646e-05,False,0.09165097159311447,16.646325995679945,940.0,46.0,,,
single_step,tuned,hvac,GWO,8,375.0,20.0,1.0,1.0,-0.8381197280185997,-0.8353258473451295,0.002793880673470195,0.002793880673470195,0.002793880673470195,False,0.52647312318294,7.276909003849141,420.0,20.0,,,
single_step,tuned,hvac,GWO,9,375.0,20.0,1.0,1.0,-0.8381197280185997,-0.8381191359705502,5.920480494747693e-07,5.920480494747693e-07,5.920480494747693e-07,False,0.007664027451688884,21.676775999367237,1220.0,60.0,,,
single_step,tuned,hvac,GWO,10,375.0,20.0,1.0,1.0,-0.8381197280185997,-0.8368985814145506,0.0012211466040490393,0.0012211466040490393,0.0012211466040490393,False,0.34806177531367366,7.9965610057115555,460.0,22.0,,,
single_step,tuned,hvac,GWO,11,375.0,20.0,1.0,1.0,-0.8381197280185997,-0.8379366652985117,0.00018306272008794533,0.00018306272008794533,0.00018306272008794533,False,0.13476338728066412,15.162869007326663,860.0,42.0,,,
single_step,tuned,hvac,GWO,12,375.0,20.0,1.0,1.0,-0.8381197280185997,-0.8380794064401198,4.0321578479884934e-05,4.0321578479884934e-05,4.0321578479884934e-05,False,0.06324726027243868,14.063078997423872,800.0,39.0,,,
single_step,tuned,hvac,GWO,13,375.0,20.0,1.0,1.0,-0.8381197280185997,-0.8379061956337583,0.00021353238484134174,0.00021353238484134174,0.00021353238484134174,False,0.14554736562333268,14.442204002989456,820.0,40.0,,,
single_step,tuned,hvac,GWO,14,375.0,20.0,1.0,1.0,-0.8381197280185997,-0.8372290602575626,0.0008906677610370783,0.0008906677610370783,0.0008906677610370783,False,0.29725582911978227,7.975537999300286,460.0,22.0,,,
single_step,tuned,hvac,GWO,15,375.0,20.0,1.0,1.0,-0.8381197280185997,-0.8365689672739971,0.0015507607446025862,0.0015507607446025862,0.0015507607446025862,False,0.39223366685691957,7.609491003677249,440.0,21.0,,,
single_step,tuned,hvac,GWO,16,375.0,20.0,1.0,1.0,-0.8381197280185997,-0.8381108619256563,8.866092943371484e-06,8.866092943371484e-06,8.866092943371484e-06,False,0.02965764831124449,19.218415007344447,1080.0,53.0,,,
single_step,tuned,hvac,GWO,17,375.0,20.0,1.0,1.0,-0.8381197280185997,-0.8377036270116214,0.0004161010069783089,0.0004161010069783089,0.0004161010069783089,False,0.20317574652376827,11.974377004662529,680.0,33.0,,,
single_step,tuned,hvac,GWO,18,375.0,20.0,1.0,1.0,-0.8381197280185997,-0.8381144626918106,5.265326789127833e-06,5.265326789127833e-06,5.265326789127833e-06,False,0.022855228094291993,21.719491996918805,1220.0,60.0,,,
single_step,tuned,hvac,GWO,19,375.0,20.0,1.0,1.0,-0.8381197280185997,-0.8378500460944396,0.0002696819241601034,0.0002696819241601034,0.0002696819241601034,False,0.16356794765313784,8.040961998631246,460.0,22.0,,,
single_step,tuned,hvac,GWO,20,375.0,20.0,1.0,1.0,-0.8381197280185997,-0.8380711244036982,4.860361490144349e-05,4.860361490144349e-05,4.860361490144349e-05,False,0.06943953653839677,10.912882993579842,620.0,30.0,,,
single_step,tuned,hvac,GWO,21,375.0,20.0,1.0,1.0,-0.8381197280185997,-0.8379621745093007,0.00015755350929902434,0.00015755350929902434,0.00015755350929902434,False,0.12502195202383962,13.148612997611053,740.0,36.0,,,
single_step,tuned,hvac,GWO,22,375.0,20.0,1.0,1.0,-0.8381197280185997,-0.8380815625705398,3.816544805990141e-05,3.816544805990141e-05,3.816544805990141e-05,False,0.061533045032568755,19.090791000053287,1080.0,53.0,,,
single_step,tuned,hvac,GWO,23,375.0,20.0,1.0,1.0,-0.8381197280185997,-0.8378841884166608,0.00023553960193889445,0.00023553960193889445,0.00023553960193889445,False,0.1528636088166247,8.285447009257041,480.0,23.0,,,
single_step,tuned,hvac,GWO,24,375.0,20.0,1.0,1.0,-0.8381197280185997,-0.8381158998741771,3.8281444225685135e-06,3.8281444225685135e-06,3.8281444225685135e-06,False,0.01948790307949487,21.45151700824499,1220.0,60.0,,,
single_step,tuned,hvac,GWO,25,375.0,20.0,1.0,1.0,-0.8381197280185997,-0.8373825454408568,0.000737182577742912,0.000737182577742912,0.000737182577742912,False,0.2704330813581838,7.689097008551471,440.0,21.0,,,
single_step,tuned,hvac,GWO,26,375.0,20.0,1.0,1.0,-0.8381197280185997,-0.8379949238798927,0.00012480413870696871,0.00012480413870696871,0.00012480413870696871,False,0.11127226589805768,13.606256994535215,780.0,38.0,,,
single_step,tuned,hvac,GWO,27,375.0,20.0,1.0,1.0,-0.8381197280185997,-0.8381169713735899,2.7566450098159834e-06,2.7566450098159834e-06,2.7566450098159834e-06,False,0.016537310865086023,21.69718399818521,1220.0,60.0,,,
single_step,tuned,hvac,GWO,28,375.0,20.0,1.0,1.0,-0.8381197280185997,-0.8379154843994666,0.00020424361913307099,0.00020424361913307099,0.00020424361913307099,False,0.14234644030442345,7.251275994349271,420.0,20.0,,,
single_step,tuned,hvac,GWO,29,375.0,20.0,1.0,1.0,-0.8381197280185997,-0.8376343649011111,0.00048536311748859085,0.00048536311748859085,0.00048536311748859085,False,0.21943488183973772,11.165122996317223,640.0,31.0,,,
single_step,tuned,hvac,GWO,30,375.0,20.0,1.0,1.0,-0.8381197280185997,-0.8378366599062894,0.0002830681123102696,0.0002830681123102696,0.0002830681123102696,False,0.16757836546012625,15.481932001421228,880.0,43.0,,,
single_step,tuned,hvac,GWO,31,375.0,20.0,1.0,1.0,-0.8381197280185997,-0.8377987109785547,0.00032101704004494636,0.00032101704004494636,0.00032101704004494636,False,0.17845824055027287,13.423721000435762,760.0,37.0,,,
single_step,tuned,hvac,GWO,32,375.0,20.0,1.0,1.0,-0.8381197280185997,-0.8381174477954254,2.2802231742780066e-06,2.2802231742780066e-06,2.2802231742780066e-06,False,0.015040369238955159,21.699040997191332,1220.0,60.0,,,
single_step,tuned,hvac,GWO,33,375.0,20.0,1.0,1.0,-0.8381197280185997,-0.8381163451455091,3.382873090540528e-06,3.382873090540528e-06,3.382873090540528e-06,False,0.018319637758752037,21.802115996251814,1220.0,60.0,,,
single_step,tuned,hvac,GWO,34,375.0,20.0,1.0,1.0,-0.8381197280185997,-0.8381188436075513,8.844110483963163e-07,8.844110483963163e-07,8.844110483963163e-07,False,0.009367092739869359,21.661986989784054,1220.0,60.0,,,
single_step,tuned,hvac,GWO,35,375.0,20.0,1.0,1.0,-0.8381197280185997,-0.8381078333055454,1.189471305429457e-05,1.189471305429457e-05,1.189471305429457e-05,False,0.03435187262012041,20.871599001111463,1180.0,58.0,,,
single_step,tuned,hvac,GWO,36,375.0,20.0,1.0,1.0,-0.8381197280185997,-0.8364748483236278,0.0016448796949718458,0.0016448796949718458,0.0016448796949718458,False,0.4039608911045905,7.143620998249389,420.0,20.0,,,
single_step,tuned,hvac,GWO,37,375.0,20.0,1.0,1.0,-0.8381197280185997,-0.8381153016116609,4.426406938762284e-06,4.426406938762284e-06,4.426406938762284e-06,False,0.020955475373698657,21.467317012138665,1220.0,60.0,,,
single_step,tuned,hvac,GWO,38,375.0,20.0,1.0,1.0,-0.8381197280185997,-0.8376045338854026,0.0005151941331971166,0.0005151941331971166,0.0005151941331971166,False,0.22607784733167052,10.209471001871862,580.0,28.0,,,
single_step,tuned,hvac,GWO,39,375.0,20.0,1.0,1.0,-0.8381197280185997,-0.8373167963683898,0.0008029316502098371,0.0008029316502098371,0.0008029316502098371,False,0.28223561409442194,10.43223700253293,600.0,29.0,,,
single_step,tuned,hvac,GWO,40,375.0,20.0,1.0,1.0,-0.8381197280185997,-0.8381183728155832,1.3552030164731832e-06,1.3552030164731832e-06,1.3552030164731832e-06,False,0.011595041070304202,21.479834002093412,1220.0,60.0,,,
single_step,tuned,hvac,GWO,41,375.0,20.0,1.0,1.0,-0.8381197280185997,-0.8381135220322036,6.205986396112806e-06,6.205986396112806e-06,6.205986396112806e-06,False,0.024812981919095273,21.593465004116297,1220.0,60.0,,,
single_step,tuned,hvac,GWO,42,375.0,20.0,1.0,1.0,-0.8381197280185997,-0.837456607183346,0.0006631208352536611,0.0006631208352536611,0.0006631208352536611,False,0.2564888657036293,11.78286901267711,680.0,33.0,,,
single_step,tuned,hvac,GWO,43,375.0,20.0,1.0,1.0,-0.8381197280185997,-0.8381189954760057,7.325425940285513e-07,7.325425940285513e-07,7.325425940285513e-07,False,0.008524863974879202,21.555604005698115,1220.0,60.0,,,
single_step,tuned,hvac,GWO,44,375.0,20.0,1.0,1.0,-0.8381197280185997,-0.8381183946985139,1.3333200857834626e-06,1.3333200857834626e-06,1.3333200857834626e-06,False,0.011501035054701422,21.66932399268262,1220.0,60.0,,,
single_step,tuned,hvac,GWO,45,375.0,20.0,1.0,1.0,-0.8381197280185997,-0.8371336551212998,0.0009860728972999055,0.0009860728972999055,0.0009860728972999055,False,0.3127712961520694,10.561504008364864,600.0,29.0,,,
single_step,tuned,hvac,GWO,46,375.0,20.0,1.0,1.0,-0.8381197280185997,-0.8381178523218167,1.8756967830046989e-06,1.8756967830046989e-06,1.8756967830046989e-06,False,0.013641365049971581,21.82175400957931,1220.0,60.0,,,
single_step,tuned,hvac,GWO,47,375.0,20.0,1.0,1.0,-0.8381197280185997,-0.8381175191982244,2.2088203752712587e-06,2.2088203752712587e-06,2.2088203752712587e-06,False,0.014803172468974859,21.7466100002639,1220.0,60.0,,,
single_step,tuned,hvac,GWO,48,375.0,20.0,1.0,1.0,-0.8381197280185997,-0.8374616076837407,0.0006581203348590137,0.0006581203348590137,0.0006581203348590137,False,0.2555200180902864,14.247265993617475,800.0,39.0,,,
single_step,tuned,hvac,GWO,49,375.0,20.0,1.0,1.0,-0.8381197280185997,-0.8380149472666627,0.00010478075193698366,0.00010478075193698366,0.00010478075193698366,False,0.10195594831349908,13.657014002092183,780.0,38.0,,,
single_step,tuned,hvac,PSO,0,375.0,20.0,1.0,1.0,-0.8381197280185997,-0.8381036871062643,1.6040912335424373e-05,1.6040912335424373e-05,1.6040912335424373e-05,False,0.03989207189984497,4.2776820046128705,1220.0,61.0,,,
single_step,tuned,hvac,PSO,1,375.0,20.0,1.0,1.0,-0.8381197280185997,-0.838114783459533,4.9445590666330475e-06,4.9445590666330475e-06,4.9445590666330475e-06,False,0.02214811620245903,4.231792991049588,1220.0,61.0,,,
single_step,tuned,hvac,PSO,2,375.0,20.0,1.0,1.0,-0.8381197280185997,-0.8381072019796195,1.2526038980165133e-05,1.2526038980165133e-05,1.2526038980165133e-05,False,0.03525162195471106,4.22449701000005,1220.0,61.0,,,
single_step,tuned,hvac,PSO,3,375.0,20.0,1.0,1.0,-0.8381197280185997,-0.5940113808983984,0.24410834712020124,0.24410834712020124,0.24410834712020124,False,4.921116802777018,2.010180993238464,580.0,29.0,,,
single_step,tuned,hvac,PSO,4,375.0,20.0,1.0,1.0,-0.8381197280185997,-0.8381044256027412,1.53024158584536e-05,1.53024158584536e-05,1.53024158584536e-05,False,0.03896289932476242,4.254095998476259,1220.0,61.0,,,
single_step,tuned,hvac,PSO,5,375.0,20.0,1.0,1.0,-0.8381197280185997,-0.7588045747720886,0.07931515324651106,0.07931515324651106,0.07931515324651106,False,2.8051135019815217,1.1159880086779594,320.0,16.0,,,
single_step,tuned,hvac,PSO,6,375.0,20.0,1.0,1.0,-0.8381197280185997,-0.8380810273902823,3.870062831734522e-05,3.870062831734522e-05,3.870062831734522e-05,False,0.061962745910348005,4.258896995452233,1220.0,61.0,,,
single_step,tuned,hvac,PSO,7,375.0,20.0,1.0,1.0,-0.8381197280185997,-0.8380922096274543,2.751839114534249e-05,2.751839114534249e-05,2.751839114534249e-05,False,0.05224983327979743,4.2010589968413115,1220.0,61.0,,,
single_step,tuned,hvac,PSO,8,375.0,20.0,1.0,1.0,-0.8381197280185997,-0.8380618923885621,5.783563003758374e-05,5.783563003758374e-05,5.783563003758374e-05,False,0.07574768355312174,4.158738011028618,1220.0,61.0,,,
single_step,tuned,hvac,PSO,9,375.0,20.0,1.0,1.0,-0.8381197280185997,-0.8379684648544325,0.00015126316416713692,0.00015126316416713692,0.00015126316416713692,False,0.12250079632378175,3.47322499146685,1000.0,50.0,,,
single_step,tuned,hvac,PSO,10,375.0,20.0,1.0,1.0,-0.8381197280185997,-0.774771606322644,0.06334812169595572,0.06334812169595572,0.06334812169595572,False,2.50691286483387,1.3366170023800805,380.0,19.0,,,
single_step,tuned,hvac,PSO,11,375.0,20.0,1.0,1.0,-0.8381197280185997,-0.8380949917352378,2.473628336185918e-05,2.473628336185918e-05,2.473628336185918e-05,False,0.04953824108156447,4.239928006427363,1220.0,61.0,,,
single_step,tuned,hvac,PSO,12,375.0,20.0,1.0,1.0,-0.8381197280185997,-0.8380948551465459,2.4872872053771644e-05,2.4872872053771644e-05,2.4872872053771644e-05,False,0.04967478793012494,4.249766992870718,1220.0,61.0,,,
single_step,tuned,hvac,PSO,13,375.0,20.0,1.0,1.0,-0.8381197280185997,-0.8381007199333033,1.9008085296423616e-05,1.9008085296423616e-05,1.9008085296423616e-05,False,0.043425196221083866,4.258240995113738,1220.0,61.0,,,
single_step,tuned,hvac,PSO,14,375.0,20.0,1.0,1.0,-0.8381197280185997,-0.8380958078302065,2.3920188393145025e-05,2.3920188393145025e-05,2.3920188393145025e-05,False,0.04871410688046528,4.2547769990051165,1220.0,61.0,,,
single_step,tuned,hvac,PSO,15,375.0,20.0,1.0,1.0,-0.8381197280185997,-0.8380635382371775,5.6189781422189e-05,5.6189781422189e-05,5.6189781422189e-05,False,0.07466231982145363,4.178179005975835,1220.0,61.0,,,
single_step,tuned,hvac,PSO,16,375.0,20.0,1.0,1.0,-0.8381197280185997,-0.8381147125321824,5.015486417292436e-06,5.015486417292436e-06,5.015486417292436e-06,False,0.02230642185337074,4.249148012604564,1220.0,61.0,,,
single_step,tuned,hvac,PSO,17,375.0,20.0,1.0,1.0,-0.8381197280185997,-0.8381043905587051,1.5337459894571026e-05,1.5337459894571026e-05,1.5337459894571026e-05,False,0.03900747411382419,4.248647004715167,1220.0,61.0,,,
single_step,tuned,hvac,PSO,18,375.0,20.0,1.0,1.0,-0.8381197280185997,-0.7953649076057703,0.04275482041282941,0.04275482041282941,0.04275482041282941,False,2.05951467182463,1.5954139962559566,460.0,23.0,,,
single_step,tuned,hvac,PSO,19,375.0,20.0,1.0,1.0,-0.8381197280185997,-0.8381049535259322,1.4774492667513073e-05,1.4774492667513073e-05,1.4774492667513073e-05,False,0.03828512999619077,4.2363030079286546,1220.0,61.0,,,
single_step,tuned,hvac,PSO,20,375.0,20.0,1.0,1.0,-0.8381197280185997,-0.837643477482106,0.0004762505364936942,0.0004762505364936942,0.0004762505364936942,False,0.21736527573814024,2.9665280017070472,860.0,43.0,,,
single_step,tuned,hvac,PSO,21,375.0,20.0,1.0,1.0,-0.8381197280185997,-0.8380892286244297,3.049939416999159e-05,3.049939416999159e-05,3.049939416999159e-05,False,0.05500702052328397,4.243469011271372,1220.0,61.0,,,
single_step,tuned,hvac,PSO,22,375.0,20.0,1.0,1.0,-0.8381197280185997,-0.7477232831651395,0.09039644485346021,0.09039644485346021,0.09039644485346021,False,2.9946633867019568,1.8841040000552312,540.0,27.0,,,
single_step,tuned,hvac,PSO,23,375.0,20.0,1.0,1.0,-0.8381197280185997,-0.838119593530279,1.344883207021752e-07,1.344883207021752e-07,1.344883207021752e-07,False,0.0036525873539816735,4.279009997844696,1220.0,61.0,,,
single_step,tuned,hvac,PSO,24,375.0,20.0,1.0,1.0,-0.8381197280185997,-0.8380487100007781,7.101801782161132e-05,7.101801782161132e-05,7.101801782161132e-05,False,0.08393752993455132,4.221917988616042,1220.0,61.0,,,
single_step,tuned,hvac,PSO,25,375.0,20.0,1.0,1.0,-0.8381197280185997,-0.8381070747194956,1.2653299104048443e-05,1.2653299104048443e-05,1.2653299104048443e-05,False,0.0354303558968746,4.263269001967274,1220.0,61.0,,,
single_step,tuned,hvac,PSO,26,375.0,20.0,1.0,1.0,-0.8381197280185997,-0.8287926295477014,0.009327098470898298,0.009327098470898298,0.009327098470898298,False,0.9619349131057789,1.3976280024508014,400.0,20.0,,,
single_step,tuned,hvac,PSO,27,375.0,20.0,1.0,1.0,-0.8381197280185997,-0.8380893818527835,3.0346165816208526e-05,3.0346165816208526e-05,3.0346165816208526e-05,False,0.054868699014086184,4.1636410023784265,1220.0,61.0,,,
single_step,tuned,hvac,PSO,28,375.0,20.0,1.0,1.0,-0.8381197280185997,-0.8381088933975488,1.0834621050892501e-05,1.0834621050892501e-05,1.0834621050892501e-05,False,0.03278518646194654,4.235612999764271,1220.0,61.0,,,
single_step,tuned,hvac,PSO,29,375.0,20.0,1.0,1.0,-0.8381197280185997,-0.8381152594451449,4.4685734548188805e-06,4.4685734548188805e-06,4.4685734548188805e-06,False,0.021054972843830868,4.195540997898206,1220.0,61.0,,,
single_step,tuned,hvac,PSO,30,375.0,20.0,1.0,1.0,-0.8381197280185997,-0.8381194767224274,2.5129617231556267e-07,2.5129617231556267e-07,2.5129617231556267e-07,False,0.004993067654490584,4.258891000063159,1220.0,61.0,,,
single_step,tuned,hvac,PSO,31,375.0,20.0,1.0,1.0,-0.8381197280185997,-0.8381181634706343,1.5645479654047278e-06,1.5645479654047278e-06,1.5645479654047278e-06,False,0.012458654302060002,4.239357003825717,1220.0,61.0,,,
single_step,tuned,hvac,PSO,32,375.0,20.0,1.0,1.0,-0.8381197280185997,-0.8381155128772706,4.215141329089178e-06,4.215141329089178e-06,4.215141329089178e-06,False,0.02044918724388037,4.239439993398264,1220.0,61.0,,,
single_step,tuned,hvac,PSO,33,375.0,20.0,1.0,1.0,-0.8381197280185997,-0.8380656011074838,5.412691111583712e-05,5.412691111583712e-05,5.412691111583712e-05,False,0.07327898055245587,4.260873000021093,1220.0,61.0,,,
single_step,tuned,hvac,PSO,34,375.0,20.0,1.0,1.0,-0.8381197280185997,-0.834534791495518,0.003584936523081672,0.003584936523081672,0.003584936523081672,False,0.5963662534544267,2.8331509965937585,820.0,41.0,,,
single_step,tuned,hvac,PSO,35,375.0,20.0,1.0,1.0,-0.8381197280185997,-0.815350889654219,0.022768838364380706,0.022768838364380706,0.022768838364380706,False,1.5029438459121516,2.1688700071536005,620.0,31.0,,,
single_step,tuned,hvac,PSO,36,375.0,20.0,1.0,1.0,-0.8381197280185997,-0.8243213052705785,0.013798422748021233,0.013798422748021233,0.013798422748021233,False,1.1700032627980372,1.953944010892883,560.0,28.0,,,
single_step,tuned,hvac,PSO,37,375.0,20.0,1.0,1.0,-0.8381197280185997,-0.7120313664365117,0.12608836158208803,0.12608836158208803,0.12608836158208803,False,3.536794809007941,1.1911589972442016,340.0,17.0,,,
single_step,tuned,hvac,PSO,38,375.0,20.0,1.0,1.0,-0.8381197280185997,-0.8381193516749992,3.763436005055354e-07,3.763436005055354e-07,3.763436005055354e-07,False,0.006110421567799427,4.290450000553392,1220.0,61.0,,,
single_step,tuned,hvac,PSO,39,375.0,20.0,1.0,1.0,-0.8381197280185997,-0.7174832269359119,0.12063650108268775,0.12063650108268775,0.12063650108268775,False,3.45948712288729,1.349882993963547,380.0,19.0,,,
single_step,tuned,hvac,PSO,40,375.0,20.0,1.0,1.0,-0.8381197280185997,-0.78431902633011,0.053800701688489716,0.053800701688489716,0.053800701688489716,False,2.3102889537220292,1.603604992851615,460.0,23.0,,,
single_step,tuned,hvac,PSO,41,375.0,20.0,1.0,1.0,-0.8381197280185997,-0.8380864724287557,3.3255589844016775e-05,3.3255589844016775e-05,3.3255589844016775e-05,False,0.057438746347079725,4.254523999406956,1220.0,61.0,,,
single_step,tuned,hvac,PSO,42,375.0,20.0,1.0,1.0,-0.8381197280185997,-0.8381137177731719,6.01024542778994e-06,6.01024542778994e-06,6.01024542778994e-06,False,0.024418402209320837,4.22843499109149,1220.0,61.0,,,
single_step,tuned,hvac,PSO,43,375.0,20.0,1.0,1.0,-0.8381197280185997,-0.6063681318459244,0.23175159617267527,0.23175159617267527,0.23175159617267527,False,4.794945893319923,1.4212860114639625,400.0,20.0,,,
single_step,tuned,hvac,PSO,44,375.0,20.0,1.0,1.0,-0.8381197280185997,-0.8380993724036698,2.0355614929856714e-05,2.0355614929856714e-05,2.0355614929856714e-05,False,0.044938080715551845,4.292958998121321,1220.0,61.0,,,
single_step,tuned,hvac,PSO,45,375.0,20.0,1.0,1.0,-0.8381197280185997,-0.838106845532745,1.2882485854737169e-05,1.2882485854737169e-05,1.2882485854737169e-05,False,0.03574955691757409,4.234833002556115,1220.0,61.0,,,
single_step,tuned,hvac,PSO,46,375.0,20.0,1.0,1.0,-0.8381197280185997,-0.8381185200141645,1.2080044351492347e-06,1.2080044351492347e-06,1.2080044351492347e-06,False,0.010947278411197971,4.250338999554515,1220.0,61.0,,,
single_step,tuned,hvac,PSO,47,375.0,20.0,1.0,1.0,-0.8381197280185997,-0.8381148791658335,4.848852766192735e-06,4.848852766192735e-06,4.848852766192735e-06,False,0.021932569795815825,4.264898001565598,1220.0,61.0,,,
single_step,tuned,hvac,PSO,48,375.0,20.0,1.0,1.0,-0.8381197280185997,-0.8380335457404365,8.618227816314938e-05,8.618227816314938e-05,8.618227816314938e-05,False,0.09246571945821039,4.248837009072304,1220.0,61.0,,,
single_step,tuned,hvac,PSO,49,375.0,20.0,1.0,1.0,-0.8381197280185997,-0.8381046791596569,1.5048858942767751e-05,1.5048858942767751e-05,1.5048858942767751e-05,False,0.03863895718624521,4.2546080076135695,1220.0,61.0,,,
single_step,tuned,hvac,WOA,0,375.0,20.0,1.0,1.0,-0.8381197280185997,-0.8339395234731957,0.00418020454540402,0.00418020454540402,0.00418020454540402,False,0.6439781553706305,9.126876000664197,1220.0,61.0,,,
single_step,tuned,hvac,WOA,1,375.0,20.0,1.0,1.0,-0.8381197280185997,-0.8360064133968045,0.0021133146217952037,0.0021133146217952037,0.0021133146217952037,False,0.4578828553957838,8.058495004661381,1080.0,54.0,,,
single_step,tuned,hvac,WOA,2,375.0,20.0,1.0,1.0,-0.8381197280185997,-0.8358848608808648,0.0022348671377349083,0.0022348671377349083,0.0022348671377349083,False,0.4708670274232272,7.05486600054428,940.0,47.0,,,
single_step,tuned,hvac,WOA,3,375.0,20.0,1.0,1.0,-0.8381197280185997,-0.8368664227573965,0.0012533052612031526,0.0012533052612031526,0.0012533052612031526,False,0.3526148883272692,8.504865996656008,1140.0,57.0,,,
single_step,tuned,hvac,WOA,4,375.0,20.0,1.0,1.0,-0.8381197280185997,-0.8380067062155178,0.00011302180308192522,0.00011302180308192522,0.00011302180308192522,False,0.1058897287377147,7.626578997587785,1020.0,51.0,,,
single_step,tuned,hvac,WOA,5,375.0,20.0,1.0,1.0,-0.8381197280185997,-0.8373911733219,0.0007285546966996348,0.0007285546966996348,0.0007285546966996348,False,0.2688458118561142,8.550523009034805,1140.0,57.0,,,
single_step,tuned,hvac,WOA,6,375.0,20.0,1.0,1.0,-0.8381197280185997,-0.8352117505926646,0.002907977425935071,0.002907977425935071,0.002907977425935071,False,0.5371156898665468,9.175273997243494,1220.0,61.0,,,
single_step,tuned,hvac,WOA,7,375.0,20.0,1.0,1.0,-0.8381197280185997,-0.8377421970279744,0.0003775309906253188,0.0003775309906253188,0.0003775309906253188,False,0.19353005287408317,9.031945999595337,1220.0,61.0,,,
single_step,tuned,hvac,WOA,8,375.0,20.0,1.0,1.0,-0.8381197280185997,-0.8369358011739574,0.0011839268446423024,0.0011839268446423024,0.0011839268446423024,False,0.34271625381287996,9.158045999356546,1220.0,61.0,,,
single_step,tuned,hvac,WOA,9,375.0,20.0,1.0,1.0,-0.8381197280185997,-0.837006978624124,0.0011127493944756983,0.0011127493944756983,0.0011127493944756983,False,0.3322546007988417,7.914295012596995,1060.0,53.0,,,
single_step,tuned,hvac,WOA,10,375.0,20.0,1.0,1.0,-0.8381197280185997,-0.8354069265448769,0.00271280147372277,0.00271280147372277,0.00271280147372277,False,0.5187776706719371,9.137334011029452,1220.0,61.0,,,
single_step,tuned,hvac,WOA,11,375.0,20.0,1.0,1.0,-0.8381197280185997,-0.8367490268303404,0.0013707011882593267,0.0013707011882593267,0.0013707011882593267,False,0.3687599716710873,9.144069990725257,1220.0,61.0,,,
single_step,tuned,hvac,WOA,12,375.0,20.0,1.0,1.0,-0.8381197280185997,-0.8333069259114652,0.004812802107134528,0.004812802107134528,0.004812802107134528,False,0.6909892335331729,8.105606000754051,1080.0,54.0,,,
single_step,tuned,hvac,WOA,13,375.0,20.0,1.0,1.0,-0.8381197280185997,-0.8369319086388272,0.0011878193797725256,0.0011878193797725256,0.0011878193797725256,False,0.34327932906613373,9.169160999590531,1220.0,61.0,,,
single_step,tuned,hvac,WOA,14,375.0,20.0,1.0,1.0,-0.8381197280185997,-0.8376203990359423,0.0004993289826573655,0.0004993289826573655,0.0004993289826573655,False,0.22256962979592537,9.372439002618194,1220.0,61.0,,,
single_step,tuned,hvac,WOA,15,375.0,20.0,1.0,1.0,-0.8381197280185997,-0.8333834709896005,0.004736257028999158,0.004736257028999158,0.004736257028999158,False,0.6854723810488214,9.592078989953734,1220.0,61.0,,,
single_step,tuned,hvac,WOA,16,375.0,20.0,1.0,1.0,-0.8381197280185997,-0.8380769713131275,4.275670547215782e-05,4.275670547215782e-05,4.275670547215782e-05,False,0.06512891702382952,7.192413992015645,920.0,46.0,,,
single_step,tuned,hvac,WOA,17,375.0,20.0,1.0,1.0,-0.8381197280185997,-0.8378628247923325,0.0002569032262671467,0.0002569032262671467,0.0002569032262671467,False,0.15964555734927444,8.34365701302886,1080.0,54.0,,,
single_step,tuned,hvac,WOA,18,375.0,20.0,1.0,1.0,-0.8381197280185997,-0.836380544895466,0.001739183123133703,0.001739183123133703,0.001739183123133703,False,0.41537953609130795,9.39099099196028,1220.0,61.0,,,
single_step,tuned,hvac,WOA,19,375.0,20.0,1.0,1.0,-0.8381197280185997,-0.8361298978620539,0.0019898301565457466,0.0019898301565457466,0.0019898301565457466,False,0.4443040420638768,8.466036000754684,1100.0,55.0,,,
single_step,tuned,hvac,WOA,20,375.0,20.0,1.0,1.0,-0.8381197280185997,-0.8354062607084984,0.0027134673101012474,0.0027134673101012474,0.0027134673101012474,False,0.5188414314670552,9.380315997987054,1220.0,61.0,,,
single_step,tuned,hvac,WOA,21,375.0,20.0,1.0,1.0,-0.8381197280185997,-0.8277796248538584,0.010340103164741321,0.010340103164741321,0.010340103164741321,False,1.0128259734419018,9.338907999335788,1220.0,61.0,,,
single_step,tuned,hvac,WOA,22,375.0,20.0,1.0,1.0,-0.8381197280185997,-0.82985984004149,0.008259887977109637,0.008259887977109637,0.008259887977109637,False,0.9052310492520675,8.135661002597772,1060.0,53.0,,,
single_step,tuned,hvac,WOA,23,375.0,20.0,1.0,1.0,-0.8381197280185997,-0.8379570262455907,0.000162701773009033,0.000162701773009033,0.000162701773009033,False,0.12704825898074995,9.248255999409594,1220.0,61.0,,,
single_step,tuned,hvac,WOA,24,375.0,20.0,1.0,1.0,-0.8381197280185997,-0.8352709014353747,0.0028488265832249393,0.0028488265832249393,0.0028488265832249393,False,0.5316249231606204,9.22191700374242,1220.0,61.0,,,
single_step,tuned,hvac,WOA,25,375.0,20.0,1.0,1.0,-0.8381197280185997,-0.827863304381262,0.010256423637337697,0.010256423637337697,0.010256423637337697,False,1.008719279640588,9.111549996305257,1220.0,61.0,,,
single_step,tuned,hvac,WOA,26,375.0,20.0,1.0,1.0,-0.8381197280185997,-0.8374409413397343,0.0006787866788653396,0.0006787866788653396,0.0006787866788653396,False,0.2595009078728114,9.058957002707757,1220.0,61.0,,,
single_step,tuned,hvac,WOA,27,375.0,20.0,1.0,1.0,-0.8381197280185997,-0.8362075308115675,0.0019121972070321736,0.0019121972070321736,0.0019121972070321736,False,0.4355507411717794,9.18805500259623,1220.0,61.0,,,
single_step,tuned,hvac,WOA,28,375.0,20.0,1.0,1.0,-0.8381197280185997,-0.8342521315987311,0.0038675964198685575,0.0038675964198685575,0.0038675964198685575,False,0.619430869843796,8.94143599725794,1220.0,61.0,,,
single_step,tuned,hvac,WOA,29,375.0,20.0,1.0,1.0,-0.8381197280185997,-0.8318922250865466,0.006227502932053097,0.006227502932053097,0.006227502932053097,False,0.7860122552711933,8.231774001615122,1120.0,56.0,,,
single_step,tuned,hvac,WOA,30,375.0,20.0,1.0,1.0,-0.8381197280185997,-0.8377460377176845,0.00037369030091516375,0.00037369030091516375,0.00037369030091516375,False,0.1925431448372745,6.820833004894666,920.0,46.0,,,
single_step,tuned,hvac,WOA,31,375.0,20.0,1.0,1.0,-0.8381197280185997,-0.8225420460943587,0.015577681924241027,0.015577681924241027,0.015577681924241027,False,1.2431506266448231,7.593117014039308,1020.0,51.0,,,
single_step,tuned,hvac,WOA,32,375.0,20.0,1.0,1.0,-0.8381197280185997,-0.837952977729737,0.00016675028886270482,0.00016675028886270482,0.00016675028886270482,False,0.12861908624230095,8.994597010314465,1220.0,61.0,,,
single_step,tuned,hvac,WOA,33,375.0,20.0,1.0,1.0,-0.8381197280185997,-0.8356485770260123,0.002471150992587434,0.002471150992587434,0.002471150992587434,False,0.49513302241964874,9.14414600993041,1220.0,61.0,,,
single_step,tuned,hvac,WOA,34,375.0,20.0,1.0,1.0,-0.8381197280185997,-0.8370835340945348,0.0010361939240648432,0.0010361939240648432,0.0010361939240648432,False,0.32062177388388646,9.077596987481229,1220.0,61.0,,,
single_step,tuned,hvac,WOA,35,375.0,20.0,1.0,1.0,-0.8381197280185997,-0.8086585581786865,0.029461169839913204,0.029461169839913204,0.029461169839913204,False,1.7096111027626906,9.101919989916496,1220.0,61.0,,,
single_step,tuned,hvac,WOA,36,375.0,20.0,1.0,1.0,-0.8381197280185997,-0.8348205233445076,0.00329920467409206,0.00329920467409206,0.00329920467409206,False,0.5721065934890817,9.161922003841028,1220.0,61.0,,,
single_step,tuned,hvac,WOA,37,375.0,20.0,1.0,1.0,-0.8381197280185997,-0.8053831644190128,0.032736563599586876,0.032736563599586876,0.032736563599586876,False,1.8021415724642667,9.12281199998688,1220.0,61.0,,,
single_step,tuned,hvac,WOA,38,375.0,20.0,1.0,1.0,-0.8381197280185997,-0.8275358188639204,0.010583909154679327,0.010583909154679327,0.010583909154679327,False,1.0246968934115932,9.047048006323166,1220.0,61.0,,,
single_step,tuned,hvac,WOA,39,375.0,20.0,1.0,1.0,-0.8381197280185997,-0.8276164448644814,0.010503283154118304,0.010503283154118304,0.010503283154118304,False,1.0207864604843007,9.080681003979407,1220.0,61.0,,,
single_step,tuned,hvac,WOA,40,375.0,20.0,1.0,1.0,-0.8381197280185997,-0.8367173569650352,0.001402371053564444,0.001402371053564444,0.001402371053564444,False,0.37299571923229197,6.9070070021552965,920.0,46.0,,,
single_step,tuned,hvac,WOA,41,375.0,20.0,1.0,1.0,-0.8381197280185997,-0.8380883110059103,3.141701268938313e-05,3.141701268938313e-05,3.141701268938313e-05,False,0.0558284453771998,9.041451994562522,1220.0,61.0,,,
single_step,tuned,hvac,WOA,42,375.0,20.0,1.0,1.0,-0.8381197280185997,-0.8346018438282887,0.0035178841903109603,0.0035178841903109603,0.0035178841903109603,False,0.5907628636618341,9.142611001152545,1220.0,61.0,,,
single_step,tuned,hvac,WOA,43,375.0,20.0,1.0,1.0,-0.8381197280185997,-0.8325683666047531,0.0055513614138466005,0.0055513614138466005,0.0055513614138466005,False,0.7421165086797639,8.635443999082781,1160.0,58.0,,,
single_step,tuned,hvac,WOA,44,375.0,20.0,1.0,1.0,-0.8381197280185997,-0.8296011210380014,0.008518606980598253,0.008518606980598253,0.008518606980598253,False,0.9192986315957354,9.08951299788896,1220.0,61.0,,,
single_step,tuned,hvac,WOA,45,375.0,20.0,1.0,1.0,-0.8381197280185997,-0.838118421878555,1.3061400446767735e-06,1.3061400446767735e-06,1.3061400446767735e-06,False,0.01138335009414001,9.077427006559446,1220.0,61.0,,,
single_step,tuned,hvac,WOA,46,375.0,20.0,1.0,1.0,-0.8381197280185997,-0.8277911403765013,0.01032858764209843,0.01032858764209843,0.01032858764209843,False,1.012261790747302,9.08527200226672,1220.0,61.0,,,
single_step,tuned,hvac,WOA,47,375.0,20.0,1.0,1.0,-0.8381197280185997,-0.8331645480123193,0.004955180006280369,0.004955180006280369,0.004955180006280369,False,0.7011355922193334,7.999155990546569,1060.0,53.0,,,
single_step,tuned,hvac,WOA,48,375.0,20.0,1.0,1.0,-0.8381197280185997,-0.8370347723726631,0.0010849556459365806,0.0010849556459365806,0.0010849556459365806,False,0.32807896551144117,9.011073998408392,1220.0,61.0,,,
single_step,tuned,hvac,WOA,49,375.0,20.0,1.0,1.0,-0.8381197280185997,-0.8367223446618337,0.00139738335676598,0.00139738335676598,0.00139738335676598,False,0.37233169396260934,9.109231003094465,1220.0,61.0,,,
closed_loop,tuned,hvac,QP,0,,,,,,,,,,,,0.45445641995562863,18.530666666666665,,0.020766893738445827,0.020766893738445827,1500.0
closed_loop,tuned,hvac,"QP[P=20,Nc=1,Qs=1.0]",0,,,,,,,,,,,,0.4562620548143362,18.530666666666665,,0.020766893738445827,0.020766893738445827,1500.0
closed_loop,tuned,hvac,SGO,0,,,,,,,,,,,,3.9688273321468537,341.944,,0.02069821605736373,0.02069821605736373,1500.0
closed_loop,tuned,hvac,SGO,1,,,,,,,,,,,,4.056809144308015,344.776,,0.020717077667373754,0.020717077667373754,1500.0
closed_loop,tuned,hvac,SGO,2,,,,,,,,,,,,4.182057562419989,345.424,,0.020700824691402147,0.020700824691402147,1500.0
closed_loop,tuned,hvac,SGO,3,,,,,,,,,,,,4.190498305251822,350.7973333333333,,0.020706636216962827,0.020706636216962827,1500.0
closed_loop,tuned,hvac,SGO,4,,,,,,,,,,,,4.1150061498725945,345.92266666666666,,0.02070000840716605,0.02070000840716605,1500.0
closed_loop,tuned,hvac,SGO,5,,,,,,,,,,,,4.006348499271553,346.472,,0.020691537407821377,0.020691537407821377,1500.0
closed_loop,tuned,hvac,SGO,6,,,,,,,,,,,,4.190630394606463,346.98533333333336,,0.020706186637983917,0.020706186637983917,1500.0
closed_loop,tuned,hvac,SGO,7,,,,,,,,,,,,4.128280478578138,343.54133333333334,,0.0207018445244633,0.0207018445244633,1500.0
closed_loop,tuned,hvac,SGO,8,,,,,,,,,,,,4.151571442935771,343.792,,0.020703301861802036,0.020703301861802036,1500.0
closed_loop,tuned,hvac,SGO,9,,,,,,,,,,,,4.237860738183372,346.22133333333335,,0.02071050450565207,0.02071050450565207,1500.0
closed_loop,tuned,hvac,SGO,10,,,,,,,,,,,,4.143720576035169,343.496,,0.02070490125628673,0.02070490125628673,1500.0
closed_loop,tuned,hvac,SGO,11,,,,,,,,,,,,4.156286096627203,344.604,,0.020697480791405116,0.020697480791405116,1500.0
closed_loop,tuned,hvac,SGO,12,,,,,,,,,,,,4.089401851718624,342.5,,0.020698336839042403,0.020698336839042403,1500.0
closed_loop,tuned,hvac,SGO,13,,,,,,,,,,,,4.193571136527074,349.17066666666665,,0.020698862309766905,0.020698862309766905,1500.0
closed_loop,tuned,hvac,SGO,14,,,,,,,,,,,,4.144304013267781,345.964,,0.02070174040676022,0.02070174040676022,1500.0
closed_loop,tuned,hvac,SGO,15,,,,,,,,,,,,4.151558076662089,346.57466666666664,,0.02070633933764725,0.02070633933764725,1500.0
closed_loop,tuned,hvac,SGO,16,,,,,,,,,,,,4.13814766779736,344.18266666666665,,0.020704366995118354,0.020704366995118354,1500.0
closed_loop,tuned,hvac,SGO,17,,,,,,,,,,,,4.119509242940694,342.904,,0.020699842935179135,0.020699842935179135,1500.0
closed_loop,tuned,hvac,SGO,18,,,,,,,,,,,,4.144079395919107,343.468,,0.020699386306892397,0.020699386306892397,1500.0
closed_loop,tuned,hvac,SGO,19,,,,,,,,,,,,4.155771731719142,344.8453333333333,,0.020697776312101946,0.020697776312101946,1500.0
closed_loop,tuned,hvac,GWO,0,,,,,,,,,,,,6.3838980741372024,353.64,,0.020730754136662023,0.020730754136662023,1500.0
closed_loop,tuned,hvac,GWO,1,,,,,,,,,,,,6.418173690937692,355.50666666666666,,0.020719242867828606,0.020719242867828606,1500.0
closed_loop,tuned,hvac,GWO,2,,,,,,,,,,,,6.491353572744022,357.5733333333333,,0.020732148985872948,0.020732148985872948,1500.0
closed_loop,tuned,hvac,GWO,3,,,,,,,,,,,,6.51820476098995,355.88,,0.020728662074483494,0.020728662074483494,1500.0
closed_loop,tuned,hvac,GWO,4,,,,,,,,,,,,6.4882713338496005,354.56,,0.020727420462584353,0.020727420462584353,1500.0
closed_loop,tuned,hvac,GWO,5,,,,,,,,,,,,6.4270396473875735,354.82666666666665,,0.020733063476830436,0.020733063476830436,1500.0
closed_loop,tuned,hvac,GWO,6,,,,,,,,,,,,6.301693075462633,352.2266666666667,,0.020723100750879762,0.020723100750879762,1500.0
closed_loop,tuned,hvac,GWO,7,,,,,,,,,,,,6.173219463438727,349.53333333333336,,0.020723454844727943,0.020723454844727943,1500.0
closed_loop,tuned,hvac,GWO,8,,,,,,,,,,,,6.164981215969116,354.8666666666667,,0.020728111348030463,0.020728111348030463,1500.0
closed_loop,tuned,hvac,GWO,9,,,,,,,,,,,,6.172423817372571,354.76,,0.020727277382018405,0.020727277382018405,1500.0
closed_loop,tuned,hvac,GWO,10,,,,,,,,,,,,6.194498476019362,353.64,,0.0207296105312744,0.0207296105312744,1500.0
closed_loop,tuned,hvac,GWO,11,,,,,,,,,,,,6.441414289283178,352.70666666666665,,0.02072793019125353,0.02072793019125353,1500.0
closed_loop,tuned,hvac,GWO,12,,,,,,,,,,,,6.502749370003585,353.38666666666666,,0.020732406290499678,0.020732406290499678,1500.0
closed_loop,tuned,hvac,GWO,13,,,,,,,,,,,,6.595194353634724,357.58666666666664,,0.02072784888420589,0.02072784888420589,1500.0
closed_loop,tuned,hvac,GWO,14,,,,,,,,,,,,6.494521821247569,354.6666666666667,,0.020730598365765265,0.020730598365765265,1500.0
closed_loop,tuned,hvac,GWO,15,,,,,,,,,,,,6.4912558923727675,355.12,,0.020723528198689656,0.020723528198689656,1500.0
closed_loop,tuned,hvac,GWO,16,,,,,,,,,,,,6.422296613503325,351.8666666666667,,0.020728781661323872,0.020728781661323872,1500.0
closed_loop,tuned,hvac,GWO,17,,,,,,,,,,,,6.386671155273992,353.3466666666667,,0.02072141962158475,0.02072141962158475,1500.0
closed_loop,tuned,hvac,GWO,18,,,,,,,,,,,,6.336336100202364,350.3333333333333,,0.020728875294239193,0.020728875294239193,1500.0
closed_loop,tuned,hvac,GWO,19,,,,,,,,,,,,6.450233069966392,356.26666666666665,,0.020721380378940706,0.020721380378940706,1500.0
closed_loop,tuned,hvac,PSO,0,,,,,,,,,,,,1.2858780661869484,346.05333333333334,,0.020705062686868673,0.020705062686868673,1500.0
closed_loop,tuned,hvac,PSO,1,,,,,,,,,,,,1.2858904754587759,345.70666666666665,,0.020710276517863904,0.020710276517863904,1500.0
closed_loop,tuned,hvac,PSO,2,,,,,,,,,,,,1.2832547065239244,345.06666666666666,,0.020702623057494485,0.020702623057494485,1500.0
closed_loop,tuned,hvac,PSO,3,,,,,,,,,,,,1.2762851127772592,344.12,,0.02070296108832526,0.02070296108832526,1500.0
closed_loop,tuned,hvac,PSO,4,,,,,,,,,,,,1.280912360768222,347.3066666666667,,0.02071351796166794,0.02071351796166794,1500.0
closed_loop,tuned,hvac,PSO,5,,,,,,,,,,,,1.2895097395327564,346.82666666666665,,0.020704396955148214,0.020704396955148214,1500.0
closed_loop,tuned,hvac,PSO,6,,,,,,,,,,,,1.2850736738279618,347.62666666666667,,0.02071500117184055,0.02071500117184055,1500.0
closed_loop,tuned,hvac,PSO,7,,,,,,,,,,,,1.278568450138361,343.56,,0.020706301923559517,0.020706301923559517,1500.0
closed_loop,tuned,hvac,PSO,8,,,,,,,,,,,,1.2725992328002274,346.17333333333335,,0.020710475503161546,0.020710475503161546,1500.0
closed_loop,tuned,hvac,PSO,9,,,,,,,,,,,,1.270288004821244,343.68,,0.020712109669380505,0.020712109669380505,1500.0
closed_loop,tuned,hvac,PSO,10,,,,,,,,,,,,1.2804388393318125,345.81333333333333,,0.020704043468385083,0.020704043468385083,1500.0
closed_loop,tuned,hvac,PSO,11,,,,,,,,,,,,1.2854976860786944,345.94666666666666,,0.02071079466967556,0.02071079466967556,1500.0
closed_loop,tuned,hvac,PSO,12,,,,,,,,,,,,1.2912671200950474,346.06666666666666,,0.020705610627281632,0.020705610627281632,1500.0
closed_loop,tuned,hvac,PSO,13,,,,,,,,,,,,1.2776488116457283,345.17333333333335,,0.02069919504119459,0.02069919504119459,1500.0
closed_loop,tuned,hvac,PSO,14,,,,,,,,,,,,1.2882377178272388,347.14666666666665,,0.020708461719832445,0.020708461719832445,1500.0
closed_loop,tuned,hvac,PSO,15,,,,,,,,,,,,1.2862576534971595,346.41333333333336,,0.020689376106047083,0.020689376106047083,1500.0
closed_loop,tuned,hvac,PSO,16,,,,,,,,,,,,1.2884882346940383,346.3066666666667,,0.020701454415997012,0.020701454415997012,1500.0
closed_loop,tuned,hvac,PSO,17,,,,,,,,,,,,1.2932781963415134,344.8933333333333,,0.020703239698823903,0.020703239698823903,1500.0
closed_loop,tuned,hvac,PSO,18,,,,,,,,,,,,1.3112868474660597,344.25333333333333,,0.020703271535535757,0.020703271535535757,1500.0
closed_loop,tuned,hvac,PSO,19,,,,,,,,,,,,1.3001943460161176,345.92,,0.020707663380975516,0.020707663380975516,1500.0
closed_loop,tuned,hvac,WOA,0,,,,,,,,,,,,5.580782494100276,707.3733333333333,,0.020766902394649036,0.020766902394649036,1500.0
closed_loop,tuned,hvac,WOA,1,,,,,,,,,,,,5.614981477013013,706.4266666666666,,0.020766925048721453,0.020766925048721453,1500.0
closed_loop,tuned,hvac,WOA,2,,,,,,,,,,,,5.651168870497107,705.8666666666667,,0.020766918385169152,0.020766918385169152,1500.0
closed_loop,tuned,hvac,WOA,3,,,,,,,,,,,,5.571023454870253,705.7333333333333,,0.020766906458473355,0.020766906458473355,1500.0
closed_loop,tuned,hvac,WOA,4,,,,,,,,,,,,5.6678666305767065,728.04,,0.02076690237446098,0.02076690237446098,1500.0
closed_loop,tuned,hvac,WOA,5,,,,,,,,,,,,5.34714949275561,714.1866666666666,,0.020766931753639816,0.020766931753639816,1500.0
closed_loop,tuned,hvac,WOA,6,,,,,,,,,,,,5.39561371873909,712.4266666666666,,0.02076695059512662,0.02076695059512662,1500.0
closed_loop,tuned,hvac,WOA,7,,,,,,,,,,,,5.409936727325355,718.16,,0.020766937760320577,0.020766937760320577,1500.0
closed_loop,tuned,hvac,WOA,8,,,,,,,,,,,,5.3856254620768595,706.56,,0.020766918849725972,0.020766918849725972,1500.0
closed_loop,tuned,hvac,WOA,9,,,,,,,,,,,,5.355119955483436,707.0266666666666,,0.020766901965454564,0.020766901965454564,1500.0
closed_loop,tuned,hvac,WOA,10,,,,,,,,,,,,5.3344511134297745,705.3066666666666,,0.020766955321020172,0.020766955321020172,1500.0
closed_loop,tuned,hvac,WOA,11,,,,,,,,,,,,5.533368399900307,715.64,,0.02076691106567347,0.02076691106567347,1500.0
closed_loop,tuned,hvac,WOA,12,,,,,,,,,,,,5.555992022156715,713.36,,0.02076692113218623,0.02076692113218623,1500.0
closed_loop,tuned,hvac,WOA,13,,,,,,,,,,,,5.697710272070253,716.64,,0.02076692773005129,0.02076692773005129,1500.0
closed_loop,tuned,hvac,WOA,14,,,,,,,,,,,,5.648537780672389,714.3466666666667,,0.02076691806106037,0.02076691806106037,1500.0
closed_loop,tuned,hvac,WOA,15,,,,,,,,,,,,5.703061923074226,715.7333333333333,,0.0207669335552098,0.0207669335552098,1500.0
closed_loop,tuned,hvac,WOA,16,,,,,,,,,,,,5.631170882125541,709.88,,0.020766912685982433,0.020766912685982433,1500.0
closed_loop,tuned,hvac,WOA,17,,,,,,,,,,,,5.540021492100398,704.8533333333334,,0.020766911115646786,0.020766911115646786,1500.0
closed_loop,tuned,hvac,WOA,18,,,,,,,,,,,,5.580855171778239,707.8266666666667,,0.02076694538390035,0.02076694538390035,1500.0
closed_loop,tuned,hvac,WOA,19,,,,,,,,,,,,5.597011061065132,714.1733333333333,,0.02076685869888416,0.02076685869888416,1500.0
single_step,tuned,uav,SGO,0,125.0,10.0,1.0,1.0,-2.0710009246109516e-09,0.0,2.0710009246109516e-09,2.0710009246109516e-09,2.0710009246109516e-09,False,2.0637607596682347e-07,4.260349000105634,334.0,15.0,,,
single_step,tuned,uav,SGO,1,125.0,10.0,1.0,1.0,-2.0710009246109516e-09,0.0,2.0710009246109516e-09,2.0710009246109516e-09,2.0710009246109516e-09,False,2.0637607596682347e-07,4.070401992066763,324.0,15.0,,,
single_step,tuned,uav,SGO,2,125.0,10.0,1.0,1.0,-2.0710009246109516e-09,0.0,2.0710009246109516e-09,2.0710009246109516e-09,2.0710009246109516e-09,False,2.0637607596682347e-07,4.043312001158483,316.0,15.0,,,
single_step,tuned,uav,SGO,3,125.0,10.0,1.0,1.0,-2.0710009246109516e-09,0.0,2.0710009246109516e-09,2.0710009246109516e-09,2.0710009246109516e-09,False,2.0637607596682347e-07,4.1297659918200225,330.0,15.0,,,
single_step,tuned,uav,SGO,4,125.0,10.0,1.0,1.0,-2.0710009246109516e-09,0.0,2.0710009246109516e-09,2.0710009246109516e-09,2.0710009246109516e-09,False,2.0637607596682347e-07,4.130941990297288,328.0,15.0,,,
single_step,tuned,uav,SGO,5,125.0,10.0,1.0,1.0,-2.0710009246109516e-09,0.0,2.0710009246109516e-09,2.0710009246109516e-09,2.0710009246109516e-09,False,2.0637607596682347e-07,3.806722001172602,298.0,15.0,,,
single_step,tuned,uav,SGO,6,125.0,10.0,1.0,1.0,-2.0710009246109516e-09,0.0,2.0710009246109516e-09,2.0710009246109516e-09,2.0710009246109516e-09,False,2.0637607596682347e-07,4.206627010717057,344.0,15.0,,,
single_step,tuned,uav,SGO,7,125.0,10.0,1.0,1.0,-2.0710009246109516e-09,0.0,2.0710009246109516e-09,2.0710009246109516e-09,2.0710009246109516e-09,False,2.0637607596682347e-07,3.9884360012365505,320.0,15.0,,,
single_step,tuned,uav,SGO,8,125.0,10.0,1.0,1.0,-2.0710009246109516e-09,0.0,2.0710009246109516e-09,2.0710009246109516e-09,2.0710009246109516e-09,False,2.0637607596682347e-07,4.086542990989983,332.0,15.0,,,
single_step,tuned,uav,SGO,9,125.0,10.0,1.0,1.0,-2.0710009246109516e-09,0.0,2.0710009246109516e-09,2.0710009246109516e-09,2.0710009246109516e-09,False,2.0637607596682347e-07,4.049215989653021,334.0,15.0,,,
single_step,tuned,uav,SGO,10,125.0,10.0,1.0,1.0,-2.0710009246109516e-09,0.0,2.0710009246109516e-09,2.0710009246109516e-09,2.0710009246109516e-09,False,2.0637607596682347e-07,4.069371003424749,304.0,15.0,,,
single_step,tuned,uav,SGO,11,125.0,10.0,1.0,1.0,-2.0710009246109516e-09,0.0,2.0710009246109516e-09,2.0710009246109516e-09,2.0710009246109516e-09,False,2.0637607596682347e-07,3.960770001867786,318.0,15.0,,,
single_step,tuned,uav,SGO,12,125.0,10.0,1.0,1.0,-2.0710009246109516e-09,0.0,2.0710009246109516e-09,2.0710009246109516e-09,2.0710009246109516e-09,False,2.0637607596682347e-07,4.054999997606501,326.0,15.0,,,
single_step,tuned,uav,SGO,13,125.0,10.0,1.0,1.0,-2.0710009246109516e-09,0.0,2.0710009246109516e-09,2.0710009246109516e-09,2.0710009246109516e-09,False,2.0637607596682347e-07,3.958355009672232,314.0,15.0,,,
single_step,tuned,uav,SGO,14,125.0,10.0,1.0,1.0,-2.0710009246109516e-09,0.0,2.0710009246109516e-09,2.0710009246109516e-09,2.0710009246109516e-09,False,2.0637607596682347e-07,3.8845180097268894,292.0,15.0,,,
single_step,tuned,uav,SGO,15,125.0,10.0,1.0,1.0,-2.0710009246109516e-09,0.0,2.0710009246109516e-09,2.0710009246109516e-09,2.0710009246109516e-09,False,2.0637607596682347e-07,3.6870829935651273,284.0,15.0,,,
single_step,tuned,uav,SGO,16,125.0,10.0,1.0,1.0,-2.0710009246109516e-09,0.0,2.0710009246109516e-09,2.0710009246109516e-09,2.0710009246109516e-09,False,2.0637607596682347e-07,4.10746899433434,334.0,15.0,,,
single_step,tuned,uav,SGO,17,125.0,10.0,1.0,1.0,-2.0710009246109516e-09,0.0,2.0710009246109516e-09,2.0710009246109516e-09,2.0710009246109516e-09,False,2.0637607596682347e-07,4.029398987768218,326.0,15.0,,,
single_step,tuned,uav,SGO,18,125.0,10.0,1.0,1.0,-2.0710009246109516e-09,0.0,2.0710009246109516e-09,2.0710009246109516e-09,2.0710009246109516e-09,False,2.0637607596682347e-07,3.9966449985513464,314.0,15.0,,,
single_step,tuned,uav,SGO,19,125.0,10.0,1.0,1.0,-2.0710009246109516e-09,0.0,2.0710009246109516e-09,2.0710009246109516e-09,2.0710009246109516e-09,False,2.0637607596682347e-07,4.0777990070637316,332.0,15.0,,,
single_step,tuned,uav,SGO,20,125.0,10.0,1.0,1.0,-2.0710009246109516e-09,0.0,2.0710009246109516e-09,2.0710009246109516e-09,2.0710009246109516e-09,False,2.0637607596682347e-07,3.830781002761796,302.0,15.0,,,
single_step,tuned,uav,SGO,21,125.0,10.0,1.0,1.0,-2.0710009246109516e-09,0.0,2.0710009246109516e-09,2.0710009246109516e-09,2.0710009246109516e-09,False,2.0637607596682347e-07,4.075566001120023,332.0,15.0,,,
single_step,tuned,uav,SGO,22,125.0,10.0,1.0,1.0,-2.0710009246109516e-09,0.0,2.0710009246109516e-09,2.0710009246109516e-09,2.0710009246109516e-09,False,2.0637607596682347e-07,4.023244997370057,332.0,15.0,,,
single_step,tuned,uav,SGO,23,125.0,10.0,1.0,1.0,-2.0710009246109516e-09,0.0,2.0710009246109516e-09,2.0710009246109516e-09,2.0710009246109516e-09,False,2.0637607596682347e-07,3.8096019998192787,328.0,15.0,,,
single_step,tuned,uav,SGO,24,125.0,10.0,1.0,1.0,-2.0710009246109516e-09,0.0,2.0710009246109516e-09,2.0710009246109516e-09,2.0710009246109516e-09,False,2.0637607596682347e-07,3.8990020111668855,322.0,15.0,,,
single_step,tuned,uav,SGO,25,125.0,10.0,1.0,1.0,-2.0710009246109516e-09,0.0,2.0710009246109516e-09,2.0710009246109516e-09,2.0710009246109516e-09,False,2.0637607596682347e-07,4.085338005097583,344.0,15.0,,,
single_step,tuned,uav,SGO,26,125.0,10.0,1.0,1.0,-2.0710009246109516e-09,0.0,2.0710009246109516e-09,2.0710009246109516e-09,2.0710009246109516e-09,False,2.0637607596682347e-07,3.903748991433531,324.0,15.0,,,
single_step,tuned,uav,SGO,27,125.0,10.0,1.0,1.0,-2.0710009246109516e-09,0.0,2.0710009246109516e-09,2.0710009246109516e-09,2.0710009246109516e-09,False,2.0637607596682347e-07,4.013572994153947,334.0,15.0,,,
single_step,tuned,uav,SGO,28,125.0,10.0,1.0,1.0,-2.0710009246109516e-09,0.0,2.0710009246109516e-09,2.0710009246109516e-09,2.0710009246109516e-09,False,2.0637607596682347e-07,3.762148000532761,314.0,15.0,,,
single_step,tuned,uav,SGO,29,125.0,10.0,1.0,1.0,-2.0710009246109516e-09,0.0,2.0710009246109516e-09,2.0710009246109516e-09,2.0710009246109516e-09,False,2.0637607596682347e-07,4.049137991387397,350.0,15.0,,,
single_step,tuned,uav,SGO,30,125.0,10.0,1.0,1.0,-2.0710009246109516e-09,0.0,2.0710009246109516e-09,2.0710009246109516e-09,2.0710009246109516e-09,False,2.0637607596682347e-07,3.898045004461892,330.0,15.0,,,
single_step,tuned,uav,SGO,31,125.0,10.0,1.0,1.0,-2.0710009246109516e-09,0.0,2.0710009246109516e-09,2.0710009246109516e-09,2.0710009246109516e-09,False,2.0637607596682347e-07,3.967105003539473,338.0,15.0,,,
single_step,tuned,uav,SGO,32,125.0,10.0,1.0,1.0,-2.0710009246109516e-09,0.0,2.0710009246109516e-09,2.0710009246109516e-09,2.0710009246109516e-09,False,2.0637607596682347e-07,3.638613998191431,298.0,15.0,,,
single_step,tuned,uav,SGO,33,125.0,10.0,1.0,1.0,-2.0710009246109516e-09,0.0,2.0710009246109516e-09,2.0710009246109516e-09,2.0710009246109516e-09,False,2.0637607596682347e-07,3.894516994478181,334.0,15.0,,,
single_step,tuned,uav,SGO,34,125.0,10.0,1.0,1.0,-2.0710009246109516e-09,0.0,2.0710009246109516e-09,2.0710009246109516e-09,2.0710009246109516e-09,False,2.0637607596682347e-07,3.8327910006046295,322.0,15.0,,,
single_step,tuned,uav,SGO,35,125.0,10.0,1.0,1.0,-2.0710009246109516e-09,0.0,2.0710009246109516e-09,2.0710009246109516e-09,2.0710009246109516e-09,False,2.0637607596682347e-07,3.8660140126012266,324.0,15.0,,,
single_step,tuned,uav,SGO,36,125.0,10.0,1.0,1.0,-2.0710009246109516e-09,0.0,2.0710009246109516e-09,2.0710009246109516e-09,2.0710009246109516e-09,False,2.0637607596682347e-07,4.047132999403402,354.0,15.0,,,
single_step,tuned,uav,SGO,37,125.0,10.0,1.0,1.0,-2.0710009246109516e-09,0.0,2.0710009246109516e-09,2.0710009246109516e-09,2.0710009246109516e-09,False,2.0637607596682347e-07,3.9258120086742565,340.0,15.0,,,
single_step,tuned,uav,SGO,38,125.0,10.0,1.0,1.0,-2.0710009246109516e-09,0.0,2.0710009246109516e-09,2.0710009246109516e-09,2.0710009246109516e-09,False,2.0637607596682347e-07,3.7707820010837168,314.0,15.0,,,
single_step,tuned,uav,SGO,39,125.0,10.0,1.0,1.0,-2.0710009246109516e-09,0.0,2.0710009246109516e-09,2.0710009246109516e-09,2.0710009246109516e-09,False,2.0637607596682347e-07,3.8259610009845346,320.0,15.0,,,
single_step,tuned,uav,SGO,40,125.0,10.0,1.0,1.0,-2.0710009246109516e-09,0.0,2.0710009246109516e-09,2.0710009246109516e-09,2.0710009246109516e-09,False,2.0637607596682347e-07,3.862813988234848,328.0,15.0,,,
single_step,tuned,uav,SGO,41,125.0,10.0,1.0,1.0,-2.0710009246109516e-09,0.0,2.0710009246109516e-09,2.0710009246109516e-09,2.0710009246109516e-09,False,2.0637607596682347e-07,3.712877005455084,310.0,15.0,,,
single_step,tuned,uav,SGO,42,125.0,10.0,1.0,1.0,-2.0710009246109516e-09,0.0,2.0710009246109516e-09,2.0710009246109516e-09,2.0710009246109516e-09,False,2.0637607596682347e-07,3.773378994083032,316.0,15.0,,,
single_step,tuned,uav,SGO,43,125.0,10.0,1.0,1.0,-2.0710009246109516e-09,0.0,2.0710009246109516e-09,2.0710009246109516e-09,2.0710009246109516e-09,False,2.0637607596682347e-07,4.03401700896211,348.0,15.0,,,
single_step,tuned,uav,SGO,44,125.0,10.0,1.0,1.0,-2.0710009246109516e-09,0.0,2.0710009246109516e-09,2.0710009246109516e-09,2.0710009246109516e-09,False,2.0637607596682347e-07,3.988958997069858,338.0,15.0,,,
single_step,tuned,uav,SGO,45,125.0,10.0,1.0,1.0,-2.0710009246109516e-09,0.0,2.0710009246109516e-09,2.0710009246109516e-09,2.0710009246109516e-09,False,2.0637607596682347e-07,3.9143909962149337,330.0,15.0,,,
single_step,tuned,uav,SGO,46,125.0,10.0,1.0,1.0,-2.0710009246109516e-09,0.0,2.0710009246109516e-09,2.0710009246109516e-09,2.0710009246109516e-09,False,2.0637607596682347e-07,3.6482159921433777,306.0,15.0,,,
single_step,tuned,uav,SGO,47,125.0,10.0,1.0,1.0,-2.0710009246109516e-09,0.0,2.0710009246109516e-09,2.0710009246109516e-09,2.0710009246109516e-09,False,2.0637607596682347e-07,3.8339300081133842,338.0,15.0,,,
single_step,tuned,uav,SGO,48,125.0,10.0,1.0,1.0,-2.0710009246109516e-09,0.0,2.0710009246109516e-09,2.0710009246109516e-09,2.0710009246109516e-09,False,2.0637607596682347e-07,3.8576130027649924,326.0,15.0,,,
single_step,tuned,uav,SGO,49,125.0,10.0,1.0,1.0,-2.0710009246109516e-09,0.0,2.0710009246109516e-09,2.0710009246109516e-09,2.0710009246109516e-09,False,2.0637607596682347e-07,3.605753998272121,294.0,15.0,,,
single_step,tuned,uav,GWO,0,125.0,10.0,1.0,1.0,-2.0710009246109516e-09,0.0,2.0710009246109516e-09,2.0710009246109516e-09,2.0710009246109516e-09,False,2.0637607596682347e-07,4.785786004504189,224.0,15.0,,,
single_step,tuned,uav,GWO,1,125.0,10.0,1.0,1.0,-2.0710009246109516e-09,0.0,2.0710009246109516e-09,2.0710009246109516e-09,2.0710009246109516e-09,False,2.0637607596682347e-07,4.752879991428927,224.0,15.0,,,
single_step,tuned,uav,GWO,2,125.0,10.0,1.0,1.0,-2.0710009246109516e-09,0.0,2.0710009246109516e-09,2.0710009246109516e-09,2.0710009246109516e-09,False,2.0637607596682347e-07,4.748055987874977,224.0,15.0,,,
single_step,tuned,uav,GWO,3,125.0,10.0,1.0,1.0,-2.0710009246109516e-09,0.0,2.0710009246109516e-09,2.0710009246109516e-09,2.0710009246109516e-09,False,2.0637607596682347e-07,4.83492600324098,224.0,15.0,,,
single_step,tuned,uav,GWO,4,125.0,10.0,1.0,1.0,-2.0710009246109516e-09,0.0,2.0710009246109516e-09,2.0710009246109516e-09,2.0710009246109516e-09,False,2.0637607596682347e-07,4.870813005254604,224.0,15.0,,,
single_step,tuned,uav,GWO,5,125.0,10.0,1.0,1.0,-2.0710009246109516e-09,0.0,2.0710009246109516e-09,2.0710009246109516e-09,2.0710009246109516e-09,False,2.0637607596682347e-07,4.8613440012559295,224.0,15.0,,,
single_step,tuned,uav,GWO,6,125.0,10.0,1.0,1.0,-2.0710009246109516e-09,0.0,2.0710009246109516e-09,2.0710009246109516e-09,2.0710009246109516e-09,False,2.0637607596682347e-07,4.840296009206213,224.0,15.0,,,
single_step,tuned,uav,GWO,7,125.0,10.0,1.0,1.0,-2.0710009246109516e-09,0.0,2.0710009246109516e-09,2.0710009246109516e-09,2.0710009246109516e-09,False,2.0637607596682347e-07,4.880439009866677,224.0,15.0,,,
single_step,tuned,uav,GWO,8,125.0,10.0,1.0,1.0,-2.0710009246109516e-09,0.0,2.0710009246109516e-09,2.0710009246109516e-09,2.0710009246109516e-09,False,2.0637607596682347e-07,4.946164001012221,224.0,15.0,,,
single_step,tuned,uav,GWO,9,125.0,10.0,1.0,1.0,-2.0710009246109516e-09,0.0,2.0710009246109516e-09,2.0710009246109516e-09,2.0710009246109516e-09,False,2.0637607596682347e-07,4.867297000600956,224.0,15.0,,,
single_step,tuned,uav,GWO,10,125.0,10.0,1.0,1.0,-2.0710009246109516e-09,0.0,2.0710009246109516e-09,2.0710009246109516e-09,2.0710009246109516e-09,False,2.0637607596682347e-07,4.883403002168052,224.0,15.0,,,
single_step,tuned,uav,GWO,11,125.0,10.0,1.0,1.0,-2.0710009246109516e-09,0.0,2.0710009246109516e-09,2.0710009246109516e-09,2.0710009246109516e-09,False,2.0637607596682347e-07,4.897910010186024,224.0,15.0,,,
single_step,tuned,uav,GWO,12,125.0,10.0,1.0,1.0,-2.0710009246109516e-09,0.0,2.0710009246109516e-09,2.0710009246109516e-09,2.0710009246109516e-09,False,2.0637607596682347e-07,4.8207859945250675,224.0,15.0,,,
single_step,tuned,uav,GWO,13,125.0,10.0,1.0,1.0,-2.0710009246109516e-09,0.0,2.0710009246109516e-09,2.0710009246109516e-09,2.0710009246109516e-09,False,2.0637607596682347e-07,4.786510005942546,224.0,15.0,,,
single_step,tuned,uav,GWO,14,125.0,10.0,1.0,1.0,-2.0710009246109516e-09,0.0,2.0710009246109516e-09,2.0710009246109516e-09,2.0710009246109516e-09,False,2.0637607596682347e-07,5.3292369993869215,224.0,15.0,,,
single_step,tuned,uav,GWO,15,125.0,10.0,1.0,1.0,-2.0710009246109516e-09,0.0,2.0710009246109516e-09,2.0710009246109516e-09,2.0710009246109516e-09,False,2.0637607596682347e-07,4.739201001939364,224.0,15.0,,,
single_step,tuned,uav,GWO,16,125.0,10.0,1.0,1.0,-2.0710009246109516e-09,0.0,2.0710009246109516e-09,2.0710009246109516e-09,2.0710009246109516e-09,False,2.0637607596682347e-07,4.791034996742383,224.0,15.0,,,
single_step,tuned,uav,GWO,17,125.0,10.0,1.0,1.0,-2.0710009246109516e-09,0.0,2.0710009246109516e-09,2.0710009246109516e-09,2.0710009246109516e-09,False,2.0637607596682347e-07,4.771754000103101,224.0,15.0,,,
single_step,tuned,uav,GWO,18,125.0,10.0,1.0,1.0,-2.0710009246109516e-09,0.0,2.0710009246109516e-09,2.0710009246109516e-09,2.0710009246109516e-09,False,2.0637607596682347e-07,4.736129005323164,224.0,15.0,,,
single_step,tuned,uav,GWO,19,125.0,10.0,1.0,1.0,-2.0710009246109516e-09,0.0,2.0710009246109516e-09,2.0710009246109516e-09,2.0710009246109516e-09,False,2.0637607596682347e-07,4.762751996167935,224.0,15.0,,,
single_step,tuned,uav,GWO,20,125.0,10.0,1.0,1.0,-2.0710009246109516e-09,0.0,2.0710009246109516e-09,2.0710009246109516e-09,2.0710009246109516e-09,False,2.0637607596682347e-07,4.741209995700046,224.0,15.0,,,
single_step,tuned,uav,GWO,21,125.0,10.0,1.0,1.0,-2.0710009246109516e-09,0.0,2.0710009246109516e-09,2.0710009246109516e-09,2.0710009246109516e-09,False,2.0637607596682347e-07,4.732689005322754,224.0,15.0,,,
single_step,tuned,uav,GWO,22,125.0,10.0,1.0,1.0,-2.0710009246109516e-09,0.0,2.0710009246109516e-09,2.0710009246109516e-09,2.0710009246109516e-09,False,2.0637607596682347e-07,4.740450996905565,224.0,15.0,,,
single_step,tuned,uav,GWO,23,125.0,10.0,1.0,1.0,-2.0710009246109516e-09,0.0,2.0710009246109516e-09,2.0710009246109516e-09,2.0710009246109516e-09,False,2.0637607596682347e-07,4.761894000694156,224.0,15.0,,,
single_step,tuned,uav,GWO,24,125.0,10.0,1.0,1.0,-2.0710009246109516e-09,0.0,2.0710009246109516e-09,2.0710009246109516e-09,2.0710009246109516e-09,False,2.0637607596682347e-07,4.850140991038643,224.0,15.0,,,
single_step,tuned,uav,GWO,25,125.0,10.0,1.0,1.0,-2.0710009246109516e-09,0.0,2.0710009246109516e-09,2.0710009246109516e-09,2.0710009246109516e-09,False,2.0637607596682347e-07,4.895605001365766,224.0,15.0,,,
single_step,tuned,uav,GWO,26,125.0,10.0,1.0,1.0,-2.0710009246109516e-09,0.0,2.0710009246109516e-09,2.0710009246109516e-09,2.0710009246109516e-09,False,2.0637607596682347e-07,4.869565003900789,224.0,15.0,,,
single_step,tuned,uav,GWO,27,125.0,10.0,1.0,1.0,-2.0710009246109516e-09,0.0,2.0710009246109516e-09,2.0710009246109516e-09,2.0710009246109516e-09,False,2.0637607596682347e-07,4.871380006079562,224.0,15.0,,,
single_step,tuned,uav,GWO,28,125.0,10.0,1.0,1.0,-2.0710009246109516e-09,0.0,2.0710009246109516e-09,2.0710009246109516e-09,2.0710009246109516e-09,False,2.0637607596682347e-07,5.093346000649035,224.0,15.0,,,
single_step,tuned,uav,GWO,29,125.0,10.0,1.0,1.0,-2.0710009246109516e-09,0.0,2.0710009246109516e-09,2.0710009246109516e-09,2.0710009246109516e-09,False,2.0637607596682347e-07,4.744902005768381,224.0,15.0,,,
single_step,tuned,uav,GWO,30,125.0,10.0,1.0,1.0,-2.0710009246109516e-09,0.0,2.0710009246109516e-09,2.0710009246109516e-09,2.0710009246109516e-09,False,2.0637607596682347e-07,4.729210995719768,224.0,15.0,,,
single_step,tuned,uav,GWO,31,125.0,10.0,1.0,1.0,-2.0710009246109516e-09,0.0,2.0710009246109516e-09,2.0710009246109516e-09,2.0710009246109516e-09,False,2.0637607596682347e-07,4.78011199447792,224.0,15.0,,,
single_step,tuned,uav,GWO,32,125.0,10.0,1.0,1.0,-2.0710009246109516e-09,0.0,2.0710009246109516e-09,2.0710009246109516e-09,2.0710009246109516e-09,False,2.0637607596682347e-07,4.639946011593565,224.0,15.0,,,
single_step,tuned,uav,GWO,33,125.0,10.0,1.0,1.0,-2.0710009246109516e-09,0.0,2.0710009246109516e-09,2.0710009246109516e-09,2.0710009246109516e-09,False,2.0637607596682347e-07,4.71583400212694,224.0,15.0,,,
single_step,tuned,uav,GWO,34,125.0,10.0,1.0,1.0,-2.0710009246109516e-09,0.0,2.0710009246109516e-09,2.0710009246109516e-09,2.0710009246109516e-09,False,2.0637607596682347e-07,4.7350490058306605,224.0,15.0,,,
single_step,tuned,uav,GWO,35,125.0,10.0,1.0,1.0,-2.0710009246109516e-09,0.0,2.0710009246109516e-09,2.0710009246109516e-09,2.0710009246109516e-09,False,2.0637607596682347e-07,4.708718988695182,224.0,15.0,,,
single_step,tuned,uav,GWO,36,125.0,10.0,1.0,1.0,-2.0710009246109516e-09,0.0,2.0710009246109516e-09,2.0710009246109516e-09,2.0710009246109516e-09,False,2.0637607596682347e-07,4.657444005715661,224.0,15.0,,,
single_step,tuned,uav,GWO,37,125.0,10.0,1.0,1.0,-2.0710009246109516e-09,0.0,2.0710009246109516e-09,2.0710009246109516e-09,2.0710009246109516e-09,False,2.0637607596682347e-07,4.736438000691123,224.0,15.0,,,
single_step,tuned,uav,GWO,38,125.0,10.0,1.0,1.0,-2.0710009246109516e-09,0.0,2.0710009246109516e-09,2.0710009246109516e-09,2.0710009246109516e-09,False,2.0637607596682347e-07,4.762726995977573,224.0,15.0,,,
single_step,tuned,uav,GWO,39,125.0,10.0,1.0,1.0,-2.0710009246109516e-09,0.0,2.0710009246109516e-09,2.0710009246109516e-09,2.0710009246109516e-09,False,2.0637607596682347e-07,4.728885993245058,224.0,15.0,,,
single_step,tuned,uav,GWO,40,125.0,10.0,1.0,1.0,-2.0710009246109516e-09,0.0,2.0710009246109516e-09,2.0710009246109516e-09,2.0710009246109516e-09,False,2.0637607596682347e-07,4.7865990054560825,224.0,15.0,,,
single_step,tuned,uav,GWO,41,125.0,10.0,1.0,1.0,-2.0710009246109516e-09,0.0,2.0710009246109516e-09,2.0710009246109516e-09,2.0710009246109516e-09,False,2.0637607596682347e-07,4.755975998705253,224.0,15.0,,,
single_step,tuned,uav,GWO,42,125.0,10.0,1.0,1.0,-2.0710009246109516e-09,0.0,2.0710009246109516e-09,2.0710009246109516e-09,2.0710009246109516e-09,False,2.0637607596682347e-07,4.726600003778003,224.0,15.0,,,
single_step,tuned,uav,GWO,43,125.0,10.0,1.0,1.0,-2.0710009246109516e-09,0.0,2.0710009246109516e-09,2.0710009246109516e-09,2.0710009246109516e-09,False,2.0637607596682347e-07,4.716695999377407,224.0,15.0,,,
single_step,tuned,uav,GWO,44,125.0,10.0,1.0,1.0,-2.0710009246109516e-09,0.0,2.0710009246109516e-09,2.0710009246109516e-09,2.0710009246109516e-09,False,2.0637607596682347e-07,4.72192199958954,224.0,15.0,,,
single_step,tuned,uav,GWO,45,125.0,10.0,1.0,1.0,-2.0710009246109516e-09,0.0,2.0710009246109516e-09,2.0710009246109516e-09,2.0710009246109516e-09,False,2.0637607596682347e-07,4.621717002009973,224.0,15.0,,,
single_step,tuned,uav,GWO,46,125.0,10.0,1.0,1.0,-2.0710009246109516e-09,0.0,2.0710009246109516e-09,2.0710009246109516e-09,2.0710009246109516e-09,False,2.0637607596682347e-07,4.723293997813016,224.0,15.0,,,
single_step,tuned,uav,GWO,47,125.0,10.0,1.0,1.0,-2.0710009246109516e-09,0.0,2.0710009246109516e-09,2.0710009246109516e-09,2.0710009246109516e-09,False,2.0637607596682347e-07,4.741537995869294,224.0,15.0,,,
single_step,tuned,uav,GWO,48,125.0,10.0,1.0,1.0,-2.0710009246109516e-09,0.0,2.0710009246109516e-09,2.0710009246109516e-09,2.0710009246109516e-09,False,2.0637607596682347e-07,4.710013003204949,224.0,15.0,,,
single_step,tuned,uav,GWO,49,125.0,10.0,1.0,1.0,-2.0710009246109516e-09,0.0,2.0710009246109516e-09,2.0710009246109516e-09,2.0710009246109516e-09,False,2.0637607596682347e-07,4.707407992100343,224.0,15.0,,,
single_step,tuned,uav,PSO,0,125.0,10.0,1.0,1.0,-2.0710009246109516e-09,0.0,2.0710009246109516e-09,2.0710009246109516e-09,2.0710009246109516e-09,False,2.0637607596682347e-07,1.1165259929839522,320.0,16.0,,,
single_step,tuned,uav,PSO,1,125.0,10.0,1.0,1.0,-2.0710009246109516e-09,0.0,2.0710009246109516e-09,2.0710009246109516e-09,2.0710009246109516e-09,False,2.0637607596682347e-07,1.1010340094799176,320.0,16.0,,,
single_step,tuned,uav,PSO,2,125.0,10.0,1.0,1.0,-2.0710009246109516e-09,0.0,2.0710009246109516e-09,2.0710009246109516e-09,2.0710009246109516e-09,False,2.0637607596682347e-07,1.116247003665194,320.0,16.0,,,
single_step,tuned,uav,PSO,3,125.0,10.0,1.0,1.0,-2.0710009246109516e-09,0.0,2.0710009246109516e-09,2.0710009246109516e-09,2.0710009246109516e-09,False,2.0637607596682347e-07,1.1207069910597056,320.0,16.0,,,
single_step,tuned,uav,PSO,4,125.0,10.0,1.0,1.0,-2.0710009246109516e-09,0.0,2.0710009246109516e-09,2.0710009246109516e-09,2.0710009246109516e-09,False,2.0637607596682347e-07,1.1201349989278242,320.0,16.0,,,
single_step,tuned,uav,PSO,5,125.0,10.0,1.0,1.0,-2.0710009246109516e-09,0.0,2.0710009246109516e-09,2.0710009246109516e-09,2.0710009246109516e-09,False,2.0637607596682347e-07,1.1284380016149953,320.0,16.0,,,
single_step,tuned,uav,PSO,6,125.0,10.0,1.0,1.0,-2.0710009246109516e-09,0.0,2.0710009246109516e-09,2.0710009246109516e-09,2.0710009246109516e-09,False,2.0637607596682347e-07,1.1222439934499562,320.0,16.0,,,
single_step,tuned,uav,PSO,7,125.0,10.0,1.0,1.0,-2.0710009246109516e-09,0.0,2.0710009246109516e-09,2.0710009246109516e-09,2.0710009246109516e-09,False,2.0637607596682347e-07,1.122159999795258,320.0,16.0,,,
single_step,tuned,uav,PSO,8,125.0,10.0,1.0,1.0,-2.0710009246109516e-09,0.0,2.0710009246109516e-09,2.0710009246109516e-09,2.0710009246109516e-09,False,2.0637607596682347e-07,1.1164629977429286,320.0,16.0,,,
single_step,tuned,uav,PSO,9,125.0,10.0,1.0,1.0,-2.0710009246109516e-09,0.0,2.0710009246109516e-09,2.0710009246109516e-09,2.0710009246109516e-09,False,2.0637607596682347e-07,1.1170020006829873,320.0,16.0,,,
single_step,tuned,uav,PSO,10,125.0,10.0,1.0,1.0,-2.0710009246109516e-09,0.0,2.0710009246109516e-09,2.0710009246109516e-09,2.0710009246109516e-09,False,2.0637607596682347e-07,1.1224500049138442,320.0,16.0,,,
single_step,tuned,uav,PSO,11,125.0,10.0,1.0,1.0,-2.0710009246109516e-09,0.0,2.0710009246109516e-09,2.0710009246109516e-09,2.0710009246109516e-09,False,2.0637607596682347e-07,1.1234839912503958,320.0,16.0,,,
single_step,tuned,uav,PSO,12,125.0,10.0,1.0,1.0,-2.0710009246109516e-09,0.0,2.0710009246109516e-09,2.0710009246109516e-09,2.0710009246109516e-09,False,2.0637607596682347e-07,1.1210410011699423,320.0,16.0,,,
single_step,tuned,uav,PSO,13,125.0,10.0,1.0,1.0,-2.0710009246109516e-09,0.0,2.0710009246109516e-09,2.0710009246109516e-09,2.0710009246109516e-09,False,2.0637607596682347e-07,1.122956004110165,320.0,16.0,,,
single_step,tuned,uav,PSO,14,125.0,10.0,1.0,1.0,-2.0710009246109516e-09,0.0,2.0710009246109516e-09,2.0710009246109516e-09,2.0710009246109516e-09,False,2.0637607596682347e-07,1.1179629946127534,320.0,16.0,,,
single_step,tuned,uav,PSO,15,125.0,10.0,1.0,1.0,-2.0710009246109516e-09,0.0,2.0710009246109516e-09,2.0710009246109516e-09,2.0710009246109516e-09,False,2.0637607596682347e-07,1.1240660096518695,320.0,16.0,,,
single_step,tuned,uav,PSO,16,125.0,10.0,1.0,1.0,-2.0710009246109516e-09,0.0,2.0710009246109516e-09,2.0710009246109516e-09,2.0710009246109516e-09,False,2.0637607596682347e-07,1.1180550063727424,320.0,16.0,,,
single_step,tuned,uav,PSO,17,125.0,10.0,1.0,1.0,-2.0710009246109516e-09,0.0,2.0710009246109516e-09,2.0710009246109516e-09,2.0710009246109516e-09,False,2.0637607596682347e-07,1.1228020011913031,320.0,16.0,,,
single_step,tuned,uav,PSO,18,125.0,10.0,1.0,1.0,-2.0710009246109516e-09,0.0,2.0710009246109516e-09,2.0710009246109516e-09,2.0710009246109516e-09,False,2.0637607596682347e-07,1.1199390137335286,320.0,16.0,,,
single_step,tuned,uav,PSO,19,125.0,10.0,1.0,1.0,-2.0710009246109516e-09,0.0,2.0710009246109516e-09,2.0710009246109516e-09,2.0710009246109516e-09,False,2.0637607596682347e-07,1.122770001529716,320.0,16.0,,,
single_step,tuned,uav,PSO,20,125.0,10.0,1.0,1.0,-2.0710009246109516e-09,0.0,2.0710009246109516e-09,2.0710009246109516e-09,2.0710009246109516e-09,False,2.0637607596682347e-07,1.1118989932583645,320.0,16.0,,,
single_step,tuned,uav,PSO,21,125.0,10.0,1.0,1.0,-2.0710009246109516e-09,0.0,2.0710009246109516e-09,2.0710009246109516e-09,2.0710009246109516e-09,False,2.0637607596682347e-07,1.1223710025660694,320.0,16.0,,,
single_step,tuned,uav,PSO,22,125.0,10.0,1.0,1.0,-2.0710009246109516e-09,0.0,2.0710009246109516e-09,2.0710009246109516e-09,2.0710009246109516e-09,False,2.0637607596682347e-07,1.1195030092494562,320.0,16.0,,,
single_step,tuned,uav,PSO,23,125.0,10.0,1.0,1.0,-2.0710009246109516e-09,0.0,2.0710009246109516e-09,2.0710009246109516e-09,2.0710009246109516e-09,False,2.0637607596682347e-07,1.1233270051889122,320.0,16.0,,,
single_step,tuned,uav,PSO,24,125.0,10.0,1.0,1.0,-2.0710009246109516e-09,0.0,2.0710009246109516e-09,2.0710009246109516e-09,2.0710009246109516e-09,False,2.0637607596682347e-07,1.1181409936398268,320.0,16.0,,,
single_step,tuned,uav,PSO,25,125.0,10.0,1.0,1.0,-2.0710009246109516e-09,0.0,2.0710009246109516e-09,2.0710009246109516e-09,2.0710009246109516e-09,False,2.0637607596682347e-07,1.120022003306076,320.0,16.0,,,
single_step,tuned,uav,PSO,26,125.0,10.0,1.0,1.0,-2.0710009246109516e-09,0.0,2.0710009246109516e-09,2.0710009246109516e-09,2.0710009246109516e-09,False,2.0637607596682347e-07,1.1249849922023714,320.0,16.0,,,
single_step,tuned,uav,PSO,27,125.0,10.0,1.0,1.0,-2.0710009246109516e-09,0.0,2.0710009246109516e-09,2.0710009246109516e-09,2.0710009246109516e-09,False,2.0637607596682347e-07,1.1258219892624766,320.0,16.0,,,
single_step,tuned,uav,PSO,28,125.0,10.0,1.0,1.0,-2.0710009246109516e-09,0.0,2.0710009246109516e-09,2.0710009246109516e-09,2.0710009246109516e-09,False,2.0637607596682347e-07,1.121435998356901,320.0,16.0,,,
single_step,tuned,uav,PSO,29,125.0,10.0,1.0,1.0,-2.0710009246109516e-09,0.0,2.0710009246109516e-09,2.0710009246109516e-09,2.0710009246109516e-09,False,2.0637607596682347e-07,1.119965992984362,320.0,16.0,,,
single_step,tuned,uav,PSO,30,125.0,10.0,1.0,1.0,-2.0710009246109516e-09,0.0,2.0710009246109516e-09,2.0710009246109516e-09,2.0710009246109516e-09,False,2.0637607596682347e-07,1.1342290090397,320.0,16.0,,,
single_step,tuned,uav,PSO,31,125.0,10.0,1.0,1.0,-2.0710009246109516e-09,0.0,2.0710009246109516e-09,2.0710009246109516e-09,2.0710009246109516e-09,False,2.0637607596682347e-07,1.1152039951412007,320.0,16.0,,,
single_step,tuned,uav,PSO,32,125.0,10.0,1.0,1.0,-2.0710009246109516e-09,0.0,2.0710009246109516e-09,2.0710009246109516e-09,2.0710009246109516e-09,False,2.0637607596682347e-07,1.11619099334348,320.0,16.0,,,
single_step,tuned,uav,PSO,33,125.0,10.0,1.0,1.0,-2.0710009246109516e-09,0.0,2.0710009246109516e-09,2.0710009246109516e-09,2.0710009246109516e-09,False,2.0637607596682347e-07,1.1186780029674992,320.0,16.0,,,
single_step,tuned,uav,PSO,34,125.0,10.0,1.0,1.0,-2.0710009246109516e-09,0.0,2.0710009246109516e-09,2.0710009246109516e-09,2.0710009246109516e-09,False,2.0637607596682347e-07,1.1253109987592325,320.0,16.0,,,
single_step,tuned,uav,PSO,35,125.0,10.0,1.0,1.0,-2.0710009246109516e-09,0.0,2.0710009246109516e-09,2.0710009246109516e-09,2.0710009246109516e-09,False,2.0637607596682347e-07,1.1192999954801053,320.0,16.0,,,
single_step,tuned,uav,PSO,36,125.0,10.0,1.0,1.0,-2.0710009246109516e-09,0.0,2.0710009246109516e-09,2.0710009246109516e-09,2.0710009246109516e-09,False,2.0637607596682347e-07,1.1166500044055283,320.0,16.0,,,
single_step,tuned,uav,PSO,37,125.0,10.0,1.0,1.0,-2.0710009246109516e-09,0.0,2.0710009246109516e-09,2.0710009246109516e-09,2.0710009246109516e-09,False,2.0637607596682347e-07,1.12250899837818,320.0,16.0,,,
single_step,tuned,uav,PSO,38,125.0,10.0,1.0,1.0,-2.0710009246109516e-09,0.0,2.0710009246109516e-09,2.0710009246109516e-09,2.0710009246109516e-09,False,2.0637607596682347e-07,1.1207459901925176,320.0,16.0,,,
single_step,tuned,uav,PSO,39,125.0,10.0,1.0,1.0,-2.0710009246109516e-09,0.0,2.0710009246109516e-09,2.0710009246109516e-09,2.0710009246109516e-09,False,2.0637607596682347e-07,1.1173840030096471,320.0,16.0,,,
single_step,tuned,uav,PSO,40,125.0,10.0,1.0,1.0,-2.0710009246109516e-09,0.0,2.0710009246109516e-09,2.0710009246109516e-09,2.0710009246109516e-09,False,2.0637607596682347e-07,1.1255490098847076,320.0,16.0,,,
single_step,tuned,uav,PSO,41,125.0,10.0,1.0,1.0,-2.0710009246109516e-09,0.0,2.0710009246109516e-09,2.0710009246109516e-09,2.0710009246109516e-09,False,2.0637607596682347e-07,1.1325279920129105,320.0,16.0,,,
single_step,tuned,uav,PSO,42,125.0,10.0,1.0,1.0,-2.0710009246109516e-09,0.0,2.0710009246109516e-09,2.0710009246109516e-09,2.0710009246109516e-09,False,2.0637607596682347e-07,1.1213440011488274,320.0,16.0,,,
single_step,tuned,uav,PSO,43,125.0,10.0,1.0,1.0,-2.0710009246109516e-09,0.0,2.0710009246109516e-09,2.0710009246109516e-09,2.0710009246109516e-09,False,2.0637607596682347e-07,1.122928995755501,320.0,16.0,,,
single_step,tuned,uav,PSO,44,125.0,10.0,1.0,1.0,-2.0710009246109516e-09,0.0,2.0710009246109516e-09,2.0710009246109516e-09,2.0710009246109516e-09,False,2.0637607596682347e-07,1.1228369985474274,320.0,16.0,,,
single_step,tuned,uav,PSO,45,125.0,10.0,1.0,1.0,-2.0710009246109516e-09,0.0,2.0710009246109516e-09,2.0710009246109516e-09,2.0710009246109516e-09,False,2.0637607596682347e-07,1.117073989007622,320.0,16.0,,,
single_step,tuned,uav,PSO,46,125.0,10.0,1.0,1.0,-2.0710009246109516e-09,0.0,2.0710009246109516e-09,2.0710009246109516e-09,2.0710009246109516e-09,False,2.0637607596682347e-07,1.1224649933865294,320.0,16.0,,,
single_step,tuned,uav,PSO,47,125.0,10.0,1.0,1.0,-2.0710009246109516e-09,0.0,2.0710009246109516e-09,2.0710009246109516e-09,2.0710009246109516e-09,False,2.0637607596682347e-07,1.1091609922004864,320.0,16.0,,,
single_step,tuned,uav,PSO,48,125.0,10.0,1.0,1.0,-2.0710009246109516e-09,0.0,2.0710009246109516e-09,2.0710009246109516e-09,2.0710009246109516e-09,False,2.0637607596682347e-07,1.1252289987169206,320.0,16.0,,,
single_step,tuned,uav,PSO,49,125.0,10.0,1.0,1.0,-2.0710009246109516e-09,0.0,2.0710009246109516e-09,2.0710009246109516e-09,2.0710009246109516e-09,False,2.0637607596682347e-07,1.12682901090011,320.0,16.0,,,
single_step,tuned,uav,WOA,0,125.0,10.0,1.0,1.0,-2.0710009246109516e-09,0.0,2.0710009246109516e-09,2.0710009246109516e-09,2.0710009246109516e-09,False,2.0637607596682347e-07,2.4327300052391365,320.0,16.0,,,
single_step,tuned,uav,WOA,1,125.0,10.0,1.0,1.0,-2.0710009246109516e-09,0.0,2.0710009246109516e-09,2.0710009246109516e-09,2.0710009246109516e-09,False,2.0637607596682347e-07,2.3652219970244914,320.0,16.0,,,
single_step,tuned,uav,WOA,2,125.0,10.0,1.0,1.0,-2.0710009246109516e-09,0.0,2.0710009246109516e-09,2.0710009246109516e-09,2.0710009246109516e-09,False,2.0637607596682347e-07,2.428064006380737,320.0,16.0,,,
single_step,tuned,uav,WOA,3,125.0,10.0,1.0,1.0,-2.0710009246109516e-09,0.0,2.0710009246109516e-09,2.0710009246109516e-09,2.0710009246109516e-09,False,2.0637607596682347e-07,2.4486560141667724,320.0,16.0,,,
single_step,tuned,uav,WOA,4,125.0,10.0,1.0,1.0,-2.0710009246109516e-09,0.0,2.0710009246109516e-09,2.0710009246109516e-09,2.0710009246109516e-09,False,2.0637607596682347e-07,2.432663008221425,320.0,16.0,,,
single_step,tuned,uav,WOA,5,125.0,10.0,1.0,1.0,-2.0710009246109516e-09,0.0,2.0710009246109516e-09,2.0710009246109516e-09,2.0710009246109516e-09,False,2.0637607596682347e-07,2.436693001072854,320.0,16.0,,,
single_step,tuned,uav,WOA,6,125.0,10.0,1.0,1.0,-2.0710009246109516e-09,0.0,2.0710009246109516e-09,2.0710009246109516e-09,2.0710009246109516e-09,False,2.0637607596682347e-07,2.516979002393782,320.0,16.0,,,
single_step,tuned,uav,WOA,7,125.0,10.0,1.0,1.0,-2.0710009246109516e-09,0.0,2.0710009246109516e-09,2.0710009246109516e-09,2.0710009246109516e-09,False,2.0637607596682347e-07,2.4519009893992916,320.0,16.0,,,
single_step,tuned,uav,WOA,8,125.0,10.0,1.0,1.0,-2.0710009246109516e-09,0.0,2.0710009246109516e-09,2.0710009246109516e-09,2.0710009246109516e-09,False,2.0637607596682347e-07,2.4108229990815744,320.0,16.0,,,
single_step,tuned,uav,WOA,9,125.0,10.0,1.0,1.0,-2.0710009246109516e-09,0.0,2.0710009246109516e-09,2.0710009246109516e-09,2.0710009246109516e-09,False,2.0637607596682347e-07,2.372935996390879,320.0,16.0,,,
single_step,tuned,uav,WOA,10,125.0,10.0,1.0,1.0,-2.0710009246109516e-09,0.0,2.0710009246109516e-09,2.0710009246109516e-09,2.0710009246109516e-09,False,2.0637607596682347e-07,2.3786500096321106,320.0,16.0,,,
single_step,tuned,uav,WOA,11,125.0,10.0,1.0,1.0,-2.0710009246109516e-09,0.0,2.0710009246109516e-09,2.0710009246109516e-09,2.0710009246109516e-09,False,2.0637607596682347e-07,2.4449409975204617,320.0,16.0,,,
single_step,tuned,uav,WOA,12,125.0,10.0,1.0,1.0,-2.0710009246109516e-09,0.0,2.0710009246109516e-09,2.0710009246109516e-09,2.0710009246109516e-09,False,2.0637607596682347e-07,2.4450420023640618,320.0,16.0,,,
single_step,tuned,uav,WOA,13,125.0,10.0,1.0,1.0,-2.0710009246109516e-09,0.0,2.0710009246109516e-09,2.0710009246109516e-09,2.0710009246109516e-09,False,2.0637607596682347e-07,2.426962004392408,320.0,16.0,,,
single_step,tuned,uav,WOA,14,125.0,10.0,1.0,1.0,-2.0710009246109516e-09,0.0,2.0710009246109516e-09,2.0710009246109516e-09,2.0710009246109516e-09,False,2.0637607596682347e-07,2.438430004986003,320.0,16.0,,,
single_step,tuned,uav,WOA,15,125.0,10.0,1.0,1.0,-2.0710009246109516e-09,-2.181757989657595e-09,-1.1075706504664326e-10,1.1075706504664326e-10,1.1075706504664326e-10,False,2.1964484333866536e-07,8.282750000944361,1080.0,54.0,,,
single_step,tuned,uav,WOA,16,125.0,10.0,1.0,1.0,-2.0710009246109516e-09,0.0,2.0710009246109516e-09,2.0710009246109516e-09,2.0710009246109516e-09,False,2.0637607596682347e-07,2.4538490106351674,320.0,16.0,,,
single_step,tuned,uav,WOA,17,125.0,10.0,1.0,1.0,-2.0710009246109516e-09,0.0,2.0710009246109516e-09,2.0710009246109516e-09,2.0710009246109516e-09,False,2.0637607596682347e-07,2.4382379924645647,320.0,16.0,,,
single_step,tuned,uav,WOA,18,125.0,10.0,1.0,1.0,-2.0710009246109516e-09,0.0,2.0710009246109516e-09,2.0710009246109516e-09,2.0710009246109516e-09,False,2.0637607596682347e-07,2.381131998845376,320.0,16.0,,,
single_step,tuned,uav,WOA,19,125.0,10.0,1.0,1.0,-2.0710009246109516e-09,0.0,2.0710009246109516e-09,2.0710009246109516e-09,2.0710009246109516e-09,False,2.0637607596682347e-07,2.37217299581971,320.0,16.0,,,
single_step,tuned,uav,WOA,20,125.0,10.0,1.0,1.0,-2.0710009246109516e-09,0.0,2.0710009246109516e-09,2.0710009246109516e-09,2.0710009246109516e-09,False,2.0637607596682347e-07,2.480046998243779,320.0,16.0,,,
single_step,tuned,uav,WOA,21,125.0,10.0,1.0,1.0,-2.0710009246109516e-09,0.0,2.0710009246109516e-09,2.0710009246109516e-09,2.0710009246109516e-09,False,2.0637607596682347e-07,2.437966992147267,320.0,16.0,,,
single_step,tuned,uav,WOA,22,125.0,10.0,1.0,1.0,-2.0710009246109516e-09,0.0,2.0710009246109516e-09,2.0710009246109516e-09,2.0710009246109516e-09,False,2.0637607596682347e-07,2.448731000185944,320.0,16.0,,,
single_step,tuned,uav,WOA,23,125.0,10.0,1.0,1.0,-2.0710009246109516e-09,0.0,2.0710009246109516e-09,2.0710009246109516e-09,2.0710009246109516e-09,False,2.0637607596682347e-07,2.3851040023146197,320.0,16.0,,,
single_step,tuned,uav,WOA,24,125.0,10.0,1.0,1.0,-2.0710009246109516e-09,0.0,2.0710009246109516e-09,2.0710009246109516e-09,2.0710009246109516e-09,False,2.0637607596682347e-07,2.377479991992004,320.0,16.0,,,
single_step,tuned,uav,WOA,25,125.0,10.0,1.0,1.0,-2.0710009246109516e-09,0.0,2.0710009246109516e-09,2.0710009246109516e-09,2.0710009246109516e-09,False,2.0637607596682347e-07,2.365004998864606,320.0,16.0,,,
single_step,tuned,uav,WOA,26,125.0,10.0,1.0,1.0,-2.0710009246109516e-09,-1.2657511465457183e-10,1.9444258099563797e-09,1.9444258099563797e-09,1.9444258099563797e-09,False,2.0635900494868e-07,2.404602011665702,320.0,16.0,,,
single_step,tuned,uav,WOA,27,125.0,10.0,1.0,1.0,-2.0710009246109516e-09,0.0,2.0710009246109516e-09,2.0710009246109516e-09,2.0710009246109516e-09,False,2.0637607596682347e-07,2.4540960002923384,320.0,16.0,,,
single_step,tuned,uav,WOA,28,125.0,10.0,1.0,1.0,-2.0710009246109516e-09,0.0,2.0710009246109516e-09,2.0710009246109516e-09,2.0710009246109516e-09,False,2.0637607596682347e-07,2.4375649954890832,320.0,16.0,,,
single_step,tuned,uav,WOA,29,125.0,10.0,1.0,1.0,-2.0710009246109516e-09,-2.182873115910403e-09,-1.1187219129945151e-10,1.1187219129945151e-10,1.1187219129945151e-10,False,2.0716041847807402e-07,6.491437001386657,860.0,43.0,,,
single_step,tuned,uav,WOA,30,125.0,10.0,1.0,1.0,-2.0710009246109516e-09,0.0,2.0710009246109516e-09,2.0710009246109516e-09,2.0710009246109516e-09,False,2.0637607596682347e-07,2.440112002659589,320.0,16.0,,,
single_step,tuned,uav,WOA,31,125.0,10.0,1.0,1.0,-2.0710009246109516e-09,0.0,2.0710009246109516e-09,2.0710009246109516e-09,2.0710009246109516e-09,False,2.0637607596682347e-07,2.4237739999080077,320.0,16.0,,,
single_step,tuned,uav,WOA,32,125.0,10.0,1.0,1.0,-2.0710009246109516e-09,0.0,2.0710009246109516e-09,2.0710009246109516e-09,2.0710009246109516e-09,False,2.0637607596682347e-07,2.4450579949188977,320.0,16.0,,,
single_step,tuned,uav,WOA,33,125.0,10.0,1.0,1.0,-2.0710009246109516e-09,0.0,2.0710009246109516e-09,2.0710009246109516e-09,2.0710009246109516e-09,False,2.0637607596682347e-07,2.436361988657154,320.0,16.0,,,
single_step,tuned,uav,WOA,34,125.0,10.0,1.0,1.0,-2.0710009246109516e-09,-2.183215204230592e-09,-1.1221427961964044e-10,1.1221427961964044e-10,1.1221427961964044e-10,False,2.2125017953204708e-07,7.353975001024082,960.0,48.0,,,
single_step,tuned,uav,WOA,35,125.0,10.0,1.0,1.0,-2.0710009246109516e-09,0.0,2.0710009246109516e-09,2.0710009246109516e-09,2.0710009246109516e-09,False,2.0637607596682347e-07,2.441794000333175,320.0,16.0,,,
single_step,tuned,uav,WOA,36,125.0,10.0,1.0,1.0,-2.0710009246109516e-09,0.0,2.0710009246109516e-09,2.0710009246109516e-09,2.0710009246109516e-09,False,2.0637607596682347e-07,2.440686002955772,320.0,16.0,,,
single_step,tuned,uav,WOA,37,125.0,10.0,1.0,1.0,-2.0710009246109516e-09,0.0,2.0710009246109516e-09,2.0710009246109516e-09,2.0710009246109516e-09,False,2.0637607596682347e-07,2.4580299941590056,320.0,16.0,,,
single_step,tuned,uav,WOA,38,125.0,10.0,1.0,1.0,-2.0710009246109516e-09,-2.1847385211164983e-09,-1.1373759650554668e-10,1.1373759650554668e-10,1.1373759650554668e-10,False,2.109747089947865e-07,7.53405099385418,980.0,49.0,,,
single_step,tuned,uav,WOA,39,125.0,10.0,1.0,1.0,-2.0710009246109516e-09,-2.181380992195014e-09,-1.1038006758406257e-10,1.1038006758406257e-10,1.1038006758406257e-10,False,1.9705658268083678e-07,6.176747992867604,800.0,40.0,,,
single_step,tuned,uav,WOA,40,125.0,10.0,1.0,1.0,-2.0710009246109516e-09,-2.3991268018521577e-10,1.8310882444257357e-09,1.8310882444257357e-09,1.8310882444257357e-09,False,2.0337109784532767e-07,4.766362995724194,620.0,31.0,,,
single_step,tuned,uav,WOA,41,125.0,10.0,1.0,1.0,-2.0710009246109516e-09,0.0,2.0710009246109516e-09,2.0710009246109516e-09,2.0710009246109516e-09,False,2.0637607596682347e-07,2.4360679963137954,320.0,16.0,,,
single_step,tuned,uav,WOA,42,125.0,10.0,1.0,1.0,-2.0710009246109516e-09,0.0,2.0710009246109516e-09,2.0710009246109516e-09,2.0710009246109516e-09,False,2.0637607596682347e-07,2.4770329910097644,320.0,16.0,,,
single_step,tuned,uav,WOA,43,125.0,10.0,1.0,1.0,-2.0710009246109516e-09,0.0,2.0710009246109516e-09,2.0710009246109516e-09,2.0710009246109516e-09,False,2.0637607596682347e-07,2.4707120028324425,320.0,16.0,,,
single_step,tuned,uav,WOA,44,125.0,10.0,1.0,1.0,-2.0710009246109516e-09,0.0,2.0710009246109516e-09,2.0710009246109516e-09,2.0710009246109516e-09,False,2.0637607596682347e-07,2.44239998573903,320.0,16.0,,,
single_step,tuned,uav,WOA,45,125.0,10.0,1.0,1.0,-2.0710009246109516e-09,0.0,2.0710009246109516e-09,2.0710009246109516e-09,2.0710009246109516e-09,False,2.0637607596682347e-07,2.4318340001627803,320.0,16.0,,,
single_step,tuned,uav,WOA,46,125.0,10.0,1.0,1.0,-2.0710009246109516e-09,0.0,2.0710009246109516e-09,2.0710009246109516e-09,2.0710009246109516e-09,False,2.0637607596682347e-07,2.453289009281434,320.0,16.0,,,
single_step,tuned,uav,WOA,47,125.0,10.0,1.0,1.0,-2.0710009246109516e-09,0.0,2.0710009246109516e-09,2.0710009246109516e-09,2.0710009246109516e-09,False,2.0637607596682347e-07,2.4427980097243562,320.0,16.0,,,
single_step,tuned,uav,WOA,48,125.0,10.0,1.0,1.0,-2.0710009246109516e-09,-2.1834488307407195e-09,-1.1244790612976786e-10,1.1244790612976786e-10,1.1244790612976786e-10,False,2.184914259560113e-07,5.38257799053099,720.0,36.0,,,
single_step,tuned,uav,WOA,49,125.0,10.0,1.0,1.0,-2.0710009246109516e-09,0.0,2.0710009246109516e-09,2.0710009246109516e-09,2.0710009246109516e-09,False,2.0637607596682347e-07,2.3779229959473014,320.0,16.0,,,
closed_loop,tuned,uav,QP,0,,,,,,,,,,,,2.068767014221521,114.62,,0.0008692986026327382,0.0008692986026327382,500.0
closed_loop,tuned,uav,"QP[P=10,Nc=1,Qs=1.0]",0,,,,,,,,,,,,2.062106505181873,114.62,,0.0008692986026327382,0.0008692986026327382,500.0
closed_loop,tuned,uav,"QP[P=10,Nc=1,Qs=0.5]",0,,,,,,,,,,,,1.7584049381839577,93.48,,0.000869296111113551,0.000869296111113551,500.0
closed_loop,tuned,uav,SGO,0,,,,,,,,,,,,8.315448878274765,694.352,,0.0014843438733078698,0.0014843438733078698,500.0
closed_loop,tuned,uav,SGO,1,,,,,,,,,,,,8.11270216020057,682.7,,0.0016305809264875939,0.0016305809264875939,500.0
closed_loop,tuned,uav,SGO,2,,,,,,,,,,,,8.137101939762942,679.068,,0.0015283868629729473,0.0015283868629729473,500.0
closed_loop,tuned,uav,SGO,3,,,,,,,,,,,,8.080226568010403,680.592,,0.0016607083490920473,0.0016607083490920473,500.0
closed_loop,tuned,uav,SGO,4,,,,,,,,,,,,8.285159326449502,692.048,,0.0015452075547485813,0.0015452075547485813,500.0
closed_loop,tuned,uav,SGO,5,,,,,,,,,,,,7.9641431698109955,671.12,,0.0014435928050450001,0.0014435928050450001,500.0
closed_loop,tuned,uav,SGO,6,,,,,,,,,,,,7.914052672073012,662.1,,0.00150161903509797,0.00150161903509797,500.0
closed_loop,tuned,uav,SGO,7,,,,,,,,,,,,8.146212054474745,677.2,,0.0015192359352397273,0.0015192359352397273,500.0
closed_loop,tuned,uav,SGO,8,,,,,,,,,,,,8.374977333645802,676.512,,0.001512060170911247,0.001512060170911247,500.0
closed_loop,tuned,uav,SGO,9,,,,,,,,,,,,8.622959360596724,696.128,,0.0015594112312324708,0.0015594112312324708,500.0
closed_loop,tuned,uav,SGO,10,,,,,,,,,,,,8.471303276252002,684.512,,0.00155484635897129,0.00155484635897129,500.0
closed_loop,tuned,uav,SGO,11,,,,,,,,,,,,8.420492697856389,680.652,,0.0014131758944780331,0.0014131758944780331,500.0
closed_loop,tuned,uav,SGO,12,,,,,,,,,,,,8.44721134446445,683.812,,0.0015766203547757113,0.0015766203547757113,500.0
closed_loop,tuned,uav,SGO,13,,,,,,,,,,,,8.488812237861566,685.176,,0.001653628489952247,0.001653628489952247,500.0
closed_loop,tuned,uav,SGO,14,,,,,,,,,,,,8.516273952001939,689.944,,0.00146266434006483,0.00146266434006483,500.0
closed_loop,tuned,uav,SGO,15,,,,,,,,,,,,8.430672829970717,681.616,,0.0014508695286595656,0.0014508695286595656,500.0
closed_loop,tuned,uav,SGO,16,,,,,,,,,,,,8.248825597576797,670.672,,0.0015317162108718682,0.0015317162108718682,500.0
closed_loop,tuned,uav,SGO,17,,,,,,,,,,,,8.291140267625451,675.84,,0.0016590032511792068,0.0016590032511792068,500.0
closed_loop,tuned,uav,SGO,18,,,,,,,,,,,,8.40197000207263,679.368,,0.0013981616104431383,0.0013981616104431383,500.0
closed_loop,tuned,uav,SGO,19,,,,,,,,,,,,8.346652795968112,675.652,,0.0015074422452900978,0.0015074422452900978,500.0
closed_loop,tuned,uav,GWO,0,,,,,,,,,,,,8.392357589793392,372.232,,0.0008688326270912876,0.0008688326270912876,500.0
closed_loop,tuned,uav,GWO,1,,,,,,,,,,,,8.31965089426376,367.304,,0.0008681041624363336,0.0008681041624363336,500.0
closed_loop,tuned,uav,GWO,2,,,,,,,,,,,,8.547184192255372,368.676,,0.0008693470558276611,0.0008693470558276611,500.0
closed_loop,tuned,uav,GWO,3,,,,,,,,,,,,8.273664801818086,369.74,,0.0008685715590405434,0.0008685715590405434,500.0
closed_loop,tuned,uav,GWO,4,,,,,,,,,,,,7.963647182128625,368.116,,0.0008690585557987158,0.0008690585557987158,500.0
closed_loop,tuned,uav,GWO,5,,,,,,,,,,,,7.932459772186121,366.072,,0.0008696602614982951,0.0008696602614982951,500.0
closed_loop,tuned,uav,GWO,6,,,,,,,,,,,,8.079806163848843,371.392,,0.0008693468167537956,0.0008693468167537956,500.0
closed_loop,tuned,uav,GWO,7,,,,,,,,,,,,8.08295639566495,374.892,,0.0008685317646354504,0.0008685317646354504,500.0
closed_loop,tuned,uav,GWO,8,,,,,,,,,,,,8.007680258277105,370.608,,0.0008669411767961017,0.0008669411767961017,500.0
closed_loop,tuned,uav,GWO,9,,,,,,,,,,,,8.081304027407896,370.328,,0.0008667498955502337,0.0008667498955502337,500.0
closed_loop,tuned,uav,GWO,10,,,,,,,,,,,,7.992669262108393,368.032,,0.0008676553257400722,0.0008676553257400722,500.0
closed_loop,tuned,uav,GWO,11,,,,,,,,,,,,8.058207775931805,369.068,,0.0008675763074127879,0.0008675763074127879,500.0
closed_loop,tuned,uav,GWO,12,,,,,,,,,,,,8.673307047662092,379.372,,0.0008679132525259726,0.0008679132525259726,500.0
closed_loop,tuned,uav,GWO,13,,,,,,,,,,,,8.618181675788946,371.756,,0.0008682119717861748,0.0008682119717861748,500.0
closed_loop,tuned,uav,GWO,14,,,,,,,,,,,,8.544479754025815,373.38,,0.000912474757255388,0.000912474757255388,500.0
closed_loop,tuned,uav,GWO,15,,,,,,,,,,,,8.33328119223006,365.568,,0.0008675425987670252,0.0008675425987670252,500.0
closed_loop,tuned,uav,GWO,16,,,,,,,,,,,,8.503543270140653,373.828,,0.0008681204626722776,0.0008681204626722776,500.0
closed_loop,tuned,uav,GWO,17,,,,,,,,,,,,8.292404805950355,366.688,,0.0008697441589110432,0.0008697441589110432,500.0
closed_loop,tuned,uav,GWO,18,,,,,,,,,,,,8.554482388164615,374.668,,0.0008678055776220883,0.0008678055776220883,500.0
closed_loop,tuned,uav,GWO,19,,,,,,,,,,,,8.34390952825197,367.612,,0.0008692683204084474,0.0008692683204084474,500.0
closed_loop,tuned,uav,PSO,0,,,,,,,,,,,,2.249358590110205,609.2,,0.020986528214322495,0.020986528214322495,500.0
closed_loop,tuned,uav,PSO,1,,,,,,,,,,,,2.1957507521437947,598.6,,0.024481630674965046,0.024481630674965046,500.0
closed_loop,tuned,uav,PSO,2,,,,,,,,,,,,2.2062590840505436,604.24,,0.01835662329060681,0.01835662329060681,500.0
closed_loop,tuned,uav,PSO,3,,,,,,,,,,,,2.223019394237781,606.24,,0.02940549720074979,0.02940549720074979,500.0
closed_loop,tuned,uav,PSO,4,,,,,,,,,,,,2.214755815861281,606.04,,0.024388766342933337,0.024388766342933337,500.0
closed_loop,tuned,uav,PSO,5,,,,,,,,,,,,2.241767036000965,613.6,,0.020191792398983135,0.020191792398983135,500.0
closed_loop,tuned,uav,PSO,6,,,,,,,,,,,,2.187843418098055,601.0,,0.026818728979862008,0.026818728979862008,500.0
closed_loop,tuned,uav,PSO,7,,,,,,,,,,,,2.2781734062591568,618.2,,0.02298879651149167,0.02298879651149167,500.0
closed_loop,tuned,uav,PSO,8,,,,,,,,,,,,2.329096041910816,624.92,,0.021810717822563743,0.021810717822563743,500.0
closed_loop,tuned,uav,PSO,9,,,,,,,,,,,,2.347345045360271,629.52,,0.0130124833260885,0.0130124833260885,500.0
closed_loop,tuned,uav,PSO,10,,,,,,,,,,,,2.333122602372896,621.24,,0.016874700060577934,0.016874700060577934,500.0
closed_loop,tuned,uav,PSO,11,,,,,,,,,,,,2.3095050901465584,617.96,,0.020970506844198863,0.020970506844198863,500.0
closed_loop,tuned,uav,PSO,12,,,,,,,,,,,,2.267377493903041,603.64,,0.030355458845369592,0.030355458845369592,500.0
closed_loop,tuned,uav,PSO,13,,,,,,,,,,,,2.2852134238928556,610.0,,0.026782311646916298,0.026782311646916298,500.0
closed_loop,tuned,uav,PSO,14,,,,,,,,,,,,2.328412173956167,622.68,,0.02907180770830478,0.02907180770830478,500.0
closed_loop,tuned,uav,PSO,15,,,,,,,,,,,,2.309744587924797,618.68,,0.05139898310269116,0.05139898310269116,500.0
closed_loop,tuned,uav,PSO,16,,,,,,,,,,,,2.1433287256222684,598.44,,0.03377296768023687,0.03377296768023687,500.0
closed_loop,tuned,uav,PSO,17,,,,,,,,,,,,2.178591905889334,613.68,,0.028510210472669096,0.028510210472669096,500.0
closed_loop,tuned,uav,PSO,18,,,,,,,,,,,,2.2114047442155425,621.92,,0.02014460473388081,0.02014460473388081,500.0
closed_loop,tuned,uav,PSO,19,,,,,,,,,,,,2.2720239816990215,615.48,,0.019245717126734608,0.019245717126734608,500.0
closed_loop,tuned,uav,WOA,0,,,,,,,,,,,,6.940213474212214,885.92,,0.0011520733376686873,0.0011520733376686873,500.0
closed_loop,tuned,uav,WOA,1,,,,,,,,,,,,6.92359601231874,882.12,,0.0013748087494718203,0.0013748087494718203,500.0
closed_loop,tuned,uav,WOA,2,,,,,,,,,,,,7.205991957656806,916.68,,0.000997212651173066,0.000997212651173066,500.0
closed_loop,tuned,uav,WOA,3,,,,,,,,,,,,6.83258384175133,866.76,,0.0015587082508202925,0.0015587082508202925,500.0
closed_loop,tuned,uav,WOA,4,,,,,,,,,,,,6.8827450685203075,873.72,,0.0011823137387012362,0.0011823137387012362,500.0
closed_loop,tuned,uav,WOA,5,,,,,,,,,,,,6.835900758043863,873.32,,0.0012641584603887521,0.0012641584603887521,500.0
closed_loop,tuned,uav,WOA,6,,,,,,,,,,,,7.1905272875737865,917.04,,0.0012079329707197035,0.0012079329707197035,500.0
closed_loop,tuned,uav,WOA,7,,,,,,,,,,,,7.14820212777704,909.48,,0.0009804203551832854,0.0009804203551832854,500.0
closed_loop,tuned,uav,WOA,8,,,,,,,,,,,,7.0501805964740925,897.64,,0.0012731498039067406,0.0012731498039067406,500.0
closed_loop,tuned,uav,WOA,9,,,,,,,,,,,,7.215694722020999,919.64,,0.0010931570443521357,0.0010931570443521357,500.0
closed_loop,tuned,uav,WOA,10,,,,,,,,,,,,7.377917698031524,936.52,,0.0014690125282697784,0.0014690125282697784,500.0
closed_loop,tuned,uav,WOA,11,,,,,,,,,,,,6.911169810249703,860.32,,0.001562881755742876,0.001562881755742876,500.0
closed_loop,tuned,uav,WOA,12,,,,,,,,,,,,6.830621704342775,896.92,,0.0013021544123541908,0.0013021544123541908,500.0
closed_loop,tuned,uav,WOA,13,,,,,,,,,,,,7.082717868150212,892.68,,0.0010529306327263647,0.0010529306327263647,500.0
closed_loop,tuned,uav,WOA,14,,,,,,,,,,,,7.035401579923928,889.04,,0.0011058752468020765,0.0011058752468020765,500.0
closed_loop,tuned,uav,WOA,15,,,,,,,,,,,,7.288677392149111,919.36,,0.001026690413329822,0.001026690413329822,500.0
closed_loop,tuned,uav,WOA,16,,,,,,,,,,,,6.865569591784151,860.24,,0.0011683083168301139,0.0011683083168301139,500.0
closed_loop,tuned,uav,WOA,17,,,,,,,,,,,,7.084193106100429,899.76,,0.0009552716381341008,0.0009552716381341008,500.0
closed_loop,tuned,uav,WOA,18,,,,,,,,,,,,7.0400389661081135,889.32,,0.001592599710190709,0.001592599710190709,500.0
closed_loop,tuned,uav,WOA,19,,,,,,,,,,,,7.149238995974883,902.4,,0.001014481682431985,0.001014481682431985,500.0
single_step,equal_fe,pendcart,SGO,0,37.0,20.0,1.0,1.0,-0.0017659723998110573,-0.0017659723973993402,2.411717093392385e-12,2.411717093392385e-12,2.411717093392385e-12,False,4.354572696985137e-06,36.196398999891244,884.0,41.0,,,
single_step,equal_fe,pendcart,SGO,1,37.0,20.0,1.0,1.0,-0.0017659723998110573,-0.0017659652062723117,7.193538745578487e-09,7.193538745578487e-09,7.193538745578487e-09,False,0.00023802074860360123,28.18975599075202,698.0,34.0,,,
single_step,equal_fe,pendcart,SGO,2,37.0,20.0,1.0,1.0,-0.0017659723998110573,-0.0017658107541883676,1.61645622689683e-07,1.61645622689683e-07,1.61645622689683e-07,False,0.0011283235551897697,40.38997400493827,1000.0,48.0,,,
single_step,equal_fe,pendcart,SGO,3,37.0,20.0,1.0,1.0,-0.0017659723998110573,-0.001765921934657434,5.046515362322132e-08,5.046515362322132e-08,5.046515362322132e-08,False,0.0006304470290164899,21.27842699701432,524.0,26.0,,,
single_step,equal_fe,pendcart,SGO,4,37.0,20.0,1.0,1.0,-0.0017659723998110573,-0.0017659722651104087,1.3470064863865816e-10,1.3470064863865816e-10,1.3470064863865816e-10,False,3.2574992862785535e-05,40.63883000344504,1000.0,49.0,,,
single_step,equal_fe,pendcart,SGO,5,37.0,20.0,1.0,1.0,-0.0017659723998110573,-0.0017659722798603534,1.1995070388348683e-10,1.1995070388348683e-10,1.1995070388348683e-10,False,3.0739997285769705e-05,40.12508199957665,1000.0,48.0,,,
single_step,equal_fe,pendcart,SGO,6,37.0,20.0,1.0,1.0,-0.0017659723998110573,-0.0017659717657886626,6.340223946982998e-10,6.340223946982998e-10,6.340223946982998e-10,False,7.066101452686546e-05,28.947067010449246,722.0,34.0,,,
single_step,equal_fe,pendcart,SGO,7,37.0,20.0,1.0,1.0,-0.0017659723998110573,-0.0017659707312223066,1.6685887506764918e-09,1.6685887506764918e-09,1.6685887506764918e-09,False,0.0001146333352823603,27.987366003799252,700.0,35.0,,,
single_step,equal_fe,pendcart,SGO,8,37.0,20.0,1.0,1.0,-0.0017659723998110573,-0.0017659611319766695,1.1267834387762576e-08,1.1267834387762576e-08,1.1267834387762576e-08,False,0.00029790368078662366,37.29848899820354,936.0,46.0,,,
single_step,equal_fe,pendcart,SGO,9,37.0,20.0,1.0,1.0,-0.0017659723998110573,-0.0017659570570871328,1.534272392445489e-08,1.534272392445489e-08,1.534272392445489e-08,False,0.0003476210820473197,24.801545005175285,618.0,31.0,,,
single_step,equal_fe,pendcart,SGO,10,37.0,20.0,1.0,1.0,-0.0017659723998110573,-0.0017659684532626027,3.946548454572887e-09,3.946548454572887e-09,3.946548454572887e-09,False,0.00017629901449081609,26.950208994094282,670.0,32.0,,,
single_step,equal_fe,pendcart,SGO,11,37.0,20.0,1.0,1.0,-0.0017659723998110573,-0.0017659721207458757,2.790651815534617e-10,2.790651815534617e-10,2.790651815534617e-10,False,4.68853634099653e-05,40.630727002280764,1000.0,49.0,,,
single_step,equal_fe,pendcart,SGO,12,37.0,20.0,1.0,1.0,-0.0017659723998110573,-0.001765915419983834,5.697982722327813e-08,5.697982722327813e-08,5.697982722327813e-08,False,0.000669897612446152,21.94608199351933,554.0,28.0,,,
single_step,equal_fe,pendcart,SGO,13,37.0,20.0,1.0,1.0,-0.0017659723998110573,-0.0017659534915688722,1.8908242185085994e-08,1.8908242185085994e-08,1.8908242185085994e-08,False,0.0003859046328775484,13.944174992502667,352.0,18.0,,,
single_step,equal_fe,pendcart,SGO,14,37.0,20.0,1.0,1.0,-0.0017659723998110573,-0.0017659107590401399,6.164077091743055e-08,6.164077091743055e-08,6.164077091743055e-08,False,0.0006967580403442059,36.63271000550594,916.0,44.0,,,
single_step,equal_fe,pendcart,SGO,15,37.0,20.0,1.0,1.0,-0.0017659723998110573,-0.0017659553331651895,1.7066645867803293e-08,1.7066645867803293e-08,1.7066645867803293e-08,False,0.0003666306098175087,24.77721900504548,610.0,30.0,,,
single_step,equal_fe,pendcart,SGO,16,37.0,20.0,1.0,1.0,-0.0017659723998110573,-0.0017659722479055505,1.5190550683649717e-10,1.5190550683649717e-10,1.5190550683649717e-10,False,3.4592613375683534e-05,38.610853007412516,944.0,46.0,,,
single_step,equal_fe,pendcart,SGO,17,37.0,20.0,1.0,1.0,-0.0017659723998110573,-0.0017659723700681053,2.9742952024902625e-11,2.9742952024902625e-11,2.9742952024902625e-11,False,1.5301624264663083e-05,33.77663900027983,846.0,41.0,,,
single_step,equal_fe,pendcart,SGO,18,37.0,20.0,1.0,1.0,-0.0017659723998110573,-0.0017659632499052239,9.14990583343947e-09,9.14990583343947e-09,9.14990583343947e-09,False,0.0002684507022691629,22.58432999951765,570.0,27.0,,,
single_step,equal_fe,pendcart,SGO,19,37.0,20.0,1.0,1.0,-0.0017659723998110573,-0.0017658543893947511,1.1801041630617876e-07,1.1801041630617876e-07,1.1801041630617876e-07,False,0.0009640704413306361,21.378620993345976,534.0,26.0,,,
single_step,equal_fe,pendcart,SGO,20,37.0,20.0,1.0,1.0,-0.0017659723998110573,-0.0017656548234549325,3.17576356124831e-07,3.17576356124831e-07,3.17576356124831e-07,False,0.001581515039490916,12.826714999391697,322.0,15.0,,,
single_step,equal_fe,pendcart,SGO,21,37.0,20.0,1.0,1.0,-0.0017659723998110573,-0.0017658639067157666,1.0849309529069318e-07,1.0849309529069318e-07,1.0849309529069318e-07,False,0.0009243779444390865,26.43481400446035,672.0,32.0,,,
single_step,equal_fe,pendcart,SGO,22,37.0,20.0,1.0,1.0,-0.0017659723998110573,-0.0017659723660292807,3.3781776638194816e-11,3.3781776638194816e-11,3.3781776638194816e-11,False,1.6315102239233825e-05,17.189935009810142,432.0,20.0,,,
single_step,equal_fe,pendcart,SGO,23,37.0,20.0,1.0,1.0,-0.0017659723998110573,-0.0017659682569976245,4.1428134328006655e-09,4.1428134328006655e-09,4.1428134328006655e-09,False,0.00018062966266432778,19.234683000831865,486.0,23.0,,,
single_step,equal_fe,pendcart,SGO,24,37.0,20.0,1.0,1.0,-0.0017659723998110573,-0.0017659715593363087,8.404747486086966e-10,8.404747486086966e-10,8.404747486086966e-10,False,8.13640019256684e-05,26.700629998231307,662.0,33.0,,,
single_step,equal_fe,pendcart,SGO,25,37.0,20.0,1.0,1.0,-0.0017659723998110573,-0.0017659723996903793,1.2067799017023706e-13,1.2067799017023706e-13,1.2067799017023706e-13,False,9.786082912910388e-07,17.550082004163414,440.0,21.0,,,
single_step,equal_fe,pendcart,SGO,26,37.0,20.0,1.0,1.0,-0.0017659723998110573,-0.0017659700210027832,2.3788082740595906e-09,2.3788082740595906e-09,2.3788082740595906e-09,False,0.0001368731510648924,40.4464399907738,1000.0,49.0,,,
single_step,equal_fe,pendcart,SGO,27,37.0,20.0,1.0,1.0,-0.0017659723998110573,-0.001765966328288166,6.0715228912197605e-09,6.0715228912197605e-09,6.0715228912197605e-09,False,0.00021867127920896512,31.461544000194408,776.0,39.0,,,
single_step,equal_fe,pendcart,SGO,28,37.0,20.0,1.0,1.0,-0.0017659723998110573,-0.001765971743738839,6.56072218253867e-10,6.56072218253867e-10,6.56072218253867e-10,False,7.187928985960546e-05,24.47352500166744,608.0,29.0,,,
single_step,equal_fe,pendcart,SGO,29,37.0,20.0,1.0,1.0,-0.0017659723998110573,-0.0017659703580286334,2.041782423906416e-09,2.041782423906416e-09,2.041782423906416e-09,False,0.00012680674243090162,33.85833000356797,844.0,40.0,,,
single_step,equal_fe,pendcart,SGO,30,37.0,20.0,1.0,1.0,-0.0017659723998110573,-0.0017659663937739916,6.006037065690167e-09,6.006037065690167e-09,6.006037065690167e-09,False,0.00021749618094424328,33.429536008043215,842.0,42.0,,,
single_step,equal_fe,pendcart,SGO,31,37.0,20.0,1.0,1.0,-0.0017659723998110573,-0.0017659682664571256,4.133353931692896e-09,4.133353931692896e-09,4.133353931692896e-09,False,0.00018043070384897442,30.285066008218564,772.0,36.0,,,
single_step,equal_fe,pendcart,SGO,32,37.0,20.0,1.0,1.0,-0.0017659723998110573,-0.0017659660723035227,6.327507534641466e-09,6.327507534641466e-09,6.327507534641466e-09,False,0.00022324090643738304,22.517713994602673,566.0,27.0,,,
single_step,equal_fe,pendcart,SGO,33,37.0,20.0,1.0,1.0,-0.0017659723998110573,-0.0017658149181809628,1.574816300945088e-07,1.574816300945088e-07,1.574816300945088e-07,False,0.00111369597437036,24.58334200491663,624.0,31.0,,,
single_step,equal_fe,pendcart,SGO,34,37.0,20.0,1.0,1.0,-0.0017659723998110573,-0.0017659418100426966,3.058976836070593e-08,3.058976836070593e-08,3.058976836070593e-08,False,0.0004908345066941544,26.312928006518632,670.0,31.0,,,
single_step,equal_fe,pendcart,SGO,35,37.0,20.0,1.0,1.0,-0.0017659723998110573,-0.0017659254933536477,4.690645740964075e-08,4.690645740964075e-08,4.690645740964075e-08,False,0.0006078119221841483,27.805246005300432,700.0,33.0,,,
single_step,equal_fe,pendcart,SGO,36,37.0,20.0,1.0,1.0,-0.0017659723998110573,-0.0017659626777500872,9.722060970076413e-09,9.722060970076413e-09,9.722060970076413e-09,False,0.00027670922321035296,28.382245989632793,708.0,33.0,,,
single_step,equal_fe,pendcart,SGO,37,37.0,20.0,1.0,1.0,-0.0017659723998110573,-0.0017659105521083325,6.184770272484041e-08,6.184770272484041e-08,6.184770272484041e-08,False,0.0006979339799454143,25.5861939949682,638.0,30.0,,,
single_step,equal_fe,pendcart,SGO,38,37.0,20.0,1.0,1.0,-0.0017659723998110573,-0.0017659702071417837,2.1926692735790843e-09,2.1926692735790843e-09,2.1926692735790843e-09,False,0.00013141623653471768,38.23671799909789,950.0,44.0,,,
single_step,equal_fe,pendcart,SGO,39,37.0,20.0,1.0,1.0,-0.0017659723998110573,-0.0017659717471911567,6.526199006120365e-10,6.526199006120365e-10,6.526199006120365e-10,False,7.168991268660663e-05,40.301222004927695,998.0,50.0,,,
single_step,equal_fe,pendcart,SGO,40,37.0,20.0,1.0,1.0,-0.0017659723998110573,-0.0017659659973053626,6.402505694667535e-09,6.402505694667535e-09,6.402505694667535e-09,False,0.00022455260928434806,40.572695987066254,1000.0,49.0,,,
single_step,equal_fe,pendcart,SGO,41,37.0,20.0,1.0,1.0,-0.0017659723998110573,-0.001765971334888387,1.064922670228688e-09,1.064922670228688e-09,1.064922670228688e-09,False,9.157813356597266e-05,34.61772299488075,862.0,42.0,,,
single_step,equal_fe,pendcart,SGO,42,37.0,20.0,1.0,1.0,-0.0017659723998110573,-0.001765971149067971,1.2507430863575864e-09,1.2507430863575864e-09,1.2507430863575864e-09,False,9.924717645580505e-05,39.217494006152265,984.0,48.0,,,
single_step,equal_fe,pendcart,SGO,43,37.0,20.0,1.0,1.0,-0.0017659723998110573,-0.00176591450680492,5.789300613727455e-08,5.789300613727455e-08,5.789300613727455e-08,False,0.0006752443134770136,39.238603989360854,982.0,48.0,,,
single_step,equal_fe,pendcart,SGO,44,37.0,20.0,1.0,1.0,-0.0017659723998110573,-0.001765972277693145,1.221179123534616e-10,1.221179123534616e-10,1.221179123534616e-10,False,3.100903451863646e-05,30.59872900485061,748.0,38.0,,,
single_step,equal_fe,pendcart,SGO,45,37.0,20.0,1.0,1.0,-0.0017659723998110573,-0.0017659723687907987,3.1020258627403874e-11,3.1020258627403874e-11,3.1020258627403874e-11,False,1.5626811917371364e-05,24.454425991280004,616.0,28.0,,,
single_step,equal_fe,pendcart,SGO,46,37.0,20.0,1.0,1.0,-0.0017659723998110573,-0.001765935179136829,3.722067422828011e-08,3.722067422828011e-08,3.722067422828011e-08,False,0.0005414337685204218,39.88828200090211,1000.0,47.0,,,
single_step,equal_fe,pendcart,SGO,47,37.0,20.0,1.0,1.0,-0.0017659723998110573,-0.00176596887583538,3.523975677238722e-09,3.523975677238722e-09,3.523975677238722e-09,False,0.00016660051314613955,31.653170997742563,786.0,37.0,,,
single_step,equal_fe,pendcart,SGO,48,37.0,20.0,1.0,1.0,-0.0017659723998110573,-0.0017658625704632237,1.0982934783355415e-07,1.0982934783355415e-07,1.0982934783355415e-07,False,0.0009300530853398742,31.505871986155398,794.0,37.0,,,
single_step,equal_fe,pendcart,SGO,49,37.0,20.0,1.0,1.0,-0.0017659723998110573,-0.001765969769445975,2.6303650822127184e-09,2.6303650822127184e-09,2.6303650822127184e-09,False,0.00014392861124648548,35.78753600595519,898.0,42.0,,,
single_step,equal_fe,pendcart,GWO,0,37.0,20.0,1.0,1.0,-0.0017659723998110573,-0.0017659715712356981,8.28575359148806e-10,8.28575359148806e-10,8.28575359148806e-10,False,8.077861788773066e-05,28.74155598692596,820.0,40.0,,,
single_step,equal_fe,pendcart,GWO,1,37.0,20.0,1.0,1.0,-0.0017659723998110573,-0.0017659723722774432,2.7533614060590295e-11,2.7533614060590295e-11,2.7533614060590295e-11,False,1.4722209263420827e-05,34.33288200176321,1000.0,49.0,,,
single_step,equal_fe,pendcart,GWO,2,37.0,20.0,1.0,1.0,-0.0017659723998110573,-0.0017659723855888711,1.4222186145787519e-11,1.4222186145787519e-11,1.4222186145787519e-11,False,1.0587293018837762e-05,33.960824002861045,1000.0,49.0,,,
single_step,equal_fe,pendcart,GWO,3,37.0,20.0,1.0,1.0,-0.0017659723998110573,-0.0017659721401606843,2.5965037303392335e-10,2.5965037303392335e-10,2.5965037303392335e-10,False,4.521778438737467e-05,20.29588699224405,600.0,29.0,,,
single_step,equal_fe,pendcart,GWO,4,37.0,20.0,1.0,1.0,-0.0017659723998110573,-0.00176597011844346,2.2813675972215702e-09,2.2813675972215702e-09,2.2813675972215702e-09,False,0.00013404785081087833,23.025000002235174,680.0,33.0,,,
single_step,equal_fe,pendcart,GWO,5,37.0,20.0,1.0,1.0,-0.0017659723998110573,-0.0017659662994150556,6.100396001719466e-09,6.100396001719466e-09,6.100396001719466e-09,False,0.0002191980004359051,14.180465004756115,420.0,20.0,,,
single_step,equal_fe,pendcart,GWO,6,37.0,20.0,1.0,1.0,-0.0017659723998110573,-0.0017659723671662366,3.264482065744312e-11,3.264482065744312e-11,3.264482065744312e-11,False,1.603088157425825e-05,34.44695900543593,1000.0,49.0,,,
single_step,equal_fe,pendcart,GWO,7,37.0,20.0,1.0,1.0,-0.0017659723998110573,-0.0017659723973286207,2.4824365653375313e-12,2.4824365653375313e-12,2.4824365653375313e-12,False,4.4180099584151256e-06,30.016756005352363,860.0,42.0,,,
single_step,equal_fe,pendcart,GWO,8,37.0,20.0,1.0,1.0,-0.0017659723998110573,-0.0017659723996687607,1.4229654780872902e-13,1.4229654780872902e-13,1.4229654780872902e-13,False,1.0623359584516212e-06,23.00940600980539,660.0,32.0,,,
single_step,equal_fe,pendcart,GWO,9,37.0,20.0,1.0,1.0,-0.0017659723998110573,-0.0017659716071426132,7.926684441206949e-10,7.926684441206949e-10,7.926684441206949e-10,False,7.90162357806462e-05,19.97661699715536,580.0,28.0,,,
single_step,equal_fe,pendcart,GWO,10,37.0,20.0,1.0,1.0,-0.0017659723998110573,-0.0017659723974855059,2.3255514267767063e-12,2.3255514267767063e-12,2.3255514267767063e-12,False,4.276008339354487e-06,31.03159500460606,900.0,44.0,,,
single_step,equal_fe,pendcart,GWO,11,37.0,20.0,1.0,1.0,-0.0017659723998110573,-0.0017659723886001193,1.1210937993916259e-11,1.1210937993916259e-11,1.1210937993916259e-11,False,9.400303207590666e-06,22.830503003206104,660.0,32.0,,,
single_step,equal_fe,pendcart,GWO,12,37.0,20.0,1.0,1.0,-0.0017659723998110573,-0.0017659719934674065,4.0634365078458246e-10,4.0634365078458246e-10,4.0634365078458246e-10,False,5.656771755700729e-05,26.65719400101807,760.0,37.0,,,
single_step,equal_fe,pendcart,GWO,13,37.0,20.0,1.0,1.0,-0.0017659723998110573,-0.0017659722200613908,1.797496665401077e-10,1.797496665401077e-10,1.797496665401077e-10,False,3.762936757703561e-05,22.927074998733588,660.0,32.0,,,
single_step,equal_fe,pendcart,GWO,14,37.0,20.0,1.0,1.0,-0.0017659723998110573,-0.0017659723720958175,2.77152398253655e-11,2.77152398253655e-11,2.77152398253655e-11,False,1.4770699171898216e-05,34.498570996220224,1000.0,49.0,,,
single_step,equal_fe,pendcart,GWO,15,37.0,20.0,1.0,1.0,-0.0017659723998110573,-0.0017659714626046133,9.372064439620853e-10,9.372064439620853e-10,9.372064439620853e-10,False,8.591847396179075e-05,31.93464501237031,920.0,45.0,,,
single_step,equal_fe,pendcart,GWO,16,37.0,20.0,1.0,1.0,-0.0017659723998110573,-0.001765972275185728,1.2462532937053405e-10,1.2462532937053405e-10,1.2462532937053405e-10,False,3.132580501286064e-05,27.494009002111852,800.0,39.0,,,
single_step,equal_fe,pendcart,GWO,17,37.0,20.0,1.0,1.0,-0.0017659723998110573,-0.0017659715008825024,8.989285548571813e-10,8.989285548571813e-10,8.989285548571813e-10,False,8.41383114274924e-05,20.429145995876752,600.0,29.0,,,
single_step,equal_fe,pendcart,GWO,18,37.0,20.0,1.0,1.0,-0.0017659723998110573,-0.0017659714510513786,9.487596786764835e-10,9.487596786764835e-10,9.487596786764835e-10,False,8.643901724939007e-05,16.391487006330863,480.0,23.0,,,
single_step,equal_fe,pendcart,GWO,19,37.0,20.0,1.0,1.0,-0.0017659723998110573,-0.001765972372426462,2.738459524247172e-11,2.738459524247172e-11,2.738459524247172e-11,False,1.4682305142427188e-05,35.66513699479401,1000.0,49.0,,,
single_step,equal_fe,pendcart,GWO,20,37.0,20.0,1.0,1.0,-0.0017659723998110573,-0.0017659715912557883,8.085552689624659e-10,8.085552689624659e-10,8.085552689624659e-10,False,7.979671679778089e-05,22.93531301256735,640.0,31.0,,,
single_step,equal_fe,pendcart,GWO,21,37.0,20.0,1.0,1.0,-0.0017659723998110573,-0.0017659723454771137,5.43339435943313e-11,5.43339435943313e-11,5.43339435943313e-11,False,2.0690137682577436e-05,29.56279000500217,840.0,41.0,,,
single_step,equal_fe,pendcart,GWO,22,37.0,20.0,1.0,1.0,-0.0017659723998110573,-0.0017659723406774418,5.913361553894214e-11,5.913361553894214e-11,5.913361553894214e-11,False,2.1577105191808443e-05,16.31395099684596,480.0,23.0,,,
single_step,equal_fe,pendcart,GWO,23,37.0,20.0,1.0,1.0,-0.0017659723998110573,-0.001765970188012973,2.2117980843106705e-09,2.2117980843106705e-09,2.2117980843106705e-09,False,0.0001319808284017815,18.014506000326946,520.0,25.0,,,
single_step,equal_fe,pendcart,GWO,24,37.0,20.0,1.0,1.0,-0.0017659723998110573,-0.0017659722976815226,1.0212953464698582e-10,1.0212953464698582e-10,1.0212953464698582e-10,False,2.8364979196504603e-05,34.13755200745072,1000.0,49.0,,,
single_step,equal_fe,pendcart,GWO,25,37.0,20.0,1.0,1.0,-0.0017659723998110573,-0.0017659718867190114,5.130920458472354e-10,5.130920458472354e-10,5.130920458472354e-10,False,6.356567718773798e-05,24.673445004737005,720.0,35.0,,,
single_step,equal_fe,pendcart,GWO,26,37.0,20.0,1.0,1.0,-0.0017659723998110573,-0.0017659720452330029,3.545780544178534e-10,3.545780544178534e-10,3.545780544178534e-10,False,5.28489698696788e-05,19.905887995264493,580.0,28.0,,,
single_step,equal_fe,pendcart,GWO,27,37.0,20.0,1.0,1.0,-0.0017659723998110573,-0.0017659721667847735,2.330262838159264e-10,2.330262838159264e-10,2.330262838159264e-10,False,4.2844012822534916e-05,32.563745000516064,940.0,46.0,,,
single_step,equal_fe,pendcart,GWO,28,37.0,20.0,1.0,1.0,-0.0017659723998110573,-0.001765972361687997,3.812306026418355e-11,3.812306026418355e-11,3.812306026418355e-11,False,1.732413680231859e-05,34.428871993441135,1000.0,49.0,,,
single_step,equal_fe,pendcart,GWO,29,37.0,20.0,1.0,1.0,-0.0017659723998110573,-0.0017659723981902254,1.6208319408850258e-12,1.6208319408850258e-12,1.6208319408850258e-12,False,3.57658047042686e-06,17.907138986629434,520.0,25.0,,,
single_step,equal_fe,pendcart,GWO,30,37.0,20.0,1.0,1.0,-0.0017659723998110573,-0.0017659720665956938,3.33215363504738e-10,3.33215363504738e-10,3.33215363504738e-10,False,5.122494129813915e-05,15.728337006294169,460.0,22.0,,,
single_step,equal_fe,pendcart,GWO,31,37.0,20.0,1.0,1.0,-0.0017659723998110573,-0.0017659722622754847,1.3753557255753723e-10,1.3753557255753723e-10,1.3753557255753723e-10,False,3.2908573898079996e-05,21.790472004795447,640.0,31.0,,,
single_step,equal_fe,pendcart,GWO,32,37.0,20.0,1.0,1.0,-0.0017659723998110573,-0.0017659693000440773,3.099766979989399e-09,3.099766979989399e-09,3.099766979989399e-09,False,0.00015625180570168207,17.82403400284238,520.0,25.0,,,
single_step,equal_fe,pendcart,GWO,33,37.0,20.0,1.0,1.0,-0.0017659723998110573,-0.001765972305613548,9.419750938467752e-11,9.419750938467752e-11,9.419750938467752e-11,False,2.7241363111066286e-05,16.728503003832884,480.0,23.0,,,
single_step,equal_fe,pendcart,GWO,34,37.0,20.0,1.0,1.0,-0.0017659723998110573,-0.0017659723427299453,5.7081111972528964e-11,5.7081111972528964e-11,5.7081111972528964e-11,False,2.119926725840937e-05,21.262392998323776,600.0,29.0,,,
single_step,equal_fe,pendcart,GWO,35,37.0,20.0,1.0,1.0,-0.0017659723998110573,-0.0017659722402701104,1.5954094685979858e-10,1.5954094685979858e-10,1.5954094685979858e-10,False,3.545125168705199e-05,34.96164199896157,1000.0,49.0,,,
single_step,equal_fe,pendcart,GWO,36,37.0,20.0,1.0,1.0,-0.0017659723998110573,-0.0017659723995311633,2.7989394656147137e-13,2.7989394656147137e-13,2.7989394656147137e-13,False,1.4884244284585346e-06,35.440838008071296,1000.0,49.0,,,
single_step,equal_fe,pendcart,GWO,37,37.0,20.0,1.0,1.0,-0.0017659723998110573,-0.0017659704974144455,1.9023966117692748e-09,1.9023966117692748e-09,1.9023966117692748e-09,False,0.00012240915221894966,20.357408007839695,580.0,28.0,,,
single_step,equal_fe,pendcart,GWO,38,37.0,20.0,1.0,1.0,-0.0017659723998110573,-0.0017659720072004102,3.926106471180413e-10,3.926106471180413e-10,3.926106471180413e-10,False,5.5603542571641684e-05,17.479057001764886,500.0,24.0,,,
single_step,equal_fe,pendcart,GWO,39,37.0,20.0,1.0,1.0,-0.0017659723998110573,-0.0017659722876971478,1.121139095189988e-10,1.121139095189988e-10,1.121139095189988e-10,False,2.971160067143097e-05,25.314855985925533,740.0,36.0,,,
single_step,equal_fe,pendcart,GWO,40,37.0,20.0,1.0,1.0,-0.0017659723998110573,-0.0017659711371607182,1.2626503391021532e-09,1.2626503391021532e-09,1.2626503391021532e-09,False,9.971849856146853e-05,16.80843000940513,480.0,23.0,,,
single_step,equal_fe,pendcart,GWO,41,37.0,20.0,1.0,1.0,-0.0017659723998110573,-0.001765969153244361,3.2465666962525758e-09,3.2465666962525758e-09,3.2465666962525758e-09,False,0.0001599014481549199,14.892699997290038,440.0,21.0,,,
single_step,equal_fe,pendcart,GWO,42,37.0,20.0,1.0,1.0,-0.0017659723998110573,-0.0017659723998088804,2.1768611219163958e-15,2.1768611219163958e-15,2.1768611219163958e-15,False,1.272902025867273e-07,25.599957996746525,740.0,36.0,,,
single_step,equal_fe,pendcart,GWO,43,37.0,20.0,1.0,1.0,-0.0017659723998110573,-0.0017659718248343888,5.749766684905872e-10,5.749766684905872e-10,5.749766684905872e-10,False,6.729754117018594e-05,18.1585650134366,520.0,25.0,,,
single_step,equal_fe,pendcart,GWO,44,37.0,20.0,1.0,1.0,-0.0017659723998110573,-0.0017659723917955031,8.015554149240489e-12,8.015554149240489e-12,8.015554149240489e-12,False,7.941732032404336e-06,13.976258007460274,400.0,19.0,,,
single_step,equal_fe,pendcart,GWO,45,37.0,20.0,1.0,1.0,-0.0017659723998110573,-0.0017659722411320258,1.5867903150300344e-10,1.5867903150300344e-10,1.5867903150300344e-10,False,3.535536981452703e-05,16.713894001441076,480.0,23.0,,,
single_step,equal_fe,pendcart,GWO,46,37.0,20.0,1.0,1.0,-0.0017659723998110573,-0.0017659721411636992,2.586473580885179e-10,2.586473580885179e-10,2.586473580885179e-10,False,4.5137739656739284e-05,22.66896699438803,640.0,31.0,,,
single_step,equal_fe,pendcart,GWO,47,37.0,20.0,1.0,1.0,-0.0017659723998110573,-0.0017659711417760068,1.258035050482123e-09,1.258035050482123e-09,1.258035050482123e-09,False,9.954346129870117e-05,25.98089700040873,740.0,36.0,,,
single_step,equal_fe,pendcart,GWO,48,37.0,20.0,1.0,1.0,-0.0017659723998110573,-0.001765972200323758,1.9948729929226972e-10,1.9948729929226972e-10,1.9948729929226972e-10,False,3.964134078451864e-05,31.308395991800353,880.0,43.0,,,
single_step,equal_fe,pendcart,GWO,49,37.0,20.0,1.0,1.0,-0.0017659723998110573,-0.0017659723998000698,1.0987521656402599e-14,1.0987521656402599e-14,1.0987521656402599e-14,False,2.9049691172011727e-07,35.718101004022174,1000.0,49.0,,,
single_step,equal_fe,pendcart,PSO,0,37.0,20.0,1.0,1.0,-0.0017659723998110573,-0.0017659723309737167,6.883734055863899e-11,6.883734055863899e-11,6.883734055863899e-11,False,2.3287944731595345e-05,26.259475998813286,1000.0,51.0,,,
single_step,equal_fe,pendcart,PSO,1,37.0,20.0,1.0,1.0,-0.0017659723998110573,-0.0017659716191105752,7.807004821260011e-10,7.807004821260011e-10,7.807004821260011e-10,False,7.841748882195243e-05,17.977027004235424,720.0,36.0,,,
single_step,equal_fe,pendcart,PSO,2,37.0,20.0,1.0,1.0,-0.0017659723998110573,-0.0017610581643591498,4.914235451907497e-06,4.914235451907497e-06,4.914235451907497e-06,False,0.0062212547019062925,11.234891004278325,440.0,22.0,,,
single_step,equal_fe,pendcart,PSO,3,37.0,20.0,1.0,1.0,-0.0017659723998110573,-0.0017658996407397525,7.275907130477668e-08,7.275907130477668e-08,7.275907130477668e-08,False,0.0007570001246371694,16.8137450091308,660.0,33.0,,,
single_step,equal_fe,pendcart,PSO,4,37.0,20.0,1.0,1.0,-0.0017659723998110573,-0.0017659722494127671,1.5039829017599038e-10,1.5039829017599038e-10,1.5039829017599038e-10,False,3.442058881300558e-05,26.173158999881707,1000.0,51.0,,,
single_step,equal_fe,pendcart,PSO,5,37.0,20.0,1.0,1.0,-0.0017659723998110573,-0.0017659677234969303,4.67631412694354e-09,4.67631412694354e-09,4.67631412694354e-09,False,0.00019191567705613422,18.71770800789818,700.0,35.0,,,
single_step,equal_fe,pendcart,PSO,6,37.0,20.0,1.0,1.0,-0.0017659723998110573,-0.001765972379102957,2.0708100382030303e-11,2.0708100382030303e-11,2.0708100382030303e-11,False,1.2767175851691182e-05,24.958401001640595,1000.0,51.0,,,
single_step,equal_fe,pendcart,PSO,7,37.0,20.0,1.0,1.0,-0.0017659723998110573,-0.0017659723539195965,4.5891460770386416e-11,4.5891460770386416e-11,4.5891460770386416e-11,False,1.9007800418149867e-05,25.864876006380655,1000.0,51.0,,,
single_step,equal_fe,pendcart,PSO,8,37.0,20.0,1.0,1.0,-0.0017659723998110573,-0.0017587941310913259,7.178268719731408e-06,7.178268719731408e-06,7.178268719731408e-06,False,0.007519004222579867,9.057304996531457,360.0,18.0,,,
single_step,equal_fe,pendcart,PSO,9,37.0,20.0,1.0,1.0,-0.0017659723998110573,-0.0017602061546697933,5.76624514126399e-06,5.76624514126399e-06,5.76624514126399e-06,False,0.006739024699737389,8.645299996715039,340.0,17.0,,,
single_step,equal_fe,pendcart,PSO,10,37.0,20.0,1.0,1.0,-0.0017659723998110573,-0.0017659723811104713,1.8700586001604846e-11,1.8700586001604846e-11,1.8700586001604846e-11,False,1.2139756665127677e-05,25.577755004633218,1000.0,51.0,,,
single_step,equal_fe,pendcart,PSO,11,37.0,20.0,1.0,1.0,-0.0017659723998110573,-0.001764569295303352,1.4031045077053054e-06,1.4031045077053054e-06,1.4031045077053054e-06,False,0.0033242658768451727,10.232715998427011,400.0,20.0,,,
single_step,equal_fe,pendcart,PSO,12,37.0,20.0,1.0,1.0,-0.0017659723998110573,-0.0017659631934811802,9.206329877045269e-09,9.206329877045269e-09,9.206329877045269e-09,False,0.00026927713625080063,17.48923200648278,680.0,34.0,,,
single_step,equal_fe,pendcart,PSO,13,37.0,20.0,1.0,1.0,-0.0017659723998110573,-0.0017659620590011976,1.034080985965781e-08,1.034080985965781e-08,1.034080985965781e-08,False,0.0002853863217600894,14.928522010450251,580.0,29.0,,,
single_step,equal_fe,pendcart,PSO,14,37.0,20.0,1.0,1.0,-0.0017659723998110573,-0.0017659702190060671,2.180804990151858e-09,2.180804990151858e-09,2.180804990151858e-09,False,0.0001310528413340506,26.179943000897765,1000.0,51.0,,,
single_step,equal_fe,pendcart,PSO,15,37.0,20.0,1.0,1.0,-0.0017659723998110573,-0.0017588549120230355,7.117487788021841e-06,7.117487788021841e-06,7.117487788021841e-06,False,0.007487103536402223,9.490214011748321,360.0,18.0,,,
single_step,equal_fe,pendcart,PSO,16,37.0,20.0,1.0,1.0,-0.0017659723998110573,-0.0017659723806938666,1.91171906863824e-11,1.91171906863824e-11,1.91171906863824e-11,False,1.2266809694211345e-05,27.088557006209157,1000.0,51.0,,,
single_step,equal_fe,pendcart,PSO,17,37.0,20.0,1.0,1.0,-0.0017659723998110573,-0.001760774591534067,5.197808276990231e-06,5.197808276990231e-06,5.197808276990231e-06,False,0.00639824164382638,10.03229699563235,380.0,19.0,,,
single_step,equal_fe,pendcart,PSO,18,37.0,20.0,1.0,1.0,-0.0017659723998110573,-0.0017658915539199033,8.084589115395571e-08,8.084589115395571e-08,8.084589115395571e-08,False,0.0007979528428480875,16.470179994939826,640.0,32.0,,,
single_step,equal_fe,pendcart,PSO,19,37.0,20.0,1.0,1.0,-0.0017659723998110573,-0.0017658560969114104,1.1630289964686263e-07,1.1630289964686263e-07,1.1630289964686263e-07,False,0.0009570703354494364,16.358399007003754,640.0,32.0,,,
single_step,equal_fe,pendcart,PSO,20,37.0,20.0,1.0,1.0,-0.0017659723998110573,-0.0017656548234549325,3.17576356124831e-07,3.17576356124831e-07,3.17576356124831e-07,False,0.001581515039490916,8.225376004702412,320.0,16.0,,,
single_step,equal_fe,pendcart,PSO,21,37.0,20.0,1.0,1.0,-0.0017659723998110573,-0.00176581242940923,1.5997040182726303e-07,1.5997040182726303e-07,1.5997040182726303e-07,False,0.0011224542502970836,11.448645003838465,460.0,23.0,,,
single_step,equal_fe,pendcart,PSO,22,37.0,20.0,1.0,1.0,-0.0017659723998110573,-0.0017659723121119272,8.769913007605767e-11,8.769913007605767e-11,8.769913007605767e-11,False,2.6285056219377267e-05,25.273063001804985,1000.0,51.0,,,
single_step,equal_fe,pendcart,PSO,23,37.0,20.0,1.0,1.0,-0.0017659723998110573,-0.0017659723173888496,8.242220773078957e-11,8.242220773078957e-11,8.242220773078957e-11,False,2.5474721778481757e-05,25.12898200075142,1000.0,51.0,,,
single_step,equal_fe,pendcart,PSO,24,37.0,20.0,1.0,1.0,-0.0017659723998110573,-0.00176584684202072,1.2555779033726448e-07,1.2555779033726448e-07,1.2555779033726448e-07,False,0.0009944214395423423,10.834264001459815,420.0,21.0,,,
single_step,equal_fe,pendcart,PSO,25,37.0,20.0,1.0,1.0,-0.0017659723998110573,-0.0017659723956568103,4.154247041851522e-12,4.154247041851522e-12,4.154247041851522e-12,False,5.7236981353264715e-06,25.419179000891745,1000.0,51.0,,,
single_step,equal_fe,pendcart,PSO,26,37.0,20.0,1.0,1.0,-0.0017659723998110573,-0.0017659716221262466,7.776848106461065e-10,7.776848106461065e-10,7.776848106461065e-10,False,7.826589480253165e-05,25.67608300887514,1000.0,51.0,,,
single_step,equal_fe,pendcart,PSO,27,37.0,20.0,1.0,1.0,-0.0017659723998110573,-0.001756762984894084,9.209414916973215e-06,9.209414916973215e-06,9.209414916973215e-06,False,0.008516596880171395,9.756331986864097,380.0,19.0,,,
single_step,equal_fe,pendcart,PSO,28,37.0,20.0,1.0,1.0,-0.0017659723998110573,-0.0017659405135840836,3.188622697369685e-08,3.188622697369685e-08,3.188622697369685e-08,False,0.0005011353345361069,15.499217988690361,600.0,30.0,,,
single_step,equal_fe,pendcart,PSO,29,37.0,20.0,1.0,1.0,-0.0017659723998110573,-0.001765942190411497,3.020939956023018e-08,3.020939956023018e-08,3.020939956023018e-08,False,0.0004877732943535107,17.323137988569215,680.0,34.0,,,
single_step,equal_fe,pendcart,PSO,30,37.0,20.0,1.0,1.0,-0.0017659723998110573,-0.0017655802981466596,3.921016643977041e-07,3.921016643977041e-07,3.921016643977041e-07,False,0.001757311252285093,17.15455699013546,680.0,34.0,,,
single_step,equal_fe,pendcart,PSO,31,37.0,20.0,1.0,1.0,-0.0017659723998110573,-0.0017659615010762915,1.0898734765802526e-08,1.0898734765802526e-08,1.0898734765802526e-08,False,0.00029298391219874376,25.08034098718781,1000.0,51.0,,,
single_step,equal_fe,pendcart,PSO,32,37.0,20.0,1.0,1.0,-0.0017659723998110573,-0.0017653177701284072,6.546296826500948e-07,6.546296826500948e-07,6.546296826500948e-07,False,0.0022706427608932545,15.722408003057353,600.0,30.0,,,
single_step,equal_fe,pendcart,PSO,33,37.0,20.0,1.0,1.0,-0.0017659723998110573,-0.0017659723995471462,2.6391107181555906e-13,2.6391107181555906e-13,2.6391107181555906e-13,False,1.4454093375249055e-06,21.787684003356844,860.0,43.0,,,
single_step,equal_fe,pendcart,PSO,34,37.0,20.0,1.0,1.0,-0.0017659723998110573,-0.0017591391878773492,6.833211933708139e-06,6.833211933708139e-06,6.833211933708139e-06,False,0.00733605343727356,9.068118000868708,360.0,18.0,,,
single_step,equal_fe,pendcart,PSO,35,37.0,20.0,1.0,1.0,-0.0017659723998110573,-0.0017659723990748578,7.361995128102317e-13,7.361995128102317e-13,7.361995128102317e-13,False,2.41164756917267e-06,25.462121004238725,1000.0,51.0,,,
single_step,equal_fe,pendcart,PSO,36,37.0,20.0,1.0,1.0,-0.0017659723998110573,-0.001765972397324502,2.4865552325503693e-12,2.4865552325503693e-12,2.4865552325503693e-12,False,4.4290606620867035e-06,25.4108700028155,1000.0,51.0,,,
single_step,equal_fe,pendcart,PSO,37,37.0,20.0,1.0,1.0,-0.0017659723998110573,-0.0017659723594719988,4.033905848244146e-11,4.033905848244146e-11,4.033905848244146e-11,False,1.782063532114464e-05,19.98725200246554,780.0,39.0,,,
single_step,equal_fe,pendcart,PSO,38,37.0,20.0,1.0,1.0,-0.0017659723998110573,-0.0016721402228761415,9.38321769349158e-05,9.38321769349158e-05,9.38321769349158e-05,False,0.02718479713828817,10.802557997521944,420.0,21.0,,,
single_step,equal_fe,pendcart,PSO,39,37.0,20.0,1.0,1.0,-0.0017659723998110573,-0.0017659691776785427,3.222132514578077e-09,3.222132514578077e-09,3.222132514578077e-09,False,0.00015929857581696572,21.301369997672737,840.0,42.0,,,
single_step,equal_fe,pendcart,PSO,40,37.0,20.0,1.0,1.0,-0.0017659723998110573,-0.0017659720334407562,3.6637030106749513e-10,3.6637030106749513e-10,3.6637030106749513e-10,False,5.371314000549021e-05,25.231938998331316,1000.0,51.0,,,
single_step,equal_fe,pendcart,PSO,41,37.0,20.0,1.0,1.0,-0.0017659723998110573,-0.001765971935819432,4.6399162528625026e-10,4.6399162528625026e-10,4.6399162528625026e-10,False,6.0447564452822955e-05,25.163970989524387,1000.0,51.0,,,
single_step,equal_fe,pendcart,PSO,42,37.0,20.0,1.0,1.0,-0.0017659723998110573,-0.0017556785687119012,1.0293831099156053e-05,1.0293831099156053e-05,1.0293831099156053e-05,False,0.009004064561636882,13.534322992200032,540.0,27.0,,,
single_step,equal_fe,pendcart,PSO,43,37.0,20.0,1.0,1.0,-0.0017659723998110573,-0.001765965531243576,6.86856748127046e-09,6.86856748127046e-09,6.86856748127046e-09,False,0.00023258957105297406,25.14621999580413,1000.0,51.0,,,
single_step,equal_fe,pendcart,PSO,44,37.0,20.0,1.0,1.0,-0.0017659723998110573,-0.0017659722955008445,1.0431021281107067e-10,1.0431021281107067e-10,1.0431021281107067e-10,False,2.865878242774844e-05,25.004609997267835,1000.0,51.0,,,
single_step,equal_fe,pendcart,PSO,45,37.0,20.0,1.0,1.0,-0.0017659723998110573,-0.0017658797075194306,9.26922916267333e-08,9.26922916267333e-08,9.26922916267333e-08,False,0.00085442499709322,19.90785900852643,800.0,40.0,,,
single_step,equal_fe,pendcart,PSO,46,37.0,20.0,1.0,1.0,-0.0017659723998110573,-0.0017659723951171209,4.6939364287817975e-12,4.6939364287817975e-12,4.6939364287817975e-12,False,6.083906893009083e-06,24.805385008221492,1000.0,51.0,,,
single_step,equal_fe,pendcart,PSO,47,37.0,20.0,1.0,1.0,-0.0017659723998110573,-0.0017659716731559562,7.266551011082811e-10,7.266551011082811e-10,7.266551011082811e-10,False,7.564726454735438e-05,25.07573399634566,1000.0,51.0,,,
single_step,equal_fe,pendcart,PSO,48,37.0,20.0,1.0,1.0,-0.0017659723998110573,-0.001737517608406246,2.8454791404811282e-05,2.8454791404811282e-05,2.8454791404811282e-05,False,0.014970216101314965,8.22110500303097,320.0,16.0,,,
single_step,equal_fe,pendcart,PSO,49,37.0,20.0,1.0,1.0,-0.0017659723998110573,-0.0017659723879659165,1.1845140753669048e-11,1.1845140753669048e-11,1.1845140753669048e-11,False,9.655046487713759e-06,25.514329987345263,1000.0,51.0,,,
single_step,equal_fe,pendcart,WOA,0,37.0,20.0,1.0,1.0,-0.0017659723998110573,-0.001765972359700867,4.011019034272367e-11,4.011019034272367e-11,4.011019034272367e-11,False,1.777738303644638e-05,17.56376300181728,520.0,26.0,,,
single_step,equal_fe,pendcart,WOA,1,37.0,20.0,1.0,1.0,-0.0017659723998110573,-0.0017659723990754994,7.355578819645547e-13,7.355578819645547e-13,7.355578819645547e-13,False,2.403213989143893e-06,28.22269000171218,840.0,42.0,,,
single_step,equal_fe,pendcart,WOA,2,37.0,20.0,1.0,1.0,-0.0017659723998110573,-0.0017659723169247236,8.288633364730846e-11,8.288633364730846e-11,8.288633364730846e-11,False,2.5553740379408163e-05,21.815396001329646,660.0,33.0,,,
single_step,equal_fe,pendcart,WOA,3,37.0,20.0,1.0,1.0,-0.0017659723998110573,-0.0017659723997059493,1.0510797961160723e-13,1.0510797961160723e-13,1.0510797961160723e-13,False,9.061616332989297e-07,38.885911999386735,700.0,35.0,,,
single_step,equal_fe,pendcart,WOA,4,37.0,20.0,1.0,1.0,-0.0017659723998110573,-0.001765972384412732,1.5398325193052842e-11,1.5398325193052842e-11,1.5398325193052842e-11,False,1.1008836033540859e-05,25.174330003210343,620.0,31.0,,,
single_step,equal_fe,pendcart,WOA,5,37.0,20.0,1.0,1.0,-0.0017659723998110573,-0.00176597239232975,7.481307240375656e-12,7.481307240375656e-12,7.481307240375656e-12,False,7.672380347018004e-06,29.87515600398183,780.0,39.0,,,
single_step,equal_fe,pendcart,WOA,6,37.0,20.0,1.0,1.0,-0.0017659723998110573,-0.0017659723996128575,1.981997465455576e-13,1.981997465455576e-13,1.981997465455576e-13,False,1.2530984736525141e-06,23.536496999440715,660.0,33.0,,,
single_step,equal_fe,pendcart,WOA,7,37.0,20.0,1.0,1.0,-0.0017659723998110573,-0.001765972386305749,1.3505308199893151e-11,1.3505308199893151e-11,1.3505308199893151e-11,False,1.0309724062490533e-05,25.708286004373804,760.0,38.0,,,
single_step,equal_fe,pendcart,WOA,8,37.0,20.0,1.0,1.0,-0.0017659723998110573,-0.0017659723985095782,1.301479106777248e-12,1.301479106777248e-12,1.301479106777248e-12,False,3.197923493777899e-06,20.920708993799053,640.0,32.0,,,
single_step,equal_fe,pendcart,WOA,9,37.0,20.0,1.0,1.0,-0.0017659723998110573,-0.0017659723996502124,1.6084486173517654e-13,1.6084486173517654e-13,1.6084486173517654e-13,False,1.1292187040573554e-06,20.915721004712395,640.0,32.0,,,
single_step,equal_fe,pendcart,WOA,10,37.0,20.0,1.0,1.0,-0.0017659723998110573,-0.0017659723986534264,1.1576308488192577e-12,1.1576308488192577e-12,1.1576308488192577e-12,False,3.015811752951625e-06,21.107157997903414,660.0,33.0,,,
single_step,equal_fe,pendcart,WOA,11,37.0,20.0,1.0,1.0,-0.0017659723998110573,-0.0017659723998081256,2.931682674400804e-15,2.931682674400804e-15,2.931682674400804e-15,False,1.5568297116741459e-07,27.041979003115557,840.0,42.0,,,
single_step,equal_fe,pendcart,WOA,12,37.0,20.0,1.0,1.0,-0.0017659723998110573,-0.0017659723972757494,2.5353079011192214e-12,2.5353079011192214e-12,2.5353079011192214e-12,False,4.4722329851226705e-06,31.102335997275077,980.0,49.0,,,
single_step,equal_fe,pendcart,WOA,13,37.0,20.0,1.0,1.0,-0.0017659723998110573,-0.0017659723975872942,2.2237630573768152e-12,2.2237630573768152e-12,2.2237630573768152e-12,False,4.188684114392327e-06,23.18848599679768,720.0,36.0,,,
single_step,equal_fe,pendcart,WOA,14,37.0,20.0,1.0,1.0,-0.0017659723998110573,-0.0017659723945532297,5.257827593446729e-12,5.257827593446729e-12,5.257827593446729e-12,False,6.4387651552699765e-06,19.912768999347463,620.0,31.0,,,
single_step,equal_fe,pendcart,WOA,15,37.0,20.0,1.0,1.0,-0.0017659723998110573,-0.0017659723687766706,3.10343866490731e-11,3.10343866490731e-11,3.10343866490731e-11,False,1.563775472115947e-05,14.810275999479927,460.0,23.0,,,
single_step,equal_fe,pendcart,WOA,16,37.0,20.0,1.0,1.0,-0.0017659723998110573,-0.0017659723994889515,3.22105840264153e-13,3.22105840264153e-13,3.22105840264153e-13,False,1.589069701088408e-06,22.76796400838066,720.0,36.0,,,
single_step,equal_fe,pendcart,WOA,17,37.0,20.0,1.0,1.0,-0.0017659723998110573,-0.0017659723948332093,4.977847994913631e-12,4.977847994913631e-12,4.977847994913631e-12,False,6.26508742714027e-06,20.60730599623639,620.0,31.0,,,
single_step,equal_fe,pendcart,WOA,18,37.0,20.0,1.0,1.0,-0.0017659723998110573,-0.0017659723437571423,5.60539149818684e-11,5.60539149818684e-11,5.60539149818684e-11,False,2.1007623422983346e-05,22.80053499271162,680.0,34.0,,,
single_step,equal_fe,pendcart,WOA,19,37.0,20.0,1.0,1.0,-0.0017659723998110573,-0.0017659723912943107,8.516746552791887e-12,8.516746552791887e-12,8.516746552791887e-12,False,8.186369461926635e-06,18.969595999806188,540.0,27.0,,,
single_step,equal_fe,pendcart,WOA,20,37.0,20.0,1.0,1.0,-0.0017659723998110573,-0.0017659723672396727,3.257138460853459e-11,3.257138460853459e-11,3.257138460853459e-11,False,1.6012836246345752e-05,16.645822004647925,500.0,25.0,,,
single_step,equal_fe,pendcart,WOA,21,37.0,20.0,1.0,1.0,-0.0017659723998110573,-0.0017659723998110566,6.505213034913027e-19,6.505213034913027e-19,6.505213034913027e-19,False,8.059417161421223e-09,25.18294299079571,780.0,39.0,,,
single_step,equal_fe,pendcart,WOA,22,37.0,20.0,1.0,1.0,-0.0017659723998110573,-0.0017659723997160018,9.505547390875613e-14,9.505547390875613e-14,9.505547390875613e-14,False,8.689443028175869e-07,18.689004005864263,580.0,29.0,,,
single_step,equal_fe,pendcart,WOA,23,37.0,20.0,1.0,1.0,-0.0017659723998110573,-0.0017659723996856912,1.2536608036406438e-13,1.2536608036406438e-13,1.2536608036406438e-13,False,9.973635985843776e-07,26.948753002216108,820.0,41.0,,,
single_step,equal_fe,pendcart,WOA,24,37.0,20.0,1.0,1.0,-0.0017659723998110573,-0.0017659722613317507,1.384793065807577e-10,1.384793065807577e-10,1.384793065807577e-10,False,3.30286824244963e-05,20.90045899967663,640.0,32.0,,,
single_step,equal_fe,pendcart,WOA,25,37.0,20.0,1.0,1.0,-0.0017659723998110573,-0.001765972399307707,5.033503995555133e-13,5.033503995555133e-13,5.033503995555133e-13,False,1.9947601261893766e-06,23.137205993407406,720.0,36.0,,,
single_step,equal_fe,pendcart,WOA,26,37.0,20.0,1.0,1.0,-0.0017659723998110573,-0.0017659723998026027,8.454608541041964e-15,8.454608541041964e-15,8.454608541041964e-15,False,2.6176382235398865e-07,22.511332004796714,700.0,35.0,,,
single_step,equal_fe,pendcart,WOA,27,37.0,20.0,1.0,1.0,-0.0017659723998110573,-0.0017659723998031977,7.859598388781919e-15,7.859598388781919e-15,7.859598388781919e-15,False,2.45131245205088e-07,24.22944799764082,740.0,37.0,,,
single_step,equal_fe,pendcart,WOA,28,37.0,20.0,1.0,1.0,-0.0017659723998110573,-0.0017659723998106928,3.645087703896266e-16,3.645087703896266e-16,3.645087703896266e-16,False,5.737907007863363e-08,17.787352000596,540.0,27.0,,,
single_step,equal_fe,pendcart,WOA,29,37.0,20.0,1.0,1.0,-0.0017659723998110573,-0.0017659723998108702,1.8713329497099807e-16,1.8713329497099807e-16,1.8713329497099807e-16,False,3.487123687029303e-08,26.1318879929604,800.0,40.0,,,
single_step,equal_fe,pendcart,WOA,30,37.0,20.0,1.0,1.0,-0.0017659723998110573,-0.0017659723989801542,8.30903054693799e-13,8.30903054693799e-13,8.30903054693799e-13,False,2.554457379511099e-06,21.32976999564562,660.0,33.0,,,
single_step,equal_fe,pendcart,WOA,31,37.0,20.0,1.0,1.0,-0.0017659723998110573,-0.0017659723966408354,3.1702218974971608e-12,3.1702218974971608e-12,3.1702218974971608e-12,False,5.000529273602172e-06,25.58915500412695,780.0,39.0,,,
single_step,equal_fe,pendcart,WOA,32,37.0,20.0,1.0,1.0,-0.0017659723998110573,-0.0017659723787848145,2.1026242812832718e-11,2.1026242812832718e-11,2.1026242812832718e-11,False,1.2864902500284159e-05,24.83325800858438,780.0,39.0,,,
single_step,equal_fe,pendcart,WOA,33,37.0,20.0,1.0,1.0,-0.0017659723998110573,-0.0017659723409469248,5.886413253532174e-11,5.886413253532174e-11,5.886413253532174e-11,False,2.1527875227633775e-05,18.59491999493912,580.0,29.0,,,
single_step,equal_fe,pendcart,WOA,34,37.0,20.0,1.0,1.0,-0.0017659723998110573,-0.0017659723986874784,1.1235788775071365e-12,1.1235788775071365e-12,1.1235788775071365e-12,False,2.9710708148444898e-06,18.485644002794288,580.0,29.0,,,
single_step,equal_fe,pendcart,WOA,35,37.0,20.0,1.0,1.0,-0.0017659723998110573,-0.0017659723818853371,1.7925720153036395e-11,1.7925720153036395e-11,1.7925720153036395e-11,False,1.1878281669777668e-05,19.91329599695746,600.0,30.0,,,
single_step,equal_fe,pendcart,WOA,36,37.0,20.0,1.0,1.0,-0.0017659723998110573,-0.0017659723997439732,6.70841420608026e-14,6.70841420608026e-14,6.70841420608026e-14,False,7.305760286596685e-07,19.99504400009755,620.0,31.0,,,
single_step,equal_fe,pendcart,WOA,37,37.0,20.0,1.0,1.0,-0.0017659723998110573,-0.0017659723984135615,1.3974958343321298e-12,1.3974958343321298e-12,1.3974958343321298e-12,False,3.313921589767621e-06,18.548492997069843,560.0,28.0,,,
single_step,equal_fe,pendcart,WOA,38,37.0,20.0,1.0,1.0,-0.0017659723998110573,-0.0017659723998070126,4.044724624674423e-15,4.044724624674423e-15,4.044724624674423e-15,False,1.8220485792364016e-07,26.328225008910522,800.0,40.0,,,
single_step,equal_fe,pendcart,WOA,39,37.0,20.0,1.0,1.0,-0.0017659723998110573,-0.001765972386957538,1.2853519247221779e-11,1.2853519247221779e-11,1.2853519247221779e-11,False,1.0065159005173685e-05,22.476615995401517,680.0,34.0,,,
single_step,equal_fe,pendcart,WOA,40,37.0,20.0,1.0,1.0,-0.0017659723998110573,-0.001765972379007228,2.0803829362328607e-11,2.0803829362328607e-11,2.0803829362328607e-11,False,1.2796660152900041e-05,20.401179004693404,620.0,31.0,,,
single_step,equal_fe,pendcart,WOA,41,37.0,20.0,1.0,1.0,-0.0017659723998110573,-0.0017659723764139328,2.339712451560061e-11,2.339712451560061e-11,2.339712451560061e-11,False,1.3571047950869386e-05,26.639201008947566,820.0,41.0,,,
single_step,equal_fe,pendcart,WOA,42,37.0,20.0,1.0,1.0,-0.0017659723998110573,-0.001765972399503173,3.0788436036766065e-13,3.0788436036766065e-13,3.0788436036766065e-13,False,1.5535103007474627e-06,20.593351000570692,640.0,32.0,,,
single_step,equal_fe,pendcart,WOA,43,37.0,20.0,1.0,1.0,-0.0017659723998110573,-0.0017659723998056586,5.398676297674321e-15,5.398676297674321e-15,5.398676297674321e-15,False,2.0991934837621962e-07,32.32776100048795,1000.0,51.0,,,
single_step,equal_fe,pendcart,WOA,44,37.0,20.0,1.0,1.0,-0.0017659723998110573,-0.0017659723974792318,2.3318254879084455e-12,2.3318254879084455e-12,2.3318254879084455e-12,False,4.289161618056814e-06,21.89380000345409,680.0,34.0,,,
single_step,equal_fe,pendcart,WOA,45,37.0,20.0,1.0,1.0,-0.0017659723998110573,-0.0017659723594388005,4.0372256752962965e-11,4.0372256752962965e-11,4.0372256752962965e-11,False,1.7827968387604254e-05,16.0748209891608,500.0,25.0,,,
single_step,equal_fe,pendcart,WOA,46,37.0,20.0,1.0,1.0,-0.0017659723998110573,-0.0017659723997234065,8.765080675154913e-14,8.765080675154913e-14,8.765080675154913e-14,False,8.27175268267033e-07,16.57972800603602,520.0,26.0,,,
single_step,equal_fe,pendcart,WOA,47,37.0,20.0,1.0,1.0,-0.0017659723998110573,-0.0017659720759891863,3.23821871010474e-10,3.23821871010474e-10,3.23821871010474e-10,False,5.049770011814059e-05,23.667066998314112,740.0,37.0,,,
single_step,equal_fe,pendcart,WOA,48,37.0,20.0,1.0,1.0,-0.0017659723998110573,-0.001765972399809985,1.0722759485881639e-15,1.0722759485881639e-15,1.0722759485881639e-15,False,8.826431001363044e-08,19.226083997637033,600.0,30.0,,,
single_step,equal_fe,pendcart,WOA,49,37.0,20.0,1.0,1.0,-0.0017659723998110573,-0.0017659723996967217,1.1433562430163136e-13,1.1433562430163136e-13,1.1433562430163136e-13,False,9.452599347009594e-07,31.527384999208152,1000.0,50.0,,,
closed_loop,equal_fe,pendcart,QP,0,,,,,,,,,,,,0.6264321933849715,7.666666666666667,,0.21502249100609086,0.21502249100609086,150.0
closed_loop,equal_fe,pendcart,SGO,0,,,,,,,,,,,,26.852785673205897,643.6266666666667,,0.21509206641320613,0.21509206641320613,150.0
closed_loop,equal_fe,pendcart,SGO,1,,,,,,,,,,,,25.46832377372387,623.5733333333334,,0.2150388560352769,0.2150388560352769,150.0
closed_loop,equal_fe,pendcart,SGO,2,,,,,,,,,,,,26.42961834712575,640.5866666666667,,0.21507818727826644,0.21507818727826644,150.0
closed_loop,equal_fe,pendcart,SGO,3,,,,,,,,,,,,25.605587766719207,625.3066666666666,,0.2149847386644588,0.2149847386644588,150.0
closed_loop,equal_fe,pendcart,SGO,4,,,,,,,,,,,,25.827437120509178,633.3066666666666,,0.21505163622694956,0.21505163622694956,150.0
closed_loop,equal_fe,pendcart,SGO,5,,,,,,,,,,,,26.06658790037424,638.1333333333333,,0.21507191496944944,0.21507191496944944,150.0
closed_loop,equal_fe,pendcart,SGO,6,,,,,,,,,,,,25.59869461363026,627.08,,0.21493217100088435,0.21493217100088435,150.0
closed_loop,equal_fe,pendcart,SGO,7,,,,,,,,,,,,27.150703619214863,663.1066666666667,,0.21515710065684615,0.21515710065684615,150.0
closed_loop,equal_fe,pendcart,SGO,8,,,,,,,,,,,,25.577661859958123,625.9066666666666,,0.21504239699586797,0.21504239699586797,150.0
closed_loop,equal_fe,pendcart,SGO,9,,,,,,,,,,,,26.869871139739796,656.1333333333333,,0.215017781014424,0.215017781014424,150.0
closed_loop,equal_fe,pendcart,SGO,10,,,,,,,,,,,,25.51257225384082,626.3066666666666,,0.2149834833396819,0.2149834833396819,150.0
closed_loop,equal_fe,pendcart,SGO,11,,,,,,,,,,,,25.618429586271912,624.3066666666666,,0.21494951655269398,0.21494951655269398,150.0
closed_loop,equal_fe,pendcart,SGO,12,,,,,,,,,,,,25.731047046914075,629.0533333333333,,0.2150213640831799,0.2150213640831799,150.0
closed_loop,equal_fe,pendcart,SGO,13,,,,,,,,,,,,25.126478666982923,610.48,,0.21510015987545292,0.21510015987545292,150.0
closed_loop,equal_fe,pendcart,SGO,14,,,,,,,,,,,,26.22372247433911,639.88,,0.2150114874688209,0.2150114874688209,150.0
closed_loop,equal_fe,pendcart,SGO,15,,,,,,,,,,,,26.48926201936168,647.5866666666667,,0.21501517041730517,0.21501517041730517,150.0
closed_loop,equal_fe,pendcart,SGO,16,,,,,,,,,,,,27.138375833067887,658.8266666666667,,0.21507150981062784,0.21507150981062784,150.0
closed_loop,equal_fe,pendcart,SGO,17,,,,,,,,,,,,26.95141131368776,650.8,,0.2150067123484678,0.2150067123484678,150.0
closed_loop,equal_fe,pendcart,SGO,18,,,,,,,,,,,,26.750690179954592,651.9866666666667,,0.2150294895132197,0.2150294895132197,150.0
closed_loop,equal_fe,pendcart,SGO,19,,,,,,,,,,,,25.88726034698387,630.2133333333334,,0.21502840446427693,0.21502840446427693,150.0
closed_loop,equal_fe,pendcart,GWO,0,,,,,,,,,,,,19.830911726457998,552.4,,0.21501995602130375,0.21501995602130375,150.0
closed_loop,equal_fe,pendcart,GWO,1,,,,,,,,,,,,20.59035051361813,576.1333333333333,,0.21502703978165305,0.21502703978165305,150.0
closed_loop,equal_fe,pendcart,GWO,2,,,,,,,,,,,,20.296909600050032,569.4666666666667,,0.2150181183733008,0.2150181183733008,150.0
closed_loop,equal_fe,pendcart,GWO,3,,,,,,,,,,,,19.464197547058575,547.6,,0.21503205988042723,0.21503205988042723,150.0
closed_loop,equal_fe,pendcart,GWO,4,,,,,,,,,,,,20.502351126051508,576.5333333333333,,0.21502032678399793,0.21502032678399793,150.0
closed_loop,equal_fe,pendcart,GWO,5,,,,,,,,,,,,20.506072106945794,572.2666666666667,,0.21502370217053707,0.21502370217053707,150.0
closed_loop,equal_fe,pendcart,GWO,6,,,,,,,,,,,,20.6923887199567,579.6,,0.215030505015558,0.215030505015558,150.0
closed_loop,equal_fe,pendcart,GWO,7,,,,,,,,,,,,20.8015635922978,588.5333333333333,,0.21502490131016996,0.21502490131016996,150.0
closed_loop,equal_fe,pendcart,GWO,8,,,,,,,,,,,,20.451274500616517,572.8,,0.21501055158431043,0.21501055158431043,150.0
closed_loop,equal_fe,pendcart,GWO,9,,,,,,,,,,,,19.83908827358391,558.1333333333333,,0.21501987495503666,0.21501987495503666,150.0
closed_loop,equal_fe,pendcart,GWO,10,,,,,,,,,,,,20.15458106684188,572.6666666666666,,0.2150171339340073,0.2150171339340073,150.0
closed_loop,equal_fe,pendcart,GWO,11,,,,,,,,,,,,20.197354499638703,568.8,,0.21500941259825754,0.21500941259825754,150.0
closed_loop,equal_fe,pendcart,GWO,12,,,,,,,,,,,,20.81565130696011,583.0666666666667,,0.21502390302603092,0.21502390302603092,150.0
closed_loop,equal_fe,pendcart,GWO,13,,,,,,,,,,,,20.547020926993962,576.5333333333333,,0.21502749081552028,0.21502749081552028,150.0
closed_loop,equal_fe,pendcart,GWO,14,,,,,,,,,,,,20.486614500696305,570.5333333333333,,0.21501931687854933,0.21501931687854933,150.0
closed_loop,equal_fe,pendcart,GWO,15,,,,,,,,,,,,20.26079468089544,564.8,,0.21505609354799374,0.21505609354799374,150.0
closed_loop,equal_fe,pendcart,GWO,16,,,,,,,,,,,,21.022429832955822,583.4666666666667,,0.21501668735880597,0.21501668735880597,150.0
closed_loop,equal_fe,pendcart,GWO,17,,,,,,,,,,,,20.013757712731604,560.4,,0.2150186995621499,0.2150186995621499,150.0
closed_loop,equal_fe,pendcart,GWO,18,,,,,,,,,,,,20.027224532677792,560.8,,0.2150312188803737,0.2150312188803737,150.0
closed_loop,equal_fe,pendcart,GWO,19,,,,,,,,,,,,20.329745633353014,568.2666666666667,,0.21502753156803256,0.21502753156803256,150.0
closed_loop,equal_fe,pendcart,PSO,0,,,,,,,,,,,,13.723681752938623,535.3333333333334,,0.21497272080877464,0.21497272080877464,150.0
closed_loop,equal_fe,pendcart,PSO,1,,,,,,,,,,,,13.676815573320104,536.2666666666667,,0.2150014941409034,0.2150014941409034,150.0
closed_loop,equal_fe,pendcart,PSO,2,,,,,,,,,,,,14.371114566941591,562.2666666666667,,0.21491762493321326,0.21491762493321326,150.0
closed_loop,equal_fe,pendcart,PSO,3,,,,,,,,,,,,13.881414392672013,540.5333333333333,,0.21500518214417647,0.21500518214417647,150.0
closed_loop,equal_fe,pendcart,PSO,4,,,,,,,,,,,,13.785855906219998,540.9333333333333,,0.21491798374992646,0.21491798374992646,150.0
closed_loop,equal_fe,pendcart,PSO,5,,,,,,,,,,,,13.521334073642114,533.6,,0.2149618631957747,0.2149618631957747,150.0
closed_loop,equal_fe,pendcart,PSO,6,,,,,,,,,,,,13.614616953515602,533.4666666666667,,0.21501656222154045,0.21501656222154045,150.0
closed_loop,equal_fe,pendcart,PSO,7,,,,,,,,,,,,12.987933053033581,506.53333333333336,,0.21503557885234073,0.21503557885234073,150.0
closed_loop,equal_fe,pendcart,PSO,8,,,,,,,,,,,,13.732148799366163,539.7333333333333,,0.21492116524779376,0.21492116524779376,150.0
closed_loop,equal_fe,pendcart,PSO,9,,,,,,,,,,,,13.454903713718522,525.6,,0.21500184464127317,0.21500184464127317,150.0
closed_loop,equal_fe,pendcart,PSO,10,,,,,,,,,,,,13.230150193364048,518.1333333333333,,0.2150129900342466,0.2150129900342466,150.0
closed_loop,equal_fe,pendcart,PSO,11,,,,,,,,,,,,13.308600033148346,523.2,,0.21494126755294524,0.21494126755294524,150.0
closed_loop,equal_fe,pendcart,PSO,12,,,,,,,,,,,,13.778729926658949,538.5333333333333,,0.2149648401283398,0.2149648401283398,150.0
closed_loop,equal_fe,pendcart,PSO,13,,,,,,,,,,,,12.522366513245894,486.1333333333333,,0.2149856485318528,0.2149856485318528,150.0
closed_loop,equal_fe,pendcart,PSO,14,,,,,,,,,,,,13.40440257336013,523.4666666666667,,0.21496140994813212,0.21496140994813212,150.0
closed_loop,equal_fe,pendcart,PSO,15,,,,,,,,,,,,13.43306778736102,525.2,,0.21492062236414886,0.21492062236414886,150.0
closed_loop,equal_fe,pendcart,PSO,16,,,,,,,,,,,,13.893762373190839,545.0666666666667,,0.21489624123094309,0.21489624123094309,150.0
closed_loop,equal_fe,pendcart,PSO,17,,,,,,,,,,,,14.402455253099712,564.1333333333333,,0.21502762617776489,0.21502762617776489,150.0
closed_loop,equal_fe,pendcart,PSO,18,,,,,,,,,,,,13.538141219954317,527.4666666666667,,0.21498186302975564,0.21498186302975564,150.0
closed_loop,equal_fe,pendcart,PSO,19,,,,,,,,,,,,14.336922606647326,565.2,,0.21495984500888876,0.21495984500888876,150.0
closed_loop,equal_fe,pendcart,WOA,0,,,,,,,,,,,,21.98004310533482,675.4666666666667,,0.21502254075142002,0.21502254075142002,150.0
closed_loop,equal_fe,pendcart,WOA,1,,,,,,,,,,,,21.560227526642848,659.0666666666667,,0.21502240084320934,0.21502240084320934,150.0
closed_loop,equal_fe,pendcart,WOA,2,,,,,,,,,,,,21.079333853170585,648.0,,0.2150224359366548,0.2150224359366548,150.0
closed_loop,equal_fe,pendcart,WOA,3,,,,,,,,,,,,21.228745532862376,645.7333333333333,,0.21502218777898915,0.21502218777898915,150.0
closed_loop,equal_fe,pendcart,WOA,4,,,,,,,,,,,,20.619902300434962,628.8,,0.21502272927302574,0.21502272927302574,150.0
closed_loop,equal_fe,pendcart,WOA,5,,,,,,,,,,,,21.21737983931477,652.9333333333333,,0.21502251437394404,0.21502251437394404,150.0
closed_loop,equal_fe,pendcart,WOA,6,,,,,,,,,,,,20.80193250022906,641.4666666666667,,0.2150227835187219,0.2150227835187219,150.0
closed_loop,equal_fe,pendcart,WOA,7,,,,,,,,,,,,21.651488746574614,661.0666666666667,,0.21502241879209608,0.21502241879209608,150.0
closed_loop,equal_fe,pendcart,WOA,8,,,,,,,,,,,,20.70927167204597,629.7333333333333,,0.21502249042477886,0.21502249042477886,150.0
closed_loop,equal_fe,pendcart,WOA,9,,,,,,,,,,,,20.650697946742486,633.7333333333333,,0.21502261278839083,0.21502261278839083,150.0
closed_loop,equal_fe,pendcart,WOA,10,,,,,,,,,,,,20.403880453377496,640.9333333333333,,0.21502264577039212,0.21502264577039212,150.0
closed_loop,equal_fe,pendcart,WOA,11,,,,,,,,,,,,20.045609246881213,638.5333333333333,,0.21502169794610018,0.21502169794610018,150.0
closed_loop,equal_fe,pendcart,WOA,12,,,,,,,,,,,,20.30319290594586,644.1333333333333,,0.2150229951363284,0.2150229951363284,150.0
closed_loop,equal_fe,pendcart,WOA,13,,,,,,,,,,,,21.307511866131488,649.2,,0.2150227552649906,0.2150227552649906,150.0
closed_loop,equal_fe,pendcart,WOA,14,,,,,,,,,,,,20.98846104015441,642.8,,0.2150235556009792,0.2150235556009792,150.0
closed_loop,equal_fe,pendcart,WOA,15,,,,,,,,,,,,21.246699646580964,641.6,,0.21502214352466437,0.21502214352466437,150.0
closed_loop,equal_fe,pendcart,WOA,16,,,,,,,,,,,,21.202536145768438,641.0666666666667,,0.21502229608631038,0.21502229608631038,150.0
closed_loop,equal_fe,pendcart,WOA,17,,,,,,,,,,,,21.079526599981666,636.9333333333333,,0.21502241955516893,0.21502241955516893,150.0
closed_loop,equal_fe,pendcart,WOA,18,,,,,,,,,,,,21.53148400063704,659.3333333333334,,0.21502240373260728,0.21502240373260728,150.0
closed_loop,equal_fe,pendcart,WOA,19,,,,,,,,,,,,20.733793726249132,632.6666666666666,,0.21502234590454217,0.21502234590454217,150.0
single_step,equal_fe,cstr,SGO,0,25.0,20.0,1.0,1.0,-2.7723532604361196e-12,0.0,2.7723532604361196e-12,2.7723532604361196e-12,2.7723532604361196e-12,False,7.447979723388024e-06,4.500932001974434,310.0,15.0,,,
single_step,equal_fe,cstr,SGO,1,25.0,20.0,1.0,1.0,-2.7723532604361196e-12,0.0,2.7723532604361196e-12,2.7723532604361196e-12,2.7723532604361196e-12,False,7.447979723388024e-06,4.2719049961306155,328.0,15.0,,,
single_step,equal_fe,cstr,SGO,2,25.0,20.0,1.0,1.0,-2.7723532604361196e-12,0.0,2.7723532604361196e-12,2.7723532604361196e-12,2.7723532604361196e-12,False,7.447979723388024e-06,4.275219005648978,318.0,15.0,,,
single_step,equal_fe,cstr,SGO,3,25.0,20.0,1.0,1.0,-2.7723532604361196e-12,0.0,2.7723532604361196e-12,2.7723532604361196e-12,2.7723532604361196e-12,False,7.447979723388024e-06,4.18322799669113,308.0,15.0,,,
single_step,equal_fe,cstr,SGO,4,25.0,20.0,1.0,1.0,-2.7723532604361196e-12,0.0,2.7723532604361196e-12,2.7723532604361196e-12,2.7723532604361196e-12,False,7.447979723388024e-06,4.172822009422816,296.0,15.0,,,
single_step,equal_fe,cstr,SGO,5,25.0,20.0,1.0,1.0,-2.7723532604361196e-12,0.0,2.7723532604361196e-12,2.7723532604361196e-12,2.7723532604361196e-12,False,7.447979723388024e-06,4.3226859997957945,328.0,15.0,,,
single_step,equal_fe,cstr,SGO,6,25.0,20.0,1.0,1.0,-2.7723532604361196e-12,0.0,2.7723532604361196e-12,2.7723532604361196e-12,2.7723532604361196e-12,False,7.447979723388024e-06,4.36427399108652,338.0,15.0,,,
single_step,equal_fe,cstr,SGO,7,25.0,20.0,1.0,1.0,-2.7723532604361196e-12,0.0,2.7723532604361196e-12,2.7723532604361196e-12,2.7723532604361196e-12,False,7.447979723388024e-06,4.3525959918042645,336.0,15.0,,,
single_step,equal_fe,cstr,SGO,8,25.0,20.0,1.0,1.0,-2.7723532604361196e-12,0.0,2.7723532604361196e-12,2.7723532604361196e-12,2.7723532604361196e-12,False,7.447979723388024e-06,4.438703006599098,334.0,15.0,,,
single_step,equal_fe,cstr,SGO,9,25.0,20.0,1.0,1.0,-2.7723532604361196e-12,0.0,2.7723532604361196e-12,2.7723532604361196e-12,2.7723532604361196e-12,False,7.447979723388024e-06,4.341818988905288,338.0,15.0,,,
single_step,equal_fe,cstr,SGO,10,25.0,20.0,1.0,1.0,-2.7723532604361196e-12,0.0,2.7723532604361196e-12,2.7723532604361196e-12,2.7723532604361196e-12,False,7.447979723388024e-06,4.355518001830205,330.0,15.0,,,
single_step,equal_fe,cstr,SGO,11,25.0,20.0,1.0,1.0,-2.7723532604361196e-12,0.0,2.7723532604361196e-12,2.7723532604361196e-12,2.7723532604361196e-12,False,7.447979723388024e-06,4.264909002813511,312.0,15.0,,,
single_step,equal_fe,cstr,SGO,12,25.0,20.0,1.0,1.0,-2.7723532604361196e-12,0.0,2.7723532604361196e-12,2.7723532604361196e-12,2.7723532604361196e-12,False,7.447979723388024e-06,4.451852000784129,328.0,15.0,,,
single_step,equal_fe,cstr,SGO,13,25.0,20.0,1.0,1.0,-2.7723532604361196e-12,0.0,2.7723532604361196e-12,2.7723532604361196e-12,2.7723532604361196e-12,False,7.447979723388024e-06,4.151029002969153,302.0,15.0,,,
single_step,equal_fe,cstr,SGO,14,25.0,20.0,1.0,1.0,-2.7723532604361196e-12,0.0,2.7723532604361196e-12,2.7723532604361196e-12,2.7723532604361196e-12,False,7.447979723388024e-06,4.43861199892126,346.0,15.0,,,
single_step,equal_fe,cstr,SGO,15,25.0,20.0,1.0,1.0,-2.7723532604361196e-12,0.0,2.7723532604361196e-12,2.7723532604361196e-12,2.7723532604361196e-12,False,7.447979723388024e-06,4.354485994554125,336.0,15.0,,,
single_step,equal_fe,cstr,SGO,16,25.0,20.0,1.0,1.0,-2.7723532604361196e-12,0.0,2.7723532604361196e-12,2.7723532604361196e-12,2.7723532604361196e-12,False,7.447979723388024e-06,4.154146008659154,314.0,15.0,,,
single_step,equal_fe,cstr,SGO,17,25.0,20.0,1.0,1.0,-2.7723532604361196e-12,0.0,2.7723532604361196e-12,2.7723532604361196e-12,2.7723532604361196e-12,False,7.447979723388024e-06,4.397119002533145,344.0,15.0,,,
single_step,equal_fe,cstr,SGO,18,25.0,20.0,1.0,1.0,-2.7723532604361196e-12,0.0,2.7723532604361196e-12,2.7723532604361196e-12,2.7723532604361196e-12,False,7.447979723388024e-06,4.203329997835681,318.0,15.0,,,
single_step,equal_fe,cstr,SGO,19,25.0,20.0,1.0,1.0,-2.7723532604361196e-12,0.0,2.7723532604361196e-12,2.7723532604361196e-12,2.7723532604361196e-12,False,7.447979723388024e-06,4.427759995451197,330.0,15.0,,,
single_step,equal_fe,cstr,SGO,20,25.0,20.0,1.0,1.0,-2.7723532604361196e-12,0.0,2.7723532604361196e-12,2.7723532604361196e-12,2.7723532604361196e-12,False,7.447979723388024e-06,4.32913500117138,320.0,15.0,,,
single_step,equal_fe,cstr,SGO,21,25.0,20.0,1.0,1.0,-2.7723532604361196e-12,0.0,2.7723532604361196e-12,2.7723532604361196e-12,2.7723532604361196e-12,False,7.447979723388024e-06,4.425018996698782,328.0,15.0,,,
single_step,equal_fe,cstr,SGO,22,25.0,20.0,1.0,1.0,-2.7723532604361196e-12,0.0,2.7723532604361196e-12,2.7723532604361196e-12,2.7723532604361196e-12,False,7.447979723388024e-06,4.39764499606099,334.0,15.0,,,
single_step,equal_fe,cstr,SGO,23,25.0,20.0,1.0,1.0,-2.7723532604361196e-12,0.0,2.7723532604361196e-12,2.7723532604361196e-12,2.7723532604361196e-12,False,7.447979723388024e-06,4.249802994308993,314.0,15.0,,,
single_step,equal_fe,cstr,SGO,24,25.0,20.0,1.0,1.0,-2.7723532604361196e-12,0.0,2.7723532604361196e-12,2.7723532604361196e-12,2.7723532604361196e-12,False,7.447979723388024e-06,4.13636899611447,320.0,15.0,,,
single_step,equal_fe,cstr,SGO,25,25.0,20.0,1.0,1.0,-2.7723532604361196e-12,0.0,2.7723532604361196e-12,2.7723532604361196e-12,2.7723532604361196e-12,False,7.447979723388024e-06,4.036050988361239,312.0,15.0,,,
single_step,equal_fe,cstr,SGO,26,25.0,20.0,1.0,1.0,-2.7723532604361196e-12,0.0,2.7723532604361196e-12,2.7723532604361196e-12,2.7723532604361196e-12,False,7.447979723388024e-06,4.240812995703891,332.0,15.0,,,
single_step,equal_fe,cstr,SGO,27,25.0,20.0,1.0,1.0,-2.7723532604361196e-12,0.0,2.7723532604361196e-12,2.7723532604361196e-12,2.7723532604361196e-12,False,7.447979723388024e-06,4.019939995487221,312.0,15.0,,,
single_step,equal_fe,cstr,SGO,28,25.0,20.0,1.0,1.0,-2.7723532604361196e-12,0.0,2.7723532604361196e-12,2.7723532604361196e-12,2.7723532604361196e-12,False,7.447979723388024e-06,4.114048002520576,322.0,15.0,,,
single_step,equal_fe,cstr,SGO,29,25.0,20.0,1.0,1.0,-2.7723532604361196e-12,0.0,2.7723532604361196e-12,2.7723532604361196e-12,2.7723532604361196e-12,False,7.447979723388024e-06,3.8820519985165447,302.0,15.0,,,
single_step,equal_fe,cstr,SGO,30,25.0,20.0,1.0,1.0,-2.7723532604361196e-12,0.0,2.7723532604361196e-12,2.7723532604361196e-12,2.7723532604361196e-12,False,7.447979723388024e-06,3.8843580114189535,302.0,15.0,,,
single_step,equal_fe,cstr,SGO,31,25.0,20.0,1.0,1.0,-2.7723532604361196e-12,0.0,2.7723532604361196e-12,2.7723532604361196e-12,2.7723532604361196e-12,False,7.447979723388024e-06,3.985136005212553,316.0,15.0,,,
single_step,equal_fe,cstr,SGO,32,25.0,20.0,1.0,1.0,-2.7723532604361196e-12,0.0,2.7723532604361196e-12,2.7723532604361196e-12,2.7723532604361196e-12,False,7.447979723388024e-06,4.102892999071628,334.0,15.0,,,
single_step,equal_fe,cstr,SGO,33,25.0,20.0,1.0,1.0,-2.7723532604361196e-12,0.0,2.7723532604361196e-12,2.7723532604361196e-12,2.7723532604361196e-12,False,7.447979723388024e-06,4.177287992206402,340.0,15.0,,,
single_step,equal_fe,cstr,SGO,34,25.0,20.0,1.0,1.0,-2.7723532604361196e-12,0.0,2.7723532604361196e-12,2.7723532604361196e-12,2.7723532604361196e-12,False,7.447979723388024e-06,3.8235910033108667,296.0,15.0,,,
single_step,equal_fe,cstr,SGO,35,25.0,20.0,1.0,1.0,-2.7723532604361196e-12,0.0,2.7723532604361196e-12,2.7723532604361196e-12,2.7723532604361196e-12,False,7.447979723388024e-06,4.026898008305579,320.0,15.0,,,
single_step,equal_fe,cstr,SGO,36,25.0,20.0,1.0,1.0,-2.7723532604361196e-12,0.0,2.7723532604361196e-12,2.7723532604361196e-12,2.7723532604361196e-12,False,7.447979723388024e-06,3.9517840050393716,310.0,15.0,,,
single_step,equal_fe,cstr,SGO,37,25.0,20.0,1.0,1.0,-2.7723532604361196e-12,0.0,2.7723532604361196e-12,2.7723532604361196e-12,2.7723532604361196e-12,False,7.447979723388024e-06,4.165755002759397,346.0,15.0,,,
single_step,equal_fe,cstr,SGO,38,25.0,20.0,1.0,1.0,-2.7723532604361196e-12,0.0,2.7723532604361196e-12,2.7723532604361196e-12,2.7723532604361196e-12,False,7.447979723388024e-06,3.8775380089646205,312.0,15.0,,,
single_step,equal_fe,cstr,SGO,39,25.0,20.0,1.0,1.0,-2.7723532604361196e-12,0.0,2.7723532604361196e-12,2.7723532604361196e-12,2.7723532604361196e-12,False,7.447979723388024e-06,4.15702500322368,336.0,15.0,,,
single_step,equal_fe,cstr,SGO,40,25.0,20.0,1.0,1.0,-2.7723532604361196e-12,0.0,2.7723532604361196e-12,2.7723532604361196e-12,2.7723532604361196e-12,False,7.447979723388024e-06,3.891503991326317,318.0,15.0,,,
single_step,equal_fe,cstr,SGO,41,25.0,20.0,1.0,1.0,-2.7723532604361196e-12,0.0,2.7723532604361196e-12,2.7723532604361196e-12,2.7723532604361196e-12,False,7.447979723388024e-06,3.7694210041081533,306.0,15.0,,,
single_step,equal_fe,cstr,SGO,42,25.0,20.0,1.0,1.0,-2.7723532604361196e-12,0.0,2.7723532604361196e-12,2.7723532604361196e-12,2.7723532604361196e-12,False,7.447979723388024e-06,4.020797001430765,328.0,15.0,,,
single_step,equal_fe,cstr,SGO,43,25.0,20.0,1.0,1.0,-2.7723532604361196e-12,0.0,2.7723532604361196e-12,2.7723532604361196e-12,2.7723532604361196e-12,False,7.447979723388024e-06,3.9972420054255053,314.0,15.0,,,
single_step,equal_fe,cstr,SGO,44,25.0,20.0,1.0,1.0,-2.7723532604361196e-12,0.0,2.7723532604361196e-12,2.7723532604361196e-12,2.7723532604361196e-12,False,7.447979723388024e-06,4.055605008034036,324.0,15.0,,,
single_step,equal_fe,cstr,SGO,45,25.0,20.0,1.0,1.0,-2.7723532604361196e-12,0.0,2.7723532604361196e-12,2.7723532604361196e-12,2.7723532604361196e-12,False,7.447979723388024e-06,3.884789999574423,308.0,15.0,,,
single_step,equal_fe,cstr,SGO,46,25.0,20.0,1.0,1.0,-2.7723532604361196e-12,0.0,2.7723532604361196e-12,2.7723532604361196e-12,2.7723532604361196e-12,False,7.447979723388024e-06,4.033502991660498,328.0,15.0,,,
single_step,equal_fe,cstr,SGO,47,25.0,20.0,1.0,1.0,-2.7723532604361196e-12,0.0,2.7723532604361196e-12,2.7723532604361196e-12,2.7723532604361196e-12,False,7.447979723388024e-06,3.858796990243718,312.0,15.0,,,
single_step,equal_fe,cstr,SGO,48,25.0,20.0,1.0,1.0,-2.7723532604361196e-12,0.0,2.7723532604361196e-12,2.7723532604361196e-12,2.7723532604361196e-12,False,7.447979723388024e-06,3.9307830011239275,298.0,15.0,,,
single_step,equal_fe,cstr,SGO,49,25.0,20.0,1.0,1.0,-2.7723532604361196e-12,0.0,2.7723532604361196e-12,2.7723532604361196e-12,2.7723532604361196e-12,False,7.447979723388024e-06,4.144263002672233,336.0,15.0,,,
single_step,equal_fe,cstr,GWO,0,25.0,20.0,1.0,1.0,-2.7723532604361196e-12,-9.675968907873923e-14,2.6755935713573805e-12,2.6755935713573805e-12,2.6755935713573805e-12,False,6.4203323795430235e-06,4.572799996822141,320.0,15.0,,,
single_step,equal_fe,cstr,GWO,1,25.0,20.0,1.0,1.0,-2.7723532604361196e-12,0.0,2.7723532604361196e-12,2.7723532604361196e-12,2.7723532604361196e-12,False,7.447979723388024e-06,4.558554996037856,320.0,15.0,,,
single_step,equal_fe,cstr,GWO,2,25.0,20.0,1.0,1.0,-2.7723532604361196e-12,-2.7989541500614956e-12,-2.6600889625375976e-14,2.6600889625375976e-14,2.6600889625375976e-14,False,2.9955897635755766e-07,4.452968991245143,320.0,15.0,,,
single_step,equal_fe,cstr,GWO,3,25.0,20.0,1.0,1.0,-2.7723532604361196e-12,-2.339533851057305e-12,4.3281940937881473e-13,4.3281940937881473e-13,4.3281940937881473e-13,False,3.4776288885850433e-06,4.6062689943937585,320.0,15.0,,,
single_step,equal_fe,cstr,GWO,4,25.0,20.0,1.0,1.0,-2.7723532604361196e-12,-1.765057631334045e-12,1.0072956291020745e-12,1.0072956291020745e-12,1.0072956291020745e-12,False,1.0870127114332997e-06,4.576011007884517,320.0,15.0,,,
single_step,equal_fe,cstr,GWO,5,25.0,20.0,1.0,1.0,-2.7723532604361196e-12,-1.3042966231548429e-13,2.6419235981206353e-12,2.6419235981206353e-12,2.6419235981206353e-12,False,5.958836341498396e-06,4.715363989816979,320.0,15.0,,,
single_step,equal_fe,cstr,GWO,6,25.0,20.0,1.0,1.0,-2.7723532604361196e-12,0.0,2.7723532604361196e-12,2.7723532604361196e-12,2.7723532604361196e-12,False,7.447979723388024e-06,4.623672008165158,320.0,15.0,,,
single_step,equal_fe,cstr,GWO,7,25.0,20.0,1.0,1.0,-2.7723532604361196e-12,0.0,2.7723532604361196e-12,2.7723532604361196e-12,2.7723532604361196e-12,False,7.447979723388024e-06,4.616707999957725,320.0,15.0,,,
single_step,equal_fe,cstr,GWO,8,25.0,20.0,1.0,1.0,-2.7723532604361196e-12,-2.599538895807292e-12,1.728143646288277e-13,1.728143646288277e-13,1.728143646288277e-13,False,2.35217051832109e-06,4.648763992008753,320.0,15.0,,,
single_step,equal_fe,cstr,GWO,9,25.0,20.0,1.0,1.0,-2.7723532604361196e-12,0.0,2.7723532604361196e-12,2.7723532604361196e-12,2.7723532604361196e-12,False,7.447979723388024e-06,4.652454997994937,320.0,15.0,,,
single_step,equal_fe,cstr,GWO,10,25.0,20.0,1.0,1.0,-2.7723532604361196e-12,-1.3210912455285957e-12,1.4512620149075239e-12,1.4512620149075239e-12,1.4512620149075239e-12,False,4.862379181001492e-06,4.5636509894393384,320.0,15.0,,,
single_step,equal_fe,cstr,GWO,11,25.0,20.0,1.0,1.0,-2.7723532604361196e-12,0.0,2.7723532604361196e-12,2.7723532604361196e-12,2.7723532604361196e-12,False,7.447979723388024e-06,4.6436000120593235,320.0,15.0,,,
single_step,equal_fe,cstr,GWO,12,25.0,20.0,1.0,1.0,-2.7723532604361196e-12,-2.7858437855468476e-12,-1.3490525110727976e-14,1.3490525110727976e-14,1.3490525110727976e-14,False,5.033132408343554e-07,5.034304005675949,320.0,15.0,,,
single_step,equal_fe,cstr,GWO,13,25.0,20.0,1.0,1.0,-2.7723532604361196e-12,-1.1758290546528422e-12,1.5965242057832774e-12,1.5965242057832774e-12,1.5965242057832774e-12,False,5.886609793976994e-06,4.585677001159638,320.0,15.0,,,
single_step,equal_fe,cstr,GWO,14,25.0,20.0,1.0,1.0,-2.7723532604361196e-12,-2.7213308558872865e-12,5.102240454883309e-14,5.102240454883309e-14,5.102240454883309e-14,False,1.2612670707337627e-06,4.597506005666219,320.0,15.0,,,
single_step,equal_fe,cstr,GWO,15,25.0,20.0,1.0,1.0,-2.7723532604361196e-12,-4.1358099906591486e-14,2.730995160529528e-12,2.730995160529528e-12,2.730995160529528e-12,False,7.370889570930338e-06,4.605285997968167,320.0,15.0,,,
single_step,equal_fe,cstr,GWO,16,25.0,20.0,1.0,1.0,-2.7723532604361196e-12,0.0,2.7723532604361196e-12,2.7723532604361196e-12,2.7723532604361196e-12,False,7.447979723388024e-06,4.623223998351023,320.0,15.0,,,
single_step,equal_fe,cstr,GWO,17,25.0,20.0,1.0,1.0,-2.7723532604361196e-12,-5.874480043530751e-13,2.1849052560830445e-12,2.1849052560830445e-12,2.1849052560830445e-12,False,5.417116748962848e-06,4.56986999779474,320.0,15.0,,,
single_step,equal_fe,cstr,GWO,18,25.0,20.0,1.0,1.0,-2.7723532604361196e-12,-2.521809125083028e-12,2.505441353530917e-13,2.505441353530917e-13,2.505441353530917e-13,False,8.315313264425632e-07,4.592047000187449,320.0,15.0,,,
single_step,equal_fe,cstr,GWO,19,25.0,20.0,1.0,1.0,-2.7723532604361196e-12,-2.473049551020526e-12,2.993037094155936e-13,2.993037094155936e-13,2.993037094155936e-13,False,2.492845350867232e-06,4.7243849985534325,320.0,15.0,,,
single_step,equal_fe,cstr,GWO,20,25.0,20.0,1.0,1.0,-2.7723532604361196e-12,-1.8939874984560907e-12,8.783657619800289e-13,8.783657619800289e-13,8.783657619800289e-13,False,3.960214644676628e-06,4.583282003295608,320.0,15.0,,,
single_step,equal_fe,cstr,GWO,21,25.0,20.0,1.0,1.0,-2.7723532604361196e-12,-1.839597959984039e-12,9.327553004520807e-13,9.327553004520807e-13,9.327553004520807e-13,False,4.7222417948857306e-06,4.567920012050308,320.0,15.0,,,
single_step,equal_fe,cstr,GWO,22,25.0,20.0,1.0,1.0,-2.7723532604361196e-12,-2.3434743241615046e-12,4.28878936274615e-13,4.28878936274615e-13,4.28878936274615e-13,False,2.8224524609443524e-06,4.537190005066805,320.0,15.0,,,
single_step,equal_fe,cstr,GWO,23,25.0,20.0,1.0,1.0,-2.7723532604361196e-12,-2.6494289410986942e-12,1.2292431933742538e-13,1.2292431933742538e-13,1.2292431933742538e-13,False,6.130008021867115e-07,4.5606460043927655,320.0,15.0,,,
single_step,equal_fe,cstr,GWO,24,25.0,20.0,1.0,1.0,-2.7723532604361196e-12,-2.0691164917135356e-12,7.03236768722584e-13,7.03236768722584e-13,7.03236768722584e-13,False,4.2108232239657044e-06,4.571015000692569,320.0,15.0,,,
single_step,equal_fe,cstr,GWO,25,25.0,20.0,1.0,1.0,-2.7723532604361196e-12,-2.260641427781403e-12,5.117118326547168e-13,5.117118326547168e-13,5.117118326547168e-13,False,1.560412058134538e-06,4.581098008202389,320.0,15.0,,,
single_step,equal_fe,cstr,GWO,26,25.0,20.0,1.0,1.0,-2.7723532604361196e-12,0.0,2.7723532604361196e-12,2.7723532604361196e-12,2.7723532604361196e-12,False,7.447979723388024e-06,4.589934993418865,320.0,15.0,,,
single_step,equal_fe,cstr,GWO,27,25.0,20.0,1.0,1.0,-2.7723532604361196e-12,0.0,2.7723532604361196e-12,2.7723532604361196e-12,2.7723532604361196e-12,False,7.447979723388024e-06,4.709172993898392,320.0,15.0,,,
single_step,equal_fe,cstr,GWO,28,25.0,20.0,1.0,1.0,-2.7723532604361196e-12,-2.7445872298934625e-12,2.77660305426571e-14,2.77660305426571e-14,2.77660305426571e-14,False,1.338924887238433e-06,4.576421997626312,320.0,15.0,,,
single_step,equal_fe,cstr,GWO,29,25.0,20.0,1.0,1.0,-2.7723532604361196e-12,-1.4355431552610847e-12,1.3368101051750349e-12,1.3368101051750349e-12,1.3368101051750349e-12,False,5.2112481100034114e-06,4.5640099997399375,320.0,15.0,,,
single_step,equal_fe,cstr,GWO,30,25.0,20.0,1.0,1.0,-2.7723532604361196e-12,-4.788988422633241e-13,2.2934544181727956e-12,2.2934544181727956e-12,2.2934544181727956e-12,False,6.895670395569842e-06,4.560682995361276,320.0,15.0,,,
single_step,equal_fe,cstr,GWO,31,25.0,20.0,1.0,1.0,-2.7723532604361196e-12,0.0,2.7723532604361196e-12,2.7723532604361196e-12,2.7723532604361196e-12,False,7.447979723388024e-06,4.580124004860409,320.0,15.0,,,
single_step,equal_fe,cstr,GWO,32,25.0,20.0,1.0,1.0,-2.7723532604361196e-12,-2.753997099628564e-12,1.835616080755549e-14,1.835616080755549e-14,1.835616080755549e-14,False,8.595080723552307e-08,4.648781003197655,320.0,15.0,,,
single_step,equal_fe,cstr,GWO,33,25.0,20.0,1.0,1.0,-2.7723532604361196e-12,0.0,2.7723532604361196e-12,2.7723532604361196e-12,2.7723532604361196e-12,False,7.447979723388024e-06,4.591812990838662,320.0,15.0,,,
single_step,equal_fe,cstr,GWO,34,25.0,20.0,1.0,1.0,-2.7723532604361196e-12,-1.6112100917529806e-12,1.161143168683139e-12,1.161143168683139e-12,1.161143168683139e-12,False,5.172297808097142e-06,4.563707989291288,320.0,15.0,,,
single_step,equal_fe,cstr,GWO,35,25.0,20.0,1.0,1.0,-2.7723532604361196e-12,0.0,2.7723532604361196e-12,2.7723532604361196e-12,2.7723532604361196e-12,False,7.447979723388024e-06,4.557886000839062,320.0,15.0,,,
single_step,equal_fe,cstr,GWO,36,25.0,20.0,1.0,1.0,-2.7723532604361196e-12,-1.0392802962745608e-12,1.7330729641615588e-12,1.7330729641615588e-12,1.7330729641615588e-12,False,6.102157283803229e-06,4.56324199330993,320.0,15.0,,,
single_step,equal_fe,cstr,GWO,37,25.0,20.0,1.0,1.0,-2.7723532604361196e-12,-1.5400923640302915e-12,1.232260896405828e-12,1.232260896405828e-12,1.232260896405828e-12,False,3.7362488991618357e-06,4.682127997511998,320.0,15.0,,,
single_step,equal_fe,cstr,GWO,38,25.0,20.0,1.0,1.0,-2.7723532604361196e-12,0.0,2.7723532604361196e-12,2.7723532604361196e-12,2.7723532604361196e-12,False,7.447979723388024e-06,4.639885999495164,320.0,15.0,,,
single_step,equal_fe,cstr,GWO,39,25.0,20.0,1.0,1.0,-2.7723532604361196e-12,-9.882834922014465e-13,1.784069768234673e-12,1.784069768234673e-12,1.784069768234673e-12,False,6.212344612888334e-06,4.730720000225119,320.0,15.0,,,
single_step,equal_fe,cstr,GWO,40,25.0,20.0,1.0,1.0,-2.7723532604361196e-12,-6.498527588823863e-13,2.1225005015537333e-12,2.1225005015537333e-12,2.1225005015537333e-12,False,5.253820476744753e-06,4.743800003780052,320.0,15.0,,,
single_step,equal_fe,cstr,GWO,41,25.0,20.0,1.0,1.0,-2.7723532604361196e-12,0.0,2.7723532604361196e-12,2.7723532604361196e-12,2.7723532604361196e-12,False,7.447979723388024e-06,4.700716002844274,320.0,15.0,,,
single_step,equal_fe,cstr,GWO,42,25.0,20.0,1.0,1.0,-2.7723532604361196e-12,-2.621106151164754e-12,1.5124710927136557e-13,1.5124710927136557e-13,1.5124710927136557e-13,False,1.96043279746949e-06,4.717442992841825,320.0,15.0,,,
single_step,equal_fe,cstr,GWO,43,25.0,20.0,1.0,1.0,-2.7723532604361196e-12,0.0,2.7723532604361196e-12,2.7723532604361196e-12,2.7723532604361196e-12,False,7.447979723388024e-06,4.662420993554406,320.0,15.0,,,
single_step,equal_fe,cstr,GWO,44,25.0,20.0,1.0,1.0,-2.7723532604361196e-12,-2.0841490114127377e-12,6.882042490233819e-13,6.882042490233819e-13,6.882042490233819e-13,False,3.2601087378779867e-06,4.590060998452827,320.0,15.0,,,
single_step,equal_fe,cstr,GWO,45,25.0,20.0,1.0,1.0,-2.7723532604361196e-12,-3.0238803344315485e-13,2.4699652269929648e-12,2.4699652269929648e-12,2.4699652269929648e-12,False,3.4207897918741616e-06,4.663394007366151,320.0,15.0,,,
single_step,equal_fe,cstr,GWO,46,25.0,20.0,1.0,1.0,-2.7723532604361196e-12,-4.725629756840172e-13,2.2997902847521024e-12,2.2997902847521024e-12,2.2997902847521024e-12,False,6.6879413907608435e-06,4.57318800908979,320.0,15.0,,,
single_step,equal_fe,cstr,GWO,47,25.0,20.0,1.0,1.0,-2.7723532604361196e-12,-1.9728513838801333e-12,7.995018765559864e-13,7.995018765559864e-13,7.995018765559864e-13,False,4.230844156011737e-06,4.649422000511549,320.0,15.0,,,
single_step,equal_fe,cstr,GWO,48,25.0,20.0,1.0,1.0,-2.7723532604361196e-12,-2.6802296465975185e-12,9.212361383860106e-14,9.212361383860106e-14,9.212361383860106e-14,False,6.173765987369014e-07,4.672527997172438,320.0,15.0,,,
single_step,equal_fe,cstr,GWO,49,25.0,20.0,1.0,1.0,-2.7723532604361196e-12,0.0,2.7723532604361196e-12,2.7723532604361196e-12,2.7723532604361196e-12,False,7.447979723388024e-06,4.7714470128994435,320.0,15.0,,,
single_step,equal_fe,cstr,PSO,0,25.0,20.0,1.0,1.0,-2.7723532604361196e-12,0.0,2.7723532604361196e-12,2.7723532604361196e-12,2.7723532604361196e-12,False,7.447979723388024e-06,1.2725910055451095,320.0,16.0,,,
single_step,equal_fe,cstr,PSO,1,25.0,20.0,1.0,1.0,-2.7723532604361196e-12,0.0,2.7723532604361196e-12,2.7723532604361196e-12,2.7723532604361196e-12,False,7.447979723388024e-06,1.233967996085994,320.0,16.0,,,
single_step,equal_fe,cstr,PSO,2,25.0,20.0,1.0,1.0,-2.7723532604361196e-12,0.0,2.7723532604361196e-12,2.7723532604361196e-12,2.7723532604361196e-12,False,7.447979723388024e-06,1.2521780008682981,320.0,16.0,,,
single_step,equal_fe,cstr,PSO,3,25.0,20.0,1.0,1.0,-2.7723532604361196e-12,0.0,2.7723532604361196e-12,2.7723532604361196e-12,2.7723532604361196e-12,False,7.447979723388024e-06,1.2370170006761327,320.0,16.0,,,
single_step,equal_fe,cstr,PSO,4,25.0,20.0,1.0,1.0,-2.7723532604361196e-12,0.0,2.7723532604361196e-12,2.7723532604361196e-12,2.7723532604361196e-12,False,7.447979723388024e-06,1.2667450064327568,320.0,16.0,,,
single_step,equal_fe,cstr,PSO,5,25.0,20.0,1.0,1.0,-2.7723532604361196e-12,0.0,2.7723532604361196e-12,2.7723532604361196e-12,2.7723532604361196e-12,False,7.447979723388024e-06,1.2634499871637672,320.0,16.0,,,
single_step,equal_fe,cstr,PSO,6,25.0,20.0,1.0,1.0,-2.7723532604361196e-12,0.0,2.7723532604361196e-12,2.7723532604361196e-12,2.7723532604361196e-12,False,7.447979723388024e-06,1.2719319929601625,320.0,16.0,,,
single_step,equal_fe,cstr,PSO,7,25.0,20.0,1.0,1.0,-2.7723532604361196e-12,0.0,2.7723532604361196e-12,2.7723532604361196e-12,2.7723532604361196e-12,False,7.447979723388024e-06,1.274053007364273,320.0,16.0,,,
single_step,equal_fe,cstr,PSO,8,25.0,20.0,1.0,1.0,-2.7723532604361196e-12,0.0,2.7723532604361196e-12,2.7723532604361196e-12,2.7723532604361196e-12,False,7.447979723388024e-06,1.2386410089675337,320.0,16.0,,,
single_step,equal_fe,cstr,PSO,9,25.0,20.0,1.0,1.0,-2.7723532604361196e-12,0.0,2.7723532604361196e-12,2.7723532604361196e-12,2.7723532604361196e-12,False,7.447979723388024e-06,1.2413079966790974,320.0,16.0,,,
single_step,equal_fe,cstr,PSO,10,25.0,20.0,1.0,1.0,-2.7723532604361196e-12,0.0,2.7723532604361196e-12,2.7723532604361196e-12,2.7723532604361196e-12,False,7.447979723388024e-06,1.2266450066817924,320.0,16.0,,,
single_step,equal_fe,cstr,PSO,11,25.0,20.0,1.0,1.0,-2.7723532604361196e-12,0.0,2.7723532604361196e-12,2.7723532604361196e-12,2.7723532604361196e-12,False,7.447979723388024e-06,1.2541210016934201,320.0,16.0,,,
single_step,equal_fe,cstr,PSO,12,25.0,20.0,1.0,1.0,-2.7723532604361196e-12,0.0,2.7723532604361196e-12,2.7723532604361196e-12,2.7723532604361196e-12,False,7.447979723388024e-06,1.2662150111282244,320.0,16.0,,,
single_step,equal_fe,cstr,PSO,13,25.0,20.0,1.0,1.0,-2.7723532604361196e-12,0.0,2.7723532604361196e-12,2.7723532604361196e-12,2.7723532604361196e-12,False,7.447979723388024e-06,1.2736170028802007,320.0,16.0,,,
single_step,equal_fe,cstr,PSO,14,25.0,20.0,1.0,1.0,-2.7723532604361196e-12,0.0,2.7723532604361196e-12,2.7723532604361196e-12,2.7723532604361196e-12,False,7.447979723388024e-06,1.2702329986495897,320.0,16.0,,,
single_step,equal_fe,cstr,PSO,15,25.0,20.0,1.0,1.0,-2.7723532604361196e-12,0.0,2.7723532604361196e-12,2.7723532604361196e-12,2.7723532604361196e-12,False,7.447979723388024e-06,1.2724900007015094,320.0,16.0,,,
single_step,equal_fe,cstr,PSO,16,25.0,20.0,1.0,1.0,-2.7723532604361196e-12,0.0,2.7723532604361196e-12,2.7723532604361196e-12,2.7723532604361196e-12,False,7.447979723388024e-06,1.2643829977605492,320.0,16.0,,,
single_step,equal_fe,cstr,PSO,17,25.0,20.0,1.0,1.0,-2.7723532604361196e-12,0.0,2.7723532604361196e-12,2.7723532604361196e-12,2.7723532604361196e-12,False,7.447979723388024e-06,1.255789989954792,320.0,16.0,,,
single_step,equal_fe,cstr,PSO,18,25.0,20.0,1.0,1.0,-2.7723532604361196e-12,0.0,2.7723532604361196e-12,2.7723532604361196e-12,2.7723532604361196e-12,False,7.447979723388024e-06,1.227186992764473,320.0,16.0,,,
single_step,equal_fe,cstr,PSO,19,25.0,20.0,1.0,1.0,-2.7723532604361196e-12,0.0,2.7723532604361196e-12,2.7723532604361196e-12,2.7723532604361196e-12,False,7.447979723388024e-06,1.2325449933996424,320.0,16.0,,,
single_step,equal_fe,cstr,PSO,20,25.0,20.0,1.0,1.0,-2.7723532604361196e-12,0.0,2.7723532604361196e-12,2.7723532604361196e-12,2.7723532604361196e-12,False,7.447979723388024e-06,1.2287239951547235,320.0,16.0,,,
single_step,equal_fe,cstr,PSO,21,25.0,20.0,1.0,1.0,-2.7723532604361196e-12,0.0,2.7723532604361196e-12,2.7723532604361196e-12,2.7723532604361196e-12,False,7.447979723388024e-06,1.2239829957252368,320.0,16.0,,,
single_step,equal_fe,cstr,PSO,22,25.0,20.0,1.0,1.0,-2.7723532604361196e-12,0.0,2.7723532604361196e-12,2.7723532604361196e-12,2.7723532604361196e-12,False,7.447979723388024e-06,1.2290240119909868,320.0,16.0,,,
single_step,equal_fe,cstr,PSO,23,25.0,20.0,1.0,1.0,-2.7723532604361196e-12,0.0,2.7723532604361196e-12,2.7723532604361196e-12,2.7723532604361196e-12,False,7.447979723388024e-06,1.2337749940343201,320.0,16.0,,,
single_step,equal_fe,cstr,PSO,24,25.0,20.0,1.0,1.0,-2.7723532604361196e-12,0.0,2.7723532604361196e-12,2.7723532604361196e-12,2.7723532604361196e-12,False,7.447979723388024e-06,1.2283399992156774,320.0,16.0,,,
single_step,equal_fe,cstr,PSO,25,25.0,20.0,1.0,1.0,-2.7723532604361196e-12,0.0,2.7723532604361196e-12,2.7723532604361196e-12,2.7723532604361196e-12,False,7.447979723388024e-06,1.2399990082485601,320.0,16.0,,,
single_step,equal_fe,cstr,PSO,26,25.0,20.0,1.0,1.0,-2.7723532604361196e-12,0.0,2.7723532604361196e-12,2.7723532604361196e-12,2.7723532604361196e-12,False,7.447979723388024e-06,1.267103012651205,320.0,16.0,,,
single_step,equal_fe,cstr,PSO,27,25.0,20.0,1.0,1.0,-2.7723532604361196e-12,0.0,2.7723532604361196e-12,2.7723532604361196e-12,2.7723532604361196e-12,False,7.447979723388024e-06,1.269792002858594,320.0,16.0,,,
single_step,equal_fe,cstr,PSO,28,25.0,20.0,1.0,1.0,-2.7723532604361196e-12,0.0,2.7723532604361196e-12,2.7723532604361196e-12,2.7723532604361196e-12,False,7.447979723388024e-06,1.2687239941442385,320.0,16.0,,,
single_step,equal_fe,cstr,PSO,29,25.0,20.0,1.0,1.0,-2.7723532604361196e-12,0.0,2.7723532604361196e-12,2.7723532604361196e-12,2.7723532604361196e-12,False,7.447979723388024e-06,1.2743950064759701,320.0,16.0,,,
single_step,equal_fe,cstr,PSO,30,25.0,20.0,1.0,1.0,-2.7723532604361196e-12,0.0,2.7723532604361196e-12,2.7723532604361196e-12,2.7723532604361196e-12,False,7.447979723388024e-06,1.240174999111332,320.0,16.0,,,
single_step,equal_fe,cstr,PSO,31,25.0,20.0,1.0,1.0,-2.7723532604361196e-12,0.0,2.7723532604361196e-12,2.7723532604361196e-12,2.7723532604361196e-12,False,7.447979723388024e-06,1.2476360134314746,320.0,16.0,,,
single_step,equal_fe,cstr,PSO,32,25.0,20.0,1.0,1.0,-2.7723532604361196e-12,0.0,2.7723532604361196e-12,2.7723532604361196e-12,2.7723532604361196e-12,False,7.447979723388024e-06,1.2429060006979853,320.0,16.0,,,
single_step,equal_fe,cstr,PSO,33,25.0,20.0,1.0,1.0,-2.7723532604361196e-12,0.0,2.7723532604361196e-12,2.7723532604361196e-12,2.7723532604361196e-12,False,7.447979723388024e-06,1.3527340051950887,320.0,16.0,,,
single_step,equal_fe,cstr,PSO,34,25.0,20.0,1.0,1.0,-2.7723532604361196e-12,0.0,2.7723532604361196e-12,2.7723532604361196e-12,2.7723532604361196e-12,False,7.447979723388024e-06,1.2651599972741678,320.0,16.0,,,
single_step,equal_fe,cstr,PSO,35,25.0,20.0,1.0,1.0,-2.7723532604361196e-12,0.0,2.7723532604361196e-12,2.7723532604361196e-12,2.7723532604361196e-12,False,7.447979723388024e-06,1.2481470039347187,320.0,16.0,,,
single_step,equal_fe,cstr,PSO,36,25.0,20.0,1.0,1.0,-2.7723532604361196e-12,0.0,2.7723532604361196e-12,2.7723532604361196e-12,2.7723532604361196e-12,False,7.447979723388024e-06,1.2321789981797338,320.0,16.0,,,
single_step,equal_fe,cstr,PSO,37,25.0,20.0,1.0,1.0,-2.7723532604361196e-12,0.0,2.7723532604361196e-12,2.7723532604361196e-12,2.7723532604361196e-12,False,7.447979723388024e-06,1.2497759889811277,320.0,16.0,,,
single_step,equal_fe,cstr,PSO,38,25.0,20.0,1.0,1.0,-2.7723532604361196e-12,0.0,2.7723532604361196e-12,2.7723532604361196e-12,2.7723532604361196e-12,False,7.447979723388024e-06,1.2338679953245446,320.0,16.0,,,
single_step,equal_fe,cstr,PSO,39,25.0,20.0,1.0,1.0,-2.7723532604361196e-12,0.0,2.7723532604361196e-12,2.7723532604361196e-12,2.7723532604361196e-12,False,7.447979723388024e-06,1.2387559982016683,320.0,16.0,,,
single_step,equal_fe,cstr,PSO,40,25.0,20.0,1.0,1.0,-2.7723532604361196e-12,0.0,2.7723532604361196e-12,2.7723532604361196e-12,2.7723532604361196e-12,False,7.447979723388024e-06,1.2309089943300933,320.0,16.0,,,
single_step,equal_fe,cstr,PSO,41,25.0,20.0,1.0,1.0,-2.7723532604361196e-12,0.0,2.7723532604361196e-12,2.7723532604361196e-12,2.7723532604361196e-12,False,7.447979723388024e-06,1.2365599977783859,320.0,16.0,,,
single_step,equal_fe,cstr,PSO,42,25.0,20.0,1.0,1.0,-2.7723532604361196e-12,0.0,2.7723532604361196e-12,2.7723532604361196e-12,2.7723532604361196e-12,False,7.447979723388024e-06,1.2484439939726144,320.0,16.0,,,
single_step,equal_fe,cstr,PSO,43,25.0,20.0,1.0,1.0,-2.7723532604361196e-12,0.0,2.7723532604361196e-12,2.7723532604361196e-12,2.7723532604361196e-12,False,7.447979723388024e-06,1.2709700095001608,320.0,16.0,,,
single_step,equal_fe,cstr,PSO,44,25.0,20.0,1.0,1.0,-2.7723532604361196e-12,0.0,2.7723532604361196e-12,2.7723532604361196e-12,2.7723532604361196e-12,False,7.447979723388024e-06,1.2657420011237264,320.0,16.0,,,
single_step,equal_fe,cstr,PSO,45,25.0,20.0,1.0,1.0,-2.7723532604361196e-12,0.0,2.7723532604361196e-12,2.7723532604361196e-12,2.7723532604361196e-12,False,7.447979723388024e-06,1.2774229981005192,320.0,16.0,,,
single_step,equal_fe,cstr,PSO,46,25.0,20.0,1.0,1.0,-2.7723532604361196e-12,0.0,2.7723532604361196e-12,2.7723532604361196e-12,2.7723532604361196e-12,False,7.447979723388024e-06,1.2766400031978264,320.0,16.0,,,
single_step,equal_fe,cstr,PSO,47,25.0,20.0,1.0,1.0,-2.7723532604361196e-12,0.0,2.7723532604361196e-12,2.7723532604361196e-12,2.7723532604361196e-12,False,7.447979723388024e-06,1.2593010033015162,320.0,16.0,,,
single_step,equal_fe,cstr,PSO,48,25.0,20.0,1.0,1.0,-2.7723532604361196e-12,0.0,2.7723532604361196e-12,2.7723532604361196e-12,2.7723532604361196e-12,False,7.447979723388024e-06,1.2351640034466982,320.0,16.0,,,
single_step,equal_fe,cstr,PSO,49,25.0,20.0,1.0,1.0,-2.7723532604361196e-12,0.0,2.7723532604361196e-12,2.7723532604361196e-12,2.7723532604361196e-12,False,7.447979723388024e-06,1.2422250001691282,320.0,16.0,,,
single_step,equal_fe,cstr,WOA,0,25.0,20.0,1.0,1.0,-2.7723532604361196e-12,0.0,2.7723532604361196e-12,2.7723532604361196e-12,2.7723532604361196e-12,False,7.447979723388024e-06,2.6597059913910925,320.0,16.0,,,
single_step,equal_fe,cstr,WOA,1,25.0,20.0,1.0,1.0,-2.7723532604361196e-12,0.0,2.7723532604361196e-12,2.7723532604361196e-12,2.7723532604361196e-12,False,7.447979723388024e-06,2.6879409997491166,320.0,16.0,,,
single_step,equal_fe,cstr,WOA,2,25.0,20.0,1.0,1.0,-2.7723532604361196e-12,0.0,2.7723532604361196e-12,2.7723532604361196e-12,2.7723532604361196e-12,False,7.447979723388024e-06,2.6202089939033613,320.0,16.0,,,
single_step,equal_fe,cstr,WOA,3,25.0,20.0,1.0,1.0,-2.7723532604361196e-12,-3.721851363703704e-14,2.7351347467990826e-12,2.7351347467990826e-12,2.7351347467990826e-12,False,7.482026923225358e-06,2.6069989980896935,320.0,16.0,,,
single_step,equal_fe,cstr,WOA,4,25.0,20.0,1.0,1.0,-2.7723532604361196e-12,0.0,2.7723532604361196e-12,2.7723532604361196e-12,2.7723532604361196e-12,False,7.447979723388024e-06,2.7046909963246435,320.0,16.0,,,
single_step,equal_fe,cstr,WOA,5,25.0,20.0,1.0,1.0,-2.7723532604361196e-12,0.0,2.7723532604361196e-12,2.7723532604361196e-12,2.7723532604361196e-12,False,7.447979723388024e-06,2.628534988616593,320.0,16.0,,,
single_step,equal_fe,cstr,WOA,6,25.0,20.0,1.0,1.0,-2.7723532604361196e-12,0.0,2.7723532604361196e-12,2.7723532604361196e-12,2.7723532604361196e-12,False,7.447979723388024e-06,2.6336939918110147,320.0,16.0,,,
single_step,equal_fe,cstr,WOA,7,25.0,20.0,1.0,1.0,-2.7723532604361196e-12,0.0,2.7723532604361196e-12,2.7723532604361196e-12,2.7723532604361196e-12,False,7.447979723388024e-06,2.6007549895439297,320.0,16.0,,,
single_step,equal_fe,cstr,WOA,8,25.0,20.0,1.0,1.0,-2.7723532604361196e-12,0.0,2.7723532604361196e-12,2.7723532604361196e-12,2.7723532604361196e-12,False,7.447979723388024e-06,2.635106007801369,320.0,16.0,,,
single_step,equal_fe,cstr,WOA,9,25.0,20.0,1.0,1.0,-2.7723532604361196e-12,0.0,2.7723532604361196e-12,2.7723532604361196e-12,2.7723532604361196e-12,False,7.447979723388024e-06,2.6862499944400042,320.0,16.0,,,
single_step,equal_fe,cstr,WOA,10,25.0,20.0,1.0,1.0,-2.7723532604361196e-12,0.0,2.7723532604361196e-12,2.7723532604361196e-12,2.7723532604361196e-12,False,7.447979723388024e-06,2.6333260029787198,320.0,16.0,,,
single_step,equal_fe,cstr,WOA,11,25.0,20.0,1.0,1.0,-2.7723532604361196e-12,0.0,2.7723532604361196e-12,2.7723532604361196e-12,2.7723532604361196e-12,False,7.447979723388024e-06,2.716561997658573,320.0,16.0,,,
single_step,equal_fe,cstr,WOA,12,25.0,20.0,1.0,1.0,-2.7723532604361196e-12,0.0,2.7723532604361196e-12,2.7723532604361196e-12,2.7723532604361196e-12,False,7.447979723388024e-06,2.687323998543434,320.0,16.0,,,
single_step,equal_fe,cstr,WOA,13,25.0,20.0,1.0,1.0,-2.7723532604361196e-12,0.0,2.7723532604361196e-12,2.7723532604361196e-12,2.7723532604361196e-12,False,7.447979723388024e-06,2.6154939987463877,320.0,16.0,,,
single_step,equal_fe,cstr,WOA,14,25.0,20.0,1.0,1.0,-2.7723532604361196e-12,-8.794228340953746e-15,2.7635590320951658e-12,2.7635590320951658e-12,2.7635590320951658e-12,False,7.448579747804364e-06,2.6196280086878687,320.0,16.0,,,
single_step,equal_fe,cstr,WOA,15,25.0,20.0,1.0,1.0,-2.7723532604361196e-12,-2.0101492481118832e-14,2.7522517679550008e-12,2.7522517679550008e-12,2.7522517679550008e-12,False,7.462838959065199e-06,2.690933004487306,320.0,16.0,,,
single_step,equal_fe,cstr,WOA,16,25.0,20.0,1.0,1.0,-2.7723532604361196e-12,0.0,2.7723532604361196e-12,2.7723532604361196e-12,2.7723532604361196e-12,False,7.447979723388024e-06,2.6625359896570444,320.0,16.0,,,
single_step,equal_fe,cstr,WOA,17,25.0,20.0,1.0,1.0,-2.7723532604361196e-12,0.0,2.7723532604361196e-12,2.7723532604361196e-12,2.7723532604361196e-12,False,7.447979723388024e-06,2.640235994476825,320.0,16.0,,,
single_step,equal_fe,cstr,WOA,18,25.0,20.0,1.0,1.0,-2.7723532604361196e-12,-7.900033465231468e-14,2.693352925783805e-12,2.693352925783805e-12,2.693352925783805e-12,False,7.4568623548798675e-06,2.661314996657893,320.0,16.0,,,
single_step,equal_fe,cstr,WOA,19,25.0,20.0,1.0,1.0,-2.7723532604361196e-12,-8.177347022532972e-15,2.7641759134135868e-12,2.7641759134135868e-12,2.7641759134135868e-12,False,7.45125254014995e-06,2.6372779975645244,320.0,16.0,,,
single_step,equal_fe,cstr,WOA,20,25.0,20.0,1.0,1.0,-2.7723532604361196e-12,0.0,2.7723532604361196e-12,2.7723532604361196e-12,2.7723532604361196e-12,False,7.447979723388024e-06,2.6907540013780817,320.0,16.0,,,
single_step,equal_fe,cstr,WOA,21,25.0,20.0,1.0,1.0,-2.7723532604361196e-12,0.0,2.7723532604361196e-12,2.7723532604361196e-12,2.7723532604361196e-12,False,7.447979723388024e-06,2.6401659997645766,320.0,16.0,,,
single_step,equal_fe,cstr,WOA,22,25.0,20.0,1.0,1.0,-2.7723532604361196e-12,0.0,2.7723532604361196e-12,2.7723532604361196e-12,2.7723532604361196e-12,False,7.447979723388024e-06,2.654420997714624,320.0,16.0,,,
single_step,equal_fe,cstr,WOA,23,25.0,20.0,1.0,1.0,-2.7723532604361196e-12,0.0,2.7723532604361196e-12,2.7723532604361196e-12,2.7723532604361196e-12,False,7.447979723388024e-06,2.6766549999592826,320.0,16.0,,,
single_step,equal_fe,cstr,WOA,24,25.0,20.0,1.0,1.0,-2.7723532604361196e-12,-1.8916804424140568e-14,2.753436456011979e-12,2.753436456011979e-12,2.753436456011979e-12,False,7.449288680953619e-06,2.666368003701791,320.0,16.0,,,
single_step,equal_fe,cstr,WOA,25,25.0,20.0,1.0,1.0,-2.7723532604361196e-12,0.0,2.7723532604361196e-12,2.7723532604361196e-12,2.7723532604361196e-12,False,7.447979723388024e-06,2.6191270007984713,320.0,16.0,,,
single_step,equal_fe,cstr,WOA,26,25.0,20.0,1.0,1.0,-2.7723532604361196e-12,0.0,2.7723532604361196e-12,2.7723532604361196e-12,2.7723532604361196e-12,False,7.447979723388024e-06,2.609892006148584,320.0,16.0,,,
single_step,equal_fe,cstr,WOA,27,25.0,20.0,1.0,1.0,-2.7723532604361196e-12,0.0,2.7723532604361196e-12,2.7723532604361196e-12,2.7723532604361196e-12,False,7.447979723388024e-06,2.628585003549233,320.0,16.0,,,
single_step,equal_fe,cstr,WOA,28,25.0,20.0,1.0,1.0,-2.7723532604361196e-12,0.0,2.7723532604361196e-12,2.7723532604361196e-12,2.7723532604361196e-12,False,7.447979723388024e-06,2.6246449997415766,320.0,16.0,,,
single_step,equal_fe,cstr,WOA,29,25.0,20.0,1.0,1.0,-2.7723532604361196e-12,0.0,2.7723532604361196e-12,2.7723532604361196e-12,2.7723532604361196e-12,False,7.447979723388024e-06,2.6556090015219525,320.0,16.0,,,
single_step,equal_fe,cstr,WOA,30,25.0,20.0,1.0,1.0,-2.7723532604361196e-12,0.0,2.7723532604361196e-12,2.7723532604361196e-12,2.7723532604361196e-12,False,7.447979723388024e-06,2.611877993331291,320.0,16.0,,,
single_step,equal_fe,cstr,WOA,31,25.0,20.0,1.0,1.0,-2.7723532604361196e-12,-7.502471989030375e-14,2.6973285405458157e-12,2.6973285405458157e-12,2.6973285405458157e-12,False,7.460781010441259e-06,2.620875005959533,320.0,16.0,,,
single_step,equal_fe,cstr,WOA,32,25.0,20.0,1.0,1.0,-2.7723532604361196e-12,0.0,2.7723532604361196e-12,2.7723532604361196e-12,2.7723532604361196e-12,False,7.447979723388024e-06,2.6169579941779375,320.0,16.0,,,
single_step,equal_fe,cstr,WOA,33,25.0,20.0,1.0,1.0,-2.7723532604361196e-12,0.0,2.7723532604361196e-12,2.7723532604361196e-12,2.7723532604361196e-12,False,7.447979723388024e-06,2.634867007145658,320.0,16.0,,,
single_step,equal_fe,cstr,WOA,34,25.0,20.0,1.0,1.0,-2.7723532604361196e-12,0.0,2.7723532604361196e-12,2.7723532604361196e-12,2.7723532604361196e-12,False,7.447979723388024e-06,2.622721003717743,320.0,16.0,,,
single_step,equal_fe,cstr,WOA,35,25.0,20.0,1.0,1.0,-2.7723532604361196e-12,0.0,2.7723532604361196e-12,2.7723532604361196e-12,2.7723532604361196e-12,False,7.447979723388024e-06,2.621660998556763,320.0,16.0,,,
single_step,equal_fe,cstr,WOA,36,25.0,20.0,1.0,1.0,-2.7723532604361196e-12,0.0,2.7723532604361196e-12,2.7723532604361196e-12,2.7723532604361196e-12,False,7.447979723388024e-06,2.6514030032558367,320.0,16.0,,,
single_step,equal_fe,cstr,WOA,37,25.0,20.0,1.0,1.0,-2.7723532604361196e-12,0.0,2.7723532604361196e-12,2.7723532604361196e-12,2.7723532604361196e-12,False,7.447979723388024e-06,2.6246479974361137,320.0,16.0,,,
single_step,equal_fe,cstr,WOA,38,25.0,20.0,1.0,1.0,-2.7723532604361196e-12,0.0,2.7723532604361196e-12,2.7723532604361196e-12,2.7723532604361196e-12,False,7.447979723388024e-06,2.6474259939277545,320.0,16.0,,,
single_step,equal_fe,cstr,WOA,39,25.0,20.0,1.0,1.0,-2.7723532604361196e-12,0.0,2.7723532604361196e-12,2.7723532604361196e-12,2.7723532604361196e-12,False,7.447979723388024e-06,2.632206989801489,320.0,16.0,,,
single_step,equal_fe,cstr,WOA,40,25.0,20.0,1.0,1.0,-2.7723532604361196e-12,0.0,2.7723532604361196e-12,2.7723532604361196e-12,2.7723532604361196e-12,False,7.447979723388024e-06,2.7155020070495084,320.0,16.0,,,
single_step,equal_fe,cstr,WOA,41,25.0,20.0,1.0,1.0,-2.7723532604361196e-12,0.0,2.7723532604361196e-12,2.7723532604361196e-12,2.7723532604361196e-12,False,7.447979723388024e-06,2.789345002383925,320.0,16.0,,,
single_step,equal_fe,cstr,WOA,42,25.0,20.0,1.0,1.0,-2.7723532604361196e-12,0.0,2.7723532604361196e-12,2.7723532604361196e-12,2.7723532604361196e-12,False,7.447979723388024e-06,2.672561997314915,320.0,16.0,,,
single_step,equal_fe,cstr,WOA,43,25.0,20.0,1.0,1.0,-2.7723532604361196e-12,-5.728775303181197e-14,2.7150655074043076e-12,2.7150655074043076e-12,2.7150655074043076e-12,False,7.460831877578734e-06,2.665466003236361,320.0,16.0,,,
single_step,equal_fe,cstr,WOA,44,25.0,20.0,1.0,1.0,-2.7723532604361196e-12,0.0,2.7723532604361196e-12,2.7723532604361196e-12,2.7723532604361196e-12,False,7.447979723388024e-06,2.595607002149336,320.0,16.0,,,
single_step,equal_fe,cstr,WOA,45,25.0,20.0,1.0,1.0,-2.7723532604361196e-12,0.0,2.7723532604361196e-12,2.7723532604361196e-12,2.7723532604361196e-12,False,7.447979723388024e-06,2.6171439967583865,320.0,16.0,,,
single_step,equal_fe,cstr,WOA,46,25.0,20.0,1.0,1.0,-2.7723532604361196e-12,-7.130837400532553e-14,2.701044886430794e-12,2.701044886430794e-12,2.701044886430794e-12,False,7.457748571301281e-06,2.6258519937982783,320.0,16.0,,,
single_step,equal_fe,cstr,WOA,47,25.0,20.0,1.0,1.0,-2.7723532604361196e-12,0.0,2.7723532604361196e-12,2.7723532604361196e-12,2.7723532604361196e-12,False,7.447979723388024e-06,2.6762710040202364,320.0,16.0,,,
single_step,equal_fe,cstr,WOA,48,25.0,20.0,1.0,1.0,-2.7723532604361196e-12,-6.579206191740424e-14,2.7065611985187154e-12,2.7065611985187154e-12,2.7065611985187154e-12,False,7.472169100227341e-06,2.672378992429003,320.0,16.0,,,
single_step,equal_fe,cstr,WOA,49,25.0,20.0,1.0,1.0,-2.7723532604361196e-12,0.0,2.7723532604361196e-12,2.7723532604361196e-12,2.7723532604361196e-12,False,7.447979723388024e-06,2.6469339936738834,320.0,16.0,,,
closed_loop,equal_fe,cstr,QP,0,,,,,,,,,,,,0.8227071701548994,29.52,,0.2941525546770811,0.2941525546770811,100.0
closed_loop,equal_fe,cstr,SGO,0,,,,,,,,,,,,6.5159876507823355,512.8,,0.29411339731921277,0.29411339731921277,100.0
closed_loop,equal_fe,cstr,SGO,1,,,,,,,,,,,,5.653527289541671,450.4,,0.29387196872408494,0.29387196872408494,100.0
closed_loop,equal_fe,cstr,SGO,2,,,,,,,,,,,,5.401939740404487,425.84,,0.29445047165169486,0.29445047165169486,100.0
closed_loop,equal_fe,cstr,SGO,3,,,,,,,,,,,,5.975540190411266,474.34,,0.29418067981799495,0.29418067981799495,100.0
closed_loop,equal_fe,cstr,SGO,4,,,,,,,,,,,,5.525729960063472,435.5,,0.29503398004634845,0.29503398004634845,100.0
closed_loop,equal_fe,cstr,SGO,5,,,,,,,,,,,,5.0031540598138236,395.96,,0.29392973051267696,0.29392973051267696,100.0
closed_loop,equal_fe,cstr,SGO,6,,,,,,,,,,,,5.469758039689623,432.02,,0.2940697574258644,0.2940697574258644,100.0
closed_loop,equal_fe,cstr,SGO,7,,,,,,,,,,,,6.674134159402456,526.1,,0.29391159556236035,0.29391159556236035,100.0
closed_loop,equal_fe,cstr,SGO,8,,,,,,,,,,,,5.422533699165797,432.4,,0.296462070573793,0.296462070573793,100.0
closed_loop,equal_fe,cstr,SGO,9,,,,,,,,,,,,6.095630290074041,483.4,,0.29433343520627436,0.29433343520627436,100.0
closed_loop,equal_fe,cstr,SGO,10,,,,,,,,,,,,6.627598990162369,519.02,,0.29408647297962964,0.29408647297962964,100.0
closed_loop,equal_fe,cstr,SGO,11,,,,,,,,,,,,6.304311990388669,497.24,,0.29433659674387236,0.29433659674387236,100.0
closed_loop,equal_fe,cstr,SGO,12,,,,,,,,,,,,5.16849557927344,394.26,,0.2951668025798897,0.2951668025798897,100.0
closed_loop,equal_fe,cstr,SGO,13,,,,,,,,,,,,5.219683639734285,417.16,,0.2945508089491283,0.2945508089491283,100.0
closed_loop,equal_fe,cstr,SGO,14,,,,,,,,,,,,5.364211500273086,426.58,,0.30090000900635683,0.30090000900635683,100.0
closed_loop,equal_fe,cstr,SGO,15,,,,,,,,,,,,6.114984679443296,481.6,,0.2943702105318188,0.2943702105318188,100.0
closed_loop,equal_fe,cstr,SGO,16,,,,,,,,,,,,5.716797049390152,454.0,,0.294184668965905,0.294184668965905,100.0
closed_loop,equal_fe,cstr,SGO,17,,,,,,,,,,,,5.094230490067275,406.08,,0.29430661281422066,0.29430661281422066,100.0
closed_loop,equal_fe,cstr,SGO,18,,,,,,,,,,,,5.999552619905444,460.74,,0.29440803709899827,0.29440803709899827,100.0
closed_loop,equal_fe,cstr,SGO,19,,,,,,,,,,,,5.2020485801040195,404.72,,0.2941141517235447,0.2941141517235447,100.0
closed_loop,equal_fe,cstr,GWO,0,,,,,,,,,,,,5.5917098399368115,385.2,,0.29414960854429967,0.29414960854429967,100.0
closed_loop,equal_fe,cstr,GWO,1,,,,,,,,,,,,5.565186069288757,378.8,,0.2941497318328198,0.2941497318328198,100.0
closed_loop,equal_fe,cstr,GWO,2,,,,,,,,,,,,5.35232389025623,367.6,,0.2941330729976578,0.2941330729976578,100.0
closed_loop,equal_fe,cstr,GWO,3,,,,,,,,,,,,5.641998469945975,385.0,,0.2941363235284298,0.2941363235284298,100.0
closed_loop,equal_fe,cstr,GWO,4,,,,,,,,,,,,5.837319858983392,393.2,,0.2941553525069901,0.2941553525069901,100.0
closed_loop,equal_fe,cstr,GWO,5,,,,,,,,,,,,5.853395319427364,395.4,,0.2941683381300874,0.2941683381300874,100.0
closed_loop,equal_fe,cstr,GWO,6,,,,,,,,,,,,6.047493529913481,409.0,,0.29415917302681366,0.29415917302681366,100.0
closed_loop,equal_fe,cstr,GWO,7,,,,,,,,,,,,5.835397820046637,393.6,,0.2941160272890232,0.2941160272890232,100.0
closed_loop,equal_fe,cstr,GWO,8,,,,,,,,,,,,5.6883622804889455,388.6,,0.29416787963682917,0.29416787963682917,100.0
closed_loop,equal_fe,cstr,GWO,9,,,,,,,,,,,,5.62088363833027,381.0,,0.29415783374304355,0.29415783374304355,100.0
closed_loop,equal_fe,cstr,GWO,10,,,,,,,,,,,,5.597914370446233,382.8,,0.29416472203190513,0.29416472203190513,100.0
closed_loop,equal_fe,cstr,GWO,11,,,,,,,,,,,,5.739799831062555,391.2,,0.29414879491384943,0.29414879491384943,100.0
closed_loop,equal_fe,cstr,GWO,12,,,,,,,,,,,,5.532135999528691,380.2,,0.2942130531456048,0.2942130531456048,100.0
closed_loop,equal_fe,cstr,GWO,13,,,,,,,,,,,,5.83128827100154,392.6,,0.2941467660776108,0.2941467660776108,100.0
closed_loop,equal_fe,cstr,GWO,14,,,,,,,,,,,,5.83103108976502,396.2,,0.2941640991163218,0.2941640991163218,100.0
closed_loop,equal_fe,cstr,GWO,15,,,,,,,,,,,,5.568486480915453,383.0,,0.2941279110622808,0.2941279110622808,100.0
closed_loop,equal_fe,cstr,GWO,16,,,,,,,,,,,,5.871071509609465,396.4,,0.2941636184297033,0.2941636184297033,100.0
closed_loop,equal_fe,cstr,GWO,17,,,,,,,,,,,,5.70025230947067,392.8,,0.29415380056487317,0.29415380056487317,100.0
closed_loop,equal_fe,cstr,GWO,18,,,,,,,,,,,,5.655334999464685,395.0,,0.29414058846042845,0.29414058846042845,100.0
closed_loop,equal_fe,cstr,GWO,19,,,,,,,,,,,,5.681572500034235,392.0,,0.29413787523957735,0.29413787523957735,100.0
closed_loop,equal_fe,cstr,PSO,0,,,,,,,,,,,,1.6183114190062042,417.0,,0.29413134724710877,0.29413134724710877,100.0
closed_loop,equal_fe,cstr,PSO,1,,,,,,,,,,,,1.735724349564407,448.0,,0.29415990868269265,0.29415990868269265,100.0
closed_loop,equal_fe,cstr,PSO,2,,,,,,,,,,,,1.5724552898609545,410.0,,0.2941488814983914,0.2941488814983914,100.0
closed_loop,equal_fe,cstr,PSO,3,,,,,,,,,,,,1.5969758204300888,416.8,,0.29413887561955077,0.29413887561955077,100.0
closed_loop,equal_fe,cstr,PSO,4,,,,,,,,,,,,1.6344954102532938,430.8,,0.29417412264201154,0.29417412264201154,100.0
closed_loop,equal_fe,cstr,PSO,5,,,,,,,,,,,,1.5048994906828739,390.8,,0.2941615941623254,0.2941615941623254,100.0
closed_loop,equal_fe,cstr,PSO,6,,,,,,,,,,,,1.4878224994754419,388.6,,0.29418144764289605,0.29418144764289605,100.0
closed_loop,equal_fe,cstr,PSO,7,,,,,,,,,,,,1.6063335095532238,421.4,,0.2942945873287738,0.2942945873287738,100.0
closed_loop,equal_fe,cstr,PSO,8,,,,,,,,,,,,1.446431189251598,378.8,,0.29416967319562815,0.29416967319562815,100.0
closed_loop,equal_fe,cstr,PSO,9,,,,,,,,,,,,1.5895816693955567,420.4,,0.2941518881261811,0.2941518881261811,100.0
closed_loop,equal_fe,cstr,PSO,10,,,,,,,,,,,,1.8451708601787686,489.6,,0.29414846386782684,0.29414846386782684,100.0
closed_loop,equal_fe,cstr,PSO,11,,,,,,,,,,,,1.4697943595820107,381.6,,0.29415047061280364,0.29415047061280364,100.0
closed_loop,equal_fe,cstr,PSO,12,,,,,,,,,,,,1.6351174590818118,396.2,,0.2941470199075266,0.2941470199075266,100.0
closed_loop,equal_fe,cstr,PSO,13,,,,,,,,,,,,1.69241789059015,426.2,,0.2941676555209591,0.2941676555209591,100.0
closed_loop,equal_fe,cstr,PSO,14,,,,,,,,,,,,1.76067840133328,451.0,,0.29417491251269934,0.29417491251269934,100.0
closed_loop,equal_fe,cstr,PSO,15,,,,,,,,,,,,1.585197679232806,413.8,,0.294135565492195,0.294135565492195,100.0
closed_loop,equal_fe,cstr,PSO,16,,,,,,,,,,,,1.7530085306498222,453.6,,0.2941544395130855,0.2941544395130855,100.0
closed_loop,equal_fe,cstr,PSO,17,,,,,,,,,,,,1.5425167499051895,399.6,,0.2941501459003159,0.2941501459003159,100.0
closed_loop,equal_fe,cstr,PSO,18,,,,,,,,,,,,1.4586271093867254,378.4,,0.29414941246282694,0.29414941246282694,100.0
closed_loop,equal_fe,cstr,PSO,19,,,,,,,,,,,,1.8010474703623913,463.4,,0.2941607280838051,0.2941607280838051,100.0
closed_loop,equal_fe,cstr,WOA,0,,,,,,,,,,,,4.248131549975369,527.2,,0.29415389995122443,0.29415389995122443,100.0
closed_loop,equal_fe,cstr,WOA,1,,,,,,,,,,,,4.067305460048374,500.0,,0.2946910972924595,0.2946910972924595,100.0
closed_loop,equal_fe,cstr,WOA,2,,,,,,,,,,,,4.016632410057355,494.6,,0.2941529109145577,0.2941529109145577,100.0
closed_loop,equal_fe,cstr,WOA,3,,,,,,,,,,,,4.463787009881344,544.4,,0.29415275639860805,0.29415275639860805,100.0
closed_loop,equal_fe,cstr,WOA,4,,,,,,,,,,,,4.79056375043001,582.2,,0.29452250735126256,0.29452250735126256,100.0
closed_loop,equal_fe,cstr,WOA,5,,,,,,,,,,,,4.151573819690384,513.6,,0.29462054707574714,0.29462054707574714,100.0
closed_loop,equal_fe,cstr,WOA,6,,,,,,,,,,,,4.522827631299151,555.6,,0.29475675181227207,0.29475675181227207,100.0
closed_loop,equal_fe,cstr,WOA,7,,,,,,,,,,,,4.181607799255289,509.8,,0.29415318192944795,0.29415318192944795,100.0
closed_loop,equal_fe,cstr,WOA,8,,,,,,,,,,,,3.9721646698308177,485.4,,0.2941524657939794,0.2941524657939794,100.0
closed_loop,equal_fe,cstr,WOA,9,,,,,,,,,,,,4.488087760255439,554.0,,0.2946381181582838,0.2946381181582838,100.0
closed_loop,equal_fe,cstr,WOA,10,,,,,,,,,,,,4.285275240545161,528.8,,0.29415260974119806,0.29415260974119806,100.0
closed_loop,equal_fe,cstr,WOA,11,,,,,,,,,,,,4.358128929598024,536.2,,0.29415217186526565,0.29415217186526565,100.0
closed_loop,equal_fe,cstr,WOA,12,,,,,,,,,,,,4.081152070575627,507.4,,0.2941524544683261,0.2941524544683261,100.0
closed_loop,equal_fe,cstr,WOA,13,,,,,,,,,,,,4.294763319485355,534.6,,0.2941535786809436,0.2941535786809436,100.0
closed_loop,equal_fe,cstr,WOA,14,,,,,,,,,,,,4.37399216927588,537.2,,0.294152540925096,0.294152540925096,100.0
closed_loop,equal_fe,cstr,WOA,15,,,,,,,,,,,,4.512130698130932,551.4,,0.29479873497691966,0.29479873497691966,100.0
closed_loop,equal_fe,cstr,WOA,16,,,,,,,,,,,,4.69155415034038,576.0,,0.29415472427752726,0.29415472427752726,100.0
closed_loop,equal_fe,cstr,WOA,17,,,,,,,,,,,,4.5452041100361384,560.2,,0.2947203213392737,0.2947203213392737,100.0
closed_loop,equal_fe,cstr,WOA,18,,,,,,,,,,,,4.634483600239037,572.6,,0.2956207704545302,0.2956207704545302,100.0
closed_loop,equal_fe,cstr,WOA,19,,,,,,,,,,,,4.516794509108877,567.0,,0.2956147476644707,0.2956147476644707,100.0
single_step,equal_fe,flight,SGO,0,37.0,20.0,1.0,1.0,-0.026171676917801118,-0.02617138990454165,2.87013259468033e-07,2.87013259468033e-07,2.87013259468033e-07,False,0.003953926298587623,13.426849996903911,1000.0,49.0,,,
single_step,equal_fe,flight,SGO,1,37.0,20.0,1.0,1.0,-0.026171676917801118,-0.026132210678079484,3.946623972163332e-05,3.946623972163332e-05,3.946623972163332e-05,False,0.041773668283828044,7.547230998170562,578.0,26.0,,,
single_step,equal_fe,flight,SGO,2,37.0,20.0,1.0,1.0,-0.026171676917801118,-0.026165839507757412,5.837410043705443e-06,5.837410043705443e-06,5.837410043705443e-06,False,0.010178285053518548,12.213599009555764,812.0,39.0,,,
single_step,equal_fe,flight,SGO,3,37.0,20.0,1.0,1.0,-0.026171676917801118,-0.02614532196681852,2.635495098259749e-05,2.635495098259749e-05,2.635495098259749e-05,False,0.03643379575426929,15.643049991922453,1000.0,50.0,,,
single_step,equal_fe,flight,SGO,4,37.0,20.0,1.0,1.0,-0.026171676917801118,-0.026163543741139546,8.133176661571234e-06,8.133176661571234e-06,8.133176661571234e-06,False,0.008589490394260492,16.05775200005155,990.0,48.0,,,
single_step,equal_fe,flight,SGO,5,37.0,20.0,1.0,1.0,-0.026171676917801118,-0.026150265501675235,2.141141612588271e-05,2.141141612588271e-05,2.141141612588271e-05,False,0.029217182654463252,12.811174005037174,788.0,38.0,,,
single_step,equal_fe,flight,SGO,6,37.0,20.0,1.0,1.0,-0.026171676917801118,-0.026166934200077666,4.742717723452139e-06,4.742717723452139e-06,4.742717723452139e-06,False,0.015683362288676568,14.0740010101581,1000.0,49.0,,,
single_step,equal_fe,flight,SGO,7,37.0,20.0,1.0,1.0,-0.026171676917801118,-0.026169490920329695,2.185997471423201e-06,2.185997471423201e-06,2.185997471423201e-06,False,0.010630331844573255,8.068181996350177,592.0,28.0,,,
single_step,equal_fe,flight,SGO,8,37.0,20.0,1.0,1.0,-0.026171676917801118,-0.026167788380967158,3.888536833959733e-06,3.888536833959733e-06,3.888536833959733e-06,False,0.009477917655583135,10.823253003763966,800.0,38.0,,,
single_step,equal_fe,flight,SGO,9,37.0,20.0,1.0,1.0,-0.026171676917801118,-0.02616161370112305,1.0063216678068976e-05,1.0063216678068976e-05,1.0063216678068976e-05,False,0.012452605663172285,12.014485997497104,910.0,44.0,,,
single_step,equal_fe,flight,SGO,10,37.0,20.0,1.0,1.0,-0.026171676917801118,-0.02616690482443879,4.7720933623283945e-06,4.7720933623283945e-06,4.7720933623283945e-06,False,0.014202138043027482,6.965770007809624,528.0,26.0,,,
single_step,equal_fe,flight,SGO,11,37.0,20.0,1.0,1.0,-0.026171676917801118,-0.026136789292439108,3.488762536200951e-05,3.488762536200951e-05,3.488762536200951e-05,False,0.038506755502365805,6.55079900752753,498.0,24.0,,,
single_step,equal_fe,flight,SGO,12,37.0,20.0,1.0,1.0,-0.026171676917801118,-0.02617164032287066,3.659493045746198e-08,3.659493045746198e-08,3.659493045746198e-08,False,0.000768913053109322,11.037343996576965,840.0,40.0,,,
single_step,equal_fe,flight,SGO,13,37.0,20.0,1.0,1.0,-0.026171676917801118,-0.02613368433232932,3.7992585471796625e-05,3.7992585471796625e-05,3.7992585471796625e-05,False,0.02426818166922067,13.064054001006298,1000.0,47.0,,,
single_step,equal_fe,flight,SGO,14,37.0,20.0,1.0,1.0,-0.026171676917801118,-0.026171227555392074,4.493624090433357e-07,4.493624090433357e-07,4.493624090433357e-07,False,0.001921985805847238,10.817515998496674,832.0,41.0,,,
single_step,equal_fe,flight,SGO,15,37.0,20.0,1.0,1.0,-0.026171676917801118,-0.026164357428707267,7.319489093850912e-06,7.319489093850912e-06,7.319489093850912e-06,False,0.01957297163945097,12.779487005900592,1000.0,48.0,,,
single_step,equal_fe,flight,SGO,16,37.0,20.0,1.0,1.0,-0.026171676917801118,-0.026170428224699775,1.2486931013425129e-06,1.2486931013425129e-06,1.2486931013425129e-06,False,0.007158086236953375,11.51889500033576,910.0,44.0,,,
single_step,equal_fe,flight,SGO,17,37.0,20.0,1.0,1.0,-0.026171676917801118,-0.026136027669745394,3.5649248055723975e-05,3.5649248055723975e-05,3.5649248055723975e-05,False,0.04448277416749686,10.333566999179311,818.0,39.0,,,
single_step,equal_fe,flight,SGO,18,37.0,20.0,1.0,1.0,-0.026171676917801118,-0.02614517228010618,2.6504637694938632e-05,2.6504637694938632e-05,2.6504637694938632e-05,False,0.03656171876429596,8.59268000931479,668.0,32.0,,,
single_step,equal_fe,flight,SGO,19,37.0,20.0,1.0,1.0,-0.026171676917801118,-0.02615915088945866,1.2526028342459139e-05,1.2526028342459139e-05,1.2526028342459139e-05,False,0.026373924690297812,9.77528300427366,782.0,37.0,,,
single_step,equal_fe,flight,SGO,20,37.0,20.0,1.0,1.0,-0.026171676917801118,-0.026154098335745335,1.7578582055782777e-05,1.7578582055782777e-05,1.7578582055782777e-05,False,0.012410346766263736,8.991941009298898,700.0,35.0,,,
single_step,equal_fe,flight,SGO,21,37.0,20.0,1.0,1.0,-0.026171676917801118,-0.02616858428484124,3.092632959878633e-06,3.092632959878633e-06,3.092632959878633e-06,False,0.01257837858422285,9.680752002168447,768.0,37.0,,,
single_step,equal_fe,flight,SGO,22,37.0,20.0,1.0,1.0,-0.026171676917801118,-0.026170287027074943,1.3898907261743199e-06,1.3898907261743199e-06,1.3898907261743199e-06,False,0.005848069457877529,12.737990007735789,1000.0,47.0,,,
single_step,equal_fe,flight,SGO,23,37.0,20.0,1.0,1.0,-0.026171676917801118,-0.026130645388719155,4.103152908196267e-05,4.103152908196267e-05,4.103152908196267e-05,False,0.037280768583105785,12.369821997708641,946.0,46.0,,,
single_step,equal_fe,flight,SGO,24,37.0,20.0,1.0,1.0,-0.026171676917801118,-0.026135126133886216,3.655078391490152e-05,3.655078391490152e-05,3.655078391490152e-05,False,0.016802046942045675,11.377742994227447,876.0,43.0,,,
single_step,equal_fe,flight,SGO,25,37.0,20.0,1.0,1.0,-0.026171676917801118,-0.026171059468510408,6.174492907101703e-07,6.174492907101703e-07,6.174492907101703e-07,False,0.004384050344032458,13.052620997768827,1000.0,50.0,,,
single_step,equal_fe,flight,SGO,26,37.0,20.0,1.0,1.0,-0.026171676917801118,-0.026157391882462293,1.4285035338824914e-05,1.4285035338824914e-05,1.4285035338824914e-05,False,0.02793789080881981,9.836109005846083,760.0,36.0,,,
single_step,equal_fe,flight,SGO,27,37.0,20.0,1.0,1.0,-0.026171676917801118,-0.02615597086025632,1.5706057544796065e-05,1.5706057544796065e-05,1.5706057544796065e-05,False,0.019735478065658067,11.069582993513905,858.0,43.0,,,
single_step,equal_fe,flight,SGO,28,37.0,20.0,1.0,1.0,-0.026171676917801118,-0.026170081111618487,1.5958061826311376e-06,1.5958061826311376e-06,1.5958061826311376e-06,False,0.006138338360147827,12.85275501140859,1000.0,50.0,,,
single_step,equal_fe,flight,SGO,29,37.0,20.0,1.0,1.0,-0.026171676917801118,-0.026141148178603704,3.05287391974135e-05,3.05287391974135e-05,3.05287391974135e-05,False,0.01796199075299131,10.244409000733867,780.0,37.0,,,
single_step,equal_fe,flight,SGO,30,37.0,20.0,1.0,1.0,-0.026171676917801118,-0.02614612906248683,2.554785531428891e-05,2.554785531428891e-05,2.554785531428891e-05,False,0.0371418801247684,11.789443000452593,916.0,45.0,,,
single_step,equal_fe,flight,SGO,31,37.0,20.0,1.0,1.0,-0.026171676917801118,-0.026167019374969527,4.657542831590367e-06,4.657542831590367e-06,4.657542831590367e-06,False,0.014838826148825828,13.08422299916856,1000.0,48.0,,,
single_step,equal_fe,flight,SGO,32,37.0,20.0,1.0,1.0,-0.026171676917801118,-0.026170192381080943,1.4845367201747617e-06,1.4845367201747617e-06,1.4845367201747617e-06,False,0.003382204015978104,12.716905999695882,1000.0,49.0,,,
single_step,equal_fe,flight,SGO,33,37.0,20.0,1.0,1.0,-0.026171676917801118,-0.02599536792722501,0.00017630899057610727,0.00017630899057610727,0.00017630899057610727,False,0.09660133040953735,6.360757994116284,492.0,23.0,,,
single_step,equal_fe,flight,SGO,34,37.0,20.0,1.0,1.0,-0.026171676917801118,-0.026170772053800386,9.048640007315589e-07,9.048640007315589e-07,9.048640007315589e-07,False,0.002819005520077835,11.462574999313802,920.0,44.0,,,
single_step,equal_fe,flight,SGO,35,37.0,20.0,1.0,1.0,-0.026171676917801118,-0.02616140559970345,1.027131809766893e-05,1.027131809766893e-05,1.027131809766893e-05,False,0.019418492901151177,12.478040007408708,1000.0,48.0,,,
single_step,equal_fe,flight,SGO,36,37.0,20.0,1.0,1.0,-0.026171676917801118,-0.026171208851632766,4.6806616835204373e-07,4.6806616835204373e-07,4.6806616835204373e-07,False,0.005101095695482072,12.722019004286267,1000.0,47.0,,,
single_step,equal_fe,flight,SGO,37,37.0,20.0,1.0,1.0,-0.026171676917801118,-0.026159760888586018,1.1916029215099794e-05,1.1916029215099794e-05,1.1916029215099794e-05,False,0.01745644299893118,12.768629007041454,1000.0,48.0,,,
single_step,equal_fe,flight,SGO,38,37.0,20.0,1.0,1.0,-0.026171676917801118,-0.02616760521905913,4.071698741989205e-06,4.071698741989205e-06,4.071698741989205e-06,False,0.01491040348570801,12.855342996772379,1000.0,48.0,,,
single_step,equal_fe,flight,SGO,39,37.0,20.0,1.0,1.0,-0.026171676917801118,-0.026167521462727307,4.15545507381071e-06,4.15545507381071e-06,4.15545507381071e-06,False,0.00795411013399682,12.66218299861066,970.0,46.0,,,
single_step,equal_fe,flight,SGO,40,37.0,20.0,1.0,1.0,-0.026171676917801118,-0.026168680467667686,2.996450133432166e-06,2.996450133432166e-06,2.996450133432166e-06,False,0.0128819713821616,13.46248498884961,1000.0,49.0,,,
single_step,equal_fe,flight,SGO,41,37.0,20.0,1.0,1.0,-0.026171676917801118,-0.026166098255320624,5.578662480493213e-06,5.578662480493213e-06,5.578662480493213e-06,False,0.01423106536259639,13.152868996257894,1000.0,49.0,,,
single_step,equal_fe,flight,SGO,42,37.0,20.0,1.0,1.0,-0.026171676917801118,-0.02616796746927091,3.7094485302070768e-06,3.7094485302070768e-06,3.7094485302070768e-06,False,0.012115041811212427,11.7716740060132,886.0,43.0,,,
single_step,equal_fe,flight,SGO,43,37.0,20.0,1.0,1.0,-0.026171676917801118,-0.02616901022844882,2.6666893522993285e-06,2.6666893522993285e-06,2.6666893522993285e-06,False,0.011929308356608152,11.098753995611332,834.0,41.0,,,
single_step,equal_fe,flight,SGO,44,37.0,20.0,1.0,1.0,-0.026171676917801118,-0.026171535362204658,1.415555964598414e-07,1.415555964598414e-07,1.415555964598414e-07,False,0.0015871626317441254,12.929938005981967,968.0,47.0,,,
single_step,equal_fe,flight,SGO,45,37.0,20.0,1.0,1.0,-0.026171676917801118,-0.026166918228351717,4.758689449400888e-06,4.758689449400888e-06,4.758689449400888e-06,False,0.007752355062407871,12.666682989220135,1000.0,46.0,,,
single_step,equal_fe,flight,SGO,46,37.0,20.0,1.0,1.0,-0.026171676917801118,-0.026130473830587087,4.120308721403121e-05,4.120308721403121e-05,4.120308721403121e-05,False,0.017980774534046923,8.045825001318008,628.0,30.0,,,
single_step,equal_fe,flight,SGO,47,37.0,20.0,1.0,1.0,-0.026171676917801118,-0.025972631927246373,0.00019904499055474478,0.00019904499055474478,0.00019904499055474478,False,0.10394137066476784,6.057803999283351,486.0,23.0,,,
single_step,equal_fe,flight,SGO,48,37.0,20.0,1.0,1.0,-0.026171676917801118,-0.02615163777282305,2.003914497806722e-05,2.003914497806722e-05,2.003914497806722e-05,False,0.01241512024988383,10.871845996007323,832.0,41.0,,,
single_step,equal_fe,flight,SGO,49,37.0,20.0,1.0,1.0,-0.026171676917801118,-0.02614094937955034,3.072753825077851e-05,3.072753825077851e-05,3.072753825077851e-05,False,0.03993352780500749,9.194995000143535,734.0,35.0,,,
single_step,equal_fe,flight,GWO,0,37.0,20.0,1.0,1.0,-0.026171676917801118,-0.02617106094509306,6.159727080588817e-07,6.159727080588817e-07,6.159727080588817e-07,False,0.0022384426658864295,11.617821990512311,780.0,38.0,,,
single_step,equal_fe,flight,GWO,1,37.0,20.0,1.0,1.0,-0.026171676917801118,-0.026169039461059564,2.6374567415540784e-06,2.6374567415540784e-06,2.6374567415540784e-06,False,0.007367515402564041,6.3920519896782935,440.0,21.0,,,
single_step,equal_fe,flight,GWO,2,37.0,20.0,1.0,1.0,-0.026171676917801118,-0.026170013399455728,1.663518345389886e-06,1.663518345389886e-06,1.663518345389886e-06,False,0.005825124661641441,11.806751004769467,820.0,40.0,,,
single_step,equal_fe,flight,GWO,3,37.0,20.0,1.0,1.0,-0.026171676917801118,-0.02616775733338196,3.919584419156963e-06,3.919584419156963e-06,3.919584419156963e-06,False,0.010450882572872616,10.533114997087978,720.0,35.0,,,
single_step,equal_fe,flight,GWO,4,37.0,20.0,1.0,1.0,-0.026171676917801118,-0.02616517926881961,6.497648981508564e-06,6.497648981508564e-06,6.497648981508564e-06,False,0.00713532118939862,8.503096003551036,580.0,28.0,,,
single_step,equal_fe,flight,GWO,5,37.0,20.0,1.0,1.0,-0.026171676917801118,-0.026169738190173798,1.9387276273194476e-06,1.9387276273194476e-06,1.9387276273194476e-06,False,0.009738804731279246,11.22365599439945,760.0,37.0,,,
single_step,equal_fe,flight,GWO,6,37.0,20.0,1.0,1.0,-0.026171676917801118,-0.026164214501348298,7.462416452819892e-06,7.462416452819892e-06,7.462416452819892e-06,False,0.01990837512776164,7.639504998223856,520.0,25.0,,,
single_step,equal_fe,flight,GWO,7,37.0,20.0,1.0,1.0,-0.026171676917801118,-0.026170874183261403,8.02734539714911e-07,8.02734539714911e-07,8.02734539714911e-07,False,0.003551784731690141,12.948346993653104,880.0,43.0,,,
single_step,equal_fe,flight,GWO,8,37.0,20.0,1.0,1.0,-0.026171676917801118,-0.02614624555591336,2.5431361887758713e-05,2.5431361887758713e-05,2.5431361887758713e-05,False,0.02028904149450037,7.631073996890336,520.0,25.0,,,
single_step,equal_fe,flight,GWO,9,37.0,20.0,1.0,1.0,-0.026171676917801118,-0.02616859833357913,3.0785842219868687e-06,3.0785842219868687e-06,3.0785842219868687e-06,False,0.01287054647561366,8.254162006778643,560.0,27.0,,,
single_step,equal_fe,flight,GWO,10,37.0,20.0,1.0,1.0,-0.026171676917801118,-0.026170520982031743,1.1559357693743944e-06,1.1559357693743944e-06,1.1559357693743944e-06,False,0.0039054515040540835,9.069113002624363,620.0,30.0,,,
single_step,equal_fe,flight,GWO,11,37.0,20.0,1.0,1.0,-0.026171676917801118,-0.02617165775343993,1.9164361188261925e-08,1.9164361188261925e-08,1.9164361188261925e-08,False,0.0010296284639905134,14.455216994974762,1000.0,49.0,,,
single_step,equal_fe,flight,GWO,12,37.0,20.0,1.0,1.0,-0.026171676917801118,-0.02617166464132403,1.2276477088374316e-08,1.2276477088374316e-08,1.2276477088374316e-08,False,0.00039341844642155736,14.480118989013135,1000.0,49.0,,,
single_step,equal_fe,flight,GWO,13,37.0,20.0,1.0,1.0,-0.026171676917801118,-0.02617134131447761,3.3560332350635047e-07,3.3560332350635047e-07,3.3560332350635047e-07,False,0.0018684886309480932,14.670275995740667,1000.0,49.0,,,
single_step,equal_fe,flight,GWO,14,37.0,20.0,1.0,1.0,-0.026171676917801118,-0.026171621231449553,5.5686351564665504e-08,5.5686351564665504e-08,5.5686351564665504e-08,False,0.001587006704680836,14.500307996058837,1000.0,49.0,,,
single_step,equal_fe,flight,GWO,15,37.0,20.0,1.0,1.0,-0.026171676917801118,-0.026170080487056876,1.5964307442419001e-06,1.5964307442419001e-06,1.5964307442419001e-06,False,0.006570647012695108,12.553741005831398,860.0,42.0,,,
single_step,equal_fe,flight,GWO,16,37.0,20.0,1.0,1.0,-0.026171676917801118,-0.02615913500277975,1.2541915021369032e-05,1.2541915021369032e-05,1.2541915021369032e-05,False,0.013537498684141386,7.222512009320781,500.0,24.0,,,
single_step,equal_fe,flight,GWO,17,37.0,20.0,1.0,1.0,-0.026171676917801118,-0.026153159415017113,1.8517502784004547e-05,1.8517502784004547e-05,1.8517502784004547e-05,False,0.012280262501421963,8.030028999201022,560.0,27.0,,,
single_step,equal_fe,flight,GWO,18,37.0,20.0,1.0,1.0,-0.026171676917801118,-0.02617093872284216,7.381949589588266e-07,7.381949589588266e-07,7.381949589588266e-07,False,0.006382429562992538,14.6442879922688,1000.0,49.0,,,
single_step,equal_fe,flight,GWO,19,37.0,20.0,1.0,1.0,-0.026171676917801118,-0.026165839702145963,5.837215655155048e-06,5.837215655155048e-06,5.837215655155048e-06,False,0.0106420041512224,8.995133001008071,620.0,30.0,,,
single_step,equal_fe,flight,GWO,20,37.0,20.0,1.0,1.0,-0.026171676917801118,-0.026171525837052925,1.5108074819317197e-07,1.5108074819317197e-07,1.5108074819317197e-07,False,0.0011019431088839851,14.768552005989477,1000.0,49.0,,,
single_step,equal_fe,flight,GWO,21,37.0,20.0,1.0,1.0,-0.026171676917801118,-0.02617138790641642,2.890113846992781e-07,2.890113846992781e-07,2.890113846992781e-07,False,0.0014956899950170854,14.63321600749623,1000.0,49.0,,,
single_step,equal_fe,flight,GWO,22,37.0,20.0,1.0,1.0,-0.026171676917801118,-0.026170930981121204,7.459366799140998e-07,7.459366799140998e-07,7.459366799140998e-07,False,0.0033141405158023714,7.830400005332194,540.0,26.0,,,
single_step,equal_fe,flight,GWO,23,37.0,20.0,1.0,1.0,-0.026171676917801118,-0.02616995718050437,1.7197372967486801e-06,1.7197372967486801e-06,1.7197372967486801e-06,False,0.0066293402091764835,8.017768996069208,560.0,27.0,,,
single_step,equal_fe,flight,GWO,24,37.0,20.0,1.0,1.0,-0.026171676917801118,-0.026171590224854862,8.669294625576751e-08,8.669294625576751e-08,8.669294625576751e-08,False,0.0021348484212902266,14.670502991066314,1000.0,49.0,,,
single_step,equal_fe,flight,GWO,25,37.0,20.0,1.0,1.0,-0.026171676917801118,-0.02616521451792225,6.462399878868347e-06,6.462399878868347e-06,6.462399878868347e-06,False,0.007553959370876726,7.957693000207655,540.0,26.0,,,
single_step,equal_fe,flight,GWO,26,37.0,20.0,1.0,1.0,-0.026171676917801118,-0.026157385420519347,1.4291497281770926e-05,1.4291497281770926e-05,1.4291497281770926e-05,False,0.02537078571817332,6.620952000957914,460.0,22.0,,,
single_step,equal_fe,flight,GWO,27,37.0,20.0,1.0,1.0,-0.026171676917801118,-0.02610691618977612,6.476072802499844e-05,6.476072802499844e-05,6.476072802499844e-05,False,0.05062065517680378,5.771110998466611,400.0,19.0,,,
single_step,equal_fe,flight,GWO,28,37.0,20.0,1.0,1.0,-0.026171676917801118,-0.026171252881912237,4.240358888810136e-07,4.240358888810136e-07,4.240358888810136e-07,False,0.004846675046667331,14.949215008527972,1000.0,49.0,,,
single_step,equal_fe,flight,GWO,29,37.0,20.0,1.0,1.0,-0.026171676917801118,-0.026171214668989147,4.622488119707113e-07,4.622488119707113e-07,4.622488119707113e-07,False,0.0030165103354550878,14.784483995754272,1000.0,49.0,,,
single_step,equal_fe,flight,GWO,30,37.0,20.0,1.0,1.0,-0.026171676917801118,-0.026157651069692242,1.4025848108875638e-05,1.4025848108875638e-05,1.4025848108875638e-05,False,0.017175923832283897,8.145992993377149,560.0,27.0,,,
single_step,equal_fe,flight,GWO,31,37.0,20.0,1.0,1.0,-0.026171676917801118,-0.026171487361302877,1.8955649824098364e-07,1.8955649824098364e-07,1.8955649824098364e-07,False,0.0028067938704854018,14.874319997034036,1000.0,49.0,,,
single_step,equal_fe,flight,GWO,32,37.0,20.0,1.0,1.0,-0.026171676917801118,-0.026171419813046007,2.571047551108707e-07,2.571047551108707e-07,2.571047551108707e-07,False,0.00373287681740275,14.624026996898465,1000.0,49.0,,,
single_step,equal_fe,flight,GWO,33,37.0,20.0,1.0,1.0,-0.026171676917801118,-0.026125574594347056,4.61023234540614e-05,4.61023234540614e-05,4.61023234540614e-05,False,0.027059788480449508,5.799851001938805,400.0,19.0,,,
single_step,equal_fe,flight,GWO,34,37.0,20.0,1.0,1.0,-0.026171676917801118,-0.02617159554931986,8.136848125839258e-08,8.136848125839258e-08,8.136848125839258e-08,False,0.0017321785593710916,14.625298994360492,1000.0,49.0,,,
single_step,equal_fe,flight,GWO,35,37.0,20.0,1.0,1.0,-0.026171676917801118,-0.026171578070787564,9.884701355350467e-08,9.884701355350467e-08,9.884701355350467e-08,False,0.002083438992658382,14.852957989205606,1000.0,49.0,,,
single_step,equal_fe,flight,GWO,36,37.0,20.0,1.0,1.0,-0.026171676917801118,-0.026171432515291717,2.444025094007485e-07,2.444025094007485e-07,2.444025094007485e-07,False,0.001413518457505947,14.855579996947199,1000.0,49.0,,,
single_step,equal_fe,flight,GWO,37,37.0,20.0,1.0,1.0,-0.026171676917801118,-0.02617164737472582,2.9543075298621435e-08,2.9543075298621435e-08,2.9543075298621435e-08,False,0.00047631501618184503,14.865920995362103,1000.0,49.0,,,
single_step,equal_fe,flight,GWO,38,37.0,20.0,1.0,1.0,-0.026171676917801118,-0.02617143669934454,2.4021845657778984e-07,2.4021845657778984e-07,2.4021845657778984e-07,False,0.0013834714184072772,14.695303005282767,1000.0,49.0,,,
single_step,equal_fe,flight,GWO,39,37.0,20.0,1.0,1.0,-0.026171676917801118,-0.026165209126981774,6.467790819343622e-06,6.467790819343622e-06,6.467790819343622e-06,False,0.011593653713988395,7.50856900413055,500.0,24.0,,,
single_step,equal_fe,flight,GWO,40,37.0,20.0,1.0,1.0,-0.026171676917801118,-0.026169776933904525,1.8999838965923221e-06,1.8999838965923221e-06,1.8999838965923221e-06,False,0.009287092006668645,10.305180010618642,720.0,35.0,,,
single_step,equal_fe,flight,GWO,41,37.0,20.0,1.0,1.0,-0.026171676917801118,-0.026167645283706204,4.031634094913555e-06,4.031634094913555e-06,4.031634094913555e-06,False,0.01486574885903447,7.837590004783124,540.0,26.0,,,
single_step,equal_fe,flight,GWO,42,37.0,20.0,1.0,1.0,-0.026171676917801118,-0.026159101088081997,1.257582971912058e-05,1.257582971912058e-05,1.257582971912058e-05,False,0.012851194225988549,8.040777000132948,560.0,27.0,,,
single_step,equal_fe,flight,GWO,43,37.0,20.0,1.0,1.0,-0.026171676917801118,-0.026169774469915124,1.9024478859937244e-06,1.9024478859937244e-06,1.9024478859937244e-06,False,0.0038987653998405793,10.773164001875557,740.0,36.0,,,
single_step,equal_fe,flight,GWO,44,37.0,20.0,1.0,1.0,-0.026171676917801118,-0.026169439617517293,2.2373002838242673e-06,2.2373002838242673e-06,2.2373002838242673e-06,False,0.008285164008726073,6.23780200839974,440.0,21.0,,,
single_step,equal_fe,flight,GWO,45,37.0,20.0,1.0,1.0,-0.026171676917801118,-0.026170284306808726,1.3926109923914631e-06,1.3926109923914631e-06,1.3926109923914631e-06,False,0.004920869805236078,10.144877000129782,680.0,33.0,,,
single_step,equal_fe,flight,GWO,46,37.0,20.0,1.0,1.0,-0.026171676917801118,-0.0261685684581096,3.1084596915191554e-06,3.1084596915191554e-06,3.1084596915191554e-06,False,0.004931849550410333,7.369977989583276,500.0,24.0,,,
single_step,equal_fe,flight,GWO,47,37.0,20.0,1.0,1.0,-0.026171676917801118,-0.026171534870782567,1.4204701855036195e-07,1.4204701855036195e-07,1.4204701855036195e-07,False,0.0027761208027886272,15.140596005949192,1000.0,49.0,,,
single_step,equal_fe,flight,GWO,48,37.0,20.0,1.0,1.0,-0.026171676917801118,-0.026159582422854856,1.2094494946261747e-05,1.2094494946261747e-05,1.2094494946261747e-05,False,0.013796185608433592,11.695651002810337,780.0,38.0,,,
single_step,equal_fe,flight,GWO,49,37.0,20.0,1.0,1.0,-0.026171676917801118,-0.026169819013282376,1.8579045187420984e-06,1.8579045187420984e-06,1.8579045187420984e-06,False,0.004325477791960361,8.791157000814565,600.0,29.0,,,
single_step,equal_fe,flight,PSO,0,37.0,20.0,1.0,1.0,-0.026171676917801118,-0.02616714752406201,4.529393739106935e-06,4.529393739106935e-06,4.529393739106935e-06,False,0.015455810183995725,3.8605350127909333,1000.0,51.0,,,
single_step,equal_fe,flight,PSO,1,37.0,20.0,1.0,1.0,-0.026171676917801118,-0.02371241822927215,0.002459258688528969,0.002459258688528969,0.002459258688528969,False,0.2205382056086642,2.2187770082382485,580.0,29.0,,,
single_step,equal_fe,flight,PSO,2,37.0,20.0,1.0,1.0,-0.026171676917801118,-0.024191124849714148,0.00198055206808697,0.00198055206808697,0.00198055206808697,False,0.2818924116012358,1.303833007114008,340.0,17.0,,,
single_step,equal_fe,flight,PSO,3,37.0,20.0,1.0,1.0,-0.026171676917801118,-0.019162714017131155,0.007008962900669963,0.007008962900669963,0.007008962900669963,False,0.6220017152045261,1.3156249915482476,340.0,17.0,,,
single_step,equal_fe,flight,PSO,4,37.0,20.0,1.0,1.0,-0.026171676917801118,-0.026171513663860807,1.6325394031069251e-07,1.6325394031069251e-07,1.6325394031069251e-07,False,0.0029880660771083546,3.8565930008189753,1000.0,51.0,,,
single_step,equal_fe,flight,PSO,5,37.0,20.0,1.0,1.0,-0.026171676917801118,-0.026169589548062658,2.08736973845991e-06,2.08736973845991e-06,2.08736973845991e-06,False,0.004274871061991951,3.869652995490469,1000.0,51.0,,,
single_step,equal_fe,flight,PSO,6,37.0,20.0,1.0,1.0,-0.026171676917801118,-0.026171526797718066,1.5012008305198554e-07,1.5012008305198554e-07,1.5012008305198554e-07,False,0.0015357478860804437,3.866236991598271,1000.0,51.0,,,
single_step,equal_fe,flight,PSO,7,37.0,20.0,1.0,1.0,-0.026171676917801118,-0.02616072150920798,1.0955408593138483e-05,1.0955408593138483e-05,1.0955408593138483e-05,False,0.02428516583433109,3.859678006847389,1000.0,51.0,,,
single_step,equal_fe,flight,PSO,8,37.0,20.0,1.0,1.0,-0.026171676917801118,-0.02617046667496893,1.2102428321864034e-06,1.2102428321864034e-06,1.2102428321864034e-06,False,0.007547215517998318,3.843147002044134,1000.0,51.0,,,
single_step,equal_fe,flight,PSO,9,37.0,20.0,1.0,1.0,-0.026171676917801118,-0.026171250219509792,4.2669829132535586e-07,4.2669829132535586e-07,4.2669829132535586e-07,False,0.004366922097610834,3.828023007372394,1000.0,51.0,,,
single_step,equal_fe,flight,PSO,10,37.0,20.0,1.0,1.0,-0.026171676917801118,-0.02617142072842094,2.5618938017876736e-07,2.5618938017876736e-07,2.5618938017876736e-07,False,0.002811372867307648,3.744037006981671,1000.0,51.0,,,
single_step,equal_fe,flight,PSO,11,37.0,20.0,1.0,1.0,-0.026171676917801118,-0.02616505446198694,6.622455814179334e-06,6.622455814179334e-06,6.622455814179334e-06,False,0.01912822253608236,3.7662579998141155,1000.0,51.0,,,
single_step,equal_fe,flight,PSO,12,37.0,20.0,1.0,1.0,-0.026171676917801118,-0.026171514697512097,1.6222028902113106e-07,1.6222028902113106e-07,1.6222028902113106e-07,False,0.001652674383327585,3.7888630031375214,1000.0,51.0,,,
single_step,equal_fe,flight,PSO,13,37.0,20.0,1.0,1.0,-0.026171676917801118,-0.026171626548877582,5.0368923535520915e-08,5.0368923535520915e-08,5.0368923535520915e-08,False,0.001497664397152644,3.7908490048721433,1000.0,51.0,,,
single_step,equal_fe,flight,PSO,14,37.0,20.0,1.0,1.0,-0.026171676917801118,-0.026170884580326435,7.923374746830747e-07,7.923374746830747e-07,7.923374746830747e-07,False,0.0047106554364368955,3.8376059965230525,1000.0,51.0,,,
single_step,equal_fe,flight,PSO,15,37.0,20.0,1.0,1.0,-0.026171676917801118,-0.02616868116737898,2.9957504221363174e-06,2.9957504221363174e-06,2.9957504221363174e-06,False,0.008147585842853952,3.8578120002057403,1000.0,51.0,,,
single_step,equal_fe,flight,PSO,16,37.0,20.0,1.0,1.0,-0.026171676917801118,-0.026171667751373414,9.166427703682922e-09,9.166427703682922e-09,9.166427703682922e-09,False,0.0005712551825283041,3.857129006064497,1000.0,51.0,,,
single_step,equal_fe,flight,PSO,17,37.0,20.0,1.0,1.0,-0.026171676917801118,-0.026170030550286286,1.6463675148320478e-06,1.6463675148320478e-06,1.6463675148320478e-06,False,0.008487474918579704,3.9042879943735898,1000.0,51.0,,,
single_step,equal_fe,flight,PSO,18,37.0,20.0,1.0,1.0,-0.026171676917801118,-0.026171156227457023,5.206903440947708e-07,5.206903440947708e-07,5.206903440947708e-07,False,0.005240898262724127,3.903193006408401,1000.0,51.0,,,
single_step,equal_fe,flight,PSO,19,37.0,20.0,1.0,1.0,-0.026171676917801118,-0.026171178625627737,4.982921733807932e-07,4.982921733807932e-07,4.982921733807932e-07,False,0.0048783993329971085,3.8540240057045594,1000.0,51.0,,,
single_step,equal_fe,flight,PSO,20,37.0,20.0,1.0,1.0,-0.026171676917801118,-0.02616984845593503,1.8284618660893703e-06,1.8284618660893703e-06,1.8284618660893703e-06,False,0.009537358722569795,3.888519000611268,1000.0,51.0,,,
single_step,equal_fe,flight,PSO,21,37.0,20.0,1.0,1.0,-0.026171676917801118,-0.026171592633502976,8.428429814147376e-08,8.428429814147376e-08,8.428429814147376e-08,False,0.0019996520954988174,3.8443309895228595,1000.0,51.0,,,
single_step,equal_fe,flight,PSO,22,37.0,20.0,1.0,1.0,-0.026171676917801118,-0.02446023826337204,0.001711438654429076,0.001711438654429076,0.001711438654429076,False,0.22740319955370994,1.2464530009310693,320.0,16.0,,,
single_step,equal_fe,flight,PSO,23,37.0,20.0,1.0,1.0,-0.026171676917801118,-0.026171316009267812,3.6090853330547623e-07,3.6090853330547623e-07,3.6090853330547623e-07,False,0.004478035921479946,3.867402992909774,1000.0,51.0,,,
single_step,equal_fe,flight,PSO,24,37.0,20.0,1.0,1.0,-0.026171676917801118,-0.023464155763851025,0.002707521153950093,0.002707521153950093,0.002707521153950093,False,0.27603774531612685,1.3864619977539405,360.0,18.0,,,
single_step,equal_fe,flight,PSO,25,37.0,20.0,1.0,1.0,-0.026171676917801118,-0.026165577744805314,6.099172995804175e-06,6.099172995804175e-06,6.099172995804175e-06,False,0.018028534044731676,3.8913949974812567,1000.0,51.0,,,
single_step,equal_fe,flight,PSO,26,37.0,20.0,1.0,1.0,-0.026171676917801118,-0.024402840368835534,0.0017688365489655841,0.0017688365489655841,0.0017688365489655841,False,0.310122622544905,2.3022319946903735,600.0,30.0,,,
single_step,equal_fe,flight,PSO,27,37.0,20.0,1.0,1.0,-0.026171676917801118,-0.026171222885848465,4.5403195265275587e-07,4.5403195265275587e-07,4.5403195265275587e-07,False,0.005012120830929365,3.866764993290417,1000.0,51.0,,,
single_step,equal_fe,flight,PSO,28,37.0,20.0,1.0,1.0,-0.026171676917801118,-0.026171581693380845,9.522442027259936e-08,9.522442027259936e-08,9.522442027259936e-08,False,0.002289526635563714,3.770708994125016,1000.0,51.0,,,
single_step,equal_fe,flight,PSO,29,37.0,20.0,1.0,1.0,-0.026171676917801118,-0.026170749151563914,9.277662372034201e-07,9.277662372034201e-07,9.277662372034201e-07,False,0.006929624939387543,3.879768992192112,1000.0,51.0,,,
single_step,equal_fe,flight,PSO,30,37.0,20.0,1.0,1.0,-0.026171676917801118,-0.02617061251186142,1.0644059396970607e-06,1.0644059396970607e-06,1.0644059396970607e-06,False,0.007210063214534604,3.8570869946852326,1000.0,51.0,,,
single_step,equal_fe,flight,PSO,31,37.0,20.0,1.0,1.0,-0.026171676917801118,-0.026171664511189196,1.2406611921839117e-08,1.2406611921839117e-08,1.2406611921839117e-08,False,0.0008289643252840461,3.816550990450196,1000.0,51.0,,,
single_step,equal_fe,flight,PSO,32,37.0,20.0,1.0,1.0,-0.026171676917801118,-0.026171462752760104,2.141650410139584e-07,2.141650410139584e-07,2.141650410139584e-07,False,0.003443951429233797,3.7741280102636665,1000.0,51.0,,,
single_step,equal_fe,flight,PSO,33,37.0,20.0,1.0,1.0,-0.026171676917801118,-0.02325911712433829,0.0029125597934628288,0.0029125597934628288,0.0029125597934628288,False,0.15338942904486924,1.4562580035999417,380.0,19.0,,,
single_step,equal_fe,flight,PSO,34,37.0,20.0,1.0,1.0,-0.026171676917801118,-0.026171676161444574,7.56356543368808e-10,7.56356543368808e-10,7.56356543368808e-10,False,0.00016003454540752164,3.833804003079422,1000.0,51.0,,,
single_step,equal_fe,flight,PSO,35,37.0,20.0,1.0,1.0,-0.026171676917801118,-0.02617161019581962,6.672198149884623e-08,6.672198149884623e-08,6.672198149884623e-08,False,0.0019123699162146327,3.7892010004725307,1000.0,51.0,,,
single_step,equal_fe,flight,PSO,36,37.0,20.0,1.0,1.0,-0.026171676917801118,-0.026170984033429177,6.928843719403166e-07,6.928843719403166e-07,6.928843719403166e-07,False,0.006205321040398992,3.8693590031471103,1000.0,51.0,,,
single_step,equal_fe,flight,PSO,37,37.0,20.0,1.0,1.0,-0.026171676917801118,-0.02612308972635642,4.858719144469614e-05,4.858719144469614e-05,4.858719144469614e-05,False,0.04317538468931052,1.772114002960734,460.0,23.0,,,
single_step,equal_fe,flight,PSO,38,37.0,20.0,1.0,1.0,-0.026171676917801118,-0.026170669683877577,1.0072339235410455e-06,1.0072339235410455e-06,1.0072339235410455e-06,False,0.0034219961285686393,3.8380779878934845,1000.0,51.0,,,
single_step,equal_fe,flight,PSO,39,37.0,20.0,1.0,1.0,-0.026171676917801118,-0.026170528733312413,1.1481844887049897e-06,1.1481844887049897e-06,1.1481844887049897e-06,False,0.0070471516277177204,3.8547789881704375,1000.0,51.0,,,
single_step,equal_fe,flight,PSO,40,37.0,20.0,1.0,1.0,-0.026171676917801118,-0.026171648650696513,2.8267104604934312e-08,2.8267104604934312e-08,2.8267104604934312e-08,False,0.0008068448517214887,3.8569860043935478,1000.0,51.0,,,
single_step,equal_fe,flight,PSO,41,37.0,20.0,1.0,1.0,-0.026171676917801118,-0.026171659332686125,1.7585114992640927e-08,1.7585114992640927e-08,1.7585114992640927e-08,False,0.0009888504714418772,3.88387699786108,1000.0,51.0,,,
single_step,equal_fe,flight,PSO,42,37.0,20.0,1.0,1.0,-0.026171676917801118,-0.026168674192436618,3.002725364499581e-06,3.002725364499581e-06,3.002725364499581e-06,False,0.009608263359925338,3.9870990003691986,1000.0,51.0,,,
single_step,equal_fe,flight,PSO,43,37.0,20.0,1.0,1.0,-0.026171676917801118,-0.026158514360823327,1.3162556977790868e-05,1.3162556977790868e-05,1.3162556977790868e-05,False,0.026945247759476456,3.073021987802349,780.0,39.0,,,
single_step,equal_fe,flight,PSO,44,37.0,20.0,1.0,1.0,-0.026171676917801118,-0.026167901700461224,3.7752173398936106e-06,3.7752173398936106e-06,3.7752173398936106e-06,False,0.005400198122446123,3.89908799843397,1000.0,51.0,,,
single_step,equal_fe,flight,PSO,45,37.0,20.0,1.0,1.0,-0.026171676917801118,-0.02617142259170657,2.543260945488124e-07,2.543260945488124e-07,2.543260945488124e-07,False,0.003726396010422642,3.9051470084814355,1000.0,51.0,,,
single_step,equal_fe,flight,PSO,46,37.0,20.0,1.0,1.0,-0.026171676917801118,-0.026171676863813713,5.398740482442932e-11,5.398740482442932e-11,5.398740482442932e-11,False,5.1155997223817677e-05,3.86855099350214,1000.0,51.0,,,
single_step,equal_fe,flight,PSO,47,37.0,20.0,1.0,1.0,-0.026171676917801118,-0.026170283098914445,1.3938188866725876e-06,1.3938188866725876e-06,1.3938188866725876e-06,False,0.005859607516233639,3.938769004889764,1000.0,51.0,,,
single_step,equal_fe,flight,PSO,48,37.0,20.0,1.0,1.0,-0.026171676917801118,-0.02617165755443037,1.9363370747094155e-08,1.9363370747094155e-08,1.9363370747094155e-08,False,0.0005322425694358555,3.950312006054446,1000.0,51.0,,,
single_step,equal_fe,flight,PSO,49,37.0,20.0,1.0,1.0,-0.026171676917801118,-0.026167870693476022,3.8062243250952532e-06,3.8062243250952532e-06,3.8062243250952532e-06,False,0.014545647211779518,3.9114349929150194,1000.0,51.0,,,
single_step,equal_fe,flight,WOA,0,37.0,20.0,1.0,1.0,-0.026171676917801118,-0.02617083041237086,8.46505430258937e-07,8.46505430258937e-07,8.46505430258937e-07,False,0.0033737720371454583,8.288516008178703,1000.0,51.0,,,
single_step,equal_fe,flight,WOA,1,37.0,20.0,1.0,1.0,-0.026171676917801118,-0.026171665800235194,1.1117565923424166e-08,1.1117565923424166e-08,1.1117565923424166e-08,False,0.0004647080881522728,5.0541530072223395,620.0,31.0,,,
single_step,equal_fe,flight,WOA,2,37.0,20.0,1.0,1.0,-0.026171676917801118,-0.02616971090535164,1.9660124494780273e-06,1.9660124494780273e-06,1.9660124494780273e-06,False,0.005127909936569315,8.023201997275464,1000.0,51.0,,,
single_step,equal_fe,flight,WOA,3,37.0,20.0,1.0,1.0,-0.026171676917801118,-0.0261667208910193,4.9560267818167525e-06,4.9560267818167525e-06,4.9560267818167525e-06,False,0.0080939936090293,6.60980399698019,820.0,41.0,,,
single_step,equal_fe,flight,WOA,4,37.0,20.0,1.0,1.0,-0.026171676917801118,-0.02615385133194977,1.7825585851349163e-05,1.7825585851349163e-05,1.7825585851349163e-05,False,0.01608406899293427,7.836290998966433,1000.0,51.0,,,
single_step,equal_fe,flight,WOA,5,37.0,20.0,1.0,1.0,-0.026171676917801118,-0.026170369194678897,1.3077231222208274e-06,1.3077231222208274e-06,1.3077231222208274e-06,False,0.004256180673526433,8.011971003725193,1000.0,51.0,,,
single_step,equal_fe,flight,WOA,6,37.0,20.0,1.0,1.0,-0.026171676917801118,-0.026129563686941207,4.211323085991092e-05,4.211323085991092e-05,4.211323085991092e-05,False,0.025103873442697384,7.24480499047786,900.0,45.0,,,
single_step,equal_fe,flight,WOA,7,37.0,20.0,1.0,1.0,-0.026171676917801118,-0.026171042678380333,6.34239420784638e-07,6.34239420784638e-07,6.34239420784638e-07,False,0.002957313186451288,7.573634007712826,940.0,47.0,,,
single_step,equal_fe,flight,WOA,8,37.0,20.0,1.0,1.0,-0.026171676917801118,-0.026169506240047127,2.1706777539910738e-06,2.1706777539910738e-06,2.1706777539910738e-06,False,0.005494641371730431,7.589608998387121,940.0,47.0,,,
single_step,equal_fe,flight,WOA,9,37.0,20.0,1.0,1.0,-0.026171676917801118,-0.026171575481180733,1.0143662038455958e-07,1.0143662038455958e-07,1.0143662038455958e-07,False,0.001177090388912592,8.040471991989762,1000.0,51.0,,,
single_step,equal_fe,flight,WOA,10,37.0,20.0,1.0,1.0,-0.026171676917801118,-0.02613515441796132,3.652249983979866e-05,3.652249983979866e-05,3.652249983979866e-05,False,0.023305736427146638,7.786242000292987,980.0,49.0,,,
single_step,equal_fe,flight,WOA,11,37.0,20.0,1.0,1.0,-0.026171676917801118,-0.02615156498502615,2.0111932774968116e-05,2.0111932774968116e-05,2.0111932774968116e-05,False,0.016043573935371855,7.915072012110613,1000.0,51.0,,,
single_step,equal_fe,flight,WOA,12,37.0,20.0,1.0,1.0,-0.026171676917801118,-0.02616964918106403,2.0277367370862e-06,2.0277367370862e-06,2.0277367370862e-06,False,0.005288830013304261,7.980623995536007,1000.0,51.0,,,
single_step,equal_fe,flight,WOA,13,37.0,20.0,1.0,1.0,-0.026171676917801118,-0.026171572486830042,1.0443097107556976e-07,1.0443097107556976e-07,1.0443097107556976e-07,False,0.0011822196109535243,8.032986996113323,1000.0,51.0,,,
single_step,equal_fe,flight,WOA,14,37.0,20.0,1.0,1.0,-0.026171676917801118,-0.026171473446574427,2.0347122669031603e-07,2.0347122669031603e-07,2.0347122669031603e-07,False,0.00167652352476975,7.613720008521341,960.0,48.0,,,
single_step,equal_fe,flight,WOA,15,37.0,20.0,1.0,1.0,-0.026171676917801118,-0.026165347008652355,6.32990914876258e-06,6.32990914876258e-06,6.32990914876258e-06,False,0.00910064135310625,5.942470001173206,740.0,37.0,,,
single_step,equal_fe,flight,WOA,16,37.0,20.0,1.0,1.0,-0.026171676917801118,-0.02617165409552182,2.282227929903402e-08,2.282227929903402e-08,2.282227929903402e-08,False,0.000558668787887511,7.983841001987457,1000.0,50.0,,,
single_step,equal_fe,flight,WOA,17,37.0,20.0,1.0,1.0,-0.026171676917801118,-0.026171675637124043,1.280677074805281e-09,1.280677074805281e-09,1.280677074805281e-09,False,0.0001307991203391727,6.612020006286912,820.0,41.0,,,
single_step,equal_fe,flight,WOA,18,37.0,20.0,1.0,1.0,-0.026171676917801118,-0.026145989367742154,2.5687550058963587e-05,2.5687550058963587e-05,2.5687550058963587e-05,False,0.018034469633437505,8.099246988422237,1000.0,51.0,,,
single_step,equal_fe,flight,WOA,19,37.0,20.0,1.0,1.0,-0.026171676917801118,-0.026170630421017305,1.0464967838130779e-06,1.0464967838130779e-06,1.0464967838130779e-06,False,0.003817088613647283,8.047228999203071,1000.0,51.0,,,
single_step,equal_fe,flight,WOA,20,37.0,20.0,1.0,1.0,-0.026171676917801118,-0.026168990663278206,2.6862545229114354e-06,2.6862545229114354e-06,2.6862545229114354e-06,False,0.006157107973977891,7.938002003356814,1000.0,51.0,,,
single_step,equal_fe,flight,WOA,21,37.0,20.0,1.0,1.0,-0.026171676917801118,-0.026171661771925047,1.5145876070682407e-08,1.5145876070682407e-08,1.5145876070682407e-08,False,0.0004530418099866513,7.0102079916978255,880.0,44.0,,,
single_step,equal_fe,flight,WOA,22,37.0,20.0,1.0,1.0,-0.026171676917801118,-0.026163408604137503,8.26831366361469e-06,8.26831366361469e-06,8.26831366361469e-06,False,0.010840173777563819,8.056798003963195,1000.0,51.0,,,
single_step,equal_fe,flight,WOA,23,37.0,20.0,1.0,1.0,-0.026171676917801118,-0.026171622314830004,5.4602971113343335e-08,5.4602971113343335e-08,5.4602971113343335e-08,False,0.0008654334260786308,8.024599999771453,1000.0,50.0,,,
single_step,equal_fe,flight,WOA,24,37.0,20.0,1.0,1.0,-0.026171676917801118,-0.026171036725066654,6.401927344634739e-07,6.401927344634739e-07,6.401927344634739e-07,False,0.002786618538059132,6.097457007854246,780.0,39.0,,,
single_step,equal_fe,flight,WOA,25,37.0,20.0,1.0,1.0,-0.026171676917801118,-0.02617161667842122,6.023937989749206e-08,6.023937989749206e-08,6.023937989749206e-08,False,0.0008991096376029904,8.0266940058209,1000.0,51.0,,,
single_step,equal_fe,flight,WOA,26,37.0,20.0,1.0,1.0,-0.026171676917801118,-0.02617108225751297,5.9466028814667e-07,5.9466028814667e-07,5.9466028814667e-07,False,0.002875925567357653,7.862876009312458,1000.0,51.0,,,
single_step,equal_fe,flight,WOA,27,37.0,20.0,1.0,1.0,-0.026171676917801118,-0.026168581945567378,3.0949722337400565e-06,3.0949722337400565e-06,3.0949722337400565e-06,False,0.006394161576174077,8.175613998901099,1000.0,51.0,,,
single_step,equal_fe,flight,WOA,28,37.0,20.0,1.0,1.0,-0.026171676917801118,-0.02617149070486418,1.862129369381571e-07,1.862129369381571e-07,1.862129369381571e-07,False,0.0015788718256578933,8.134289004374295,1000.0,51.0,,,
single_step,equal_fe,flight,WOA,29,37.0,20.0,1.0,1.0,-0.026171676917801118,-0.026171635194207683,4.1723593434406236e-08,4.1723593434406236e-08,4.1723593434406236e-08,False,0.0007467302906465447,8.136506003211252,1000.0,51.0,,,
single_step,equal_fe,flight,WOA,30,37.0,20.0,1.0,1.0,-0.026171676917801118,-0.026168907852186188,2.7690656149298443e-06,2.7690656149298443e-06,2.7690656149298443e-06,False,0.0060759232944444155,7.273328999872319,900.0,45.0,,,
single_step,equal_fe,flight,WOA,31,37.0,20.0,1.0,1.0,-0.026171676917801118,-0.02617087081716051,8.06100640605989e-07,8.06100640605989e-07,8.06100640605989e-07,False,0.003294021079881106,8.091583993518725,1000.0,51.0,,,
single_step,equal_fe,flight,WOA,32,37.0,20.0,1.0,1.0,-0.026171676917801118,-0.02617160939680679,6.752099432696945e-08,6.752099432696945e-08,6.752099432696945e-08,False,0.0009637383524942453,8.027987001696602,1000.0,50.0,,,
single_step,equal_fe,flight,WOA,33,37.0,20.0,1.0,1.0,-0.026171676917801118,-0.026171574903811213,1.0201398990480892e-07,1.0201398990480892e-07,1.0201398990480892e-07,False,0.0012592298533924177,7.554504001745954,940.0,47.0,,,
single_step,equal_fe,flight,WOA,34,37.0,20.0,1.0,1.0,-0.026171676917801118,-0.026171665569629195,1.1348171922997974e-08,1.1348171922997974e-08,1.1348171922997974e-08,False,0.0003887086292907525,7.538324003689922,940.0,47.0,,,
single_step,equal_fe,flight,WOA,35,37.0,20.0,1.0,1.0,-0.026171676917801118,-0.02617166335714312,1.3560657999289738e-08,1.3560657999289738e-08,1.3560657999289738e-08,False,0.00042563649843586703,8.038134998059832,1000.0,51.0,,,
single_step,equal_fe,flight,WOA,36,37.0,20.0,1.0,1.0,-0.026171676917801118,-0.026171520966837423,1.559509636948897e-07,1.559509636948897e-07,1.559509636948897e-07,False,0.0014085479163421946,8.024744995054789,1000.0,51.0,,,
single_step,equal_fe,flight,WOA,37,37.0,20.0,1.0,1.0,-0.026171676917801118,-0.026171231693327992,4.4522447312581037e-07,4.4522447312581037e-07,4.4522447312581037e-07,False,0.0024763355832983125,8.133310999255627,1000.0,51.0,,,
single_step,equal_fe,flight,WOA,38,37.0,20.0,1.0,1.0,-0.026171676917801118,-0.026171668060458623,8.857342494866804e-09,8.857342494866804e-09,8.857342494866804e-09,False,0.00034748101121885144,7.521072999224998,920.0,46.0,,,
single_step,equal_fe,flight,WOA,39,37.0,20.0,1.0,1.0,-0.026171676917801118,-0.02616996354893093,1.7133688701882754e-06,1.7133688701882754e-06,1.7133688701882754e-06,False,0.004837935861108775,5.9023860085289925,720.0,36.0,,,
single_step,equal_fe,flight,WOA,40,37.0,20.0,1.0,1.0,-0.026171676917801118,-0.02616133013359538,1.0346784205736426e-05,1.0346784205736426e-05,1.0346784205736426e-05,False,0.012142664412255894,8.41366899840068,1000.0,51.0,,,
single_step,equal_fe,flight,WOA,41,37.0,20.0,1.0,1.0,-0.026171676917801118,-0.026170669987453557,1.0069303475607194e-06,1.0069303475607194e-06,1.0069303475607194e-06,False,0.0037143151071178516,7.596933995955624,920.0,46.0,,,
single_step,equal_fe,flight,WOA,42,37.0,20.0,1.0,1.0,-0.026171676917801118,-0.026170648465632128,1.0284521689898907e-06,1.0284521689898907e-06,1.0284521689898907e-06,False,0.003771929457395944,7.76259099075105,940.0,47.0,,,
single_step,equal_fe,flight,WOA,43,37.0,20.0,1.0,1.0,-0.026171676917801118,-0.026170166206895835,1.5107109052822643e-06,1.5107109052822643e-06,1.5107109052822643e-06,False,0.004580319582734776,8.2482089928817,1000.0,51.0,,,
single_step,equal_fe,flight,WOA,44,37.0,20.0,1.0,1.0,-0.026171676917801118,-0.0261679554673512,3.7214504499186174e-06,3.7214504499186174e-06,3.7214504499186174e-06,False,0.007032947232639896,8.214968998800032,1000.0,51.0,,,
single_step,equal_fe,flight,WOA,45,37.0,20.0,1.0,1.0,-0.026171676917801118,-0.02612475201725903,4.692490054208909e-05,4.692490054208909e-05,4.692490054208909e-05,False,0.02657183657163205,8.198138006264344,1000.0,51.0,,,
single_step,equal_fe,flight,WOA,46,37.0,20.0,1.0,1.0,-0.026171676917801118,-0.0261641227623359,7.554155465216983e-06,7.554155465216983e-06,7.554155465216983e-06,False,0.009954718855422411,7.933116008643992,980.0,49.0,,,
single_step,equal_fe,flight,WOA,47,37.0,20.0,1.0,1.0,-0.026171676917801118,-0.026170908253139433,7.686646616850146e-07,7.686646616850146e-07,7.686646616850146e-07,False,0.003207968031419083,8.113842995953746,1000.0,51.0,,,
single_step,equal_fe,flight,WOA,48,37.0,20.0,1.0,1.0,-0.026171676917801118,-0.026169770131649957,1.9067861511609663e-06,1.9067861511609663e-06,1.9067861511609663e-06,False,0.0050587817653605415,8.021472007385455,1000.0,51.0,,,
single_step,equal_fe,flight,WOA,49,37.0,20.0,1.0,1.0,-0.026171676917801118,-0.02615780837462224,1.386854317887709e-05,1.386854317887709e-05,1.386854317887709e-05,False,0.013388482883150284,7.919519004644826,980.0,49.0,,,
closed_loop,equal_fe,flight,QP,0,,,,,,,,,,,,0.713231167756021,22.64,,0.018195653502689445,0.018195653502689445,150.0
closed_loop,equal_fe,flight,SGO,0,,,,,,,,,,,,7.490811199919942,584.2,,0.018162799634526206,0.018162799634526206,150.0
closed_loop,equal_fe,flight,SGO,1,,,,,,,,,,,,7.283933273768828,576.3466666666667,,0.018203059545205992,0.018203059545205992,150.0
closed_loop,equal_fe,flight,SGO,2,,,,,,,,,,,,7.5892153529760735,594.0,,0.018089688387036396,0.018089688387036396,150.0
closed_loop,equal_fe,flight,SGO,3,,,,,,,,,,,,7.990263272852947,604.12,,0.01817556989595649,0.01817556989595649,150.0
closed_loop,equal_fe,flight,SGO,4,,,,,,,,,,,,7.394965766288806,593.8266666666667,,0.01822165929331502,0.01822165929331502,150.0
closed_loop,equal_fe,flight,SGO,5,,,,,,,,,,,,7.64903208008036,619.5333333333333,,0.018201748044042374,0.018201748044042374,150.0
closed_loop,equal_fe,flight,SGO,6,,,,,,,,,,,,7.345264006580692,589.1866666666666,,0.018107804614100054,0.018107804614100054,150.0
closed_loop,equal_fe,flight,SGO,7,,,,,,,,,,,,7.4978903533580405,603.5066666666667,,0.01820434501299629,0.01820434501299629,150.0
closed_loop,equal_fe,flight,SGO,8,,,,,,,,,,,,7.366496286219141,599.08,,0.01820209721759943,0.01820209721759943,150.0
closed_loop,equal_fe,flight,SGO,9,,,,,,,,,,,,7.264009827243474,593.16,,0.018223596188800897,0.018223596188800897,150.0
closed_loop,equal_fe,flight,SGO,10,,,,,,,,,,,,7.489271220304848,608.36,,0.018245100056398848,0.018245100056398848,150.0
closed_loop,equal_fe,flight,SGO,11,,,,,,,,,,,,7.096550219672888,574.5466666666666,,0.018230930048915645,0.018230930048915645,150.0
closed_loop,equal_fe,flight,SGO,12,,,,,,,,,,,,7.180948793635859,584.2133333333334,,0.0182330663755065,0.0182330663755065,150.0
closed_loop,equal_fe,flight,SGO,13,,,,,,,,,,,,7.040630480429779,569.4533333333334,,0.01817546594477974,0.01817546594477974,150.0
closed_loop,equal_fe,flight,SGO,14,,,,,,,,,,,,7.1166926534109125,581.6266666666667,,0.01817589078978578,0.01817589078978578,150.0
closed_loop,equal_fe,flight,SGO,15,,,,,,,,,,,,7.60678371336932,619.1066666666667,,0.018095658774222072,0.018095658774222072,150.0
closed_loop,equal_fe,flight,SGO,16,,,,,,,,,,,,7.076301186752971,575.0666666666667,,0.018191538717825615,0.018191538717825615,150.0
closed_loop,equal_fe,flight,SGO,17,,,,,,,,,,,,7.115194554401872,578.6933333333334,,0.018272452995056136,0.018272452995056136,150.0
closed_loop,equal_fe,flight,SGO,18,,,,,,,,,,,,7.3209611540854285,595.8666666666667,,0.0182038303338758,0.0182038303338758,150.0
closed_loop,equal_fe,flight,SGO,19,,,,,,,,,,,,7.29205814684974,596.5066666666667,,0.018222017260204466,0.018222017260204466,150.0
closed_loop,equal_fe,flight,GWO,0,,,,,,,,,,,,9.869369513180573,696.2666666666667,,0.018183703822984516,0.018183703822984516,150.0
closed_loop,equal_fe,flight,GWO,1,,,,,,,,,,,,9.310275139287114,656.0,,0.018153184639310933,0.018153184639310933,150.0
closed_loop,equal_fe,flight,GWO,2,,,,,,,,,,,,9.96500422663909,704.1333333333333,,0.018187049326061865,0.018187049326061865,150.0
closed_loop,equal_fe,flight,GWO,3,,,,,,,,,,,,10.312493719975464,729.3333333333334,,0.018189830195861553,0.018189830195861553,150.0
closed_loop,equal_fe,flight,GWO,4,,,,,,,,,,,,9.773406033831028,689.7333333333333,,0.01821838148713225,0.01821838148713225,150.0
closed_loop,equal_fe,flight,GWO,5,,,,,,,,,,,,10.244387939940983,718.2666666666667,,0.018187967269927167,0.018187967269927167,150.0
closed_loop,equal_fe,flight,GWO,6,,,,,,,,,,,,10.501609312680861,718.2666666666667,,0.01817608224479702,0.01817608224479702,150.0
closed_loop,equal_fe,flight,GWO,7,,,,,,,,,,,,10.477370999675864,735.0666666666667,,0.018182163967998648,0.018182163967998648,150.0
closed_loop,equal_fe,flight,GWO,8,,,,,,,,,,,,10.666152933554258,745.3333333333334,,0.018236656672849415,0.018236656672849415,150.0
closed_loop,equal_fe,flight,GWO,9,,,,,,,,,,,,10.107888080334911,705.0666666666667,,0.018180335109670168,0.018180335109670168,150.0
closed_loop,equal_fe,flight,GWO,10,,,,,,,,,,,,10.37645928687804,723.2,,0.018203483168075466,0.018203483168075466,150.0
closed_loop,equal_fe,flight,GWO,11,,,,,,,,,,,,9.993202679906972,689.0666666666667,,0.018195426077815574,0.018195426077815574,150.0
closed_loop,equal_fe,flight,GWO,12,,,,,,,,,,,,9.79655359997802,700.0,,0.018208319727153664,0.018208319727153664,150.0
closed_loop,equal_fe,flight,GWO,13,,,,,,,,,,,,9.510850999892378,680.9333333333333,,0.018233673056441625,0.018233673056441625,150.0
closed_loop,equal_fe,flight,GWO,14,,,,,,,,,,,,9.672251540663032,687.0666666666667,,0.01824821745238886,0.01824821745238886,150.0
closed_loop,equal_fe,flight,GWO,15,,,,,,,,,,,,9.638659779933127,685.4666666666667,,0.018158514007933935,0.018158514007933935,150.0
closed_loop,equal_fe,flight,GWO,16,,,,,,,,,,,,10.072761626603702,716.5333333333333,,0.01823126076724819,0.01823126076724819,150.0
closed_loop,equal_fe,flight,GWO,17,,,,,,,,,,,,9.86903738657323,702.8,,0.018203680185519284,0.018203680185519284,150.0
closed_loop,equal_fe,flight,GWO,18,,,,,,,,,,,,10.346890486446986,730.1333333333333,,0.018222496972814965,0.018222496972814965,150.0
closed_loop,equal_fe,flight,GWO,19,,,,,,,,,,,,10.087797672798237,708.0,,0.018181765043245233,0.018181765043245233,150.0
closed_loop,equal_fe,flight,PSO,0,,,,,,,,,,,,1.8591375399652559,503.06666666666666,,0.018203029938728302,0.018203029938728302,150.0
closed_loop,equal_fe,flight,PSO,1,,,,,,,,,,,,1.9806395065582667,533.6,,0.018163849923259093,0.018163849923259093,150.0
closed_loop,equal_fe,flight,PSO,2,,,,,,,,,,,,2.0540385327573554,551.6,,0.018193029240459846,0.018193029240459846,150.0
closed_loop,equal_fe,flight,PSO,3,,,,,,,,,,,,2.0287638664012775,543.0666666666667,,0.018238208953167787,0.018238208953167787,150.0
closed_loop,equal_fe,flight,PSO,4,,,,,,,,,,,,1.9822851406449142,530.4,,0.018265199288582657,0.018265199288582657,150.0
closed_loop,equal_fe,flight,PSO,5,,,,,,,,,,,,1.8334526600665413,500.26666666666665,,0.018213892150724276,0.018213892150724276,150.0
closed_loop,equal_fe,flight,PSO,6,,,,,,,,,,,,1.853481260962629,508.8,,0.018180460867453743,0.018180460867453743,150.0
closed_loop,equal_fe,flight,PSO,7,,,,,,,,,,,,1.9978299471161638,550.1333333333333,,0.01819134769040355,0.01819134769040355,150.0
closed_loop,equal_fe,flight,PSO,8,,,,,,,,,,,,1.8491368664156955,507.6,,0.018196527989355216,0.018196527989355216,150.0
closed_loop,equal_fe,flight,PSO,9,,,,,,,,,,,,1.9870147270072873,532.4,,0.01821984036939763,0.01821984036939763,150.0
closed_loop,equal_fe,flight,PSO,10,,,,,,,,,,,,1.8828445463441312,511.8666666666667,,0.018200989377988704,0.018200989377988704,150.0
closed_loop,equal_fe,flight,PSO,11,,,,,,,,,,,,2.007914459585057,551.6,,0.018199084362778215,0.018199084362778215,150.0
closed_loop,equal_fe,flight,PSO,12,,,,,,,,,,,,1.8436622529407032,498.53333333333336,,0.018475331549331283,0.018475331549331283,150.0
closed_loop,equal_fe,flight,PSO,13,,,,,,,,,,,,1.8218371335145396,488.93333333333334,,0.018185939190594216,0.018185939190594216,150.0
closed_loop,equal_fe,flight,PSO,14,,,,,,,,,,,,2.0309401477182596,543.0666666666667,,0.018389735481803008,0.018389735481803008,150.0
closed_loop,equal_fe,flight,PSO,15,,,,,,,,,,,,1.9958363870197597,538.5333333333333,,0.01820753140109253,0.01820753140109253,150.0
closed_loop,equal_fe,flight,PSO,16,,,,,,,,,,,,1.920699139785332,522.1333333333333,,0.01816028193888568,0.01816028193888568,150.0
closed_loop,equal_fe,flight,PSO,17,,,,,,,,,,,,1.793079113413114,489.06666666666666,,0.018196679251773262,0.018196679251773262,150.0
closed_loop,equal_fe,flight,PSO,18,,,,,,,,,,,,1.9697178728529252,532.8,,0.018232223198597977,0.018232223198597977,150.0
closed_loop,equal_fe,flight,PSO,19,,,,,,,,,,,,2.0239587738372697,546.0,,0.018405897163970016,0.018405897163970016,150.0
closed_loop,equal_fe,flight,WOA,0,,,,,,,,,,,,6.166035346977878,790.1333333333333,,0.01819096477327649,0.01819096477327649,150.0
closed_loop,equal_fe,flight,WOA,1,,,,,,,,,,,,6.26497961357624,799.7333333333333,,0.018195495083494308,0.018195495083494308,150.0
closed_loop,equal_fe,flight,WOA,2,,,,,,,,,,,,6.156100406078622,789.6,,0.018195143719764027,0.018195143719764027,150.0
closed_loop,equal_fe,flight,WOA,3,,,,,,,,,,,,6.231718520187617,790.0,,0.018195090695464707,0.018195090695464707,150.0
closed_loop,equal_fe,flight,WOA,4,,,,,,,,,,,,6.207582087178404,793.2,,0.018198632275677192,0.018198632275677192,150.0
closed_loop,equal_fe,flight,WOA,5,,,,,,,,,,,,6.167713899728066,790.0,,0.01819176112589878,0.01819176112589878,150.0
closed_loop,equal_fe,flight,WOA,6,,,,,,,,,,,,6.175899553636555,790.2666666666667,,0.01820873607600609,0.01820873607600609,150.0
closed_loop,equal_fe,flight,WOA,7,,,,,,,,,,,,6.234368100219096,802.6666666666666,,0.018193566676876098,0.018193566676876098,150.0
closed_loop,equal_fe,flight,WOA,8,,,,,,,,,,,,6.369812298798934,802.2666666666667,,0.018196753375626748,0.018196753375626748,150.0
closed_loop,equal_fe,flight,WOA,9,,,,,,,,,,,,6.306221373961307,789.2,,0.018202913994626504,0.018202913994626504,150.0
closed_loop,equal_fe,flight,WOA,10,,,,,,,,,,,,6.149485100177117,792.5333333333333,,0.018189896486467544,0.018189896486467544,150.0
closed_loop,equal_fe,flight,WOA,11,,,,,,,,,,,,6.301046952915688,815.0666666666667,,0.01819656286769465,0.01819656286769465,150.0
closed_loop,equal_fe,flight,WOA,12,,,,,,,,,,,,6.225130641056846,804.9333333333333,,0.018200644807928188,0.018200644807928188,150.0
closed_loop,equal_fe,flight,WOA,13,,,,,,,,,,,,6.366572387438889,797.8666666666667,,0.01818395107886992,0.01818395107886992,150.0
closed_loop,equal_fe,flight,WOA,14,,,,,,,,,,,,6.383766353925846,792.8,,0.01819281815486367,0.01819281815486367,150.0
closed_loop,equal_fe,flight,WOA,15,,,,,,,,,,,,6.272029613804382,788.1333333333333,,0.018192069600652973,0.018192069600652973,150.0
closed_loop,equal_fe,flight,WOA,16,,,,,,,,,,,,6.502559753716923,800.9333333333333,,0.018198498556767938,0.018198498556767938,150.0
closed_loop,equal_fe,flight,WOA,17,,,,,,,,,,,,6.604723472943685,794.4,,0.01819321231813531,0.01819321231813531,150.0
closed_loop,equal_fe,flight,WOA,18,,,,,,,,,,,,6.481628385857523,795.0666666666667,,0.018192391478083006,0.018192391478083006,150.0
closed_loop,equal_fe,flight,WOA,19,,,,,,,,,,,,6.61091828000887,804.9333333333333,,0.018195549097299667,0.018195549097299667,150.0
single_step,equal_fe,hvac,SGO,0,375.0,20.0,1.0,1.0,-0.8381197280185997,-0.8379021310481074,0.00021759697049228421,0.00021759697049228421,0.00021759697049228421,False,0.14692611904625855,13.391596003202721,1000.0,48.0,,,
single_step,equal_fe,hvac,SGO,1,375.0,20.0,1.0,1.0,-0.8381197280185997,-0.8249193605478695,0.013200367470730168,0.013200367470730168,0.013200367470730168,False,1.1443672138551582,13.769223995041102,1000.0,48.0,,,
single_step,equal_fe,hvac,SGO,2,375.0,20.0,1.0,1.0,-0.8381197280185997,-0.8311728434814227,0.006946884537176956,0.006946884537176956,0.006946884537176956,False,0.8301705525286054,13.581324004917406,986.0,50.0,,,
single_step,equal_fe,hvac,SGO,3,375.0,20.0,1.0,1.0,-0.8381197280185997,-0.8378031846403866,0.00031654337821307443,0.00031654337821307443,0.00031654337821307443,False,0.17721032463959732,12.352620993624441,920.0,42.0,,,
single_step,equal_fe,hvac,SGO,4,375.0,20.0,1.0,1.0,-0.8381197280185997,-0.8346944798711419,0.0034252481474578156,0.0034252481474578156,0.0034252481474578156,False,0.5829325846093831,13.41576200502459,990.0,48.0,,,
single_step,equal_fe,hvac,SGO,5,375.0,20.0,1.0,1.0,-0.8381197280185997,-0.8377902538577287,0.000329474160871035,0.000329474160871035,0.000329474160871035,False,0.1807935916215051,13.860607010428794,1000.0,50.0,,,
single_step,equal_fe,hvac,SGO,6,375.0,20.0,1.0,1.0,-0.8381197280185997,-0.8222113268085322,0.015908401210067535,0.015908401210067535,0.015908401210067535,False,1.256277623944195,13.517115003196523,1000.0,48.0,,,
single_step,equal_fe,hvac,SGO,7,375.0,20.0,1.0,1.0,-0.8381197280185997,-0.8373002699578476,0.0008194580607521207,0.0008194580607521207,0.0008194580607521207,False,0.2851254015287041,13.442793002468534,1000.0,50.0,,,
single_step,equal_fe,hvac,SGO,8,375.0,20.0,1.0,1.0,-0.8381197280185997,-0.8344946371874774,0.0036250908311222796,0.0036250908311222796,0.0036250908311222796,False,0.5996969636357318,13.281071005621925,1000.0,47.0,,,
single_step,equal_fe,hvac,SGO,9,375.0,20.0,1.0,1.0,-0.8381197280185997,-0.8368319148587545,0.0012878131598451636,0.0012878131598451636,0.0012878131598451636,False,0.3574362727461205,13.088877007248811,1000.0,49.0,,,
single_step,equal_fe,hvac,SGO,10,375.0,20.0,1.0,1.0,-0.8381197280185997,-0.8319542142201124,0.006165513798487288,0.006165513798487288,0.006165513798487288,False,0.7820905876199941,12.724854008411057,992.0,47.0,,,
single_step,equal_fe,hvac,SGO,11,375.0,20.0,1.0,1.0,-0.8381197280185997,-0.8380971377184219,2.2590300177816047e-05,2.2590300177816047e-05,2.2590300177816047e-05,False,0.047340655323936505,12.694107004790567,1000.0,48.0,,,
single_step,equal_fe,hvac,SGO,12,375.0,20.0,1.0,1.0,-0.8381197280185997,-0.8343275762307685,0.0037921517878312105,0.0037921517878312105,0.0037921517878312105,False,0.6133595277369356,12.882782990345731,1000.0,50.0,,,
single_step,equal_fe,hvac,SGO,13,375.0,20.0,1.0,1.0,-0.8381197280185997,-0.8380965708013217,2.3157217277969266e-05,2.3157217277969266e-05,2.3157217277969266e-05,False,0.047930787449639675,12.997334997635335,1000.0,50.0,,,
single_step,equal_fe,hvac,SGO,14,375.0,20.0,1.0,1.0,-0.8381197280185997,-0.8309346177304084,0.007185110288191243,0.007185110288191243,0.007185110288191243,False,0.8442848966732813,12.696611011051573,1000.0,48.0,,,
single_step,equal_fe,hvac,SGO,15,375.0,20.0,1.0,1.0,-0.8381197280185997,-0.8378474001071392,0.0002723279114604793,0.0002723279114604793,0.0002723279114604793,False,0.16436839035584908,12.5872679927852,1000.0,47.0,,,
single_step,equal_fe,hvac,SGO,16,375.0,20.0,1.0,1.0,-0.8381197280185997,-0.8204088595574609,0.017710868461138785,0.017710868461138785,0.017710868461138785,False,1.3255384260389498,12.773713999195024,1000.0,49.0,,,
single_step,equal_fe,hvac,SGO,17,375.0,20.0,1.0,1.0,-0.8381197280185997,-0.8380524571289614,6.727088963831562e-05,6.727088963831562e-05,6.727088963831562e-05,False,0.08169318359237204,12.839144008466974,1000.0,49.0,,,
single_step,equal_fe,hvac,SGO,18,375.0,20.0,1.0,1.0,-0.8381197280185997,-0.8377401781733169,0.00037954984528276725,0.00037954984528276725,0.00037954984528276725,False,0.19404683068696885,12.738787001580931,1000.0,49.0,,,
single_step,equal_fe,hvac,SGO,19,375.0,20.0,1.0,1.0,-0.8381197280185997,-0.8324593487584723,0.005660379260127413,0.005660379260127413,0.005660379260127413,False,0.749367890614942,8.531933010090142,674.0,33.0,,,
single_step,equal_fe,hvac,SGO,20,375.0,20.0,1.0,1.0,-0.8381197280185997,-0.8380578989634644,6.182905513529846e-05,6.182905513529846e-05,6.182905513529846e-05,False,0.07831929583736755,12.865483004134148,1000.0,49.0,,,
single_step,equal_fe,hvac,SGO,21,375.0,20.0,1.0,1.0,-0.8381197280185997,-0.8284849011997693,0.009634826818830433,0.009634826818830433,0.009634826818830433,False,0.9776744220358415,12.540844996692613,1000.0,47.0,,,
single_step,equal_fe,hvac,SGO,22,375.0,20.0,1.0,1.0,-0.8381197280185997,-0.8372585646732478,0.0008611633453519119,0.0008611633453519119,0.0008611633453519119,False,0.2922908038618722,11.230804011574946,874.0,43.0,,,
single_step,equal_fe,hvac,SGO,23,375.0,20.0,1.0,1.0,-0.8381197280185997,-0.8374237878651785,0.0006959401534212262,0.0006959401534212262,0.0006959401534212262,False,0.2627594545988412,9.759770997334272,778.0,37.0,,,
single_step,equal_fe,hvac,SGO,24,375.0,20.0,1.0,1.0,-0.8381197280185997,-0.8369878172398355,0.001131910778764178,0.001131910778764178,0.001131910778764178,False,0.3351030067775138,12.797539005987346,1000.0,49.0,,,
single_step,equal_fe,hvac,SGO,25,375.0,20.0,1.0,1.0,-0.8381197280185997,-0.8362056527154985,0.0019140753031011704,0.0019140753031011704,0.0019140753031011704,False,0.43576451151930284,12.622112000826746,1000.0,48.0,,,
single_step,equal_fe,hvac,SGO,26,375.0,20.0,1.0,1.0,-0.8381197280185997,-0.8380277997716257,9.192824697401569e-05,9.192824697401569e-05,9.192824697401569e-05,False,0.09549856636776144,12.728628993500024,1000.0,49.0,,,
single_step,equal_fe,hvac,SGO,27,375.0,20.0,1.0,1.0,-0.8381197280185997,-0.8180221222832404,0.020097605735359236,0.020097605735359236,0.020097605735359236,False,1.4120318161763716,12.83033299841918,1000.0,50.0,,,
single_step,equal_fe,hvac,SGO,28,375.0,20.0,1.0,1.0,-0.8381197280185997,-0.8375210243982887,0.000598703620311003,0.000598703620311003,0.000598703620311003,False,0.24371268453299544,12.13244700920768,972.0,45.0,,,
single_step,equal_fe,hvac,SGO,29,375.0,20.0,1.0,1.0,-0.8381197280185997,-0.8367247232154613,0.0013950048031383666,0.0013950048031383666,0.0013950048031383666,False,0.3720147942048154,9.343830999569036,754.0,35.0,,,
single_step,equal_fe,hvac,SGO,30,375.0,20.0,1.0,1.0,-0.8381197280185997,-0.837036665016717,0.001083063001882656,0.001083063001882656,0.001083063001882656,False,0.3277925242860789,10.742234997451305,838.0,41.0,,,
single_step,equal_fe,hvac,SGO,31,375.0,20.0,1.0,1.0,-0.8381197280185997,-0.8347893678033015,0.0033303602152982004,0.0033303602152982004,0.0033303602152982004,False,0.5748015422207671,11.286087988992222,892.0,43.0,,,
single_step,equal_fe,hvac,SGO,32,375.0,20.0,1.0,1.0,-0.8381197280185997,-0.8379035841407176,0.0002161438778820468,0.0002161438778820468,0.0002161438778820468,False,0.14643474992600955,12.702677006018348,1000.0,48.0,,,
single_step,equal_fe,hvac,SGO,33,375.0,20.0,1.0,1.0,-0.8381197280185997,-0.8360771545461773,0.0020425734724224265,0.0020425734724224265,0.0020425734724224265,False,0.45015396269799707,12.783655998646282,1000.0,49.0,,,
single_step,equal_fe,hvac,SGO,34,375.0,20.0,1.0,1.0,-0.8381197280185997,-0.8375722728204542,0.0005474551981454745,0.0005474551981454745,0.0005474551981454745,False,0.23304867940013008,12.726335000479594,1000.0,49.0,,,
single_step,equal_fe,hvac,SGO,35,375.0,20.0,1.0,1.0,-0.8381197280185997,-0.8369658031024934,0.0011539249161063303,0.0011539249161063303,0.0011539249161063303,False,0.3383460094112847,12.91227999900002,1000.0,49.0,,,
single_step,equal_fe,hvac,SGO,36,375.0,20.0,1.0,1.0,-0.8381197280185997,-0.8366169542075242,0.0015027738110754418,0.0015027738110754418,0.0015027738110754418,False,0.38611723983354407,8.386269997572526,658.0,32.0,,,
single_step,equal_fe,hvac,SGO,37,375.0,20.0,1.0,1.0,-0.8381197280185997,-0.8360242958170565,0.0020954322015431792,0.0020954322015431792,0.0020954322015431792,False,0.4559416162515028,12.91344799392391,1000.0,50.0,,,
single_step,equal_fe,hvac,SGO,38,375.0,20.0,1.0,1.0,-0.8381197280185997,-0.8375000396147831,0.0006196884038165429,0.0006196884038165429,0.0006196884038165429,False,0.24794718466732854,9.632872010115534,762.0,37.0,,,
single_step,equal_fe,hvac,SGO,39,375.0,20.0,1.0,1.0,-0.8381197280185997,-0.8347057862791597,0.003413941739439985,0.003413941739439985,0.003413941739439985,False,0.5819697807161146,12.961615997483023,1000.0,50.0,,,
single_step,equal_fe,hvac,SGO,40,375.0,20.0,1.0,1.0,-0.8381197280185997,-0.8338312863177252,0.004288441700874501,0.004288441700874501,0.004288441700874501,False,0.6522620192305714,12.762043988914229,1000.0,47.0,,,
single_step,equal_fe,hvac,SGO,41,375.0,20.0,1.0,1.0,-0.8381197280185997,-0.8352709574844124,0.002848770534187306,0.002848770534187306,0.002848770534187306,False,0.5316198148793597,13.278872997034341,1000.0,49.0,,,
single_step,equal_fe,hvac,SGO,42,375.0,20.0,1.0,1.0,-0.8381197280185997,-0.8325496210599415,0.0055701069586582275,0.0055701069586582275,0.0055701069586582275,False,0.7433684019435942,7.589568995172158,584.0,29.0,,,
single_step,equal_fe,hvac,SGO,43,375.0,20.0,1.0,1.0,-0.8381197280185997,-0.8377865076460311,0.0003332203725685545,0.0003332203725685545,0.0003332203725685545,False,0.18181857562447973,12.74962599563878,982.0,47.0,,,
single_step,equal_fe,hvac,SGO,44,375.0,20.0,1.0,1.0,-0.8381197280185997,-0.8376701017794719,0.0004496262391278094,0.0004496262391278094,0.0004496262391278094,False,0.21120214047024624,12.758404991473071,1000.0,47.0,,,
single_step,equal_fe,hvac,SGO,45,375.0,20.0,1.0,1.0,-0.8381197280185997,-0.8303472024341817,0.007772525584417989,0.007772525584417989,0.007772525584417989,False,0.8781191171223937,10.904237002250738,850.0,41.0,,,
single_step,equal_fe,hvac,SGO,46,375.0,20.0,1.0,1.0,-0.8381197280185997,-0.8379019965876534,0.00021773143094627745,0.00021773143094627745,0.00021773143094627745,False,0.14697149956548547,11.507811999763362,896.0,43.0,,,
single_step,equal_fe,hvac,SGO,47,375.0,20.0,1.0,1.0,-0.8381197280185997,-0.834768813798799,0.003350914219800716,0.003350914219800716,0.003350914219800716,False,0.5765726940981301,12.947982002515346,1000.0,49.0,,,
single_step,equal_fe,hvac,SGO,48,375.0,20.0,1.0,1.0,-0.8381197280185997,-0.8349367490798636,0.003182978938736092,0.003182978938736092,0.003182978938736092,False,0.5619391497283264,10.25675299752038,806.0,38.0,,,
single_step,equal_fe,hvac,SGO,49,375.0,20.0,1.0,1.0,-0.8381197280185997,-0.8299641909364682,0.008155537082131459,0.008155537082131459,0.008155537082131459,False,0.8994947185364272,12.836410998716019,1000.0,48.0,,,
single_step,equal_fe,hvac,GWO,0,375.0,20.0,1.0,1.0,-0.8381197280185997,-0.8381133254963089,6.402522290782642e-06,6.402522290782642e-06,6.402522290782642e-06,False,0.02520274269733269,19.265465991338715,1000.0,49.0,,,
single_step,equal_fe,hvac,GWO,1,375.0,20.0,1.0,1.0,-0.8381197280185997,-0.837685642807158,0.00043408521144172596,0.00043408521144172596,0.00043408521144172596,False,0.20752000688176733,10.256844994728453,540.0,26.0,,,
single_step,equal_fe,hvac,GWO,2,375.0,20.0,1.0,1.0,-0.8381197280185997,-0.838089785025655,2.994299294467595e-05,2.994299294467595e-05,2.994299294467595e-05,False,0.05450297792324284,19.105564002529718,1000.0,49.0,,,
single_step,equal_fe,hvac,GWO,3,375.0,20.0,1.0,1.0,-0.8381197280185997,-0.8381101543872072,9.57363139253431e-06,9.57363139253431e-06,9.57363139253431e-06,False,0.03081833285204848,19.30294699559454,1000.0,49.0,,,
single_step,equal_fe,hvac,GWO,4,375.0,20.0,1.0,1.0,-0.8381197280185997,-0.8381127074804429,7.020538156821132e-06,7.020538156821132e-06,7.020538156821132e-06,False,0.026391057439770556,19.31827400403563,1000.0,49.0,,,
single_step,equal_fe,hvac,GWO,5,375.0,20.0,1.0,1.0,-0.8381197280185997,-0.8381055613615203,1.4166657079428546e-05,1.4166657079428546e-05,1.4166657079428546e-05,False,0.037489058326105995,19.398135002120398,1000.0,49.0,,,
single_step,equal_fe,hvac,GWO,6,375.0,20.0,1.0,1.0,-0.8381197280185997,-0.8380901619225183,2.9566096081401483e-05,2.9566096081401483e-05,2.9566096081401483e-05,False,0.05415882691931753,19.47081700200215,1000.0,49.0,,,
single_step,equal_fe,hvac,GWO,7,375.0,20.0,1.0,1.0,-0.8381197280185997,-0.838118765817564,9.622010357368538e-07,9.622010357368538e-07,9.622010357368538e-07,False,0.009770332778089677,19.41422298841644,1000.0,49.0,,,
single_step,equal_fe,hvac,GWO,8,375.0,20.0,1.0,1.0,-0.8381197280185997,-0.8381090938302229,1.0634188376767995e-05,1.0634188376767995e-05,1.0634188376767995e-05,False,0.032480566043393055,19.353669995325617,1000.0,49.0,,,
single_step,equal_fe,hvac,GWO,9,375.0,20.0,1.0,1.0,-0.8381197280185997,-0.8380881503710649,3.1577647534808406e-05,3.1577647534808406e-05,3.1577647534808406e-05,False,0.05597090008193877,16.495209012646228,860.0,42.0,,,
single_step,equal_fe,hvac,GWO,10,375.0,20.0,1.0,1.0,-0.8381197280185997,-0.8380913923200861,2.8335698513570762e-05,2.8335698513570762e-05,2.8335698513570762e-05,False,0.05302000968454052,19.313078009872697,1000.0,49.0,,,
single_step,equal_fe,hvac,GWO,11,375.0,20.0,1.0,1.0,-0.8381197280185997,-0.8381116970740969,8.030944502745996e-06,8.030944502745996e-06,8.030944502745996e-06,False,0.02822645672133361,19.352710005478002,1000.0,49.0,,,
single_step,equal_fe,hvac,GWO,12,375.0,20.0,1.0,1.0,-0.8381197280185997,-0.8381108294306977,8.898587901984278e-06,8.898587901984278e-06,8.898587901984278e-06,False,0.029712151664109118,18.956247993628494,1000.0,49.0,,,
single_step,equal_fe,hvac,GWO,13,375.0,20.0,1.0,1.0,-0.8381197280185997,-0.8381142355596128,5.492458986844362e-06,5.492458986844362e-06,5.492458986844362e-06,False,0.023343017548900096,19.161973003065214,1000.0,49.0,,,
single_step,equal_fe,hvac,GWO,14,375.0,20.0,1.0,1.0,-0.8381197280185997,-0.8373048105871664,0.0008149174314332486,0.0008149174314332486,0.0008149174314332486,False,0.2843343631193071,8.674934011651203,460.0,22.0,,,
single_step,equal_fe,hvac,GWO,15,375.0,20.0,1.0,1.0,-0.8381197280185997,-0.8381155378707609,4.190147838811775e-06,4.190147838811775e-06,4.190147838811775e-06,False,0.020388647599439404,19.16380900365766,1000.0,49.0,,,
single_step,equal_fe,hvac,GWO,16,375.0,20.0,1.0,1.0,-0.8381197280185997,-0.8381074672182178,1.2260800381858061e-05,1.2260800381858061e-05,1.2260800381858061e-05,False,0.03487648921985928,19.207992998417467,1000.0,49.0,,,
single_step,equal_fe,hvac,GWO,17,375.0,20.0,1.0,1.0,-0.8381197280185997,-0.8380837318004133,3.599621818639598e-05,3.599621818639598e-05,3.599621818639598e-05,False,0.05975876316440246,19.302113010780886,1000.0,49.0,,,
single_step,equal_fe,hvac,GWO,18,375.0,20.0,1.0,1.0,-0.8381197280185997,-0.8381083344444443,1.1393574155360575e-05,1.1393574155360575e-05,1.1393574155360575e-05,False,0.033620481327058485,19.007914001122117,1000.0,49.0,,,
single_step,equal_fe,hvac,GWO,19,375.0,20.0,1.0,1.0,-0.8381197280185997,-0.8381189896804344,7.383381652736887e-07,7.383381652736887e-07,7.383381652736887e-07,False,0.008558594744896045,19.126750994473696,1000.0,49.0,,,
single_step,equal_fe,hvac,GWO,20,375.0,20.0,1.0,1.0,-0.8381197280185997,-0.8377783179626875,0.00034141005591215023,0.00034141005591215023,0.00034141005591215023,False,0.18403937280456253,11.73420500708744,620.0,30.0,,,
single_step,equal_fe,hvac,GWO,21,375.0,20.0,1.0,1.0,-0.8381197280185997,-0.8381122724886261,7.455529973610098e-06,7.455529973610098e-06,7.455529973610098e-06,False,0.027196391818931385,19.167887992807664,1000.0,49.0,,,
single_step,equal_fe,hvac,GWO,22,375.0,20.0,1.0,1.0,-0.8381197280185997,-0.8380328706963514,8.685732224833487e-05,8.685732224833487e-05,8.685732224833487e-05,False,0.09282718834393745,16.677128995070234,880.0,43.0,,,
single_step,equal_fe,hvac,GWO,23,375.0,20.0,1.0,1.0,-0.8381197280185997,-0.8374800340118742,0.0006396940067254775,0.0006396940067254775,0.0006396940067254775,False,0.25191763885434865,10.124984997673891,540.0,26.0,,,
single_step,equal_fe,hvac,GWO,24,375.0,20.0,1.0,1.0,-0.8381197280185997,-0.838104029066836,1.5698951763676305e-05,1.5698951763676305e-05,1.5698951763676305e-05,False,0.03946452946942351,19.11408398882486,1000.0,49.0,,,
single_step,equal_fe,hvac,GWO,25,375.0,20.0,1.0,1.0,-0.8381197280185997,-0.8380890436533412,3.068436525843765e-05,3.068436525843765e-05,3.068436525843765e-05,False,0.05517343348837109,19.204344993340783,1000.0,49.0,,,
single_step,equal_fe,hvac,GWO,26,375.0,20.0,1.0,1.0,-0.8381197280185997,-0.8379798715296731,0.00013985648892655966,0.00013985648892655966,0.00013985648892655966,False,0.11779150891806742,13.654430993483402,720.0,35.0,,,
single_step,equal_fe,hvac,GWO,27,375.0,20.0,1.0,1.0,-0.8381197280185997,-0.8378407944316419,0.0002789335869577414,0.0002789335869577414,0.0002789335869577414,False,0.16634995030128436,10.60662699455861,560.0,27.0,,,
single_step,equal_fe,hvac,GWO,28,375.0,20.0,1.0,1.0,-0.8381197280185997,-0.838089808486814,2.9919531785660425e-05,2.9919531785660425e-05,2.9919531785660425e-05,False,0.05448170040632475,19.05307499691844,1000.0,49.0,,,
single_step,equal_fe,hvac,GWO,29,375.0,20.0,1.0,1.0,-0.8381197280185997,-0.8381107225828033,9.005435796405337e-06,9.005435796405337e-06,9.005435796405337e-06,False,0.029889960935503376,19.130526008666493,1000.0,49.0,,,
single_step,equal_fe,hvac,GWO,30,375.0,20.0,1.0,1.0,-0.8381197280185997,-0.8381160511770815,3.676841518140961e-06,3.676841518140961e-06,3.676841518140961e-06,False,0.01909898355459504,19.194616994354874,1000.0,49.0,,,
single_step,equal_fe,hvac,GWO,31,375.0,20.0,1.0,1.0,-0.8381197280185997,-0.8381175500417981,2.1779768015761647e-06,2.1779768015761647e-06,2.1779768015761647e-06,False,0.014699450701646993,19.368959998246282,1000.0,49.0,,,
single_step,equal_fe,hvac,GWO,32,375.0,20.0,1.0,1.0,-0.8381197280185997,-0.8381038948877915,1.5833130808218243e-05,1.5833130808218243e-05,1.5833130808218243e-05,False,0.03963299281294771,19.341293998877518,1000.0,49.0,,,
single_step,equal_fe,hvac,GWO,33,375.0,20.0,1.0,1.0,-0.8381197280185997,-0.8372021871430351,0.0009175408755646153,0.0009175408755646153,0.0009175408755646153,False,0.3017067846428249,11.881882004672661,620.0,30.0,,,
single_step,equal_fe,hvac,GWO,34,375.0,20.0,1.0,1.0,-0.8381197280185997,-0.8372686746716682,0.000851053346931474,0.000851053346931474,0.000851053346931474,False,0.29057005767729316,11.913983995327726,620.0,30.0,,,
single_step,equal_fe,hvac,GWO,35,375.0,20.0,1.0,1.0,-0.8381197280185997,-0.8378843359808231,0.0002353920377765606,0.0002353920377765606,0.0002353920377765606,False,0.1528158838516303,12.733822004520334,660.0,32.0,,,
single_step,equal_fe,hvac,GWO,36,375.0,20.0,1.0,1.0,-0.8381197280185997,-0.8367392541144474,0.0013804739041523018,0.0013804739041523018,0.0013804739041523018,False,0.3700720950735741,7.922089993371628,420.0,20.0,,,
single_step,equal_fe,hvac,GWO,37,375.0,20.0,1.0,1.0,-0.8381197280185997,-0.8378789033097265,0.00024082470887321072,0.00024082470887321072,0.00024082470887321072,False,0.15456906826641198,15.271766998921521,800.0,39.0,,,
single_step,equal_fe,hvac,GWO,38,375.0,20.0,1.0,1.0,-0.8381197280185997,-0.8381063275423524,1.3400476247316107e-05,1.3400476247316107e-05,1.3400476247316107e-05,False,0.03646142509913748,19.252414000220597,1000.0,49.0,,,
single_step,equal_fe,hvac,GWO,39,375.0,20.0,1.0,1.0,-0.8381197280185997,-0.838099580713707,2.0147304892637052e-05,2.0147304892637052e-05,2.0147304892637052e-05,False,0.044707459406804206,19.409209009609185,1000.0,49.0,,,
single_step,equal_fe,hvac,GWO,40,375.0,20.0,1.0,1.0,-0.8381197280185997,-0.8376995368386564,0.0004201911799432967,0.0004201911799432967,0.0004201911799432967,False,0.20417177545296936,15.085538005223498,780.0,38.0,,,
single_step,equal_fe,hvac,GWO,41,375.0,20.0,1.0,1.0,-0.8381197280185997,-0.838105583747063,1.4144271536675745e-05,1.4144271536675745e-05,1.4144271536675745e-05,False,0.037459589383577546,19.833562007988803,1000.0,49.0,,,
single_step,equal_fe,hvac,GWO,42,375.0,20.0,1.0,1.0,-0.8381197280185997,-0.8368977629929478,0.001221965025651861,0.001221965025651861,0.001221965025651861,False,0.3481783800875688,9.265633998438716,480.0,23.0,,,
single_step,equal_fe,hvac,GWO,43,375.0,20.0,1.0,1.0,-0.8381197280185997,-0.8381125971962066,7.130822393119907e-06,7.130822393119907e-06,7.130822393119907e-06,False,0.026597654243250297,19.419623000430875,1000.0,49.0,,,
single_step,equal_fe,hvac,GWO,44,375.0,20.0,1.0,1.0,-0.8381197280185997,-0.8381148813130579,4.846705541794449e-06,4.846705541794449e-06,4.846705541794449e-06,False,0.021927755140245617,19.380655998247676,1000.0,49.0,,,
single_step,equal_fe,hvac,GWO,45,375.0,20.0,1.0,1.0,-0.8381197280185997,-0.8381044429758833,1.5285042716417507e-05,1.5285042716417507e-05,1.5285042716417507e-05,False,0.038940847391418926,19.50897001370322,1000.0,49.0,,,
single_step,equal_fe,hvac,GWO,46,375.0,20.0,1.0,1.0,-0.8381197280185997,-0.8374259932592144,0.0006937347593852783,0.0006937347593852783,0.0006937347593852783,False,0.2623427764692985,8.477567011141218,440.0,21.0,,,
single_step,equal_fe,hvac,GWO,47,375.0,20.0,1.0,1.0,-0.8381197280185997,-0.8380976392053054,2.208881329424095e-05,2.208881329424095e-05,2.208881329424095e-05,False,0.04681211959773094,19.529588011209853,1000.0,49.0,,,
single_step,equal_fe,hvac,GWO,48,375.0,20.0,1.0,1.0,-0.8381197280185997,-0.8380936911892725,2.6036829327225064e-05,2.6036829327225064e-05,2.6036829327225064e-05,False,0.050823607015950734,19.2489870096324,1000.0,49.0,,,
single_step,equal_fe,hvac,GWO,49,375.0,20.0,1.0,1.0,-0.8381197280185997,-0.8381146946775363,5.033341063387375e-06,5.033341063387375e-06,5.033341063387375e-06,False,0.0223460300218466,19.32056399527937,1000.0,49.0,,,
single_step,equal_fe,hvac,PSO,0,375.0,20.0,1.0,1.0,-0.8381197280185997,-0.8381176812720867,2.046746512940345e-06,2.046746512940345e-06,2.046746512940345e-06,False,0.014249751766844093,3.871454988257028,1000.0,51.0,,,
single_step,equal_fe,hvac,PSO,1,375.0,20.0,1.0,1.0,-0.8381197280185997,-0.8380719696200803,4.77583985193375e-05,4.77583985193375e-05,4.77583985193375e-05,False,0.06883308356787152,3.8180340052349493,1000.0,51.0,,,
single_step,equal_fe,hvac,PSO,2,375.0,20.0,1.0,1.0,-0.8381197280185997,-0.8377723867646432,0.0003473412539565235,0.0003473412539565235,0.0003473412539565235,False,0.18563097695464253,3.9282020006794482,1000.0,51.0,,,
single_step,equal_fe,hvac,PSO,3,375.0,20.0,1.0,1.0,-0.8381197280185997,-0.8380686685369327,5.1059481666948514e-05,5.1059481666948514e-05,5.1059481666948514e-05,False,0.07117214110759452,3.9317880000453442,1000.0,51.0,,,
single_step,equal_fe,hvac,PSO,4,375.0,20.0,1.0,1.0,-0.8381197280185997,-0.83810077967988,1.8948338719737556e-05,1.8948338719737556e-05,1.8948338719737556e-05,False,0.04335674666959494,3.937296991352923,1000.0,51.0,,,
single_step,equal_fe,hvac,PSO,5,375.0,20.0,1.0,1.0,-0.8381197280185997,-0.7588045747720886,0.07931515324651106,0.07931515324651106,0.07931515324651106,False,2.8051135019815217,1.2579730100696906,320.0,16.0,,,
single_step,equal_fe,hvac,PSO,6,375.0,20.0,1.0,1.0,-0.8381197280185997,-0.7427978462060962,0.09532188181250345,0.09532188181250345,0.09532188181250345,False,3.0751666753710967,1.6359500004909933,420.0,21.0,,,
single_step,equal_fe,hvac,PSO,7,375.0,20.0,1.0,1.0,-0.8381197280185997,-0.8379826253569942,0.00013710266160549267,0.00013710266160549267,0.00013710266160549267,False,0.11662593689911313,3.9078949921531603,1000.0,51.0,,,
single_step,equal_fe,hvac,PSO,8,375.0,20.0,1.0,1.0,-0.8381197280185997,-0.837772354214858,0.000347373803741724,0.000347373803741724,0.000347373803741724,False,0.18563983504918824,3.9727489929646254,1000.0,51.0,,,
single_step,equal_fe,hvac,PSO,9,375.0,20.0,1.0,1.0,-0.8381197280185997,-0.8380578325586313,6.18954599683752e-05,6.18954599683752e-05,6.18954599683752e-05,False,0.07836144471593508,4.052354008308612,1000.0,51.0,,,
single_step,equal_fe,hvac,PSO,10,375.0,20.0,1.0,1.0,-0.8381197280185997,-0.7825090919273334,0.05561063609126626,0.05561063609126626,0.05561063609126626,False,2.348828454069562,1.4943590067559853,380.0,19.0,,,
single_step,equal_fe,hvac,PSO,11,375.0,20.0,1.0,1.0,-0.8381197280185997,-0.3854532193660163,0.4526665086525834,0.4526665086525834,0.4526665086525834,False,6.701338221226401,1.326399011304602,340.0,17.0,,,
single_step,equal_fe,hvac,PSO,12,375.0,20.0,1.0,1.0,-0.8381197280185997,-0.8378324728801414,0.00028725513845828665,0.00028725513845828665,0.00028725513845828665,False,0.16881319205892464,3.9538019918836653,1000.0,51.0,,,
single_step,equal_fe,hvac,PSO,13,375.0,20.0,1.0,1.0,-0.8381197280185997,-0.8381082437068132,1.1484311786436052e-05,1.1484311786436052e-05,1.1484311786436052e-05,False,0.03375393562511952,3.9196540019474924,1000.0,51.0,,,
single_step,equal_fe,hvac,PSO,14,375.0,20.0,1.0,1.0,-0.8381197280185997,-0.8373443008554279,0.0007754271631718046,0.0007754271631718046,0.0007754271631718046,False,0.27735928887201583,3.966737989685498,1000.0,51.0,,,
single_step,equal_fe,hvac,PSO,15,375.0,20.0,1.0,1.0,-0.8381197280185997,-0.8378146547603954,0.00030507325820428033,0.00030507325820428033,0.00030507325820428033,False,0.17397002814625936,3.934081003535539,1000.0,51.0,,,
single_step,equal_fe,hvac,PSO,16,375.0,20.0,1.0,1.0,-0.8381197280185997,-0.8380809852708363,3.8742747763387264e-05,3.8742747763387264e-05,3.8742747763387264e-05,False,0.0619966008458812,4.042815009597689,1000.0,51.0,,,
single_step,equal_fe,hvac,PSO,17,375.0,20.0,1.0,1.0,-0.8381197280185997,-0.83790730249164,0.00021242552695965866,0.00021242552695965866,0.00021242552695965866,False,0.14516964688424375,3.9283349906327203,1000.0,51.0,,,
single_step,equal_fe,hvac,PSO,18,375.0,20.0,1.0,1.0,-0.8381197280185997,-0.838073787416995,4.5940601604677056e-05,4.5940601604677056e-05,4.5940601604677056e-05,False,0.06751039158969918,3.908223006874323,1000.0,51.0,,,
single_step,equal_fe,hvac,PSO,19,375.0,20.0,1.0,1.0,-0.8381197280185997,-0.8380060016763944,0.00011372634220530031,0.00011372634220530031,0.00011372634220530031,False,0.10621925551277049,3.908233004040085,1000.0,51.0,,,
single_step,equal_fe,hvac,PSO,20,375.0,20.0,1.0,1.0,-0.8381197280185997,-0.8380571960134551,6.253200514461099e-05,6.253200514461099e-05,6.253200514461099e-05,False,0.0787633153368579,3.9235099975485355,1000.0,51.0,,,
single_step,equal_fe,hvac,PSO,21,375.0,20.0,1.0,1.0,-0.8381197280185997,-0.8101906245221699,0.02792910349642974,0.02792910349642974,0.02792910349642974,False,1.664565462025272,1.717537990771234,440.0,22.0,,,
single_step,equal_fe,hvac,PSO,22,375.0,20.0,1.0,1.0,-0.8381197280185997,-0.8381085862825325,1.1141736067199481e-05,1.1141736067199481e-05,1.1141736067199481e-05,False,0.033246789869937565,3.9314780005952343,1000.0,51.0,,,
single_step,equal_fe,hvac,PSO,23,375.0,20.0,1.0,1.0,-0.8381197280185997,-0.8381166821826835,3.0458359161489312e-06,3.0458359161489312e-06,3.0458359161489312e-06,False,0.017382926507386813,3.928877995349467,1000.0,51.0,,,
single_step,equal_fe,hvac,PSO,24,375.0,20.0,1.0,1.0,-0.8381197280185997,-0.8380120407625256,0.00010768725607412932,0.00010768725607412932,0.00010768725607412932,False,0.1033605164339818,3.939105008612387,1000.0,51.0,,,
single_step,equal_fe,hvac,PSO,25,375.0,20.0,1.0,1.0,-0.8381197280185997,-0.8380936416827498,2.608633584988418e-05,2.608633584988418e-05,2.608633584988418e-05,False,0.05087208815362346,3.9655759901506826,1000.0,51.0,,,
single_step,equal_fe,hvac,PSO,26,375.0,20.0,1.0,1.0,-0.8381197280185997,-0.8257009981721477,0.012418729846451981,0.012418729846451981,0.012418729846451981,False,1.1099693470931198,1.5599329926772043,400.0,20.0,,,
single_step,equal_fe,hvac,PSO,27,375.0,20.0,1.0,1.0,-0.8381197280185997,-0.8379812966541333,0.0001384313644663404,0.0001384313644663404,0.0001384313644663404,False,0.1171896930008298,3.938766007195227,1000.0,51.0,,,
single_step,equal_fe,hvac,PSO,28,375.0,20.0,1.0,1.0,-0.8381197280185997,-0.8381000367140344,1.9691304565250256e-05,1.9691304565250256e-05,1.9691304565250256e-05,False,0.044198805063138995,3.961310998420231,1000.0,51.0,,,
single_step,equal_fe,hvac,PSO,29,375.0,20.0,1.0,1.0,-0.8381197280185997,-0.8042571147526736,0.0338626132659261,0.0338626132659261,0.0338626132659261,False,1.832873811638996,2.247932003228925,580.0,29.0,,,
single_step,equal_fe,hvac,PSO,30,375.0,20.0,1.0,1.0,-0.8381197280185997,-0.838062822546616,5.690547198367035e-05,5.690547198367035e-05,5.690547198367035e-05,False,0.07513618780636626,3.916399000445381,1000.0,51.0,,,
single_step,equal_fe,hvac,PSO,31,375.0,20.0,1.0,1.0,-0.8381197280185997,-0.8379861075950754,0.00013362042352427217,0.00013362042352427217,0.00013362042352427217,False,0.11513535275519032,3.9899390103528276,1000.0,51.0,,,
single_step,equal_fe,hvac,PSO,32,375.0,20.0,1.0,1.0,-0.8381197280185997,-0.8381105854785724,9.142540027262669e-06,9.142540027262669e-06,9.142540027262669e-06,False,0.030116691120279027,4.025686997920275,1000.0,51.0,,,
single_step,equal_fe,hvac,PSO,33,375.0,20.0,1.0,1.0,-0.8381197280185997,-0.8340774869188414,0.004042241099758259,0.004042241099758259,0.004042241099758259,False,0.6332619901233215,3.0684469966217875,780.0,39.0,,,
single_step,equal_fe,hvac,PSO,34,375.0,20.0,1.0,1.0,-0.8381197280185997,-0.8380996306200841,2.0097398515606102e-05,2.0097398515606102e-05,2.0097398515606102e-05,False,0.04465217507892144,3.964144008932635,1000.0,51.0,,,
single_step,equal_fe,hvac,PSO,35,375.0,20.0,1.0,1.0,-0.8381197280185997,-0.8380325307368408,8.719728175887731e-05,8.719728175887731e-05,8.719728175887731e-05,False,0.09300864787831684,4.040429994347505,1000.0,51.0,,,
single_step,equal_fe,hvac,PSO,36,375.0,20.0,1.0,1.0,-0.8381197280185997,-0.837751333466034,0.000368394552565654,0.000368394552565654,0.000368394552565654,False,0.19117398480101894,3.959394001867622,1000.0,51.0,,,
single_step,equal_fe,hvac,PSO,37,375.0,20.0,1.0,1.0,-0.8381197280185997,-0.7120313664365117,0.12608836158208803,0.12608836158208803,0.12608836158208803,False,3.536794809007941,1.3483020011335611,340.0,17.0,,,
single_step,equal_fe,hvac,PSO,38,375.0,20.0,1.0,1.0,-0.8381197280185997,-0.838086106126686,3.362189191369325e-05,3.362189191369325e-05,3.362189191369325e-05,False,0.05775416855142667,3.926678007701412,1000.0,51.0,,,
single_step,equal_fe,hvac,PSO,39,375.0,20.0,1.0,1.0,-0.8381197280185997,-0.715521006010107,0.12259872200849264,0.12259872200849264,0.12259872200849264,False,3.487508896887028,1.4929269964341074,380.0,19.0,,,
single_step,equal_fe,hvac,PSO,40,375.0,20.0,1.0,1.0,-0.8381197280185997,-0.83803899322811,8.073479048964494e-05,8.073479048964494e-05,8.073479048964494e-05,False,0.08949587965432078,4.042543994728476,1000.0,51.0,,,
single_step,equal_fe,hvac,PSO,41,375.0,20.0,1.0,1.0,-0.8381197280185997,-0.8381107021690499,9.025849549759712e-06,9.025849549759712e-06,9.025849549759712e-06,False,0.029923644721789374,3.946320997783914,1000.0,51.0,,,
single_step,equal_fe,hvac,PSO,42,375.0,20.0,1.0,1.0,-0.8381197280185997,-0.838072453478968,4.727453963171424e-05,4.727453963171424e-05,4.727453963171424e-05,False,0.06848351935307267,3.9122269954532385,1000.0,51.0,,,
single_step,equal_fe,hvac,PSO,43,375.0,20.0,1.0,1.0,-0.8381197280185997,-0.8378996410089787,0.00022008700962095062,0.00022008700962095062,0.00022008700962095062,False,0.14776424657168913,3.902041004039347,1000.0,51.0,,,
single_step,equal_fe,hvac,PSO,44,375.0,20.0,1.0,1.0,-0.8381197280185997,-0.8380585404306446,6.11875879550361e-05,6.11875879550361e-05,6.11875879550361e-05,False,0.07791187418353566,3.9270929992198944,1000.0,51.0,,,
single_step,equal_fe,hvac,PSO,45,375.0,20.0,1.0,1.0,-0.8381197280185997,-0.8381029621723144,1.6765846285293762e-05,1.6765846285293762e-05,1.6765846285293762e-05,False,0.0407835211651005,3.8779649912612513,1000.0,51.0,,,
single_step,equal_fe,hvac,PSO,46,375.0,20.0,1.0,1.0,-0.8381197280185997,-0.8380283960633412,9.133195525845572e-05,9.133195525845572e-05,9.133195525845572e-05,False,0.09518839482326875,3.8012349978089333,1000.0,51.0,,,
single_step,equal_fe,hvac,PSO,47,375.0,20.0,1.0,1.0,-0.8381197280185997,-0.8380974998309417,2.2228187657957754e-05,2.2228187657957754e-05,2.2228187657957754e-05,False,0.046959682136597625,3.810920999967493,1000.0,51.0,,,
single_step,equal_fe,hvac,PSO,48,375.0,20.0,1.0,1.0,-0.8381197280185997,-0.8380778183077737,4.190971082596029e-05,4.190971082596029e-05,4.190971082596029e-05,False,0.06448069350439024,3.7619419890688732,1000.0,51.0,,,
single_step,equal_fe,hvac,PSO,49,375.0,20.0,1.0,1.0,-0.8381197280185997,-0.8381016192890339,1.810872956575782e-05,1.810872956575782e-05,1.810872956575782e-05,False,0.042385426715139625,3.760795996640809,1000.0,51.0,,,
single_step,equal_fe,hvac,WOA,0,375.0,20.0,1.0,1.0,-0.8381197280185997,-0.8289521305047223,0.009167597513877412,0.009167597513877412,0.009167597513877412,False,0.9536743531559109,8.07613400684204,1000.0,51.0,,,
single_step,equal_fe,hvac,WOA,1,375.0,20.0,1.0,1.0,-0.8381197280185997,-0.8374190686113888,0.0007006594072108685,0.0007006594072108685,0.0007006594072108685,False,0.26364873413020995,7.958399000926875,1000.0,51.0,,,
single_step,equal_fe,hvac,WOA,2,375.0,20.0,1.0,1.0,-0.8381197280185997,-0.8362904865024903,0.0018292415161094144,0.0018292415161094144,0.0018292415161094144,False,0.4259983771659935,8.083071006694809,1000.0,51.0,,,
single_step,equal_fe,hvac,WOA,3,375.0,20.0,1.0,1.0,-0.8381197280185997,-0.8344138584210236,0.003705869597576128,0.003705869597576128,0.003705869597576128,False,0.6063416487185272,8.095787998172455,1000.0,50.0,,,
single_step,equal_fe,hvac,WOA,4,375.0,20.0,1.0,1.0,-0.8381197280185997,-0.8349957217640338,0.003124006254565881,0.003124006254565881,0.003124006254565881,False,0.5567091211457863,7.963197000208311,1000.0,51.0,,,
single_step,equal_fe,hvac,WOA,5,375.0,20.0,1.0,1.0,-0.8381197280185997,-0.829736734244265,0.008382993774334713,0.008382993774334713,0.008382993774334713,False,0.9119518051654173,8.051629003603011,1000.0,51.0,,,
single_step,equal_fe,hvac,WOA,6,375.0,20.0,1.0,1.0,-0.8381197280185997,-0.8371285200626324,0.0009912079559672993,0.0009912079559672993,0.0009912079559672993,False,0.3135845743773552,8.139161000144668,1000.0,51.0,,,
single_step,equal_fe,hvac,WOA,7,375.0,20.0,1.0,1.0,-0.8381197280185997,-0.8344619354525873,0.0036577925660123967,0.0036577925660123967,0.0036577925660123967,False,0.6023957636329769,8.3118139882572,1000.0,51.0,,,
single_step,equal_fe,hvac,WOA,8,375.0,20.0,1.0,1.0,-0.8381197280185997,-0.8376778847218345,0.00044184329676522083,0.00044184329676522083,0.00044184329676522083,False,0.2093660493274015,8.269720012322068,1000.0,51.0,,,
single_step,equal_fe,hvac,WOA,9,375.0,20.0,1.0,1.0,-0.8381197280185997,-0.8375830554800062,0.0005366725385934634,0.0005366725385934634,0.0005366725385934634,False,0.23074222683727305,8.357062004506588,1000.0,51.0,,,
single_step,equal_fe,hvac,WOA,10,375.0,20.0,1.0,1.0,-0.8381197280185997,-0.8281936498854501,0.009926078133149607,0.009926078133149607,0.009926078133149607,False,0.9923415276127248,8.32103900029324,1000.0,51.0,,,
single_step,equal_fe,hvac,WOA,11,375.0,20.0,1.0,1.0,-0.8381197280185997,-0.837625326159963,0.000494401858636695,0.000494401858636695,0.000494401858636695,False,0.22146874710063677,8.30633900477551,1000.0,51.0,,,
single_step,equal_fe,hvac,WOA,12,375.0,20.0,1.0,1.0,-0.8381197280185997,-0.8337823268997858,0.004337401118813866,0.004337401118813866,0.004337401118813866,False,0.655974667946908,8.323752990690991,1000.0,51.0,,,
single_step,equal_fe,hvac,WOA,13,375.0,20.0,1.0,1.0,-0.8381197280185997,-0.8307826033324623,0.007337124686137342,0.007337124686137342,0.007337124686137342,False,0.8531695624011102,8.185782004147768,1000.0,51.0,,,
single_step,equal_fe,hvac,WOA,14,375.0,20.0,1.0,1.0,-0.8381197280185997,-0.833384588495309,0.004735139523290632,0.004735139523290632,0.004735139523290632,False,0.6853916465112014,8.152271999279037,1000.0,51.0,,,
single_step,equal_fe,hvac,WOA,15,375.0,20.0,1.0,1.0,-0.8381197280185997,-0.8329302610537118,0.005189466964887868,0.005189466964887868,0.005189466964887868,False,0.7175194891184921,8.296493993839249,1000.0,51.0,,,
single_step,equal_fe,hvac,WOA,16,375.0,20.0,1.0,1.0,-0.8381197280185997,-0.8367710415426635,0.0013486864759362227,0.0013486864759362227,0.0013486864759362227,False,0.36578666152868233,8.228292004787363,1000.0,51.0,,,
single_step,equal_fe,hvac,WOA,17,375.0,20.0,1.0,1.0,-0.8381197280185997,-0.831722841122871,0.006396886895728704,0.006396886895728704,0.006396886895728704,False,0.796630099963599,8.130084999720566,1000.0,51.0,,,
single_step,equal_fe,hvac,WOA,18,375.0,20.0,1.0,1.0,-0.8381197280185997,-0.8180826588565445,0.020037069162055166,0.020037069162055166,0.020037069162055166,False,1.4099037316917618,8.167117004632019,1000.0,51.0,,,
single_step,equal_fe,hvac,WOA,19,375.0,20.0,1.0,1.0,-0.8381197280185997,-0.8310745282449478,0.007045199773651922,0.007045199773651922,0.007045199773651922,False,0.8360244212815764,8.321957007865421,1000.0,51.0,,,
single_step,equal_fe,hvac,WOA,20,375.0,20.0,1.0,1.0,-0.8381197280185997,-0.8371494934276814,0.000970234590918273,0.000970234590918273,0.000970234590918273,False,0.31024916922501083,6.952156007173471,840.0,42.0,,,
single_step,equal_fe,hvac,WOA,21,375.0,20.0,1.0,1.0,-0.8381197280185997,-0.8375735769089256,0.0005461511096740423,0.0005461511096740423,0.0005461511096740423,False,0.23277098469503302,8.32284199714195,1000.0,51.0,,,
single_step,equal_fe,hvac,WOA,22,375.0,20.0,1.0,1.0,-0.8381197280185997,-0.835965033188946,0.0021546948296536916,0.0021546948296536916,0.0021546948296536916,False,0.4623439484155018,8.07863799855113,1000.0,51.0,,,
single_step,equal_fe,hvac,WOA,23,375.0,20.0,1.0,1.0,-0.8381197280185997,-0.8349063410301949,0.003213386988404787,0.003213386988404787,0.003213386988404787,False,0.5646168998525868,8.223573007853702,1000.0,51.0,,,
single_step,equal_fe,hvac,WOA,24,375.0,20.0,1.0,1.0,-0.8381197280185997,-0.8373724358174847,0.000747292201115024,0.000747292201115024,0.000747292201115024,False,0.2722811008779476,8.189129992388189,1000.0,51.0,,,
single_step,equal_fe,hvac,WOA,25,375.0,20.0,1.0,1.0,-0.8381197280185997,-0.8318961045929087,0.006223623425690938,0.006223623425690938,0.006223623425690938,False,0.785767420797593,8.311154000693932,1000.0,51.0,,,
single_step,equal_fe,hvac,WOA,26,375.0,20.0,1.0,1.0,-0.8381197280185997,-0.8364999889089988,0.0016197391096008928,0.0016197391096008928,0.0016197391096008928,False,0.40086193801630177,8.30383000720758,1000.0,51.0,,,
single_step,equal_fe,hvac,WOA,27,375.0,20.0,1.0,1.0,-0.8381197280185997,-0.8367857995731113,0.0013339284454884082,0.0013339284454884082,0.0013339284454884082,False,0.3637799133299114,8.293324004625902,1000.0,51.0,,,
single_step,equal_fe,hvac,WOA,28,375.0,20.0,1.0,1.0,-0.8381197280185997,-0.8379650747216888,0.00015465329691088936,0.00015465329691088936,0.00015465329691088936,False,0.12386589213230702,8.267953991889954,1000.0,51.0,,,
single_step,equal_fe,hvac,WOA,29,375.0,20.0,1.0,1.0,-0.8381197280185997,-0.8214395834874064,0.016680144531193264,0.016680144531193264,0.016680144531193264,False,1.2863887836261108,8.314482009154744,1000.0,51.0,,,
single_step,equal_fe,hvac,WOA,30,375.0,20.0,1.0,1.0,-0.8381197280185997,-0.8352171268822663,0.002902601136333338,0.002902601136333338,0.002902601136333338,False,0.5366188768995721,7.435955994878896,900.0,45.0,,,
single_step,equal_fe,hvac,WOA,31,375.0,20.0,1.0,1.0,-0.8381197280185997,-0.8279286159632596,0.010191112055340068,0.010191112055340068,0.010191112055340068,False,1.0055025661642427,8.378344995435327,1000.0,51.0,,,
single_step,equal_fe,hvac,WOA,32,375.0,20.0,1.0,1.0,-0.8381197280185997,-0.8371303581595612,0.0009893698590385247,0.0009893698590385247,0.0009893698590385247,False,0.31329366294033684,8.287892997032031,1000.0,51.0,,,
single_step,equal_fe,hvac,WOA,33,375.0,20.0,1.0,1.0,-0.8381197280185997,-0.8353388616943775,0.002780866324222142,0.002780866324222142,0.002780866324222142,False,0.525245467102198,8.306593997986056,1000.0,51.0,,,
single_step,equal_fe,hvac,WOA,34,375.0,20.0,1.0,1.0,-0.8381197280185997,-0.78953994665739,0.04857978136120966,0.04857978136120966,0.04857978136120966,False,2.1953316876977977,8.311154000693932,1000.0,51.0,,,
single_step,equal_fe,hvac,WOA,35,375.0,20.0,1.0,1.0,-0.8381197280185997,-0.8368423958351929,0.0012773321834067541,0.0012773321834067541,0.0012773321834067541,False,0.355978949029452,8.311515004606918,1000.0,51.0,,,
single_step,equal_fe,hvac,WOA,36,375.0,20.0,1.0,1.0,-0.8381197280185997,-0.8364718284497872,0.0016478995688125053,0.0016478995688125053,0.0016478995688125053,False,0.40433158061736196,8.37754798703827,1000.0,51.0,,,
single_step,equal_fe,hvac,WOA,37,375.0,20.0,1.0,1.0,-0.8381197280185997,-0.8348723968932303,0.003247331125369346,0.003247331125369346,0.003247331125369346,False,0.5675911195561268,8.303223003167659,1000.0,51.0,,,
single_step,equal_fe,hvac,WOA,38,375.0,20.0,1.0,1.0,-0.8381197280185997,-0.8212870763811984,0.01683265163740133,0.01683265163740133,0.01683265163740133,False,1.292256264900662,8.511745996656828,1000.0,51.0,,,
single_step,equal_fe,hvac,WOA,39,375.0,20.0,1.0,1.0,-0.8381197280185997,-0.8311576690368341,0.0069620589817656064,0.0069620589817656064,0.0069620589817656064,False,0.8310768598177105,8.28234500659164,1000.0,51.0,,,
single_step,equal_fe,hvac,WOA,40,375.0,20.0,1.0,1.0,-0.8381197280185997,-0.8352166477094856,0.0029030803091141255,0.0029030803091141255,0.0029030803091141255,False,0.5366632512384505,8.277378990896977,1000.0,51.0,,,
single_step,equal_fe,hvac,WOA,41,375.0,20.0,1.0,1.0,-0.8381197280185997,-0.8287915342415286,0.009328193777071059,0.009328193777071059,0.009328193777071059,False,0.9619912358869797,8.30063599278219,1000.0,51.0,,,
single_step,equal_fe,hvac,WOA,42,375.0,20.0,1.0,1.0,-0.8381197280185997,-0.8380979170253607,2.181099323894653e-05,2.181099323894653e-05,2.181099323894653e-05,False,0.04651675626382253,8.357311991858296,1000.0,51.0,,,
single_step,equal_fe,hvac,WOA,43,375.0,20.0,1.0,1.0,-0.8381197280185997,-0.8291423329466776,0.008977395071922079,0.008977395071922079,0.008977395071922079,False,0.9437293929814237,8.471349006867968,1000.0,51.0,,,
single_step,equal_fe,hvac,WOA,44,375.0,20.0,1.0,1.0,-0.8381197280185997,-0.8355829546833824,0.0025367733352172905,0.0025367733352172905,0.0025367733352172905,False,0.5016643767305187,8.24430699867662,1000.0,51.0,,,
single_step,equal_fe,hvac,WOA,45,375.0,20.0,1.0,1.0,-0.8381197280185997,-0.8349205202449386,0.003199207773661117,0.003199207773661117,0.003199207773661117,False,0.5633699209319261,8.368145994609222,1000.0,51.0,,,
single_step,equal_fe,hvac,WOA,46,375.0,20.0,1.0,1.0,-0.8381197280185997,-0.8370380369500081,0.0010816910685915726,0.0010816910685915726,0.0010816910685915726,False,0.32758505401934473,8.33195100130979,1000.0,51.0,,,
single_step,equal_fe,hvac,WOA,47,375.0,20.0,1.0,1.0,-0.8381197280185997,-0.8317238144912692,0.006395913527330488,0.006395913527330488,0.006395913527330488,False,0.7965695206490451,8.443326994893141,1000.0,51.0,,,
single_step,equal_fe,hvac,WOA,48,375.0,20.0,1.0,1.0,-0.8381197280185997,-0.8357255344389523,0.00239419357964743,0.00239419357964743,0.00239419357964743,False,0.4873622876056174,8.3413069951348,1000.0,51.0,,,
single_step,equal_fe,hvac,WOA,49,375.0,20.0,1.0,1.0,-0.8381197280185997,-0.8379024516717055,0.00021727634689416853,0.00021727634689416853,0.00021727634689416853,False,0.14681783606167736,8.377827005460858,1000.0,50.0,,,
closed_loop,equal_fe,hvac,QP,0,,,,,,,,,,,,0.4945053967530839,18.530666666666665,,0.020766893738445827,0.020766893738445827,1500.0
closed_loop,equal_fe,hvac,SGO,0,,,,,,,,,,,,4.259173788770568,341.224,,0.020692354760814418,0.020692354760814418,1500.0
closed_loop,equal_fe,hvac,SGO,1,,,,,,,,,,,,4.24738715608449,343.948,,0.020709333643527263,0.020709333643527263,1500.0
closed_loop,equal_fe,hvac,SGO,2,,,,,,,,,,,,4.213822699976542,344.228,,0.020706071549442793,0.020706071549442793,1500.0
closed_loop,equal_fe,hvac,SGO,3,,,,,,,,,,,,4.161952093272703,343.1093333333333,,0.02071164358104655,0.02071164358104655,1500.0
closed_loop,equal_fe,hvac,SGO,4,,,,,,,,,,,,4.165140738720463,341.9626666666667,,0.020694460266635507,0.020694460266635507,1500.0
closed_loop,equal_fe,hvac,SGO,5,,,,,,,,,,,,3.9935470991573916,341.30266666666665,,0.02070702210120433,0.02070702210120433,1500.0
closed_loop,equal_fe,hvac,SGO,6,,,,,,,,,,,,4.018885759316618,341.87466666666666,,0.02070742679621194,0.02070742679621194,1500.0
closed_loop,equal_fe,hvac,SGO,7,,,,,,,,,,,,4.060058160520081,344.06933333333336,,0.020701737208203598,0.020701737208203598,1500.0
closed_loop,equal_fe,hvac,SGO,8,,,,,,,,,,,,4.1841542440427775,343.49066666666664,,0.020700783576978462,0.020700783576978462,1500.0
closed_loop,equal_fe,hvac,SGO,9,,,,,,,,,,,,4.196810348405658,343.66,,0.02071270017576948,0.02071270017576948,1500.0
closed_loop,equal_fe,hvac,SGO,10,,,,,,,,,,,,4.131306171203808,339.9653333333333,,0.020713667635013946,0.020713667635013946,1500.0
closed_loop,equal_fe,hvac,SGO,11,,,,,,,,,,,,4.206901972579847,345.03066666666666,,0.020706190221708665,0.020706190221708665,1500.0
closed_loop,equal_fe,hvac,SGO,12,,,,,,,,,,,,4.16605436745643,344.012,,0.020699467017884183,0.020699467017884183,1500.0
closed_loop,equal_fe,hvac,SGO,13,,,,,,,,,,,,4.176831075931356,344.568,,0.02069937106449346,0.02069937106449346,1500.0
closed_loop,equal_fe,hvac,SGO,14,,,,,,,,,,,,4.1819013872785336,343.15066666666667,,0.02070722320638819,0.02070722320638819,1500.0
closed_loop,equal_fe,hvac,SGO,15,,,,,,,,,,,,4.181306117854547,343.9653333333333,,0.020712247813766297,0.020712247813766297,1500.0
closed_loop,equal_fe,hvac,SGO,16,,,,,,,,,,,,4.10971555642512,343.04266666666666,,0.020707043112426275,0.020707043112426275,1500.0
closed_loop,equal_fe,hvac,SGO,17,,,,,,,,,,,,4.002275206827714,343.54,,0.02071211897094905,0.02071211897094905,1500.0
closed_loop,equal_fe,hvac,SGO,18,,,,,,,,,,,,4.0199046725853504,343.94,,0.020687758856123454,0.020687758856123454,1500.0
closed_loop,equal_fe,hvac,SGO,19,,,,,,,,,,,,4.00928979285527,343.2013333333333,,0.020697010984224235,0.020697010984224235,1500.0
closed_loop,equal_fe,hvac,GWO,0,,,,,,,,,,,,6.219254763884237,355.2,,0.020734062399392395,0.020734062399392395,1500.0
closed_loop,equal_fe,hvac,GWO,1,,,,,,,,,,,,6.21910179394763,355.06666666666666,,0.020729694977585634,0.020729694977585634,1500.0
closed_loop,equal_fe,hvac,GWO,2,,,,,,,,,,,,6.2455614279218326,356.0933333333333,,0.020727555019382598,0.020727555019382598,1500.0
closed_loop,equal_fe,hvac,GWO,3,,,,,,,,,,,,6.1579575980334385,350.84,,0.020735735192729806,0.020735735192729806,1500.0
closed_loop,equal_fe,hvac,GWO,4,,,,,,,,,,,,6.2085382241251255,352.50666666666666,,0.02072710419303882,0.02072710419303882,1500.0
closed_loop,equal_fe,hvac,GWO,5,,,,,,,,,,,,6.188171874023586,353.62666666666667,,0.020724081477187236,0.020724081477187236,1500.0
closed_loop,equal_fe,hvac,GWO,6,,,,,,,,,,,,6.278306195298986,357.7866666666667,,0.020720902996245478,0.020720902996245478,1500.0
closed_loop,equal_fe,hvac,GWO,7,,,,,,,,,,,,6.258629605872557,356.6,,0.02073110130457358,0.02073110130457358,1500.0
closed_loop,equal_fe,hvac,GWO,8,,,,,,,,,,,,6.198662687810914,354.02666666666664,,0.020723141608128468,0.020723141608128468,1500.0
closed_loop,equal_fe,hvac,GWO,9,,,,,,,,,,,,6.238773668340097,356.41333333333336,,0.02073449143201567,0.02073449143201567,1500.0
closed_loop,equal_fe,hvac,GWO,10,,,,,,,,,,,,6.2426768737786915,355.32,,0.020718103882013363,0.020718103882013363,1500.0
closed_loop,equal_fe,hvac,GWO,11,,,,,,,,,,,,6.298500248706357,360.5466666666667,,0.020727237129945803,0.020727237129945803,1500.0
closed_loop,equal_fe,hvac,GWO,12,,,,,,,,,,,,6.161036791444833,352.53333333333336,,0.020729526323881937,0.020729526323881937,1500.0
closed_loop,equal_fe,hvac,GWO,13,,,,,,,,,,,,6.180640411563218,352.81333333333333,,0.02073060775921851,0.02073060775921851,1500.0
closed_loop,equal_fe,hvac,GWO,14,,,,,,,,,,,,6.240725098963594,355.56,,0.020727033845125645,0.020727033845125645,1500.0
closed_loop,equal_fe,hvac,GWO,15,,,,,,,,,,,,6.227760413942936,355.9066666666667,,0.020732204787133404,0.020732204787133404,1500.0
closed_loop,equal_fe,hvac,GWO,16,,,,,,,,,,,,6.24956597474132,354.48,,0.020727749058712445,0.020727749058712445,1500.0
closed_loop,equal_fe,hvac,GWO,17,,,,,,,,,,,,6.240902969312931,356.92,,0.020735568028688835,0.020735568028688835,1500.0
closed_loop,equal_fe,hvac,GWO,18,,,,,,,,,,,,6.2498335148169035,354.7866666666667,,0.020713350238603604,0.020713350238603604,1500.0
closed_loop,equal_fe,hvac,GWO,19,,,,,,,,,,,,6.1859543440999305,353.38666666666666,,0.02073548383162585,0.02073548383162585,1500.0
closed_loop,equal_fe,hvac,PSO,0,,,,,,,,,,,,1.2397540757471386,343.05333333333334,,0.02071450018821101,0.02071450018821101,1500.0
closed_loop,equal_fe,hvac,PSO,1,,,,,,,,,,,,1.2363029741779126,343.08,,0.02071604941780505,0.02071604941780505,1500.0
closed_loop,equal_fe,hvac,PSO,2,,,,,,,,,,,,1.2314994543169935,341.4,,0.020704055885666886,0.020704055885666886,1500.0
closed_loop,equal_fe,hvac,PSO,3,,,,,,,,,,,,1.2240283622813877,341.2,,0.02070416855973229,0.02070416855973229,1500.0
closed_loop,equal_fe,hvac,PSO,4,,,,,,,,,,,,1.222268194600474,341.1066666666667,,0.020708333172307206,0.020708333172307206,1500.0
closed_loop,equal_fe,hvac,PSO,5,,,,,,,,,,,,1.2251545654726215,341.7866666666667,,0.02070362443439711,0.02070362443439711,1500.0
closed_loop,equal_fe,hvac,PSO,6,,,,,,,,,,,,1.214526078227209,342.46666666666664,,0.020713135743902267,0.020713135743902267,1500.0
closed_loop,equal_fe,hvac,PSO,7,,,,,,,,,,,,1.213423477379062,340.48,,0.020706572396707156,0.020706572396707156,1500.0
closed_loop,equal_fe,hvac,PSO,8,,,,,,,,,,,,1.2199887819685198,341.05333333333334,,0.02070666879186083,0.02070666879186083,1500.0
closed_loop,equal_fe,hvac,PSO,9,,,,,,,,,,,,1.224553295323858,340.0133333333333,,0.02070832791739145,0.02070832791739145,1500.0
closed_loop,equal_fe,hvac,PSO,10,,,,,,,,,,,,1.221798286763563,339.88,,0.020711657122899543,0.020711657122899543,1500.0
closed_loop,equal_fe,hvac,PSO,11,,,,,,,,,,,,1.240542956123439,344.16,,0.020707414025956262,0.020707414025956262,1500.0
closed_loop,equal_fe,hvac,PSO,12,,,,,,,,,,,,1.2327937832063374,340.2133333333333,,0.020706606463447148,0.020706606463447148,1500.0
closed_loop,equal_fe,hvac,PSO,13,,,,,,,,,,,,1.2246839092404116,340.84,,0.02071008014146113,0.02071008014146113,1500.0
closed_loop,equal_fe,hvac,PSO,14,,,,,,,,,,,,1.2321794232896839,341.68,,0.020710099938872153,0.020710099938872153,1500.0
closed_loop,equal_fe,hvac,PSO,15,,,,,,,,,,,,1.239109173397689,340.9866666666667,,0.02070145858558779,0.02070145858558779,1500.0
closed_loop,equal_fe,hvac,PSO,16,,,,,,,,,,,,1.2336912958320074,342.97333333333336,,0.020712598609421942,0.020712598609421942,1500.0
closed_loop,equal_fe,hvac,PSO,17,,,,,,,,,,,,1.2255938905582298,341.2133333333333,,0.020708351334989404,0.020708351334989404,1500.0
closed_loop,equal_fe,hvac,PSO,18,,,,,,,,,,,,1.2366699360427447,342.6933333333333,,0.020701553701471195,0.020701553701471195,1500.0
closed_loop,equal_fe,hvac,PSO,19,,,,,,,,,,,,1.2375352599386436,343.6,,0.02070538803230253,0.02070538803230253,1500.0
closed_loop,equal_fe,hvac,WOA,0,,,,,,,,,,,,5.215477578021819,690.64,,0.02076689664396849,0.02076689664396849,1500.0
closed_loop,equal_fe,hvac,WOA,1,,,,,,,,,,,,5.186412326079638,684.0266666666666,,0.020766867164376857,0.020766867164376857,1500.0
closed_loop,equal_fe,hvac,WOA,2,,,,,,,,,,,,5.165614837557466,680.4266666666666,,0.020766940860107972,0.020766940860107972,1500.0
closed_loop,equal_fe,hvac,WOA,3,,,,,,,,,,,,5.1884424680223065,682.8266666666667,,0.02076691208458194,0.02076691208458194,1500.0
closed_loop,equal_fe,hvac,WOA,4,,,,,,,,,,,,5.207506584420723,683.4,,0.020766876446929244,0.020766876446929244,1500.0
closed_loop,equal_fe,hvac,WOA,5,,,,,,,,,,,,5.225407846989886,689.6933333333334,,0.020766949422995177,0.020766949422995177,1500.0
closed_loop,equal_fe,hvac,WOA,6,,,,,,,,,,,,5.221557500675165,689.1466666666666,,0.020766845335280098,0.020766845335280098,1500.0
closed_loop,equal_fe,hvac,WOA,7,,,,,,,,,,,,5.19317151796228,684.7066666666667,,0.020766933490599212,0.020766933490599212,1500.0
closed_loop,equal_fe,hvac,WOA,8,,,,,,,,,,,,5.205456141925727,688.2933333333333,,0.020766889636878907,0.020766889636878907,1500.0
closed_loop,equal_fe,hvac,WOA,9,,,,,,,,,,,,5.1779734485123,682.5066666666667,,0.020766902473505683,0.020766902473505683,1500.0
closed_loop,equal_fe,hvac,WOA,10,,,,,,,,,,,,5.2891645674147485,683.24,,0.020766923866220654,0.020766923866220654,1500.0
closed_loop,equal_fe,hvac,WOA,11,,,,,,,,,,,,5.389117736369371,688.0266666666666,,0.02076693119794626,0.02076693119794626,1500.0
closed_loop,equal_fe,hvac,WOA,12,,,,,,,,,,,,5.326162355476602,681.48,,0.020766907778548994,0.020766907778548994,1500.0
closed_loop,equal_fe,hvac,WOA,13,,,,,,,,,,,,5.341270705141748,683.1333333333333,,0.02076690661339044,0.02076690661339044,1500.0
closed_loop,equal_fe,hvac,WOA,14,,,,,,,,,,,,5.399745029387607,689.0266666666666,,0.020766877486944096,0.020766877486944096,1500.0
closed_loop,equal_fe,hvac,WOA,15,,,,,,,,,,,,5.325202758618009,679.6533333333333,,0.02076688537294008,0.02076688537294008,1500.0
closed_loop,equal_fe,hvac,WOA,16,,,,,,,,,,,,5.313394061105403,681.36,,0.02076691687301556,0.02076691687301556,1500.0
closed_loop,equal_fe,hvac,WOA,17,,,,,,,,,,,,5.369643155252561,686.6,,0.020766890639247415,0.020766890639247415,1500.0
closed_loop,equal_fe,hvac,WOA,18,,,,,,,,,,,,5.339338275914391,684.4133333333333,,0.020766871158711876,0.020766871158711876,1500.0
closed_loop,equal_fe,hvac,WOA,19,,,,,,,,,,,,5.353000039225056,684.0666666666667,,0.020766905317178976,0.020766905317178976,1500.0
single_step,equal_fe,uav,SGO,0,125.0,10.0,1.0,1.0,-2.0710009246109516e-09,0.0,2.0710009246109516e-09,2.0710009246109516e-09,2.0710009246109516e-09,False,2.0637607596682347e-07,4.410715991980396,334.0,15.0,,,
single_step,equal_fe,uav,SGO,1,125.0,10.0,1.0,1.0,-2.0710009246109516e-09,0.0,2.0710009246109516e-09,2.0710009246109516e-09,2.0710009246109516e-09,False,2.0637607596682347e-07,4.316887992899865,324.0,15.0,,,
single_step,equal_fe,uav,SGO,2,125.0,10.0,1.0,1.0,-2.0710009246109516e-09,0.0,2.0710009246109516e-09,2.0710009246109516e-09,2.0710009246109516e-09,False,2.0637607596682347e-07,4.319765997934155,316.0,15.0,,,
single_step,equal_fe,uav,SGO,3,125.0,10.0,1.0,1.0,-2.0710009246109516e-09,0.0,2.0710009246109516e-09,2.0710009246109516e-09,2.0710009246109516e-09,False,2.0637607596682347e-07,4.471010994166136,330.0,15.0,,,
single_step,equal_fe,uav,SGO,4,125.0,10.0,1.0,1.0,-2.0710009246109516e-09,0.0,2.0710009246109516e-09,2.0710009246109516e-09,2.0710009246109516e-09,False,2.0637607596682347e-07,4.485359007958323,328.0,15.0,,,
single_step,equal_fe,uav,SGO,5,125.0,10.0,1.0,1.0,-2.0710009246109516e-09,0.0,2.0710009246109516e-09,2.0710009246109516e-09,2.0710009246109516e-09,False,2.0637607596682347e-07,4.144225997151807,298.0,15.0,,,
single_step,equal_fe,uav,SGO,6,125.0,10.0,1.0,1.0,-2.0710009246109516e-09,0.0,2.0710009246109516e-09,2.0710009246109516e-09,2.0710009246109516e-09,False,2.0637607596682347e-07,4.450323001947254,344.0,15.0,,,
single_step,equal_fe,uav,SGO,7,125.0,10.0,1.0,1.0,-2.0710009246109516e-09,0.0,2.0710009246109516e-09,2.0710009246109516e-09,2.0710009246109516e-09,False,2.0637607596682347e-07,4.273639002349228,320.0,15.0,,,
single_step,equal_fe,uav,SGO,8,125.0,10.0,1.0,1.0,-2.0710009246109516e-09,0.0,2.0710009246109516e-09,2.0710009246109516e-09,2.0710009246109516e-09,False,2.0637607596682347e-07,4.438906005816534,332.0,15.0,,,
single_step,equal_fe,uav,SGO,9,125.0,10.0,1.0,1.0,-2.0710009246109516e-09,0.0,2.0710009246109516e-09,2.0710009246109516e-09,2.0710009246109516e-09,False,2.0637607596682347e-07,4.415060000610538,334.0,15.0,,,
single_step,equal_fe,uav,SGO,10,125.0,10.0,1.0,1.0,-2.0710009246109516e-09,0.0,2.0710009246109516e-09,2.0710009246109516e-09,2.0710009246109516e-09,False,2.0637607596682347e-07,4.042872998979874,304.0,15.0,,,
single_step,equal_fe,uav,SGO,11,125.0,10.0,1.0,1.0,-2.0710009246109516e-09,0.0,2.0710009246109516e-09,2.0710009246109516e-09,2.0710009246109516e-09,False,2.0637607596682347e-07,4.259994995663874,318.0,15.0,,,
single_step,equal_fe,uav,SGO,12,125.0,10.0,1.0,1.0,-2.0710009246109516e-09,0.0,2.0710009246109516e-09,2.0710009246109516e-09,2.0710009246109516e-09,False,2.0637607596682347e-07,4.377367004053667,326.0,15.0,,,
single_step,equal_fe,uav,SGO,13,125.0,10.0,1.0,1.0,-2.0710009246109516e-09,0.0,2.0710009246109516e-09,2.0710009246109516e-09,2.0710009246109516e-09,False,2.0637607596682347e-07,4.289384000003338,314.0,15.0,,,
single_step,equal_fe,uav,SGO,14,125.0,10.0,1.0,1.0,-2.0710009246109516e-09,0.0,2.0710009246109516e-09,2.0710009246109516e-09,2.0710009246109516e-09,False,2.0637607596682347e-07,4.093121999176219,292.0,15.0,,,
single_step,equal_fe,uav,SGO,15,125.0,10.0,1.0,1.0,-2.0710009246109516e-09,0.0,2.0710009246109516e-09,2.0710009246109516e-09,2.0710009246109516e-09,False,2.0637607596682347e-07,4.057537007611245,284.0,15.0,,,
single_step,equal_fe,uav,SGO,16,125.0,10.0,1.0,1.0,-2.0710009246109516e-09,0.0,2.0710009246109516e-09,2.0710009246109516e-09,2.0710009246109516e-09,False,2.0637607596682347e-07,4.395520008984022,334.0,15.0,,,
single_step,equal_fe,uav,SGO,17,125.0,10.0,1.0,1.0,-2.0710009246109516e-09,0.0,2.0710009246109516e-09,2.0710009246109516e-09,2.0710009246109516e-09,False,2.0637607596682347e-07,4.3718559900298715,326.0,15.0,,,
single_step,equal_fe,uav,SGO,18,125.0,10.0,1.0,1.0,-2.0710009246109516e-09,0.0,2.0710009246109516e-09,2.0710009246109516e-09,2.0710009246109516e-09,False,2.0637607596682347e-07,4.346440997323953,314.0,15.0,,,
single_step,equal_fe,uav,SGO,19,125.0,10.0,1.0,1.0,-2.0710009246109516e-09,0.0,2.0710009246109516e-09,2.0710009246109516e-09,2.0710009246109516e-09,False,2.0637607596682347e-07,4.361364990472794,332.0,15.0,,,
single_step,equal_fe,uav,SGO,20,125.0,10.0,1.0,1.0,-2.0710009246109516e-09,0.0,2.0710009246109516e-09,2.0710009246109516e-09,2.0710009246109516e-09,False,2.0637607596682347e-07,4.160067997872829,302.0,15.0,,,
single_step,equal_fe,uav,SGO,21,125.0,10.0,1.0,1.0,-2.0710009246109516e-09,0.0,2.0710009246109516e-09,2.0710009246109516e-09,2.0710009246109516e-09,False,2.0637607596682347e-07,4.404678009450436,332.0,15.0,,,
single_step,equal_fe,uav,SGO,22,125.0,10.0,1.0,1.0,-2.0710009246109516e-09,0.0,2.0710009246109516e-09,2.0710009246109516e-09,2.0710009246109516e-09,False,2.0637607596682347e-07,4.364575012004934,332.0,15.0,,,
single_step,equal_fe,uav,SGO,23,125.0,10.0,1.0,1.0,-2.0710009246109516e-09,0.0,2.0710009246109516e-09,2.0710009246109516e-09,2.0710009246109516e-09,False,2.0637607596682347e-07,4.262630012817681,328.0,15.0,,,
single_step,equal_fe,uav,SGO,24,125.0,10.0,1.0,1.0,-2.0710009246109516e-09,0.0,2.0710009246109516e-09,2.0710009246109516e-09,2.0710009246109516e-09,False,2.0637607596682347e-07,4.100039004697464,322.0,15.0,,,
single_step,equal_fe,uav,SGO,25,125.0,10.0,1.0,1.0,-2.0710009246109516e-09,0.0,2.0710009246109516e-09,2.0710009246109516e-09,2.0710009246109516e-09,False,2.0637607596682347e-07,4.265176001354121,344.0,15.0,,,
single_step,equal_fe,uav,SGO,26,125.0,10.0,1.0,1.0,-2.0710009246109516e-09,0.0,2.0710009246109516e-09,2.0710009246109516e-09,2.0710009246109516e-09,False,2.0637607596682347e-07,3.993120990344323,324.0,15.0,,,
single_step,equal_fe,uav,SGO,27,125.0,10.0,1.0,1.0,-2.0710009246109516e-09,0.0,2.0710009246109516e-09,2.0710009246109516e-09,2.0710009246109516e-09,False,2.0637607596682347e-07,4.133264999836683,334.0,15.0,,,
single_step,equal_fe,uav,SGO,28,125.0,10.0,1.0,1.0,-2.0710009246109516e-09,0.0,2.0710009246109516e-09,2.0710009246109516e-09,2.0710009246109516e-09,False,2.0637607596682347e-07,3.9640839968342334,314.0,15.0,,,
single_step,equal_fe,uav,SGO,29,125.0,10.0,1.0,1.0,-2.0710009246109516e-09,0.0,2.0710009246109516e-09,2.0710009246109516e-09,2.0710009246109516e-09,False,2.0637607596682347e-07,4.320165011449717,350.0,15.0,,,
single_step,equal_fe,uav,SGO,30,125.0,10.0,1.0,1.0,-2.0710009246109516e-09,0.0,2.0710009246109516e-09,2.0710009246109516e-09,2.0710009246109516e-09,False,2.0637607596682347e-07,4.24165598815307,330.0,15.0,,,
single_step,equal_fe,uav,SGO,31,125.0,10.0,1.0,1.0,-2.0710009246109516e-09,0.0,2.0710009246109516e-09,2.0710009246109516e-09,2.0710009246109516e-09,False,2.0637607596682347e-07,4.20182199741248,338.0,15.0,,,
single_step,equal_fe,uav,SGO,32,125.0,10.0,1.0,1.0,-2.0710009246109516e-09,0.0,2.0710009246109516e-09,2.0710009246109516e-09,2.0710009246109516e-09,False,2.0637607596682347e-07,3.8044140092097223,298.0,15.0,,,
single_step,equal_fe,uav,SGO,33,125.0,10.0,1.0,1.0,-2.0710009246109516e-09,0.0,2.0710009246109516e-09,2.0710009246109516e-09,2.0710009246109516e-09,False,2.0637607596682347e-07,4.122236990951933,334.0,15.0,,,
single_step,equal_fe,uav,SGO,34,125.0,10.0,1.0,1.0,-2.0710009246109516e-09,0.0,2.0710009246109516e-09,2.0710009246109516e-09,2.0710009246109516e-09,False,2.0637607596682347e-07,4.032431999803521,322.0,15.0,,,
single_step,equal_fe,uav,SGO,35,125.0,10.0,1.0,1.0,-2.0710009246109516e-09,0.0,2.0710009246109516e-09,2.0710009246109516e-09,2.0710009246109516e-09,False,2.0637607596682347e-07,4.06973400095012,324.0,15.0,,,
single_step,equal_fe,uav,SGO,36,125.0,10.0,1.0,1.0,-2.0710009246109516e-09,0.0,2.0710009246109516e-09,2.0710009246109516e-09,2.0710009246109516e-09,False,2.0637607596682347e-07,4.274512000847608,354.0,15.0,,,
single_step,equal_fe,uav,SGO,37,125.0,10.0,1.0,1.0,-2.0710009246109516e-09,0.0,2.0710009246109516e-09,2.0710009246109516e-09,2.0710009246109516e-09,False,2.0637607596682347e-07,4.247065997333266,340.0,15.0,,,
single_step,equal_fe,uav,SGO,38,125.0,10.0,1.0,1.0,-2.0710009246109516e-09,0.0,2.0710009246109516e-09,2.0710009246109516e-09,2.0710009246109516e-09,False,2.0637607596682347e-07,3.932444000383839,314.0,15.0,,,
single_step,equal_fe,uav,SGO,39,125.0,10.0,1.0,1.0,-2.0710009246109516e-09,0.0,2.0710009246109516e-09,2.0710009246109516e-09,2.0710009246109516e-09,False,2.0637607596682347e-07,4.007082010502927,320.0,15.0,,,
single_step,equal_fe,uav,SGO,40,125.0,10.0,1.0,1.0,-2.0710009246109516e-09,0.0,2.0710009246109516e-09,2.0710009246109516e-09,2.0710009246109516e-09,False,2.0637607596682347e-07,4.086058004759252,328.0,15.0,,,
single_step,equal_fe,uav,SGO,41,125.0,10.0,1.0,1.0,-2.0710009246109516e-09,0.0,2.0710009246109516e-09,2.0710009246109516e-09,2.0710009246109516e-09,False,2.0637607596682347e-07,3.911595995305106,310.0,15.0,,,
single_step,equal_fe,uav,SGO,42,125.0,10.0,1.0,1.0,-2.0710009246109516e-09,0.0,2.0710009246109516e-09,2.0710009246109516e-09,2.0710009246109516e-09,False,2.0637607596682347e-07,3.968623001128435,316.0,15.0,,,
single_step,equal_fe,uav,SGO,43,125.0,10.0,1.0,1.0,-2.0710009246109516e-09,0.0,2.0710009246109516e-09,2.0710009246109516e-09,2.0710009246109516e-09,False,2.0637607596682347e-07,4.229049998684786,348.0,15.0,,,
single_step,equal_fe,uav,SGO,44,125.0,10.0,1.0,1.0,-2.0710009246109516e-09,0.0,2.0710009246109516e-09,2.0710009246109516e-09,2.0710009246109516e-09,False,2.0637607596682347e-07,4.122558006201871,338.0,15.0,,,
single_step,equal_fe,uav,SGO,45,125.0,10.0,1.0,1.0,-2.0710009246109516e-09,0.0,2.0710009246109516e-09,2.0710009246109516e-09,2.0710009246109516e-09,False,2.0637607596682347e-07,3.997911000624299,330.0,15.0,,,
single_step,equal_fe,uav,SGO,46,125.0,10.0,1.0,1.0,-2.0710009246109516e-09,0.0,2.0710009246109516e-09,2.0710009246109516e-09,2.0710009246109516e-09,False,2.0637607596682347e-07,3.8603290013270453,306.0,15.0,,,
single_step,equal_fe,uav,SGO,47,125.0,10.0,1.0,1.0,-2.0710009246109516e-09,0.0,2.0710009246109516e-09,2.0710009246109516e-09,2.0710009246109516e-09,False,2.0637607596682347e-07,4.140741992159747,338.0,15.0,,,
single_step,equal_fe,uav,SGO,48,125.0,10.0,1.0,1.0,-2.0710009246109516e-09,0.0,2.0710009246109516e-09,2.0710009246109516e-09,2.0710009246109516e-09,False,2.0637607596682347e-07,4.047012989758514,326.0,15.0,,,
single_step,equal_fe,uav,SGO,49,125.0,10.0,1.0,1.0,-2.0710009246109516e-09,0.0,2.0710009246109516e-09,2.0710009246109516e-09,2.0710009246109516e-09,False,2.0637607596682347e-07,3.7672890030080453,294.0,15.0,,,
single_step,equal_fe,uav,GWO,0,125.0,10.0,1.0,1.0,-2.0710009246109516e-09,0.0,2.0710009246109516e-09,2.0710009246109516e-09,2.0710009246109516e-09,False,2.0637607596682347e-07,7.293812988791615,320.0,15.0,,,
single_step,equal_fe,uav,GWO,1,125.0,10.0,1.0,1.0,-2.0710009246109516e-09,0.0,2.0710009246109516e-09,2.0710009246109516e-09,2.0710009246109516e-09,False,2.0637607596682347e-07,7.280827994691208,320.0,15.0,,,
single_step,equal_fe,uav,GWO,2,125.0,10.0,1.0,1.0,-2.0710009246109516e-09,0.0,2.0710009246109516e-09,2.0710009246109516e-09,2.0710009246109516e-09,False,2.0637607596682347e-07,7.303523991140537,320.0,15.0,,,
single_step,equal_fe,uav,GWO,3,125.0,10.0,1.0,1.0,-2.0710009246109516e-09,0.0,2.0710009246109516e-09,2.0710009246109516e-09,2.0710009246109516e-09,False,2.0637607596682347e-07,7.3507960041752085,320.0,15.0,,,
single_step,equal_fe,uav,GWO,4,125.0,10.0,1.0,1.0,-2.0710009246109516e-09,0.0,2.0710009246109516e-09,2.0710009246109516e-09,2.0710009246109516e-09,False,2.0637607596682347e-07,7.267176013556309,320.0,15.0,,,
single_step,equal_fe,uav,GWO,5,125.0,10.0,1.0,1.0,-2.0710009246109516e-09,0.0,2.0710009246109516e-09,2.0710009246109516e-09,2.0710009246109516e-09,False,2.0637607596682347e-07,7.276564996573143,320.0,15.0,,,
single_step,equal_fe,uav,GWO,6,125.0,10.0,1.0,1.0,-2.0710009246109516e-09,0.0,2.0710009246109516e-09,2.0710009246109516e-09,2.0710009246109516e-09,False,2.0637607596682347e-07,7.275423005921766,320.0,15.0,,,
single_step,equal_fe,uav,GWO,7,125.0,10.0,1.0,1.0,-2.0710009246109516e-09,0.0,2.0710009246109516e-09,2.0710009246109516e-09,2.0710009246109516e-09,False,2.0637607596682347e-07,7.29837799735833,320.0,15.0,,,
single_step,equal_fe,uav,GWO,8,125.0,10.0,1.0,1.0,-2.0710009246109516e-09,0.0,2.0710009246109516e-09,2.0710009246109516e-09,2.0710009246109516e-09,False,2.0637607596682347e-07,7.280256002559327,320.0,15.0,,,
single_step,equal_fe,uav,GWO,9,125.0,10.0,1.0,1.0,-2.0710009246109516e-09,0.0,2.0710009246109516e-09,2.0710009246109516e-09,2.0710009246109516e-09,False,2.0637607596682347e-07,7.266653003171086,320.0,15.0,,,
single_step,equal_fe,uav,GWO,10,125.0,10.0,1.0,1.0,-2.0710009246109516e-09,0.0,2.0710009246109516e-09,2.0710009246109516e-09,2.0710009246109516e-09,False,2.0637607596682347e-07,7.148767006583512,320.0,15.0,,,
single_step,equal_fe,uav,GWO,11,125.0,10.0,1.0,1.0,-2.0710009246109516e-09,0.0,2.0710009246109516e-09,2.0710009246109516e-09,2.0710009246109516e-09,False,2.0637607596682347e-07,7.189449010184035,320.0,15.0,,,
single_step,equal_fe,uav,GWO,12,125.0,10.0,1.0,1.0,-2.0710009246109516e-09,0.0,2.0710009246109516e-09,2.0710009246109516e-09,2.0710009246109516e-09,False,2.0637607596682347e-07,7.265829990501516,320.0,15.0,,,
single_step,equal_fe,uav,GWO,13,125.0,10.0,1.0,1.0,-2.0710009246109516e-09,0.0,2.0710009246109516e-09,2.0710009246109516e-09,2.0710009246109516e-09,False,2.0637607596682347e-07,7.263257008162327,320.0,15.0,,,
single_step,equal_fe,uav,GWO,14,125.0,10.0,1.0,1.0,-2.0710009246109516e-09,0.0,2.0710009246109516e-09,2.0710009246109516e-09,2.0710009246109516e-09,False,2.0637607596682347e-07,7.298174998140894,320.0,15.0,,,
single_step,equal_fe,uav,GWO,15,125.0,10.0,1.0,1.0,-2.0710009246109516e-09,0.0,2.0710009246109516e-09,2.0710009246109516e-09,2.0710009246109516e-09,False,2.0637607596682347e-07,7.275750002008863,320.0,15.0,,,
single_step,equal_fe,uav,GWO,16,125.0,10.0,1.0,1.0,-2.0710009246109516e-09,0.0,2.0710009246109516e-09,2.0710009246109516e-09,2.0710009246109516e-09,False,2.0637607596682347e-07,7.280647012521513,320.0,15.0,,,
single_step,equal_fe,uav,GWO,17,125.0,10.0,1.0,1.0,-2.0710009246109516e-09,0.0,2.0710009246109516e-09,2.0710009246109516e-09,2.0710009246109516e-09,False,2.0637607596682347e-07,7.1683959977235645,320.0,15.0,,,
single_step,equal_fe,uav,GWO,18,125.0,10.0,1.0,1.0,-2.0710009246109516e-09,0.0,2.0710009246109516e-09,2.0710009246109516e-09,2.0710009246109516e-09,False,2.0637607596682347e-07,7.060215997626074,320.0,15.0,,,
single_step,equal_fe,uav,GWO,19,125.0,10.0,1.0,1.0,-2.0710009246109516e-09,0.0,2.0710009246109516e-09,2.0710009246109516e-09,2.0710009246109516e-09,False,2.0637607596682347e-07,7.098666988895275,320.0,15.0,,,
single_step,equal_fe,uav,GWO,20,125.0,10.0,1.0,1.0,-2.0710009246109516e-09,0.0,2.0710009246109516e-09,2.0710009246109516e-09,2.0710009246109516e-09,False,2.0637607596682347e-07,6.954807002330199,320.0,15.0,,,
single_step,equal_fe,uav,GWO,21,125.0,10.0,1.0,1.0,-2.0710009246109516e-09,0.0,2.0710009246109516e-09,2.0710009246109516e-09,2.0710009246109516e-09,False,2.0637607596682347e-07,7.027247003861703,320.0,15.0,,,
single_step,equal_fe,uav,GWO,22,125.0,10.0,1.0,1.0,-2.0710009246109516e-09,0.0,2.0710009246109516e-09,2.0710009246109516e-09,2.0710009246109516e-09,False,2.0637607596682347e-07,6.923385997652076,320.0,15.0,,,
single_step,equal_fe,uav,GWO,23,125.0,10.0,1.0,1.0,-2.0710009246109516e-09,0.0,2.0710009246109516e-09,2.0710009246109516e-09,2.0710009246109516e-09,False,2.0637607596682347e-07,6.8994989997008815,320.0,15.0,,,
single_step,equal_fe,uav,GWO,24,125.0,10.0,1.0,1.0,-2.0710009246109516e-09,0.0,2.0710009246109516e-09,2.0710009246109516e-09,2.0710009246109516e-09,False,2.0637607596682347e-07,6.948077003471553,320.0,15.0,,,
single_step,equal_fe,uav,GWO,25,125.0,10.0,1.0,1.0,-2.0710009246109516e-09,0.0,2.0710009246109516e-09,2.0710009246109516e-09,2.0710009246109516e-09,False,2.0637607596682347e-07,7.043937992420979,320.0,15.0,,,
single_step,equal_fe,uav,GWO,26,125.0,10.0,1.0,1.0,-2.0710009246109516e-09,0.0,2.0710009246109516e-09,2.0710009246109516e-09,2.0710009246109516e-09,False,2.0637607596682347e-07,6.935016994248144,320.0,15.0,,,
single_step,equal_fe,uav,GWO,27,125.0,10.0,1.0,1.0,-2.0710009246109516e-09,0.0,2.0710009246109516e-09,2.0710009246109516e-09,2.0710009246109516e-09,False,2.0637607596682347e-07,6.969153007958084,320.0,15.0,,,
single_step,equal_fe,uav,GWO,28,125.0,10.0,1.0,1.0,-2.0710009246109516e-09,0.0,2.0710009246109516e-09,2.0710009246109516e-09,2.0710009246109516e-09,False,2.0637607596682347e-07,6.910945987328887,320.0,15.0,,,
single_step,equal_fe,uav,GWO,29,125.0,10.0,1.0,1.0,-2.0710009246109516e-09,0.0,2.0710009246109516e-09,2.0710009246109516e-09,2.0710009246109516e-09,False,2.0637607596682347e-07,7.003128994256258,320.0,15.0,,,
single_step,equal_fe,uav,GWO,30,125.0,10.0,1.0,1.0,-2.0710009246109516e-09,0.0,2.0710009246109516e-09,2.0710009246109516e-09,2.0710009246109516e-09,False,2.0637607596682347e-07,6.988363005802967,320.0,15.0,,,
single_step,equal_fe,uav,GWO,31,125.0,10.0,1.0,1.0,-2.0710009246109516e-09,0.0,2.0710009246109516e-09,2.0710009246109516e-09,2.0710009246109516e-09,False,2.0637607596682347e-07,7.002144993748516,320.0,15.0,,,
single_step,equal_fe,uav,GWO,32,125.0,10.0,1.0,1.0,-2.0710009246109516e-09,0.0,2.0710009246109516e-09,2.0710009246109516e-09,2.0710009246109516e-09,False,2.0637607596682347e-07,6.9867849961156026,320.0,15.0,,,
single_step,equal_fe,uav,GWO,33,125.0,10.0,1.0,1.0,-2.0710009246109516e-09,0.0,2.0710009246109516e-09,2.0710009246109516e-09,2.0710009246109516e-09,False,2.0637607596682347e-07,6.989329005591571,320.0,15.0,,,
single_step,equal_fe,uav,GWO,34,125.0,10.0,1.0,1.0,-2.0710009246109516e-09,0.0,2.0710009246109516e-09,2.0710009246109516e-09,2.0710009246109516e-09,False,2.0637607596682347e-07,7.029567001154646,320.0,15.0,,,
single_step,equal_fe,uav,GWO,35,125.0,10.0,1.0,1.0,-2.0710009246109516e-09,0.0,2.0710009246109516e-09,2.0710009246109516e-09,2.0710009246109516e-09,False,2.0637607596682347e-07,6.961178994970396,320.0,15.0,,,
single_step,equal_fe,uav,GWO,36,125.0,10.0,1.0,1.0,-2.0710009246109516e-09,0.0,2.0710009246109516e-09,2.0710009246109516e-09,2.0710009246109516e-09,False,2.0637607596682347e-07,7.020027987891808,320.0,15.0,,,
single_step,equal_fe,uav,GWO,37,125.0,10.0,1.0,1.0,-2.0710009246109516e-09,0.0,2.0710009246109516e-09,2.0710009246109516e-09,2.0710009246109516e-09,False,2.0637607596682347e-07,7.011604000581428,320.0,15.0,,,
single_step,equal_fe,uav,GWO,38,125.0,10.0,1.0,1.0,-2.0710009246109516e-09,0.0,2.0710009246109516e-09,2.0710009246109516e-09,2.0710009246109516e-09,False,2.0637607596682347e-07,6.887666997499764,320.0,15.0,,,
single_step,equal_fe,uav,GWO,39,125.0,10.0,1.0,1.0,-2.0710009246109516e-09,0.0,2.0710009246109516e-09,2.0710009246109516e-09,2.0710009246109516e-09,False,2.0637607596682347e-07,6.887256007757969,320.0,15.0,,,
single_step,equal_fe,uav,GWO,40,125.0,10.0,1.0,1.0,-2.0710009246109516e-09,0.0,2.0710009246109516e-09,2.0710009246109516e-09,2.0710009246109516e-09,False,2.0637607596682347e-07,6.896710998262279,320.0,15.0,,,
single_step,equal_fe,uav,GWO,41,125.0,10.0,1.0,1.0,-2.0710009246109516e-09,0.0,2.0710009246109516e-09,2.0710009246109516e-09,2.0710009246109516e-09,False,2.0637607596682347e-07,6.920609012013301,320.0,15.0,,,
single_step,equal_fe,uav,GWO,42,125.0,10.0,1.0,1.0,-2.0710009246109516e-09,0.0,2.0710009246109516e-09,2.0710009246109516e-09,2.0710009246109516e-09,False,2.0637607596682347e-07,6.887732000905089,320.0,15.0,,,
single_step,equal_fe,uav,GWO,43,125.0,10.0,1.0,1.0,-2.0710009246109516e-09,0.0,2.0710009246109516e-09,2.0710009246109516e-09,2.0710009246109516e-09,False,2.0637607596682347e-07,6.968754998524673,320.0,15.0,,,
single_step,equal_fe,uav,GWO,44,125.0,10.0,1.0,1.0,-2.0710009246109516e-09,0.0,2.0710009246109516e-09,2.0710009246109516e-09,2.0710009246109516e-09,False,2.0637607596682347e-07,6.991902002482675,320.0,15.0,,,
single_step,equal_fe,uav,GWO,45,125.0,10.0,1.0,1.0,-2.0710009246109516e-09,0.0,2.0710009246109516e-09,2.0710009246109516e-09,2.0710009246109516e-09,False,2.0637607596682347e-07,6.942489999346435,320.0,15.0,,,
single_step,equal_fe,uav,GWO,46,125.0,10.0,1.0,1.0,-2.0710009246109516e-09,0.0,2.0710009246109516e-09,2.0710009246109516e-09,2.0710009246109516e-09,False,2.0637607596682347e-07,7.077191999997012,320.0,15.0,,,
single_step,equal_fe,uav,GWO,47,125.0,10.0,1.0,1.0,-2.0710009246109516e-09,0.0,2.0710009246109516e-09,2.0710009246109516e-09,2.0710009246109516e-09,False,2.0637607596682347e-07,6.917532999068499,320.0,15.0,,,
single_step,equal_fe,uav,GWO,48,125.0,10.0,1.0,1.0,-2.0710009246109516e-09,0.0,2.0710009246109516e-09,2.0710009246109516e-09,2.0710009246109516e-09,False,2.0637607596682347e-07,6.965929002035409,320.0,15.0,,,
single_step,equal_fe,uav,GWO,49,125.0,10.0,1.0,1.0,-2.0710009246109516e-09,0.0,2.0710009246109516e-09,2.0710009246109516e-09,2.0710009246109516e-09,False,2.0637607596682347e-07,6.961764011066407,320.0,15.0,,,
single_step,equal_fe,uav,PSO,0,125.0,10.0,1.0,1.0,-2.0710009246109516e-09,0.0,2.0710009246109516e-09,2.0710009246109516e-09,2.0710009246109516e-09,False,2.0637607596682347e-07,1.1679509916575626,320.0,16.0,,,
single_step,equal_fe,uav,PSO,1,125.0,10.0,1.0,1.0,-2.0710009246109516e-09,0.0,2.0710009246109516e-09,2.0710009246109516e-09,2.0710009246109516e-09,False,2.0637607596682347e-07,1.1647439969237894,320.0,16.0,,,
single_step,equal_fe,uav,PSO,2,125.0,10.0,1.0,1.0,-2.0710009246109516e-09,0.0,2.0710009246109516e-09,2.0710009246109516e-09,2.0710009246109516e-09,False,2.0637607596682347e-07,1.1448220029706135,320.0,16.0,,,
single_step,equal_fe,uav,PSO,3,125.0,10.0,1.0,1.0,-2.0710009246109516e-09,0.0,2.0710009246109516e-09,2.0710009246109516e-09,2.0710009246109516e-09,False,2.0637607596682347e-07,1.176858990220353,320.0,16.0,,,
single_step,equal_fe,uav,PSO,4,125.0,10.0,1.0,1.0,-2.0710009246109516e-09,0.0,2.0710009246109516e-09,2.0710009246109516e-09,2.0710009246109516e-09,False,2.0637607596682347e-07,1.1625670013017952,320.0,16.0,,,
single_step,equal_fe,uav,PSO,5,125.0,10.0,1.0,1.0,-2.0710009246109516e-09,0.0,2.0710009246109516e-09,2.0710009246109516e-09,2.0710009246109516e-09,False,2.0637607596682347e-07,1.1793929879786447,320.0,16.0,,,
single_step,equal_fe,uav,PSO,6,125.0,10.0,1.0,1.0,-2.0710009246109516e-09,0.0,2.0710009246109516e-09,2.0710009246109516e-09,2.0710009246109516e-09,False,2.0637607596682347e-07,1.1861609964398667,320.0,16.0,,,
single_step,equal_fe,uav,PSO,7,125.0,10.0,1.0,1.0,-2.0710009246109516e-09,0.0,2.0710009246109516e-09,2.0710009246109516e-09,2.0710009246109516e-09,False,2.0637607596682347e-07,1.1785210081143305,320.0,16.0,,,
single_step,equal_fe,uav,PSO,8,125.0,10.0,1.0,1.0,-2.0710009246109516e-09,0.0,2.0710009246109516e-09,2.0710009246109516e-09,2.0710009246109516e-09,False,2.0637607596682347e-07,1.184392996947281,320.0,16.0,,,
single_step,equal_fe,uav,PSO,9,125.0,10.0,1.0,1.0,-2.0710009246109516e-09,0.0,2.0710009246109516e-09,2.0710009246109516e-09,2.0710009246109516e-09,False,2.0637607596682347e-07,1.1872530012624338,320.0,16.0,,,
single_step,equal_fe,uav,PSO,10,125.0,10.0,1.0,1.0,-2.0710009246109516e-09,0.0,2.0710009246109516e-09,2.0710009246109516e-09,2.0710009246109516e-09,False,2.0637607596682347e-07,1.1805520043708384,320.0,16.0,,,
single_step,equal_fe,uav,PSO,11,125.0,10.0,1.0,1.0,-2.0710009246109516e-09,0.0,2.0710009246109516e-09,2.0710009246109516e-09,2.0710009246109516e-09,False,2.0637607596682347e-07,1.1583529994823039,320.0,16.0,,,
single_step,equal_fe,uav,PSO,12,125.0,10.0,1.0,1.0,-2.0710009246109516e-09,0.0,2.0710009246109516e-09,2.0710009246109516e-09,2.0710009246109516e-09,False,2.0637607596682347e-07,1.1530600022524595,320.0,16.0,,,
single_step,equal_fe,uav,PSO,13,125.0,10.0,1.0,1.0,-2.0710009246109516e-09,0.0,2.0710009246109516e-09,2.0710009246109516e-09,2.0710009246109516e-09,False,2.0637607596682347e-07,1.1697349982568994,320.0,16.0,,,
single_step,equal_fe,uav,PSO,14,125.0,10.0,1.0,1.0,-2.0710009246109516e-09,0.0,2.0710009246109516e-09,2.0710009246109516e-09,2.0710009246109516e-09,False,2.0637607596682347e-07,1.1633069952949882,320.0,16.0,,,
single_step,equal_fe,uav,PSO,15,125.0,10.0,1.0,1.0,-2.0710009246109516e-09,0.0,2.0710009246109516e-09,2.0710009246109516e-09,2.0710009246109516e-09,False,2.0637607596682347e-07,1.1490409960970283,320.0,16.0,,,
single_step,equal_fe,uav,PSO,16,125.0,10.0,1.0,1.0,-2.0710009246109516e-09,0.0,2.0710009246109516e-09,2.0710009246109516e-09,2.0710009246109516e-09,False,2.0637607596682347e-07,1.1868459987454116,320.0,16.0,,,
single_step,equal_fe,uav,PSO,17,125.0,10.0,1.0,1.0,-2.0710009246109516e-09,0.0,2.0710009246109516e-09,2.0710009246109516e-09,2.0710009246109516e-09,False,2.0637607596682347e-07,1.1752440041163936,320.0,16.0,,,
single_step,equal_fe,uav,PSO,18,125.0,10.0,1.0,1.0,-2.0710009246109516e-09,0.0,2.0710009246109516e-09,2.0710009246109516e-09,2.0710009246109516e-09,False,2.0637607596682347e-07,1.1531859927345067,320.0,16.0,,,
single_step,equal_fe,uav,PSO,19,125.0,10.0,1.0,1.0,-2.0710009246109516e-09,0.0,2.0710009246109516e-09,2.0710009246109516e-09,2.0710009246109516e-09,False,2.0637607596682347e-07,1.1755229934351519,320.0,16.0,,,
single_step,equal_fe,uav,PSO,20,125.0,10.0,1.0,1.0,-2.0710009246109516e-09,0.0,2.0710009246109516e-09,2.0710009246109516e-09,2.0710009246109516e-09,False,2.0637607596682347e-07,1.1722710041794926,320.0,16.0,,,
single_step,equal_fe,uav,PSO,21,125.0,10.0,1.0,1.0,-2.0710009246109516e-09,0.0,2.0710009246109516e-09,2.0710009246109516e-09,2.0710009246109516e-09,False,2.0637607596682347e-07,1.1908260057680309,320.0,16.0,,,
single_step,equal_fe,uav,PSO,22,125.0,10.0,1.0,1.0,-2.0710009246109516e-09,0.0,2.0710009246109516e-09,2.0710009246109516e-09,2.0710009246109516e-09,False,2.0637607596682347e-07,1.181155996164307,320.0,16.0,,,
single_step,equal_fe,uav,PSO,23,125.0,10.0,1.0,1.0,-2.0710009246109516e-09,0.0,2.0710009246109516e-09,2.0710009246109516e-09,2.0710009246109516e-09,False,2.0637607596682347e-07,1.1798310006270185,320.0,16.0,,,
single_step,equal_fe,uav,PSO,24,125.0,10.0,1.0,1.0,-2.0710009246109516e-09,0.0,2.0710009246109516e-09,2.0710009246109516e-09,2.0710009246109516e-09,False,2.0637607596682347e-07,1.159532999736257,320.0,16.0,,,
single_step,equal_fe,uav,PSO,25,125.0,10.0,1.0,1.0,-2.0710009246109516e-09,0.0,2.0710009246109516e-09,2.0710009246109516e-09,2.0710009246109516e-09,False,2.0637607596682347e-07,1.1523499997565523,320.0,16.0,,,
single_step,equal_fe,uav,PSO,26,125.0,10.0,1.0,1.0,-2.0710009246109516e-09,0.0,2.0710009246109516e-09,2.0710009246109516e-09,2.0710009246109516e-09,False,2.0637607596682347e-07,1.159676001407206,320.0,16.0,,,
single_step,equal_fe,uav,PSO,27,125.0,10.0,1.0,1.0,-2.0710009246109516e-09,0.0,2.0710009246109516e-09,2.0710009246109516e-09,2.0710009246109516e-09,False,2.0637607596682347e-07,1.1784319940488786,320.0,16.0,,,
single_step,equal_fe,uav,PSO,28,125.0,10.0,1.0,1.0,-2.0710009246109516e-09,0.0,2.0710009246109516e-09,2.0710009246109516e-09,2.0710009246109516e-09,False,2.0637607596682347e-07,1.1816930054919794,320.0,16.0,,,
single_step,equal_fe,uav,PSO,29,125.0,10.0,1.0,1.0,-2.0710009246109516e-09,0.0,2.0710009246109516e-09,2.0710009246109516e-09,2.0710009246109516e-09,False,2.0637607596682347e-07,1.1864999978570268,320.0,16.0,,,
single_step,equal_fe,uav,PSO,30,125.0,10.0,1.0,1.0,-2.0710009246109516e-09,0.0,2.0710009246109516e-09,2.0710009246109516e-09,2.0710009246109516e-09,False,2.0637607596682347e-07,1.1798140039900318,320.0,16.0,,,
single_step,equal_fe,uav,PSO,31,125.0,10.0,1.0,1.0,-2.0710009246109516e-09,0.0,2.0710009246109516e-09,2.0710009246109516e-09,2.0710009246109516e-09,False,2.0637607596682347e-07,1.177521000499837,320.0,16.0,,,
single_step,equal_fe,uav,PSO,32,125.0,10.0,1.0,1.0,-2.0710009246109516e-09,0.0,2.0710009246109516e-09,2.0710009246109516e-09,2.0710009246109516e-09,False,2.0637607596682347e-07,1.1758659966289997,320.0,16.0,,,
single_step,equal_fe,uav,PSO,33,125.0,10.0,1.0,1.0,-2.0710009246109516e-09,0.0,2.0710009246109516e-09,2.0710009246109516e-09,2.0710009246109516e-09,False,2.0637607596682347e-07,1.1524899891810492,320.0,16.0,,,
single_step,equal_fe,uav,PSO,34,125.0,10.0,1.0,1.0,-2.0710009246109516e-09,0.0,2.0710009246109516e-09,2.0710009246109516e-09,2.0710009246109516e-09,False,2.0637607596682347e-07,1.1650639935396612,320.0,16.0,,,
single_step,equal_fe,uav,PSO,35,125.0,10.0,1.0,1.0,-2.0710009246109516e-09,0.0,2.0710009246109516e-09,2.0710009246109516e-09,2.0710009246109516e-09,False,2.0637607596682347e-07,1.1479980021249503,320.0,16.0,,,
single_step,equal_fe,uav,PSO,36,125.0,10.0,1.0,1.0,-2.0710009246109516e-09,0.0,2.0710009246109516e-09,2.0710009246109516e-09,2.0710009246109516e-09,False,2.0637607596682347e-07,1.1422829993534833,320.0,16.0,,,
single_step,equal_fe,uav,PSO,37,125.0,10.0,1.0,1.0,-2.0710009246109516e-09,0.0,2.0710009246109516e-09,2.0710009246109516e-09,2.0710009246109516e-09,False,2.0637607596682347e-07,1.154035999206826,320.0,16.0,,,
single_step,equal_fe,uav,PSO,38,125.0,10.0,1.0,1.0,-2.0710009246109516e-09,0.0,2.0710009246109516e-09,2.0710009246109516e-09,2.0710009246109516e-09,False,2.0637607596682347e-07,1.1655139969661832,320.0,16.0,,,
single_step,equal_fe,uav,PSO,39,125.0,10.0,1.0,1.0,-2.0710009246109516e-09,0.0,2.0710009246109516e-09,2.0710009246109516e-09,2.0710009246109516e-09,False,2.0637607596682347e-07,1.1854469921672717,320.0,16.0,,,
single_step,equal_fe,uav,PSO,40,125.0,10.0,1.0,1.0,-2.0710009246109516e-09,0.0,2.0710009246109516e-09,2.0710009246109516e-09,2.0710009246109516e-09,False,2.0637607596682347e-07,1.1690300016198307,320.0,16.0,,,
single_step,equal_fe,uav,PSO,41,125.0,10.0,1.0,1.0,-2.0710009246109516e-09,0.0,2.0710009246109516e-09,2.0710009246109516e-09,2.0710009246109516e-09,False,2.0637607596682347e-07,1.1532839998835698,320.0,16.0,,,
single_step,equal_fe,uav,PSO,42,125.0,10.0,1.0,1.0,-2.0710009246109516e-09,0.0,2.0710009246109516e-09,2.0710009246109516e-09,2.0710009246109516e-09,False,2.0637607596682347e-07,1.170707997516729,320.0,16.0,,,
single_step,equal_fe,uav,PSO,43,125.0,10.0,1.0,1.0,-2.0710009246109516e-09,0.0,2.0710009246109516e-09,2.0710009246109516e-09,2.0710009246109516e-09,False,2.0637607596682347e-07,1.1827309936052188,320.0,16.0,,,
single_step,equal_fe,uav,PSO,44,125.0,10.0,1.0,1.0,-2.0710009246109516e-09,0.0,2.0710009246109516e-09,2.0710009246109516e-09,2.0710009246109516e-09,False,2.0637607596682347e-07,1.176798003143631,320.0,16.0,,,
single_step,equal_fe,uav,PSO,45,125.0,10.0,1.0,1.0,-2.0710009246109516e-09,0.0,2.0710009246109516e-09,2.0710009246109516e-09,2.0710009246109516e-09,False,2.0637607596682347e-07,1.1807350092567503,320.0,16.0,,,
single_step,equal_fe,uav,PSO,46,125.0,10.0,1.0,1.0,-2.0710009246109516e-09,0.0,2.0710009246109516e-09,2.0710009246109516e-09,2.0710009246109516e-09,False,2.0637607596682347e-07,1.1776619940064847,320.0,16.0,,,
single_step,equal_fe,uav,PSO,47,125.0,10.0,1.0,1.0,-2.0710009246109516e-09,0.0,2.0710009246109516e-09,2.0710009246109516e-09,2.0710009246109516e-09,False,2.0637607596682347e-07,1.1757800093619153,320.0,16.0,,,
single_step,equal_fe,uav,PSO,48,125.0,10.0,1.0,1.0,-2.0710009246109516e-09,0.0,2.0710009246109516e-09,2.0710009246109516e-09,2.0710009246109516e-09,False,2.0637607596682347e-07,1.1794219899456948,320.0,16.0,,,
single_step,equal_fe,uav,PSO,49,125.0,10.0,1.0,1.0,-2.0710009246109516e-09,0.0,2.0710009246109516e-09,2.0710009246109516e-09,2.0710009246109516e-09,False,2.0637607596682347e-07,1.1806950060417876,320.0,16.0,,,
single_step,equal_fe,uav,WOA,0,125.0,10.0,1.0,1.0,-2.0710009246109516e-09,-1.6727331206001747e-09,3.9826780401077693e-10,3.9826780401077693e-10,3.9826780401077693e-10,False,2.6114515303649984e-07,7.090988001436926,900.0,45.0,,,
single_step,equal_fe,uav,WOA,1,125.0,10.0,1.0,1.0,-2.0710009246109516e-09,0.0,2.0710009246109516e-09,2.0710009246109516e-09,2.0710009246109516e-09,False,2.0637607596682347e-07,2.497108987881802,320.0,16.0,,,
single_step,equal_fe,uav,WOA,2,125.0,10.0,1.0,1.0,-2.0710009246109516e-09,0.0,2.0710009246109516e-09,2.0710009246109516e-09,2.0710009246109516e-09,False,2.0637607596682347e-07,2.5684270076453686,320.0,16.0,,,
single_step,equal_fe,uav,WOA,3,125.0,10.0,1.0,1.0,-2.0710009246109516e-09,0.0,2.0710009246109516e-09,2.0710009246109516e-09,2.0710009246109516e-09,False,2.0637607596682347e-07,2.509593003196642,320.0,16.0,,,
single_step,equal_fe,uav,WOA,4,125.0,10.0,1.0,1.0,-2.0710009246109516e-09,0.0,2.0710009246109516e-09,2.0710009246109516e-09,2.0710009246109516e-09,False,2.0637607596682347e-07,2.4946299963630736,320.0,16.0,,,
single_step,equal_fe,uav,WOA,5,125.0,10.0,1.0,1.0,-2.0710009246109516e-09,0.0,2.0710009246109516e-09,2.0710009246109516e-09,2.0710009246109516e-09,False,2.0637607596682347e-07,2.4934310058597475,320.0,16.0,,,
single_step,equal_fe,uav,WOA,6,125.0,10.0,1.0,1.0,-2.0710009246109516e-09,0.0,2.0710009246109516e-09,2.0710009246109516e-09,2.0710009246109516e-09,False,2.0637607596682347e-07,2.5056720041902736,320.0,16.0,,,
single_step,equal_fe,uav,WOA,7,125.0,10.0,1.0,1.0,-2.0710009246109516e-09,-2.184058858171559e-09,-1.1305793356060732e-10,1.1305793356060732e-10,1.1305793356060732e-10,False,1.9249632184621792e-07,6.818584006396122,860.0,43.0,,,
single_step,equal_fe,uav,WOA,8,125.0,10.0,1.0,1.0,-2.0710009246109516e-09,0.0,2.0710009246109516e-09,2.0710009246109516e-09,2.0710009246109516e-09,False,2.0637607596682347e-07,2.4868679902283475,320.0,16.0,,,
single_step,equal_fe,uav,WOA,9,125.0,10.0,1.0,1.0,-2.0710009246109516e-09,0.0,2.0710009246109516e-09,2.0710009246109516e-09,2.0710009246109516e-09,False,2.0637607596682347e-07,2.5050289987120777,320.0,16.0,,,
single_step,equal_fe,uav,WOA,10,125.0,10.0,1.0,1.0,-2.0710009246109516e-09,0.0,2.0710009246109516e-09,2.0710009246109516e-09,2.0710009246109516e-09,False,2.0637607596682347e-07,2.5127760018222034,320.0,16.0,,,
single_step,equal_fe,uav,WOA,11,125.0,10.0,1.0,1.0,-2.0710009246109516e-09,0.0,2.0710009246109516e-09,2.0710009246109516e-09,2.0710009246109516e-09,False,2.0637607596682347e-07,2.513034996809438,320.0,16.0,,,
single_step,equal_fe,uav,WOA,12,125.0,10.0,1.0,1.0,-2.0710009246109516e-09,0.0,2.0710009246109516e-09,2.0710009246109516e-09,2.0710009246109516e-09,False,2.0637607596682347e-07,2.5059649924514815,320.0,16.0,,,
single_step,equal_fe,uav,WOA,13,125.0,10.0,1.0,1.0,-2.0710009246109516e-09,0.0,2.0710009246109516e-09,2.0710009246109516e-09,2.0710009246109516e-09,False,2.0637607596682347e-07,2.4471259966958314,320.0,16.0,,,
single_step,equal_fe,uav,WOA,14,125.0,10.0,1.0,1.0,-2.0710009246109516e-09,-2.1729570447508415e-09,-1.019561201398899e-10,1.019561201398899e-10,1.019561201398899e-10,False,2.2910039830547928e-07,7.534291988122277,980.0,49.0,,,
single_step,equal_fe,uav,WOA,15,125.0,10.0,1.0,1.0,-2.0710009246109516e-09,-2.1830322682601526e-09,-1.12031343649201e-10,1.12031343649201e-10,1.12031343649201e-10,False,2.14991295133596e-07,7.303569000214338,940.0,47.0,,,
single_step,equal_fe,uav,WOA,16,125.0,10.0,1.0,1.0,-2.0710009246109516e-09,0.0,2.0710009246109516e-09,2.0710009246109516e-09,2.0710009246109516e-09,False,2.0637607596682347e-07,2.4979939917102456,320.0,16.0,,,
single_step,equal_fe,uav,WOA,17,125.0,10.0,1.0,1.0,-2.0710009246109516e-09,0.0,2.0710009246109516e-09,2.0710009246109516e-09,2.0710009246109516e-09,False,2.0637607596682347e-07,2.4969160003820434,320.0,16.0,,,
single_step,equal_fe,uav,WOA,18,125.0,10.0,1.0,1.0,-2.0710009246109516e-09,0.0,2.0710009246109516e-09,2.0710009246109516e-09,2.0710009246109516e-09,False,2.0637607596682347e-07,2.4559440062148497,320.0,16.0,,,
single_step,equal_fe,uav,WOA,19,125.0,10.0,1.0,1.0,-2.0710009246109516e-09,0.0,2.0710009246109516e-09,2.0710009246109516e-09,2.0710009246109516e-09,False,2.0637607596682347e-07,2.4411250051343814,320.0,16.0,,,
single_step,equal_fe,uav,WOA,20,125.0,10.0,1.0,1.0,-2.0710009246109516e-09,0.0,2.0710009246109516e-09,2.0710009246109516e-09,2.0710009246109516e-09,False,2.0637607596682347e-07,2.4183440109482035,320.0,16.0,,,
single_step,equal_fe,uav,WOA,21,125.0,10.0,1.0,1.0,-2.0710009246109516e-09,0.0,2.0710009246109516e-09,2.0710009246109516e-09,2.0710009246109516e-09,False,2.0637607596682347e-07,2.5122250081039965,320.0,16.0,,,
single_step,equal_fe,uav,WOA,22,125.0,10.0,1.0,1.0,-2.0710009246109516e-09,0.0,2.0710009246109516e-09,2.0710009246109516e-09,2.0710009246109516e-09,False,2.0637607596682347e-07,2.4496069963788614,320.0,16.0,,,
single_step,equal_fe,uav,WOA,23,125.0,10.0,1.0,1.0,-2.0710009246109516e-09,-6.087243226149572e-11,2.010128492349456e-09,2.010128492349456e-09,2.010128492349456e-09,False,2.0641396467121515e-07,2.453414010233246,320.0,16.0,,,
single_step,equal_fe,uav,WOA,24,125.0,10.0,1.0,1.0,-2.0710009246109516e-09,0.0,2.0710009246109516e-09,2.0710009246109516e-09,2.0710009246109516e-09,False,2.0637607596682347e-07,2.4690069985808805,320.0,16.0,,,
single_step,equal_fe,uav,WOA,25,125.0,10.0,1.0,1.0,-2.0710009246109516e-09,0.0,2.0710009246109516e-09,2.0710009246109516e-09,2.0710009246109516e-09,False,2.0637607596682347e-07,2.4769519950496033,320.0,16.0,,,
single_step,equal_fe,uav,WOA,26,125.0,10.0,1.0,1.0,-2.0710009246109516e-09,0.0,2.0710009246109516e-09,2.0710009246109516e-09,2.0710009246109516e-09,False,2.0637607596682347e-07,2.486636003595777,320.0,16.0,,,
single_step,equal_fe,uav,WOA,27,125.0,10.0,1.0,1.0,-2.0710009246109516e-09,0.0,2.0710009246109516e-09,2.0710009246109516e-09,2.0710009246109516e-09,False,2.0637607596682347e-07,2.5017769949045032,320.0,16.0,,,
single_step,equal_fe,uav,WOA,28,125.0,10.0,1.0,1.0,-2.0710009246109516e-09,0.0,2.0710009246109516e-09,2.0710009246109516e-09,2.0710009246109516e-09,False,2.0637607596682347e-07,2.539328997954726,320.0,16.0,,,
single_step,equal_fe,uav,WOA,29,125.0,10.0,1.0,1.0,-2.0710009246109516e-09,-2.185288428525162e-09,-1.1428750391421044e-10,1.1428750391421044e-10,1.1428750391421044e-10,False,1.9155803483946414e-07,6.162940000649542,780.0,39.0,,,
single_step,equal_fe,uav,WOA,30,125.0,10.0,1.0,1.0,-2.0710009246109516e-09,0.0,2.0710009246109516e-09,2.0710009246109516e-09,2.0710009246109516e-09,False,2.0637607596682347e-07,2.5094279990298674,320.0,16.0,,,
single_step,equal_fe,uav,WOA,31,125.0,10.0,1.0,1.0,-2.0710009246109516e-09,0.0,2.0710009246109516e-09,2.0710009246109516e-09,2.0710009246109516e-09,False,2.0637607596682347e-07,2.487433986971155,320.0,16.0,,,
single_step,equal_fe,uav,WOA,32,125.0,10.0,1.0,1.0,-2.0710009246109516e-09,0.0,2.0710009246109516e-09,2.0710009246109516e-09,2.0710009246109516e-09,False,2.0637607596682347e-07,2.5231890031136572,320.0,16.0,,,
single_step,equal_fe,uav,WOA,33,125.0,10.0,1.0,1.0,-2.0710009246109516e-09,0.0,2.0710009246109516e-09,2.0710009246109516e-09,2.0710009246109516e-09,False,2.0637607596682347e-07,2.5486939994152635,320.0,16.0,,,
single_step,equal_fe,uav,WOA,34,125.0,10.0,1.0,1.0,-2.0710009246109516e-09,0.0,2.0710009246109516e-09,2.0710009246109516e-09,2.0710009246109516e-09,False,2.0637607596682347e-07,2.47355000465177,320.0,16.0,,,
single_step,equal_fe,uav,WOA,35,125.0,10.0,1.0,1.0,-2.0710009246109516e-09,-2.1376351365582085e-09,-6.663421194725693e-11,6.663421194725693e-11,6.663421194725693e-11,False,2.1216989095958359e-07,7.166741997934878,920.0,46.0,,,
single_step,equal_fe,uav,WOA,36,125.0,10.0,1.0,1.0,-2.0710009246109516e-09,0.0,2.0710009246109516e-09,2.0710009246109516e-09,2.0710009246109516e-09,False,2.0637607596682347e-07,2.476622990798205,320.0,16.0,,,
single_step,equal_fe,uav,WOA,37,125.0,10.0,1.0,1.0,-2.0710009246109516e-09,0.0,2.0710009246109516e-09,2.0710009246109516e-09,2.0710009246109516e-09,False,2.0637607596682347e-07,2.4605610087746754,320.0,16.0,,,
single_step,equal_fe,uav,WOA,38,125.0,10.0,1.0,1.0,-2.0710009246109516e-09,0.0,2.0710009246109516e-09,2.0710009246109516e-09,2.0710009246109516e-09,False,2.0637607596682347e-07,2.430742999422364,320.0,16.0,,,
single_step,equal_fe,uav,WOA,39,125.0,10.0,1.0,1.0,-2.0710009246109516e-09,-2.185511100883609e-09,-1.1451017627265739e-10,1.1451017627265739e-10,1.1451017627265739e-10,False,2.044085291459857e-07,7.561288992292248,980.0,49.0,,,
single_step,equal_fe,uav,WOA,40,125.0,10.0,1.0,1.0,-2.0710009246109516e-09,0.0,2.0710009246109516e-09,2.0710009246109516e-09,2.0710009246109516e-09,False,2.0637607596682347e-07,2.5173979956889525,320.0,16.0,,,
single_step,equal_fe,uav,WOA,41,125.0,10.0,1.0,1.0,-2.0710009246109516e-09,0.0,2.0710009246109516e-09,2.0710009246109516e-09,2.0710009246109516e-09,False,2.0637607596682347e-07,2.467436992446892,320.0,16.0,,,
single_step,equal_fe,uav,WOA,42,125.0,10.0,1.0,1.0,-2.0710009246109516e-09,0.0,2.0710009246109516e-09,2.0710009246109516e-09,2.0710009246109516e-09,False,2.0637607596682347e-07,2.4369390011997893,320.0,16.0,,,
single_step,equal_fe,uav,WOA,43,125.0,10.0,1.0,1.0,-2.0710009246109516e-09,0.0,2.0710009246109516e-09,2.0710009246109516e-09,2.0710009246109516e-09,False,2.0637607596682347e-07,2.4439020053250715,320.0,16.0,,,
single_step,equal_fe,uav,WOA,44,125.0,10.0,1.0,1.0,-2.0710009246109516e-09,0.0,2.0710009246109516e-09,2.0710009246109516e-09,2.0710009246109516e-09,False,2.0637607596682347e-07,2.4780139938229695,320.0,16.0,,,
single_step,equal_fe,uav,WOA,45,125.0,10.0,1.0,1.0,-2.0710009246109516e-09,0.0,2.0710009246109516e-09,2.0710009246109516e-09,2.0710009246109516e-09,False,2.0637607596682347e-07,2.497615001630038,320.0,16.0,,,
single_step,equal_fe,uav,WOA,46,125.0,10.0,1.0,1.0,-2.0710009246109516e-09,-2.1771822600302023e-09,-1.061813354192507e-10,1.061813354192507e-10,1.061813354192507e-10,False,2.1857828385706535e-07,7.429129007505253,960.0,48.0,,,
single_step,equal_fe,uav,WOA,47,125.0,10.0,1.0,1.0,-2.0710009246109516e-09,0.0,2.0710009246109516e-09,2.0710009246109516e-09,2.0710009246109516e-09,False,2.0637607596682347e-07,2.4621540069347247,320.0,16.0,,,
single_step,equal_fe,uav,WOA,48,125.0,10.0,1.0,1.0,-2.0710009246109516e-09,-2.1834927668349733e-09,-1.1249184222402171e-10,1.1249184222402171e-10,1.1249184222402171e-10,False,2.132639607850618e-07,6.785967998439446,880.0,44.0,,,
single_step,equal_fe,uav,WOA,49,125.0,10.0,1.0,1.0,-2.0710009246109516e-09,0.0,2.0710009246109516e-09,2.0710009246109516e-09,2.0710009246109516e-09,False,2.0637607596682347e-07,2.51129298703745,320.0,16.0,,,
closed_loop,equal_fe,uav,QP,0,,,,,,,,,,,,2.1543460740940645,114.62,,0.0008692986026327382,0.0008692986026327382,500.0
closed_loop,equal_fe,uav,SGO,0,,,,,,,,,,,,7.489867801894434,597.832,,0.001458595691625153,0.001458595691625153,500.0
closed_loop,equal_fe,uav,SGO,1,,,,,,,,,,,,7.48901741989539,603.472,,0.001546952831859017,0.001546952831859017,500.0
closed_loop,equal_fe,uav,SGO,2,,,,,,,,,,,,7.447419382137014,597.044,,0.0015265940935687951,0.0015265940935687951,500.0
closed_loop,equal_fe,uav,SGO,3,,,,,,,,,,,,7.231519652210409,585.108,,0.0015267569547026058,0.0015267569547026058,500.0
closed_loop,equal_fe,uav,SGO,4,,,,,,,,,,,,7.377679192577489,595.916,,0.0014323756183343601,0.0014323756183343601,500.0
closed_loop,equal_fe,uav,SGO,5,,,,,,,,,,,,7.401379870279925,599.88,,0.0013927447653897436,0.0013927447653897436,500.0
closed_loop,equal_fe,uav,SGO,6,,,,,,,,,,,,7.263278997706948,589.608,,0.0013618509246490584,0.0013618509246490584,500.0
closed_loop,equal_fe,uav,SGO,7,,,,,,,,,,,,7.214954588125693,586.796,,0.0016261042894385525,0.0016261042894385525,500.0
closed_loop,equal_fe,uav,SGO,8,,,,,,,,,,,,7.048120641644346,578.22,,0.0016407504026417685,0.0016407504026417685,500.0
closed_loop,equal_fe,uav,SGO,9,,,,,,,,,,,,7.271007115428802,591.956,,0.001587041597153628,0.001587041597153628,500.0
closed_loop,equal_fe,uav,SGO,10,,,,,,,,,,,,7.2153692179126665,586.58,,0.0015827332085255766,0.0015827332085255766,500.0
closed_loop,equal_fe,uav,SGO,11,,,,,,,,,,,,7.345331829506904,599.212,,0.001412894455771655,0.001412894455771655,500.0
closed_loop,equal_fe,uav,SGO,12,,,,,,,,,,,,7.347553477826295,602.912,,0.0015531729549077093,0.0015531729549077093,500.0
closed_loop,equal_fe,uav,SGO,13,,,,,,,,,,,,7.455286510143196,610.032,,0.0015684791364033437,0.0015684791364033437,500.0
closed_loop,equal_fe,uav,SGO,14,,,,,,,,,,,,7.181824638159014,590.716,,0.0016427217023165048,0.0016427217023165048,500.0
closed_loop,equal_fe,uav,SGO,15,,,,,,,,,,,,7.220729914435651,590.748,,0.0016092147649275446,0.0016092147649275446,500.0
closed_loop,equal_fe,uav,SGO,16,,,,,,,,,,,,7.348423110001022,599.26,,0.0014764364501786084,0.0014764364501786084,500.0
closed_loop,equal_fe,uav,SGO,17,,,,,,,,,,,,7.359313277935144,598.08,,0.001585367666307756,0.001585367666307756,500.0
closed_loop,equal_fe,uav,SGO,18,,,,,,,,,,,,7.497915205894969,609.936,,0.001419752986134576,0.001419752986134576,500.0
closed_loop,equal_fe,uav,SGO,19,,,,,,,,,,,,7.379849187971558,602.536,,0.0018423171224545305,0.0018423171224545305,500.0
closed_loop,equal_fe,uav,GWO,0,,,,,,,,,,,,12.711377779749455,561.16,,0.0008692709492681292,0.0008692709492681292,500.0
closed_loop,equal_fe,uav,GWO,1,,,,,,,,,,,,12.637921010085847,556.04,,0.0008689232414132167,0.0008689232414132167,500.0
closed_loop,equal_fe,uav,GWO,2,,,,,,,,,,,,12.784058405610267,568.96,,0.0008684817763790321,0.0008684817763790321,500.0
closed_loop,equal_fe,uav,GWO,3,,,,,,,,,,,,12.40242844450404,573.44,,0.00086820329415846,0.00086820329415846,500.0
closed_loop,equal_fe,uav,GWO,4,,,,,,,,,,,,12.158169658359839,563.08,,0.0009153998838624583,0.0009153998838624583,500.0
closed_loop,equal_fe,uav,GWO,5,,,,,,,,,,,,12.319539051677566,567.72,,0.0008682792468403585,0.0008682792468403585,500.0
closed_loop,equal_fe,uav,GWO,6,,,,,,,,,,,,12.305100488098105,570.48,,0.000868487293216212,0.000868487293216212,500.0
closed_loop,equal_fe,uav,GWO,7,,,,,,,,,,,,12.261820491723483,567.4,,0.0008683394619044904,0.0008683394619044904,500.0
closed_loop,equal_fe,uav,GWO,8,,,,,,,,,,,,12.248354458191898,562.04,,0.0008695975478198245,0.0008695975478198245,500.0
closed_loop,equal_fe,uav,GWO,9,,,,,,,,,,,,12.470339192106621,574.0,,0.0009160242649465334,0.0009160242649465334,500.0
closed_loop,equal_fe,uav,GWO,10,,,,,,,,,,,,12.41031228195061,567.36,,0.0008677253511350968,0.0008677253511350968,500.0
closed_loop,equal_fe,uav,GWO,11,,,,,,,,,,,,12.412767684058053,566.88,,0.0008684000492923875,0.0008684000492923875,500.0
closed_loop,equal_fe,uav,GWO,12,,,,,,,,,,,,12.301696286158403,563.56,,0.0008699731402088644,0.0008699731402088644,500.0
closed_loop,equal_fe,uav,GWO,13,,,,,,,,,,,,12.43517121806508,568.4,,0.0008686187589354355,0.0008686187589354355,500.0
closed_loop,equal_fe,uav,GWO,14,,,,,,,,,,,,12.205375545891002,560.6,,0.0008709267368611908,0.0008709267368611908,500.0
closed_loop,equal_fe,uav,GWO,15,,,,,,,,,,,,12.502372832095716,572.0,,0.000868759402698315,0.000868759402698315,500.0
closed_loop,equal_fe,uav,GWO,16,,,,,,,,,,,,12.133739482087549,559.68,,0.0008690857120931618,0.0008690857120931618,500.0
closed_loop,equal_fe,uav,GWO,17,,,,,,,,,,,,12.206862678052858,564.44,,0.0008695064026824706,0.0008695064026824706,500.0
closed_loop,equal_fe,uav,GWO,18,,,,,,,,,,,,12.256317201681668,564.08,,0.0008685936013278272,0.0008685936013278272,500.0
closed_loop,equal_fe,uav,GWO,19,,,,,,,,,,,,12.180875446065329,558.96,,0.0008689884016456992,0.0008689884016456992,500.0
closed_loop,equal_fe,uav,PSO,0,,,,,,,,,,,,2.054729436262278,567.12,,0.01462115276610712,0.01462115276610712,500.0
closed_loop,equal_fe,uav,PSO,1,,,,,,,,,,,,2.012282911891816,557.12,,0.021400737710597816,0.021400737710597816,500.0
closed_loop,equal_fe,uav,PSO,2,,,,,,,,,,,,2.0776033040019684,577.92,,0.020384046331326327,0.020384046331326327,500.0
closed_loop,equal_fe,uav,PSO,3,,,,,,,,,,,,1.969669628480915,555.76,,0.020136208271267535,0.020136208271267535,500.0
closed_loop,equal_fe,uav,PSO,4,,,,,,,,,,,,1.9582077958330046,541.6,,0.042961578813268876,0.042961578813268876,500.0
closed_loop,equal_fe,uav,PSO,5,,,,,,,,,,,,2.0396343418688048,564.76,,0.019766328845925205,0.019766328845925205,500.0
closed_loop,equal_fe,uav,PSO,6,,,,,,,,,,,,2.0002442502591293,556.52,,0.04302237956826275,0.04302237956826275,500.0
closed_loop,equal_fe,uav,PSO,7,,,,,,,,,,,,2.0489720920450054,573.48,,0.01969516037876205,0.01969516037876205,500.0
closed_loop,equal_fe,uav,PSO,8,,,,,,,,,,,,2.0380340400442947,565.36,,0.025368964827594834,0.025368964827594834,500.0
closed_loop,equal_fe,uav,PSO,9,,,,,,,,,,,,1.987415943905944,550.16,,0.020421115885345033,0.020421115885345033,500.0
closed_loop,equal_fe,uav,PSO,10,,,,,,,,,,,,2.034554972226033,564.44,,0.019997498016294638,0.019997498016294638,500.0
closed_loop,equal_fe,uav,PSO,11,,,,,,,,,,,,2.005674277956132,555.52,,0.02957744610759802,0.02957744610759802,500.0
closed_loop,equal_fe,uav,PSO,12,,,,,,,,,,,,1.9978147080983035,550.92,,0.024664133907798758,0.024664133907798758,500.0
closed_loop,equal_fe,uav,PSO,13,,,,,,,,,,,,2.0237467562255915,561.12,,0.031337847783702605,0.031337847783702605,500.0
closed_loop,equal_fe,uav,PSO,14,,,,,,,,,,,,1.9549435122171417,549.36,,0.02390036326403165,0.02390036326403165,500.0
closed_loop,equal_fe,uav,PSO,15,,,,,,,,,,,,2.0251034458342474,563.64,,0.0188953853054427,0.0188953853054427,500.0
closed_loop,equal_fe,uav,PSO,16,,,,,,,,,,,,2.0062780256848782,558.52,,0.02069378052760899,0.02069378052760899,500.0
closed_loop,equal_fe,uav,PSO,17,,,,,,,,,,,,2.0015069337096065,553.24,,0.024343429915740167,0.024343429915740167,500.0
closed_loop,equal_fe,uav,PSO,18,,,,,,,,,,,,2.090549242129782,577.8,,0.01755155062460537,0.01755155062460537,500.0
closed_loop,equal_fe,uav,PSO,19,,,,,,,,,,,,2.094168131821789,576.8,,0.022530341218105907,0.022530341218105907,500.0
closed_loop,equal_fe,uav,WOA,0,,,,,,,,,,,,5.8363995162944775,766.0,,0.0017788824869481399,0.0017788824869481399,500.0
closed_loop,equal_fe,uav,WOA,1,,,,,,,,,,,,5.891521785757504,772.24,,0.0013818210815071362,0.0013818210815071362,500.0
closed_loop,equal_fe,uav,WOA,2,,,,,,,,,,,,6.06780102031189,803.96,,0.0014351814806553471,0.0014351814806553471,500.0
closed_loop,equal_fe,uav,WOA,3,,,,,,,,,,,,6.189115192129975,820.88,,0.0011658757875001515,0.0011658757875001515,500.0
closed_loop,equal_fe,uav,WOA,4,,,,,,,,,,,,5.810272784321569,764.6,,0.0015878461714156182,0.0015878461714156182,500.0
closed_loop,equal_fe,uav,WOA,5,,,,,,,,,,,,5.874457324389368,778.88,,0.0009886323030168038,0.0009886323030168038,500.0
closed_loop,equal_fe,uav,WOA,6,,,,,,,,,,,,6.005937690468272,788.64,,0.0012740024253150876,0.0012740024253150876,500.0
closed_loop,equal_fe,uav,WOA,7,,,,,,,,,,,,6.2640563221648335,793.72,,0.0014453527086827785,0.0014453527086827785,500.0
closed_loop,equal_fe,uav,WOA,8,,,,,,,,,,,,6.354309302405454,804.72,,0.0013927931658845119,0.0013927931658845119,500.0
closed_loop,equal_fe,uav,WOA,9,,,,,,,,,,,,5.998197198525304,757.24,,0.001641746482122419,0.001641746482122419,500.0
closed_loop,equal_fe,uav,WOA,10,,,,,,,,,,,,6.205977244360838,789.32,,0.0011808446031643094,0.0011808446031643094,500.0
closed_loop,equal_fe,uav,WOA,11,,,,,,,,,,,,6.134868077700958,776.16,,0.0009607331488775008,0.0009607331488775008,500.0
closed_loop,equal_fe,uav,WOA,12,,,,,,,,,,,,6.324789434176637,803.6,,0.0022117320382333437,0.0022117320382333437,500.0
closed_loop,equal_fe,uav,WOA,13,,,,,,,,,,,,6.108631295937812,772.4,,0.0014256682014370467,0.0014256682014370467,500.0
closed_loop,equal_fe,uav,WOA,14,,,,,,,,,,,,6.047931432112819,771.08,,0.001835972732707751,0.001835972732707751,500.0
closed_loop,equal_fe,uav,WOA,15,,,,,,,,,,,,6.014451070106588,769.68,,0.0013640850174253631,0.0013640850174253631,500.0
closed_loop,equal_fe,uav,WOA,16,,,,,,,,,,,,5.817178113968112,743.4,,0.0014518934865720954,0.0014518934865720954,500.0
closed_loop,equal_fe,uav,WOA,17,,,,,,,,,,,,6.092139078100445,772.76,,0.0012902996821121512,0.0012902996821121512,500.0
closed_loop,equal_fe,uav,WOA,18,,,,,,,,,,,,6.291984100069385,799.04,,0.0010991956259486654,0.0010991956259486654,500.0
closed_loop,equal_fe,uav,WOA,19,,,,,,,,,,,,6.059635087993229,772.28,,0.00179046720060276,0.00179046720060276,500.0
