system,k,stratum,drift_warm_gap,alg,NP,budget_fe,trial,seed,J_star,J,norm_gap,converged_1e4,first_control_error,realized_fe,fe_exact,time_ms
uav,497,High,0.0119944584145897,SGO,20,250,0,13000000,-5.9516986372351735,0.0,1.0,False,0.09062433164556478,250,True,2.9428169946186244
uav,497,High,0.0119944584145897,SGO,20,250,1,13000001,-5.9516986372351735,0.0,1.0,False,0.09062433164556478,250,True,2.7867750031873584
uav,497,High,0.0119944584145897,SGO,20,250,2,13000002,-5.9516986372351735,0.0,1.0,False,0.09062433164556478,250,True,2.7199689648114145
uav,497,High,0.0119944584145897,SGO,20,250,3,13000003,-5.9516986372351735,0.0,1.0,False,0.09062433164556478,250,True,2.6322589837945998
uav,497,High,0.0119944584145897,SGO,20,250,4,13000004,-5.9516986372351735,0.0,1.0,False,0.09062433164556478,250,True,2.6849129935726523
uav,497,High,0.0119944584145897,SGO,20,250,5,13000005,-5.9516986372351735,0.0,1.0,False,0.09062433164556478,250,True,2.6555280201137066
uav,497,High,0.0119944584145897,SGO,20,250,6,13000006,-5.9516986372351735,0.0,1.0,False,0.09062433164556478,250,True,2.6192530058324337
uav,497,High,0.0119944584145897,SGO,20,250,7,13000007,-5.9516986372351735,0.0,1.0,False,0.09062433164556478,250,True,2.68754200078547
uav,497,High,0.0119944584145897,SGO,20,250,8,13000008,-5.9516986372351735,0.0,1.0,False,0.09062433164556478,250,True,2.8659349773079157
uav,497,High,0.0119944584145897,SGO,20,250,9,13000009,-5.9516986372351735,0.0,1.0,False,0.09062433164556478,250,True,2.857629966456443
uav,497,High,0.0119944584145897,SGO,20,250,10,13000010,-5.9516986372351735,0.0,1.0,False,0.09062433164556478,250,True,2.729350992012769
uav,497,High,0.0119944584145897,SGO,20,250,11,13000011,-5.9516986372351735,0.0,1.0,False,0.09062433164556478,250,True,2.738384995609522
uav,497,High,0.0119944584145897,SGO,20,250,12,13000012,-5.9516986372351735,0.0,1.0,False,0.09062433164556478,250,True,2.8507260140031576
uav,497,High,0.0119944584145897,SGO,20,250,13,13000013,-5.9516986372351735,0.0,1.0,False,0.09062433164556478,250,True,2.756285946816206
uav,497,High,0.0119944584145897,SGO,20,250,14,13000014,-5.9516986372351735,0.0,1.0,False,0.09062433164556478,250,True,2.864287991542369
uav,497,High,0.0119944584145897,SGO,20,250,15,13000015,-5.9516986372351735,0.0,1.0,False,0.09062433164556478,250,True,2.716178016271442
uav,497,High,0.0119944584145897,SGO,20,250,16,13000016,-5.9516986372351735,0.0,1.0,False,0.09062433164556478,250,True,2.579374995548278
uav,497,High,0.0119944584145897,SGO,20,250,17,13000017,-5.9516986372351735,0.0,1.0,False,0.09062433164556478,250,True,2.8706470038741827
uav,497,High,0.0119944584145897,SGO,20,250,18,13000018,-5.9516986372351735,0.0,1.0,False,0.09062433164556478,250,True,2.8544680099003017
uav,497,High,0.0119944584145897,SGO,20,250,19,13000019,-5.9516986372351735,0.0,1.0,False,0.09062433164556478,250,True,2.877388964407146
uav,497,High,0.0119944584145897,SGO,20,250,20,13000020,-5.9516986372351735,0.0,1.0,False,0.09062433164556478,250,True,2.7068739873357117
uav,497,High,0.0119944584145897,SGO,20,250,21,13000021,-5.9516986372351735,0.0,1.0,False,0.09062433164556478,250,True,2.764442004263401
uav,497,High,0.0119944584145897,SGO,20,250,22,13000022,-5.9516986372351735,0.0,1.0,False,0.09062433164556478,250,True,2.756482979748398
uav,497,High,0.0119944584145897,SGO,20,250,23,13000023,-5.9516986372351735,0.0,1.0,False,0.09062433164556478,250,True,2.766529971268028
uav,497,High,0.0119944584145897,SGO,20,250,24,13000024,-5.9516986372351735,0.0,1.0,False,0.09062433164556478,250,True,2.739100018516183
uav,497,High,0.0119944584145897,SGO,20,250,25,13000025,-5.9516986372351735,0.0,1.0,False,0.09062433164556478,250,True,2.678878023289144
uav,497,High,0.0119944584145897,SGO,20,250,26,13000026,-5.9516986372351735,0.0,1.0,False,0.09062433164556478,250,True,2.689288987312466
uav,497,High,0.0119944584145897,SGO,20,250,27,13000027,-5.9516986372351735,0.0,1.0,False,0.09062433164556478,250,True,2.823674993123859
uav,497,High,0.0119944584145897,SGO,20,250,28,13000028,-5.9516986372351735,0.0,1.0,False,0.09062433164556478,250,True,2.567007963079959
uav,497,High,0.0119944584145897,SGO,20,250,29,13000029,-5.9516986372351735,0.0,1.0,False,0.09062433164556478,250,True,2.69040500279516
uav,497,High,0.0119944584145897,SGO,20,500,0,13000000,-5.9516986372351735,0.0,1.0,False,0.09062433164556478,500,True,5.624169949442148
uav,497,High,0.0119944584145897,SGO,20,500,1,13000001,-5.9516986372351735,0.0,1.0,False,0.09062433164556478,500,True,5.611778993625194
uav,497,High,0.0119944584145897,SGO,20,500,2,13000002,-5.9516986372351735,0.0,1.0,False,0.09062433164556478,500,True,5.530476977583021
uav,497,High,0.0119944584145897,SGO,20,500,3,13000003,-5.9516986372351735,0.0,1.0,False,0.09062433164556478,500,True,5.572403024416417
uav,497,High,0.0119944584145897,SGO,20,500,4,13000004,-5.9516986372351735,0.0,1.0,False,0.09062433164556478,500,True,5.571749992668629
uav,497,High,0.0119944584145897,SGO,20,500,5,13000005,-5.9516986372351735,-2.4260726034461104,0.5923730767770984,False,0.06456577792310023,500,True,5.421413981821388
uav,497,High,0.0119944584145897,SGO,20,500,6,13000006,-5.9516986372351735,-2.0070277975672832,0.6627806749133999,False,0.07559511254004346,500,True,5.351357976906002
uav,497,High,0.0119944584145897,SGO,20,500,7,13000007,-5.9516986372351735,-2.090422913289678,0.6487686892929156,False,0.08805003276482302,500,True,5.787776026409119
uav,497,High,0.0119944584145897,SGO,20,500,8,13000008,-5.9516986372351735,0.0,1.0,False,0.09062433164556478,500,True,5.560772959142923
uav,497,High,0.0119944584145897,SGO,20,500,9,13000009,-5.9516986372351735,0.0,1.0,False,0.09062433164556478,500,True,5.603250989224762
uav,497,High,0.0119944584145897,SGO,20,500,10,13000010,-5.9516986372351735,0.0,1.0,False,0.09062433164556478,500,True,5.535658041480929
uav,497,High,0.0119944584145897,SGO,20,500,11,13000011,-5.9516986372351735,-0.7639140745988922,0.8716477225813026,False,0.05519685086568903,500,True,5.5652400478720665
uav,497,High,0.0119944584145897,SGO,20,500,12,13000012,-5.9516986372351735,-0.5177350000669207,0.9130105484797477,False,0.05976912159355319,500,True,6.016784987878054
uav,497,High,0.0119944584145897,SGO,20,500,13,13000013,-5.9516986372351735,0.0,1.0,False,0.09062433164556478,500,True,5.758334009442478
uav,497,High,0.0119944584145897,SGO,20,500,14,13000014,-5.9516986372351735,-4.490770849697625,0.24546400558617903,False,0.029664904943155455,500,True,5.680999020114541
uav,497,High,0.0119944584145897,SGO,20,500,15,13000015,-5.9516986372351735,0.0,1.0,False,0.09062433164556478,500,True,5.603755009360611
uav,497,High,0.0119944584145897,SGO,20,500,16,13000016,-5.9516986372351735,0.0,1.0,False,0.09062433164556478,500,True,5.488069960847497
uav,497,High,0.0119944584145897,SGO,20,500,17,13000017,-5.9516986372351735,0.0,1.0,False,0.09062433164556478,500,True,5.7247119839303195
uav,497,High,0.0119944584145897,SGO,20,500,18,13000018,-5.9516986372351735,0.0,1.0,False,0.09062433164556478,500,True,5.741747037973255
uav,497,High,0.0119944584145897,SGO,20,500,19,13000019,-5.9516986372351735,0.0,1.0,False,0.09062433164556478,500,True,5.765123991295695
uav,497,High,0.0119944584145897,SGO,20,500,20,13000020,-5.9516986372351735,0.0,1.0,False,0.09062433164556478,500,True,5.521490995306522
uav,497,High,0.0119944584145897,SGO,20,500,21,13000021,-5.9516986372351735,0.0,1.0,False,0.09062433164556478,500,True,5.544631043449044
uav,497,High,0.0119944584145897,SGO,20,500,22,13000022,-5.9516986372351735,-0.05494509881412668,0.9907681651637438,False,0.06961738429632046,500,True,5.843283026479185
uav,497,High,0.0119944584145897,SGO,20,500,23,13000023,-5.9516986372351735,0.0,1.0,False,0.09062433164556478,500,True,5.683691997546703
uav,497,High,0.0119944584145897,SGO,20,500,24,13000024,-5.9516986372351735,-4.441653739190644,0.25371662614053514,False,0.016040904280529067,500,True,5.633366003166884
uav,497,High,0.0119944584145897,SGO,20,500,25,13000025,-5.9516986372351735,-2.854896283265595,0.5203224394789215,False,0.06939253791221478,500,True,5.764277011621743
uav,497,High,0.0119944584145897,SGO,20,500,26,13000026,-5.9516986372351735,0.0,1.0,False,0.09062433164556478,500,True,5.76290104072541
uav,497,High,0.0119944584145897,SGO,20,500,27,13000027,-5.9516986372351735,0.0,1.0,False,0.09062433164556478,500,True,5.858075979631394
uav,497,High,0.0119944584145897,SGO,20,500,28,13000028,-5.9516986372351735,0.0,1.0,False,0.09062433164556478,500,True,5.462536006234586
uav,497,High,0.0119944584145897,SGO,20,500,29,13000029,-5.9516986372351735,0.0,1.0,False,0.09062433164556478,500,True,5.62577199889347
uav,497,High,0.0119944584145897,SGO,20,1000,0,13000000,-5.9516986372351735,-4.649373485676041,0.21881570807558892,False,0.04523302858081677,1000,True,11.331795016303658
uav,497,High,0.0119944584145897,SGO,20,1000,1,13000001,-5.9516986372351735,-5.056198640733271,0.15046124662620713,False,0.03389222649583768,1000,True,11.191933997906744
uav,497,High,0.0119944584145897,SGO,20,1000,2,13000002,-5.9516986372351735,-5.689572741787607,0.04404219894596933,False,0.018114548690242777,1000,True,11.250042007304728
uav,497,High,0.0119944584145897,SGO,20,1000,3,13000003,-5.9516986372351735,-3.2333979053680544,0.45672687707351556,False,0.07108691621316511,1000,True,11.126962024718523
uav,497,High,0.0119944584145897,SGO,20,1000,4,13000004,-5.9516986372351735,-5.041915432792603,0.1528611006529734,False,0.034908885661040216,1000,True,11.215956998057663
uav,497,High,0.0119944584145897,SGO,20,1000,5,13000005,-5.9516986372351735,-5.911843756033382,0.006696387641748263,False,0.007894092178494672,1000,True,11.063116020523012
uav,497,High,0.0119944584145897,SGO,20,1000,6,13000006,-5.9516986372351735,-5.680269566292444,0.04560531160711124,False,0.018722699036444464,1000,True,11.204198002815247
uav,497,High,0.0119944584145897,SGO,20,1000,7,13000007,-5.9516986372351735,-2.8406970572714387,0.5227081829211925,False,0.0701378254309566,1000,True,11.407543031964451
uav,497,High,0.0119944584145897,SGO,20,1000,8,13000008,-5.9516986372351735,-5.381804993574507,0.09575310821271812,False,0.011634481002580114,1000,True,11.245563975535333
uav,497,High,0.0119944584145897,SGO,20,1000,9,13000009,-5.9516986372351735,-5.88271835262038,0.011590016366628092,False,0.006807401010069928,1000,True,11.493999976664782
uav,497,High,0.0119944584145897,SGO,20,1000,10,13000010,-5.9516986372351735,-5.745652050373667,0.03461979502329513,False,0.0027909658811338355,1000,True,10.840110015124083
uav,497,High,0.0119944584145897,SGO,20,1000,11,13000011,-5.9516986372351735,-5.553285491970963,0.06694108178993596,False,0.02250872037988009,1000,True,10.970012983307242
uav,497,High,0.0119944584145897,SGO,20,1000,12,13000012,-5.9516986372351735,-5.716395334165509,0.03953548682682853,False,0.019291219298278928,1000,True,11.128235957585275
uav,497,High,0.0119944584145897,SGO,20,1000,13,13000013,-5.9516986372351735,-2.569051604434942,0.5683498508539438,False,0.08165650883952218,1000,True,11.148691002745181
uav,497,High,0.0119944584145897,SGO,20,1000,14,13000014,-5.9516986372351735,-5.886980186736563,0.010873946152736423,False,0.0021552496244797497,1000,True,11.113120010122657
uav,497,High,0.0119944584145897,SGO,20,1000,15,13000015,-5.9516986372351735,-5.788167441442252,0.027476390482850246,False,0.013393659762683058,1000,True,11.237043014261872
uav,497,High,0.0119944584145897,SGO,20,1000,16,13000016,-5.9516986372351735,-4.568317969493739,0.23243459591295365,False,0.03925461258175415,1000,True,11.471001023892313
uav,497,High,0.0119944584145897,SGO,20,1000,17,13000017,-5.9516986372351735,-4.706249138253375,0.20925950302489862,False,0.04651125313321801,1000,True,11.395762034226209
uav,497,High,0.0119944584145897,SGO,20,1000,18,13000018,-5.9516986372351735,-5.132999544221667,0.13755721566470788,False,0.03364107549365862,1000,True,11.351255001500249
uav,497,High,0.0119944584145897,SGO,20,1000,19,13000019,-5.9516986372351735,-3.977946893903684,0.33162830708249436,False,0.06330784497310459,1000,True,11.446981050539762
uav,497,High,0.0119944584145897,SGO,20,1000,20,13000020,-5.9516986372351735,-3.1017409065412718,0.4788477885731514,False,0.07560940142870347,1000,True,11.15170499542728
uav,497,High,0.0119944584145897,SGO,20,1000,21,13000021,-5.9516986372351735,-5.634497222016315,0.053295947014920145,False,0.01547108184940047,1000,True,11.472401965875179
uav,497,High,0.0119944584145897,SGO,20,1000,22,13000022,-5.9516986372351735,-5.524578264214355,0.07176444895053262,False,0.01970703469063527,1000,True,11.293208983261138
uav,497,High,0.0119944584145897,SGO,20,1000,23,13000023,-5.9516986372351735,-5.884698780189676,0.011257266392208008,False,0.011391316203122047,1000,True,11.187669006176293
uav,497,High,0.0119944584145897,SGO,20,1000,24,13000024,-5.9516986372351735,-5.713517192804493,0.04001907000810889,False,0.004194167820697284,1000,True,11.107033002190292
uav,497,High,0.0119944584145897,SGO,20,1000,25,13000025,-5.9516986372351735,-4.293298225542209,0.27864320974144025,False,0.05321048592053722,1000,True,11.26581197604537
uav,497,High,0.0119944584145897,SGO,20,1000,26,13000026,-5.9516986372351735,-5.093797884839358,0.14414384945981548,False,0.03191220029545879,1000,True,11.276343953795731
uav,497,High,0.0119944584145897,SGO,20,1000,27,13000027,-5.9516986372351735,-4.409045840741948,0.25919538110381474,False,0.054739535189978726,1000,True,11.277034995146096
uav,497,High,0.0119944584145897,SGO,20,1000,28,13000028,-5.9516986372351735,-3.0226432421189635,0.4921377196068659,False,0.07658788762659749,1000,True,11.077665025368333
uav,497,High,0.0119944584145897,SGO,20,1000,29,13000029,-5.9516986372351735,-5.632401659929074,0.053648041805830944,False,0.00983338845752516,1000,True,11.189570010174066
uav,497,High,0.0119944584145897,SGO,20,2000,0,13000000,-5.9516986372351735,-5.4413727602370345,0.08574457614594676,False,0.025376053152676232,2000,True,22.62976299971342
uav,497,High,0.0119944584145897,SGO,20,2000,1,13000001,-5.9516986372351735,-5.3499938427075975,0.10109799423700229,False,0.02059461715372209,2000,True,22.833234048448503
uav,497,High,0.0119944584145897,SGO,20,2000,2,13000002,-5.9516986372351735,-5.735106873382411,0.03639158785656846,False,0.011436911162677223,2000,True,22.741533000953496
uav,497,High,0.0119944584145897,SGO,20,2000,3,13000003,-5.9516986372351735,-3.491229600377488,0.4134061865068965,False,0.061532718108387424,2000,True,22.574253962375224
uav,497,High,0.0119944584145897,SGO,20,2000,4,13000004,-5.9516986372351735,-5.362729372395059,0.0989581799648574,False,0.020422384426882653,2000,True,22.417740954551846
uav,497,High,0.0119944584145897,SGO,20,2000,5,13000005,-5.9516986372351735,-5.9391004344752885,0.0021167407034132714,False,0.000855652759376208,2000,True,21.587538009043783
uav,497,High,0.0119944584145897,SGO,20,2000,6,13000006,-5.9516986372351735,-5.72852919688093,0.037496764194014244,False,0.014724669964693519,2000,True,22.290549997705966
uav,497,High,0.0119944584145897,SGO,20,2000,7,13000007,-5.9516986372351735,-3.0058200965111532,0.49496433208058244,False,0.07355901002324147,2000,True,22.538333956617862
uav,497,High,0.0119944584145897,SGO,20,2000,8,13000008,-5.9516986372351735,-5.7078605299219545,0.04096949831896941,False,0.00809755214867519,2000,True,22.99114898778498
uav,497,High,0.0119944584145897,SGO,20,2000,9,13000009,-5.9516986372351735,-5.897174905087978,0.009161037120744496,False,0.0049233242886452125,2000,True,22.29302196064964
uav,497,High,0.0119944584145897,SGO,20,2000,10,13000010,-5.9516986372351735,-5.893814832514176,0.009725594027705564,False,0.00456528885012524,2000,True,22.53362099872902
uav,497,High,0.0119944584145897,SGO,20,2000,11,13000011,-5.9516986372351735,-5.712629391614646,0.040168237706938975,False,0.012826798556322986,2000,True,22.271654976066202
uav,497,High,0.0119944584145897,SGO,20,2000,12,13000012,-5.9516986372351735,-5.915264287261977,0.0061216725163560064,False,0.0028985325235476914,2000,True,22.070502978749573
uav,497,High,0.0119944584145897,SGO,20,2000,13,13000013,-5.9516986372351735,-2.9157808657599387,0.5100926569907028,False,0.07624796817938748,2000,True,22.556841955520213
uav,497,High,0.0119944584145897,SGO,20,2000,14,13000014,-5.9516986372351735,-5.944847790334644,0.0011510742257124437,False,0.00036408439524554797,2000,True,22.873155015986413
uav,497,High,0.0119944584145897,SGO,20,2000,15,13000015,-5.9516986372351735,-5.917653398790507,0.005720255765584608,False,0.0005772557348840553,2000,True,22.461814049165696
uav,497,High,0.0119944584145897,SGO,20,2000,16,13000016,-5.9516986372351735,-5.081743712345637,0.14616918260056072,False,0.027189182255348786,2000,True,22.55455998238176
uav,497,High,0.0119944584145897,SGO,20,2000,17,13000017,-5.9516986372351735,-5.0467504046525455,0.15204873225957158,False,0.033058747266247475,2000,True,22.510668030008674
uav,497,High,0.0119944584145897,SGO,20,2000,18,13000018,-5.9516986372351735,-5.4932402582108635,0.07702983752505388,False,0.02292972896382225,2000,True,22.718093008734286
uav,497,High,0.0119944584145897,SGO,20,2000,19,13000019,-5.9516986372351735,-4.486390800581795,0.24619993819681685,False,0.048706423167524236,2000,True,22.978672001045197
uav,497,High,0.0119944584145897,SGO,20,2000,20,13000020,-5.9516986372351735,-3.2433082121722796,0.4550617546591809,False,0.07338599379636368,2000,True,22.57510501658544
uav,497,High,0.0119944584145897,SGO,20,2000,21,13000021,-5.9516986372351735,-5.654336692267982,0.04996253390701396,False,0.014690597337847838,2000,True,22.882725985255092
uav,497,High,0.0119944584145897,SGO,20,2000,22,13000022,-5.9516986372351735,-5.607427751848526,0.05784413935759631,False,0.013726667314046903,2000,True,23.2303409720771
uav,497,High,0.0119944584145897,SGO,20,2000,23,13000023,-5.9516986372351735,-5.931339939332623,0.003420653353511906,False,0.0034906046306306285,2000,True,23.047494993079454
uav,497,High,0.0119944584145897,SGO,20,2000,24,13000024,-5.9516986372351735,-5.767238169869845,0.030992911202072943,False,0.003632620944998128,2000,True,22.834779985714704
uav,497,High,0.0119944584145897,SGO,20,2000,25,13000025,-5.9516986372351735,-4.368356136594708,0.26603203507898,False,0.048562908251664455,2000,True,22.740722983144224
uav,497,High,0.0119944584145897,SGO,20,2000,26,13000026,-5.9516986372351735,-5.855523331564737,0.01615930367655743,False,0.010487794275458295,2000,True,23.041937965899706
uav,497,High,0.0119944584145897,SGO,20,2000,27,13000027,-5.9516986372351735,-5.18418626357476,0.12895686096380662,False,0.035433038549839424,2000,True,23.367235029581934
uav,497,High,0.0119944584145897,SGO,20,2000,28,13000028,-5.9516986372351735,-3.4981796153805735,0.4122384501299897,False,0.06868726045603678,2000,True,23.173862020485103
uav,497,High,0.0119944584145897,SGO,20,2000,29,13000029,-5.9516986372351735,-5.771235722803279,0.030321245316904534,False,0.009059789332941093,2000,True,22.6634269929491
uav,497,High,0.0119944584145897,SGO,20,5000,0,13000000,-5.9516986372351735,-5.549634790615715,0.06755446992965265,False,0.021150446885081865,5000,True,59.20631601475179
uav,497,High,0.0119944584145897,SGO,20,5000,1,13000001,-5.9516986372351735,-5.378853922886433,0.09624894492555351,False,0.018463722678688708,5000,True,60.66687701968476
uav,497,High,0.0119944584145897,SGO,20,5000,2,13000002,-5.9516986372351735,-5.740466115935764,0.03549113188928809,False,0.011312612672323533,5000,True,60.52415701560676
uav,497,High,0.0119944584145897,SGO,20,5000,3,13000003,-5.9516986372351735,-3.4980408051441882,0.4122617729231696,False,0.0605962798476876,5000,True,58.16817900631577
uav,497,High,0.0119944584145897,SGO,20,5000,4,13000004,-5.9516986372351735,-5.363476387990872,0.09883266695733721,False,0.021251937824860612,5000,True,56.79863900877535
uav,497,High,0.0119944584145897,SGO,20,5000,5,13000005,-5.9516986372351735,-5.940089644557238,0.0019505343575877251,False,0.001867219693455332,5000,True,56.59995798487216
uav,497,High,0.0119944584145897,SGO,20,5000,6,13000006,-5.9516986372351735,-5.730959606096972,0.03708840863635266,False,0.014032278060100205,5000,True,56.86794698704034
uav,497,High,0.0119944584145897,SGO,20,5000,7,13000007,-5.9516986372351735,-3.0120823641532013,0.4939121505062551,False,0.07333076297984095,5000,True,57.81728797592223
uav,497,High,0.0119944584145897,SGO,20,5000,8,13000008,-5.9516986372351735,-5.708616598097786,0.04084246430365469,False,0.007646761755958999,5000,True,57.55228700581938
uav,497,High,0.0119944584145897,SGO,20,5000,9,13000009,-5.9516986372351735,-5.898619323866122,0.008918346946697676,False,0.0060002591246914455,5000,True,58.21415799437091
uav,497,High,0.0119944584145897,SGO,20,5000,10,13000010,-5.9516986372351735,-5.89574325921881,0.009401581200078507,False,0.0038384775999663356,5000,True,58.04105498827994
uav,497,High,0.0119944584145897,SGO,20,5000,11,13000011,-5.9516986372351735,-5.720720346050507,0.03880880153098035,False,0.011912066171037655,5000,True,59.42341103218496
uav,497,High,0.0119944584145897,SGO,20,5000,12,13000012,-5.9516986372351735,-5.919239497917262,0.005453760564226069,False,0.003018348831107638,5000,True,58.50509100127965
uav,497,High,0.0119944584145897,SGO,20,5000,13,13000013,-5.9516986372351735,-2.922465281722717,0.5089695463679709,False,0.07631239115954103,5000,True,59.33672795072198
uav,497,High,0.0119944584145897,SGO,20,5000,14,13000014,-5.9516986372351735,-5.945997115542896,0.0009579654548715054,False,0.00034957416391953226,5000,True,58.917155023664236
uav,497,High,0.0119944584145897,SGO,20,5000,15,13000015,-5.9516986372351735,-5.920068277620964,0.005314509611814459,False,0.0006576010275734363,5000,True,58.86253900825977
uav,497,High,0.0119944584145897,SGO,20,5000,16,13000016,-5.9516986372351735,-5.094923333901406,0.14395475234138833,False,0.024497863053116173,5000,True,58.90846799593419
uav,497,High,0.0119944584145897,SGO,20,5000,17,13000017,-5.9516986372351735,-5.106534761111632,0.14200380893548686,False,0.03198746272787727,5000,True,57.52358998870477
uav,497,High,0.0119944584145897,SGO,20,5000,18,13000018,-5.9516986372351735,-5.50800946890681,0.07454832567505079,False,0.019521223218617306,5000,True,57.16342700179666
uav,497,High,0.0119944584145897,SGO,20,5000,19,13000019,-5.9516986372351735,-4.4966300743279435,0.24447954300037839,False,0.04808717534741468,5000,True,58.52200399385765
uav,497,High,0.0119944584145897,SGO,20,5000,20,13000020,-5.9516986372351735,-3.249612509017423,0.45400251136925657,False,0.07322009575304157,5000,True,57.872661971487105
uav,497,High,0.0119944584145897,SGO,20,5000,21,13000021,-5.9516986372351735,-5.656075602571272,0.04967036348487412,False,0.014302844970293743,5000,True,56.186512985732406
uav,497,High,0.0119944584145897,SGO,20,5000,22,13000022,-5.9516986372351735,-5.609653587751562,0.05747015605657524,False,0.01491860788897055,5000,True,56.62916199071333
uav,497,High,0.0119944584145897,SGO,20,5000,23,13000023,-5.9516986372351735,-5.931818969521548,0.0033401670557130633,False,0.0027429704464215217,5000,True,56.85563897714019
uav,497,High,0.0119944584145897,SGO,20,5000,24,13000024,-5.9516986372351735,-5.780686958592891,0.028733255674673292,False,0.002179648824874311,5000,True,57.58483603131026
uav,497,High,0.0119944584145897,SGO,20,5000,25,13000025,-5.9516986372351735,-4.442244493333142,0.25361736806674734,False,0.04657004304356184,5000,True,57.26149003021419
uav,497,High,0.0119944584145897,SGO,20,5000,26,13000026,-5.9516986372351735,-5.868986737223989,0.013897192222354823,False,0.008101784619216105,5000,True,57.79436498414725
uav,497,High,0.0119944584145897,SGO,20,5000,27,13000027,-5.9516986372351735,-5.19283920191768,0.12750300066772485,False,0.03321919774112102,5000,True,56.71379796694964
uav,497,High,0.0119944584145897,SGO,20,5000,28,13000028,-5.9516986372351735,-3.504734572651783,0.41113709106079893,False,0.06911620532229343,5000,True,57.61886399704963
uav,497,High,0.0119944584145897,SGO,20,5000,29,13000029,-5.9516986372351735,-5.77135893191959,0.03030054381237278,False,0.009232831929025624,5000,True,57.64506902778521
uav,497,High,0.0119944584145897,GWO,30,250,0,13001000,-5.9516986372351735,-5.672094662048565,0.04697885296767933,False,0.023589833485593813,250,True,4.582849971484393
uav,497,High,0.0119944584145897,GWO,30,250,1,13001001,-5.9516986372351735,-5.785020835261345,0.028005080924469964,False,0.0023845112002694986,250,True,4.4903450179845095
uav,497,High,0.0119944584145897,GWO,30,250,2,13001002,-5.9516986372351735,-5.7158027915655225,0.039635045395919936,False,0.006254721801191723,250,True,4.576840961817652
uav,497,High,0.0119944584145897,GWO,30,250,3,13001003,-5.9516986372351735,-5.798891978822794,0.025674461649719073,False,0.01338259882891585,250,True,4.580520966555923
uav,497,High,0.0119944584145897,GWO,30,250,4,13001004,-5.9516986372351735,-5.9041162991647305,0.00799474922549961,False,0.00446131517686975,250,True,4.450679000001401
uav,497,High,0.0119944584145897,GWO,30,250,5,13001005,-5.9516986372351735,-5.807426981333087,0.024240416844947443,False,0.00793816760204122,250,True,4.4993910123594105
uav,497,High,0.0119944584145897,GWO,30,250,6,13001006,-5.9516986372351735,-4.2896830785207705,0.2792506240683051,False,0.05212183812347982,250,True,4.537608998361975
uav,497,High,0.0119944584145897,GWO,30,250,7,13001007,-5.9516986372351735,-5.452684025741862,0.08384406568762798,False,0.009177202377831071,250,True,4.509976017288864
uav,497,High,0.0119944584145897,GWO,30,250,8,13001008,-5.9516986372351735,-4.306673333348579,0.276395934027127,False,0.0478008352350262,250,True,4.477391019463539
uav,497,High,0.0119944584145897,GWO,30,250,9,13001009,-5.9516986372351735,-5.869291871532514,0.013845923781675349,False,0.0027234325136032823,250,True,4.459172952920198
uav,497,High,0.0119944584145897,GWO,30,250,10,13001010,-5.9516986372351735,-5.0491285564538195,0.15164915695406203,False,0.04263653190378758,250,True,4.476002999581397
uav,497,High,0.0119944584145897,GWO,30,250,11,13001011,-5.9516986372351735,-5.941382705732004,0.001733275176036353,False,0.0039708469828509865,250,True,4.4726739870384336
uav,497,High,0.0119944584145897,GWO,30,250,12,13001012,-5.9516986372351735,-4.615870447885882,0.22444486368850192,False,0.007386825649791459,250,True,4.4625820009969175
uav,497,High,0.0119944584145897,GWO,30,250,13,13001013,-5.9516986372351735,-2.505040913114347,0.5791048798334236,False,0.08464648971030646,250,True,4.510170023422688
uav,497,High,0.0119944584145897,GWO,30,250,14,13001014,-5.9516986372351735,-2.1118965065677173,0.6451607120435812,False,0.08339918760327321,250,True,4.479205003008246
uav,497,High,0.0119944584145897,GWO,30,250,15,13001015,-5.9516986372351735,-5.840647330122109,0.018658758428779045,False,0.0047303521044088845,250,True,4.480184987187386
uav,497,High,0.0119944584145897,GWO,30,250,16,13001016,-5.9516986372351735,-2.456883594129486,0.5871962369266034,False,0.08041290505963981,250,True,4.464344994630665
uav,497,High,0.0119944584145897,GWO,30,250,17,13001017,-5.9516986372351735,-4.223630492491875,0.2903487306854069,False,0.05001311158815982,250,True,4.45873400894925
uav,497,High,0.0119944584145897,GWO,30,250,18,13001018,-5.9516986372351735,-5.506686348371888,0.0747706354080477,False,0.012863927572397979,250,True,4.5659340103156865
uav,497,High,0.0119944584145897,GWO,30,250,19,13001019,-5.9516986372351735,-5.8503948031811115,0.017020995219798638,False,0.006018843138968589,250,True,4.471611988265067
uav,497,High,0.0119944584145897,GWO,30,250,20,13001020,-5.9516986372351735,-4.723954565296137,0.2062846502774841,False,0.039446165173264394,250,True,4.457708040717989
uav,497,High,0.0119944584145897,GWO,30,250,21,13001021,-5.9516986372351735,-3.2455844403320815,0.4546793044884748,False,0.07413926204180044,250,True,4.502513038460165
uav,497,High,0.0119944584145897,GWO,30,250,22,13001022,-5.9516986372351735,-5.517033894953935,0.0730320482898576,False,0.009355062900573443,250,True,4.4626210001297295
uav,497,High,0.0119944584145897,GWO,30,250,23,13001023,-5.9516986372351735,-5.910212366819552,0.006970492450016515,False,0.006714940066721501,250,True,4.4902340159751475
uav,497,High,0.0119944584145897,GWO,30,250,24,13001024,-5.9516986372351735,-5.837529684858438,0.019182582878519466,False,0.008303982037404577,250,True,4.4642300345003605
uav,497,High,0.0119944584145897,GWO,30,250,25,13001025,-5.9516986372351735,-5.808064877856064,0.024133237943282943,False,0.012498052434682232,250,True,4.529599973466247
uav,497,High,0.0119944584145897,GWO,30,250,26,13001026,-5.9516986372351735,-2.3039312094769997,0.6128951833913289,False,0.08269874979022825,250,True,4.51228697784245
uav,497,High,0.0119944584145897,GWO,30,250,27,13001027,-5.9516986372351735,-5.415297857704823,0.09012566197060204,False,0.03073167237926122,250,True,4.492351959925145
uav,497,High,0.0119944584145897,GWO,30,250,28,13001028,-5.9516986372351735,-5.870623121769329,0.013622248102183415,False,0.00866264608274081,250,True,4.561743990052491
uav,497,High,0.0119944584145897,GWO,30,250,29,13001029,-5.9516986372351735,-5.904416810407675,0.007944257548877393,False,0.005068898898437327,250,True,4.528327030129731
uav,497,High,0.0119944584145897,GWO,30,500,0,13001000,-5.9516986372351735,-5.937327405872213,0.0024146436570310877,False,0.002451497861210474,500,True,9.45553497876972
uav,497,High,0.0119944584145897,GWO,30,500,1,13001001,-5.9516986372351735,-5.94755715693887,0.0006958484541528619,False,0.002264842406314193,500,True,9.57133702468127
uav,497,High,0.0119944584145897,GWO,30,500,2,13001002,-5.9516986372351735,-5.945252945532484,0.0010830003492386954,False,0.0018674695538846333,500,True,9.573511953931302
uav,497,High,0.0119944584145897,GWO,30,500,3,13001003,-5.9516986372351735,-5.945188220291786,0.0010938754362758204,False,0.003139211573439388,500,True,9.582664002664387
uav,497,High,0.0119944584145897,GWO,30,500,4,13001004,-5.9516986372351735,-5.931105966746713,0.003459965254226352,False,0.0014198675124213937,500,True,9.661002026405185
uav,497,High,0.0119944584145897,GWO,30,500,5,13001005,-5.9516986372351735,-5.932436058350186,0.0032364842474510284,False,0.0016633487590402005,500,True,9.651081985794008
uav,497,High,0.0119944584145897,GWO,30,500,6,13001006,-5.9516986372351735,-5.947056292829316,0.0007800032711356796,False,0.0006678271255139743,500,True,9.631607972551137
uav,497,High,0.0119944584145897,GWO,30,500,7,13001007,-5.9516986372351735,-5.936446204956797,0.0025627023826363384,False,0.0037384206817758846,500,True,9.56166401738301
uav,497,High,0.0119944584145897,GWO,30,500,8,13001008,-5.9516986372351735,-5.943334680533539,0.0014053058145968064,False,0.0036435485654404895,500,True,9.67461196705699
uav,497,High,0.0119944584145897,GWO,30,500,9,13001009,-5.9516986372351735,-5.945505099171507,0.0010406336814364234,False,0.0018128446230958493,500,True,9.74521500756964
uav,497,High,0.0119944584145897,GWO,30,500,10,13001010,-5.9516986372351735,-5.944854255917266,0.0011499878833056334,False,0.001971603118267288,500,True,9.902251011226326
uav,497,High,0.0119944584145897,GWO,30,500,11,13001011,-5.9516986372351735,-5.936677983970433,0.0025237590443118497,False,0.001101995939173028,500,True,9.65862098382786
uav,497,High,0.0119944584145897,GWO,30,500,12,13001012,-5.9516986372351735,-5.944864846986023,0.0011482083797719755,False,0.0025190453829492545,500,True,9.642369986977428
uav,497,High,0.0119944584145897,GWO,30,500,13,13001013,-5.9516986372351735,-5.9435005710526125,0.0013774330123625476,False,0.000720182235341061,500,True,9.538915008306503
uav,497,High,0.0119944584145897,GWO,30,500,14,13001014,-5.9516986372351735,-5.9481129534987485,0.0006024639275235029,False,0.00024743406249430047,500,True,9.406955970916897
uav,497,High,0.0119944584145897,GWO,30,500,15,13001015,-5.9516986372351735,-5.946415435355816,0.0008876796695155651,False,0.0007939794755356928,500,True,9.431322978343815
uav,497,High,0.0119944584145897,GWO,30,500,16,13001016,-5.9516986372351735,-5.946439725894289,0.000883598391219464,False,0.0014983851185446397,500,True,9.404746000654995
uav,497,High,0.0119944584145897,GWO,30,500,17,13001017,-5.9516986372351735,-5.9491378196365465,0.00043026667758442347,False,0.0013808020616960313,500,True,9.39850095892325
uav,497,High,0.0119944584145897,GWO,30,500,18,13001018,-5.9516986372351735,-5.940037587458663,0.0019592809527612842,False,0.0010161848438056185,500,True,9.465401992201805
uav,497,High,0.0119944584145897,GWO,30,500,19,13001019,-5.9516986372351735,-5.937219657114206,0.002432747523603307,False,0.0012334522367384334,500,True,9.52636799775064
uav,497,High,0.0119944584145897,GWO,30,500,20,13001020,-5.9516986372351735,-5.936232911753863,0.002598539748728765,False,0.001709059718752748,500,True,9.44953301222995
uav,497,High,0.0119944584145897,GWO,30,500,21,13001021,-5.9516986372351735,-5.947470367463597,0.0007104307575526548,False,0.0006060803840763509,500,True,9.607879037503153
uav,497,High,0.0119944584145897,GWO,30,500,22,13001022,-5.9516986372351735,-5.947514352085989,0.00070304049385277,False,0.0007481149248053541,500,True,9.534909971989691
uav,497,High,0.0119944584145897,GWO,30,500,23,13001023,-5.9516986372351735,-5.942983123663098,0.0014643741397706014,False,0.0007483605448226222,500,True,9.565820975694805
uav,497,High,0.0119944584145897,GWO,30,500,24,13001024,-5.9516986372351735,-5.9471836886246665,0.0007585983238903262,False,0.0001694484362048971,500,True,9.584010986145586
uav,497,High,0.0119944584145897,GWO,30,500,25,13001025,-5.9516986372351735,-5.9451224825933675,0.001104920635709616,False,0.003133639732275042,500,True,9.585303021594882
uav,497,High,0.0119944584145897,GWO,30,500,26,13001026,-5.9516986372351735,-5.941184649039112,0.0017665525149884991,False,0.0028820809844850577,500,True,9.535756020341069
uav,497,High,0.0119944584145897,GWO,30,500,27,13001027,-5.9516986372351735,-5.932375029038333,0.003246738347258976,False,0.004620801284101106,500,True,9.571406000759453
uav,497,High,0.0119944584145897,GWO,30,500,28,13001028,-5.9516986372351735,-5.944782188579716,0.0011620965840216245,False,0.0014047657572494546,500,True,9.656423004344106
uav,497,High,0.0119944584145897,GWO,30,500,29,13001029,-5.9516986372351735,-5.94851177778154,0.000535453766710456,False,0.0012246210793530978,500,True,9.50386602198705
uav,497,High,0.0119944584145897,GWO,30,1000,0,13001000,-5.9516986372351735,-5.947099525985696,0.0007727392681989628,False,0.0009411313388576957,1000,True,20.140273962169886
uav,497,High,0.0119944584145897,GWO,30,1000,1,13001001,-5.9516986372351735,-5.95074934888059,0.00015949872674066962,False,0.0003030969331466748,1000,True,20.06655902368948
uav,497,High,0.0119944584145897,GWO,30,1000,2,13001002,-5.9516986372351735,-5.945079624538682,0.00111212161433738,False,0.0007824098435246984,1000,True,20.551093970425427
uav,497,High,0.0119944584145897,GWO,30,1000,3,13001003,-5.9516986372351735,-5.950346308529727,0.00022721726819066156,False,0.0006202528396147097,1000,True,20.127711002714932
uav,497,High,0.0119944584145897,GWO,30,1000,4,13001004,-5.9516986372351735,-5.946908610804519,0.0008048166956383441,False,0.0005922523249202765,1000,True,20.324824028648436
uav,497,High,0.0119944584145897,GWO,30,1000,5,13001005,-5.9516986372351735,-5.950866103769764,0.00013988165667546583,False,0.000573163461788119,1000,True,19.96982400305569
uav,497,High,0.0119944584145897,GWO,30,1000,6,13001006,-5.9516986372351735,-5.949450801199215,0.0003776797470717653,False,0.0009335457300537583,1000,True,19.771656021475792
uav,497,High,0.0119944584145897,GWO,30,1000,7,13001007,-5.9516986372351735,-5.9469379971870975,0.0007998792173871723,False,0.0006050054389470541,1000,True,20.027483988087624
uav,497,High,0.0119944584145897,GWO,30,1000,8,13001008,-5.9516986372351735,-5.944587278480139,0.0011948452346939055,False,0.0007766975532736743,1000,True,19.76972701959312
uav,497,High,0.0119944584145897,GWO,30,1000,9,13001009,-5.9516986372351735,-5.947829774893642,0.0006500433871645983,False,0.000939389614477153,1000,True,19.6809220360592
uav,497,High,0.0119944584145897,GWO,30,1000,10,13001010,-5.9516986372351735,-5.950419541012761,0.00021491280059279162,False,0.0009923389962204717,1000,True,19.943394989240915
uav,497,High,0.0119944584145897,GWO,30,1000,11,13001011,-5.9516986372351735,-5.9510268619904005,0.00011287117942600988,False,0.00021571180958835046,1000,True,19.918115984182805
uav,497,High,0.0119944584145897,GWO,30,1000,12,13001012,-5.9516986372351735,-5.945139366698053,0.0011020837809367129,False,0.0008043048013188595,1000,True,20.182607986498624
uav,497,High,0.0119944584145897,GWO,30,1000,13,13001013,-5.9516986372351735,-5.947606165414533,0.0006876140863445085,False,0.0005861022178772559,1000,True,19.90172197110951
uav,497,High,0.0119944584145897,GWO,30,1000,14,13001014,-5.9516986372351735,-5.950386213405491,0.0002205124804996114,False,0.0006179928007304987,1000,True,19.664596009533852
uav,497,High,0.0119944584145897,GWO,30,1000,15,13001015,-5.9516986372351735,-5.9496268489401265,0.00034810033594197357,False,0.00031151620296964117,1000,True,19.640016951598227
uav,497,High,0.0119944584145897,GWO,30,1000,16,13001016,-5.9516986372351735,-5.946649162628552,0.0008484089861389386,False,0.000784079664939833,1000,True,19.628185022156686
uav,497,High,0.0119944584145897,GWO,30,1000,17,13001017,-5.9516986372351735,-5.946107310429596,0.0009394505915666768,False,0.0011331078372595756,1000,True,19.56881204387173
uav,497,High,0.0119944584145897,GWO,30,1000,18,13001018,-5.9516986372351735,-5.940696432036981,0.0018485823743426603,False,0.00086454277165419,1000,True,19.510099955368787
uav,497,High,0.0119944584145897,GWO,30,1000,19,13001019,-5.9516986372351735,-5.949510217964768,0.00036769658609965827,False,0.0008475183481415653,1000,True,19.779888971243054
uav,497,High,0.0119944584145897,GWO,30,1000,20,13001020,-5.9516986372351735,-5.948387394225686,0.0005563525997051292,False,0.0013138288729471325,1000,True,19.80068499688059
uav,497,High,0.0119944584145897,GWO,30,1000,21,13001021,-5.9516986372351735,-5.95105926701379,0.00010742651138009296,False,0.0008760367660807566,1000,True,19.50538600794971
uav,497,High,0.0119944584145897,GWO,30,1000,22,13001022,-5.9516986372351735,-5.946318272706655,0.000904004865914652,False,0.0012666247789743714,1000,True,19.536687002982944
uav,497,High,0.0119944584145897,GWO,30,1000,23,13001023,-5.9516986372351735,-5.946543968054985,0.000866083700532134,False,0.0013241825419951414,1000,True,19.785245007369667
uav,497,High,0.0119944584145897,GWO,30,1000,24,13001024,-5.9516986372351735,-5.94561356791761,0.0010224088429972304,False,0.0012202695413578081,1000,True,20.05389198893681
uav,497,High,0.0119944584145897,GWO,30,1000,25,13001025,-5.9516986372351735,-5.951289992817003,6.86601326911943e-05,True,0.0006653376090262302,1000,True,19.889666989911348
uav,497,High,0.0119944584145897,GWO,30,1000,26,13001026,-5.9516986372351735,-5.9484482324541315,0.0005461306055899278,False,0.00045523066151190996,1000,True,19.723748962860554
uav,497,High,0.0119944584145897,GWO,30,1000,27,13001027,-5.9516986372351735,-5.950228296758415,0.00024704551866242355,False,0.0002823279263668016,1000,True,19.818358006887138
uav,497,High,0.0119944584145897,GWO,30,1000,28,13001028,-5.9516986372351735,-5.948557542796172,0.0005277643628241512,False,0.0005568216995200283,1000,True,19.42159200552851
uav,497,High,0.0119944584145897,GWO,30,1000,29,13001029,-5.9516986372351735,-5.945127721508284,0.0011040403971028878,False,0.0010261747421799544,1000,True,19.575362966861576
uav,497,High,0.0119944584145897,GWO,30,2000,0,13001000,-5.9516986372351735,-5.9508952478091,0.00013498489675651038,False,0.0002450131931094644,2000,True,39.72017002524808
uav,497,High,0.0119944584145897,GWO,30,2000,1,13001001,-5.9516986372351735,-5.951433363233057,4.457114149851591e-05,True,0.00029534378978671844,2000,True,39.40190200228244
uav,497,High,0.0119944584145897,GWO,30,2000,2,13001002,-5.9516986372351735,-5.949866000663176,0.00030791824043841556,False,0.0003765291505184817,2000,True,39.63877400383353
uav,497,High,0.0119944584145897,GWO,30,2000,3,13001003,-5.9516986372351735,-5.950898028893719,0.0001345176209772567,False,0.00037148749974863195,2000,True,40.16555397538468
uav,497,High,0.0119944584145897,GWO,30,2000,4,13001004,-5.9516986372351735,-5.950318134028789,0.00023195112698541815,False,0.00019659546175819796,2000,True,40.724364982452244
uav,497,High,0.0119944584145897,GWO,30,2000,5,13001005,-5.9516986372351735,-5.948532994934066,0.0005318888764465529,False,0.0005802570914693236,2000,True,41.37886402895674
uav,497,High,0.0119944584145897,GWO,30,2000,6,13001006,-5.9516986372351735,-5.950869653863697,0.00013928517252029024,False,0.00039226073318380616,2000,True,40.452994988299906
uav,497,High,0.0119944584145897,GWO,30,2000,7,13001007,-5.9516986372351735,-5.951506008045326,3.236541390754404e-05,True,0.0004402989268359912,2000,True,40.760372998192906
uav,497,High,0.0119944584145897,GWO,30,2000,8,13001008,-5.9516986372351735,-5.9503802314686425,0.0002215175611014186,False,0.0003606578304207297,2000,True,40.85426602978259
uav,497,High,0.0119944584145897,GWO,30,2000,9,13001009,-5.9516986372351735,-5.9493882737748605,0.0003881855586334354,False,0.0007104411680781077,2000,True,40.702382975723594
uav,497,High,0.0119944584145897,GWO,30,2000,10,13001010,-5.9516986372351735,-5.950735531503185,0.00016182031226559315,False,0.00038965228515213876,2000,True,40.37948598852381
uav,497,High,0.0119944584145897,GWO,30,2000,11,13001011,-5.9516986372351735,-5.948774146435199,0.000491370779709488,False,0.0004967420203884134,2000,True,40.13190703699365
uav,497,High,0.0119944584145897,GWO,30,2000,12,13001012,-5.9516986372351735,-5.949190134629727,0.00042147675115016946,False,0.00045737374699905757,2000,True,39.26168702309951
uav,497,High,0.0119944584145897,GWO,30,2000,13,13001013,-5.9516986372351735,-5.951336682757964,6.0815323367455825e-05,True,0.000158152382381776,2000,True,39.666010008659214
uav,497,High,0.0119944584145897,GWO,30,2000,14,13001014,-5.9516986372351735,-5.9513769514046935,5.404941514804517e-05,True,0.0001062878410622439,2000,True,40.87627399712801
uav,497,High,0.0119944584145897,GWO,30,2000,15,13001015,-5.9516986372351735,-5.950101983248204,0.0002682686211597798,False,0.0006957809638370852,2000,True,40.187728009186685
uav,497,High,0.0119944584145897,GWO,30,2000,16,13001016,-5.9516986372351735,-5.950999992925725,0.00011738569978618363,False,0.0002761809718482051,2000,True,39.79010501643643
uav,497,High,0.0119944584145897,GWO,30,2000,17,13001017,-5.9516986372351735,-5.950672569157658,0.0001723991989608281,False,0.00028716940002603583,2000,True,39.886270998977125
uav,497,High,0.0119944584145897,GWO,30,2000,18,13001018,-5.9516986372351735,-5.950538178705612,0.00019497938324722794,False,0.00031076041289607767,2000,True,39.80710502946749
uav,497,High,0.0119944584145897,GWO,30,2000,19,13001019,-5.9516986372351735,-5.950928313123794,0.00012942928705434616,False,0.0009289834005517818,2000,True,40.29095504665747
uav,497,High,0.0119944584145897,GWO,30,2000,20,13001020,-5.9516986372351735,-5.951568613419285,2.1846505311085073e-05,True,7.461578505403571e-05,2000,True,40.18954304046929
uav,497,High,0.0119944584145897,GWO,30,2000,21,13001021,-5.9516986372351735,-5.94997962705011,0.000288826819003994,False,0.0006402668428546336,2000,True,40.37557996343821
uav,497,High,0.0119944584145897,GWO,30,2000,22,13001022,-5.9516986372351735,-5.951349443311946,5.8671304531952384e-05,True,0.0006543474481546559,2000,True,40.32993601867929
uav,497,High,0.0119944584145897,GWO,30,2000,23,13001023,-5.9516986372351735,-5.951393635611242,5.1246147112196215e-05,True,0.0004959668676376033,2000,True,40.24842201033607
uav,497,High,0.0119944584145897,GWO,30,2000,24,13001024,-5.9516986372351735,-5.951054055933496,0.00010830207323413197,False,0.0004454196030456488,2000,True,40.9505550051108
uav,497,High,0.0119944584145897,GWO,30,2000,25,13001025,-5.9516986372351735,-5.950604401187177,0.00018385273090788275,False,0.0002898297512888514,2000,True,40.76718300348148
uav,497,High,0.0119944584145897,GWO,30,2000,26,13001026,-5.9516986372351735,-5.948906080963028,0.0004692032379923065,False,0.0007943171629825731,2000,True,40.069365000817925
uav,497,High,0.0119944584145897,GWO,30,2000,27,13001027,-5.9516986372351735,-5.949865420965106,0.0003080156408790838,False,0.0004397826119330937,2000,True,40.24705901974812
uav,497,High,0.0119944584145897,GWO,30,2000,28,13001028,-5.9516986372351735,-5.951107000322718,9.940639614274395e-05,True,0.0008725459762532382,2000,True,40.9737600130029
uav,497,High,0.0119944584145897,GWO,30,2000,29,13001029,-5.9516986372351735,-5.951237616406328,7.746037844751637e-05,True,0.0007325984322374564,2000,True,40.931281982921064
uav,497,High,0.0119944584145897,GWO,30,5000,0,13001000,-5.9516986372351735,-5.9506323655224325,0.00017915418399549798,False,0.0003432019773531292,5000,True,101.96648800047114
uav,497,High,0.0119944584145897,GWO,30,5000,1,13001001,-5.9516986372351735,-5.9505326845166815,0.00019590251280491493,False,0.0003190991745118534,5000,True,101.94328898796812
uav,497,High,0.0119944584145897,GWO,30,5000,2,13001002,-5.9516986372351735,-5.950734943803074,0.00016191905720338459,False,0.00030505804186570945,5000,True,101.51421197224408
uav,497,High,0.0119944584145897,GWO,30,5000,3,13001003,-5.9516986372351735,-5.951519166702429,3.015450608027535e-05,True,0.00012457001890564624,5000,True,102.52886195667088
uav,497,High,0.0119944584145897,GWO,30,5000,4,13001004,-5.9516986372351735,-5.951662568526442,6.06023774558849e-06,True,0.00013712483797482557,5000,True,102.26844600401819
uav,497,High,0.0119944584145897,GWO,30,5000,5,13001005,-5.9516986372351735,-5.951654496959264,7.416416488713344e-06,True,6.396940426040206e-05,5000,True,100.13249097391963
uav,497,High,0.0119944584145897,GWO,30,5000,6,13001006,-5.9516986372351735,-5.9516306287278615,1.1426739063440876e-05,True,0.000237124669522173,5000,True,102.43361699394882
uav,497,High,0.0119944584145897,GWO,30,5000,7,13001007,-5.9516986372351735,-5.950428554117505,0.00021339842540451536,False,0.00043211896601235686,5000,True,101.7713809851557
uav,497,High,0.0119944584145897,GWO,30,5000,8,13001008,-5.9516986372351735,-5.951459861732625,4.011888321343611e-05,True,0.00026420753672622263,5000,True,101.0761049692519
uav,497,High,0.0119944584145897,GWO,30,5000,9,13001009,-5.9516986372351735,-5.950409590123322,0.00021658474167132928,False,0.0003908877555806579,5000,True,101.02690703934059
uav,497,High,0.0119944584145897,GWO,30,5000,10,13001010,-5.9516986372351735,-5.951619117722883,1.3360809600299335e-05,True,7.106761899603141e-05,5000,True,101.05161904357374
uav,497,High,0.0119944584145897,GWO,30,5000,11,13001011,-5.9516986372351735,-5.949720581031497,0.0003323515393238276,False,0.0005730147375762451,5000,True,101.55189398210496
uav,497,High,0.0119944584145897,GWO,30,5000,12,13001012,-5.9516986372351735,-5.95016132412465,0.0002582982110191883,False,0.0003843339035415212,5000,True,102.15713898651302
uav,497,High,0.0119944584145897,GWO,30,5000,13,13001013,-5.9516986372351735,-5.951589289051518,1.8372600885950578e-05,True,0.00017750680399497822,5000,True,100.96368700033054
uav,497,High,0.0119944584145897,GWO,30,5000,14,13001014,-5.9516986372351735,-5.9514810173739505,3.656432801577846e-05,True,0.00016885912736971852,5000,True,101.20895702857524
uav,497,High,0.0119944584145897,GWO,30,5000,15,13001015,-5.9516986372351735,-5.9516190020900535,1.3380238142734316e-05,True,0.00023860059543242052,5000,True,101.20675101643428
uav,497,High,0.0119944584145897,GWO,30,5000,16,13001016,-5.9516986372351735,-5.951682401085292,2.7279858862252144e-06,True,2.8702050004494713e-05,5000,True,101.28897300455719
uav,497,High,0.0119944584145897,GWO,30,5000,17,13001017,-5.9516986372351735,-5.950453723948642,0.000209169409005872,False,0.0005365673846977377,5000,True,101.2005289667286
uav,497,High,0.0119944584145897,GWO,30,5000,18,13001018,-5.9516986372351735,-5.95003781552838,0.00027905003395215866,False,0.0005008941341773055,5000,True,100.59268400073051
uav,497,High,0.0119944584145897,GWO,30,5000,19,13001019,-5.9516986372351735,-5.951634466523028,1.078191556009747e-05,True,0.00024288823934085415,5000,True,100.74247798183933
uav,497,High,0.0119944584145897,GWO,30,5000,20,13001020,-5.9516986372351735,-5.951475485038896,3.749386685706774e-05,True,0.0005658704155526404,5000,True,100.43221001978964
uav,497,High,0.0119944584145897,GWO,30,5000,21,13001021,-5.9516986372351735,-5.951680100874649,3.1144655760570524e-06,True,1.6568893444155272e-05,5000,True,101.21374402660877
uav,497,High,0.0119944584145897,GWO,30,5000,22,13001022,-5.9516986372351735,-5.951336101825879,6.0912931146504515e-05,True,0.00019444111867743252,5000,True,102.89374098647386
uav,497,High,0.0119944584145897,GWO,30,5000,23,13001023,-5.9516986372351735,-5.95163530413306,1.0641180942460685e-05,True,0.00010425626684804873,5000,True,101.74990096129477
uav,497,High,0.0119944584145897,GWO,30,5000,24,13001024,-5.9516986372351735,-5.950339335002568,0.00022838895506250109,False,0.0003414107003735246,5000,True,101.5789300436154
uav,497,High,0.0119944584145897,GWO,30,5000,25,13001025,-5.9516986372351735,-5.950820059853779,0.00014761792136077398,False,0.0002730619496415808,5000,True,102.84022201085463
uav,497,High,0.0119944584145897,GWO,30,5000,26,13001026,-5.9516986372351735,-5.951465575970677,3.9158781165129666e-05,True,0.00014700555191345788,5000,True,104.75581302307546
uav,497,High,0.0119944584145897,GWO,30,5000,27,13001027,-5.9516986372351735,-5.951129556478899,9.561652747567829e-05,True,0.0004076740958214821,5000,True,102.58330998476595
uav,497,High,0.0119944584145897,GWO,30,5000,28,13001028,-5.9516986372351735,-5.950192815805842,0.0002530070020532917,False,0.0005603921736283315,5000,True,102.49450098490342
uav,497,High,0.0119944584145897,GWO,30,5000,29,13001029,-5.9516986372351735,-5.9509650304744754,0.0001232600649684096,False,0.0003061645561723106,5000,True,104.22717896290123
uav,497,High,0.0119944584145897,PSO,10,250,0,13002000,-5.9516986372351735,0.0,1.0,False,0.09062433164556478,250,True,1.2203299556858838
uav,497,High,0.0119944584145897,PSO,10,250,1,13002001,-5.9516986372351735,0.0,1.0,False,0.09062433164556478,250,True,1.167928974609822
uav,497,High,0.0119944584145897,PSO,10,250,2,13002002,-5.9516986372351735,0.0,1.0,False,0.09062433164556478,250,True,1.041663985233754
uav,497,High,0.0119944584145897,PSO,10,250,3,13002003,-5.9516986372351735,0.0,1.0,False,0.09062433164556478,250,True,1.0411270195618272
uav,497,High,0.0119944584145897,PSO,10,250,4,13002004,-5.9516986372351735,0.0,1.0,False,0.09062433164556478,250,True,1.0398249723948538
uav,497,High,0.0119944584145897,PSO,10,250,5,13002005,-5.9516986372351735,0.0,1.0,False,0.09062433164556478,250,True,1.0402360348962247
uav,497,High,0.0119944584145897,PSO,10,250,6,13002006,-5.9516986372351735,0.0,1.0,False,0.09062433164556478,250,True,1.0436209850013256
uav,497,High,0.0119944584145897,PSO,10,250,7,13002007,-5.9516986372351735,0.0,1.0,False,0.09062433164556478,250,True,1.0624370188452303
uav,497,High,0.0119944584145897,PSO,10,250,8,13002008,-5.9516986372351735,0.0,1.0,False,0.09062433164556478,250,True,1.0457520256750286
uav,497,High,0.0119944584145897,PSO,10,250,9,13002009,-5.9516986372351735,0.0,1.0,False,0.09062433164556478,250,True,1.0461349738761783
uav,497,High,0.0119944584145897,PSO,10,250,10,13002010,-5.9516986372351735,0.0,1.0,False,0.09062433164556478,250,True,1.0394410346634686
uav,497,High,0.0119944584145897,PSO,10,250,11,13002011,-5.9516986372351735,0.0,1.0,False,0.09062433164556478,250,True,1.116895000450313
uav,497,High,0.0119944584145897,PSO,10,250,12,13002012,-5.9516986372351735,0.0,1.0,False,0.09062433164556478,250,True,1.0567890130914748
uav,497,High,0.0119944584145897,PSO,10,250,13,13002013,-5.9516986372351735,0.0,1.0,False,0.09062433164556478,250,True,1.0655740043148398
uav,497,High,0.0119944584145897,PSO,10,250,14,13002014,-5.9516986372351735,0.0,1.0,False,0.09062433164556478,250,True,1.0710119968280196
uav,497,High,0.0119944584145897,PSO,10,250,15,13002015,-5.9516986372351735,0.0,1.0,False,0.09062433164556478,250,True,1.0450849658809602
uav,497,High,0.0119944584145897,PSO,10,250,16,13002016,-5.9516986372351735,0.0,1.0,False,0.09062433164556478,250,True,1.034302986226976
uav,497,High,0.0119944584145897,PSO,10,250,17,13002017,-5.9516986372351735,-3.58879432777551,0.3970134332200222,False,0.047627792919479765,250,True,1.0600500390864909
uav,497,High,0.0119944584145897,PSO,10,250,18,13002018,-5.9516986372351735,0.0,1.0,False,0.09062433164556478,250,True,1.0466849780641496
uav,497,High,0.0119944584145897,PSO,10,250,19,13002019,-5.9516986372351735,0.0,1.0,False,0.09062433164556478,250,True,1.0367149952799082
uav,497,High,0.0119944584145897,PSO,10,250,20,13002020,-5.9516986372351735,0.0,1.0,False,0.09062433164556478,250,True,1.055575965438038
uav,497,High,0.0119944584145897,PSO,10,250,21,13002021,-5.9516986372351735,0.0,1.0,False,0.09062433164556478,250,True,1.098424952942878
uav,497,High,0.0119944584145897,PSO,10,250,22,13002022,-5.9516986372351735,0.0,1.0,False,0.09062433164556478,250,True,1.0546089615672827
uav,497,High,0.0119944584145897,PSO,10,250,23,13002023,-5.9516986372351735,0.0,1.0,False,0.09062433164556478,250,True,1.0470070410519838
uav,497,High,0.0119944584145897,PSO,10,250,24,13002024,-5.9516986372351735,0.0,1.0,False,0.09062433164556478,250,True,1.0540770017541945
uav,497,High,0.0119944584145897,PSO,10,250,25,13002025,-5.9516986372351735,0.0,1.0,False,0.09062433164556478,250,True,1.0649949545040727
uav,497,High,0.0119944584145897,PSO,10,250,26,13002026,-5.9516986372351735,0.0,1.0,False,0.09062433164556478,250,True,1.0543990065343678
uav,497,High,0.0119944584145897,PSO,10,250,27,13002027,-5.9516986372351735,0.0,1.0,False,0.09062433164556478,250,True,1.102275971788913
uav,497,High,0.0119944584145897,PSO,10,250,28,13002028,-5.9516986372351735,0.0,1.0,False,0.09062433164556478,250,True,1.0241639683954418
uav,497,High,0.0119944584145897,PSO,10,250,29,13002029,-5.9516986372351735,0.0,1.0,False,0.09062433164556478,250,True,1.0253050131723285
uav,497,High,0.0119944584145897,PSO,10,500,0,13002000,-5.9516986372351735,-0.26509561953380256,0.9554588302110418,False,0.09852955518862734,500,True,1.9902080530300736
uav,497,High,0.0119944584145897,PSO,10,500,1,13002001,-5.9516986372351735,0.0,1.0,False,0.09062433164556478,500,True,1.9931059796363115
uav,497,High,0.0119944584145897,PSO,10,500,2,13002002,-5.9516986372351735,-1.9755829318018785,0.6680640179860277,False,0.09070867792937962,500,True,1.9989580032415688
uav,497,High,0.0119944584145897,PSO,10,500,3,13002003,-5.9516986372351735,-0.7880107613508764,0.867599015107905,False,0.08869666559545855,500,True,1.9856470171362162
uav,497,High,0.0119944584145897,PSO,10,500,4,13002004,-5.9516986372351735,0.0,1.0,False,0.09062433164556478,500,True,1.995943021029234
uav,497,High,0.0119944584145897,PSO,10,500,5,13002005,-5.9516986372351735,0.0,1.0,False,0.09062433164556478,500,True,2.020757005084306
uav,497,High,0.0119944584145897,PSO,10,500,6,13002006,-5.9516986372351735,-0.6200078936536553,0.8958267325944991,False,0.09986905935036765,500,True,2.017037011682987
uav,497,High,0.0119944584145897,PSO,10,500,7,13002007,-5.9516986372351735,0.0,1.0,False,0.09062433164556478,500,True,2.018739003688097
uav,497,High,0.0119944584145897,PSO,10,500,8,13002008,-5.9516986372351735,-5.118462891618146,0.1399996532761448,False,0.0066356660025186,500,True,1.985181006602943
uav,497,High,0.0119944584145897,PSO,10,500,9,13002009,-5.9516986372351735,0.0,1.0,False,0.09062433164556478,500,True,1.9769289647229016
uav,497,High,0.0119944584145897,PSO,10,500,10,13002010,-5.9516986372351735,-3.336519744325692,0.4394004220153773,False,0.06521977669329009,500,True,2.0003929967060685
uav,497,High,0.0119944584145897,PSO,10,500,11,13002011,-5.9516986372351735,-2.373043623012722,0.6012829668211989,False,0.06224249947979771,500,True,2.005730988457799
uav,497,High,0.0119944584145897,PSO,10,500,12,13002012,-5.9516986372351735,0.0,1.0,False,0.09062433164556478,500,True,1.9886089721694589
uav,497,High,0.0119944584145897,PSO,10,500,13,13002013,-5.9516986372351735,-0.4408880747304378,0.9259223119981005,False,0.06316070249460098,500,True,1.9620020175352693
uav,497,High,0.0119944584145897,PSO,10,500,14,13002014,-5.9516986372351735,-1.5119249734604323,0.7459674849795841,False,0.08878585557236324,500,True,1.9507069955579937
uav,497,High,0.0119944584145897,PSO,10,500,15,13002015,-5.9516986372351735,0.0,1.0,False,0.09062433164556478,500,True,1.9861970213241875
uav,497,High,0.0119944584145897,PSO,10,500,16,13002016,-5.9516986372351735,-1.733653170005467,0.7087128775036861,False,0.08829266347633417,500,True,1.9922140054404736
uav,497,High,0.0119944584145897,PSO,10,500,17,13002017,-5.9516986372351735,0.0,1.0,False,0.09062433164556478,500,True,2.0121480338275433
uav,497,High,0.0119944584145897,PSO,10,500,18,13002018,-5.9516986372351735,-0.2369294741947483,0.9601912851043123,False,0.06003953953561315,500,True,1.9875969737768173
uav,497,High,0.0119944584145897,PSO,10,500,19,13002019,-5.9516986372351735,0.0,1.0,False,0.09062433164556478,500,True,1.969270990230143
uav,497,High,0.0119944584145897,PSO,10,500,20,13002020,-5.9516986372351735,0.0,1.0,False,0.09062433164556478,500,True,1.9646380096673965
uav,497,High,0.0119944584145897,PSO,10,500,21,13002021,-5.9516986372351735,0.0,1.0,False,0.09062433164556478,500,True,2.0123649737797678
uav,497,High,0.0119944584145897,PSO,10,500,22,13002022,-5.9516986372351735,0.0,1.0,False,0.09062433164556478,500,True,1.9718660041689873
uav,497,High,0.0119944584145897,PSO,10,500,23,13002023,-5.9516986372351735,0.0,1.0,False,0.09062433164556478,500,True,1.9789549987763166
uav,497,High,0.0119944584145897,PSO,10,500,24,13002024,-5.9516986372351735,-1.451751171121776,0.7560778427121138,False,0.04553845332714348,500,True,2.012170967645943
uav,497,High,0.0119944584145897,PSO,10,500,25,13002025,-5.9516986372351735,0.0,1.0,False,0.09062433164556478,500,True,2.003427012823522
uav,497,High,0.0119944584145897,PSO,10,500,26,13002026,-5.9516986372351735,0.0,1.0,False,0.09062433164556478,500,True,1.9934740266762674
uav,497,High,0.0119944584145897,PSO,10,500,27,13002027,-5.9516986372351735,-2.297111667231843,0.6140409978320152,False,0.07443773872697478,500,True,1.984841946978122
uav,497,High,0.0119944584145897,PSO,10,500,28,13002028,-5.9516986372351735,0.0,1.0,False,0.09062433164556478,500,True,1.9794419640675187
uav,497,High,0.0119944584145897,PSO,10,500,29,13002029,-5.9516986372351735,0.0,1.0,False,0.09062433164556478,500,True,2.1029419731348753
uav,497,High,0.0119944584145897,PSO,10,1000,0,13002000,-5.9516986372351735,-5.830038921994934,0.020441175310710283,False,0.015595932387051243,1000,True,3.946932964026928
uav,497,High,0.0119944584145897,PSO,10,1000,1,13002001,-5.9516986372351735,-5.9504731663359625,0.0002059027134781601,False,0.0005950921484323196,1000,True,6.464819016400725
uav,497,High,0.0119944584145897,PSO,10,1000,2,13002002,-5.9516986372351735,-5.941747649180015,0.0016719576480070497,False,0.0021674306146979984,1000,True,3.810630994848907
uav,497,High,0.0119944584145897,PSO,10,1000,3,13002003,-5.9516986372351735,-5.893493870693909,0.009779521795193388,False,0.00225149403825307,1000,True,3.763936983887106
uav,497,High,0.0119944584145897,PSO,10,1000,4,13002004,-5.9516986372351735,-5.780432863717588,0.028775948507558442,False,0.013924625585349164,1000,True,3.943011979572475
uav,497,High,0.0119944584145897,PSO,10,1000,5,13002005,-5.9516986372351735,-5.5953064606740766,0.05988074972940108,False,0.01896234819852339,1000,True,3.9864470018073916
uav,497,High,0.0119944584145897,PSO,10,1000,6,13002006,-5.9516986372351735,-5.925251900280709,0.004443561169076633,False,0.0032976007719591953,1000,True,3.9472939679399133
uav,497,High,0.0119944584145897,PSO,10,1000,7,13002007,-5.9516986372351735,-5.948800375516887,0.00048696378881720256,False,0.00010328960453249967,1000,True,4.044090979732573
uav,497,High,0.0119944584145897,PSO,10,1000,8,13002008,-5.9516986372351735,-5.939412291101887,0.002064342783826434,False,0.0025233751838148297,1000,True,3.9552110247313976
uav,497,High,0.0119944584145897,PSO,10,1000,9,13002009,-5.9516986372351735,-4.997807262478957,0.16027212278331038,False,0.039847705208872264,1000,True,3.919848008081317
uav,497,High,0.0119944584145897,PSO,10,1000,10,13002010,-5.9516986372351735,-5.9315774378789845,0.003380749023531899,False,0.0010777537526343384,1000,True,4.040067957248539
uav,497,High,0.0119944584145897,PSO,10,1000,11,13002011,-5.9516986372351735,-5.848709422834328,0.017304171578265352,False,0.00830998108656291,1000,True,4.009849042631686
uav,497,High,0.0119944584145897,PSO,10,1000,12,13002012,-5.9516986372351735,-5.879898276944189,0.01206384339452017,False,0.00023807066730761132,1000,True,4.01194702135399
uav,497,High,0.0119944584145897,PSO,10,1000,13,13002013,-5.9516986372351735,-5.863076878488504,0.014890162313029762,False,0.006167966283578942,1000,True,3.94135300302878
uav,497,High,0.0119944584145897,PSO,10,1000,14,13002014,-5.9516986372351735,-5.933764170908923,0.003013335758307513,False,0.005003461251491346,1000,True,3.983096976298839
uav,497,High,0.0119944584145897,PSO,10,1000,15,13002015,-5.9516986372351735,-5.940629563542062,0.0018598175693675977,False,0.0014165940971587053,1000,True,3.925185010302812
uav,497,High,0.0119944584145897,PSO,10,1000,16,13002016,-5.9516986372351735,-5.418060939995125,0.08966141092922453,False,0.006082114501983698,1000,True,3.943812975194305
uav,497,High,0.0119944584145897,PSO,10,1000,17,13002017,-5.9516986372351735,-4.393386523740645,0.2618264479564498,False,0.05399523516570986,1000,True,3.9438630337826908
uav,497,High,0.0119944584145897,PSO,10,1000,18,13002018,-5.9516986372351735,-5.884724184934148,0.011252997905844532,False,0.005082805742342001,1000,True,3.945531032513827
uav,497,High,0.0119944584145897,PSO,10,1000,19,13002019,-5.9516986372351735,-5.778485605101465,0.029103125459015805,False,0.00648247625569962,1000,True,3.9949860074557364
uav,497,High,0.0119944584145897,PSO,10,1000,20,13002020,-5.9516986372351735,-5.3874601340024295,0.09480293570355532,False,0.02924009076329494,1000,True,3.964510979130864
uav,497,High,0.0119944584145897,PSO,10,1000,21,13002021,-5.9516986372351735,-5.738502840253312,0.03582100001637524,False,0.002015878528155284,1000,True,4.0106900269165635
uav,497,High,0.0119944584145897,PSO,10,1000,22,13002022,-5.9516986372351735,-5.914133511445867,0.006311664632058299,False,0.005905014465831708,1000,True,4.026250040624291
uav,497,High,0.0119944584145897,PSO,10,1000,23,13002023,-5.9516986372351735,-5.839753096198158,0.018809006950832315,False,0.0027961472973963746,1000,True,4.022778011858463
uav,497,High,0.0119944584145897,PSO,10,1000,24,13002024,-5.9516986372351735,-5.64251779206628,0.05194833677138628,False,0.022909412563041118,1000,True,3.9761990192346275
uav,497,High,0.0119944584145897,PSO,10,1000,25,13002025,-5.9516986372351735,-5.819355430050337,0.022236207720072888,False,0.013582126552412104,1000,True,3.989393007941544
uav,497,High,0.0119944584145897,PSO,10,1000,26,13002026,-5.9516986372351735,-5.857348675850774,0.015852610680608923,False,0.012352514758583656,1000,True,4.04619297478348
uav,497,High,0.0119944584145897,PSO,10,1000,27,13002027,-5.9516986372351735,-5.867612361678649,0.014128113784266831,False,0.003457192371329762,1000,True,3.901878953911364
uav,497,High,0.0119944584145897,PSO,10,1000,28,13002028,-5.9516986372351735,-5.7300759990473935,0.03723687163883913,False,0.0031777668182162867,1000,True,3.996943007223308
uav,497,High,0.0119944584145897,PSO,10,1000,29,13002029,-5.9516986372351735,-5.919693498663772,0.005377479694816857,False,0.003366659098534807,1000,True,3.98087699431926
uav,497,High,0.0119944584145897,PSO,10,2000,0,13002000,-5.9516986372351735,-5.951661563476052,6.229105568178152e-06,True,0.00024205083533918406,2000,True,8.27659701462835
uav,497,High,0.0119944584145897,PSO,10,2000,1,13002001,-5.9516986372351735,-5.951698497408189,2.3493626472070088e-08,True,3.6146037356781174e-06,2000,True,7.935650006402284
uav,497,High,0.0119944584145897,PSO,10,2000,2,13002002,-5.9516986372351735,-5.951696577694625,3.460424786776264e-07,True,1.427507786675823e-05,2000,True,8.001181995496154
uav,497,High,0.0119944584145897,PSO,10,2000,3,13002003,-5.9516986372351735,-5.951698344399868,4.920197126677457e-08,True,2.097358190941097e-05,2000,True,7.884724996984005
uav,497,High,0.0119944584145897,PSO,10,2000,4,13002004,-5.9516986372351735,-5.95169309849409,9.306151774727626e-07,True,1.7033233291874013e-05,2000,True,7.968485006131232
uav,497,High,0.0119944584145897,PSO,10,2000,5,13002005,-5.9516986372351735,-5.9516973580657115,2.149251062388933e-07,True,1.599427280983468e-05,2000,True,7.929682964459062
uav,497,High,0.0119944584145897,PSO,10,2000,6,13002006,-5.9516986372351735,-5.951698162176512,7.981900474090493e-08,True,1.4506643893386426e-05,2000,True,7.894022972323
uav,497,High,0.0119944584145897,PSO,10,2000,7,13002007,-5.9516986372351735,-5.951698188197887,7.544691252609658e-08,True,7.991245341580792e-06,2000,True,7.8800859628245234
uav,497,High,0.0119944584145897,PSO,10,2000,8,13002008,-5.9516986372351735,-5.95169266852151,1.0028588521637228e-06,True,6.602943364273533e-05,2000,True,7.8026020200923085
uav,497,High,0.0119944584145897,PSO,10,2000,9,13002009,-5.9516986372351735,-5.951692845282659,9.731595746143942e-07,True,2.7550286821140476e-05,2000,True,7.826730026863515
uav,497,High,0.0119944584145897,PSO,10,2000,10,13002010,-5.9516986372351735,-5.951696457326683,3.6626661110242185e-07,True,1.262620075854937e-05,2000,True,7.768178998958319
uav,497,High,0.0119944584145897,PSO,10,2000,11,13002011,-5.9516986372351735,-5.951693624077322,8.423070718238906e-07,True,3.700181953279284e-05,2000,True,7.738470041658729
uav,497,High,0.0119944584145897,PSO,10,2000,12,13002012,-5.9516986372351735,-5.951697366776513,2.13461523757901e-07,True,4.604727611802632e-05,2000,True,7.752092031296343
uav,497,High,0.0119944584145897,PSO,10,2000,13,13002013,-5.9516986372351735,-5.951591347758243,1.8026698505709985e-05,True,5.570771516550531e-05,2000,True,7.753705023787916
uav,497,High,0.0119944584145897,PSO,10,2000,14,13002014,-5.9516986372351735,-5.951698584946184,8.785557254432967e-09,True,9.566560928163298e-06,2000,True,8.360834966879338
uav,497,High,0.0119944584145897,PSO,10,2000,15,13002015,-5.9516986372351735,-5.951696613399538,3.400433655053068e-07,True,2.942123989658342e-05,2000,True,7.8500499948859215
uav,497,High,0.0119944584145897,PSO,10,2000,16,13002016,-5.9516986372351735,-5.951698589660595,7.993445393418205e-09,True,2.292311690738647e-06,2000,True,7.951849955134094
uav,497,High,0.0119944584145897,PSO,10,2000,17,13002017,-5.9516986372351735,-5.951698464450947,2.9031077776178097e-08,True,8.64937795942487e-06,2000,True,7.98657099949196
uav,497,High,0.0119944584145897,PSO,10,2000,18,13002018,-5.9516986372351735,-5.951631613575941,1.1261265618032995e-05,True,0.00011839374859686146,2000,True,7.9021009732969105
uav,497,High,0.0119944584145897,PSO,10,2000,19,13002019,-5.9516986372351735,-5.951697592431289,1.7554717534949313e-07,True,7.665224612422198e-06,2000,True,7.9561329912394285
uav,497,High,0.0119944584145897,PSO,10,2000,20,13002020,-5.9516986372351735,-5.951698451515403,3.12044983372298e-08,True,4.183948974997154e-06,2000,True,7.999211025889963
uav,497,High,0.0119944584145897,PSO,10,2000,21,13002021,-5.9516986372351735,-5.951693135746761,9.243560112345746e-07,True,7.868131233400023e-06,2000,True,8.006794028915465
uav,497,High,0.0119944584145897,PSO,10,2000,22,13002022,-5.9516986372351735,-5.9516980662344325,9.593912187350814e-08,True,2.3715459181693932e-05,2000,True,7.898501004092395
uav,497,High,0.0119944584145897,PSO,10,2000,23,13002023,-5.9516986372351735,-5.951697902962901,1.2337188373824303e-07,True,6.933483988147561e-06,2000,True,7.969795959070325
uav,497,High,0.0119944584145897,PSO,10,2000,24,13002024,-5.9516986372351735,-5.951698428954778,3.499511791375356e-08,True,5.9328767950166715e-06,2000,True,7.998598972335458
uav,497,High,0.0119944584145897,PSO,10,2000,25,13002025,-5.9516986372351735,-5.951698365725431,4.5618866014150906e-08,True,1.7643734942165076e-05,2000,True,8.018880966119468
uav,497,High,0.0119944584145897,PSO,10,2000,26,13002026,-5.9516986372351735,-5.951698508509507,2.1628391223503876e-08,True,3.6410927366457886e-06,2000,True,7.8547209850512445
uav,497,High,0.0119944584145897,PSO,10,2000,27,13002027,-5.9516986372351735,-5.951672242120629,4.434887609998535e-06,True,3.6903939741610824e-05,2000,True,8.018572989385575
uav,497,High,0.0119944584145897,PSO,10,2000,28,13002028,-5.9516986372351735,-5.951698387868541,4.189839698404773e-08,True,1.3767309110348766e-05,2000,True,9.15316998725757
uav,497,High,0.0119944584145897,PSO,10,2000,29,13002029,-5.9516986372351735,-5.951694681682623,6.646090118957683e-07,True,2.4657945877373315e-05,2000,True,7.582237012684345
uav,497,High,0.0119944584145897,PSO,10,5000,0,13002000,-5.9516986372351735,-5.951698637235176,4.476932421326644e-16,True,1.2045955052168852e-10,5000,True,18.73135002097115
uav,497,High,0.0119944584145897,PSO,10,5000,1,13002001,-5.9516986372351735,-5.951698637235176,4.476932421326644e-16,True,3.1094381562104203e-10,5000,True,19.528513017576188
uav,497,High,0.0119944584145897,PSO,10,5000,2,13002002,-5.9516986372351735,-5.951698637235177,5.969243228435526e-16,True,5.69259135438741e-10,5000,True,19.458474009297788
uav,497,High,0.0119944584145897,PSO,10,5000,3,13002003,-5.9516986372351735,-5.951698637235175,2.984621614217763e-16,True,6.563028574697824e-10,5000,True,20.00237297033891
uav,497,High,0.0119944584145897,PSO,10,5000,4,13002004,-5.9516986372351735,-5.951698637235175,2.984621614217763e-16,True,1.1030215950884243e-09,5000,True,19.76182800717652
uav,497,High,0.0119944584145897,PSO,10,5000,5,13002005,-5.9516986372351735,-5.951698637235175,2.984621614217763e-16,True,6.214791465343224e-10,5000,True,20.830605004448444
uav,497,High,0.0119944584145897,PSO,10,5000,6,13002006,-5.9516986372351735,-5.951698637235175,2.984621614217763e-16,True,5.041495055215277e-10,5000,True,19.826557021588087
uav,497,High,0.0119944584145897,PSO,10,5000,7,13002007,-5.9516986372351735,-5.951698637235175,2.984621614217763e-16,True,5.543280238141162e-10,5000,True,19.806786032859236
uav,497,High,0.0119944584145897,PSO,10,5000,8,13002008,-5.9516986372351735,-5.951698637235176,4.476932421326644e-16,True,5.907832716761818e-10,5000,True,19.885156012605876
uav,497,High,0.0119944584145897,PSO,10,5000,9,13002009,-5.9516986372351735,-5.951698637235176,4.476932421326644e-16,True,4.324628187111332e-10,5000,True,19.88537301076576
uav,497,High,0.0119944584145897,PSO,10,5000,10,13002010,-5.9516986372351735,-5.951698637235175,2.984621614217763e-16,True,7.514816807519653e-10,5000,True,19.938273006118834
uav,497,High,0.0119944584145897,PSO,10,5000,11,13002011,-5.9516986372351735,-5.951698637235175,2.984621614217763e-16,True,2.162521228982684e-10,5000,True,20.192542986478657
uav,497,High,0.0119944584145897,PSO,10,5000,12,13002012,-5.9516986372351735,-5.951698637235174,1.4923108071088816e-16,True,8.025194980344359e-10,5000,True,19.68021399807185
uav,497,High,0.0119944584145897,PSO,10,5000,13,13002013,-5.9516986372351735,-5.951698637235174,1.4923108071088816e-16,True,6.363799314768567e-10,5000,True,19.781767972745
uav,497,High,0.0119944584145897,PSO,10,5000,14,13002014,-5.9516986372351735,-5.951698637235176,4.476932421326644e-16,True,9.288416934710804e-10,5000,True,19.669352972414345
uav,497,High,0.0119944584145897,PSO,10,5000,15,13002015,-5.9516986372351735,-5.951698637235175,2.984621614217763e-16,True,4.1533337205250137e-10,5000,True,19.964226987212896
uav,497,High,0.0119944584145897,PSO,10,5000,16,13002016,-5.9516986372351735,-5.951698637235174,1.4923108071088816e-16,True,4.1886852455071025e-10,5000,True,19.745137018617243
uav,497,High,0.0119944584145897,PSO,10,5000,17,13002017,-5.9516986372351735,-5.951698637235176,4.476932421326644e-16,True,4.354200500388915e-10,5000,True,20.156308019068092
uav,497,High,0.0119944584145897,PSO,10,5000,18,13002018,-5.9516986372351735,-5.951698637235175,2.984621614217763e-16,True,5.585436732233843e-11,5000,True,20.12091502547264
uav,497,High,0.0119944584145897,PSO,10,5000,19,13002019,-5.9516986372351735,-5.951698637235175,2.984621614217763e-16,True,1.024904811145289e-09,5000,True,19.948147994000465
uav,497,High,0.0119944584145897,PSO,10,5000,20,13002020,-5.9516986372351735,-5.951698637235176,4.476932421326644e-16,True,5.258990677639691e-10,5000,True,19.859049003571272
uav,497,High,0.0119944584145897,PSO,10,5000,21,13002021,-5.9516986372351735,-5.951698637235176,4.476932421326644e-16,True,1.6590872042338514e-10,5000,True,19.990159024018794
uav,497,High,0.0119944584145897,PSO,10,5000,22,13002022,-5.9516986372351735,-5.951698637235176,4.476932421326644e-16,True,9.7268870580172e-11,5000,True,20.046759978868067
uav,497,High,0.0119944584145897,PSO,10,5000,23,13002023,-5.9516986372351735,-5.951698637235175,2.984621614217763e-16,True,4.3817877179556373e-10,5000,True,20.322350959759206
uav,497,High,0.0119944584145897,PSO,10,5000,24,13002024,-5.9516986372351735,-5.951698637235175,2.984621614217763e-16,True,5.766062960723848e-10,5000,True,20.237980992533267
uav,497,High,0.0119944584145897,PSO,10,5000,25,13002025,-5.9516986372351735,-5.951698637235176,4.476932421326644e-16,True,2.2497873811247285e-10,5000,True,20.185581990517676
uav,497,High,0.0119944584145897,PSO,10,5000,26,13002026,-5.9516986372351735,-5.951698637235175,2.984621614217763e-16,True,2.4939967915236937e-10,5000,True,20.026312035042793
uav,497,High,0.0119944584145897,PSO,10,5000,27,13002027,-5.9516986372351735,-5.951698637235175,2.984621614217763e-16,True,2.3088589407510576e-10,5000,True,20.120110013522208
uav,497,High,0.0119944584145897,PSO,10,5000,28,13002028,-5.9516986372351735,-5.951698637235174,1.4923108071088816e-16,True,1.6330361532899802e-09,5000,True,19.988062034826726
uav,497,High,0.0119944584145897,PSO,10,5000,29,13002029,-5.9516986372351735,-5.951698637235175,2.984621614217763e-16,True,5.091232442800071e-11,5000,True,20.01435199053958
uav,497,High,0.0119944584145897,WOA,30,250,0,13003000,-5.9516986372351735,-1.9554267336836175,0.6714506474756592,False,0.09129803602644283,250,True,1.8183040083386004
uav,497,High,0.0119944584145897,WOA,30,250,1,13003001,-5.9516986372351735,-0.857027300933105,0.8560029072084819,False,0.09061907588115749,250,True,1.7617449630051851
uav,497,High,0.0119944584145897,WOA,30,250,2,13003002,-5.9516986372351735,-0.2700145568251626,0.9546323540079986,False,0.09053326418753767,250,True,1.7372900038026273
uav,497,High,0.0119944584145897,WOA,30,250,3,13003003,-5.9516986372351735,-1.1890279521345266,0.8002204035171238,False,0.09081453282411259,250,True,1.7496250220574439
uav,497,High,0.0119944584145897,WOA,30,250,4,13003004,-5.9516986372351735,-1.4368192702641827,0.7585866896426651,False,0.09015364162953883,250,True,1.760470971930772
uav,497,High,0.0119944584145897,WOA,30,250,5,13003005,-5.9516986372351735,-1.9487316375214456,0.6725755525775886,False,0.09072188083770522,250,True,1.73865701071918
uav,497,High,0.0119944584145897,WOA,30,250,6,13003006,-5.9516986372351735,-2.1546386366508914,0.6379792109817213,False,0.08887971596503826,250,True,1.7567540053278208
uav,497,High,0.0119944584145897,WOA,30,250,7,13003007,-5.9516986372351735,0.0,1.0,False,0.09062433164556478,250,True,1.7487549921497703
uav,497,High,0.0119944584145897,WOA,30,250,8,13003008,-5.9516986372351735,-0.9985806809432478,0.8322192130670224,False,0.09041203959633974,250,True,1.7666640342213213
uav,497,High,0.0119944584145897,WOA,30,250,9,13003009,-5.9516986372351735,-0.6435352586060304,0.8918736821484998,False,0.0900352130921217,250,True,1.769669004715979
uav,497,High,0.0119944584145897,WOA,30,250,10,13003010,-5.9516986372351735,-1.3327220563314446,0.7760770264822157,False,0.0897267274190732,250,True,1.7427229904569685
uav,497,High,0.0119944584145897,WOA,30,250,11,13003011,-5.9516986372351735,-1.9554169832842514,0.6714522857305442,False,0.09091576658171582,250,True,1.7774080042727292
uav,497,High,0.0119944584145897,WOA,30,250,12,13003012,-5.9516986372351735,-0.6484503197933863,0.8910478572055827,False,0.09067449710764355,250,True,1.7566580208949745
uav,497,High,0.0119944584145897,WOA,30,250,13,13003013,-5.9516986372351735,-1.6399935384813888,0.7244494994720972,False,0.0905686116475002,250,True,1.7909539747051895
uav,497,High,0.0119944584145897,WOA,30,250,14,13003014,-5.9516986372351735,-0.36287749409655445,0.9390295920182666,False,0.09041352292873603,250,True,1.7689620144665241
uav,497,High,0.0119944584145897,WOA,30,250,15,13003015,-5.9516986372351735,-1.6339199254204693,0.7254699834433321,False,0.09059613513841845,250,True,1.7596760299056768
uav,497,High,0.0119944584145897,WOA,30,250,16,13003016,-5.9516986372351735,-1.3721147360112824,0.7694582975980971,False,0.09100422438562464,250,True,1.7808490083552897
uav,497,High,0.0119944584145897,WOA,30,250,17,13003017,-5.9516986372351735,-0.9844997262210868,0.8345850846577088,False,0.09018338132619996,250,True,1.7628209898248315
uav,497,High,0.0119944584145897,WOA,30,250,18,13003018,-5.9516986372351735,-0.18582173426191362,0.9687783697414768,False,0.090622827965629,250,True,1.777285011485219
uav,497,High,0.0119944584145897,WOA,30,250,19,13003019,-5.9516986372351735,-0.4357435090966261,0.9267866981082483,False,0.09058966307954494,250,True,1.762850966770202
uav,497,High,0.0119944584145897,WOA,30,250,20,13003020,-5.9516986372351735,-0.23600611873777216,0.9603464266047906,False,0.09053814341598239,250,True,1.7478150548413396
uav,497,High,0.0119944584145897,WOA,30,250,21,13003021,-5.9516986372351735,-1.2439954736796497,0.7909848012302012,False,0.09104261085756793,250,True,1.7977770185098052
uav,497,High,0.0119944584145897,WOA,30,250,22,13003022,-5.9516986372351735,-0.6626166316469205,0.8886676439728582,False,0.09155193978716518,250,True,1.7434280016459525
uav,497,High,0.0119944584145897,WOA,30,250,23,13003023,-5.9516986372351735,-1.912836053449094,0.6786067020460412,False,0.09067900939263304,250,True,1.73131498740986
uav,497,High,0.0119944584145897,WOA,30,250,24,13003024,-5.9516986372351735,-1.9086294276057396,0.6793134962067935,False,0.09124568473334672,250,True,1.73424300737679
uav,497,High,0.0119944584145897,WOA,30,250,25,13003025,-5.9516986372351735,-0.07509732549916324,0.9873822029513831,False,0.09075524622016573,250,True,1.7892710166051984
uav,497,High,0.0119944584145897,WOA,30,250,26,13003026,-5.9516986372351735,-0.9629581116145235,0.8382044908003171,False,0.09068701222892318,250,True,1.7855329788289964
uav,497,High,0.0119944584145897,WOA,30,250,27,13003027,-5.9516986372351735,-0.09782568346862869,0.9835634010672837,False,0.08907549086715996,250,True,1.7858869978226721
uav,497,High,0.0119944584145897,WOA,30,250,28,13003028,-5.9516986372351735,-1.391643965741343,0.766177010873013,False,0.09056287961665596,250,True,1.7547879833728075
uav,497,High,0.0119944584145897,WOA,30,250,29,13003029,-5.9516986372351735,-0.22881579346156267,0.961554539735927,False,0.09046231408461103,250,True,1.768991001881659
uav,497,High,0.0119944584145897,WOA,30,500,0,13003000,-5.9516986372351735,-2.0030270998986834,0.6634528691746432,False,0.09094162898287002,500,True,3.6088019842281938
uav,497,High,0.0119944584145897,WOA,30,500,1,13003001,-5.9516986372351735,-2.0905376026777858,0.6487494192668107,False,0.08958845116065177,500,True,3.5863459925167263
uav,497,High,0.0119944584145897,WOA,30,500,2,13003002,-5.9516986372351735,-2.071665794729459,0.6519202464707052,False,0.09002386442426345,500,True,3.5909919533878565
uav,497,High,0.0119944584145897,WOA,30,500,3,13003003,-5.9516986372351735,-1.9251446119079172,0.676538627163718,False,0.09107681907690533,500,True,3.6539460415951908
uav,497,High,0.0119944584145897,WOA,30,500,4,13003004,-5.9516986372351735,-2.1411605116513908,0.6402437955685784,False,0.08925442294642058,500,True,3.631750005297363
uav,497,High,0.0119944584145897,WOA,30,500,5,13003005,-5.9516986372351735,-2.0475971541850218,0.6559642416410686,False,0.09033027169034101,500,True,3.5976340295746922
uav,497,High,0.0119944584145897,WOA,30,500,6,13003006,-5.9516986372351735,-2.0288681298945916,0.6591110784404416,False,0.09011396473286244,500,True,3.6195910070091486
uav,497,High,0.0119944584145897,WOA,30,500,7,13003007,-5.9516986372351735,-1.8994586960585167,0.6808543557338281,False,0.09089584379198327,500,True,3.6057349643670022
uav,497,High,0.0119944584145897,WOA,30,500,8,13003008,-5.9516986372351735,-2.0010204959394793,0.6637900172867217,False,0.09071230665598168,500,True,3.6600730381906033
uav,497,High,0.0119944584145897,WOA,30,500,9,13003009,-5.9516986372351735,-1.9193249795991856,0.6775164374769492,False,0.09084807221442995,500,True,3.6326819681562483
uav,497,High,0.0119944584145897,WOA,30,500,10,13003010,-5.9516986372351735,-1.6425173729397673,0.724025446674365,False,0.0939503486151549,500,True,3.575031994841993
uav,497,High,0.0119944584145897,WOA,30,500,11,13003011,-5.9516986372351735,-2.056026204687614,0.6545479988142127,False,0.09035496863391475,500,True,3.61776101635769
uav,497,High,0.0119944584145897,WOA,30,500,12,13003012,-5.9516986372351735,-2.033821317260573,0.6582788475652099,False,0.09060607843849461,500,True,3.657223016489297
uav,497,High,0.0119944584145897,WOA,30,500,13,13003013,-5.9516986372351735,-1.9785832022653231,0.6675599147633486,False,0.09118338098781012,500,True,3.6214880528859794
uav,497,High,0.0119944584145897,WOA,30,500,14,13003014,-5.9516986372351735,-2.1145369694741474,0.6447170634203275,False,0.08933863639684655,500,True,3.6547689815051854
uav,497,High,0.0119944584145897,WOA,30,500,15,13003015,-5.9516986372351735,-1.9552645434857179,0.6714778985526686,False,0.09059883059300035,500,True,3.5859360359609127
uav,497,High,0.0119944584145897,WOA,30,500,16,13003016,-5.9516986372351735,-2.0401237492003435,0.6572199176153061,False,0.09057285402909317,500,True,3.6214509746059775
uav,497,High,0.0119944584145897,WOA,30,500,17,13003017,-5.9516986372351735,-1.9022899466183605,0.6803786511102555,False,0.09047279302928116,500,True,3.839947981759906
uav,497,High,0.0119944584145897,WOA,30,500,18,13003018,-5.9516986372351735,-1.9799919535647,0.6673232174126857,False,0.09015943917734759,500,True,3.6804680130444467
uav,497,High,0.0119944584145897,WOA,30,500,19,13003019,-5.9516986372351735,-2.0584519613867434,0.6541404249689993,False,0.09035087943279921,500,True,3.7048410158604383
uav,497,High,0.0119944584145897,WOA,30,500,20,13003020,-5.9516986372351735,-2.0080776067015167,0.6626042867596608,False,0.09083514158088843,500,True,3.6596250138245523
uav,497,High,0.0119944584145897,WOA,30,500,21,13003021,-5.9516986372351735,-1.946019493309771,0.6730312450406959,False,0.09111913315344711,500,True,3.6437549861148
uav,497,High,0.0119944584145897,WOA,30,500,22,13003022,-5.9516986372351735,-1.3478564882217756,0.773534150437443,False,0.09079577927106823,500,True,3.7946010124869645
uav,497,High,0.0119944584145897,WOA,30,500,23,13003023,-5.9516986372351735,-2.061387221920643,0.6536472446665665,False,0.09030715105649212,500,True,3.638426016550511
uav,497,High,0.0119944584145897,WOA,30,500,24,13003024,-5.9516986372351735,-2.00302144771828,0.6634538188498112,False,0.09097082980816064,500,True,3.61401098780334
uav,497,High,0.0119944584145897,WOA,30,500,25,13003025,-5.9516986372351735,-1.413349083508734,0.7625301330503358,False,0.09029890070072229,500,True,3.641710034571588
uav,497,High,0.0119944584145897,WOA,30,500,26,13003026,-5.9516986372351735,-2.0217886473548368,0.6603005678570367,False,0.09078126094036257,500,True,3.575069014914334
uav,497,High,0.0119944584145897,WOA,30,500,27,13003027,-5.9516986372351735,-2.05913222527456,0.6540261275340518,False,0.08962917986418335,500,True,3.6134590045548975
uav,497,High,0.0119944584145897,WOA,30,500,28,13003028,-5.9516986372351735,-2.0351442905196064,0.6580565625773988,False,0.0906154766678962,500,True,3.6392799811437726
uav,497,High,0.0119944584145897,WOA,30,500,29,13003029,-5.9516986372351735,-2.0408931927725282,0.6570906362757956,False,0.09033768243920996,500,True,3.605359001085162
uav,497,High,0.0119944584145897,WOA,30,1000,0,13003000,-5.9516986372351735,-2.1195938001593753,0.6438674184713055,False,0.08963697841614102,1000,True,7.416165026370436
uav,497,High,0.0119944584145897,WOA,30,1000,1,13003001,-5.9516986372351735,-1.9970613392023693,0.664455231871402,False,0.09106417522812404,1000,True,7.378809037618339
uav,497,High,0.0119944584145897,WOA,30,1000,2,13003002,-5.9516986372351735,-2.058347370670571,0.6541579982237199,False,0.09036411026489853,1000,True,7.32920499285683
uav,497,High,0.0119944584145897,WOA,30,1000,3,13003003,-5.9516986372351735,-2.0144894717204442,0.6615269699447915,False,0.09086398358605356,1000,True,7.31234101112932
uav,497,High,0.0119944584145897,WOA,30,1000,4,13003004,-5.9516986372351735,-2.0524477265221557,0.6551492520670354,False,0.09010467022530669,1000,True,7.30750901857391
uav,497,High,0.0119944584145897,WOA,30,1000,5,13003005,-5.9516986372351735,-2.0170703063967457,0.6610933400126314,False,0.09083324625400918,1000,True,7.274009985849261
uav,497,High,0.0119944584145897,WOA,30,1000,6,13003006,-5.9516986372351735,-2.0669406296061155,0.6527141652174948,False,0.0902721160477837,1000,True,7.320481992792338
uav,497,High,0.0119944584145897,WOA,30,1000,7,13003007,-5.9516986372351735,-2.009398736584028,0.6623823114946085,False,0.09093529077744023,1000,True,7.314324961043894
uav,497,High,0.0119944584145897,WOA,30,1000,8,13003008,-5.9516986372351735,-2.0105999178815166,0.6621804899020343,False,0.09089697710652286,1000,True,7.424699026159942
uav,497,High,0.0119944584145897,WOA,30,1000,9,13003009,-5.9516986372351735,-2.1838074141727453,0.6330782945711747,False,0.08866348807940486,1000,True,7.299434975720942
uav,497,High,0.0119944584145897,WOA,30,1000,10,13003010,-5.9516986372351735,-2.0550439898061468,0.6547130298316305,False,0.09041144895762869,1000,True,7.286273001227528
uav,497,High,0.0119944584145897,WOA,30,1000,11,13003011,-5.9516986372351735,-2.0740206919374287,0.6515245783847512,False,0.09016522180859177,1000,True,7.478614978026599
uav,497,High,0.0119944584145897,WOA,30,1000,12,13003012,-5.9516986372351735,-1.9630667653283809,0.6701669750133196,False,0.09136304181396743,1000,True,7.289264991413802
uav,497,High,0.0119944584145897,WOA,30,1000,13,13003013,-5.9516986372351735,-1.995464795982563,0.664723481881545,False,0.09083737527416945,1000,True,7.397529028821737
uav,497,High,0.0119944584145897,WOA,30,1000,14,13003014,-5.9516986372351735,-2.048572038371786,0.6558004423215491,False,0.09046634239897597,1000,True,7.431879988871515
uav,497,High,0.0119944584145897,WOA,30,1000,15,13003015,-5.9516986372351735,-2.073853423872685,0.6515526826411894,False,0.09014635991766864,1000,True,7.528873975388706
uav,497,High,0.0119944584145897,WOA,30,1000,16,13003016,-5.9516986372351735,-2.0230883189181923,0.6600821980028871,False,0.09078072499480998,1000,True,7.440578017849475
uav,497,High,0.0119944584145897,WOA,30,1000,17,13003017,-5.9516986372351735,-2.029716136606359,0.6589685969803653,False,0.09069603979138913,1000,True,7.4285629671067
uav,497,High,0.0119944584145897,WOA,30,1000,18,13003018,-5.9516986372351735,-2.054923077711871,0.6547333453922201,False,0.09039247523676866,1000,True,7.383699994534254
uav,497,High,0.0119944584145897,WOA,30,1000,19,13003019,-5.9516986372351735,-1.946330980982094,0.6729789091125337,False,0.09160760607791218,1000,True,7.3936330154538155
uav,497,High,0.0119944584145897,WOA,30,1000,20,13003020,-5.9516986372351735,-2.057650873483641,0.6542750231655696,False,0.09037976839420535,1000,True,7.420142996124923
uav,497,High,0.0119944584145897,WOA,30,1000,21,13003021,-5.9516986372351735,-2.0219778091997145,0.6602687850238647,False,0.09065448112185849,1000,True,7.459264015778899
uav,497,High,0.0119944584145897,WOA,30,1000,22,13003022,-5.9516986372351735,-1.812122325732942,0.6955285480356995,False,0.09056247827480135,1000,True,7.408096978906542
uav,497,High,0.0119944584145897,WOA,30,1000,23,13003023,-5.9516986372351735,-2.0066744680371893,0.6628400410795365,False,0.09045933570286749,1000,True,7.426513999234885
uav,497,High,0.0119944584145897,WOA,30,1000,24,13003024,-5.9516986372351735,-2.02621544906106,0.659556779910764,False,0.09074605557138817,1000,True,7.238520018290728
uav,497,High,0.0119944584145897,WOA,30,1000,25,13003025,-5.9516986372351735,-2.052752607036309,0.6550980262686984,False,0.09043751341247422,1000,True,7.361306983511895
uav,497,High,0.0119944584145897,WOA,30,1000,26,13003026,-5.9516986372351735,-2.027232864705426,0.6593858344872171,False,0.09073247773319745,1000,True,7.461038010660559
uav,497,High,0.0119944584145897,WOA,30,1000,27,13003027,-5.9516986372351735,-2.2614940679228868,0.6200254405062668,False,0.08706439381009186,1000,True,7.399125024676323
uav,497,High,0.0119944584145897,WOA,30,1000,28,13003028,-5.9516986372351735,-2.0628548195585306,0.6534006599976612,False,0.09031949829180301,1000,True,7.898933021351695
uav,497,High,0.0119944584145897,WOA,30,1000,29,13003029,-5.9516986372351735,-2.0025638243090516,0.6635307083963292,False,0.09099974951002714,1000,True,7.443155045621097
uav,497,High,0.0119944584145897,WOA,30,2000,0,13003000,-5.9516986372351735,-2.150133288663995,0.6387361962159384,False,0.08926059459856236,2000,True,14.988327980972826
uav,497,High,0.0119944584145897,WOA,30,2000,1,13003001,-5.9516986372351735,-2.007457120514427,0.6627085403895754,False,0.09095924222929234,2000,True,14.925141993444413
uav,497,High,0.0119944584145897,WOA,30,2000,2,13003002,-5.9516986372351735,-2.1616564698306453,0.636800079844965,False,0.08911321794338943,2000,True,14.898521010763943
uav,497,High,0.0119944584145897,WOA,30,2000,3,13003003,-5.9516986372351735,-2.0018862148492067,0.6636445598362536,False,0.09101175922112907,2000,True,14.927365991752595
uav,497,High,0.0119944584145897,WOA,30,2000,4,13003004,-5.9516986372351735,-2.0395433256881743,0.6573174399442321,False,0.09054387747923696,2000,True,14.729394053574651
uav,497,High,0.0119944584145897,WOA,30,2000,5,13003005,-5.9516986372351735,-2.0470194977768803,0.6560612990432239,False,0.08928044577359025,2000,True,14.707854017615318
uav,497,High,0.0119944584145897,WOA,30,2000,6,13003006,-5.9516986372351735,-2.0123065686881207,0.6618937396966514,False,0.09088169917639505,2000,True,14.692305005155504
uav,497,High,0.0119944584145897,WOA,30,2000,7,13003007,-5.9516986372351735,-2.019148634821283,0.660744140808973,False,0.09082202747630125,2000,True,14.873587002512068
uav,497,High,0.0119944584145897,WOA,30,2000,8,13003008,-5.9516986372351735,-2.0600193934243167,0.653877066198149,False,0.09033807959537236,2000,True,15.160990005824715
uav,497,High,0.0119944584145897,WOA,30,2000,9,13003009,-5.9516986372351735,-1.9719601811284706,0.6686727098728686,False,0.09135147748761661,2000,True,14.789263950660825
uav,497,High,0.0119944584145897,WOA,30,2000,10,13003010,-5.9516986372351735,-2.0177005802093335,0.6609874418731247,False,0.09084356742739146,2000,True,14.99219797551632
uav,497,High,0.0119944584145897,WOA,30,2000,11,13003011,-5.9516986372351735,-2.0641056644255786,0.6531904939688871,False,0.09026987741798552,2000,True,15.014837961643934
uav,497,High,0.0119944584145897,WOA,30,2000,12,13003012,-5.9516986372351735,-1.9514604184879052,0.6721170648192557,False,0.09150661679498936,2000,True,14.781519013922662
uav,497,High,0.0119944584145897,WOA,30,2000,13,13003013,-5.9516986372351735,-2.038724319297657,0.657455048791796,False,0.09059870469727414,2000,True,14.857560978271067
uav,497,High,0.0119944584145897,WOA,30,2000,14,13003014,-5.9516986372351735,-1.9856413978929213,0.6663740019579789,False,0.09114186844939297,2000,True,14.62150103179738
uav,497,High,0.0119944584145897,WOA,30,2000,15,13003015,-5.9516986372351735,-1.982763514260395,0.6668575418359092,False,0.09122631916919269,2000,True,15.024526976048946
uav,497,High,0.0119944584145897,WOA,30,2000,16,13003016,-5.9516986372351735,-2.0504990092412996,0.6554766741022615,False,0.09046448865874536,2000,True,15.052231028676033
uav,497,High,0.0119944584145897,WOA,30,2000,17,13003017,-5.9516986372351735,-2.0175967367698733,0.6610048895709653,False,0.09082443885289665,2000,True,14.93388001108542
uav,497,High,0.0119944584145897,WOA,30,2000,18,13003018,-5.9516986372351735,-2.0802702831436073,0.6504745266957964,False,0.09007389567907786,2000,True,14.750355039723217
uav,497,High,0.0119944584145897,WOA,30,2000,19,13003019,-5.9516986372351735,-1.9791923167934138,0.6674575717911624,False,0.09126104665350313,2000,True,14.683793007861823
uav,497,High,0.0119944584145897,WOA,30,2000,20,13003020,-5.9516986372351735,-1.9974245433484354,0.6643942065795981,False,0.09106340461467205,2000,True,14.700738014653325
uav,497,High,0.0119944584145897,WOA,30,2000,21,13003021,-5.9516986372351735,-2.0533461724248,0.6549982958514395,False,0.09043071220727648,2000,True,14.700756000820547
uav,497,High,0.0119944584145897,WOA,30,2000,22,13003022,-5.9516986372351735,-1.9764838381218446,0.6679126483729343,False,0.09124938477237544,2000,True,14.7998160100542
uav,497,High,0.0119944584145897,WOA,30,2000,23,13003023,-5.9516986372351735,-2.0685918992536036,0.6524367201134774,False,0.09021314989933601,2000,True,14.94881696999073
uav,497,High,0.0119944584145897,WOA,30,2000,24,13003024,-5.9516986372351735,-2.0697528809805834,0.6522416528229872,False,0.09021029624880848,2000,True,14.71653999760747
uav,497,High,0.0119944584145897,WOA,30,2000,25,13003025,-5.9516986372351735,-2.0565109839442646,0.6544665465623097,False,0.09038209715071682,2000,True,14.865530014503747
uav,497,High,0.0119944584145897,WOA,30,2000,26,13003026,-5.9516986372351735,-2.0178837606583437,0.6609566640296594,False,0.09083328239245117,2000,True,14.603388961404562
uav,497,High,0.0119944584145897,WOA,30,2000,27,13003027,-5.9516986372351735,-2.2128504267014524,0.6281985091016942,False,0.08848145398259234,2000,True,14.6627850481309
uav,497,High,0.0119944584145897,WOA,30,2000,28,13003028,-5.9516986372351735,-2.0237088084950616,0.6599779438034242,False,0.09074522461453026,2000,True,14.68390302034095
uav,497,High,0.0119944584145897,WOA,30,2000,29,13003029,-5.9516986372351735,-2.07977287174378,0.6505581013910465,False,0.08983577576507314,2000,True,14.553238986991346
uav,497,High,0.0119944584145897,WOA,30,5000,0,13003000,-5.9516986372351735,-2.215774123038333,0.6277072718070856,False,0.08492572630482159,5000,True,36.96486697299406
uav,497,High,0.0119944584145897,WOA,30,5000,1,13003001,-5.9516986372351735,-1.9992570917872832,0.6640863031472262,False,0.09096802376133495,5000,True,36.74306097673252
uav,497,High,0.0119944584145897,WOA,30,5000,2,13003002,-5.9516986372351735,-1.9675856822423516,0.6694077099380183,False,0.09139198317291791,5000,True,36.62815399002284
uav,497,High,0.0119944584145897,WOA,30,5000,3,13003003,-5.9516986372351735,-2.0069310820734896,0.662796924979085,False,0.09095762991730437,5000,True,36.63868299918249
uav,497,High,0.0119944584145897,WOA,30,5000,4,13003004,-5.9516986372351735,-2.068686733808486,0.6524207860817559,False,0.0901678912485235,5000,True,36.657105025369674
uav,497,High,0.0119944584145897,WOA,30,5000,5,13003005,-5.9516986372351735,-2.05401846724164,0.6548853373738993,False,0.08994019352758399,5000,True,36.540005006827414
uav,497,High,0.0119944584145897,WOA,30,5000,6,13003006,-5.9516986372351735,-2.0192288699559175,0.6607306597610362,False,0.08995982868272366,5000,True,36.68759600259364
uav,497,High,0.0119944584145897,WOA,30,5000,7,13003007,-5.9516986372351735,-2.005924892779141,0.6629659841596109,False,0.09097535825898091,5000,True,36.60386998672038
uav,497,High,0.0119944584145897,WOA,30,5000,8,13003008,-5.9516986372351735,-2.021435653181376,0.6603598776768002,False,0.09077029930008662,5000,True,36.55198699561879
uav,497,High,0.0119944584145897,WOA,30,5000,9,13003009,-5.9516986372351735,-2.033049947237221,0.6584084525856198,False,0.09051961149374821,5000,True,36.71131801092997
uav,497,High,0.0119944584145897,WOA,30,5000,10,13003010,-5.9516986372351735,-1.999121392723451,0.6641091032034964,False,0.09103879409731755,5000,True,36.09582397621125
uav,497,High,0.0119944584145897,WOA,30,5000,11,13003011,-5.9516986372351735,-2.20411713518662,0.6296658702782489,False,0.08853132313235015,5000,True,36.72400600044057
uav,497,High,0.0119944584145897,WOA,30,5000,12,13003012,-5.9516986372351735,-2.0461031920679886,0.6562152560502469,False,0.09051188011051041,5000,True,36.77453100681305
uav,497,High,0.0119944584145897,WOA,30,5000,13,13003013,-5.9516986372351735,-2.152667033482905,0.6383104782867646,False,0.0887092761349345,5000,True,36.58360801637173
uav,497,High,0.0119944584145897,WOA,30,5000,14,13003014,-5.9516986372351735,-2.0514995198372077,0.6553085690524445,False,0.09034657237320318,5000,True,36.41002700896934
uav,497,High,0.0119944584145897,WOA,30,5000,15,13003015,-5.9516986372351735,-5.948080970739981,0.0006078376469802474,False,0.0005561172426857093,5000,True,36.82360303355381
uav,497,High,0.0119944584145897,WOA,30,5000,16,13003016,-5.9516986372351735,-2.0305330484277118,0.6588313400607623,False,0.09068852676335475,5000,True,36.954782030079514
uav,497,High,0.0119944584145897,WOA,30,5000,17,13003017,-5.9516986372351735,-2.0620788629703517,0.6535310356492986,False,0.09031202641832176,5000,True,36.68967104749754
uav,497,High,0.0119944584145897,WOA,30,5000,18,13003018,-5.9516986372351735,-2.048518908045767,0.6558093692396034,False,0.09046036780897804,5000,True,37.03475900692865
uav,497,High,0.0119944584145897,WOA,30,5000,19,13003019,-5.9516986372351735,-1.8994291183052723,0.6808593253660368,False,0.0920617991744818,5000,True,36.77404997870326
uav,497,High,0.0119944584145897,WOA,30,5000,20,13003020,-5.9516986372351735,-2.0132831523628085,0.6617296548304288,False,0.09088387620456523,5000,True,36.85341001255438
uav,497,High,0.0119944584145897,WOA,30,5000,21,13003021,-5.9516986372351735,-2.0620470338357846,0.6535363835569309,False,0.09032851716987124,5000,True,37.08437900058925
uav,497,High,0.0119944584145897,WOA,30,5000,22,13003022,-5.9516986372351735,-2.0533185264812825,0.6550029409024077,False,0.09039435111603725,5000,True,37.37320099025965
uav,497,High,0.0119944584145897,WOA,30,5000,23,13003023,-5.9516986372351735,-1.9996904490554621,0.6640134907797672,False,0.09057801781168268,5000,True,36.94443096173927
uav,497,High,0.0119944584145897,WOA,30,5000,24,13003024,-5.9516986372351735,-1.8695782327846155,0.685874849057694,False,0.09232030903100784,5000,True,36.65814397390932
uav,497,High,0.0119944584145897,WOA,30,5000,25,13003025,-5.9516986372351735,-2.062554964088525,0.6534510414917996,False,0.09032171366420924,5000,True,36.85889398911968
uav,497,High,0.0119944584145897,WOA,30,5000,26,13003026,-5.9516986372351735,-1.9064690947186362,0.6796764737395583,False,0.09193607850809449,5000,True,37.79803100042045
uav,497,High,0.0119944584145897,WOA,30,5000,27,13003027,-5.9516986372351735,-2.2459707942703715,0.6226336494561284,False,0.08777617541904821,5000,True,37.13296999922022
uav,497,High,0.0119944584145897,WOA,30,5000,28,13003028,-5.9516986372351735,-2.086967327614839,0.6493492942404209,False,0.0900065484212823,5000,True,36.79931897204369
uav,497,High,0.0119944584145897,WOA,30,5000,29,13003029,-5.9516986372351735,-2.0982279925720797,0.6474572856486566,False,0.08974402443913114,5000,True,36.58537397859618
uav,495,High,0.097900899680984,SGO,20,250,0,14000000,-4.2076719186023555,0.0,1.0,False,0.09331399586401289,250,True,2.9565179720520973
uav,495,High,0.097900899680984,SGO,20,250,1,14000001,-4.2076719186023555,0.0,1.0,False,0.09331399586401289,250,True,2.782083989586681
uav,495,High,0.097900899680984,SGO,20,250,2,14000002,-4.2076719186023555,0.0,1.0,False,0.09331399586401289,250,True,2.807011012919247
uav,495,High,0.097900899680984,SGO,20,250,3,14000003,-4.2076719186023555,0.0,1.0,False,0.09331399586401289,250,True,2.813692030031234
uav,495,High,0.097900899680984,SGO,20,250,4,14000004,-4.2076719186023555,0.0,1.0,False,0.09331399586401289,250,True,2.952962997369468
uav,495,High,0.097900899680984,SGO,20,250,5,14000005,-4.2076719186023555,0.0,1.0,False,0.09331399586401289,250,True,2.9638830455951393
uav,495,High,0.097900899680984,SGO,20,250,6,14000006,-4.2076719186023555,0.0,1.0,False,0.09331399586401289,250,True,2.8212040197104216
uav,495,High,0.097900899680984,SGO,20,250,7,14000007,-4.2076719186023555,0.0,1.0,False,0.09331399586401289,250,True,2.8068459942005575
uav,495,High,0.097900899680984,SGO,20,250,8,14000008,-4.2076719186023555,0.0,1.0,False,0.09331399586401289,250,True,2.8027239604853094
uav,495,High,0.097900899680984,SGO,20,250,9,14000009,-4.2076719186023555,0.0,1.0,False,0.09331399586401289,250,True,2.825112023856491
uav,495,High,0.097900899680984,SGO,20,250,10,14000010,-4.2076719186023555,0.0,1.0,False,0.09331399586401289,250,True,2.90129502536729
uav,495,High,0.097900899680984,SGO,20,250,11,14000011,-4.2076719186023555,0.0,1.0,False,0.09331399586401289,250,True,2.8107730322517455
uav,495,High,0.097900899680984,SGO,20,250,12,14000012,-4.2076719186023555,0.0,1.0,False,0.09331399586401289,250,True,2.8368409839458764
uav,495,High,0.097900899680984,SGO,20,250,13,14000013,-4.2076719186023555,0.0,1.0,False,0.09331399586401289,250,True,2.802019997034222
uav,495,High,0.097900899680984,SGO,20,250,14,14000014,-4.2076719186023555,0.0,1.0,False,0.09331399586401289,250,True,2.741375006735325
uav,495,High,0.097900899680984,SGO,20,250,15,14000015,-4.2076719186023555,0.0,1.0,False,0.09331399586401289,250,True,2.79370101634413
uav,495,High,0.097900899680984,SGO,20,250,16,14000016,-4.2076719186023555,0.0,1.0,False,0.09331399586401289,250,True,2.7999189915135503
uav,495,High,0.097900899680984,SGO,20,250,17,14000017,-4.2076719186023555,0.0,1.0,False,0.09331399586401289,250,True,2.830801997333765
uav,495,High,0.097900899680984,SGO,20,250,18,14000018,-4.2076719186023555,0.0,1.0,False,0.09331399586401289,250,True,2.8264829888939857
uav,495,High,0.097900899680984,SGO,20,250,19,14000019,-4.2076719186023555,0.0,1.0,False,0.09331399586401289,250,True,2.80555197969079
uav,495,High,0.097900899680984,SGO,20,250,20,14000020,-4.2076719186023555,0.0,1.0,False,0.09331399586401289,250,True,2.7645480004139245
uav,495,High,0.097900899680984,SGO,20,250,21,14000021,-4.2076719186023555,0.0,1.0,False,0.09331399586401289,250,True,2.813016006257385
uav,495,High,0.097900899680984,SGO,20,250,22,14000022,-4.2076719186023555,0.0,1.0,False,0.09331399586401289,250,True,2.84155597910285
uav,495,High,0.097900899680984,SGO,20,250,23,14000023,-4.2076719186023555,0.0,1.0,False,0.09331399586401289,250,True,2.8780439752154052
uav,495,High,0.097900899680984,SGO,20,250,24,14000024,-4.2076719186023555,0.0,1.0,False,0.09331399586401289,250,True,2.8649430023506284
uav,495,High,0.097900899680984,SGO,20,250,25,14000025,-4.2076719186023555,0.0,1.0,False,0.09331399586401289,250,True,2.7735300245694816
uav,495,High,0.097900899680984,SGO,20,250,26,14000026,-4.2076719186023555,0.0,1.0,False,0.09331399586401289,250,True,2.897051046602428
uav,495,High,0.097900899680984,SGO,20,250,27,14000027,-4.2076719186023555,0.0,1.0,False,0.09331399586401289,250,True,2.687595959287137
uav,495,High,0.097900899680984,SGO,20,250,28,14000028,-4.2076719186023555,0.0,1.0,False,0.09331399586401289,250,True,2.7808890445157886
uav,495,High,0.097900899680984,SGO,20,250,29,14000029,-4.2076719186023555,0.0,1.0,False,0.09331399586401289,250,True,2.7661119820550084
uav,495,High,0.097900899680984,SGO,20,500,0,14000000,-4.2076719186023555,0.0,1.0,False,0.09331399586401289,500,True,5.799616046715528
uav,495,High,0.097900899680984,SGO,20,500,1,14000001,-4.2076719186023555,0.0,1.0,False,0.09331399586401289,500,True,5.804702988825738
uav,495,High,0.097900899680984,SGO,20,500,2,14000002,-4.2076719186023555,0.0,1.0,False,0.09331399586401289,500,True,5.897482973523438
uav,495,High,0.097900899680984,SGO,20,500,3,14000003,-4.2076719186023555,0.0,1.0,False,0.09331399586401289,500,True,5.833949020598084
uav,495,High,0.097900899680984,SGO,20,500,4,14000004,-4.2076719186023555,0.0,1.0,False,0.09331399586401289,500,True,5.8316650101915
uav,495,High,0.097900899680984,SGO,20,500,5,14000005,-4.2076719186023555,0.0,1.0,False,0.09331399586401289,500,True,5.901850003283471
uav,495,High,0.097900899680984,SGO,20,500,6,14000006,-4.2076719186023555,0.0,1.0,False,0.09331399586401289,500,True,5.75700803892687
uav,495,High,0.097900899680984,SGO,20,500,7,14000007,-4.2076719186023555,0.0,1.0,False,0.09331399586401289,500,True,5.718864034861326
uav,495,High,0.097900899680984,SGO,20,500,8,14000008,-4.2076719186023555,0.0,1.0,False,0.09331399586401289,500,True,5.643330980092287
uav,495,High,0.097900899680984,SGO,20,500,9,14000009,-4.2076719186023555,0.0,1.0,False,0.09331399586401289,500,True,5.760665982961655
uav,495,High,0.097900899680984,SGO,20,500,10,14000010,-4.2076719186023555,-1.0452200572303019,0.75159183571102,False,0.06728599114243522,500,True,5.817514029331505
uav,495,High,0.097900899680984,SGO,20,500,11,14000011,-4.2076719186023555,0.0,1.0,False,0.09331399586401289,500,True,5.781629006378353
uav,495,High,0.097900899680984,SGO,20,500,12,14000012,-4.2076719186023555,0.0,1.0,False,0.09331399586401289,500,True,5.779063969384879
uav,495,High,0.097900899680984,SGO,20,500,13,14000013,-4.2076719186023555,0.0,1.0,False,0.09331399586401289,500,True,5.7106640306301415
uav,495,High,0.097900899680984,SGO,20,500,14,14000014,-4.2076719186023555,0.0,1.0,False,0.09331399586401289,500,True,5.652151012327522
uav,495,High,0.097900899680984,SGO,20,500,15,14000015,-4.2076719186023555,0.0,1.0,False,0.09331399586401289,500,True,5.729259981308132
uav,495,High,0.097900899680984,SGO,20,500,16,14000016,-4.2076719186023555,0.0,1.0,False,0.09331399586401289,500,True,5.770755000412464
uav,495,High,0.097900899680984,SGO,20,500,17,14000017,-4.2076719186023555,0.0,1.0,False,0.09331399586401289,500,True,5.716621992178261
uav,495,High,0.097900899680984,SGO,20,500,18,14000018,-4.2076719186023555,0.0,1.0,False,0.09331399586401289,500,True,5.748715018853545
uav,495,High,0.097900899680984,SGO,20,500,19,14000019,-4.2076719186023555,0.0,1.0,False,0.09331399586401289,500,True,5.832692957483232
uav,495,High,0.097900899680984,SGO,20,500,20,14000020,-4.2076719186023555,0.0,1.0,False,0.09331399586401289,500,True,5.807347013615072
uav,495,High,0.097900899680984,SGO,20,500,21,14000021,-4.2076719186023555,-2.578338972459802,0.3872290847913261,False,0.0504159402543209,500,True,5.8257849887013435
uav,495,High,0.097900899680984,SGO,20,500,22,14000022,-4.2076719186023555,0.0,1.0,False,0.09331399586401289,500,True,5.721159046515822
uav,495,High,0.097900899680984,SGO,20,500,23,14000023,-4.2076719186023555,0.0,1.0,False,0.09331399586401289,500,True,5.873624002560973
uav,495,High,0.097900899680984,SGO,20,500,24,14000024,-4.2076719186023555,0.0,1.0,False,0.09331399586401289,500,True,5.775358993560076
uav,495,High,0.097900899680984,SGO,20,500,25,14000025,-4.2076719186023555,0.0,1.0,False,0.09331399586401289,500,True,5.7821389636956155
uav,495,High,0.097900899680984,SGO,20,500,26,14000026,-4.2076719186023555,0.0,1.0,False,0.09331399586401289,500,True,5.956948036327958
uav,495,High,0.097900899680984,SGO,20,500,27,14000027,-4.2076719186023555,0.0,1.0,False,0.09331399586401289,500,True,5.761957028880715
uav,495,High,0.097900899680984,SGO,20,500,28,14000028,-4.2076719186023555,0.0,1.0,False,0.09331399586401289,500,True,5.8210729621350765
uav,495,High,0.097900899680984,SGO,20,500,29,14000029,-4.2076719186023555,0.0,1.0,False,0.09331399586401289,500,True,5.641114024911076
uav,495,High,0.097900899680984,SGO,20,1000,0,14000000,-4.2076719186023555,-2.422730672041846,0.4242111269819264,False,0.04571825956759087,1000,True,11.632364010438323
uav,495,High,0.097900899680984,SGO,20,1000,1,14000001,-4.2076719186023555,-3.942495387158979,0.06302215015173018,False,0.019056819961249902,1000,True,11.605235980823636
uav,495,High,0.097900899680984,SGO,20,1000,2,14000002,-4.2076719186023555,-2.173113052248884,0.48353552884163126,False,0.057660937145054554,1000,True,11.484567949082702
uav,495,High,0.097900899680984,SGO,20,1000,3,14000003,-4.2076719186023555,-2.6313409766697315,0.37463256937014877,False,0.05134889626048913,1000,True,11.695733992382884
uav,495,High,0.097900899680984,SGO,20,1000,4,14000004,-4.2076719186023555,-3.728806051556796,0.11380779592830577,False,0.022502127806813068,1000,True,11.541802959982306
uav,495,High,0.097900899680984,SGO,20,1000,5,14000005,-4.2076719186023555,-2.380111411466253,0.43434006797354,False,0.06016989792557318,1000,True,11.672635970171541
uav,495,High,0.097900899680984,SGO,20,1000,6,14000006,-4.2076719186023555,-1.660266682510052,0.6054191689304674,False,0.06236246621468011,1000,True,11.539897008333355
uav,495,High,0.097900899680984,SGO,20,1000,7,14000007,-4.2076719186023555,-0.5539972703239697,0.8683363909921977,False,0.08574153686851571,1000,True,11.312538001220673
uav,495,High,0.097900899680984,SGO,20,1000,8,14000008,-4.2076719186023555,-1.8419698645362972,0.5622353880793689,False,0.06384322599864957,1000,True,11.31470303516835
uav,495,High,0.097900899680984,SGO,20,1000,9,14000009,-4.2076719186023555,-3.102808600708441,0.2625830481243681,False,0.03379043269313818,1000,True,11.653394962195307
uav,495,High,0.097900899680984,SGO,20,1000,10,14000010,-4.2076719186023555,-3.9485701788311967,0.061578408389127336,False,0.01062640384851192,1000,True,11.491340992506593
uav,495,High,0.097900899680984,SGO,20,1000,11,14000011,-4.2076719186023555,-0.9916421566972349,0.7643252192945156,False,0.08099513455197388,1000,True,11.51346496772021
uav,495,High,0.097900899680984,SGO,20,1000,12,14000012,-4.2076719186023555,-0.515370117726095,0.8775165631503695,False,0.08737783275592287,1000,True,11.519152962137014
uav,495,High,0.097900899680984,SGO,20,1000,13,14000013,-4.2076719186023555,-0.6332322710718179,0.8495053123623393,False,0.08522551917172033,1000,True,11.528734990861267
uav,495,High,0.097900899680984,SGO,20,1000,14,14000014,-4.2076719186023555,-4.023081238003275,0.04387002698166518,False,0.019405257818182812,1000,True,11.387136997655034
uav,495,High,0.097900899680984,SGO,20,1000,15,14000015,-4.2076719186023555,-0.5419812898720817,0.8711921223049849,False,0.08206084788789252,1000,True,11.626030958723277
uav,495,High,0.097900899680984,SGO,20,1000,16,14000016,-4.2076719186023555,-0.9771293032329952,0.7677743602315923,False,0.07715209035723278,1000,True,11.587972985580564
uav,495,High,0.097900899680984,SGO,20,1000,17,14000017,-4.2076719186023555,-1.2327833864975755,0.7070153257321773,False,0.07876662916636659,1000,True,11.634445982053876
uav,495,High,0.097900899680984,SGO,20,1000,18,14000018,-4.2076719186023555,-1.6862055284719832,0.5992545138756724,False,0.06561338855319741,1000,True,11.653943045530468
uav,495,High,0.097900899680984,SGO,20,1000,19,14000019,-4.2076719186023555,-2.69968780164379,0.3583891867357059,False,0.04741782656138928,1000,True,11.770766985137016
uav,495,High,0.097900899680984,SGO,20,1000,20,14000020,-4.2076719186023555,-2.0488526709508355,0.5130673896192471,False,0.05713114585425657,1000,True,11.622419988270849
uav,495,High,0.097900899680984,SGO,20,1000,21,14000021,-4.2076719186023555,-3.500315121257457,0.1681112052053379,False,0.035855995144668064,1000,True,11.749931960366666
uav,495,High,0.097900899680984,SGO,20,1000,22,14000022,-4.2076719186023555,-2.9718820233943486,0.29369920448039444,False,0.05048484268728219,1000,True,11.650433007162064
uav,495,High,0.097900899680984,SGO,20,1000,23,14000023,-4.2076719186023555,-1.371377836416098,0.6740768142228107,False,0.07295263462762627,1000,True,11.979735980276018
uav,495,High,0.097900899680984,SGO,20,1000,24,14000024,-4.2076719186023555,-4.169969087020323,0.008960496994869224,False,0.0023408059218115286,1000,True,11.638032970950007
uav,495,High,0.097900899680984,SGO,20,1000,25,14000025,-4.2076719186023555,-4.111225492819592,0.02292156509550281,False,0.007681997133158478,1000,True,11.561680992599577
uav,495,High,0.097900899680984,SGO,20,1000,26,14000026,-4.2076719186023555,-3.4986984606582974,0.1684954225660148,False,0.02329958867034391,1000,True,11.843448970466852
uav,495,High,0.097900899680984,SGO,20,1000,27,14000027,-4.2076719186023555,-1.7764230598134347,0.5778133147787099,False,0.05757847365480377,1000,True,11.506801005452871
uav,495,High,0.097900899680984,SGO,20,1000,28,14000028,-4.2076719186023555,-3.8519687056551337,0.08453682222100961,False,0.006452462603250189,1000,True,11.63462398108095
uav,495,High,0.097900899680984,SGO,20,1000,29,14000029,-4.2076719186023555,-1.2659465041641007,0.6991337422085406,False,0.07474884808477958,1000,True,11.723592993803322
uav,495,High,0.097900899680984,SGO,20,2000,0,14000000,-4.2076719186023555,-2.8252874946737796,0.32853902363845816,False,0.03221532397207513,2000,True,23.655969998799264
uav,495,High,0.097900899680984,SGO,20,2000,1,14000001,-4.2076719186023555,-4.182355525215438,0.006016722281742694,False,0.0011392342373593835,2000,True,23.41614296892658
uav,495,High,0.097900899680984,SGO,20,2000,2,14000002,-4.2076719186023555,-3.1385023366208045,0.25410003504662326,False,0.025946349980024663,2000,True,23.49971397779882
uav,495,High,0.097900899680984,SGO,20,2000,3,14000003,-4.2076719186023555,-3.5006391141658866,0.1680342046894476,False,0.021623372953761873,2000,True,23.305298993363976
uav,495,High,0.097900899680984,SGO,20,2000,4,14000004,-4.2076719186023555,-3.9248050909417436,0.0672264456765371,False,0.004514908869805263,2000,True,23.114949988666922
uav,495,High,0.097900899680984,SGO,20,2000,5,14000005,-4.2076719186023555,-3.653050618863752,0.13181191653431704,False,0.0158679609644228,2000,True,23.65845296299085
uav,495,High,0.097900899680984,SGO,20,2000,6,14000006,-4.2076719186023555,-1.8032726254421467,0.5714322170723967,False,0.05165070254593374,2000,True,24.157000007107854
uav,495,High,0.097900899680984,SGO,20,2000,7,14000007,-4.2076719186023555,-1.299882233927074,0.6910685388325499,False,0.0686871231476261,2000,True,23.37232802528888
uav,495,High,0.097900899680984,SGO,20,2000,8,14000008,-4.2076719186023555,-2.8369295475969483,0.32577216035909967,False,0.03876651188743153,2000,True,23.25494698015973
uav,495,High,0.097900899680984,SGO,20,2000,9,14000009,-4.2076719186023555,-3.594829113629851,0.145648904388931,False,0.01159807370573276,2000,True,23.433609982021153
uav,495,High,0.097900899680984,SGO,20,2000,10,14000010,-4.2076719186023555,-4.066540786916962,0.03354138212664469,False,0.0023656704531831657,2000,True,23.337699996773154
uav,495,High,0.097900899680984,SGO,20,2000,11,14000011,-4.2076719186023555,-2.2651945097757267,0.4616513469690511,False,0.04834068215133233,2000,True,23.342935019172728
uav,495,High,0.097900899680984,SGO,20,2000,12,14000012,-4.2076719186023555,-2.7952659994351556,0.3356739656727687,False,0.032914404742318444,2000,True,23.296057945117354
uav,495,High,0.097900899680984,SGO,20,2000,13,14000013,-4.2076719186023555,-0.8755535500211324,0.7919149670034251,False,0.07921904805495754,2000,True,23.184531019069254
uav,495,High,0.097900899680984,SGO,20,2000,14,14000014,-4.2076719186023555,-4.194648788232085,0.0030950916854269434,False,0.0008102784780358855,2000,True,23.333408986218274
uav,495,High,0.097900899680984,SGO,20,2000,15,14000015,-4.2076719186023555,-0.588515821058911,0.8601326737341262,False,0.0796060781446187,2000,True,23.320042993873358
uav,495,High,0.097900899680984,SGO,20,2000,16,14000016,-4.2076719186023555,-1.5307958657151712,0.6361893476182313,False,0.06243914316500555,2000,True,23.607591981999576
uav,495,High,0.097900899680984,SGO,20,2000,17,14000017,-4.2076719186023555,-2.484815707241765,0.40945592828750405,False,0.044588856021664076,2000,True,23.668502981308848
uav,495,High,0.097900899680984,SGO,20,2000,18,14000018,-4.2076719186023555,-2.0263376627954504,0.518418331563139,False,0.05226425163271044,2000,True,23.651898023672402
uav,495,High,0.097900899680984,SGO,20,2000,19,14000019,-4.2076719186023555,-3.587497949831376,0.14739123695199596,False,0.012171705772287789,2000,True,23.6709609744139
uav,495,High,0.097900899680984,SGO,20,2000,20,14000020,-4.2076719186023555,-2.3722094285498687,0.43621806204466734,False,0.045246602831909136,2000,True,23.92996900016442
uav,495,High,0.097900899680984,SGO,20,2000,21,14000021,-4.2076719186023555,-4.007907635195057,0.04747620234460995,False,0.007395829462523342,2000,True,23.73628900386393
uav,495,High,0.097900899680984,SGO,20,2000,22,14000022,-4.2076719186023555,-3.8165191039431443,0.0929618140924682,False,0.009932399249531623,2000,True,23.90282100532204
uav,495,High,0.097900899680984,SGO,20,2000,23,14000023,-4.2076719186023555,-3.429146409457657,0.18502524060937195,False,0.018129243853477715,2000,True,24.01557599660009
uav,495,High,0.097900899680984,SGO,20,2000,24,14000024,-4.2076719186023555,-4.207125279308993,0.0001299149039984463,False,0.00026331817317253313,2000,True,23.55505299055949
uav,495,High,0.097900899680984,SGO,20,2000,25,14000025,-4.2076719186023555,-4.199664846122621,0.0019029697739347481,False,0.0011535086859974617,2000,True,23.365378961898386
uav,495,High,0.097900899680984,SGO,20,2000,26,14000026,-4.2076719186023555,-3.947483929833489,0.06183656753716008,False,0.004823192874435617,2000,True,23.779435025062412
uav,495,High,0.097900899680984,SGO,20,2000,27,14000027,-4.2076719186023555,-2.2404485589630476,0.46753249723252,False,0.045816866815553595,2000,True,23.763372970279306
uav,495,High,0.097900899680984,SGO,20,2000,28,14000028,-4.2076719186023555,-4.066979126406383,0.03343720587481206,False,0.0035581145430350486,2000,True,23.70888600125909
uav,495,High,0.097900899680984,SGO,20,2000,29,14000029,-4.2076719186023555,-1.809086191960894,0.5700505583710503,False,0.05524599336482428,2000,True,23.560994013678282
uav,495,High,0.097900899680984,SGO,20,5000,0,14000000,-4.2076719186023555,-2.8257640552919203,0.3284257637105551,False,0.03294353145089146,5000,True,58.295978989917785
uav,495,High,0.097900899680984,SGO,20,5000,1,14000001,-4.2076719186023555,-4.184461474242782,0.005516220087635414,False,0.0012992537338402741,5000,True,58.63961798604578
uav,495,High,0.097900899680984,SGO,20,5000,2,14000002,-4.2076719186023555,-3.1560608791020184,0.24992705226163314,False,0.02741479269379034,5000,True,57.93828499736264
uav,495,High,0.097900899680984,SGO,20,5000,3,14000003,-4.2076719186023555,-3.5101097119421367,0.16578341186161802,False,0.01868422992986384,5000,True,58.59520594822243
uav,495,High,0.097900899680984,SGO,20,5000,4,14000004,-4.2076719186023555,-3.9270254521233734,0.06669875216226535,False,0.005018178174189505,5000,True,59.52432699268684
uav,495,High,0.097900899680984,SGO,20,5000,5,14000005,-4.2076719186023555,-3.654025330076326,0.13158026558067099,False,0.014537819212525428,5000,True,59.00005099829286
uav,495,High,0.097900899680984,SGO,20,5000,6,14000006,-4.2076719186023555,-1.8033330322924717,0.5714178607129908,False,0.05153682374688412,5000,True,59.64911699993536
uav,495,High,0.097900899680984,SGO,20,5000,7,14000007,-4.2076719186023555,-1.3361356515638985,0.6824525111720885,False,0.06720494851195163,5000,True,59.15124004241079
uav,495,High,0.097900899680984,SGO,20,5000,8,14000008,-4.2076719186023555,-2.883113182722573,0.31479610613741854,False,0.03284718545148525,5000,True,58.2385630114004
uav,495,High,0.097900899680984,SGO,20,5000,9,14000009,-4.2076719186023555,-3.6739047904174624,0.12685569086911894,False,0.013530954699953539,5000,True,58.65835800068453
uav,495,High,0.097900899680984,SGO,20,5000,10,14000010,-4.2076719186023555,-4.066677722134938,0.03350883795004886,False,0.002184512944751597,5000,True,58.24493197724223
uav,495,High,0.097900899680984,SGO,20,5000,11,14000011,-4.2076719186023555,-2.40755031450266,0.42781890768176484,False,0.0421650338933503,5000,True,58.99890698492527
uav,495,High,0.097900899680984,SGO,20,5000,12,14000012,-4.2076719186023555,-2.814302378832905,0.33114975851831147,False,0.03234171622904431,5000,True,59.13333297939971
uav,495,High,0.097900899680984,SGO,20,5000,13,14000013,-4.2076719186023555,-0.8862430585355294,0.7893744864904036,False,0.07805566608842016,5000,True,58.81703499471769
uav,495,High,0.097900899680984,SGO,20,5000,14,14000014,-4.2076719186023555,-4.1948978398239865,0.003035901806387061,False,0.0008100498807874774,5000,True,58.772070973645896
uav,495,High,0.097900899680984,SGO,20,5000,15,14000015,-4.2076719186023555,-0.5946581926018706,0.858672870864087,False,0.07902216544707913,5000,True,59.68101602047682
uav,495,High,0.097900899680984,SGO,20,5000,16,14000016,-4.2076719186023555,-1.6708542238967936,0.6029029220387044,False,0.06118649682040237,5000,True,60.29403203865513
uav,495,High,0.097900899680984,SGO,20,5000,17,14000017,-4.2076719186023555,-2.6118923070008075,0.3792547618901835,False,0.040326519219360944,5000,True,59.518514026422054
uav,495,High,0.097900899680984,SGO,20,5000,18,14000018,-4.2076719186023555,-2.335722931258538,0.4448894836757175,False,0.04725971660690945,5000,True,59.056325000710785
uav,495,High,0.097900899680984,SGO,20,5000,19,14000019,-4.2076719186023555,-3.587683126314821,0.14734722770245678,False,0.012049774800670349,5000,True,58.37393901310861
uav,495,High,0.097900899680984,SGO,20,5000,20,14000020,-4.2076719186023555,-2.3892258111772686,0.4321739295750778,False,0.04471443489398619,5000,True,58.18773101782426
uav,495,High,0.097900899680984,SGO,20,5000,21,14000021,-4.2076719186023555,-4.01611123356105,0.04552652600940791,False,0.006213807418441246,5000,True,58.5144660435617
uav,495,High,0.097900899680984,SGO,20,5000,22,14000022,-4.2076719186023555,-3.8227609718336373,0.09147836480952926,False,0.011692634114382764,5000,True,59.07353200018406
uav,495,High,0.097900899680984,SGO,20,5000,23,14000023,-4.2076719186023555,-3.4327868612430676,0.18416004677871323,False,0.01905447122079844,5000,True,58.97223303327337
uav,495,High,0.097900899680984,SGO,20,5000,24,14000024,-4.2076719186023555,-4.20734415850085,7.789583119745079e-05,True,0.0001754054091808759,5000,True,58.816084056161344
uav,495,High,0.097900899680984,SGO,20,5000,25,14000025,-4.2076719186023555,-4.200381415684001,0.0017326690529560036,False,0.00042721175169151745,5000,True,59.40265400568023
uav,495,High,0.097900899680984,SGO,20,5000,26,14000026,-4.2076719186023555,-3.948593834178071,0.06157278643301198,False,0.0035959691325838814,5000,True,59.51646500034258
uav,495,High,0.097900899680984,SGO,20,5000,27,14000027,-4.2076719186023555,-2.2648220927406744,0.46173985601687056,False,0.04415793951406961,5000,True,59.90950501291081
uav,495,High,0.097900899680984,SGO,20,5000,28,14000028,-4.2076719186023555,-4.073410178650216,0.03190879482750553,False,0.004869970806801938,5000,True,60.01116399420425
uav,495,High,0.097900899680984,SGO,20,5000,29,14000029,-4.2076719186023555,-1.8939245042502448,0.5498877904721855,False,0.05576075499069009,5000,True,59.512673993594944
uav,495,High,0.097900899680984,GWO,30,250,0,14001000,-4.2076719186023555,-3.8490129322022115,0.08523929463570872,False,0.004668771934005988,250,True,4.671922011766583
uav,495,High,0.097900899680984,GWO,30,250,1,14001001,-4.2076719186023555,-4.197164629759271,0.002497173982750614,False,0.0019154601545680527,250,True,4.690625995863229
uav,495,High,0.097900899680984,GWO,30,250,2,14001002,-4.2076719186023555,-2.386241465194101,0.43288319256917523,False,0.058598806478937435,250,True,4.661293001845479
uav,495,High,0.097900899680984,GWO,30,250,3,14001003,-4.2076719186023555,-3.067743150762729,0.2709167420586992,False,0.01995196550983519,250,True,4.808397963643074
uav,495,High,0.097900899680984,GWO,30,250,4,14001004,-4.2076719186023555,-4.142708707364089,0.015439229221047512,False,0.0006450428885609487,250,True,4.722014011349529
uav,495,High,0.097900899680984,GWO,30,250,5,14001005,-4.2076719186023555,-4.028631055083484,0.0425510512659795,False,0.0074793549944225405,250,True,4.736342001706362
uav,495,High,0.097900899680984,GWO,30,250,6,14001006,-4.2076719186023555,-1.2892649285589188,0.6935918594653243,False,0.07474030770175524,250,True,4.708408028818667
uav,495,High,0.097900899680984,GWO,30,250,7,14001007,-4.2076719186023555,-3.1967736762693826,0.24025120348944853,False,0.040834149243334256,250,True,4.719669988844544
uav,495,High,0.097900899680984,GWO,30,250,8,14001008,-4.2076719186023555,-3.798492865348819,0.09724595005721166,False,0.012128933958820285,250,True,4.72536199958995
uav,495,High,0.097900899680984,GWO,30,250,9,14001009,-4.2076719186023555,-3.839646614057637,0.08746530424999581,False,0.006613635683857371,250,True,4.735155031085014
uav,495,High,0.097900899680984,GWO,30,250,10,14001010,-4.2076719186023555,-3.7554070759792975,0.10748576680219994,False,0.002497357967179824,250,True,4.678992030676454
uav,495,High,0.097900899680984,GWO,30,250,11,14001011,-4.2076719186023555,-4.018466901418434,0.04496667535970073,False,0.013959107578847996,250,True,4.698553995694965
uav,495,High,0.097900899680984,GWO,30,250,12,14001012,-4.2076719186023555,-1.8435412965158289,0.5618619198028657,False,0.06887917908832691,250,True,4.700679972302169
uav,495,High,0.097900899680984,GWO,30,250,13,14001013,-4.2076719186023555,-4.052217778308073,0.036945404323709526,False,0.007829680174020885,250,True,4.734545014798641
uav,495,High,0.097900899680984,GWO,30,250,14,14001014,-4.2076719186023555,-2.85175015855919,0.3222498774318784,False,0.04758829286777544,250,True,4.715860995929688
uav,495,High,0.097900899680984,GWO,30,250,15,14001015,-4.2076719186023555,-4.183707055828947,0.005695516009092481,False,0.005922286956056259,250,True,4.700417979620397
uav,495,High,0.097900899680984,GWO,30,250,16,14001016,-4.2076719186023555,-4.156076955627276,0.01226211643236146,False,0.006799272811015277,250,True,4.713714006356895
uav,495,High,0.097900899680984,GWO,30,250,17,14001017,-4.2076719186023555,-4.098327757543485,0.025986855243027296,False,0.002550183406223784,250,True,4.7520159860141575
uav,495,High,0.097900899680984,GWO,30,250,18,14001018,-4.2076719186023555,-2.408360073951026,0.4276264593483323,False,0.05286079929609988,250,True,4.71203395863995
uav,495,High,0.097900899680984,GWO,30,250,19,14001019,-4.2076719186023555,-4.068719988414658,0.03302347066875219,False,0.0051849346490631465,250,True,4.729916050564498
uav,495,High,0.097900899680984,GWO,30,250,20,14001020,-4.2076719186023555,-2.395345572176657,0.4307195003520358,False,0.05920974328649466,250,True,4.646238987334073
uav,495,High,0.097900899680984,GWO,30,250,21,14001021,-4.2076719186023555,-2.4534551188893117,0.4169091206844222,False,0.05771491085625414,250,True,4.66002500616014
uav,495,High,0.097900899680984,GWO,30,250,22,14001022,-4.2076719186023555,-3.9933978992060766,0.050924602379040375,False,0.0126591964999519,250,True,4.706634965259582
uav,495,High,0.097900899680984,GWO,30,250,23,14001023,-4.2076719186023555,-0.6642943267753194,0.842123069567654,False,0.08390856569189997,250,True,4.724058031570166
uav,495,High,0.097900899680984,GWO,30,250,24,14001024,-4.2076719186023555,-3.385649771829273,0.19536270000968378,False,0.033986725398659344,250,True,4.734668997116387
uav,495,High,0.097900899680984,GWO,30,250,25,14001025,-4.2076719186023555,-0.4067906388117446,0.9033216831822604,False,0.08788033383349857,250,True,4.723239049781114
uav,495,High,0.097900899680984,GWO,30,250,26,14001026,-4.2076719186023555,-4.179940980748773,0.006590565612062656,False,0.003668725367910703,250,True,4.6421880251728
uav,495,High,0.097900899680984,GWO,30,250,27,14001027,-4.2076719186023555,-4.085401822772572,0.029058847313931616,False,0.001131100535145185,250,True,4.7018370241858065
uav,495,High,0.097900899680984,GWO,30,250,28,14001028,-4.2076719186023555,-1.5246489293000844,0.6376502353808705,False,0.07473226850140265,250,True,4.710260021965951
uav,495,High,0.097900899680984,GWO,30,250,29,14001029,-4.2076719186023555,-4.113288661039752,0.022431230235734415,False,0.0038128522610180464,250,True,4.642260959371924
uav,495,High,0.097900899680984,GWO,30,500,0,14001000,-4.2076719186023555,-4.2068372330311075,0.0001983723035909247,False,0.0003653134404471517,500,True,10.159805999137461
uav,495,High,0.097900899680984,GWO,30,500,1,14001001,-4.2076719186023555,-4.203001047735777,0.0011100843784727175,False,0.0006781234547859773,500,True,9.954671026207507
uav,495,High,0.097900899680984,GWO,30,500,2,14001002,-4.2076719186023555,-4.207493120542422,4.2493346295187216e-05,True,0.00028793547355382193,500,True,9.935267036780715
uav,495,High,0.097900899680984,GWO,30,500,3,14001003,-4.2076719186023555,-4.2059640097997635,0.00040590351045223175,False,0.0011672976413626053,500,True,9.951807034667581
uav,495,High,0.097900899680984,GWO,30,500,4,14001004,-4.2076719186023555,-4.205662548352521,0.0004775491741528034,False,0.00012744381959868892,500,True,9.902171965222806
uav,495,High,0.097900899680984,GWO,30,500,5,14001005,-4.2076719186023555,-4.207452855600839,5.2062757209735754e-05,True,0.0004435003125717729,500,True,9.95902600698173
uav,495,High,0.097900899680984,GWO,30,500,6,14001006,-4.2076719186023555,-4.200898145870165,0.0016098623807248185,False,0.001593133024987281,500,True,9.905126004014164
uav,495,High,0.097900899680984,GWO,30,500,7,14001007,-4.2076719186023555,-4.203049672889871,0.0010985280701304861,False,0.0013451062133096959,500,True,9.881128964480013
uav,495,High,0.097900899680984,GWO,30,500,8,14001008,-4.2076719186023555,-4.20723423006352,0.00010402154619053772,False,0.0007828515080073762,500,True,9.961754956748337
uav,495,High,0.097900899680984,GWO,30,500,9,14001009,-4.2076719186023555,-4.204497474978289,0.0007544418114046464,False,0.0011727680599712424,500,True,9.908906009513885
uav,495,High,0.097900899680984,GWO,30,500,10,14001010,-4.2076719186023555,-4.2022328629802645,0.001292652024043161,False,0.001050590305574336,500,True,9.95345797855407
uav,495,High,0.097900899680984,GWO,30,500,11,14001011,-4.2076719186023555,-4.206179929416947,0.0003545878134682169,False,0.0006141544199055651,500,True,9.912085020914674
uav,495,High,0.097900899680984,GWO,30,500,12,14001012,-4.2076719186023555,-4.207162239475826,0.00012113090953598532,False,0.0007011433189737727,500,True,14.619024004787207
uav,495,High,0.097900899680984,GWO,30,500,13,14001013,-4.2076719186023555,-4.204950142873133,0.000646860254762084,False,0.0005614486684670805,500,True,9.730337013024837
uav,495,High,0.097900899680984,GWO,30,500,14,14001014,-4.2076719186023555,-4.205900561444162,0.000420982717393474,False,0.0010610358407816068,500,True,9.376648988109082
uav,495,High,0.097900899680984,GWO,30,500,15,14001015,-4.2076719186023555,-4.207341208704177,7.85968831638983e-05,True,0.00020900564643620592,500,True,9.495389997027814
uav,495,High,0.097900899680984,GWO,30,500,16,14001016,-4.2076719186023555,-4.206741389859495,0.0002211504986276523,False,0.00023372453806212265,500,True,9.432369959540665
uav,495,High,0.097900899680984,GWO,30,500,17,14001017,-4.2076719186023555,-4.199178846152073,0.0020184730688565314,False,0.0007247881188043997,500,True,9.733019978739321
uav,495,High,0.097900899680984,GWO,30,500,18,14001018,-4.2076719186023555,-4.196579438032988,0.0026362513009454435,False,0.001386658381785366,500,True,10.204070014879107
uav,495,High,0.097900899680984,GWO,30,500,19,14001019,-4.2076719186023555,-4.206021158039369,0.0003923215961036348,False,0.0006913795219743519,500,True,10.001857997849584
uav,495,High,0.097900899680984,GWO,30,500,20,14001020,-4.2076719186023555,-4.204849532412813,0.0006707714489489402,False,0.0015633836053071007,500,True,9.97322000330314
uav,495,High,0.097900899680984,GWO,30,500,21,14001021,-4.2076719186023555,-4.204271094379751,0.0008082436768819307,False,0.0012576846047136817,500,True,10.106773988809437
uav,495,High,0.097900899680984,GWO,30,500,22,14001022,-4.2076719186023555,-4.205559358028934,0.0005020735015204122,False,0.0006024727599855539,500,True,9.814040968194604
uav,495,High,0.097900899680984,GWO,30,500,23,14001023,-4.2076719186023555,-4.170676187429382,0.008792446723189993,False,0.0015204688442212672,500,True,9.672816027887166
uav,495,High,0.097900899680984,GWO,30,500,24,14001024,-4.2076719186023555,-4.192390420714296,0.0036318178279297827,False,0.0009632595785251103,500,True,9.81397699797526
uav,495,High,0.097900899680984,GWO,30,500,25,14001025,-4.2076719186023555,-4.2058534672467704,0.0004321751768586159,False,0.0003728081732479282,500,True,9.91619803244248
uav,495,High,0.097900899680984,GWO,30,500,26,14001026,-4.2076719186023555,-4.206265475702771,0.00033425678778966576,False,0.0012504542136606007,500,True,9.792339988052845
uav,495,High,0.097900899680984,GWO,30,500,27,14001027,-4.2076719186023555,-4.206005284682451,0.00039609407580852715,False,0.00047029070328709566,500,True,9.842846950050443
uav,495,High,0.097900899680984,GWO,30,500,28,14001028,-4.2076719186023555,-4.195484555602146,0.0028964622803237996,False,0.0010597665894389468,500,True,9.845582011621445
uav,495,High,0.097900899680984,GWO,30,500,29,14001029,-4.2076719186023555,-4.199459589618359,0.0019517512636119867,False,0.0004735289738036579,500,True,9.857009048573673
uav,495,High,0.097900899680984,GWO,30,1000,0,14001000,-4.2076719186023555,-4.2073785508666175,6.972210319938778e-05,True,0.00015935351010533651,1000,True,20.172442018520087
uav,495,High,0.097900899680984,GWO,30,1000,1,14001001,-4.2076719186023555,-4.207125673165124,0.0001298212997112206,False,0.0006693881588332927,1000,True,20.631697960197926
uav,495,High,0.097900899680984,GWO,30,1000,2,14001002,-4.2076719186023555,-4.206794368487021,0.00020855953893528077,False,0.0003893596392392601,1000,True,20.158327999524772
uav,495,High,0.097900899680984,GWO,30,1000,3,14001003,-4.2076719186023555,-4.207306408191916,8.686761171271407e-05,True,0.0003605402404198461,1000,True,20.042525022290647
uav,495,High,0.097900899680984,GWO,30,1000,4,14001004,-4.2076719186023555,-4.2074371680047875,5.5791088780021015e-05,True,0.00024275447750166237,1000,True,19.896908954251558
uav,495,High,0.097900899680984,GWO,30,1000,5,14001005,-4.2076719186023555,-4.206951836333405,0.00017113555497676191,False,0.0002210298371982311,1000,True,20.310417050495744
uav,495,High,0.097900899680984,GWO,30,1000,6,14001006,-4.2076719186023555,-4.207468248610992,4.840443725263814e-05,True,0.00043884618866057567,1000,True,20.49603796331212
uav,495,High,0.097900899680984,GWO,30,1000,7,14001007,-4.2076719186023555,-4.2068282248706215,0.00020051319305670383,False,0.0005820784143503159,1000,True,20.17720800358802
uav,495,High,0.097900899680984,GWO,30,1000,8,14001008,-4.2076719186023555,-4.207465998350358,4.893923670405942e-05,True,0.0002390078714224837,1000,True,20.128839008975774
uav,495,High,0.097900899680984,GWO,30,1000,9,14001009,-4.2076719186023555,-4.206509928906764,0.00027615976674765674,False,0.0005741349119513379,1000,True,20.127268973737955
uav,495,High,0.097900899680984,GWO,30,1000,10,14001010,-4.2076719186023555,-4.20751016348737,3.844290099471258e-05,True,0.0005581322916756085,1000,True,20.268951018806547
uav,495,High,0.097900899680984,GWO,30,1000,11,14001011,-4.2076719186023555,-4.207646905071734,5.944743579296593e-06,True,6.822706645838893e-05,1000,True,20.493854011874646
uav,495,High,0.097900899680984,GWO,30,1000,12,14001012,-4.2076719186023555,-4.207481492386188,4.525690687177296e-05,True,0.00012164146408812292,1000,True,20.17350500682369
uav,495,High,0.097900899680984,GWO,30,1000,13,14001013,-4.2076719186023555,-4.207097679183925,0.00013647438049804261,False,0.00039384461909747464,1000,True,20.12743300292641
uav,495,High,0.097900899680984,GWO,30,1000,14,14001014,-4.2076719186023555,-4.190501106478107,0.004080834356009492,False,0.0005034151246215402,1000,True,19.88247799454257
uav,495,High,0.097900899680984,GWO,30,1000,15,14001015,-4.2076719186023555,-4.20752524312691,3.485905704693234e-05,True,6.454293288851913e-05,1000,True,19.762536976486444
uav,495,High,0.097900899680984,GWO,30,1000,16,14001016,-4.2076719186023555,-4.207449219218126,5.2926983980148e-05,True,0.00012180838223967517,1000,True,20.224399981088936
uav,495,High,0.097900899680984,GWO,30,1000,17,14001017,-4.2076719186023555,-4.207632571382969,9.351304034124453e-06,True,0.00010535960658844854,1000,True,20.403724047355354
uav,495,High,0.097900899680984,GWO,30,1000,18,14001018,-4.2076719186023555,-4.207053553980535,0.00014696122553810642,False,0.00020513221519805275,1000,True,19.7322319727391
uav,495,High,0.097900899680984,GWO,30,1000,19,14001019,-4.2076719186023555,-4.2072727577232625,9.48650196153036e-05,True,0.0003901244047534896,1000,True,19.154748995788395
uav,495,High,0.097900899680984,GWO,30,1000,20,14001020,-4.2076719186023555,-4.20755074646704,2.8797904793885657e-05,True,0.00012268930059993748,1000,True,19.461257965303957
uav,495,High,0.097900899680984,GWO,30,1000,21,14001021,-4.2076719186023555,-4.19600562904741,0.0027726233842919126,False,0.0007337585975217245,1000,True,19.92170698940754
uav,495,High,0.097900899680984,GWO,30,1000,22,14001022,-4.2076719186023555,-4.207473920665722,4.705641040082421e-05,True,0.00011676657828392641,1000,True,21.263589966110885
uav,495,High,0.097900899680984,GWO,30,1000,23,14001023,-4.2076719186023555,-4.207617536162873,1.2924591207283897e-05,True,0.00018703640232976563,1000,True,20.502244995441288
uav,495,High,0.097900899680984,GWO,30,1000,24,14001024,-4.2076719186023555,-4.205226161281158,0.0005812614121326166,False,0.0005880884895949949,1000,True,20.28000302379951
uav,495,High,0.097900899680984,GWO,30,1000,25,14001025,-4.2076719186023555,-4.206307513070201,0.00032426614017174403,False,0.0003088334366027356,1000,True,20.016020978800952
uav,495,High,0.097900899680984,GWO,30,1000,26,14001026,-4.2076719186023555,-4.2072570372654905,9.860116113871535e-05,True,0.0003592306557893108,1000,True,20.059208967722952
uav,495,High,0.097900899680984,GWO,30,1000,27,14001027,-4.2076719186023555,-4.207360772672843,7.394728855576274e-05,True,0.00016780126822015903,1000,True,20.092691003810614
uav,495,High,0.097900899680984,GWO,30,1000,28,14001028,-4.2076719186023555,-4.207281817430312,9.271187953577436e-05,True,0.00023209420812713956,1000,True,20.305864978581667
uav,495,High,0.097900899680984,GWO,30,1000,29,14001029,-4.2076719186023555,-4.207653031833581,4.488650526959296e-06,True,6.564932905717496e-05,1000,True,20.207574998494238
uav,495,High,0.097900899680984,GWO,30,2000,0,14001000,-4.2076719186023555,-4.207631317240774,9.649364866528086e-06,True,0.00019102162297732648,2000,True,41.284481005277485
uav,495,High,0.097900899680984,GWO,30,2000,1,14001001,-4.2076719186023555,-4.207473355019639,4.719084247960893e-05,True,0.00025663276705805105,2000,True,44.40854798303917
uav,495,High,0.097900899680984,GWO,30,2000,2,14001002,-4.2076719186023555,-4.207614368219061,1.3677488266144408e-05,True,6.922001394622314e-05,2000,True,39.26739504095167
uav,495,High,0.097900899680984,GWO,30,2000,3,14001003,-4.2076719186023555,-4.207478047227094,4.607568722362865e-05,True,0.0003004332116512345,2000,True,39.35121599351987
uav,495,High,0.097900899680984,GWO,30,2000,4,14001004,-4.2076719186023555,-4.207600805119449,1.6900909643735513e-05,True,8.51441971074541e-05,2000,True,39.99700798885897
uav,495,High,0.097900899680984,GWO,30,2000,5,14001005,-4.2076719186023555,-4.207629109383654,1.0174086651627086e-05,True,0.00015039033171307785,2000,True,39.65273802168667
uav,495,High,0.097900899680984,GWO,30,2000,6,14001006,-4.2076719186023555,-4.207633904140288,9.034559443434227e-06,True,0.00015399027896694748,2000,True,40.25890596676618
uav,495,High,0.097900899680984,GWO,30,2000,7,14001007,-4.2076719186023555,-4.207668649509932,7.769361506008504e-07,True,2.673823764846349e-05,2000,True,40.99985002540052
uav,495,High,0.097900899680984,GWO,30,2000,8,14001008,-4.2076719186023555,-4.207457270158463,5.101358852221838e-05,True,0.0002450371371652304,2000,True,40.98858596989885
uav,495,High,0.097900899680984,GWO,30,2000,9,14001009,-4.2076719186023555,-4.20740170187755,6.422000812634804e-05,True,0.000167467194765543,2000,True,40.53521197056398
uav,495,High,0.097900899680984,GWO,30,2000,10,14001010,-4.2076719186023555,-4.207427360669736,5.812191096420013e-05,True,0.00019651296895432523,2000,True,41.90084204310551
uav,495,High,0.097900899680984,GWO,30,2000,11,14001011,-4.2076719186023555,-4.207662811555845,2.1643908286740745e-06,True,3.445100834201801e-05,2000,True,41.118725028354675
uav,495,High,0.097900899680984,GWO,30,2000,12,14001012,-4.2076719186023555,-4.207600175431184,1.7050562058958743e-05,True,0.0001818439258721777,2000,True,41.26500501297414
uav,495,High,0.097900899680984,GWO,30,2000,13,14001013,-4.2076719186023555,-4.207627941725503,1.045159358971592e-05,True,0.00012536938087934522,2000,True,41.67309100739658
uav,495,High,0.097900899680984,GWO,30,2000,14,14001014,-4.2076719186023555,-4.207460433178658,5.0261861615891866e-05,True,0.00033495858860443494,2000,True,41.45984200295061
uav,495,High,0.097900899680984,GWO,30,2000,15,14001015,-4.2076719186023555,-4.207481118443015,4.5345778623313747e-05,True,0.00033614444341095707,2000,True,41.24933900311589
uav,495,High,0.097900899680984,GWO,30,2000,16,14001016,-4.2076719186023555,-4.2076539832081,4.262545797785255e-06,True,3.640518181700474e-05,2000,True,41.1958449985832
uav,495,High,0.097900899680984,GWO,30,2000,17,14001017,-4.2076719186023555,-4.207554450801221,2.791752860171083e-05,True,0.0001183257729698395,2000,True,41.22789000393823
uav,495,High,0.097900899680984,GWO,30,2000,18,14001018,-4.2076719186023555,-4.207425775325679,5.8498685600528445e-05,True,0.00015046649548093854,2000,True,41.7509030085057
uav,495,High,0.097900899680984,GWO,30,2000,19,14001019,-4.2076719186023555,-4.207495461487386,4.193699470471575e-05,True,0.000125540820783734,2000,True,41.29254998406395
uav,495,High,0.097900899680984,GWO,30,2000,20,14001020,-4.2076719186023555,-4.207623719765762,1.1454989249500798e-05,True,0.0002627602806577411,2000,True,41.56155698001385
uav,495,High,0.097900899680984,GWO,30,2000,21,14001021,-4.2076719186023555,-4.207546115837158,2.9898425454930296e-05,True,0.00018343742255011244,2000,True,41.64519801270217
uav,495,High,0.097900899680984,GWO,30,2000,22,14001022,-4.2076719186023555,-4.207460786383832,5.0177918480287605e-05,True,0.00020627801968488673,2000,True,40.908116032369435
uav,495,High,0.097900899680984,GWO,30,2000,23,14001023,-4.2076719186023555,-4.2076570172881285,3.5414629551105965e-06,True,9.889628600110874e-05,2000,True,41.31310194497928
uav,495,High,0.097900899680984,GWO,30,2000,24,14001024,-4.2076719186023555,-4.207396652645869,6.542001415781688e-05,True,0.00014115483282495337,2000,True,41.61175899207592
uav,495,High,0.097900899680984,GWO,30,2000,25,14001025,-4.2076719186023555,-4.207664015374047,1.8782900523437573e-06,True,9.902466950437478e-05,2000,True,41.274601011537015
uav,495,High,0.097900899680984,GWO,30,2000,26,14001026,-4.2076719186023555,-4.207614601411283,1.3622067542645089e-05,True,0.0002702349327445431,2000,True,41.30632698070258
uav,495,High,0.097900899680984,GWO,30,2000,27,14001027,-4.2076719186023555,-4.207308019793843,8.648459660159292e-05,True,0.00021380786321342207,2000,True,41.27944598440081
uav,495,High,0.097900899680984,GWO,30,2000,28,14001028,-4.2076719186023555,-4.207595375257703,1.8191376640937313e-05,True,0.00014921193764675785,2000,True,41.26871202606708
uav,495,High,0.097900899680984,GWO,30,2000,29,14001029,-4.2076719186023555,-4.207116490142707,0.0001320037470585408,False,0.00027424112977719576,2000,True,41.50707699591294
uav,495,High,0.097900899680984,GWO,30,5000,0,14001000,-4.2076719186023555,-4.20763906743275,7.807445599504979e-06,True,5.4712337837838055e-05,5000,True,105.03421997418627
uav,495,High,0.097900899680984,GWO,30,5000,1,14001001,-4.2076719186023555,-4.2074833321341805,4.481967031251603e-05,True,0.00015201170430810751,5000,True,102.85687103169039
uav,495,High,0.097900899680984,GWO,30,5000,2,14001002,-4.2076719186023555,-4.207648188753748,5.639662280456687e-06,True,6.295950561875847e-05,5000,True,102.74532600305974
uav,495,High,0.097900899680984,GWO,30,5000,3,14001003,-4.2076719186023555,-4.207542343109485,3.079505612061969e-05,True,0.0001038472642261875,5000,True,102.78015997027978
uav,495,High,0.097900899680984,GWO,30,5000,4,14001004,-4.2076719186023555,-4.207638345561847,7.979006243362656e-06,True,9.172701991148109e-05,5000,True,103.39119302807376
uav,495,High,0.097900899680984,GWO,30,5000,5,14001005,-4.2076719186023555,-4.207629634436264,1.0049302062800858e-05,True,5.720563954886264e-05,5000,True,103.94205700140446
uav,495,High,0.097900899680984,GWO,30,5000,6,14001006,-4.2076719186023555,-4.207577983353529,2.232475597995446e-05,True,9.441444176354487e-05,5000,True,103.3763539744541
uav,495,High,0.097900899680984,GWO,30,5000,7,14001007,-4.2076719186023555,-4.207525446288359,3.4810773470531114e-05,True,0.00019549606455200092,5000,True,104.56599504686892
uav,495,High,0.097900899680984,GWO,30,5000,8,14001008,-4.2076719186023555,-4.2076228913996685,1.165185965906837e-05,True,6.375411365284962e-05,5000,True,103.76152803655714
uav,495,High,0.097900899680984,GWO,30,5000,9,14001009,-4.2076719186023555,-4.207649863734667,5.241584447464977e-06,True,4.115305835757063e-05,5000,True,102.6333209592849
uav,495,High,0.097900899680984,GWO,30,5000,10,14001010,-4.2076719186023555,-4.207664018786378,1.8774790739860504e-06,True,7.605655854766109e-05,5000,True,101.60369699588045
uav,495,High,0.097900899680984,GWO,30,5000,11,14001011,-4.2076719186023555,-4.207659030647185,3.0629657967504222e-06,True,4.4039560830844957e-05,5000,True,102.04543801955879
uav,495,High,0.097900899680984,GWO,30,5000,12,14001012,-4.2076719186023555,-4.207649121884006,5.417893502746025e-06,True,4.5833642547202795e-05,5000,True,103.5925880423747
uav,495,High,0.097900899680984,GWO,30,5000,13,14001013,-4.2076719186023555,-4.207663902171912,1.9051937979225642e-06,True,0.00011074046768113445,5000,True,102.40366600919515
uav,495,High,0.097900899680984,GWO,30,5000,14,14001014,-4.2076719186023555,-4.207636693044267,8.371745414009155e-06,True,0.0001603087091518475,5000,True,102.33342699939385
uav,495,High,0.097900899680984,GWO,30,5000,15,14001015,-4.2076719186023555,-4.207659799303423,2.8802860980751318e-06,True,4.7611748785213225e-05,5000,True,103.60733099514619
uav,495,High,0.097900899680984,GWO,30,5000,16,14001016,-4.2076719186023555,-4.207651480362101,4.857374968928646e-06,True,6.159386398422278e-05,5000,True,103.11422095401213
uav,495,High,0.097900899680984,GWO,30,5000,17,14001017,-4.2076719186023555,-4.20759356281156,1.8622124612158366e-05,True,9.711814612094363e-05,5000,True,105.62124499119818
uav,495,High,0.097900899680984,GWO,30,5000,18,14001018,-4.2076719186023555,-4.207657693093375,3.3808503266775536e-06,True,8.005275287004803e-05,5000,True,104.47319399099797
uav,495,High,0.097900899680984,GWO,30,5000,19,14001019,-4.2076719186023555,-4.207653404333102,4.400121875435984e-06,True,8.891511881367077e-05,5000,True,104.59300701040775
uav,495,High,0.097900899680984,GWO,30,5000,20,14001020,-4.2076719186023555,-4.207668239022358,8.744930850887993e-07,True,3.3375055222168463e-05,5000,True,103.79883099813014
uav,495,High,0.097900899680984,GWO,30,5000,21,14001021,-4.2076719186023555,-4.207581021211424,2.1602775285217834e-05,True,0.00011311172102993015,5000,True,102.58266399614513
uav,495,High,0.097900899680984,GWO,30,5000,22,14001022,-4.2076719186023555,-4.207663384392961,2.028249720838251e-06,True,8.518414956282267e-05,5000,True,103.30777004128322
uav,495,High,0.097900899680984,GWO,30,5000,23,14001023,-4.2076719186023555,-4.207558248020197,2.7015077305802803e-05,True,9.783712940061771e-05,5000,True,103.80857100244612
uav,495,High,0.097900899680984,GWO,30,5000,24,14001024,-4.2076719186023555,-4.207560942813564,2.6374629709305155e-05,True,9.549967873541407e-05,5000,True,104.1308919666335
uav,495,High,0.097900899680984,GWO,30,5000,25,14001025,-4.2076719186023555,-4.20741718307964,6.054072837508999e-05,True,0.00014632784354855555,5000,True,103.90932095469907
uav,495,High,0.097900899680984,GWO,30,5000,26,14001026,-4.2076719186023555,-4.20759507536379,1.826264976255217e-05,True,0.00011464791721463446,5000,True,104.60030101239681
uav,495,High,0.097900899680984,GWO,30,5000,27,14001027,-4.2076719186023555,-4.207658149898636,3.272285478939895e-06,True,6.462652181926111e-05,5000,True,103.42496103839949
uav,495,High,0.097900899680984,GWO,30,5000,28,14001028,-4.2076719186023555,-4.207650457045119,5.100577623786393e-06,True,4.967346383296315e-05,5000,True,103.8874450023286
uav,495,High,0.097900899680984,GWO,30,5000,29,14001029,-4.2076719186023555,-4.2076482693140855,5.620516220708075e-06,True,0.00010610440746281132,5000,True,104.46255397982895
uav,495,High,0.097900899680984,PSO,10,250,0,14002000,-4.2076719186023555,0.0,1.0,False,0.09331399586401289,250,True,1.119952998124063
uav,495,High,0.097900899680984,PSO,10,250,1,14002001,-4.2076719186023555,0.0,1.0,False,0.09331399586401289,250,True,1.0832140105776489
uav,495,High,0.097900899680984,PSO,10,250,2,14002002,-4.2076719186023555,0.0,1.0,False,0.09331399586401289,250,True,1.076910994015634
uav,495,High,0.097900899680984,PSO,10,250,3,14002003,-4.2076719186023555,0.0,1.0,False,0.09331399586401289,250,True,1.0840470204129815
uav,495,High,0.097900899680984,PSO,10,250,4,14002004,-4.2076719186023555,0.0,1.0,False,0.09331399586401289,250,True,1.080645015463233
uav,495,High,0.097900899680984,PSO,10,250,5,14002005,-4.2076719186023555,0.0,1.0,False,0.09331399586401289,250,True,1.0824030032381415
uav,495,High,0.097900899680984,PSO,10,250,6,14002006,-4.2076719186023555,0.0,1.0,False,0.09331399586401289,250,True,1.0850830003619194
uav,495,High,0.097900899680984,PSO,10,250,7,14002007,-4.2076719186023555,0.0,1.0,False,0.09331399586401289,250,True,1.0938610066659749
uav,495,High,0.097900899680984,PSO,10,250,8,14002008,-4.2076719186023555,0.0,1.0,False,0.09331399586401289,250,True,1.082780014257878
uav,495,High,0.097900899680984,PSO,10,250,9,14002009,-4.2076719186023555,0.0,1.0,False,0.09331399586401289,250,True,1.07817497337237
uav,495,High,0.097900899680984,PSO,10,250,10,14002010,-4.2076719186023555,0.0,1.0,False,0.09331399586401289,250,True,1.081770984455943
uav,495,High,0.097900899680984,PSO,10,250,11,14002011,-4.2076719186023555,0.0,1.0,False,0.09331399586401289,250,True,1.0862679919227958
uav,495,High,0.097900899680984,PSO,10,250,12,14002012,-4.2076719186023555,0.0,1.0,False,0.09331399586401289,250,True,1.078695000614971
uav,495,High,0.097900899680984,PSO,10,250,13,14002013,-4.2076719186023555,0.0,1.0,False,0.09331399586401289,250,True,1.0811020038090646
uav,495,High,0.097900899680984,PSO,10,250,14,14002014,-4.2076719186023555,0.0,1.0,False,0.09331399586401289,250,True,1.0817839647643268
uav,495,High,0.097900899680984,PSO,10,250,15,14002015,-4.2076719186023555,0.0,1.0,False,0.09331399586401289,250,True,1.0795979760587215
uav,495,High,0.097900899680984,PSO,10,250,16,14002016,-4.2076719186023555,0.0,1.0,False,0.09331399586401289,250,True,1.081884023733437
uav,495,High,0.097900899680984,PSO,10,250,17,14002017,-4.2076719186023555,0.0,1.0,False,0.09331399586401289,250,True,1.0852799750864506
uav,495,High,0.097900899680984,PSO,10,250,18,14002018,-4.2076719186023555,0.0,1.0,False,0.09331399586401289,250,True,1.0803479817695916
uav,495,High,0.097900899680984,PSO,10,250,19,14002019,-4.2076719186023555,0.0,1.0,False,0.09331399586401289,250,True,1.0858059977181256
uav,495,High,0.097900899680984,PSO,10,250,20,14002020,-4.2076719186023555,0.0,1.0,False,0.09331399586401289,250,True,1.0761329904198647
uav,495,High,0.097900899680984,PSO,10,250,21,14002021,-4.2076719186023555,0.0,1.0,False,0.09331399586401289,250,True,1.071264035999775
uav,495,High,0.097900899680984,PSO,10,250,22,14002022,-4.2076719186023555,0.0,1.0,False,0.09331399586401289,250,True,1.073370047379285
uav,495,High,0.097900899680984,PSO,10,250,23,14002023,-4.2076719186023555,0.0,1.0,False,0.09331399586401289,250,True,1.0541400406509638
uav,495,High,0.097900899680984,PSO,10,250,24,14002024,-4.2076719186023555,0.0,1.0,False,0.09331399586401289,250,True,1.0550899896770716
uav,495,High,0.097900899680984,PSO,10,250,25,14002025,-4.2076719186023555,0.0,1.0,False,0.09331399586401289,250,True,1.0663099819794297
uav,495,High,0.097900899680984,PSO,10,250,26,14002026,-4.2076719186023555,0.0,1.0,False,0.09331399586401289,250,True,1.0698739788495004
uav,495,High,0.097900899680984,PSO,10,250,27,14002027,-4.2076719186023555,0.0,1.0,False,0.09331399586401289,250,True,1.075158012099564
uav,495,High,0.097900899680984,PSO,10,250,28,14002028,-4.2076719186023555,0.0,1.0,False,0.09331399586401289,250,True,1.0731870424933732
uav,495,High,0.097900899680984,PSO,10,250,29,14002029,-4.2076719186023555,0.0,1.0,False,0.09331399586401289,250,True,1.0841520270332694
uav,495,High,0.097900899680984,PSO,10,500,0,14002000,-4.2076719186023555,0.0,1.0,False,0.09331399586401289,500,True,2.0921690156683326
uav,495,High,0.097900899680984,PSO,10,500,1,14002001,-4.2076719186023555,0.0,1.0,False,0.09331399586401289,500,True,2.094605006277561
uav,495,High,0.097900899680984,PSO,10,500,2,14002002,-4.2076719186023555,-3.2626585973476727,0.22459291968005524,False,0.03181579641886411,500,True,2.0639990107156336
uav,495,High,0.097900899680984,PSO,10,500,3,14002003,-4.2076719186023555,0.0,1.0,False,0.09331399586401289,500,True,2.0481410319916904
uav,495,High,0.097900899680984,PSO,10,500,4,14002004,-4.2076719186023555,0.0,1.0,False,0.09331399586401289,500,True,2.0887799910269678
uav,495,High,0.097900899680984,PSO,10,500,5,14002005,-4.2076719186023555,-0.35343403186683187,0.9160024738848388,False,0.08408227485439464,500,True,2.1095109987072647
uav,495,High,0.097900899680984,PSO,10,500,6,14002006,-4.2076719186023555,0.0,1.0,False,0.09331399586401289,500,True,2.105233957991004
uav,495,High,0.097900899680984,PSO,10,500,7,14002007,-4.2076719186023555,0.0,1.0,False,0.09331399586401289,500,True,2.0854159956797957
uav,495,High,0.097900899680984,PSO,10,500,8,14002008,-4.2076719186023555,0.0,1.0,False,0.09331399586401289,500,True,2.0339280017651618
uav,495,High,0.097900899680984,PSO,10,500,9,14002009,-4.2076719186023555,0.0,1.0,False,0.09331399586401289,500,True,2.0408440032042563
uav,495,High,0.097900899680984,PSO,10,500,10,14002010,-4.2076719186023555,0.0,1.0,False,0.09331399586401289,500,True,2.0852429443039
uav,495,High,0.097900899680984,PSO,10,500,11,14002011,-4.2076719186023555,0.0,1.0,False,0.09331399586401289,500,True,2.095702977385372
uav,495,High,0.097900899680984,PSO,10,500,12,14002012,-4.2076719186023555,0.0,1.0,False,0.09331399586401289,500,True,2.100053010508418
uav,495,High,0.097900899680984,PSO,10,500,13,14002013,-4.2076719186023555,0.0,1.0,False,0.09331399586401289,500,True,2.1052779629826546
uav,495,High,0.097900899680984,PSO,10,500,14,14002014,-4.2076719186023555,-3.613103590259056,0.1413057718960167,False,0.011161303356778743,500,True,2.086628053802997
uav,495,High,0.097900899680984,PSO,10,500,15,14002015,-4.2076719186023555,0.0,1.0,False,0.09331399586401289,500,True,2.054226992186159
uav,495,High,0.097900899680984,PSO,10,500,16,14002016,-4.2076719186023555,0.0,1.0,False,0.09331399586401289,500,True,2.043273998424411
uav,495,High,0.097900899680984,PSO,10,500,17,14002017,-4.2076719186023555,0.0,1.0,False,0.09331399586401289,500,True,2.041075029410422
uav,495,High,0.097900899680984,PSO,10,500,18,14002018,-4.2076719186023555,0.0,1.0,False,0.09331399586401289,500,True,2.0660730078816414
uav,495,High,0.097900899680984,PSO,10,500,19,14002019,-4.2076719186023555,0.0,1.0,False,0.09331399586401289,500,True,2.0944610005244613
uav,495,High,0.097900899680984,PSO,10,500,20,14002020,-4.2076719186023555,0.0,1.0,False,0.09331399586401289,500,True,2.0994909573346376
uav,495,High,0.097900899680984,PSO,10,500,21,14002021,-4.2076719186023555,0.0,1.0,False,0.09331399586401289,500,True,2.064402971882373
uav,495,High,0.097900899680984,PSO,10,500,22,14002022,-4.2076719186023555,-1.1505288489461876,0.7265640308457428,False,0.03088468705955596,500,True,2.0499409874901175
uav,495,High,0.097900899680984,PSO,10,500,23,14002023,-4.2076719186023555,0.0,1.0,False,0.09331399586401289,500,True,2.0737129962071776
uav,495,High,0.097900899680984,PSO,10,500,24,14002024,-4.2076719186023555,0.0,1.0,False,0.09331399586401289,500,True,2.083434956148267
uav,495,High,0.097900899680984,PSO,10,500,25,14002025,-4.2076719186023555,-0.8153242922039381,0.806229119575758,False,0.07913722367291888,500,True,2.107157022692263
uav,495,High,0.097900899680984,PSO,10,500,26,14002026,-4.2076719186023555,0.0,1.0,False,0.09331399586401289,500,True,2.2231439943425357
uav,495,High,0.097900899680984,PSO,10,500,27,14002027,-4.2076719186023555,0.0,1.0,False,0.09331399586401289,500,True,2.062354004010558
uav,495,High,0.097900899680984,PSO,10,500,28,14002028,-4.2076719186023555,0.0,1.0,False,0.09331399586401289,500,True,2.0326169906184077
uav,495,High,0.097900899680984,PSO,10,500,29,14002029,-4.2076719186023555,0.0,1.0,False,0.09331399586401289,500,True,2.0557980169542134
uav,495,High,0.097900899680984,PSO,10,1000,0,14002000,-4.2076719186023555,-4.19811712735744,0.0022708023414737153,False,0.002526141812732487,1000,True,4.029674979392439
uav,495,High,0.097900899680984,PSO,10,1000,1,14002001,-4.2076719186023555,-0.08662045737191248,0.979413685513607,False,0.09293131487648773,1000,True,4.115666029974818
uav,495,High,0.097900899680984,PSO,10,1000,2,14002002,-4.2076719186023555,-4.202455714208689,0.0012396889526023142,False,0.001357737287093222,1000,True,4.252569982782006
uav,495,High,0.097900899680984,PSO,10,1000,3,14002003,-4.2076719186023555,-4.206715434188389,0.0002273191523648881,False,0.00031613812764789013,1000,True,4.138545016758144
uav,495,High,0.097900899680984,PSO,10,1000,4,14002004,-4.2076719186023555,-4.200418607846824,0.0017238299220677692,False,0.0030932376194870038,1000,True,4.095737996976823
uav,495,High,0.097900899680984,PSO,10,1000,5,14002005,-4.2076719186023555,-4.1488549559057715,0.013978504939168586,False,0.002882700737074019,1000,True,4.080471000634134
uav,495,High,0.097900899680984,PSO,10,1000,6,14002006,-4.2076719186023555,-4.117818034731365,0.02135477423364242,False,0.007574872126557981,1000,True,4.219700989779085
uav,495,High,0.097900899680984,PSO,10,1000,7,14002007,-4.2076719186023555,-4.1803514169182865,0.006493020894353356,False,0.004738544502980069,1000,True,4.011722048744559
uav,495,High,0.097900899680984,PSO,10,1000,8,14002008,-4.2076719186023555,-2.2469213722852954,0.46599416120075116,False,0.030505349659375083,1000,True,4.015757003799081
uav,495,High,0.097900899680984,PSO,10,1000,9,14002009,-4.2076719186023555,-4.042110568318425,0.039347495120038725,False,0.013169870361023,1000,True,4.126362968236208
uav,495,High,0.097900899680984,PSO,10,1000,10,14002010,-4.2076719186023555,-2.7769823547937738,0.34001927704567986,False,0.04157977785261157,1000,True,4.120308964047581
uav,495,High,0.097900899680984,PSO,10,1000,11,14002011,-4.2076719186023555,-4.182899806820245,0.005887367708635111,False,0.0031541464773959258,1000,True,4.053684009704739
uav,495,High,0.097900899680984,PSO,10,1000,12,14002012,-4.2076719186023555,-3.3844313592424315,0.19565226930368093,False,0.031581091270404225,1000,True,4.07214998267591
uav,495,High,0.097900899680984,PSO,10,1000,13,14002013,-4.2076719186023555,-4.2067788124766,0.00021225659771792065,False,0.0006504791659496671,1000,True,4.166164027992636
uav,495,High,0.097900899680984,PSO,10,1000,14,14002014,-4.2076719186023555,-4.116976882490486,0.021554683413148576,False,0.0038167828250028745,1000,True,4.132064001169056
uav,495,High,0.097900899680984,PSO,10,1000,15,14002015,-4.2076719186023555,-3.6905504095695063,0.12289967446050766,False,0.00612667924673801,1000,True,4.029982024803758
uav,495,High,0.097900899680984,PSO,10,1000,16,14002016,-4.2076719186023555,-4.184531180069982,0.005499653723016551,False,0.001872459028198692,1000,True,4.103368031792343
uav,495,High,0.097900899680984,PSO,10,1000,17,14002017,-4.2076719186023555,-4.201208783820837,0.0015360358189868877,False,0.0002827563681658346,1000,True,4.135446040891111
uav,495,High,0.097900899680984,PSO,10,1000,18,14002018,-4.2076719186023555,-3.8582601177973985,0.08304159819594954,False,0.020258763869900213,1000,True,4.0640090010128915
uav,495,High,0.097900899680984,PSO,10,1000,19,14002019,-4.2076719186023555,-4.076992033298445,0.031057527257809164,False,0.00274898574578054,1000,True,4.026798997074366
uav,495,High,0.097900899680984,PSO,10,1000,20,14002020,-4.2076719186023555,-4.112904788114543,0.022522461903182557,False,0.003762029226613222,1000,True,4.071765986736864
uav,495,High,0.097900899680984,PSO,10,1000,21,14002021,-4.2076719186023555,-4.185284929314487,0.005320516837088554,False,0.0016843832314546523,1000,True,4.110759007744491
uav,495,High,0.097900899680984,PSO,10,1000,22,14002022,-4.2076719186023555,-4.188160632216739,0.004637074078745462,False,0.0033725126714219157,1000,True,4.109757021069527
uav,495,High,0.097900899680984,PSO,10,1000,23,14002023,-4.2076719186023555,-4.199599858500705,0.0019184148046246538,False,0.002667605979563262,1000,True,4.09690901869908
uav,495,High,0.097900899680984,PSO,10,1000,24,14002024,-4.2076719186023555,-4.183442392044982,0.005758416299106794,False,0.0003410693263520781,1000,True,4.037690989207476
uav,495,High,0.097900899680984,PSO,10,1000,25,14002025,-4.2076719186023555,-4.154259853089103,0.012693971047769821,False,0.0019008017855616376,1000,True,4.206576966680586
uav,495,High,0.097900899680984,PSO,10,1000,26,14002026,-4.2076719186023555,-4.162930257911927,0.010633352969518207,False,0.0018619984137631335,1000,True,4.099806013982743
uav,495,High,0.097900899680984,PSO,10,1000,27,14002027,-4.2076719186023555,-4.167560981991768,0.009532809921147821,False,0.005342435147474678,1000,True,4.146596998907626
uav,495,High,0.097900899680984,PSO,10,1000,28,14002028,-4.2076719186023555,-4.170981172756123,0.008719963570358475,False,0.007302416423976814,1000,True,4.075599019415677
uav,495,High,0.097900899680984,PSO,10,1000,29,14002029,-4.2076719186023555,-4.191812807862784,0.003769093942295527,False,0.00033103557954548607,1000,True,4.235608037561178
uav,495,High,0.097900899680984,PSO,10,2000,0,14002000,-4.2076719186023555,-4.207670118888724,4.2772194844840944e-07,True,3.457945816947526e-05,2000,True,8.158464974258095
uav,495,High,0.097900899680984,PSO,10,2000,1,14002001,-4.2076719186023555,-4.207644707436439,6.467036033818019e-06,True,9.521405070741396e-05,2000,True,8.07591702323407
uav,495,High,0.097900899680984,PSO,10,2000,2,14002002,-4.2076719186023555,-4.207671846241092,1.7197458605986437e-08,True,7.420548617509304e-06,2000,True,8.331269025802612
uav,495,High,0.097900899680984,PSO,10,2000,3,14002003,-4.2076719186023555,-4.2076699757452305,4.617415907285065e-07,True,1.8196159116613314e-05,2000,True,8.382321975659579
uav,495,High,0.097900899680984,PSO,10,2000,4,14002004,-4.2076719186023555,-4.2076703215907205,3.795475659294175e-07,True,1.5690334520793767e-05,2000,True,8.296174986753613
uav,495,High,0.097900899680984,PSO,10,2000,5,14002005,-4.2076719186023555,-4.207671365011452,1.3156703148292973e-07,True,9.737499786038152e-06,2000,True,8.131476992275566
uav,495,High,0.097900899680984,PSO,10,2000,6,14002006,-4.2076719186023555,-4.207666475001743,1.293732191425736e-06,True,8.087769855668478e-06,2000,True,8.094019023701549
uav,495,High,0.097900899680984,PSO,10,2000,7,14002007,-4.2076719186023555,-4.207671770191047,3.5271596978765864e-08,True,1.1925003631793763e-05,2000,True,8.18813598016277
uav,495,High,0.097900899680984,PSO,10,2000,8,14002008,-4.2076719186023555,-4.207671239948253,1.6128969078892887e-07,True,2.8574929612404664e-05,2000,True,8.03083903156221
uav,495,High,0.097900899680984,PSO,10,2000,9,14002009,-4.2076719186023555,-4.207671860605696,1.3783550655275188e-08,True,2.0289980871181064e-06,2000,True,8.13741097226739
uav,495,High,0.097900899680984,PSO,10,2000,10,14002010,-4.2076719186023555,-4.207671036156558,2.097230521757139e-07,True,2.2628206777979075e-05,2000,True,8.149031025823206
uav,495,High,0.097900899680984,PSO,10,2000,11,14002011,-4.2076719186023555,-4.207668092316285,9.093594140007453e-07,True,6.535369218842617e-05,2000,True,8.305851020850241
uav,495,High,0.097900899680984,PSO,10,2000,12,14002012,-4.2076719186023555,-4.207671762797179,3.7028832041647174e-08,True,9.261640130541552e-06,2000,True,8.056379039771855
uav,495,High,0.097900899680984,PSO,10,2000,13,14002013,-4.2076719186023555,-4.207669942437514,4.696575397923045e-07,True,5.066557068751824e-05,2000,True,8.242779993452132
uav,495,High,0.097900899680984,PSO,10,2000,14,14002014,-4.2076719186023555,-4.207671779708183,3.300974393788818e-08,True,7.545025146306123e-06,2000,True,8.110503025818616
uav,495,High,0.097900899680984,PSO,10,2000,15,14002015,-4.2076719186023555,-4.207667719764943,9.979003815171005e-07,True,2.3971439879235465e-05,2000,True,8.178769028745592
uav,495,High,0.097900899680984,PSO,10,2000,16,14002016,-4.2076719186023555,-4.207660069487417,2.816073868719942e-06,True,1.2223659477413128e-05,2000,True,8.105334010906518
uav,495,High,0.097900899680984,PSO,10,2000,17,14002017,-4.2076719186023555,-4.2076702709702,3.915780952100354e-07,True,4.880675317103262e-05,2000,True,8.139621000736952
uav,495,High,0.097900899680984,PSO,10,2000,18,14002018,-4.2076719186023555,-4.207670827058134,2.594176167601081e-07,True,1.4212445195253025e-05,2000,True,8.096527017187327
uav,495,High,0.097900899680984,PSO,10,2000,19,14002019,-4.2076719186023555,-4.207671325298391,1.4100528169919944e-07,True,2.6447426870631358e-05,2000,True,8.068443974480033
uav,495,High,0.097900899680984,PSO,10,2000,20,14002020,-4.2076719186023555,-4.207669461839321,5.838770422961323e-07,True,2.2049323619760335e-05,2000,True,8.198714989703149
uav,495,High,0.097900899680984,PSO,10,2000,21,14002021,-4.2076719186023555,-4.2076699302902965,4.725444610373818e-07,True,5.998639215954776e-05,2000,True,8.07092001195997
uav,495,High,0.097900899680984,PSO,10,2000,22,14002022,-4.2076719186023555,-4.207671913059239,1.317383174237405e-09,True,5.465273022065551e-07,2000,True,8.111974981147796
uav,495,High,0.097900899680984,PSO,10,2000,23,14002023,-4.2076719186023555,-4.207671643808724,6.530776085232968e-08,True,6.907651550087504e-06,2000,True,8.246658951975405
uav,495,High,0.097900899680984,PSO,10,2000,24,14002024,-4.2076719186023555,-4.207669265255188,6.305974465422352e-07,True,5.094283169785217e-05,2000,True,8.104135980829597
uav,495,High,0.097900899680984,PSO,10,2000,25,14002025,-4.2076719186023555,-4.207671755151484,3.884591637994434e-08,True,9.297001594526087e-06,2000,True,14.502569974865764
uav,495,High,0.097900899680984,PSO,10,2000,26,14002026,-4.2076719186023555,-4.20767171863456,4.752456918689297e-08,True,1.0787895560777887e-05,2000,True,7.712271995842457
uav,495,High,0.097900899680984,PSO,10,2000,27,14002027,-4.2076719186023555,-4.2076710576663325,2.0461101520558464e-07,True,1.255690400009784e-05,2000,True,8.008300967048854
uav,495,High,0.097900899680984,PSO,10,2000,28,14002028,-4.2076719186023555,-4.207614002696374,1.3764358795467028e-05,True,6.386588374200217e-05,2000,True,8.166790008544922
uav,495,High,0.097900899680984,PSO,10,2000,29,14002029,-4.2076719186023555,-4.207671382402277,1.2743390846268122e-07,True,8.041247138009779e-06,2000,True,8.265042037237436
uav,495,High,0.097900899680984,PSO,10,5000,0,14002000,-4.2076719186023555,-4.207671918602358,6.332564208060792e-16,True,7.580105352098755e-11,5000,True,19.112277950625867
uav,495,High,0.097900899680984,PSO,10,5000,1,14002001,-4.2076719186023555,-4.207671918602357,4.2217094720405276e-16,True,1.2547222623184904e-09,5000,True,18.856706039514393
uav,495,High,0.097900899680984,PSO,10,5000,2,14002002,-4.2076719186023555,-4.207671918602358,6.332564208060792e-16,True,1.2129659088926864e-09,5000,True,21.90675603924319
uav,495,High,0.097900899680984,PSO,10,5000,3,14002003,-4.2076719186023555,-4.207671918602358,6.332564208060792e-16,True,1.2101120113814898e-09,5000,True,20.038829010445625
uav,495,High,0.097900899680984,PSO,10,5000,4,14002004,-4.2076719186023555,-4.207671918602358,6.332564208060792e-16,True,2.587245082803251e-10,5000,True,19.82785202562809
uav,495,High,0.097900899680984,PSO,10,5000,5,14002005,-4.2076719186023555,-4.207671918602358,6.332564208060792e-16,True,1.095650197758528e-09,5000,True,19.98185401316732
uav,495,High,0.097900899680984,PSO,10,5000,6,14002006,-4.2076719186023555,-4.207671918602358,6.332564208060792e-16,True,9.516359247985488e-10,5000,True,19.696796021889895
uav,495,High,0.097900899680984,PSO,10,5000,7,14002007,-4.2076719186023555,-4.207671918602359,8.443418944081055e-16,True,3.8447169559125466e-10,5000,True,19.9427810148336
uav,495,High,0.097900899680984,PSO,10,5000,8,14002008,-4.2076719186023555,-4.207671918602359,8.443418944081055e-16,True,3.866409113903166e-10,5000,True,19.78842099197209
uav,495,High,0.097900899680984,PSO,10,5000,9,14002009,-4.2076719186023555,-4.207671918602357,4.2217094720405276e-16,True,4.236047889524281e-10,5000,True,19.863118999637663
uav,495,High,0.097900899680984,PSO,10,5000,10,14002010,-4.2076719186023555,-4.207671918602359,8.443418944081055e-16,True,6.224900316452216e-10,5000,True,20.045947981998324
uav,495,High,0.097900899680984,PSO,10,5000,11,14002011,-4.2076719186023555,-4.207671918602357,4.2217094720405276e-16,True,3.4240879546607e-10,5000,True,19.991252978798002
uav,495,High,0.097900899680984,PSO,10,5000,12,14002012,-4.2076719186023555,-4.207671918602357,4.2217094720405276e-16,True,8.098598794705353e-10,5000,True,20.1182080199942
uav,495,High,0.097900899680984,PSO,10,5000,13,14002013,-4.2076719186023555,-4.207671918602359,8.443418944081055e-16,True,9.859067764496778e-11,5000,True,20.312442036811262
uav,495,High,0.097900899680984,PSO,10,5000,14,14002014,-4.2076719186023555,-4.207671918602358,6.332564208060792e-16,True,2.941483755981655e-10,5000,True,20.40160004980862
uav,495,High,0.097900899680984,PSO,10,5000,15,14002015,-4.2076719186023555,-4.207671918602359,8.443418944081055e-16,True,9.587541752047964e-11,5000,True,20.202395971864462
uav,495,High,0.097900899680984,PSO,10,5000,16,14002016,-4.2076719186023555,-4.207671918602358,6.332564208060792e-16,True,1.2910086917668607e-09,5000,True,20.2328140148893
uav,495,High,0.097900899680984,PSO,10,5000,17,14002017,-4.2076719186023555,-4.207671918602358,6.332564208060792e-16,True,4.848829275223573e-10,5000,True,20.14150598552078
uav,495,High,0.097900899680984,PSO,10,5000,18,14002018,-4.2076719186023555,-4.207671918602358,6.332564208060792e-16,True,6.004200989005092e-10,5000,True,19.95858602458611
uav,495,High,0.097900899680984,PSO,10,5000,19,14002019,-4.2076719186023555,-4.207671918602359,8.443418944081055e-16,True,1.879337998475549e-10,5000,True,20.038980001118034
uav,495,High,0.097900899680984,PSO,10,5000,20,14002020,-4.2076719186023555,-4.207671918602357,4.2217094720405276e-16,True,1.2296254697284371e-09,5000,True,20.620506955310702
uav,495,High,0.097900899680984,PSO,10,5000,21,14002021,-4.2076719186023555,-4.207671918602358,6.332564208060792e-16,True,8.9481695699805e-11,5000,True,20.637787005398422
uav,495,High,0.097900899680984,PSO,10,5000,22,14002022,-4.2076719186023555,-4.207671918602359,8.443418944081055e-16,True,5.954652494291354e-10,5000,True,20.365717995446175
uav,495,High,0.097900899680984,PSO,10,5000,23,14002023,-4.2076719186023555,-4.207671918602359,8.443418944081055e-16,True,8.221545290086846e-11,5000,True,20.299388968851417
uav,495,High,0.097900899680984,PSO,10,5000,24,14002024,-4.2076719186023555,-4.207671918602357,4.2217094720405276e-16,True,7.00957452121528e-10,5000,True,20.114423998165876
uav,495,High,0.097900899680984,PSO,10,5000,25,14002025,-4.2076719186023555,-4.207671918602359,8.443418944081055e-16,True,2.7297266431210236e-10,5000,True,20.193503005430102
uav,495,High,0.097900899680984,PSO,10,5000,26,14002026,-4.2076719186023555,-4.207671918602358,6.332564208060792e-16,True,9.938013655778718e-11,5000,True,20.82684199558571
uav,495,High,0.097900899680984,PSO,10,5000,27,14002027,-4.2076719186023555,-4.207671918602358,6.332564208060792e-16,True,2.2931042158321712e-10,5000,True,20.14692302327603
uav,495,High,0.097900899680984,PSO,10,5000,28,14002028,-4.2076719186023555,-4.207671918602358,6.332564208060792e-16,True,3.654638676285769e-10,5000,True,20.1309269759804
uav,495,High,0.097900899680984,PSO,10,5000,29,14002029,-4.2076719186023555,-4.207671918602359,8.443418944081055e-16,True,5.085182794205745e-10,5000,True,20.081793947611004
uav,495,High,0.097900899680984,WOA,30,250,0,14003000,-4.2076719186023555,-0.02768452249869403,0.9934204655129363,False,0.09322590394954144,250,True,1.831421977840364
uav,495,High,0.097900899680984,WOA,30,250,1,14003001,-4.2076719186023555,-0.0005351767410621633,0.9998728092989627,False,0.09331455749620714,250,True,1.8203560030087829
uav,495,High,0.097900899680984,WOA,30,250,2,14003002,-4.2076719186023555,0.0,1.0,False,0.09331399586401289,250,True,1.8075549742206931
uav,495,High,0.097900899680984,WOA,30,250,3,14003003,-4.2076719186023555,-0.11446076054303059,0.9727971280182295,False,0.09199052125633307,250,True,1.777541998308152
uav,495,High,0.097900899680984,WOA,30,250,4,14003004,-4.2076719186023555,-0.017665156411627685,0.9958016792294264,False,0.09331226226635292,250,True,1.77153100958094
uav,495,High,0.097900899680984,WOA,30,250,5,14003005,-4.2076719186023555,-0.00012019188363731278,0.9999714350629132,False,0.09331409323436868,250,True,1.8279409850947559
uav,495,High,0.097900899680984,WOA,30,250,6,14003006,-4.2076719186023555,-0.23064250780332887,0.9451852444142222,False,0.08909169099675353,250,True,1.770893984939903
uav,495,High,0.097900899680984,WOA,30,250,7,14003007,-4.2076719186023555,-0.0309629037037774,0.9926413217801301,False,0.0932465618175874,250,True,1.7672890098765492
uav,495,High,0.097900899680984,WOA,30,250,8,14003008,-4.2076719186023555,-0.0009129396925268299,0.9997830297346876,False,0.09330753128730451,250,True,1.781162980478257
uav,495,High,0.097900899680984,WOA,30,250,9,14003009,-4.2076719186023555,-0.038089147362764426,0.990947690765915,False,0.09350787607326824,250,True,1.771190029103309
uav,495,High,0.097900899680984,WOA,30,250,10,14003010,-4.2076719186023555,-0.0013924163962162881,0.9996690767666414,False,0.09331036587662656,250,True,1.7938020173460245
uav,495,High,0.097900899680984,WOA,30,250,11,14003011,-4.2076719186023555,-0.05455475911359049,0.987034455116997,False,0.09322234307533642,250,True,1.7532089841552079
uav,495,High,0.097900899680984,WOA,30,250,12,14003012,-4.2076719186023555,0.0,1.0,False,0.09331399586401289,250,True,1.824839971959591
uav,495,High,0.097900899680984,WOA,30,250,13,14003013,-4.2076719186023555,-0.016631283583368784,0.9960473905986251,False,0.09337672407409049,250,True,1.7740470357239246
uav,495,High,0.097900899680984,WOA,30,250,14,14003014,-4.2076719186023555,-0.004196031373876862,0.9990027665048393,False,0.09332727588295661,250,True,1.7678079893812537
uav,495,High,0.097900899680984,WOA,30,250,15,14003015,-4.2076719186023555,0.0,1.0,False,0.09331399586401289,250,True,1.7323509673587978
uav,495,High,0.097900899680984,WOA,30,250,16,14003016,-4.2076719186023555,-0.03729307847133652,0.9911368853863198,False,0.09326893349931115,250,True,1.7739200266078115
uav,495,High,0.097900899680984,WOA,30,250,17,14003017,-4.2076719186023555,-0.008622907978835036,0.9979506700746528,False,0.0932902385707576,250,True,1.7502519767731428
uav,495,High,0.097900899680984,WOA,30,250,18,14003018,-4.2076719186023555,-0.03313710858804801,0.992124597822956,False,0.09323838353523099,250,True,1.7874030163511634
uav,495,High,0.097900899680984,WOA,30,250,19,14003019,-4.2076719186023555,-0.0032625375564458645,0.9992246216863957,False,0.09326968388678955,250,True,1.753145013935864
uav,495,High,0.097900899680984,WOA,30,250,20,14003020,-4.2076719186023555,-0.01413729036426509,0.9966401158080402,False,0.09331507928272212,250,True,1.782410021405667
uav,495,High,0.097900899680984,WOA,30,250,21,14003021,-4.2076719186023555,-0.014812610608492986,0.9964796184457716,False,0.09326272094523143,250,True,1.8373039783909917
uav,495,High,0.097900899680984,WOA,30,250,22,14003022,-4.2076719186023555,0.0,1.0,False,0.09331399586401289,250,True,1.7846080008894205
uav,495,High,0.097900899680984,WOA,30,250,23,14003023,-4.2076719186023555,-0.02577202545510276,0.9938749916928734,False,0.09320440570960373,250,True,1.7834579921327531
uav,495,High,0.097900899680984,WOA,30,250,24,14003024,-4.2076719186023555,-0.017120767593625064,0.9959310592829413,False,0.09334985570755872,250,True,1.8148640519939363
uav,495,High,0.097900899680984,WOA,30,250,25,14003025,-4.2076719186023555,0.0,1.0,False,0.09331399586401289,250,True,1.8018879927694798
uav,495,High,0.097900899680984,WOA,30,250,26,14003026,-4.2076719186023555,-0.06685429288042835,0.9841113342071985,False,0.09224010640912506,250,True,1.8010540516115725
uav,495,High,0.097900899680984,WOA,30,250,27,14003027,-4.2076719186023555,-0.0023800488969437598,0.9994343549252447,False,0.09332182821754778,250,True,1.792112016119063
uav,495,High,0.097900899680984,WOA,30,250,28,14003028,-4.2076719186023555,0.0,1.0,False,0.09331399586401289,250,True,1.8139919848181307
uav,495,High,0.097900899680984,WOA,30,250,29,14003029,-4.2076719186023555,-0.0005033827069180998,0.9998803655045698,False,0.0933127900084518,250,True,1.7761249910108745
uav,495,High,0.097900899680984,WOA,30,500,0,14003000,-4.2076719186023555,-0.06356996447257583,0.9848918913588464,False,0.09323506407734139,500,True,3.6666400264948606
uav,495,High,0.097900899680984,WOA,30,500,1,14003001,-4.2076719186023555,-0.07054165418988904,0.9832349918067469,False,0.09311776909738795,500,True,3.6938670091331005
uav,495,High,0.097900899680984,WOA,30,500,2,14003002,-4.2076719186023555,-0.0422112473171999,0.9899680278943371,False,0.0933221795118143,500,True,3.702854970470071
uav,495,High,0.097900899680984,WOA,30,500,3,14003003,-4.2076719186023555,-0.05937172416522449,0.9858896498315997,False,0.09327825442338336,500,True,3.802012011874467
uav,495,High,0.097900899680984,WOA,30,500,4,14003004,-4.2076719186023555,-0.04419660098725828,0.9894961865273139,False,0.09338430615831488,500,True,3.724579990375787
uav,495,High,0.097900899680984,WOA,30,500,5,14003005,-4.2076719186023555,-0.062103235346455406,0.9852404758384574,False,0.09323354788329707,500,True,3.676071995869279
uav,495,High,0.097900899680984,WOA,30,500,6,14003006,-4.2076719186023555,-0.06179191010197095,0.9853144657432094,False,0.0932548870356885,500,True,3.7230559973977506
uav,495,High,0.097900899680984,WOA,30,500,7,14003007,-4.2076719186023555,-0.05577870577154642,0.9867435705894879,False,0.09313975204362028,500,True,3.633374988567084
uav,495,High,0.097900899680984,WOA,30,500,8,14003008,-4.2076719186023555,-0.08100150857014705,0.980749091151324,False,0.09300954921379238,500,True,3.6503070150502026
uav,495,High,0.097900899680984,WOA,30,500,9,14003009,-4.2076719186023555,-0.06718696104721532,0.9840322719197335,False,0.0931765319151412,500,True,3.623714961577207
uav,495,High,0.097900899680984,WOA,30,500,10,14003010,-4.2076719186023555,-0.0561118785611956,0.9866643883727907,False,0.09331590164269224,500,True,3.6883450229652226
uav,495,High,0.097900899680984,WOA,30,500,11,14003011,-4.2076719186023555,-0.05118065160542192,0.9878363492697353,False,0.09337252749285925,500,True,3.678214969113469
uav,495,High,0.097900899680984,WOA,30,500,12,14003012,-4.2076719186023555,-0.03870983306273371,0.9908001779103558,False,0.09339872576064163,500,True,3.639756003394723
uav,495,High,0.097900899680984,WOA,30,500,13,14003013,-4.2076719186023555,-0.08549078130019498,0.9796821655884729,False,0.0929292959467257,500,True,3.622612974140793
uav,495,High,0.097900899680984,WOA,30,500,14,14003014,-4.2076719186023555,-0.06972380766034865,0.983429362124909,False,0.09315720286153648,500,True,3.615892957895994
uav,495,High,0.097900899680984,WOA,30,500,15,14003015,-4.2076719186023555,-0.059376629923563226,0.9858884839236025,False,0.09327568919555522,500,True,3.6227620439603925
uav,495,High,0.097900899680984,WOA,30,500,16,14003016,-4.2076719186023555,-0.05588077030655621,0.9867193138182888,False,0.09332171060979914,500,True,3.6431000335142016
uav,495,High,0.097900899680984,WOA,30,500,17,14003017,-4.2076719186023555,-0.06479748421879516,0.9846001576471963,False,0.09322082742669373,500,True,3.6170759703963995
uav,495,High,0.097900899680984,WOA,30,500,18,14003018,-4.2076719186023555,-0.051953551846533275,0.9876526609365993,False,0.09336289514194106,500,True,3.7819730350747705
uav,495,High,0.097900899680984,WOA,30,500,19,14003019,-4.2076719186023555,-0.05941983605250186,0.9858782155068213,False,0.09328065822281818,500,True,3.6718639894388616
uav,495,High,0.097900899680984,WOA,30,500,20,14003020,-4.2076719186023555,-0.04531064670464389,0.9892314211798873,False,0.09340387764595942,500,True,3.61753097968176
uav,495,High,0.097900899680984,WOA,30,500,21,14003021,-4.2076719186023555,-0.062298969193444985,0.9851939575141262,False,0.09324309954927314,500,True,3.6623679916374385
uav,495,High,0.097900899680984,WOA,30,500,22,14003022,-4.2076719186023555,-0.06946273564500882,0.9834914087911869,False,0.09310213879468304,500,True,3.611263004131615
uav,495,High,0.097900899680984,WOA,30,500,23,14003023,-4.2076719186023555,-0.09088705921595326,0.9783996801618167,False,0.09290397126577431,500,True,3.628083970397711
uav,495,High,0.097900899680984,WOA,30,500,24,14003024,-4.2076719186023555,-0.06140977603171568,0.9854052841524503,False,0.0932534411739453,500,True,3.6233520368114114
uav,495,High,0.097900899680984,WOA,30,500,25,14003025,-4.2076719186023555,-0.06491406013007411,0.9845724520861321,False,0.0932135188936043,500,True,3.6468629841692746
uav,495,High,0.097900899680984,WOA,30,500,26,14003026,-4.2076719186023555,-0.09378742643186307,0.9777103756551875,False,0.09270261702892534,500,True,3.623694006819278
uav,495,High,0.097900899680984,WOA,30,500,27,14003027,-4.2076719186023555,-0.2344256892219752,0.944286129299776,False,0.09098229894799267,500,True,3.7006940110586584
uav,495,High,0.097900899680984,WOA,30,500,28,14003028,-4.2076719186023555,-0.062252186756334274,0.9852050758802954,False,0.09324982993469874,500,True,3.6918899859301746
uav,495,High,0.097900899680984,WOA,30,500,29,14003029,-4.2076719186023555,-0.05480922568390147,0.9869739783081503,False,0.09332580091107247,500,True,3.836517978925258
uav,495,High,0.097900899680984,WOA,30,1000,0,14003000,-4.2076719186023555,-0.05621414222428116,0.9866400842765912,False,0.09332103866391302,1000,True,7.382158015388995
uav,495,High,0.097900899680984,WOA,30,1000,1,14003001,-4.2076719186023555,-0.056029250791373275,0.986684025780702,False,0.09332249473368553,1000,True,7.395537046249956
uav,495,High,0.097900899680984,WOA,30,1000,2,14003002,-4.2076719186023555,-0.06262616339617723,0.9851161961750622,False,0.0932455528854231,1000,True,7.472713012248278
uav,495,High,0.097900899680984,WOA,30,1000,3,14003003,-4.2076719186023555,-0.06380237822431441,0.9848366556474519,False,0.09323132303861753,1000,True,7.407612982206047
uav,495,High,0.097900899680984,WOA,30,1000,4,14003004,-4.2076719186023555,-0.07045285943190815,0.9832560948679406,False,0.09314807709887811,1000,True,7.280031975824386
uav,495,High,0.097900899680984,WOA,30,1000,5,14003005,-4.2076719186023555,-0.06138302358769484,0.985411642168127,False,0.09326145070589864,1000,True,7.350996020250022
uav,495,High,0.097900899680984,WOA,30,1000,6,14003006,-4.2076719186023555,-0.07557319497493646,0.982039190213281,False,0.0930792746486289,1000,True,7.303113990928978
uav,495,High,0.097900899680984,WOA,30,1000,7,14003007,-4.2076719186023555,-0.058559544009540304,0.9860826734730326,False,0.09329523756941478,1000,True,7.331378001254052
uav,495,High,0.097900899680984,WOA,30,1000,8,14003008,-4.2076719186023555,-0.05654698696696593,0.9865609800239015,False,0.09331635146927429,1000,True,7.291116984561086
uav,495,High,0.097900899680984,WOA,30,1000,9,14003009,-4.2076719186023555,-0.15895560038986176,0.9622224347656217,False,0.09160909909908362,1000,True,7.288859982509166
uav,495,High,0.097900899680984,WOA,30,1000,10,14003010,-4.2076719186023555,-0.05152777024440132,0.9877538526669357,False,0.09337067874724965,1000,True,7.248538022395223
uav,495,High,0.097900899680984,WOA,30,1000,11,14003011,-4.2076719186023555,-0.06008495888119833,0.9857201416736986,False,0.09327743618723836,1000,True,7.273302995599806
uav,495,High,0.097900899680984,WOA,30,1000,12,14003012,-4.2076719186023555,-0.05181793027264061,0.9876848929110773,False,0.09336362344635053,1000,True,7.287985004950315
uav,495,High,0.097900899680984,WOA,30,1000,13,14003013,-4.2076719186023555,-0.06690218777642574,0.98409995145281,False,0.09318977071208201,1000,True,7.295546995010227
uav,495,High,0.097900899680984,WOA,30,1000,14,14003014,-4.2076719186023555,-0.06606984496591199,0.9842977669732724,False,0.09320423430849527,1000,True,7.35687802080065
uav,495,High,0.097900899680984,WOA,30,1000,15,14003015,-4.2076719186023555,-0.05982987373280752,0.9857807654945016,False,0.0932803909903758,1000,True,7.411327038425952
uav,495,High,0.097900899680984,WOA,30,1000,16,14003016,-4.2076719186023555,-0.0593936236085669,0.9858844451854756,False,0.09328473595745938,1000,True,7.404103991575539
uav,495,High,0.097900899680984,WOA,30,1000,17,14003017,-4.2076719186023555,-0.06720213552159751,0.9840286655372315,False,0.09318168955194046,1000,True,7.3081449954770505
uav,495,High,0.097900899680984,WOA,30,1000,18,14003018,-4.2076719186023555,-0.06546349854800587,0.9844418719390673,False,0.09313809219029556,1000,True,7.262527011334896
uav,495,High,0.097900899680984,WOA,30,1000,19,14003019,-4.2076719186023555,-0.06611761440906927,0.9842864140341456,False,0.09320340776288136,1000,True,7.261288003064692
uav,495,High,0.097900899680984,WOA,30,1000,20,14003020,-4.2076719186023555,-0.05935637053065591,0.9858932987935114,False,0.09328273302643317,1000,True,7.311843044590205
uav,495,High,0.097900899680984,WOA,30,1000,21,14003021,-4.2076719186023555,-0.06315838611226054,0.9849897075308951,False,0.09323936602147063,1000,True,7.319778029341251
uav,495,High,0.097900899680984,WOA,30,1000,22,14003022,-4.2076719186023555,-0.19562307221620506,0.9535080025247824,False,0.0890277220195849,1000,True,7.3112440295517445
uav,495,High,0.097900899680984,WOA,30,1000,23,14003023,-4.2076719186023555,-0.15564055597023135,0.963010291918879,False,0.09189299361667119,1000,True,7.275564013980329
uav,495,High,0.097900899680984,WOA,30,1000,24,14003024,-4.2076719186023555,-0.061201031610837175,0.9854548945842797,False,0.0932636718111731,1000,True,7.422141032293439
uav,495,High,0.097900899680984,WOA,30,1000,25,14003025,-4.2076719186023555,-0.07505295734170554,0.9821628304692929,False,0.09305974154916277,1000,True,7.290234032552689
uav,495,High,0.097900899680984,WOA,30,1000,26,14003026,-4.2076719186023555,-0.0717343327199551,0.9829515384973783,False,0.09312906652816293,1000,True,7.384878001175821
uav,495,High,0.097900899680984,WOA,30,1000,27,14003027,-4.2076719186023555,-0.05913765020289982,0.9859452801104931,False,0.09328274406539411,1000,True,7.511586009059101
uav,495,High,0.097900899680984,WOA,30,1000,28,14003028,-4.2076719186023555,-0.04946553531722679,0.9882439657192528,False,0.09339068957372007,1000,True,7.405686017591506
uav,495,High,0.097900899680984,WOA,30,1000,29,14003029,-4.2076719186023555,-0.061903640440019954,0.985287911786482,False,0.09325508230330146,1000,True,7.668651000130922
uav,495,High,0.097900899680984,WOA,30,2000,0,14003000,-4.2076719186023555,-0.06232303561641399,0.9851882378612077,False,0.09325024797997437,2000,True,15.117386006750166
uav,495,High,0.097900899680984,WOA,30,2000,1,14003001,-4.2076719186023555,-0.06833559212171796,0.9837592869777697,False,0.09317451298819972,2000,True,15.24599501863122
uav,495,High,0.097900899680984,WOA,30,2000,2,14003002,-4.2076719186023555,-0.06118065357106562,0.9854597376519346,False,0.09326297831853711,2000,True,15.316011966206133
uav,495,High,0.097900899680984,WOA,30,2000,3,14003003,-4.2076719186023555,-0.06164053945312814,0.9853504406604013,False,0.09325754373325361,2000,True,15.26991999708116
uav,495,High,0.097900899680984,WOA,30,2000,4,14003004,-4.2076719186023555,-0.06132044714161631,0.9854265141560787,False,0.09326245678398146,2000,True,15.010919014457613
uav,495,High,0.097900899680984,WOA,30,2000,5,14003005,-4.2076719186023555,-0.4287882577931503,0.8980937045263788,False,0.08554730167002615,2000,True,15.157430956605822
uav,495,High,0.097900899680984,WOA,30,2000,6,14003006,-4.2076719186023555,-0.0607181890324739,0.9855696474898541,False,0.09326947342949983,2000,True,15.138326969463378
uav,495,High,0.097900899680984,WOA,30,2000,7,14003007,-4.2076719186023555,-0.07181663718543238,0.982931977926338,False,0.0931283302653297,2000,True,15.10274299653247
uav,495,High,0.097900899680984,WOA,30,2000,8,14003008,-4.2076719186023555,-0.04684303725291499,0.9888672315334711,False,0.09341273498093765,2000,True,14.943475020118058
uav,495,High,0.097900899680984,WOA,30,2000,9,14003009,-4.2076719186023555,-0.04881319795834126,0.9883990009433636,False,0.09339720374287434,2000,True,14.859891962260008
uav,495,High,0.097900899680984,WOA,30,2000,10,14003010,-4.2076719186023555,-0.05758063400186653,0.9863153223170039,False,0.09330577440924771,2000,True,14.788046013563871
uav,495,High,0.097900899680984,WOA,30,2000,11,14003011,-4.2076719186023555,-0.060496651130108686,0.9856222984347592,False,0.09327159847582751,2000,True,14.97677102452144
uav,495,High,0.097900899680984,WOA,30,2000,12,14003012,-4.2076719186023555,-0.09996514349121806,0.9762421725303091,False,0.09250190690472558,2000,True,14.90049302810803
uav,495,High,0.097900899680984,WOA,30,2000,13,14003013,-4.2076719186023555,-0.05691343585304958,0.9864738893730207,False,0.09331321877978413,2000,True,15.033047995530069
uav,495,High,0.097900899680984,WOA,30,2000,14,14003014,-4.2076719186023555,-0.06101295313353324,0.9854995935249155,False,0.09326594713905777,2000,True,15.021517989225686
uav,495,High,0.097900899680984,WOA,30,2000,15,14003015,-4.2076719186023555,-0.14217697339366345,0.9662100619667872,False,0.09202309219128306,2000,True,14.99474502634257
uav,495,High,0.097900899680984,WOA,30,2000,16,14003016,-4.2076719186023555,-0.07785226148631556,0.9814975447248807,False,0.09303588059414242,2000,True,15.0667880079709
uav,495,High,0.097900899680984,WOA,30,2000,17,14003017,-4.2076719186023555,-0.05974242949582689,0.9858015475893682,False,0.09328101090377869,2000,True,14.870659040752798
uav,495,High,0.097900899680984,WOA,30,2000,18,14003018,-4.2076719186023555,-0.051050533107771384,0.9878672733769774,False,0.09337051560873279,2000,True,14.994071971159428
uav,495,High,0.097900899680984,WOA,30,2000,19,14003019,-4.2076719186023555,-0.04863289876646603,0.9884418510503499,False,0.09337727834418899,2000,True,15.353637980297208
uav,495,High,0.097900899680984,WOA,30,2000,20,14003020,-4.2076719186023555,-0.06366919853863835,0.9848683072800537,False,0.09323367053885696,2000,True,15.04725095583126
uav,495,High,0.097900899680984,WOA,30,2000,21,14003021,-4.2076719186023555,-0.06159000454172497,0.985362450843795,False,0.09325609619860377,2000,True,14.834739034995437
uav,495,High,0.097900899680984,WOA,30,2000,22,14003022,-4.2076719186023555,-0.05501590170361233,0.9869248594548486,False,0.09333470472829243,2000,True,14.689337986055762
uav,495,High,0.097900899680984,WOA,30,2000,23,14003023,-4.2076719186023555,-4.1993455996364295,0.001978842249823429,False,0.0005231829679892895,2000,True,14.683158020488918
uav,495,High,0.097900899680984,WOA,30,2000,24,14003024,-4.2076719186023555,-0.1756474982878161,0.9582554196986537,False,0.09142651749949524,2000,True,14.715563971549273
uav,495,High,0.097900899680984,WOA,30,2000,25,14003025,-4.2076719186023555,-0.06234151161976122,0.9851838468336501,False,0.09324917900538514,2000,True,14.729136019013822
uav,495,High,0.097900899680984,WOA,30,2000,26,14003026,-4.2076719186023555,-0.06345107720605991,0.9849201462391735,False,0.09323623618291814,2000,True,14.847861020825803
uav,495,High,0.097900899680984,WOA,30,2000,27,14003027,-4.2076719186023555,-0.10110289051109465,0.9759717743049042,False,0.09270007739252681,2000,True,14.838039001915604
uav,495,High,0.097900899680984,WOA,30,2000,28,14003028,-4.2076719186023555,-0.06171506712975655,0.9853327283296707,False,0.09325764023509502,2000,True,14.784349012188613
uav,495,High,0.097900899680984,WOA,30,2000,29,14003029,-4.2076719186023555,-0.06032441952110849,0.9856632311910036,False,0.0932742037360016,2000,True,15.002197003923357
uav,495,High,0.097900899680984,WOA,30,5000,0,14003000,-4.2076719186023555,-0.05704332610929697,0.986443019509885,False,0.09331178178956452,5000,True,37.49543201411143
uav,495,High,0.097900899680984,WOA,30,5000,1,14003001,-4.2076719186023555,-0.06698037483377592,0.9840813694295766,False,0.0931919505415458,5000,True,37.10227704141289
uav,495,High,0.097900899680984,WOA,30,5000,2,14003002,-4.2076719186023555,-0.060634502608305524,0.9855895364987377,False,0.09327045946152282,5000,True,37.52621996682137
uav,495,High,0.097900899680984,WOA,30,5000,3,14003003,-4.2076719186023555,-0.06590433491230199,0.9843371022771678,False,0.09320571177725669,5000,True,36.88697895267978
uav,495,High,0.097900899680984,WOA,30,5000,4,14003004,-4.2076719186023555,-0.06038033486444602,0.9856499422881568,False,0.09327358004582885,5000,True,37.34388202428818
uav,495,High,0.097900899680984,WOA,30,5000,5,14003005,-4.2076719186023555,-0.06127620555145633,0.9854370286617284,False,0.0932622014379989,5000,True,37.681462010368705
uav,495,High,0.097900899680984,WOA,30,5000,6,14003006,-4.2076719186023555,-0.06393694380827486,0.9848046746407185,False,0.09322937857057027,5000,True,37.47250000014901
uav,495,High,0.097900899680984,WOA,30,5000,7,14003007,-4.2076719186023555,-0.05170056100055402,0.9877127870231558,False,0.09336925469691999,5000,True,37.67938102828339
uav,495,High,0.097900899680984,WOA,30,5000,8,14003008,-4.2076719186023555,-0.0631387784360234,0.9849943675130935,False,0.09323978796740613,5000,True,37.94566402211785
uav,495,High,0.097900899680984,WOA,30,5000,9,14003009,-4.2076719186023555,-4.1950746820317075,0.0029938732901096292,False,0.0007127704884039198,5000,True,37.664346978999674
uav,495,High,0.097900899680984,WOA,30,5000,10,14003010,-4.2076719186023555,-3.7365465646783367,0.1119681769486701,False,0.011860902479176757,5000,True,37.39685204345733
uav,495,High,0.097900899680984,WOA,30,5000,11,14003011,-4.2076719186023555,-0.04793053599830103,0.9886087753690117,False,0.09340435631334769,5000,True,37.11166500579566
uav,495,High,0.097900899680984,WOA,30,5000,12,14003012,-4.2076719186023555,-0.0773890178945981,0.9816076397134347,False,0.09303972012168842,5000,True,36.741802003234625
uav,495,High,0.097900899680984,WOA,30,5000,13,14003013,-4.2076719186023555,-0.049744983852635365,0.9881775516687245,False,0.09338824659945773,5000,True,37.341658025979996
uav,495,High,0.097900899680984,WOA,30,5000,14,14003014,-4.2076719186023555,-0.0643547928926886,0.9847053681613882,False,0.09322519131067385,5000,True,38.16939500393346
uav,495,High,0.097900899680984,WOA,30,5000,15,14003015,-4.2076719186023555,-4.136201885228023,0.01698564782543032,False,0.0025989563790600767,5000,True,38.91934402054176
uav,495,High,0.097900899680984,WOA,30,5000,16,14003016,-4.2076719186023555,-0.06327927706180059,0.9849609764530264,False,0.09323667879003694,5000,True,37.71592496195808
uav,495,High,0.097900899680984,WOA,30,5000,17,14003017,-4.2076719186023555,-4.190122026126565,0.004170927015055949,False,0.00013586615442890944,5000,True,37.846633000299335
uav,495,High,0.097900899680984,WOA,30,5000,18,14003018,-4.2076719186023555,-0.0611831937824817,0.9854591339424571,False,0.09326366716869018,5000,True,37.45764400810003
uav,495,High,0.097900899680984,WOA,30,5000,19,14003019,-4.2076719186023555,-4.207125113671423,0.0001299542696081066,False,0.0001682205439076119,5000,True,37.79824898811057
uav,495,High,0.097900899680984,WOA,30,5000,20,14003020,-4.2076719186023555,-0.3096825289409291,0.92640050485595,False,0.0877825874385154,5000,True,38.40225504245609
uav,495,High,0.097900899680984,WOA,30,5000,21,14003021,-4.2076719186023555,-0.06053031724573623,0.9856142973081793,False,0.09327186568775732,5000,True,37.66132000600919
uav,495,High,0.097900899680984,WOA,30,5000,22,14003022,-4.2076719186023555,-0.05028117298439674,0.9880501203617847,False,0.09338201497206668,5000,True,37.44616999756545
uav,495,High,0.097900899680984,WOA,30,5000,23,14003023,-4.2076719186023555,-3.871725028007131,0.07984151262126316,False,0.008551505350036744,5000,True,37.74617402814329
uav,495,High,0.097900899680984,WOA,30,5000,24,14003024,-4.2076719186023555,-0.3254087499799807,0.9226629936280606,False,0.08866821628322961,5000,True,37.63161099050194
uav,495,High,0.097900899680984,WOA,30,5000,25,14003025,-4.2076719186023555,-0.06394087345819799,0.9848037407157361,False,0.09323020481285782,5000,True,40.25363904656842
uav,495,High,0.097900899680984,WOA,30,5000,26,14003026,-4.2076719186023555,-0.5561382132435273,0.8678275721106465,False,0.08228866213979709,5000,True,35.59901495464146
uav,495,High,0.097900899680984,WOA,30,5000,27,14003027,-4.2076719186023555,-4.140040400869999,0.01607338191776629,False,0.0026002883072756863,5000,True,36.079163022805005
uav,495,High,0.097900899680984,WOA,30,5000,28,14003028,-4.2076719186023555,-4.193298879223313,0.0034159125656870247,False,0.000777813923919927,5000,True,36.97725402889773
uav,495,High,0.097900899680984,WOA,30,5000,29,14003029,-4.2076719186023555,-0.051195977571467925,0.9878327068835553,False,0.09337432640675042,5000,True,36.75321099581197
hvac,298,Benign,5.456946795795032e-05,SGO,30,250,0,15000000,-2.516700850412535,-1.9778222509175207,0.2141210384248418,False,7.3116908287977225,250,True,2.8515399899333715
hvac,298,Benign,5.456946795795032e-05,SGO,30,250,1,15000001,-2.516700850412535,-2.1938991707578444,0.12826382587417076,False,5.659007165247296,250,True,2.704265993088484
hvac,298,Benign,5.456946795795032e-05,SGO,30,250,2,15000002,-2.516700850412535,-2.435121719716183,0.03241510832842118,False,2.8448664760512674,250,True,2.6086519937962294
hvac,298,Benign,5.456946795795032e-05,SGO,30,250,3,15000003,-2.516700850412535,-2.486713172229967,0.011915471867724183,False,1.7248199690757926,250,True,2.701503981370479
hvac,298,Benign,5.456946795795032e-05,SGO,30,250,4,15000004,-2.516700850412535,-2.357608279915566,0.06321473228369225,False,3.972805470002484,250,True,2.7564219781197608
hvac,298,Benign,5.456946795795032e-05,SGO,30,250,5,15000005,-2.516700850412535,-2.30387894037727,0.08456384873886769,False,4.594947134485834,250,True,2.647005021572113
hvac,298,Benign,5.456946795795032e-05,SGO,30,250,6,15000006,-2.516700850412535,-2.1997804850096774,0.1259269115560193,False,5.607217791039097,250,True,2.7488949708640575
hvac,298,Benign,5.456946795795032e-05,SGO,30,250,7,15000007,-2.516700850412535,-2.0055108949552367,0.2031190776502121,False,7.121369276445951,250,True,2.640984021127224
hvac,298,Benign,5.456946795795032e-05,SGO,30,250,8,15000008,-2.516700850412535,-2.4959382121308984,0.00824994288782214,False,1.4352039464412836,250,True,2.707243023905903
hvac,298,Benign,5.456946795795032e-05,SGO,30,250,9,15000009,-2.516700850412535,-2.504873071761125,0.004699715760604393,False,1.0832381454360627,250,True,2.6066750288009644
hvac,298,Benign,5.456946795795032e-05,SGO,30,250,10,15000010,-2.516700850412535,-2.1745621597901432,0.1359473020269012,False,5.826039777167681,250,True,2.6717439759522676
hvac,298,Benign,5.456946795795032e-05,SGO,30,250,11,15000011,-2.516700850412535,-2.270493648516661,0.09782934743933362,False,4.942227434276621,250,True,2.7479580021463335
hvac,298,Benign,5.456946795795032e-05,SGO,30,250,12,15000012,-2.516700850412535,-2.277121166675415,0.09519593228485959,False,4.875255091491763,250,True,2.674327988643199
hvac,298,Benign,5.456946795795032e-05,SGO,30,250,13,15000013,-2.516700850412535,-2.432003979579532,0.033653928641983695,False,2.8987184409855247,250,True,2.6399160269647837
hvac,298,Benign,5.456946795795032e-05,SGO,30,250,14,15000014,-2.516700850412535,-2.2046102899079707,0.12400780984891666,False,5.564327296274647,250,True,2.7090119547210634
hvac,298,Benign,5.456946795795032e-05,SGO,30,250,15,15000015,-2.516700850412535,-2.206123336186873,0.12340660757306646,False,5.550822701773313,250,True,2.6702170143835247
hvac,298,Benign,5.456946795795032e-05,SGO,30,250,16,15000016,-2.516700850412535,-2.3432602727461838,0.0689158497474665,False,4.148085568365258,250,True,2.713610010687262
hvac,298,Benign,5.456946795795032e-05,SGO,30,250,17,15000017,-2.516700850412535,-2.239635813299179,0.11009057237293024,False,5.242799070051482,250,True,2.6313620037399232
hvac,298,Benign,5.456946795795032e-05,SGO,30,250,18,15000018,-2.516700850412535,-2.4723150378300476,0.017636507165804772,False,2.0984297667026475,250,True,2.668566012289375
hvac,298,Benign,5.456946795795032e-05,SGO,30,250,19,15000019,-2.516700850412535,-2.288799174553347,0.09055572728154436,False,4.754951704980237,250,True,2.661506994627416
hvac,298,Benign,5.456946795795032e-05,SGO,30,250,20,15000020,-2.516700850412535,-2.2694366263665193,0.09824935053583526,False,4.952825111401877,250,True,2.750953019130975
hvac,298,Benign,5.456946795795032e-05,SGO,30,250,21,15000021,-2.516700850412535,-2.473732380682829,0.017073332224870116,False,2.0646540592190274,250,True,2.588992996606976
hvac,298,Benign,5.456946795795032e-05,SGO,30,250,22,15000022,-2.516700850412535,-2.4016145685824206,0.045729027274437395,False,3.378968401872515,250,True,2.772209991235286
hvac,298,Benign,5.456946795795032e-05,SGO,30,250,23,15000023,-2.516700850412535,-2.0654828497886606,0.17928948549841012,False,6.690607595790564,250,True,2.6492850156500936
hvac,298,Benign,5.456946795795032e-05,SGO,30,250,24,15000024,-2.516700850412535,-2.399558483632984,0.04654600357461999,False,3.4090184194477464,250,True,2.6673050015233457
hvac,298,Benign,5.456946795795032e-05,SGO,30,250,25,15000025,-2.516700850412535,-2.467334346935266,0.0196155627591484,False,2.21303628648971,250,True,2.72257998585701
hvac,298,Benign,5.456946795795032e-05,SGO,30,250,26,15000026,-2.516700850412535,-1.8685836362803707,0.257526520891796,False,8.018610692188888,250,True,2.766548015642911
hvac,298,Benign,5.456946795795032e-05,SGO,30,250,27,15000027,-2.516700850412535,-2.0598190872225537,0.18153995661228067,False,6.732467446674955,250,True,2.7445859741419554
hvac,298,Benign,5.456946795795032e-05,SGO,30,250,28,15000028,-2.516700850412535,-2.025978152259973,0.1949865030927786,False,6.977348637282415,250,True,2.666959015186876
hvac,298,Benign,5.456946795795032e-05,SGO,30,250,29,15000029,-2.516700850412535,-2.34706697171881,0.06740327467442896,False,4.102311615373544,250,True,2.6789649855345488
hvac,298,Benign,5.456946795795032e-05,SGO,30,500,0,15000000,-2.516700850412535,-2.4904493619795813,0.010430913323945818,False,1.613798536365955,500,True,5.667855963110924
hvac,298,Benign,5.456946795795032e-05,SGO,30,500,1,15000001,-2.516700850412535,-2.4747634118500628,0.01666365653096915,False,2.039732903141193,500,True,5.662060983013362
hvac,298,Benign,5.456946795795032e-05,SGO,30,500,2,15000002,-2.516700850412535,-2.4473550268609596,0.027554257606822237,False,2.6229046657177335,500,True,5.6372759863734245
hvac,298,Benign,5.456946795795032e-05,SGO,30,500,3,15000003,-2.516700850412535,-2.486813502309905,0.011875606152289084,False,1.7219321779503813,500,True,5.907568032853305
hvac,298,Benign,5.456946795795032e-05,SGO,30,500,4,15000004,-2.516700850412535,-2.4701655109057477,0.018490612223204653,False,2.148640681449341,500,True,5.5510359816253185
hvac,298,Benign,5.456946795795032e-05,SGO,30,500,5,15000005,-2.516700850412535,-2.4656073693243643,0.020301769707669354,False,2.251412625572046,500,True,5.497028992976993
hvac,298,Benign,5.456946795795032e-05,SGO,30,500,6,15000006,-2.516700850412535,-2.356652953056157,0.06359432720426159,False,3.9847156676534983,500,True,5.397928995080292
hvac,298,Benign,5.456946795795032e-05,SGO,30,500,7,15000007,-2.516700850412535,-2.5004895425188214,0.006441491801084142,False,1.268181396049805,500,True,5.295470997225493
hvac,298,Benign,5.456946795795032e-05,SGO,30,500,8,15000008,-2.516700850412535,-2.5099095645278378,0.0026984875391861695,False,0.8208208075828975,500,True,5.6972859892994165
hvac,298,Benign,5.456946795795032e-05,SGO,30,500,9,15000009,-2.516700850412535,-2.504873071761125,0.004699715760604393,False,1.0832381454360627,500,True,5.496623984072357
hvac,298,Benign,5.456946795795032e-05,SGO,30,500,10,15000010,-2.516700850412535,-2.5145953126814806,0.0008366261451810844,False,0.45703963567063716,500,True,5.518087011296302
hvac,298,Benign,5.456946795795032e-05,SGO,30,500,11,15000011,-2.516700850412535,-2.4751355799358468,0.016515777181016614,False,2.0306620679905927,500,True,5.46649401076138
hvac,298,Benign,5.456946795795032e-05,SGO,30,500,12,15000012,-2.516700850412535,-2.4442181880524294,0.028800666693550216,False,2.6815717338334326,500,True,5.559611017815769
hvac,298,Benign,5.456946795795032e-05,SGO,30,500,13,15000013,-2.516700850412535,-2.458848606619987,0.022987334304379204,False,2.3957001205823096,500,True,5.4946879972703755
hvac,298,Benign,5.456946795795032e-05,SGO,30,500,14,15000014,-2.516700850412535,-2.498000265433898,0.00743059508863425,False,1.3620716288165515,500,True,5.512412986718118
hvac,298,Benign,5.456946795795032e-05,SGO,30,500,15,15000015,-2.516700850412535,-2.3649799744885662,0.06028562190818152,False,3.8796720994101164,500,True,5.515649041626602
hvac,298,Benign,5.456946795795032e-05,SGO,30,500,16,15000016,-2.516700850412535,-2.506735057940995,0.003959863751747287,False,0.994324797016043,500,True,5.555850046221167
hvac,298,Benign,5.456946795795032e-05,SGO,30,500,17,15000017,-2.516700850412535,-2.3550435976521698,0.06423379748684345,False,4.004699630446016,500,True,5.423102003987879
hvac,298,Benign,5.456946795795032e-05,SGO,30,500,18,15000018,-2.516700850412535,-2.5052152945823343,0.004563735029659263,False,1.0674520103098464,500,True,5.663788004312664
hvac,298,Benign,5.456946795795032e-05,SGO,30,500,19,15000019,-2.516700850412535,-2.5121599456587203,0.001804308506937019,False,0.6711870170886003,500,True,5.5745780118741095
hvac,298,Benign,5.456946795795032e-05,SGO,30,500,20,15000020,-2.516700850412535,-2.513566569884031,0.0012453925654256467,False,0.5576237763391005,500,True,5.544668005313724
hvac,298,Benign,5.456946795795032e-05,SGO,30,500,21,15000021,-2.516700850412535,-2.4958242677873432,0.00829521817095183,False,1.4391367225739569,500,True,5.55856799473986
hvac,298,Benign,5.456946795795032e-05,SGO,30,500,22,15000022,-2.516700850412535,-2.4821281371832207,0.013737315352218926,False,1.8519919000435225,500,True,5.859813012648374
hvac,298,Benign,5.456946795795032e-05,SGO,30,500,23,15000023,-2.516700850412535,-2.414131702787286,0.040755399120414426,False,3.1899268488181334,500,True,5.491264979355037
hvac,298,Benign,5.456946795795032e-05,SGO,30,500,24,15000024,-2.516700850412535,-2.498389709033348,0.007275851389403579,False,1.3478142971568727,500,True,5.653097003232688
hvac,298,Benign,5.456946795795032e-05,SGO,30,500,25,15000025,-2.516700850412535,-2.467334346935266,0.0196155627591484,False,2.21303628648971,500,True,5.601496028248221
hvac,298,Benign,5.456946795795032e-05,SGO,30,500,26,15000026,-2.516700850412535,-2.397352875162423,0.047422392387457844,False,3.4409620168770707,500,True,5.605247977655381
hvac,298,Benign,5.456946795795032e-05,SGO,30,500,27,15000027,-2.516700850412535,-2.4521329692181135,0.025655763252051902,False,2.5309328243994793,500,True,5.528460023924708
hvac,298,Benign,5.456946795795032e-05,SGO,30,500,28,15000028,-2.516700850412535,-2.438806210734069,0.030951092048027047,False,2.77988056458104,500,True,5.5336529621854424
hvac,298,Benign,5.456946795795032e-05,SGO,30,500,29,15000029,-2.516700850412535,-2.4968104884411004,0.007903347737246713,False,1.404732705775027,500,True,5.473897967021912
hvac,298,Benign,5.456946795795032e-05,SGO,30,1000,0,15000000,-2.516700850412535,-2.5101465266531813,0.0026043316822019443,False,0.8063735907317942,1000,True,11.191015015356243
hvac,298,Benign,5.456946795795032e-05,SGO,30,1000,1,15000001,-2.516700850412535,-2.508398309400717,0.003298978108763741,False,0.9075652645476457,1000,True,11.431044957134873
hvac,298,Benign,5.456946795795032e-05,SGO,30,1000,2,15000002,-2.516700850412535,-2.5120872678231607,0.0018331867248418676,False,0.6765369174895651,1000,True,11.214058962650597
hvac,298,Benign,5.456946795795032e-05,SGO,30,1000,3,15000003,-2.516700850412535,-2.5071772443301983,0.0037841629372739444,False,0.9720152137678583,1000,True,11.406124045606703
hvac,298,Benign,5.456946795795032e-05,SGO,30,1000,4,15000004,-2.516700850412535,-2.489413917997222,0.01084234243050391,False,1.6453174673330624,1000,True,11.540269013494253
hvac,298,Benign,5.456946795795032e-05,SGO,30,1000,5,15000005,-2.516700850412535,-2.5150068913730252,0.0006730871645838644,False,0.40994330960119546,1000,True,11.606854968704283
hvac,298,Benign,5.456946795795032e-05,SGO,30,1000,6,15000006,-2.516700850412535,-2.51437586016897,0.0009238246346140143,False,0.48026718974127947,1000,True,11.349616979714483
hvac,298,Benign,5.456946795795032e-05,SGO,30,1000,7,15000007,-2.516700850412535,-2.5147482805588433,0.0007758450327427283,False,0.4401245973608306,1000,True,11.389307037461549
hvac,298,Benign,5.456946795795032e-05,SGO,30,1000,8,15000008,-2.516700850412535,-2.516275107140903,0.0001691672141177813,False,0.20551628815754258,1000,True,11.511165008414537
hvac,298,Benign,5.456946795795032e-05,SGO,30,1000,9,15000009,-2.516700850412535,-2.515434921799189,0.0005030111596850218,False,0.3543863279406045,1000,True,11.279503989499062
hvac,298,Benign,5.456946795795032e-05,SGO,30,1000,10,15000010,-2.516700850412535,-2.5145953126814806,0.0008366261451810844,False,0.45703963567063716,1000,True,11.689093022141606
hvac,298,Benign,5.456946795795032e-05,SGO,30,1000,11,15000011,-2.516700850412535,-2.512735292568344,0.001575696946079726,False,0.6272266394066042,1000,True,11.782186978962272
hvac,298,Benign,5.456946795795032e-05,SGO,30,1000,12,15000012,-2.516700850412535,-2.514952788629312,0.0006945846515435175,False,0.4164383716070422,1000,True,11.607185006141663
hvac,298,Benign,5.456946795795032e-05,SGO,30,1000,13,15000013,-2.516700850412535,-2.5098916771981212,0.0027055949908777735,False,0.8219010623753824,1000,True,11.36415998917073
hvac,298,Benign,5.456946795795032e-05,SGO,30,1000,14,15000014,-2.516700850412535,-2.516030639595911,0.00026630531654735435,False,0.25785649031083807,1000,True,11.645656020846218
hvac,298,Benign,5.456946795795032e-05,SGO,30,1000,15,15000015,-2.516700850412535,-2.4993538667121222,0.006892747581648207,False,1.3118504718798973,1000,True,11.497832019813359
hvac,298,Benign,5.456946795795032e-05,SGO,30,1000,16,15000016,-2.516700850412535,-2.516400304148472,0.00011942073449603538,False,0.17267442465227242,1000,True,11.269861017353833
hvac,298,Benign,5.456946795795032e-05,SGO,30,1000,17,15000017,-2.516700850412535,-2.510256853550906,0.0025604937752426657,False,0.7995580699762529,1000,True,11.117360962089151
hvac,298,Benign,5.456946795795032e-05,SGO,30,1000,18,15000018,-2.516700850412535,-2.514702577719869,0.0007940048545454319,False,0.44524569328483127,1000,True,11.434502026531845
hvac,298,Benign,5.456946795795032e-05,SGO,30,1000,19,15000019,-2.516700850412535,-2.5159824882368564,0.00028543804702137085,False,0.26695870023132856,1000,True,11.289465008303523
hvac,298,Benign,5.456946795795032e-05,SGO,30,1000,20,15000020,-2.516700850412535,-2.513566569884031,0.0012453925654256467,False,0.5576237763391005,1000,True,11.421994015108794
hvac,298,Benign,5.456946795795032e-05,SGO,30,1000,21,15000021,-2.516700850412535,-2.5140596339829773,0.0010494757170384397,False,0.5118872895801418,1000,True,11.138803965877742
hvac,298,Benign,5.456946795795032e-05,SGO,30,1000,22,15000022,-2.516700850412535,-2.515011508565424,0.0006712525435172087,False,0.4093842409933957,1000,True,11.563652020413429
hvac,298,Benign,5.456946795795032e-05,SGO,30,1000,23,15000023,-2.516700850412535,-2.512383350383156,0.001715539623500115,False,0.6544681637255962,1000,True,11.572186020202935
hvac,298,Benign,5.456946795795032e-05,SGO,30,1000,24,15000024,-2.516700850412535,-2.514394246495571,0.0009165189087079061,False,0.4783644127340156,1000,True,11.340615979861468
hvac,298,Benign,5.456946795795032e-05,SGO,30,1000,25,15000025,-2.516700850412535,-2.505178205224614,0.004578472322617263,False,1.0691741383603117,1000,True,11.494168022181839
hvac,298,Benign,5.456946795795032e-05,SGO,30,1000,26,15000026,-2.516700850412535,-2.5108211135376632,0.0023362875543623614,False,0.7637501290475097,1000,True,11.760901019442827
hvac,298,Benign,5.456946795795032e-05,SGO,30,1000,27,15000027,-2.516700850412535,-2.5162002627963513,0.0001989062848299283,False,0.22284987849771792,1000,True,11.11542503349483
hvac,298,Benign,5.456946795795032e-05,SGO,30,1000,28,15000028,-2.516700850412535,-2.5121549507918775,0.0018062931952808805,False,0.6715560590003501,1000,True,11.433053005021065
hvac,298,Benign,5.456946795795032e-05,SGO,30,1000,29,15000029,-2.516700850412535,-2.515460676280086,0.0004927777301166908,False,0.35076292657418073,1000,True,11.20372099103406
hvac,298,Benign,5.456946795795032e-05,SGO,30,2000,0,15000000,-2.516700850412535,-2.5161942121191467,0.00020131049477153243,False,0.22419264296813105,2000,True,22.88669196423143
hvac,298,Benign,5.456946795795032e-05,SGO,30,2000,1,15000001,-2.516700850412535,-2.5163054737544566,0.00015710117394915658,False,0.19805137590482158,2000,True,23.429024964571
hvac,298,Benign,5.456946795795032e-05,SGO,30,2000,2,15000002,-2.516700850412535,-2.5164856499367314,8.550896137240002e-05,True,0.14611471795170852,2000,True,23.323444998823106
hvac,298,Benign,5.456946795795032e-05,SGO,30,2000,3,15000003,-2.516700850412535,-2.5163203381216577,0.00015119488310069533,False,0.19429279478856154,2000,True,24.16903799166903
hvac,298,Benign,5.456946795795032e-05,SGO,30,2000,4,15000004,-2.516700850412535,-2.5143679068016493,0.0009269848700942982,False,0.4810879417256729,2000,True,23.34377000806853
hvac,298,Benign,5.456946795795032e-05,SGO,30,2000,5,15000005,-2.516700850412535,-2.5161455027930746,0.00022066493098279885,False,0.23472254650906765,2000,True,23.21474300697446
hvac,298,Benign,5.456946795795032e-05,SGO,30,2000,6,15000006,-2.516700850412535,-2.515345722125438,0.0005384542572372204,False,0.36665917445963114,2000,True,23.51770899258554
hvac,298,Benign,5.456946795795032e-05,SGO,30,2000,7,15000007,-2.516700850412535,-2.5158958985488167,0.00031984407824497393,False,0.28259033605900935,2000,True,23.347034002654254
hvac,298,Benign,5.456946795795032e-05,SGO,30,2000,8,15000008,-2.516700850412535,-2.516651182698409,1.973524748412536e-05,True,0.07019552673812234,2000,True,23.195115034468472
hvac,298,Benign,5.456946795795032e-05,SGO,30,2000,9,15000009,-2.516700850412535,-2.51659840268944,4.070715161807816e-05,True,0.1008146173808349,2000,True,22.76146598160267
hvac,298,Benign,5.456946795795032e-05,SGO,30,2000,10,15000010,-2.516700850412535,-2.5159834346723198,0.0002850619850578766,False,0.26678278466364114,2000,True,23.125140054617077
hvac,298,Benign,5.456946795795032e-05,SGO,30,2000,11,15000011,-2.516700850412535,-2.516603832081115,3.854980674571243e-05,True,0.09810683186577054,2000,True,23.546175041701645
hvac,298,Benign,5.456946795795032e-05,SGO,30,2000,12,15000012,-2.516700850412535,-2.516549157802697,6.0274390503462384e-05,True,0.12267457507100833,2000,True,23.53406901238486
hvac,298,Benign,5.456946795795032e-05,SGO,30,2000,13,15000013,-2.516700850412535,-2.5155374007976414,0.0004622915809414035,False,0.3397395764498641,2000,True,23.38051499100402
hvac,298,Benign,5.456946795795032e-05,SGO,30,2000,14,15000014,-2.516700850412535,-2.516030639595911,0.00026630531654735435,False,0.25785649031083807,2000,True,23.352599993813783
hvac,298,Benign,5.456946795795032e-05,SGO,30,2000,15,15000015,-2.516700850412535,-2.5163736177627998,0.00013002445232289053,False,0.18017754505267983,2000,True,23.2295659952797
hvac,298,Benign,5.456946795795032e-05,SGO,30,2000,16,15000016,-2.516700850412535,-2.5164703255092813,9.159805513481605e-05,True,0.15122767497475784,2000,True,22.85795600619167
hvac,298,Benign,5.456946795795032e-05,SGO,30,2000,17,15000017,-2.516700850412535,-2.5162976716897103,0.00016020129001777323,False,0.19999592788629175,2000,True,23.14350300002843
hvac,298,Benign,5.456946795795032e-05,SGO,30,2000,18,15000018,-2.516700850412535,-2.5166383255741605,2.484396918470375e-05,True,0.07875871820960029,2000,True,23.13309599412605
hvac,298,Benign,5.456946795795032e-05,SGO,30,2000,19,15000019,-2.516700850412535,-2.5160389949537487,0.00026298535190545473,False,0.2562441316609288,2000,True,23.089596012141556
hvac,298,Benign,5.456946795795032e-05,SGO,30,2000,20,15000020,-2.516700850412535,-2.515985740786941,0.0002841456605687486,False,0.26635365630852265,2000,True,22.9589210357517
hvac,298,Benign,5.456946795795032e-05,SGO,30,2000,21,15000021,-2.516700850412535,-2.514969294284678,0.0006880262020705364,False,0.4144676490576686,2000,True,34.0565150254406
hvac,298,Benign,5.456946795795032e-05,SGO,30,2000,22,15000022,-2.516700850412535,-2.5162416370379845,0.00018246641211863075,False,0.213441868977916,2000,True,22.699185996316373
hvac,298,Benign,5.456946795795032e-05,SGO,30,2000,23,15000023,-2.516700850412535,-2.5162268443573717,0.00018834421861695186,False,0.21685243126187398,2000,True,22.80637703370303
hvac,298,Benign,5.456946795795032e-05,SGO,30,2000,24,15000024,-2.516700850412535,-2.5151346190669446,0.0006223351278853447,False,0.39418519280538755,2000,True,23.077345045749098
hvac,298,Benign,5.456946795795032e-05,SGO,30,2000,25,15000025,-2.516700850412535,-2.516007494819039,0.00027550179171369633,False,0.26227105448122306,2000,True,23.52414798224345
hvac,298,Benign,5.456946795795032e-05,SGO,30,2000,26,15000026,-2.516700850412535,-2.5165902601679613,4.394254667010198e-05,True,0.10474438714215258,2000,True,27.22553099738434
hvac,298,Benign,5.456946795795032e-05,SGO,30,2000,27,15000027,-2.516700850412535,-2.5164541741011885,9.801574601376915e-05,True,0.1564357733250928,2000,True,21.748129976913333
hvac,298,Benign,5.456946795795032e-05,SGO,30,2000,28,15000028,-2.516700850412535,-2.5142142041122257,0.0009880579568691576,False,0.49668307203486484,2000,True,22.20906299771741
hvac,298,Benign,5.456946795795032e-05,SGO,30,2000,29,15000029,-2.516700850412535,-2.5166518234417774,1.9480650928289144e-05,True,0.06974127470771108,2000,True,22.307456994894892
hvac,298,Benign,5.456946795795032e-05,SGO,30,5000,0,15000000,-2.516700850412535,-2.5165965834169075,4.143003154730113e-05,True,0.10170581418822551,5000,True,58.24750801548362
hvac,298,Benign,5.456946795795032e-05,SGO,30,5000,1,15000001,-2.516700850412535,-2.5165415694709976,6.328958068715252e-05,True,0.12570549370495418,5000,True,57.12275201221928
hvac,298,Benign,5.456946795795032e-05,SGO,30,5000,2,15000002,-2.516700850412535,-2.5166781760703074,9.009550032172159e-06,True,0.04742853383333826,5000,True,58.677875029388815
hvac,298,Benign,5.456946795795032e-05,SGO,30,5000,3,15000003,-2.516700850412535,-2.5166498564304267,2.0262234226267268e-05,True,0.07112656160962459,5000,True,58.546820015180856
hvac,298,Benign,5.456946795795032e-05,SGO,30,5000,4,15000004,-2.516700850412535,-2.514788445370918,0.0007598857215403926,False,0.4355743436589776,5000,True,58.93901496892795
hvac,298,Benign,5.456946795795032e-05,SGO,30,5000,5,15000005,-2.516700850412535,-2.5166350428803783,2.61483331028858e-05,True,0.08079977534354081,5000,True,58.611246990039945
hvac,298,Benign,5.456946795795032e-05,SGO,30,5000,6,15000006,-2.516700850412535,-2.5157249318539234,0.00038777694156689953,False,0.31115668743516617,5000,True,58.1484530121088
hvac,298,Benign,5.456946795795032e-05,SGO,30,5000,7,15000007,-2.516700850412535,-2.515930962342044,0.0003059116344182057,False,0.2763669756828227,5000,True,57.310973003041
hvac,298,Benign,5.456946795795032e-05,SGO,30,5000,8,15000008,-2.516700850412535,-2.516651182698409,1.973524748412536e-05,True,0.07019552673812234,5000,True,57.70351196406409
hvac,298,Benign,5.456946795795032e-05,SGO,30,5000,9,15000009,-2.516700850412535,-2.516619680391799,3.2252550287441213e-05,True,0.08973671752075997,5000,True,57.3440240113996
hvac,298,Benign,5.456946795795032e-05,SGO,30,5000,10,15000010,-2.516700850412535,-2.516691185593677,3.840273211863269e-06,True,0.0309648663710709,5000,True,57.753619039431214
hvac,298,Benign,5.456946795795032e-05,SGO,30,5000,11,15000011,-2.516700850412535,-2.516671763249823,1.1557656011221138e-05,True,0.05371839533872717,5000,True,57.8042910201475
hvac,298,Benign,5.456946795795032e-05,SGO,30,5000,12,15000012,-2.516700850412535,-2.5165876536360847,4.497824063274822e-05,True,0.10597157293289645,5000,True,57.29594599688426
hvac,298,Benign,5.456946795795032e-05,SGO,30,5000,13,15000013,-2.516700850412535,-2.516533498817035,6.649641949802808e-05,True,0.12885084752363185,5000,True,58.231853996403515
hvac,298,Benign,5.456946795795032e-05,SGO,30,5000,14,15000014,-2.516700850412535,-2.5165107019910593,7.55546379080938e-05,True,0.13734685304408814,5000,True,57.87330702878535
hvac,298,Benign,5.456946795795032e-05,SGO,30,5000,15,15000015,-2.516700850412535,-2.5164523022197063,9.875952987745556e-05,True,0.15702820121249128,5000,True,58.414112019818276
hvac,298,Benign,5.456946795795032e-05,SGO,30,5000,16,15000016,-2.516700850412535,-2.5165884205288016,4.4673519188894416e-05,True,0.10561199139691783,5000,True,57.0749290054664
hvac,298,Benign,5.456946795795032e-05,SGO,30,5000,17,15000017,-2.516700850412535,-2.516636754314824,2.5468302162602835e-05,True,0.07974218760045347,5000,True,58.10860201017931
hvac,298,Benign,5.456946795795032e-05,SGO,30,5000,18,15000018,-2.516700850412535,-2.516681687941573,7.614123450098383e-06,True,0.04360116621055837,5000,True,58.30648698611185
hvac,298,Benign,5.456946795795032e-05,SGO,30,5000,19,15000019,-2.516700850412535,-2.516420993754684,0.00011119981057953983,False,0.16662500388054005,5000,True,59.60698099806905
hvac,298,Benign,5.456946795795032e-05,SGO,30,5000,20,15000020,-2.516700850412535,-2.516077968822928,0.00024749925661817765,False,0.2485851025305499,5000,True,57.962937047705054
hvac,298,Benign,5.456946795795032e-05,SGO,30,5000,21,15000021,-2.516700850412535,-2.5153852831006716,0.0005227348779446779,False,0.36126749511993667,5000,True,57.501970033627
hvac,298,Benign,5.456946795795032e-05,SGO,30,5000,22,15000022,-2.516700850412535,-2.516502988362905,7.861961408640011e-05,True,0.14010498973069208,5000,True,58.703788032289594
hvac,298,Benign,5.456946795795032e-05,SGO,30,5000,23,15000023,-2.516700850412535,-2.5164720861452903,9.089847417003971e-05,True,0.1506490666779579,5000,True,58.714235958177596
hvac,298,Benign,5.456946795795032e-05,SGO,30,5000,24,15000024,-2.516700850412535,-2.5158377664558227,0.0003429426093971611,False,0.2926165414092619,5000,True,58.42459498671815
hvac,298,Benign,5.456946795795032e-05,SGO,30,5000,25,15000025,-2.516700850412535,-2.516352570788192,0.00013838737499768356,False,0.18588159249812453,5000,True,59.544119983911514
hvac,298,Benign,5.456946795795032e-05,SGO,30,5000,26,15000026,-2.516700850412535,-2.5166523468794053,1.9272665291926124e-05,True,0.06936797842654083,5000,True,58.137639018241316
hvac,298,Benign,5.456946795795032e-05,SGO,30,5000,27,15000027,-2.516700850412535,-2.516697463160172,1.3459098098550253e-06,True,0.018331420853774483,5000,True,59.138445009011775
hvac,298,Benign,5.456946795795032e-05,SGO,30,5000,28,15000028,-2.516700850412535,-2.5152916653622723,0.0005599334740288629,False,0.3739007742450675,5000,True,58.823861996643245
hvac,298,Benign,5.456946795795032e-05,SGO,30,5000,29,15000029,-2.516700850412535,-2.5166549647914933,1.823244945237982e-05,True,0.06746999187887386,5000,True,58.02360299276188
hvac,298,Benign,5.456946795795032e-05,GWO,30,250,0,15001000,-2.516700850412535,-2.508542914493656,0.0032415199118885317,False,0.8996270298975005,250,True,3.825468011200428
hvac,298,Benign,5.456946795795032e-05,GWO,30,250,1,15001001,-2.516700850412535,-2.5116435827394428,0.002009483038980761,False,0.708321331378083,250,True,3.8103259867057204
hvac,298,Benign,5.456946795795032e-05,GWO,30,250,2,15001002,-2.516700850412535,-2.512273237981957,0.001759292301209602,False,0.6627613133937926,250,True,3.869753039907664
hvac,298,Benign,5.456946795795032e-05,GWO,30,250,3,15001003,-2.516700850412535,-2.4966991691073463,0.00794757998429182,False,1.4086581185506835,250,True,3.919021983165294
hvac,298,Benign,5.456946795795032e-05,GWO,30,250,4,15001004,-2.516700850412535,-2.513802430966625,0.0011516742029291903,False,0.5362322976508651,250,True,3.9384430274367332
hvac,298,Benign,5.456946795795032e-05,GWO,30,250,5,15001005,-2.516700850412535,-2.51344081668817,0.001295360044015854,False,0.568700220828891,250,True,3.8937220233492553
hvac,298,Benign,5.456946795795032e-05,GWO,30,250,6,15001006,-2.516700850412535,-2.5031173893949674,0.005397328417217808,False,1.1608539168682404,250,True,3.9254039875231683
hvac,298,Benign,5.456946795795032e-05,GWO,30,250,7,15001007,-2.516700850412535,-2.4987804050084725,0.0071206100642137015,False,1.333357938107676,250,True,3.8651449722237885
hvac,298,Benign,5.456946795795032e-05,GWO,30,250,8,15001008,-2.516700850412535,-2.513787255589869,0.0011577040720547232,False,0.5376342518323259,250,True,3.7851029774174094
hvac,298,Benign,5.456946795795032e-05,GWO,30,250,9,15001009,-2.516700850412535,-2.5137756971032257,0.001162296785821822,False,0.5386996173449823,250,True,3.782832995057106
hvac,298,Benign,5.456946795795032e-05,GWO,30,250,10,15001010,-2.516700850412535,-2.5064412449086424,0.0040766090662746335,False,1.0088757469739071,250,True,3.8895050529390574
hvac,298,Benign,5.456946795795032e-05,GWO,30,250,11,15001011,-2.516700850412535,-2.50723492879652,0.003761242268608711,False,0.969066995931135,250,True,4.211221996229142
hvac,298,Benign,5.456946795795032e-05,GWO,30,250,12,15001012,-2.516700850412535,-2.513782472619347,0.001159604564328599,False,0.5380753624389029,250,True,3.875190974213183
hvac,298,Benign,5.456946795795032e-05,GWO,30,250,13,15001013,-2.516700850412535,-2.510875266412643,0.002314770147964653,False,0.7602248914357543,250,True,3.8355360156856477
hvac,298,Benign,5.456946795795032e-05,GWO,30,250,14,15001014,-2.516700850412535,-2.514688511644705,0.0007995939475684988,False,0.44681001385921565,250,True,3.874760994222015
hvac,298,Benign,5.456946795795032e-05,GWO,30,250,15,15001015,-2.516700850412535,-2.515848276121817,0.0003387666398962012,False,0.29082950700665156,250,True,3.8574649952352047
hvac,298,Benign,5.456946795795032e-05,GWO,30,250,16,15001016,-2.516700850412535,-2.5103893886094824,0.0025078315533680912,False,0.7912930112641521,250,True,3.998733009211719
hvac,298,Benign,5.456946795795032e-05,GWO,30,250,17,15001017,-2.516700850412535,-2.5066642899398985,0.00398798310533868,False,0.9978489472108082,250,True,3.8809680263511837
hvac,298,Benign,5.456946795795032e-05,GWO,30,250,18,15001018,-2.516700850412535,-2.5133994019943944,0.0013118159902078428,False,0.5723011370439309,250,True,3.872656961902976
hvac,298,Benign,5.456946795795032e-05,GWO,30,250,19,15001019,-2.516700850412535,-2.5082442689096762,0.0033601854195236596,False,0.9159457891665451,250,True,3.877013979945332
hvac,298,Benign,5.456946795795032e-05,GWO,30,250,20,15001020,-2.516700850412535,-2.5164954538853452,8.1613405564795e-05,True,0.1427476275485429,250,True,3.9682709611952305
hvac,298,Benign,5.456946795795032e-05,GWO,30,250,21,15001021,-2.516700850412535,-2.51441912924341,0.0009066318584313531,False,0.4757772115935846,250,True,3.8336750003509223
hvac,298,Benign,5.456946795795032e-05,GWO,30,250,22,15001022,-2.516700850412535,-2.513741755717187,0.0011757832460950262,False,0.5418159461868752,250,True,3.8660140126012266
hvac,298,Benign,5.456946795795032e-05,GWO,30,250,23,15001023,-2.516700850412535,-2.50896334838356,0.0030744623572193973,False,0.8761384477207983,250,True,3.871134016662836
hvac,298,Benign,5.456946795795032e-05,GWO,30,250,24,15001024,-2.516700850412535,-2.512022095669339,0.0018590825931612753,False,0.6812985916385765,250,True,3.896005975548178
hvac,298,Benign,5.456946795795032e-05,GWO,30,250,25,15001025,-2.516700850412535,-2.5155976594418927,0.0004383480740119164,False,0.33082452687517666,250,True,3.9336130139417946
hvac,298,Benign,5.456946795795032e-05,GWO,30,250,26,15001026,-2.516700850412535,-2.5120328485961108,0.0018548099650617142,False,0.6805152454897865,250,True,3.873973968438804
hvac,298,Benign,5.456946795795032e-05,GWO,30,250,27,15001027,-2.516700850412535,-2.512287311838653,0.001753700116229117,False,0.6617071299315664,250,True,3.974872990511358
hvac,298,Benign,5.456946795795032e-05,GWO,30,250,28,15001028,-2.516700850412535,-2.508716814579917,0.0031724214784246054,False,0.8899868496044252,250,True,3.9954300154931843
hvac,298,Benign,5.456946795795032e-05,GWO,30,250,29,15001029,-2.516700850412535,-2.508128412649475,0.003406220394313,False,0.9221987330940042,250,True,3.9448340539820492
hvac,298,Benign,5.456946795795032e-05,GWO,30,500,0,15001000,-2.516700850412535,-2.516584322277585,4.630194126215721e-05,True,0.10751962691446684,500,True,8.262135030236095
hvac,298,Benign,5.456946795795032e-05,GWO,30,500,1,15001001,-2.516700850412535,-2.5155872724344053,0.00044247530569531374,False,0.3323783042850806,500,True,8.233976957853884
hvac,298,Benign,5.456946795795032e-05,GWO,30,500,2,15001002,-2.516700850412535,-2.515075700233615,0.0006457462668452562,False,0.40153101873874286,500,True,8.260158996563405
hvac,298,Benign,5.456946795795032e-05,GWO,30,500,3,15001003,-2.516700850412535,-2.514828074077136,0.0007441394296394781,False,0.4310377503278076,500,True,8.268245030194521
hvac,298,Benign,5.456946795795032e-05,GWO,30,500,4,15001004,-2.516700850412535,-2.5150576828347333,0.0006529054009468674,False,0.40375069170543804,500,True,8.495185000356287
hvac,298,Benign,5.456946795795032e-05,GWO,30,500,5,15001005,-2.516700850412535,-2.5157948161622596,0.0003600087194022531,False,0.29980899499518454,500,True,8.253754989709705
hvac,298,Benign,5.456946795795032e-05,GWO,30,500,6,15001006,-2.516700850412535,-2.515721276496279,0.0003892293818297034,False,0.31173887000776956,500,True,8.405753993429244
hvac,298,Benign,5.456946795795032e-05,GWO,30,500,7,15001007,-2.516700850412535,-2.515028215060845,0.0006646142911327212,False,0.40735493917750143,500,True,8.19040194619447
hvac,298,Benign,5.456946795795032e-05,GWO,30,500,8,15001008,-2.516700850412535,-2.5154680641042617,0.000489842210714645,False,0.34971660342827376,500,True,8.205773949157447
hvac,298,Benign,5.456946795795032e-05,GWO,30,500,9,15001009,-2.516700850412535,-2.5148293801720505,0.0007436204585769341,False,0.4308874188390641,500,True,8.14091699430719
hvac,298,Benign,5.456946795795032e-05,GWO,30,500,10,15001010,-2.516700850412535,-2.515754028560681,0.0003762154932712071,False,0.3064830685224315,500,True,8.146494976244867
hvac,298,Benign,5.456946795795032e-05,GWO,30,500,11,15001011,-2.516700850412535,-2.515402363607233,0.00051594801388065,False,0.3589145966071322,500,True,8.139874029438943
hvac,298,Benign,5.456946795795032e-05,GWO,30,500,12,15001012,-2.516700850412535,-2.5163989272767258,0.0001199678284210718,False,0.17306950332806142,500,True,8.293735038023442
hvac,298,Benign,5.456946795795032e-05,GWO,30,500,13,15001013,-2.516700850412535,-2.515795886070838,0.00035958359594031995,False,0.2996319250245049,500,True,8.22338997386396
hvac,298,Benign,5.456946795795032e-05,GWO,30,500,14,15001014,-2.516700850412535,-2.5139127179644967,0.0011078521500008716,False,0.5259313404118923,500,True,8.085311972536147
hvac,298,Benign,5.456946795795032e-05,GWO,30,500,15,15001015,-2.516700850412535,-2.5147992469580602,0.000755593758456941,False,0.4343425030649223,500,True,8.253068022895604
hvac,298,Benign,5.456946795795032e-05,GWO,30,500,16,15001016,-2.516700850412535,-2.5159547108203393,0.0002964752811497765,False,0.2720710880979834,500,True,8.213138033170253
hvac,298,Benign,5.456946795795032e-05,GWO,30,500,17,15001017,-2.516700850412535,-2.5147175663236307,0.0007880491988467247,False,0.44357270515235336,500,True,8.172966015990824
hvac,298,Benign,5.456946795795032e-05,GWO,30,500,18,15001018,-2.516700850412535,-2.51210215109156,0.0018272729236854645,False,0.675444793368056,500,True,8.446610998362303
hvac,298,Benign,5.456946795795032e-05,GWO,30,500,19,15001019,-2.516700850412535,-2.5157606184362526,0.00037359703523302996,False,0.30541464565817217,500,True,8.37112998124212
hvac,298,Benign,5.456946795795032e-05,GWO,30,500,20,15001020,-2.516700850412535,-2.514512035430333,0.0008697159941926498,False,0.46599030073658404,500,True,8.490074018482119
hvac,298,Benign,5.456946795795032e-05,GWO,30,500,21,15001021,-2.516700850412535,-2.515102338418224,0.0006351617014987512,False,0.3982266318055376,500,True,8.457336982246488
hvac,298,Benign,5.456946795795032e-05,GWO,30,500,22,15001022,-2.516700850412535,-2.5147829882474904,0.0007620540855026472,False,0.43619536505106726,500,True,8.514863962773234
hvac,298,Benign,5.456946795795032e-05,GWO,30,500,23,15001023,-2.516700850412535,-2.5146584048796856,0.0008115567380663482,False,0.4501399854153649,500,True,8.299980021547526
hvac,298,Benign,5.456946795795032e-05,GWO,30,500,24,15001024,-2.516700850412535,-2.515114802519297,0.0006302091458261191,False,0.396671043988509,500,True,8.1168920150958
hvac,298,Benign,5.456946795795032e-05,GWO,30,500,25,15001025,-2.516700850412535,-2.516423472136714,0.00011021503639415406,False,0.1658855561325343,500,True,8.128752990160137
hvac,298,Benign,5.456946795795032e-05,GWO,30,500,26,15001026,-2.516700850412535,-2.515954844646105,0.00029642210607115784,False,0.27204668808154286,500,True,8.673209988046438
hvac,298,Benign,5.456946795795032e-05,GWO,30,500,27,15001027,-2.516700850412535,-2.5156590652290527,0.0004139487548993977,False,0.3214855365495015,500,True,8.312291000038385
hvac,298,Benign,5.456946795795032e-05,GWO,30,500,28,15001028,-2.516700850412535,-2.516081426622761,0.00024612531508175635,False,0.2478941575188277,500,True,8.400283986702561
hvac,298,Benign,5.456946795795032e-05,GWO,30,500,29,15001029,-2.516700850412535,-2.5125580580818214,0.0016461202888037778,False,0.641089896695783,500,True,8.30122095067054
hvac,298,Benign,5.456946795795032e-05,GWO,30,1000,0,15001000,-2.516700850412535,-2.5155512495905423,0.00045678882406880003,False,0.33771152635256874,1000,True,16.774583025835454
hvac,298,Benign,5.456946795795032e-05,GWO,30,1000,1,15001001,-2.516700850412535,-2.516573785254625,5.048878093291791e-05,True,0.11227565330056637,1000,True,16.914241015911102
hvac,298,Benign,5.456946795795032e-05,GWO,30,1000,2,15001002,-2.516700850412535,-2.516119900134166,0.0002308380347524821,False,0.24007217817460666,1000,True,16.76735799992457
hvac,298,Benign,5.456946795795032e-05,GWO,30,1000,3,15001003,-2.516700850412535,-2.5159041786588743,0.00031655401297708797,False,0.28113315111600684,1000,True,16.45739999366924
hvac,298,Benign,5.456946795795032e-05,GWO,30,1000,4,15001004,-2.516700850412535,-2.516223475151399,0.00018968295777297206,False,0.21762175347212842,1000,True,16.514996998012066
hvac,298,Benign,5.456946795795032e-05,GWO,30,1000,5,15001005,-2.516700850412535,-2.5162673245488882,0.00017225959278231829,False,0.20738620146094344,1000,True,16.27323596039787
hvac,298,Benign,5.456946795795032e-05,GWO,30,1000,6,15001006,-2.516700850412535,-2.515845575480259,0.00033983972792630906,False,0.2912897632125279,1000,True,16.631247999612242
hvac,298,Benign,5.456946795795032e-05,GWO,30,1000,7,15001007,-2.516700850412535,-2.5163023671197453,0.0001583355815708448,False,0.19882793848145924,1000,True,16.830081993248314
hvac,298,Benign,5.456946795795032e-05,GWO,30,1000,8,15001008,-2.516700850412535,-2.516297845043038,0.00016013240883641858,False,0.1999529274274435,1000,True,16.833932022564113
hvac,298,Benign,5.456946795795032e-05,GWO,30,1000,9,15001009,-2.516700850412535,-2.5166691433097608,1.2598677657398236e-05,True,0.05608550453757111,1000,True,16.601641022134572
hvac,298,Benign,5.456946795795032e-05,GWO,30,1000,10,15001010,-2.516700850412535,-2.5164075164761464,0.00011655494785595159,False,0.17058997513362625,1000,True,16.65754697751254
hvac,298,Benign,5.456946795795032e-05,GWO,30,1000,11,15001011,-2.516700850412535,-2.5162486967910374,0.00017966125033245302,False,0.21179483150456418,1000,True,16.79987204261124
hvac,298,Benign,5.456946795795032e-05,GWO,30,1000,12,15001012,-2.516700850412535,-2.5166764852769403,9.68137933076191e-06,True,0.04916508190612581,1000,True,16.692431003320962
hvac,298,Benign,5.456946795795032e-05,GWO,30,1000,13,15001013,-2.516700850412535,-2.515760415626847,0.0003736776206572692,False,0.3054475831988467,1000,True,16.796289011836052
hvac,298,Benign,5.456946795795032e-05,GWO,30,1000,14,15001014,-2.516700850412535,-2.5166503985777116,2.0046814390113764e-05,True,0.0707474568726476,1000,True,17.0334079884924
hvac,298,Benign,5.456946795795032e-05,GWO,30,1000,15,15001015,-2.516700850412535,-2.516207160377805,0.0001961655612145542,False,0.2213092319457893,1000,True,17.501568014267832
hvac,298,Benign,5.456946795795032e-05,GWO,30,1000,16,15001016,-2.516700850412535,-2.516494488780367,8.199688577778834e-05,True,0.14308260148880675,1000,True,17.075417039450258
hvac,298,Benign,5.456946795795032e-05,GWO,30,1000,17,15001017,-2.516700850412535,-2.5166801014013025,8.244528239946511e-06,True,0.04537023761346205,1000,True,16.843546996824443
hvac,298,Benign,5.456946795795032e-05,GWO,30,1000,18,15001018,-2.516700850412535,-2.516105474440801,0.0002365700204840475,False,0.2430345414241852,1000,True,16.670276992954314
hvac,298,Benign,5.456946795795032e-05,GWO,30,1000,19,15001019,-2.516700850412535,-2.516437153294239,0.00010477888869990225,False,0.16174283181231622,1000,True,16.7061029933393
hvac,298,Benign,5.456946795795032e-05,GWO,30,1000,20,15001020,-2.516700850412535,-2.516170190154253,0.00021085551673541344,False,0.2294460750787684,1000,True,17.029749986249954
hvac,298,Benign,5.456946795795032e-05,GWO,30,1000,21,15001021,-2.516700850412535,-2.5166234282195066,3.0763367452254534e-05,True,0.08764054818541132,1000,True,17.26231799693778
hvac,298,Benign,5.456946795795032e-05,GWO,30,1000,22,15001022,-2.516700850412535,-2.5161142014349123,0.00023310238780536313,False,0.24124677134924338,1000,True,16.775040014181286
hvac,298,Benign,5.456946795795032e-05,GWO,30,1000,23,15001023,-2.516700850412535,-2.516680302341314,8.164685611346516e-06,True,0.04515001324114406,1000,True,16.837236005812883
hvac,298,Benign,5.456946795795032e-05,GWO,30,1000,24,15001024,-2.516700850412535,-2.5155417873309083,0.00046054861126500223,False,0.3390985145304189,1000,True,16.585124016273767
hvac,298,Benign,5.456946795795032e-05,GWO,30,1000,25,15001025,-2.516700850412535,-2.516488886791692,8.422281130812906e-05,True,0.14501169057189806,1000,True,16.5614879806526
hvac,298,Benign,5.456946795795032e-05,GWO,30,1000,26,15001026,-2.516700850412535,-2.516328738057404,0.00014785720562299624,False,0.19213628776953456,1000,True,16.7088889866136
hvac,298,Benign,5.456946795795032e-05,GWO,30,1000,27,15001027,-2.516700850412535,-2.5163125833831193,0.00015427619430903876,False,0.19626262677201284,1000,True,17.253898025956005
hvac,298,Benign,5.456946795795032e-05,GWO,30,1000,28,15001028,-2.516700850412535,-2.5164741536927964,9.007694327344881e-05,True,0.14996674622189393,1000,True,18.134821963030845
hvac,298,Benign,5.456946795795032e-05,GWO,30,1000,29,15001029,-2.516700850412535,-2.5163092719213274,0.0001555919890692088,False,0.19709779479030173,1000,True,16.992751974612474
hvac,298,Benign,5.456946795795032e-05,GWO,30,2000,0,15001000,-2.516700850412535,-2.5164872078127773,8.48899461860349e-05,True,0.14558488166845046,2000,True,33.80772902164608
hvac,298,Benign,5.456946795795032e-05,GWO,30,2000,1,15001001,-2.516700850412535,-2.5166141045565062,3.4468083886390316e-05,True,0.09276768511462065,2000,True,33.66340999491513
hvac,298,Benign,5.456946795795032e-05,GWO,30,2000,2,15001002,-2.516700850412535,-2.5166688503894896,1.2715068237193168e-05,True,0.05634397677845174,2000,True,33.944099966902286
hvac,298,Benign,5.456946795795032e-05,GWO,30,2000,3,15001003,-2.516700850412535,-2.5164930543011574,8.256686977465616e-05,True,0.14357904454273243,2000,True,33.966521034017205
hvac,298,Benign,5.456946795795032e-05,GWO,30,2000,4,15001004,-2.516700850412535,-2.51659109393443,4.361125323543789e-05,True,0.1043487935353286,2000,True,34.00046000024304
hvac,298,Benign,5.456946795795032e-05,GWO,30,2000,5,15001005,-2.516700850412535,-2.516690568700657,4.085392936808347e-06,True,0.031937805061993015,2000,True,34.30794598534703
hvac,298,Benign,5.456946795795032e-05,GWO,30,2000,6,15001006,-2.516700850412535,-2.516555578415046,5.772318846137291e-05,True,0.12005031524208605,2000,True,33.45598897431046
hvac,298,Benign,5.456946795795032e-05,GWO,30,2000,7,15001007,-2.516700850412535,-2.516585612915738,4.5789111875786573e-05,True,0.1069225379717666,2000,True,33.31221698317677
hvac,298,Benign,5.456946795795032e-05,GWO,30,2000,8,15001008,-2.516700850412535,-2.5166881648790036,5.040540884921087e-06,True,0.03547535251956195,2000,True,33.857274975162
hvac,298,Benign,5.456946795795032e-05,GWO,30,2000,9,15001009,-2.516700850412535,-2.5164785516586625,8.832943090405726e-05,True,0.14850492777795432,2000,True,33.83892198326066
hvac,298,Benign,5.456946795795032e-05,GWO,30,2000,10,15001010,-2.516700850412535,-2.5166262842067812,2.9628553485705197e-05,True,0.08600889602945831,2000,True,33.614139014389366
hvac,298,Benign,5.456946795795032e-05,GWO,30,2000,11,15001011,-2.516700850412535,-2.516543050705005,6.27010188772707e-05,True,0.12511962895148035,2000,True,34.56866700435057
hvac,298,Benign,5.456946795795032e-05,GWO,30,2000,12,15001012,-2.516700850412535,-2.516483618859489,8.631600097031633e-05,True,0.1468026193126487,2000,True,33.98623102111742
hvac,298,Benign,5.456946795795032e-05,GWO,30,2000,13,15001013,-2.516700850412535,-2.5166327933473283,2.7042175153954172e-05,True,0.08216918124148014,2000,True,33.48990494851023
hvac,298,Benign,5.456946795795032e-05,GWO,30,2000,14,15001014,-2.516700850412535,-2.5165777135280964,4.892789876817646e-05,True,0.11052650348191646,2000,True,33.6236740113236
hvac,298,Benign,5.456946795795032e-05,GWO,30,2000,15,15001015,-2.516700850412535,-2.5166436418181135,2.273158306134468e-05,True,0.07533607499610775,2000,True,33.866284997202456
hvac,298,Benign,5.456946795795032e-05,GWO,30,2000,16,15001016,-2.516700850412535,-2.516534908087592,6.59364520483946e-05,True,0.12830717297448221,2000,True,33.40552601730451
hvac,298,Benign,5.456946795795032e-05,GWO,30,2000,17,15001017,-2.516700850412535,-2.516532029492602,6.708024909104202e-05,True,0.12941525792430242,2000,True,33.2840770133771
hvac,298,Benign,5.456946795795032e-05,GWO,30,2000,18,15001018,-2.516700850412535,-2.5164068456210233,0.00011682150918480337,False,0.17078493352808755,2000,True,34.00299302302301
hvac,298,Benign,5.456946795795032e-05,GWO,30,2000,19,15001019,-2.516700850412535,-2.516644230391892,2.249771586234592e-05,True,0.0749475365389116,2000,True,33.62894698511809
hvac,298,Benign,5.456946795795032e-05,GWO,30,2000,20,15001020,-2.516700850412535,-2.51658638330047,4.548300289510219e-05,True,0.10656453973321832,2000,True,34.23552599269897
hvac,298,Benign,5.456946795795032e-05,GWO,30,2000,21,15001021,-2.516700850412535,-2.516631658841384,2.7492966094845792e-05,True,0.08285122747529963,2000,True,34.26171402679756
hvac,298,Benign,5.456946795795032e-05,GWO,30,2000,22,15001022,-2.516700850412535,-2.516698332526717,1.0004708416784994e-06,True,0.0158048495652448,2000,True,34.359591954853386
hvac,298,Benign,5.456946795795032e-05,GWO,30,2000,23,15001023,-2.516700850412535,-2.5166832520629057,6.9926267266411035e-06,True,0.04178383730828702,2000,True,33.6537710390985
hvac,298,Benign,5.456946795795032e-05,GWO,30,2000,24,15001024,-2.516700850412535,-2.5166377011517564,2.5092080677137557e-05,True,0.07915101460376682,2000,True,33.64054503617808
hvac,298,Benign,5.456946795795032e-05,GWO,30,2000,25,15001025,-2.516700850412535,-2.5165689626705094,5.240501349381769e-05,True,0.1143864461898809,2000,True,34.30893301265314
hvac,298,Benign,5.456946795795032e-05,GWO,30,2000,26,15001026,-2.516700850412535,-2.5166181064942834,3.287793153415149e-05,True,0.09060254401006053,2000,True,33.78930198960006
hvac,298,Benign,5.456946795795032e-05,GWO,30,2000,27,15001027,-2.516700850412535,-2.516560233232206,5.587361736141373e-05,True,0.11811132551796813,2000,True,33.707140013575554
hvac,298,Benign,5.456946795795032e-05,GWO,30,2000,28,15001028,-2.516700850412535,-2.516677625802396,9.228196563461964e-06,True,0.04800058907098905,2000,True,35.877751011867076
hvac,298,Benign,5.456946795795032e-05,GWO,30,2000,29,15001029,-2.516700850412535,-2.516474141306204,9.008186503131063e-05,True,0.14997084320004828,2000,True,34.34328798903152
hvac,298,Benign,5.456946795795032e-05,GWO,30,5000,0,15001000,-2.516700850412535,-2.5166351424964706,2.6108751087308693e-05,True,0.08073859690248787,5000,True,86.1264819977805
hvac,298,Benign,5.456946795795032e-05,GWO,30,5000,1,15001001,-2.516700850412535,-2.5166806314628727,8.033910609287274e-06,True,0.044786966339506754,5000,True,86.13261301070452
hvac,298,Benign,5.456946795795032e-05,GWO,30,5000,2,15001002,-2.516700850412535,-2.5166691121321207,1.261106595536386e-05,True,0.05611307223884007,5000,True,85.94184700632468
hvac,298,Benign,5.456946795795032e-05,GWO,30,5000,3,15001003,-2.516700850412535,-2.5166905980274974,4.07374004587902e-06,True,0.03189222393833366,5000,True,86.87223598826677
hvac,298,Benign,5.456946795795032e-05,GWO,30,5000,4,15001004,-2.516700850412535,-2.5166914724421026,3.726295253215546e-06,True,0.0305018921036357,5000,True,87.83118397695944
hvac,298,Benign,5.456946795795032e-05,GWO,30,5000,5,15001005,-2.516700850412535,-2.516686014714587,5.894899247133303e-06,True,0.03836421728209304,5000,True,86.52506698854268
hvac,298,Benign,5.456946795795032e-05,GWO,30,5000,6,15001006,-2.516700850412535,-2.516692862305501,3.174039152390005e-06,True,0.028151029943171403,5000,True,85.87029395857826
hvac,298,Benign,5.456946795795032e-05,GWO,30,5000,7,15001007,-2.516700850412535,-2.5166968258810094,1.5991298787676834e-06,True,0.019981588802214106,5000,True,85.48956399317831
hvac,298,Benign,5.456946795795032e-05,GWO,30,5000,8,15001008,-2.516700850412535,-2.5166907211480014,4.024818655800413e-06,True,0.03170014929041325,5000,True,85.60776099329814
hvac,298,Benign,5.456946795795032e-05,GWO,30,5000,9,15001009,-2.516700850412535,-2.5166673674015936,1.3304326946982515e-05,True,0.057634775112093986,5000,True,85.71963402209803
hvac,298,Benign,5.456946795795032e-05,GWO,30,5000,10,15001010,-2.516700850412535,-2.5166605832273414,1.599998871029384e-05,True,0.06320449804312926,5000,True,87.59678096976131
hvac,298,Benign,5.456946795795032e-05,GWO,30,5000,11,15001011,-2.516700850412535,-2.5166753160772184,1.0145955691411644e-05,True,0.050330892251155286,5000,True,85.67700098501518
hvac,298,Benign,5.456946795795032e-05,GWO,30,5000,12,15001012,-2.516700850412535,-2.516671453841566,1.1680598019502597e-05,True,0.05400334831865234,5000,True,85.58209799230099
hvac,298,Benign,5.456946795795032e-05,GWO,30,5000,13,15001013,-2.516700850412535,-2.5166775430655006,9.261071704559235e-06,True,0.04808601326154096,5000,True,85.81763005349785
hvac,298,Benign,5.456946795795032e-05,GWO,30,5000,14,15001014,-2.516700850412535,-2.516672997283027,1.1067318351953868e-05,True,0.052566534893370535,5000,True,85.10144695173949
hvac,298,Benign,5.456946795795032e-05,GWO,30,5000,15,15001015,-2.516700850412535,-2.5166879077503386,5.142709827640058e-06,True,0.03583308163780492,5000,True,85.98887297557667
hvac,298,Benign,5.456946795795032e-05,GWO,30,5000,16,15001016,-2.516700850412535,-2.5166865237577234,5.692633198529103e-06,True,0.037700295086384054,5000,True,86.30937698762864
hvac,298,Benign,5.456946795795032e-05,GWO,30,5000,17,15001017,-2.516700850412535,-2.516692311844427,3.392762436075328e-06,True,0.02910481708524217,5000,True,85.3778769960627
hvac,298,Benign,5.456946795795032e-05,GWO,30,5000,18,15001018,-2.516700850412535,-2.516680344105262,8.148090890407456e-06,True,0.04510410619833403,5000,True,84.65895301196724
hvac,298,Benign,5.456946795795032e-05,GWO,30,5000,19,15001019,-2.516700850412535,-2.516690855715562,3.9713488281774535e-06,True,0.03148887655632086,5000,True,86.28736605169252
hvac,298,Benign,5.456946795795032e-05,GWO,30,5000,20,15001020,-2.516700850412535,-2.516685439833295,6.123325796840041e-06,True,0.03910045690201587,5000,True,86.03077498264611
hvac,298,Benign,5.456946795795032e-05,GWO,30,5000,21,15001021,-2.516700850412535,-2.5166537509735467,1.871475466811505e-05,True,0.06835656298608321,5000,True,88.06796901626512
hvac,298,Benign,5.456946795795032e-05,GWO,30,5000,22,15001022,-2.516700850412535,-2.516673850189672,1.0728419652600657e-05,True,0.05175544242176109,5000,True,87.46652898844332
hvac,298,Benign,5.456946795795032e-05,GWO,30,5000,23,15001023,-2.516700850412535,-2.516682330533875,7.358792228874187e-06,True,0.042863873949534136,5000,True,84.39049200387672
hvac,298,Benign,5.456946795795032e-05,GWO,30,5000,24,15001024,-2.516700850412535,-2.516690325672638,4.181959049941171e-06,True,0.03231305625019499,5000,True,86.6025069844909
hvac,298,Benign,5.456946795795032e-05,GWO,30,5000,25,15001025,-2.516700850412535,-2.516694747129044,2.425112817855588e-06,True,0.02460674236754627,5000,True,86.38408000115305
hvac,298,Benign,5.456946795795032e-05,GWO,30,5000,26,15001026,-2.516700850412535,-2.516678227560931,8.989090459570867e-06,True,0.04737465103928339,5000,True,86.57048997702077
hvac,298,Benign,5.456946795795032e-05,GWO,30,5000,27,15001027,-2.516700850412535,-2.5166847752571133,6.387392215990562e-06,True,0.039934655377243354,5000,True,86.76352695329115
hvac,298,Benign,5.456946795795032e-05,GWO,30,5000,28,15001028,-2.516700850412535,-2.516686713813124,5.617115521996585e-06,True,0.03744939676730503,5000,True,86.04157599620521
hvac,298,Benign,5.456946795795032e-05,GWO,30,5000,29,15001029,-2.516700850412535,-2.516690340920335,4.1759004445552865e-06,True,0.032289641029196424,5000,True,86.07266697799787
hvac,298,Benign,5.456946795795032e-05,PSO,8,250,0,15002000,-2.516700850412535,-2.511134338745161,0.002211828897527392,False,0.743128491499965,250,True,1.1976810055784881
hvac,298,Benign,5.456946795795032e-05,PSO,8,250,1,15002001,-2.516700850412535,-2.5157215514147024,0.00038912014420476414,False,0.3116951219919167,250,True,1.1714919819496572
hvac,298,Benign,5.456946795795032e-05,PSO,8,250,2,15002002,-2.516700850412535,-2.478777493999961,0.015068678665705505,False,1.9396605581355533,250,True,1.1492680059745908
hvac,298,Benign,5.456946795795032e-05,PSO,8,250,3,15002003,-2.516700850412535,-2.5089760019992875,0.00306943449873332,False,0.875421752536916,250,True,1.1468289885669947
hvac,298,Benign,5.456946795795032e-05,PSO,8,250,4,15002004,-2.516700850412535,-2.4798865555865954,0.01462799792828187,False,1.9110875962980207,250,True,1.1498480453155935
hvac,298,Benign,5.456946795795032e-05,PSO,8,250,5,15002005,-2.516700850412535,-2.488537631207265,0.011190531127548833,False,1.6715273941010542,250,True,1.1476610088720918
hvac,298,Benign,5.456946795795032e-05,PSO,8,250,6,15002006,-2.516700850412535,-2.5051253043432746,0.004599492254855454,False,1.071625635993946,250,True,1.150693977251649
hvac,298,Benign,5.456946795795032e-05,PSO,8,250,7,15002007,-2.516700850412535,-2.5088207858393092,0.003131108956368133,False,0.8841729802294118,250,True,1.1595009709708393
hvac,298,Benign,5.456946795795032e-05,PSO,8,250,8,15002008,-2.516700850412535,-2.4981996554567836,0.007351368341103769,False,1.354790805838259,250,True,1.164949033409357
hvac,298,Benign,5.456946795795032e-05,PSO,8,250,9,15002009,-2.516700850412535,-2.5072200300269065,0.0037671622291042695,False,0.9698293213238995,250,True,1.1461970279924572
hvac,298,Benign,5.456946795795032e-05,PSO,8,250,10,15002010,-2.516700850412535,-2.5166282283476193,2.8856057685190713e-05,True,0.08488024944194797,250,True,1.149059971794486
hvac,298,Benign,5.456946795795032e-05,PSO,8,250,11,15002011,-2.516700850412535,-2.4952664797880697,0.00851685277610647,False,1.458235674442856,250,True,1.1542889988049865
hvac,298,Benign,5.456946795795032e-05,PSO,8,250,12,15002012,-2.516700850412535,-2.515910155080018,0.00031417930835426003,False,0.2800766726849402,250,True,1.149989024270326
hvac,298,Benign,5.456946795795032e-05,PSO,8,250,13,15002013,-2.516700850412535,-2.5075276725679054,0.0036449218202179766,False,0.9539645966069688,250,True,1.164336979854852
hvac,298,Benign,5.456946795795032e-05,PSO,8,250,14,15002014,-2.516700850412535,-2.4962652943955943,0.00811997819033245,False,1.4238543945189244,250,True,1.1485139839351177
hvac,298,Benign,5.456946795795032e-05,PSO,8,250,15,15002015,-2.516700850412535,-2.457474617343646,0.02353328289263342,False,2.423982089515699,250,True,1.1652419925667346
hvac,298,Benign,5.456946795795032e-05,PSO,8,250,16,15002016,-2.516700850412535,-2.4865856689375945,0.011966134739456338,False,1.7284829225242047,250,True,1.1506180162541568
hvac,298,Benign,5.456946795795032e-05,PSO,8,250,17,15002017,-2.516700850412535,-2.503525256755559,0.005235264117631093,False,1.1432927430239204,250,True,1.1483049602247775
hvac,298,Benign,5.456946795795032e-05,PSO,8,250,18,15002018,-2.516700850412535,-2.514167447402631,0.0010066365295219575,False,0.5013309209730427,250,True,1.2669109855778515
hvac,298,Benign,5.456946795795032e-05,PSO,8,250,19,15002019,-2.516700850412535,-2.5147991732053647,0.0007556230637657123,False,0.4343509258540116,250,True,1.1925200233235955
hvac,298,Benign,5.456946795795032e-05,PSO,8,250,20,15002020,-2.516700850412535,-2.51317711335433,0.001400141402434648,False,0.5912540082241358,250,True,1.1448279838077724
hvac,298,Benign,5.456946795795032e-05,PSO,8,250,21,15002021,-2.516700850412535,-2.4739872048846525,0.016972078950456555,False,2.058522746408297,250,True,1.1428959551267326
hvac,298,Benign,5.456946795795032e-05,PSO,8,250,22,15002022,-2.516700850412535,-2.496530899835316,0.008014441038517957,False,1.4145710565789,250,True,1.1439689551480114
hvac,298,Benign,5.456946795795032e-05,PSO,8,250,23,15002023,-2.516700850412535,-2.497759979184125,0.007526071771821935,False,1.3707944159761192,250,True,1.1561980354599655
hvac,298,Benign,5.456946795795032e-05,PSO,8,250,24,15002024,-2.516700850412535,-2.513112667017513,0.0014257488705637202,False,0.5966362919033694,250,True,1.150827039964497
hvac,298,Benign,5.456946795795032e-05,PSO,8,250,25,15002025,-2.516700850412535,-2.502272397281113,0.005733082312527201,False,1.1964160691657308,250,True,1.1457759537734091
hvac,298,Benign,5.456946795795032e-05,PSO,8,250,26,15002026,-2.516700850412535,-2.4982149810463783,0.007345278785568313,False,1.3542295643154658,250,True,1.1547180474735796
hvac,298,Benign,5.456946795795032e-05,PSO,8,250,27,15002027,-2.516700850412535,-2.5109138935764266,0.002299421814539477,False,0.7577003232329269,250,True,1.201154023874551
hvac,298,Benign,5.456946795795032e-05,PSO,8,250,28,15002028,-2.516700850412535,-2.5069234205518596,0.0038850186978213715,False,0.9848831458246493,250,True,1.2337049702182412
hvac,298,Benign,5.456946795795032e-05,PSO,8,250,29,15002029,-2.516700850412535,-2.5125428467474356,0.0016521644455351485,False,0.6422657819774986,250,True,1.1497680097818375
hvac,298,Benign,5.456946795795032e-05,PSO,8,500,0,15002000,-2.516700850412535,-2.516699844971956,3.995073864552933e-07,True,0.00998735656772436,500,True,2.2358630085363984
hvac,298,Benign,5.456946795795032e-05,PSO,8,500,1,15002001,-2.516700850412535,-2.516603977114123,3.849217851874144e-05,True,0.09803347433235467,500,True,2.499485039152205
hvac,298,Benign,5.456946795795032e-05,PSO,8,500,2,15002002,-2.516700850412535,-2.5160008966689142,0.00027812353760926247,False,0.26351601925967394,500,True,2.21688998863101
hvac,298,Benign,5.456946795795032e-05,PSO,8,500,3,15002003,-2.516700850412535,-2.516661837529664,1.5501597206096854e-05,True,0.06221231649511595,500,True,2.265663002617657
hvac,298,Benign,5.456946795795032e-05,PSO,8,500,4,15002004,-2.516700850412535,-2.5166896840206445,4.436916643812902e-06,True,0.033283484247084064,500,True,2.216109016444534
hvac,298,Benign,5.456946795795032e-05,PSO,8,500,5,15002005,-2.516700850412535,-2.516551533157329,5.933055380085587e-05,True,0.12171030476233145,500,True,2.2346830228343606
hvac,298,Benign,5.456946795795032e-05,PSO,8,500,6,15002006,-2.516700850412535,-2.51499821676338,0.0006765339825256325,False,0.41099161047891686,500,True,2.279018983244896
hvac,298,Benign,5.456946795795032e-05,PSO,8,500,7,15002007,-2.516700850412535,-2.516669439229408,1.2481095288814304e-05,True,0.05582317037976201,500,True,2.2774399840272963
hvac,298,Benign,5.456946795795032e-05,PSO,8,500,8,15002008,-2.516700850412535,-2.515833857394602,0.0003444958576586128,False,0.29327844878662807,500,True,2.4080139701254666
hvac,298,Benign,5.456946795795032e-05,PSO,8,500,9,15002009,-2.516700850412535,-2.5164488695757514,0.00010012347583642666,False,0.1581088237406021,500,True,2.2761800209991634
hvac,298,Benign,5.456946795795032e-05,PSO,8,500,10,15002010,-2.516700850412535,-2.516603714786401,3.8596413283760995e-05,True,0.09816611923183292,500,True,2.2756560356356204
hvac,298,Benign,5.456946795795032e-05,PSO,8,500,11,15002011,-2.516700850412535,-2.5166680822972523,1.302026630522848e-05,True,0.05701617544517519,500,True,2.2931229905225337
hvac,298,Benign,5.456946795795032e-05,PSO,8,500,12,15002012,-2.516700850412535,-2.516680970383207,7.899242106907119e-06,True,0.044410008982813054,500,True,2.3356530000455678
hvac,298,Benign,5.456946795795032e-05,PSO,8,500,13,15002013,-2.516700850412535,-2.5159608091046777,0.00029405215472321037,False,0.2709569728295929,500,True,2.3442789679393172
hvac,298,Benign,5.456946795795032e-05,PSO,8,500,14,15002014,-2.516700850412535,-2.5165193538119937,7.211687496025338e-05,True,0.13418581197776908,500,True,2.3032749886624515
hvac,298,Benign,5.456946795795032e-05,PSO,8,500,15,15002015,-2.516700850412535,-2.5162504150367195,0.00017897851297735614,False,0.21139202378118233,500,True,2.2806249908171594
hvac,298,Benign,5.456946795795032e-05,PSO,8,500,16,15002016,-2.516700850412535,-2.5166432896883624,2.2871500267268378e-05,True,0.07556757323615604,500,True,2.2678999812342227
hvac,298,Benign,5.456946795795032e-05,PSO,8,500,17,15002017,-2.516700850412535,-2.5163375577190807,0.00014435275189537326,False,0.18984566390777252,500,True,2.2688329918310046
hvac,298,Benign,5.456946795795032e-05,PSO,8,500,18,15002018,-2.516700850412535,-2.516436778896844,0.00010492765385600059,False,0.16185761252836012,500,True,2.270349010359496
hvac,298,Benign,5.456946795795032e-05,PSO,8,500,19,15002019,-2.516700850412535,-2.516422196385515,0.00011072195051495414,False,0.16626659868563434,500,True,2.2696630330756307
hvac,298,Benign,5.456946795795032e-05,PSO,8,500,20,15002020,-2.516700850412535,-2.516483848501354,8.622475378651151e-05,True,0.14672500410676104,500,True,2.257403975818306
hvac,298,Benign,5.456946795795032e-05,PSO,8,500,21,15002021,-2.516700850412535,-2.5161466956195526,0.00022019096663465618,False,0.23447033153240315,500,True,2.29282199870795
hvac,298,Benign,5.456946795795032e-05,PSO,8,500,22,15002022,-2.516700850412535,-2.5161583621690786,0.00021555531455702082,False,0.2319890659370727,500,True,2.277568040881306
hvac,298,Benign,5.456946795795032e-05,PSO,8,500,23,15002023,-2.516700850412535,-2.5166908106318004,3.9892626623168745e-06,True,0.03155981617088797,500,True,2.268333046231419
hvac,298,Benign,5.456946795795032e-05,PSO,8,500,24,15002024,-2.516700850412535,-2.516460840722469,9.536679340612958e-05,True,0.15430739465507068,500,True,2.2653280175291
hvac,298,Benign,5.456946795795032e-05,PSO,8,500,25,15002025,-2.516700850412535,-2.516621684177723,3.145635477458563e-05,True,0.0886221630697033,500,True,2.2823759936727583
hvac,298,Benign,5.456946795795032e-05,PSO,8,500,26,15002026,-2.516700850412535,-2.516123583713293,0.00022937438080789335,False,0.23930986585728514,500,True,2.266876050271094
hvac,298,Benign,5.456946795795032e-05,PSO,8,500,27,15002027,-2.516700850412535,-2.5165007984725767,7.948975736458387e-05,True,0.140878180672101,500,True,2.2577649797312915
hvac,298,Benign,5.456946795795032e-05,PSO,8,500,28,15002028,-2.516700850412535,-2.5164908323894473,8.344973660795979e-05,True,0.14434463078459842,500,True,2.268781012389809
hvac,298,Benign,5.456946795795032e-05,PSO,8,500,29,15002029,-2.516700850412535,-2.5166849539602163,6.316385324983719e-06,True,0.039712063724152535,500,True,2.2684920113533735
hvac,298,Benign,5.456946795795032e-05,PSO,8,1000,0,15002000,-2.516700850412535,-2.5167008499912287,1.6740430041070418e-10,True,0.0002044428061981285,1000,True,4.7863179934211075
hvac,298,Benign,5.456946795795032e-05,PSO,8,1000,1,15002001,-2.516700850412535,-2.5167007714427627,3.137829133965162e-08,True,0.002798999330355918,1000,True,4.546514013782144
hvac,298,Benign,5.456946795795032e-05,PSO,8,1000,2,15002002,-2.516700850412535,-2.516700838708527,4.650536207818866e-09,True,0.0010775555279238075,1000,True,4.460925003513694
hvac,298,Benign,5.456946795795032e-05,PSO,8,1000,3,15002003,-2.516700850412535,-2.516700849181266,4.892394376274714e-10,True,0.0003495014916630406,1000,True,4.595331032760441
hvac,298,Benign,5.456946795795032e-05,PSO,8,1000,4,15002004,-2.516700850412535,-2.516700849729564,2.7137552441538583e-10,True,0.00026029974492412913,1000,True,4.560558998491615
hvac,298,Benign,5.456946795795032e-05,PSO,8,1000,5,15002005,-2.516700850412535,-2.5167008463877787,1.5992192824165222e-09,True,0.0006318909973433376,1000,True,4.548394994344562
hvac,298,Benign,5.456946795795032e-05,PSO,8,1000,6,15002006,-2.516700850412535,-2.516700695436504,6.157904349014849e-08,True,0.00392107021925633,1000,True,4.427674051839858
hvac,298,Benign,5.456946795795032e-05,PSO,8,1000,7,15002007,-2.516700850412535,-2.5167004376056,1.6402701784515997e-07,True,0.006399497056324667,1000,True,4.360766964964569
hvac,298,Benign,5.456946795795032e-05,PSO,8,1000,8,15002008,-2.516700850412535,-2.516700757184277,3.7043837763680215e-08,True,0.003041208074157853,1000,True,4.661338985897601
hvac,298,Benign,5.456946795795032e-05,PSO,8,1000,9,15002009,-2.516700850412535,-2.516700846875596,1.4053872097661687e-09,True,0.0005923606280578694,1000,True,4.478429036680609
hvac,298,Benign,5.456946795795032e-05,PSO,8,1000,10,15002010,-2.516700850412535,-2.5167004097309795,1.7510287550424496e-07,True,0.006612029585187369,1000,True,4.45728498743847
hvac,298,Benign,5.456946795795032e-05,PSO,8,1000,11,15002011,-2.516700850412535,-2.5167007652456377,3.384069168188565e-08,True,0.002906750565243509,1000,True,4.398533026687801
hvac,298,Benign,5.456946795795032e-05,PSO,8,1000,12,15002012,-2.516700850412535,-2.5166918723836527,3.567380239524361e-06,True,0.029844399825343416,1000,True,4.527539014816284
hvac,298,Benign,5.456946795795032e-05,PSO,8,1000,13,15002013,-2.516700850412535,-2.5167005555521884,1.1716146031311544e-07,True,0.005408546111178072,1000,True,4.44955297280103
hvac,298,Benign,5.456946795795032e-05,PSO,8,1000,14,15002014,-2.516700850412535,-2.5167004847759165,1.4528410029342358e-07,True,0.006022782683994418,1000,True,4.379215009976178
hvac,298,Benign,5.456946795795032e-05,PSO,8,1000,15,15002015,-2.516700850412535,-2.516700834015895,6.515132715525172e-09,True,0.001275409908999426,1000,True,4.440865013748407
hvac,298,Benign,5.456946795795032e-05,PSO,8,1000,16,15002016,-2.516700850412535,-2.516693427636116,2.949407522185309e-06,True,0.027136606705374995,1000,True,4.441881028469652
hvac,298,Benign,5.456946795795032e-05,PSO,8,1000,17,15002017,-2.516700850412535,-2.5167005898992736,1.0351379727426326e-07,True,0.005083786102543538,1000,True,4.47149301180616
hvac,298,Benign,5.456946795795032e-05,PSO,8,1000,18,15002018,-2.516700850412535,-2.5167007063445794,5.724476779341818e-08,True,0.0037805592379850047,1000,True,4.489198967348784
hvac,298,Benign,5.456946795795032e-05,PSO,8,1000,19,15002019,-2.516700850412535,-2.5167008484510616,7.793829170629822e-10,True,0.000441126942234136,1000,True,4.422323952894658
hvac,298,Benign,5.456946795795032e-05,PSO,8,1000,20,15002020,-2.516700850412535,-2.5167008259040666,9.738332064340296e-09,True,0.001559302731575308,1000,True,4.472534987144172
hvac,298,Benign,5.456946795795032e-05,PSO,8,1000,21,15002021,-2.516700850412535,-2.516700841854748,3.4003991242077497e-09,True,0.0009214104034551616,1000,True,4.428094951435924
hvac,298,Benign,5.456946795795032e-05,PSO,8,1000,22,15002022,-2.516700850412535,-2.516700808666346,1.6587664427953005e-08,True,0.002035076651989268,1000,True,4.450862004887313
hvac,298,Benign,5.456946795795032e-05,PSO,8,1000,23,15002023,-2.516700850412535,-2.516699859807688,3.936124735990987e-07,True,0.009913398743500437,1000,True,4.460391006432474
hvac,298,Benign,5.456946795795032e-05,PSO,8,1000,24,15002024,-2.516700850412535,-2.516700847040205,1.3399806394813848e-09,True,0.0005784121879551558,1000,True,4.459263000171632
hvac,298,Benign,5.456946795795032e-05,PSO,8,1000,25,15002025,-2.516700850412535,-2.5167008488283553,6.29466906292505e-10,True,0.00039643743081924966,1000,True,4.447302024345845
hvac,298,Benign,5.456946795795032e-05,PSO,8,1000,26,15002026,-2.516700850412535,-2.5167008481677655,8.919493562710324e-10,True,0.0004719090597661846,1000,True,4.468397004529834
hvac,298,Benign,5.456946795795032e-05,PSO,8,1000,27,15002027,-2.516700850412535,-2.516695748792431,2.027106282141481e-06,True,0.022497093258833454,1000,True,4.467262013349682
hvac,298,Benign,5.456946795795032e-05,PSO,8,1000,28,15002028,-2.516700850412535,-2.5167008502579784,6.14124685371296e-11,True,0.00012382746087624317,1000,True,4.489990998990834
hvac,298,Benign,5.456946795795032e-05,PSO,8,1000,29,15002029,-2.516700850412535,-2.516700792123309,2.3160967393083944e-08,True,0.0024047309786824765,1000,True,4.4447219697758555
hvac,298,Benign,5.456946795795032e-05,PSO,8,2000,0,15002000,-2.516700850412535,-2.5167008504125308,1.764568918778201e-15,True,6.734188435571343e-07,2000,True,8.871139027178288
hvac,298,Benign,5.456946795795032e-05,PSO,8,2000,1,15002001,-2.516700850412535,-2.516700850412535,0.0,True,1.8798978679954047e-07,2000,True,8.99639999261126
hvac,298,Benign,5.456946795795032e-05,PSO,8,2000,2,15002002,-2.516700850412535,-2.5167008504125348,1.764568918778201e-16,True,3.6697414089763093e-07,2000,True,8.903822978027165
hvac,298,Benign,5.456946795795032e-05,PSO,8,2000,3,15002003,-2.516700850412535,-2.516700850412531,1.5881120269003808e-15,True,6.625562134951064e-07,2000,True,9.216924023348838
hvac,298,Benign,5.456946795795032e-05,PSO,8,2000,4,15002004,-2.516700850412535,-2.516700850412422,4.4996507428844126e-14,True,3.355215107245546e-06,2000,True,8.852421015035361
hvac,298,Benign,5.456946795795032e-05,PSO,8,2000,5,15002005,-2.516700850412535,-2.5167008504125175,7.058275675112804e-15,True,1.3201581548487915e-06,2000,True,8.976296987384558
hvac,298,Benign,5.456946795795032e-05,PSO,8,2000,6,15002006,-2.516700850412535,-2.51670085041253,2.117482702533841e-15,True,7.388784682847078e-07,2000,True,8.656872028950602
hvac,298,Benign,5.456946795795032e-05,PSO,8,2000,7,15002007,-2.516700850412535,-2.516700850412536,3.529137837556402e-16,True,5.228421048395383e-08,2000,True,8.566116041038185
hvac,298,Benign,5.456946795795032e-05,PSO,8,2000,8,15002008,-2.516700850412535,-2.5167008504125086,1.0587413512669206e-14,True,1.6288730624397353e-06,2000,True,8.587470976635814
hvac,298,Benign,5.456946795795032e-05,PSO,8,2000,9,15002009,-2.516700850412535,-2.5167008504125334,7.058275675112804e-16,True,4.878625177059001e-07,2000,True,8.574500039685518
hvac,298,Benign,5.456946795795032e-05,PSO,8,2000,10,15002010,-2.516700850412535,-2.51670085041247,2.5939163106039554e-14,True,2.5556140709784896e-06,2000,True,8.579714980442077
hvac,298,Benign,5.456946795795032e-05,PSO,8,2000,11,15002011,-2.516700850412535,-2.516700850412498,1.482237891773689e-14,True,1.9461463912908573e-06,2000,True,8.720189041923732
hvac,298,Benign,5.456946795795032e-05,PSO,8,2000,12,15002012,-2.516700850412535,-2.5167008504125308,1.764568918778201e-15,True,6.821673524144412e-07,2000,True,8.58883501496166
hvac,298,Benign,5.456946795795032e-05,PSO,8,2000,13,15002013,-2.516700850412535,-2.516700850412533,8.822844593891005e-16,True,4.99713563354786e-07,2000,True,8.799917006399482
hvac,298,Benign,5.456946795795032e-05,PSO,8,2000,14,15002014,-2.516700850412535,-2.5167008504125334,7.058275675112804e-16,True,4.4924624490448053e-07,2000,True,8.700862003024668
hvac,298,Benign,5.456946795795032e-05,PSO,8,2000,15,15002015,-2.516700850412535,-2.5167008504124073,5.0819584860812186e-14,True,3.56880844236623e-06,2000,True,8.648741990327835
hvac,298,Benign,5.456946795795032e-05,PSO,8,2000,16,15002016,-2.516700850412535,-2.516700850412531,1.5881120269003808e-15,True,6.943114110975347e-07,2000,True,9.024517028592527
hvac,298,Benign,5.456946795795032e-05,PSO,8,2000,17,15002017,-2.516700850412535,-2.516700850412536,3.529137837556402e-16,True,1.1861174603827444e-07,2000,True,8.8502989965491
hvac,298,Benign,5.456946795795032e-05,PSO,8,2000,18,15002018,-2.516700850412535,-2.5167008504125308,1.764568918778201e-15,True,7.503979211853229e-07,2000,True,8.893929014448076
hvac,298,Benign,5.456946795795032e-05,PSO,8,2000,19,15002019,-2.516700850412535,-2.5167008504125348,1.764568918778201e-16,True,2.4597544447726423e-07,2000,True,8.82274896139279
hvac,298,Benign,5.456946795795032e-05,PSO,8,2000,20,15002020,-2.516700850412535,-2.516700850412498,1.482237891773689e-14,True,1.909660035193132e-06,2000,True,8.720721991267055
hvac,298,Benign,5.456946795795032e-05,PSO,8,2000,21,15002021,-2.516700850412535,-2.5167008504123882,5.840723121155845e-14,True,3.815799339379435e-06,2000,True,8.72246001381427
hvac,298,Benign,5.456946795795032e-05,PSO,8,2000,22,15002022,-2.516700850412535,-2.5167008504124704,2.5762706214161733e-14,True,2.5519998506192907e-06,2000,True,8.836592023726553
hvac,298,Benign,5.456946795795032e-05,PSO,8,2000,23,15002023,-2.516700850412535,-2.516700850412513,8.822844593891006e-15,True,1.5056574563458947e-06,2000,True,8.80718999542296
hvac,298,Benign,5.456946795795032e-05,PSO,8,2000,24,15002024,-2.516700850412535,-2.5167008504124855,1.976317189031585e-14,True,2.235812382077498e-06,2000,True,8.827565994579345
hvac,298,Benign,5.456946795795032e-05,PSO,8,2000,25,15002025,-2.516700850412535,-2.5167008504125348,1.764568918778201e-16,True,3.403172949012337e-07,2000,True,8.865260984748602
hvac,298,Benign,5.456946795795032e-05,PSO,8,2000,26,15002026,-2.516700850412535,-2.516700850412535,0.0,True,2.801051210550245e-07,2000,True,8.770385989919305
hvac,298,Benign,5.456946795795032e-05,PSO,8,2000,27,15002027,-2.516700850412535,-2.5167008504125343,3.529137837556402e-16,True,4.204954955727958e-07,2000,True,8.896749990526587
hvac,298,Benign,5.456946795795032e-05,PSO,8,2000,28,15002028,-2.516700850412535,-2.516700850412535,0.0,True,3.154424051969868e-07,2000,True,8.841491013299674
hvac,298,Benign,5.456946795795032e-05,PSO,8,2000,29,15002029,-2.516700850412535,-2.5167008504124553,3.176224053800762e-14,True,2.8091946634175326e-06,2000,True,8.953514974564314
hvac,298,Benign,5.456946795795032e-05,PSO,8,5000,0,15002000,-2.516700850412535,-2.516700850412536,3.529137837556402e-16,True,6.857093553468496e-08,5000,True,21.31940401159227
hvac,298,Benign,5.456946795795032e-05,PSO,8,5000,1,15002001,-2.516700850412535,-2.516700850412536,3.529137837556402e-16,True,1.6473795274569929e-07,5000,True,21.23161795316264
hvac,298,Benign,5.456946795795032e-05,PSO,8,5000,2,15002002,-2.516700850412535,-2.516700850412536,3.529137837556402e-16,True,2.454151390350104e-07,5000,True,21.541472000535578
hvac,298,Benign,5.456946795795032e-05,PSO,8,5000,3,15002003,-2.516700850412535,-2.516700850412536,3.529137837556402e-16,True,1.0867923460225172e-07,5000,True,21.87222900101915
hvac,298,Benign,5.456946795795032e-05,PSO,8,5000,4,15002004,-2.516700850412535,-2.516700850412536,3.529137837556402e-16,True,3.1385247583305714e-08,5000,True,21.72784600406885
hvac,298,Benign,5.456946795795032e-05,PSO,8,5000,5,15002005,-2.516700850412535,-2.516700850412536,3.529137837556402e-16,True,1.2372733293693487e-07,5000,True,21.84571500401944
hvac,298,Benign,5.456946795795032e-05,PSO,8,5000,6,15002006,-2.516700850412535,-2.5167008504125365,5.293706756334603e-16,True,8.660714545136592e-08,5000,True,21.939999947790056
hvac,298,Benign,5.456946795795032e-05,PSO,8,5000,7,15002007,-2.516700850412535,-2.5167008504125365,5.293706756334603e-16,True,4.7416233770089286e-08,5000,True,21.60474198171869
hvac,298,Benign,5.456946795795032e-05,PSO,8,5000,8,15002008,-2.516700850412535,-2.516700850412536,3.529137837556402e-16,True,8.685273958420021e-08,5000,True,21.65604697074741
hvac,298,Benign,5.456946795795032e-05,PSO,8,5000,9,15002009,-2.516700850412535,-2.516700850412536,3.529137837556402e-16,True,1.722042608376455e-07,5000,True,21.833061007782817
hvac,298,Benign,5.456946795795032e-05,PSO,8,5000,10,15002010,-2.516700850412535,-2.5167008504125365,5.293706756334603e-16,True,7.894513126635868e-08,5000,True,21.85689500765875
hvac,298,Benign,5.456946795795032e-05,PSO,8,5000,11,15002011,-2.516700850412535,-2.516700850412536,3.529137837556402e-16,True,1.0572221014893069e-07,5000,True,21.65687596425414
hvac,298,Benign,5.456946795795032e-05,PSO,8,5000,12,15002012,-2.516700850412535,-2.516700850412536,3.529137837556402e-16,True,1.0658421655857459e-07,5000,True,21.874508005566895
hvac,298,Benign,5.456946795795032e-05,PSO,8,5000,13,15002013,-2.516700850412535,-2.516700850412536,3.529137837556402e-16,True,1.269354257812163e-07,5000,True,21.939651982393116
hvac,298,Benign,5.456946795795032e-05,PSO,8,5000,14,15002014,-2.516700850412535,-2.516700850412536,3.529137837556402e-16,True,9.570158779175813e-08,5000,True,22.123697970528156
hvac,298,Benign,5.456946795795032e-05,PSO,8,5000,15,15002015,-2.516700850412535,-2.516700850412536,3.529137837556402e-16,True,1.3782670104719994e-07,5000,True,22.022599005140364
hvac,298,Benign,5.456946795795032e-05,PSO,8,5000,16,15002016,-2.516700850412535,-2.516700850412536,3.529137837556402e-16,True,9.4651520858941e-08,5000,True,21.69070194941014
hvac,298,Benign,5.456946795795032e-05,PSO,8,5000,17,15002017,-2.516700850412535,-2.5167008504125365,5.293706756334603e-16,True,4.95596715564547e-08,5000,True,21.315011952538043
hvac,298,Benign,5.456946795795032e-05,PSO,8,5000,18,15002018,-2.516700850412535,-2.5167008504125365,5.293706756334603e-16,True,7.213843255803109e-08,5000,True,21.713828027714044
hvac,298,Benign,5.456946795795032e-05,PSO,8,5000,19,15002019,-2.516700850412535,-2.5167008504125365,5.293706756334603e-16,True,5.464383696011722e-08,5000,True,21.426260995212942
hvac,298,Benign,5.456946795795032e-05,PSO,8,5000,20,15002020,-2.516700850412535,-2.516700850412536,3.529137837556402e-16,True,1.3004523953392618e-07,5000,True,23.102596984244883
hvac,298,Benign,5.456946795795032e-05,PSO,8,5000,21,15002021,-2.516700850412535,-2.516700850412536,3.529137837556402e-16,True,1.1900955155237253e-07,5000,True,19.958058022893965
hvac,298,Benign,5.456946795795032e-05,PSO,8,5000,22,15002022,-2.516700850412535,-2.516700850412536,3.529137837556402e-16,True,1.1260769211193454e-07,5000,True,21.009594958741218
hvac,298,Benign,5.456946795795032e-05,PSO,8,5000,23,15002023,-2.516700850412535,-2.516700850412536,3.529137837556402e-16,True,1.4212609148514717e-07,5000,True,21.001753979362547
hvac,298,Benign,5.456946795795032e-05,PSO,8,5000,24,15002024,-2.516700850412535,-2.5167008504125365,5.293706756334603e-16,True,4.754937349479334e-08,5000,True,21.88751200446859
hvac,298,Benign,5.456946795795032e-05,PSO,8,5000,25,15002025,-2.516700850412535,-2.516700850412536,3.529137837556402e-16,True,1.0252121798384575e-07,5000,True,21.50606905343011
hvac,298,Benign,5.456946795795032e-05,PSO,8,5000,26,15002026,-2.516700850412535,-2.516700850412536,3.529137837556402e-16,True,1.4048981506900468e-07,5000,True,21.347801957745105
hvac,298,Benign,5.456946795795032e-05,PSO,8,5000,27,15002027,-2.516700850412535,-2.516700850412536,3.529137837556402e-16,True,2.1456701327169075e-07,5000,True,21.49074402404949
hvac,298,Benign,5.456946795795032e-05,PSO,8,5000,28,15002028,-2.516700850412535,-2.516700850412536,3.529137837556402e-16,True,1.2133212101095339e-07,5000,True,23.066341993398964
hvac,298,Benign,5.456946795795032e-05,PSO,8,5000,29,15002029,-2.516700850412535,-2.516700850412536,3.529137837556402e-16,True,6.035969598882819e-08,5000,True,21.46826800890267
hvac,298,Benign,5.456946795795032e-05,WOA,30,250,0,15003000,-2.516700850412535,-2.5055506303424115,0.004430490842126087,False,1.051753753123429,250,True,1.8591060070320964
hvac,298,Benign,5.456946795795032e-05,WOA,30,250,1,15003001,-2.516700850412535,-2.513643294844915,0.001214906240095562,False,0.5507563716919279,250,True,1.8335740314796567
hvac,298,Benign,5.456946795795032e-05,WOA,30,250,2,15003002,-2.516700850412535,-2.442403245927622,0.029521825954298263,False,2.714937001718306,250,True,1.7969580367207527
hvac,298,Benign,5.456946795795032e-05,WOA,30,250,3,15003003,-2.516700850412535,-2.5116956986130927,0.0019887750260910264,False,0.7046622037158788,250,True,1.7949470202438533
hvac,298,Benign,5.456946795795032e-05,WOA,30,250,4,15003004,-2.516700850412535,-2.507923704755041,0.0034875601746848783,False,0.9331447213702054,250,True,1.8006919999606907
hvac,298,Benign,5.456946795795032e-05,WOA,30,250,5,15003005,-2.516700850412535,-2.5045852886406648,0.0048140651161954675,False,1.0963371457232556,250,True,1.7323269858025014
hvac,298,Benign,5.456946795795032e-05,WOA,30,250,6,15003006,-2.516700850412535,-2.4953257855227458,0.008493287903600336,False,1.4562169163605028,250,True,1.7685219645500183
hvac,298,Benign,5.456946795795032e-05,WOA,30,250,7,15003007,-2.516700850412535,-2.499006393135743,0.007030814677037053,False,1.3249240210035325,250,True,1.7675230046734214
hvac,298,Benign,5.456946795795032e-05,WOA,30,250,8,15003008,-2.516700850412535,-2.4121663454577744,0.04153632520036126,False,3.2203433948348494,250,True,1.7575949896126986
hvac,298,Benign,5.456946795795032e-05,WOA,30,250,9,15003009,-2.516700850412535,-2.510609313030539,0.0024204455531525665,False,0.7773843758234519,250,True,1.7814269522204995
hvac,298,Benign,5.456946795795032e-05,WOA,30,250,10,15003010,-2.516700850412535,-2.5070298284235117,0.003842737998613626,False,0.9795092377869582,250,True,1.79036904592067
hvac,298,Benign,5.456946795795032e-05,WOA,30,250,11,15003011,-2.516700850412535,-2.4515424742972476,0.02589039380846831,False,2.542479599767496,250,True,1.8052789964713156
hvac,298,Benign,5.456946795795032e-05,WOA,30,250,12,15003012,-2.516700850412535,-2.4186134401495183,0.038974600515964596,False,3.119456867123508,250,True,1.8173889839090407
hvac,298,Benign,5.456946795795032e-05,WOA,30,250,13,15003013,-2.516700850412535,-2.515343590591004,0.0005393012130577731,False,0.36694742757609145,250,True,1.75474799470976
hvac,298,Benign,5.456946795795032e-05,WOA,30,250,14,15003014,-2.516700850412535,-2.4659296089510647,0.020173729211061427,False,2.244301720550701,250,True,1.7601309809833765
hvac,298,Benign,5.456946795795032e-05,WOA,30,250,15,15003015,-2.516700850412535,-2.4961852206971322,0.008151795121792123,False,1.4266412492598444,250,True,1.7961689736694098
hvac,298,Benign,5.456946795795032e-05,WOA,30,250,16,15003016,-2.516700850412535,-2.492850454658301,0.009476849721858943,False,1.5382259929355089,250,True,1.7997000250034034
hvac,298,Benign,5.456946795795032e-05,WOA,30,250,17,15003017,-2.516700850412535,-2.3740468032505864,0.05668295742760413,False,3.7619619585622806,250,True,1.7409800202585757
hvac,298,Benign,5.456946795795032e-05,WOA,30,250,18,15003018,-2.516700850412535,-2.49888427504676,0.007079337761917482,False,1.3294881335986282,250,True,1.7947349697351456
hvac,298,Benign,5.456946795795032e-05,WOA,30,250,19,15003019,-2.516700850412535,-2.511541146918185,0.0020501854614562035,False,0.7154589546325464,250,True,1.824776001740247
hvac,298,Benign,5.456946795795032e-05,WOA,30,250,20,15003020,-2.516700850412535,-2.423882394691036,0.0368810046320302,False,3.0345166176390084,250,True,1.7534730141051114
hvac,298,Benign,5.456946795795032e-05,WOA,30,250,21,15003021,-2.516700850412535,-2.4714225215941914,0.01799114456170738,False,2.1194225235872497,250,True,1.7995809903368354
hvac,298,Benign,5.456946795795032e-05,WOA,30,250,22,15003022,-2.516700850412535,-2.4953178149028714,0.00849645499430682,False,1.456488397547352,250,True,1.8121689790859818
hvac,298,Benign,5.456946795795032e-05,WOA,30,250,23,15003023,-2.516700850412535,-2.516692887900767,3.1638689861970167e-06,True,0.028105893378197886,250,True,1.763687003403902
hvac,298,Benign,5.456946795795032e-05,WOA,30,250,24,15003024,-2.516700850412535,-2.3960847700284296,0.047926268378037214,False,3.45919429832578,250,True,1.7420700169168413
hvac,298,Benign,5.456946795795032e-05,WOA,30,250,25,15003025,-2.516700850412535,-2.5149696692324524,0.0006878772182236479,False,0.41442277263597393,250,True,1.7493620398454368
hvac,298,Benign,5.456946795795032e-05,WOA,30,250,26,15003026,-2.516700850412535,-2.4977359480654533,0.007535620430999265,False,1.3716637340505051,250,True,1.7698869924061
hvac,298,Benign,5.456946795795032e-05,WOA,30,250,27,15003027,-2.516700850412535,-2.5072051728254747,0.003773065672665851,False,0.970588924288221,250,True,1.7748469836078584
hvac,298,Benign,5.456946795795032e-05,WOA,30,250,28,15003028,-2.516700850412535,-2.5067122227802283,0.003968937202317699,False,0.9954633210692497,250,True,1.7537070089019835
hvac,298,Benign,5.456946795795032e-05,WOA,30,250,29,15003029,-2.516700850412535,-2.434046141485176,0.03284248460193852,False,2.8635591038189707,250,True,1.7574710072949529
hvac,298,Benign,5.456946795795032e-05,WOA,30,500,0,15003000,-2.516700850412535,-2.50804347691338,0.0034399692350149465,False,0.9267560462197557,500,True,3.6476969835348427
hvac,298,Benign,5.456946795795032e-05,WOA,30,500,1,15003001,-2.516700850412535,-2.4538067467577127,0.02499069511758339,False,2.4979130495601742,500,True,3.652795043308288
hvac,298,Benign,5.456946795795032e-05,WOA,30,500,2,15003002,-2.516700850412535,-2.491776572096165,0.009903552228817652,False,1.5724746284876518,500,True,3.5881929798051715
hvac,298,Benign,5.456946795795032e-05,WOA,30,500,3,15003003,-2.516700850412535,-2.5154297177656866,0.0005050789594799379,False,0.35511399437266933,500,True,3.567876003216952
hvac,298,Benign,5.456946795795032e-05,WOA,30,500,4,15003004,-2.516700850412535,-2.5100366863103365,0.002647976258722342,False,0.8131023051408874,500,True,3.6341359955258667
hvac,298,Benign,5.456946795795032e-05,WOA,30,500,5,15003005,-2.516700850412535,-2.515811832650917,0.0003532472925705846,False,0.2969802508806664,500,True,3.5910580190829933
hvac,298,Benign,5.456946795795032e-05,WOA,30,500,6,15003006,-2.516700850412535,-2.5162409513248143,0.00018273887722712107,False,0.2136011688768261,500,True,3.70760599616915
hvac,298,Benign,5.456946795795032e-05,WOA,30,500,7,15003007,-2.516700850412535,-2.5078585855746924,0.003513434994228006,False,0.9365999067908376,500,True,3.6376070347614586
hvac,298,Benign,5.456946795795032e-05,WOA,30,500,8,15003008,-2.516700850412535,-2.511305580621807,0.0021437866919477664,False,0.7316088227026978,500,True,3.56837798608467
hvac,298,Benign,5.456946795795032e-05,WOA,30,500,9,15003009,-2.516700850412535,-2.5113444280166792,0.0021283508506694257,False,0.7289701741771937,500,True,3.596836992073804
hvac,298,Benign,5.456946795795032e-05,WOA,30,500,10,15003010,-2.516700850412535,-2.515944266281255,0.0003006253727598157,False,0.2739687100828568,500,True,3.5977570223622024
hvac,298,Benign,5.456946795795032e-05,WOA,30,500,11,15003011,-2.516700850412535,-2.5158428726708624,0.0003409136773376165,False,0.2917496619457267,500,True,3.6841779947280884
hvac,298,Benign,5.456946795795032e-05,WOA,30,500,12,15003012,-2.516700850412535,-2.516115296352482,0.0002326673271306849,False,0.2410215356156949,500,True,3.6045050364919007
hvac,298,Benign,5.456946795795032e-05,WOA,30,500,13,15003013,-2.516700850412535,-2.5069113938773944,0.0038897974439577004,False,0.9854886846900387,500,True,3.8827440002933145
hvac,298,Benign,5.456946795795032e-05,WOA,30,500,14,15003014,-2.516700850412535,-2.5122848453487983,0.0017546801651110394,False,0.6618920004952084,500,True,3.650092985481024
hvac,298,Benign,5.456946795795032e-05,WOA,30,500,15,15003015,-2.516700850412535,-2.5150133904288454,0.0006705047933739093,False,0.40915615838193925,500,True,3.712666977662593
hvac,298,Benign,5.456946795795032e-05,WOA,30,500,16,15003016,-2.516700850412535,-2.5073590806951382,0.0037119110584262253,False,0.9626910396175481,500,True,3.815230040345341
hvac,298,Benign,5.456946795795032e-05,WOA,30,500,17,15003017,-2.516700850412535,-2.5001800144512054,0.006564481415668344,False,1.2802310626321625,500,True,3.5947809810750186
hvac,298,Benign,5.456946795795032e-05,WOA,30,500,18,15003018,-2.516700850412535,-2.5151852625813516,0.0006022121504569082,False,0.3877599096962611,500,True,3.625376964919269
hvac,298,Benign,5.456946795795032e-05,WOA,30,500,19,15003019,-2.516700850412535,-2.514791394573416,0.0007587138689154423,False,0.4352383550447762,500,True,3.7321330164559186
hvac,298,Benign,5.456946795795032e-05,WOA,30,500,20,15003020,-2.516700850412535,-2.480613521982667,0.014339141032178294,False,1.892124534198114,500,True,3.673270985018462
hvac,298,Benign,5.456946795795032e-05,WOA,30,500,21,15003021,-2.516700850412535,-2.4998777953648714,0.006684566838727047,False,1.2918877609523005,500,True,3.682481008581817
hvac,298,Benign,5.456946795795032e-05,WOA,30,500,22,15003022,-2.516700850412535,-2.484504485063467,0.012793083986835633,False,1.7872107755055646,500,True,3.6608229856938124
hvac,298,Benign,5.456946795795032e-05,WOA,30,500,23,15003023,-2.516700850412535,-2.516012163920994,0.0002736465446134775,False,0.26138648776182716,500,True,3.642320982180536
hvac,298,Benign,5.456946795795032e-05,WOA,30,500,24,15003024,-2.516700850412535,-2.498742623932551,0.00713562220835287,False,1.3347627344929873,500,True,3.6454200162552297
hvac,298,Benign,5.456946795795032e-05,WOA,30,500,25,15003025,-2.516700850412535,-2.5153359310754757,0.0005423446878224621,False,0.3679813803582099,500,True,3.668373974505812
hvac,298,Benign,5.456946795795032e-05,WOA,30,500,26,15003026,-2.516700850412535,-2.516086506442996,0.0002441068708815693,False,0.24687558988143316,500,True,3.5980009706690907
hvac,298,Benign,5.456946795795032e-05,WOA,30,500,27,15003027,-2.516700850412535,-2.5153426083380896,0.0005396915069277815,False,0.3670801839507561,500,True,3.630771010648459
hvac,298,Benign,5.456946795795032e-05,WOA,30,500,28,15003028,-2.516700850412535,-2.505577692074506,0.004419737982051403,False,1.0504766676289878,500,True,3.6803820403292775
hvac,298,Benign,5.456946795795032e-05,WOA,30,500,29,15003029,-2.516700850412535,-2.513083081904308,0.001437504385010247,False,0.5990909207544483,500,True,3.6757870111614466
hvac,298,Benign,5.456946795795032e-05,WOA,30,1000,0,15003000,-2.516700850412535,-2.493871240533197,0.00907124494975084,False,1.5049483529590288,1000,True,7.887725019827485
hvac,298,Benign,5.456946795795032e-05,WOA,30,1000,1,15003001,-2.516700850412535,-2.511885807125555,0.0019132362458536686,False,0.6911502171174505,1000,True,7.56202096818015
hvac,298,Benign,5.456946795795032e-05,WOA,30,1000,2,15003002,-2.516700850412535,-2.5166535422945264,1.8797672357856273e-05,True,0.06850782609058068,1000,True,7.466722978278995
hvac,298,Benign,5.456946795795032e-05,WOA,30,1000,3,15003003,-2.516700850412535,-2.512589614338588,0.0016335815491432457,False,0.638643591483407,1000,True,7.489367970265448
hvac,298,Benign,5.456946795795032e-05,WOA,30,1000,4,15003004,-2.516700850412535,-2.5163913751832276,0.00012296861951504787,False,0.17522065424789193,1000,True,7.9621869954280555
hvac,298,Benign,5.456946795795032e-05,WOA,30,1000,5,15003005,-2.516700850412535,-2.5155300638343423,0.00046520689099819034,False,0.3408091282655582,1000,True,7.504531997255981
hvac,298,Benign,5.456946795795032e-05,WOA,30,1000,6,15003006,-2.516700850412535,-2.515532389790591,0.0004642826825257717,False,0.34047042382588316,1000,True,7.587363012135029
hvac,298,Benign,5.456946795795032e-05,WOA,30,1000,7,15003007,-2.516700850412535,-2.5091242904909183,0.003010512719608663,False,0.8669786086878651,1000,True,7.443704002071172
hvac,298,Benign,5.456946795795032e-05,WOA,30,1000,8,15003008,-2.516700850412535,-2.5112422849177953,0.0021689369611986756,False,0.7358878180900822,1000,True,7.352547021582723
hvac,298,Benign,5.456946795795032e-05,WOA,30,1000,9,15003009,-2.516700850412535,-2.5144875261817297,0.0008794546361927568,False,0.4685920003461658,1000,True,7.272644026670605
hvac,298,Benign,5.456946795795032e-05,WOA,30,1000,10,15003010,-2.516700850412535,-2.516057195962228,0.0002557532613387484,False,0.2526962162581739,1000,True,7.39795999834314
hvac,298,Benign,5.456946795795032e-05,WOA,30,1000,11,15003011,-2.516700850412535,-2.5066121766471094,0.004008690092734719,False,1.000436182174306,1000,True,7.402240997180343
hvac,298,Benign,5.456946795795032e-05,WOA,30,1000,12,15003012,-2.516700850412535,-2.512659708816921,0.0016057298168560183,False,0.6331759122849685,1000,True,7.355941983405501
hvac,298,Benign,5.456946795795032e-05,WOA,30,1000,13,15003013,-2.516700850412535,-2.5133595221728915,0.0013276620616614083,False,0.5757473152742746,1000,True,7.42346397601068
hvac,298,Benign,5.456946795795032e-05,WOA,30,1000,14,15003014,-2.516700850412535,-2.516561479775117,5.5378309025316964e-05,True,0.11758664360941691,1000,True,7.327341998461634
hvac,298,Benign,5.456946795795032e-05,WOA,30,1000,15,15003015,-2.516700850412535,-2.5156709556804255,0.000409224136408927,False,0.31964562842795446,1000,True,7.284272985998541
hvac,298,Benign,5.456946795795032e-05,WOA,30,1000,16,15003016,-2.516700850412535,-2.512414685994691,0.0017030885562507982,False,0.6520888348267762,1000,True,7.3912080260924995
hvac,298,Benign,5.456946795795032e-05,WOA,30,1000,17,15003017,-2.516700850412535,-2.5150537157336244,0.0006544817111024021,False,0.4042377857368684,1000,True,7.299082004465163
hvac,298,Benign,5.456946795795032e-05,WOA,30,1000,18,15003018,-2.516700850412535,-2.513506474846364,0.001269271063999352,False,0.5629441864740266,1000,True,7.425863004755229
hvac,298,Benign,5.456946795795032e-05,WOA,30,1000,19,15003019,-2.516700850412535,-2.48971429458084,0.010722989117785565,False,1.6362365190125436,1000,True,7.257952995132655
hvac,298,Benign,5.456946795795032e-05,WOA,30,1000,20,15003020,-2.516700850412535,-2.5144712319434745,0.0008859290800077376,False,0.47031369760874325,1000,True,7.400981965474784
hvac,298,Benign,5.456946795795032e-05,WOA,30,1000,21,15003021,-2.516700850412535,-2.5164968154117835,8.10724090303693e-05,True,0.14227372026151833,1000,True,7.318058051168919
hvac,298,Benign,5.456946795795032e-05,WOA,30,1000,22,15003022,-2.516700850412535,-2.5127354293581208,0.0015756425932642864,False,0.6272158216205339,1000,True,7.946141995489597
hvac,298,Benign,5.456946795795032e-05,WOA,30,1000,23,15003023,-2.516700850412535,-2.4968482676547694,0.007888336333065404,False,1.4033980166212534,1000,True,7.420901034492999
hvac,298,Benign,5.456946795795032e-05,WOA,30,1000,24,15003024,-2.516700850412535,-2.5087050526033394,0.0031770950480209553,False,0.8906421667862966,1000,True,7.404223026242107
hvac,298,Benign,5.456946795795032e-05,WOA,30,1000,25,15003025,-2.516700850412535,-2.5162677157553355,0.00017210414862328264,False,0.20729260939171296,1000,True,7.35423801233992
hvac,298,Benign,5.456946795795032e-05,WOA,30,1000,26,15003026,-2.516700850412535,-2.5039605459305876,0.005062303880836393,False,1.1242483390118052,1000,True,7.630441046785563
hvac,298,Benign,5.456946795795032e-05,WOA,30,1000,27,15003027,-2.516700850412535,-2.5163370290251095,0.000144562826116623,False,0.18998375349658256,1000,True,7.389548001810908
hvac,298,Benign,5.456946795795032e-05,WOA,30,1000,28,15003028,-2.516700850412535,-2.516569974857908,5.200282528850294e-05,True,0.11394666493063758,1000,True,7.5022169621661305
hvac,298,Benign,5.456946795795032e-05,WOA,30,1000,29,15003029,-2.516700850412535,-2.513568763039055,0.0012445211249350334,False,0.5574286487280588,1000,True,7.470673997886479
hvac,298,Benign,5.456946795795032e-05,WOA,30,2000,0,15003000,-2.516700850412535,-2.504721193029413,0.004760064105814821,False,1.0901708107458477,2000,True,15.011076000519097
hvac,298,Benign,5.456946795795032e-05,WOA,30,2000,1,15003001,-2.516700850412535,-2.5125651657123553,0.001643296103111329,False,0.6405397139350123,2000,True,15.205632022116333
hvac,298,Benign,5.456946795795032e-05,WOA,30,2000,2,15003002,-2.516700850412535,-2.513907172288657,0.0011100556998740998,False,0.5264541268116854,2000,True,15.6984570203349
hvac,298,Benign,5.456946795795032e-05,WOA,30,2000,3,15003003,-2.516700850412535,-2.5122485846991074,0.0017690881745830128,False,0.664603904733277,2000,True,14.878710033372045
hvac,298,Benign,5.456946795795032e-05,WOA,30,2000,4,15003004,-2.516700850412535,-2.5075720268389463,0.0036272978459448283,False,0.9516554910515819,2000,True,14.994617027696222
hvac,298,Benign,5.456946795795032e-05,WOA,30,2000,5,15003005,-2.516700850412535,-2.516259977299584,0.00017517898993786972,False,0.20913617359088027,2000,True,14.788169006351382
hvac,298,Benign,5.456946795795032e-05,WOA,30,2000,6,15003006,-2.516700850412535,-2.5144714306734226,0.0008858501155380347,False,0.47029273717714093,2000,True,14.8250280180946
hvac,298,Benign,5.456946795795032e-05,WOA,30,2000,7,15003007,-2.516700850412535,-2.477313437547459,0.015650415049774415,False,1.9767469557736237,2000,True,14.79113200912252
hvac,298,Benign,5.456946795795032e-05,WOA,30,2000,8,15003008,-2.516700850412535,-2.5113584122934887,0.002122794259862402,False,0.7280179729852818,2000,True,14.80277196969837
hvac,298,Benign,5.456946795795032e-05,WOA,30,2000,9,15003009,-2.516700850412535,-2.5157843564775906,0.0003641648290437098,False,0.3015345968726974,2000,True,14.913114020600915
hvac,298,Benign,5.456946795795032e-05,WOA,30,2000,10,15003010,-2.516700850412535,-2.5166486547324034,2.073972364385739e-05,True,0.0719597476030105,2000,True,14.887353987433016
hvac,298,Benign,5.456946795795032e-05,WOA,30,2000,11,15003011,-2.516700850412535,-2.5137175055407823,0.0011854189468978261,False,0.5440315432226926,2000,True,14.828002022113651
hvac,298,Benign,5.456946795795032e-05,WOA,30,2000,12,15003012,-2.516700850412535,-2.515069816148239,0.0006480842822573241,False,0.40225726200613116,2000,True,14.859701972454786
hvac,298,Benign,5.456946795795032e-05,WOA,30,2000,13,15003013,-2.516700850412535,-2.514420930733842,0.0009059160441415279,False,0.47558935403198477,2000,True,14.866378041915596
hvac,298,Benign,5.456946795795032e-05,WOA,30,2000,14,15003014,-2.516700850412535,-2.5154059038864216,0.0005145412995356003,False,0.3584249789083814,2000,True,14.755659969523549
hvac,298,Benign,5.456946795795032e-05,WOA,30,2000,15,15003015,-2.516700850412535,-2.510236571034292,0.002568552943900103,False,0.8008153882340733,2000,True,14.852888998575509
hvac,298,Benign,5.456946795795032e-05,WOA,30,2000,16,15003016,-2.516700850412535,-2.511993035875457,0.001870629374288297,False,0.6834110926667761,2000,True,14.803901955019683
hvac,298,Benign,5.456946795795032e-05,WOA,30,2000,17,15003017,-2.516700850412535,-2.5114770348543978,0.002075660107668801,False,0.7198902110436386,2000,True,14.731043018400669
hvac,298,Benign,5.456946795795032e-05,WOA,30,2000,18,15003018,-2.516700850412535,-2.514875635700752,0.000725241027944986,False,0.4255291650140423,2000,True,14.80891095707193
hvac,298,Benign,5.456946795795032e-05,WOA,30,2000,19,15003019,-2.516700850412535,-2.5109781314151975,0.0022738971921909628,False,0.7534831791319985,2000,True,14.809346001129597
hvac,298,Benign,5.456946795795032e-05,WOA,30,2000,20,15003020,-2.516700850412535,-2.515830115555162,0.0003459826610820158,False,0.29391064521856936,2000,True,14.995151024777442
hvac,298,Benign,5.456946795795032e-05,WOA,30,2000,21,15003021,-2.516700850412535,-2.500467836343502,0.006450116654258814,False,1.2690301298441988,2000,True,14.93537297938019
hvac,298,Benign,5.456946795795032e-05,WOA,30,2000,22,15003022,-2.516700850412535,-2.512708278596421,0.0015864308288606385,False,0.6293593943788391,2000,True,14.640713983681053
hvac,298,Benign,5.456946795795032e-05,WOA,30,2000,23,15003023,-2.516700850412535,-2.514452219360827,0.0008934836459960802,False,0.47231468937404586,2000,True,14.650273020379245
hvac,298,Benign,5.456946795795032e-05,WOA,30,2000,24,15003024,-2.516700850412535,-2.513239912714293,0.001375188353305825,False,0.5859617152472807,2000,True,14.79214703431353
hvac,298,Benign,5.456946795795032e-05,WOA,30,2000,25,15003025,-2.516700850412535,-2.516180284510862,0.00020684456858988416,False,0.22725330582660389,2000,True,14.719912025611848
hvac,298,Benign,5.456946795795032e-05,WOA,30,2000,26,15003026,-2.516700850412535,-2.5160075408959406,0.0002754834832598338,False,0.26226233989759173,2000,True,14.887571975123137
hvac,298,Benign,5.456946795795032e-05,WOA,30,2000,27,15003027,-2.516700850412535,-2.515984448769352,0.00028465903806798717,False,0.2665941636854273,2000,True,14.77292797062546
hvac,298,Benign,5.456946795795032e-05,WOA,30,2000,28,15003028,-2.516700850412535,-2.5163492315167733,0.00013971421979069366,False,0.18677057411046427,2000,True,14.797786017879844
hvac,298,Benign,5.456946795795032e-05,WOA,30,2000,29,15003029,-2.516700850412535,-2.516090382133877,0.000242566882177516,False,0.24609562999861984,2000,True,14.838845992926508
hvac,298,Benign,5.456946795795032e-05,WOA,30,5000,0,15003000,-2.516700850412535,-2.5166525054692745,1.9209650305774354e-05,True,0.06925448089718958,5000,True,38.324159977491945
hvac,298,Benign,5.456946795795032e-05,WOA,30,5000,1,15003001,-2.516700850412535,-2.5132419549134726,0.0013743768944551606,False,0.5857888101920715,5000,True,41.14684899104759
hvac,298,Benign,5.456946795795032e-05,WOA,30,5000,2,15003002,-2.516700850412535,-2.515037909856409,0.0006607621068089126,False,0.4061726846117388,5000,True,38.87085698079318
hvac,298,Benign,5.456946795795032e-05,WOA,30,5000,3,15003003,-2.516700850412535,-2.51572312529138,0.00038849477123794056,False,0.3114445516567115,5000,True,38.00390497781336
hvac,298,Benign,5.456946795795032e-05,WOA,30,5000,4,15003004,-2.516700850412535,-2.516587096744396,4.519951909286873e-05,True,0.106231926122114,5000,True,37.33479999937117
hvac,298,Benign,5.456946795795032e-05,WOA,30,5000,5,15003005,-2.516700850412535,-2.5161186802519233,0.00023132274958959738,False,0.2403240984384136,5000,True,37.10107400547713
hvac,298,Benign,5.456946795795032e-05,WOA,30,5000,6,15003006,-2.516700850412535,-2.5165445266684996,6.211455128248565e-05,True,0.12453310740181234,5000,True,37.610089988447726
hvac,298,Benign,5.456946795795032e-05,WOA,30,5000,7,15003007,-2.516700850412535,-2.5166316611292174,2.749205703428826e-05,True,0.08284985772148024,5000,True,39.4390849978663
hvac,298,Benign,5.456946795795032e-05,WOA,30,5000,8,15003008,-2.516700850412535,-2.5156682408940974,0.00041030284480120135,False,0.3200666415964479,5000,True,38.120236014947295
hvac,298,Benign,5.456946795795032e-05,WOA,30,5000,9,15003009,-2.516700850412535,-2.5147460036170237,0.0007767497655476468,False,0.4403811429253263,5000,True,38.916234974749386
hvac,298,Benign,5.456946795795032e-05,WOA,30,5000,10,15003010,-2.516700850412535,-2.5164014506154473,0.00011896519089221584,False,0.17234476720461164,5000,True,38.03017898462713
hvac,298,Benign,5.456946795795032e-05,WOA,30,5000,11,15003011,-2.516700850412535,-2.51653984797768,6.397360847591113e-05,True,0.12638297459917014,5000,True,37.24394796881825
hvac,298,Benign,5.456946795795032e-05,WOA,30,5000,12,15003012,-2.516700850412535,-2.5154912848011857,0.0004806155690499645,False,0.34640732464732205,5000,True,37.41656895726919
hvac,298,Benign,5.456946795795032e-05,WOA,30,5000,13,15003013,-2.516700850412535,-2.5158535319516946,0.0003366782590397018,False,0.28993168878049164,5000,True,38.41540595749393
hvac,298,Benign,5.456946795795032e-05,WOA,30,5000,14,15003014,-2.516700850412535,-2.514960212359769,0.0006916348649386385,False,0.4155531585703527,5000,True,38.229725032579154
hvac,298,Benign,5.456946795795032e-05,WOA,30,5000,15,15003015,-2.516700850412535,-2.516057505709554,0.00025563018460280664,False,0.25263540615249724,5000,True,37.707095965743065
hvac,298,Benign,5.456946795795032e-05,WOA,30,5000,16,15003016,-2.516700850412535,-2.51669490220076,2.363495754434145e-06,True,0.02429212806940916,5000,True,37.49956301180646
hvac,298,Benign,5.456946795795032e-05,WOA,30,5000,17,15003017,-2.516700850412535,-2.516525739211543,6.957966456891462e-05,True,0.13180421964957342,5000,True,36.91774798789993
hvac,298,Benign,5.456946795795032e-05,WOA,30,5000,18,15003018,-2.516700850412535,-2.516668109284719,1.3009542954090644e-05,True,0.05699269167564637,5000,True,37.186048983130604
hvac,298,Benign,5.456946795795032e-05,WOA,30,5000,19,15003019,-2.516700850412535,-2.513189752992475,0.0013951190978794819,False,0.5901926419521573,5000,True,37.82843996305019
hvac,298,Benign,5.456946795795032e-05,WOA,30,5000,20,15003020,-2.516700850412535,-2.514540708193133,0.0008583229981617912,False,0.462928078654161,5000,True,37.41007897770032
hvac,298,Benign,5.456946795795032e-05,WOA,30,5000,21,15003021,-2.516700850412535,-2.51642964777402,0.00010776117410656013,False,0.16402849725057228,5000,True,37.69367700442672
hvac,298,Benign,5.456946795795032e-05,WOA,30,5000,22,15003022,-2.516700850412535,-2.509636849925031,0.002806849485645492,False,0.8371392624543711,5000,True,37.934754975140095
hvac,298,Benign,5.456946795795032e-05,WOA,30,5000,23,15003023,-2.516700850412535,-2.515847264553144,0.0003391685822538336,False,0.29100198862969545,5000,True,37.18448302242905
hvac,298,Benign,5.456946795795032e-05,WOA,30,5000,24,15003024,-2.516700850412535,-2.5121700140641527,0.0018003078703771175,False,0.6704425031488727,5000,True,37.04641398508102
hvac,298,Benign,5.456946795795032e-05,WOA,30,5000,25,15003025,-2.516700850412535,-2.516392934054805,0.0001223492087587393,False,0.174778791202028,5000,True,38.2617519935593
hvac,298,Benign,5.456946795795032e-05,WOA,30,5000,26,15003026,-2.516700850412535,-2.516646885124165,2.1442869684564164e-05,True,0.07316941822673366,5000,True,34.91767396917567
hvac,298,Benign,5.456946795795032e-05,WOA,30,5000,27,15003027,-2.516700850412535,-2.516490244275909,8.368342093250597e-05,True,0.14454659364275935,5000,True,36.962277023121715
hvac,298,Benign,5.456946795795032e-05,WOA,30,5000,28,15003028,-2.516700850412535,-2.51493983447672,0.00069973192702913,False,0.41797854890474384,5000,True,37.19162498600781
hvac,298,Benign,5.456946795795032e-05,WOA,30,5000,29,15003029,-2.516700850412535,-2.5163566027046493,0.00013678531074897202,False,0.18480251594901043,5000,True,38.01130200736225
flight,7,High,0.0101959682201341,SGO,8,250,0,16000000,-1.120334473155334,-0.9723692993860072,0.13207232064598926,False,1.098258754088879,250,True,3.281898971181363
flight,7,High,0.0101959682201341,SGO,8,250,1,16000001,-1.120334473155334,-1.0825460650640149,0.03372957719036444,False,1.3032083120218834,250,True,3.1343409791588783
flight,7,High,0.0101959682201341,SGO,8,250,2,16000002,-1.120334473155334,-1.117518827256737,0.0025132190127712646,False,0.34332063442332406,250,True,3.212764044292271
flight,7,High,0.0101959682201341,SGO,8,250,3,16000003,-1.120334473155334,-1.1198838502341917,0.0004022217756748493,False,0.08259287764305741,250,True,3.2564100110903382
flight,7,High,0.0101959682201341,SGO,8,250,4,16000004,-1.120334473155334,-1.1180035095219507,0.0020805961873316976,False,0.1597945784171423,250,True,3.3510730136185884
flight,7,High,0.0101959682201341,SGO,8,250,5,16000005,-1.120334473155334,-1.1203343517329696,1.0838045895642694e-07,True,0.0014754247680729294,250,True,3.2656730036251247
flight,7,High,0.0101959682201341,SGO,8,250,6,16000006,-1.120334473155334,-1.119476967222511,0.0007654017200843219,False,0.0883390904022928,250,True,3.250481968279928
flight,7,High,0.0101959682201341,SGO,8,250,7,16000007,-1.120334473155334,-1.0526224036114868,0.060439155597115025,False,1.2175719158038365,250,True,3.189197974279523
flight,7,High,0.0101959682201341,SGO,8,250,8,16000008,-1.120334473155334,-1.1195108923876713,0.0007351204371522155,False,0.15139866184555423,250,True,3.1537379836663604
flight,7,High,0.0101959682201341,SGO,8,250,9,16000009,-1.120334473155334,-1.0909391163634572,0.026238018641957038,False,1.147777282047232,250,True,3.2820869819261134
flight,7,High,0.0101959682201341,SGO,8,250,10,16000010,-1.120334473155334,-1.0934322637724043,0.024012658743921077,False,0.9213707297865188,250,True,3.3461679704487324
flight,7,High,0.0101959682201341,SGO,8,250,11,16000011,-1.120334473155334,-1.0244398572976292,0.08559463102802248,False,1.2519911082890143,250,True,3.2820450142025948
flight,7,High,0.0101959682201341,SGO,8,250,12,16000012,-1.120334473155334,-1.103470836064143,0.015052323654467115,False,0.9682519183245925,250,True,3.1779310083948076
flight,7,High,0.0101959682201341,SGO,8,250,13,16000013,-1.120334473155334,-1.118914004740091,0.0012678967301991315,False,0.27941940347309774,250,True,3.2568879541940987
flight,7,High,0.0101959682201341,SGO,8,250,14,16000014,-1.120334473155334,-1.0881003469056902,0.028771877525877464,False,0.7376156878733812,250,True,3.210533002857119
flight,7,High,0.0101959682201341,SGO,8,250,15,16000015,-1.120334473155334,-1.1022600512535183,0.016133058773877093,False,0.9454523685589199,250,True,3.2577969832345843
flight,7,High,0.0101959682201341,SGO,8,250,16,16000016,-1.120334473155334,-1.1146894153879492,0.005038725400893819,False,0.3727247129111911,250,True,3.2813900033943355
flight,7,High,0.0101959682201341,SGO,8,250,17,16000017,-1.120334473155334,-1.1123564830390722,0.0071210788451348695,False,0.31416676916923,250,True,3.2396549941040576
flight,7,High,0.0101959682201341,SGO,8,250,18,16000018,-1.120334473155334,-1.0943585956333972,0.023185823648519656,False,0.49834027687110594,250,True,3.2046770211309195
flight,7,High,0.0101959682201341,SGO,8,250,19,16000019,-1.120334473155334,-1.120074314748743,0.0002322149436838864,False,0.10758983412543317,250,True,3.0802569817751646
flight,7,High,0.0101959682201341,SGO,8,250,20,16000020,-1.120334473155334,-1.102569043250449,0.015857255427345833,False,0.5298105665968018,250,True,3.1107200193218887
flight,7,High,0.0101959682201341,SGO,8,250,21,16000021,-1.120334473155334,-1.1173165367606437,0.0026937816045153897,False,0.2784464101244851,250,True,3.250604961067438
flight,7,High,0.0101959682201341,SGO,8,250,22,16000022,-1.120334473155334,-1.1175415312598065,0.0024929536334460703,False,0.1468523933446946,250,True,3.2217740081250668
flight,7,High,0.0101959682201341,SGO,8,250,23,16000023,-1.120334473155334,-1.0510882732087303,0.06180850594695811,False,1.159197411531748,250,True,3.383499977644533
flight,7,High,0.0101959682201341,SGO,8,250,24,16000024,-1.120334473155334,-1.0698113433336034,0.04509646987781796,False,1.5592989353547981,250,True,3.2497160136699677
flight,7,High,0.0101959682201341,SGO,8,250,25,16000025,-1.120334473155334,-1.1041700253931566,0.01442823384399795,False,0.35528849560712733,250,True,3.1771209905855358
flight,7,High,0.0101959682201341,SGO,8,250,26,16000026,-1.120334473155334,-1.1189292273258253,0.0012543091935311634,False,0.26723576451515163,250,True,3.2360919867642224
flight,7,High,0.0101959682201341,SGO,8,250,27,16000027,-1.120334473155334,-1.1193354815546495,0.000891690494777801,False,0.08933920086752874,250,True,3.385332995094359
flight,7,High,0.0101959682201341,SGO,8,250,28,16000028,-1.120334473155334,-0.9414992603633565,0.15962662675933031,False,2.8172748817200706,250,True,3.2561279949732125
flight,7,High,0.0101959682201341,SGO,8,250,29,16000029,-1.120334473155334,-1.1188826519813144,0.0012958819074187734,False,0.12535959270189592,250,True,3.2643030281178653
flight,7,High,0.0101959682201341,SGO,8,500,0,16000000,-1.120334473155334,-0.9844937193230803,0.12125017759175873,False,1.053497991872463,500,True,6.556387001182884
flight,7,High,0.0101959682201341,SGO,8,500,1,16000001,-1.120334473155334,-1.1191851251465945,0.0010258972086277054,False,0.23596175789628518,500,True,6.497749011032283
flight,7,High,0.0101959682201341,SGO,8,500,2,16000002,-1.120334473155334,-1.1203341864548988,2.559061084346071e-07,True,0.00393138750881942,500,True,6.447256018873304
flight,7,High,0.0101959682201341,SGO,8,500,3,16000003,-1.120334473155334,-1.119903708847831,0.00038449616415871024,False,0.11967646477091548,500,True,6.493456021416932
flight,7,High,0.0101959682201341,SGO,8,500,4,16000004,-1.120334473155334,-1.118036817944471,0.0020508654030717516,False,0.1955443732241297,500,True,6.581269029993564
flight,7,High,0.0101959682201341,SGO,8,500,5,16000005,-1.120334473155334,-1.1203343517329696,1.0838045895642694e-07,True,0.0014754247680729294,500,True,6.631397001910955
flight,7,High,0.0101959682201341,SGO,8,500,6,16000006,-1.120334473155334,-1.1197033263487208,0.0005633556957642847,False,0.07135749685956347,500,True,6.510937004350126
flight,7,High,0.0101959682201341,SGO,8,500,7,16000007,-1.120334473155334,-1.0650195148704804,0.049373610837005956,False,1.3736690534893765,500,True,6.459700991399586
flight,7,High,0.0101959682201341,SGO,8,500,8,16000008,-1.120334473155334,-1.1198655657927292,0.000418542295930698,False,0.066109995215216,500,True,6.592869991436601
flight,7,High,0.0101959682201341,SGO,8,500,9,16000009,-1.120334473155334,-1.1134832026481658,0.006115379532928319,False,0.43822030243368726,500,True,6.5866539953276515
flight,7,High,0.0101959682201341,SGO,8,500,10,16000010,-1.120334473155334,-1.1197871875448533,0.0004885019818584066,False,0.08080976658094645,500,True,6.565763964317739
flight,7,High,0.0101959682201341,SGO,8,500,11,16000011,-1.120334473155334,-1.0316621339304888,0.0791480949212484,False,1.3636539291436673,500,True,6.538785004522651
flight,7,High,0.0101959682201341,SGO,8,500,12,16000012,-1.120334473155334,-1.1198718951783455,0.0004128927459365234,False,0.14024292076255548,500,True,6.491089996416122
flight,7,High,0.0101959682201341,SGO,8,500,13,16000013,-1.120334473155334,-1.119656624451371,0.0006050413695240644,False,0.10375194245700142,500,True,6.40867801848799
flight,7,High,0.0101959682201341,SGO,8,500,14,16000014,-1.120334473155334,-1.0969717023027272,0.02085338924438104,False,0.4293327912354917,500,True,6.586419011000544
flight,7,High,0.0101959682201341,SGO,8,500,15,16000015,-1.120334473155334,-1.104523676066696,0.01411256858329816,False,0.5303991854226818,500,True,6.462022021878511
flight,7,High,0.0101959682201341,SGO,8,500,16,16000016,-1.120334473155334,-1.114970218985612,0.004788082754084912,False,0.4327287440760029,500,True,6.460250006057322
flight,7,High,0.0101959682201341,SGO,8,500,17,16000017,-1.120334473155334,-1.1189667933822647,0.0012207780853313594,False,0.1945619405418642,500,True,6.54656597180292
flight,7,High,0.0101959682201341,SGO,8,500,18,16000018,-1.120334473155334,-1.0943585956333972,0.023185823648519656,False,0.49834027687110594,500,True,6.363737978972495
flight,7,High,0.0101959682201341,SGO,8,500,19,16000019,-1.120334473155334,-1.120074314748743,0.0002322149436838864,False,0.10758983412543317,500,True,6.3796829781495035
flight,7,High,0.0101959682201341,SGO,8,500,20,16000020,-1.120334473155334,-1.1089979918798591,0.010118836425292271,False,0.4661966379697214,500,True,6.439600023441017
flight,7,High,0.0101959682201341,SGO,8,500,21,16000021,-1.120334473155334,-1.1199587840672527,0.0003353365419732003,False,0.057776797067434216,500,True,6.4296130440197885
flight,7,High,0.0101959682201341,SGO,8,500,22,16000022,-1.120334473155334,-1.1178503880797612,0.0022172709446104154,False,0.2036654934450549,500,True,6.4865140011534095
flight,7,High,0.0101959682201341,SGO,8,500,23,16000023,-1.120334473155334,-1.0596536624690542,0.054163120157658805,False,0.6866383030241012,500,True,6.472268956713378
flight,7,High,0.0101959682201341,SGO,8,500,24,16000024,-1.120334473155334,-1.106944327474106,0.011951917933503992,False,0.3229867659039978,500,True,6.5964009845629334
flight,7,High,0.0101959682201341,SGO,8,500,25,16000025,-1.120334473155334,-1.1041700253931566,0.01442823384399795,False,0.35528849560712733,500,True,6.494651024695486
flight,7,High,0.0101959682201341,SGO,8,500,26,16000026,-1.120334473155334,-1.1202112886562139,0.00010995332382581922,False,0.04744552663819555,500,True,6.578341999556869
flight,7,High,0.0101959682201341,SGO,8,500,27,16000027,-1.120334473155334,-1.1202511552443637,7.436878268648872e-05,True,0.0656350540985233,500,True,6.717617972753942
flight,7,High,0.0101959682201341,SGO,8,500,28,16000028,-1.120334473155334,-0.9826839617072542,0.12286555019627118,False,1.9472856974433708,500,True,6.585691007785499
flight,7,High,0.0101959682201341,SGO,8,500,29,16000029,-1.120334473155334,-1.119913645389068,0.00037562690102789997,False,0.12782971600772686,500,True,6.561669986695051
flight,7,High,0.0101959682201341,SGO,8,1000,0,16000000,-1.120334473155334,-0.9852377805414649,0.1205860355554175,False,1.0248069485514415,1000,True,12.853841995820403
flight,7,High,0.0101959682201341,SGO,8,1000,1,16000001,-1.120334473155334,-1.1199086451464169,0.00038009007052848705,False,0.07990620578914216,1000,True,12.911692028865218
flight,7,High,0.0101959682201341,SGO,8,1000,2,16000002,-1.120334473155334,-1.1203341864548988,2.559061084346071e-07,True,0.00393138750881942,1000,True,12.872169027104974
flight,7,High,0.0101959682201341,SGO,8,1000,3,16000003,-1.120334473155334,-1.119903708847831,0.00038449616415871024,False,0.11967646477091548,1000,True,13.11577600426972
flight,7,High,0.0101959682201341,SGO,8,1000,4,16000004,-1.120334473155334,-1.1181436603863237,0.00195549884566167,False,0.1762900694800969,1000,True,12.936612009070814
flight,7,High,0.0101959682201341,SGO,8,1000,5,16000005,-1.120334473155334,-1.1203343517329696,1.0838045895642694e-07,True,0.0014754247680729294,1000,True,13.14166997326538
flight,7,High,0.0101959682201341,SGO,8,1000,6,16000006,-1.120334473155334,-1.11972464881909,0.0005443234595169525,False,0.141297095125383,1000,True,13.062090030871332
flight,7,High,0.0101959682201341,SGO,8,1000,7,16000007,-1.120334473155334,-1.0677905868702537,0.046900178066550516,False,1.0921449755861479,1000,True,13.027296983636916
flight,7,High,0.0101959682201341,SGO,8,1000,8,16000008,-1.120334473155334,-1.1198802174856606,0.00040546433280233844,False,0.07128890252437876,1000,True,13.116076006554067
flight,7,High,0.0101959682201341,SGO,8,1000,9,16000009,-1.120334473155334,-1.1140150480356208,0.005640659348734498,False,0.32061702037271905,1000,True,12.928101001307368
flight,7,High,0.0101959682201341,SGO,8,1000,10,16000010,-1.120334473155334,-1.1197871875448533,0.0004885019818584066,False,0.08080976658094645,1000,True,13.045875006355345
flight,7,High,0.0101959682201341,SGO,8,1000,11,16000011,-1.120334473155334,-1.0332597885002806,0.07772204349814785,False,1.4941321302884611,1000,True,13.010727008804679
flight,7,High,0.0101959682201341,SGO,8,1000,12,16000012,-1.120334473155334,-1.1203259665471343,7.592918368085934e-06,True,0.008582535197797921,1000,True,12.727277004159987
flight,7,High,0.0101959682201341,SGO,8,1000,13,16000013,-1.120334473155334,-1.1200115075943482,0.00028827601821102504,False,0.06256434543234926,1000,True,13.109259016346186
flight,7,High,0.0101959682201341,SGO,8,1000,14,16000014,-1.120334473155334,-1.097705898226348,0.020198052877239834,False,0.48736654863539336,1000,True,12.817495968192816
flight,7,High,0.0101959682201341,SGO,8,1000,15,16000015,-1.120334473155334,-1.1045482846336507,0.014090603208185384,False,0.5631933816366451,1000,True,12.815353984478861
flight,7,High,0.0101959682201341,SGO,8,1000,16,16000016,-1.120334473155334,-1.1158925091304426,0.003964855256467245,False,0.25942459449226174,1000,True,13.111864973325282
flight,7,High,0.0101959682201341,SGO,8,1000,17,16000017,-1.120334473155334,-1.1190572093001414,0.0011400736885255733,False,0.11231701285413873,1000,True,13.221660978160799
flight,7,High,0.0101959682201341,SGO,8,1000,18,16000018,-1.120334473155334,-1.09438548765627,0.023161820082158783,False,0.5070129320460326,1000,True,13.007468020077795
flight,7,High,0.0101959682201341,SGO,8,1000,19,16000019,-1.120334473155334,-1.1201442276276359,0.00016981136638799808,False,0.05308730224380211,1000,True,12.915229017380625
flight,7,High,0.0101959682201341,SGO,8,1000,20,16000020,-1.120334473155334,-1.1097192785536802,0.009475022732949439,False,0.4204479209925539,1000,True,13.227257004473358
flight,7,High,0.0101959682201341,SGO,8,1000,21,16000021,-1.120334473155334,-1.1199587840672527,0.0003353365419732003,False,0.057776797067434216,1000,True,13.067028019577265
flight,7,High,0.0101959682201341,SGO,8,1000,22,16000022,-1.120334473155334,-1.1178703141941733,0.0021994850825402083,False,0.19216644074003475,1000,True,13.100439973641187
flight,7,High,0.0101959682201341,SGO,8,1000,23,16000023,-1.120334473155334,-1.0605070816503384,0.05340136623351102,False,0.7180327837046973,1000,True,13.007448986172676
flight,7,High,0.0101959682201341,SGO,8,1000,24,16000024,-1.120334473155334,-1.109339937153126,0.009813619294640336,False,0.4627827189923767,1000,True,13.334268995095044
flight,7,High,0.0101959682201341,SGO,8,1000,25,16000025,-1.120334473155334,-1.105461028749845,0.01327589640582879,False,0.37712942846157044,1000,True,13.478862005285919
flight,7,High,0.0101959682201341,SGO,8,1000,26,16000026,-1.120334473155334,-1.1203112084754487,2.0765834170668133e-05,True,0.0305290782450035,1000,True,13.366790022701025
flight,7,High,0.0101959682201341,SGO,8,1000,27,16000027,-1.120334473155334,-1.1202709804857858,5.6672958897150494e-05,True,0.03982449189687175,1000,True,13.4950409992598
flight,7,High,0.0101959682201341,SGO,8,1000,28,16000028,-1.120334473155334,-0.9844268845538591,0.12130983367734982,False,2.0126490955679706,1000,True,13.151369988918304
flight,7,High,0.0101959682201341,SGO,8,1000,29,16000029,-1.120334473155334,-1.1201087998190322,0.00020143389470660025,False,0.0832176378755697,1000,True,12.981879990547895
flight,7,High,0.0101959682201341,SGO,8,2000,0,16000000,-1.120334473155334,-0.9852377805414649,0.1205860355554175,False,1.0248069485514415,2000,True,26.311630033887923
flight,7,High,0.0101959682201341,SGO,8,2000,1,16000001,-1.120334473155334,-1.1201038257655906,0.00020587368796545302,False,0.08181165852290269,2000,True,26.156250038184226
flight,7,High,0.0101959682201341,SGO,8,2000,2,16000002,-1.120334473155334,-1.1203341864548988,2.559061084346071e-07,True,0.00393138750881942,2000,True,25.892797973938286
flight,7,High,0.0101959682201341,SGO,8,2000,3,16000003,-1.120334473155334,-1.1199793898610302,0.00031694400450226054,False,0.05930513976082066,2000,True,25.93768300721422
flight,7,High,0.0101959682201341,SGO,8,2000,4,16000004,-1.120334473155334,-1.1181493133308675,0.0019504530805984222,False,0.18574451075447954,2000,True,26.016362011432648
flight,7,High,0.0101959682201341,SGO,8,2000,5,16000005,-1.120334473155334,-1.1203343517329696,1.0838045895642694e-07,True,0.0014754247680729294,2000,True,26.513474993407726
flight,7,High,0.0101959682201341,SGO,8,2000,6,16000006,-1.120334473155334,-1.11983686358545,0.0004441616158453056,False,0.08518689577527079,2000,True,26.249523973092437
flight,7,High,0.0101959682201341,SGO,8,2000,7,16000007,-1.120334473155334,-1.0677905868702537,0.046900178066550516,False,1.0921449755861479,2000,True,26.379024027846754
flight,7,High,0.0101959682201341,SGO,8,2000,8,16000008,-1.120334473155334,-1.1198802778426464,0.0004054104587251767,False,0.09587159450889396,2000,True,26.716659020166844
flight,7,High,0.0101959682201341,SGO,8,2000,9,16000009,-1.120334473155334,-1.1140150480356208,0.005640659348734498,False,0.32061702037271905,2000,True,26.497301005292684
flight,7,High,0.0101959682201341,SGO,8,2000,10,16000010,-1.120334473155334,-1.1197871875448533,0.0004885019818584066,False,0.08080976658094645,2000,True,26.03296603774652
flight,7,High,0.0101959682201341,SGO,8,2000,11,16000011,-1.120334473155334,-1.0332597885002806,0.07772204349814785,False,1.4941321302884611,2000,True,25.90317203430459
flight,7,High,0.0101959682201341,SGO,8,2000,12,16000012,-1.120334473155334,-1.1203259939979142,7.568416060490134e-06,True,0.015009113259214597,2000,True,26.108969002962112
flight,7,High,0.0101959682201341,SGO,8,2000,13,16000013,-1.120334473155334,-1.1200142414437613,0.00028583580997091555,False,0.07058085941717913,2000,True,26.62591397529468
flight,7,High,0.0101959682201341,SGO,8,2000,14,16000014,-1.120334473155334,-1.097706068850343,0.02019790057986861,False,0.4851369442655635,2000,True,26.58320002956316
flight,7,High,0.0101959682201341,SGO,8,2000,15,16000015,-1.120334473155334,-1.1045604499149213,0.014079744592689685,False,0.5502934513539933,2000,True,26.419878005981445
flight,7,High,0.0101959682201341,SGO,8,2000,16,16000016,-1.120334473155334,-1.1159008731175282,0.003957389640362409,False,0.27471643068047563,2000,True,26.857746997848153
flight,7,High,0.0101959682201341,SGO,8,2000,17,16000017,-1.120334473155334,-1.119095637941173,0.0011057726454421545,False,0.12052183643521365,2000,True,27.99960202537477
flight,7,High,0.0101959682201341,SGO,8,2000,18,16000018,-1.120334473155334,-1.0943887579912883,0.023158901011919752,False,0.5064881434408037,2000,True,27.014157036319375
flight,7,High,0.0101959682201341,SGO,8,2000,19,16000019,-1.120334473155334,-1.1201442276276359,0.00016981136638799808,False,0.05308730224380211,2000,True,26.522796018980443
flight,7,High,0.0101959682201341,SGO,8,2000,20,16000020,-1.120334473155334,-1.1097325414118873,0.009463184430616684,False,0.4401497985094991,2000,True,26.73260500887409
flight,7,High,0.0101959682201341,SGO,8,2000,21,16000021,-1.120334473155334,-1.1200625678618108,0.00024270010433345593,False,0.05812175510456466,2000,True,26.793497032485902
flight,7,High,0.0101959682201341,SGO,8,2000,22,16000022,-1.120334473155334,-1.1178797646640675,0.0021910496821123484,False,0.1784086259586917,2000,True,26.546725013758987
flight,7,High,0.0101959682201341,SGO,8,2000,23,16000023,-1.120334473155334,-1.0605135032986148,0.05339563433073525,False,0.7211429289689795,2000,True,26.17438603192568
flight,7,High,0.0101959682201341,SGO,8,2000,24,16000024,-1.120334473155334,-1.1093527734704343,0.009802161718696927,False,0.44233983793044523,2000,True,26.059766998514533
flight,7,High,0.0101959682201341,SGO,8,2000,25,16000025,-1.120334473155334,-1.105530506095182,0.013213881581683056,False,0.41465102408395993,2000,True,26.08778595458716
flight,7,High,0.0101959682201341,SGO,8,2000,26,16000026,-1.120334473155334,-1.120317220997873,1.5399113277732137e-05,True,0.01213109666927342,2000,True,25.767236948013306
flight,7,High,0.0101959682201341,SGO,8,2000,27,16000027,-1.120334473155334,-1.1203137131799927,1.853015848272944e-05,True,0.02615648224712954,2000,True,26.338932977523655
flight,7,High,0.0101959682201341,SGO,8,2000,28,16000028,-1.120334473155334,-0.9844273155461382,0.12130944897770037,False,1.9957767563196764,2000,True,26.059632014948875
flight,7,High,0.0101959682201341,SGO,8,2000,29,16000029,-1.120334473155334,-1.1201355437976925,0.00017756247121554863,False,0.053743392957721424,2000,True,26.185770984739065
flight,7,High,0.0101959682201341,SGO,8,5000,0,16000000,-1.120334473155334,-0.9852607544464063,0.12056552926422338,False,1.0213611646399492,5000,True,65.50266098929569
flight,7,High,0.0101959682201341,SGO,8,5000,1,16000001,-1.120334473155334,-1.1201276448956943,0.0001846129567513667,False,0.0523701803643451,5000,True,65.331491001416
flight,7,High,0.0101959682201341,SGO,8,5000,2,16000002,-1.120334473155334,-1.1203343514722206,1.0861320103855758e-07,True,0.002212675370068609,5000,True,65.19758800277486
flight,7,High,0.0101959682201341,SGO,8,5000,3,16000003,-1.120334473155334,-1.119987406411327,0.00030978850720301133,False,0.07024707427279187,5000,True,64.77511895354837
flight,7,High,0.0101959682201341,SGO,8,5000,4,16000004,-1.120334473155334,-1.1181493133308675,0.0019504530805984222,False,0.18574451075447954,5000,True,65.7501530367881
flight,7,High,0.0101959682201341,SGO,8,5000,5,16000005,-1.120334473155334,-1.1203343517329696,1.0838045895642694e-07,True,0.0014754247680729294,5000,True,66.35668902890757
flight,7,High,0.0101959682201341,SGO,8,5000,6,16000006,-1.120334473155334,-1.1198370740973118,0.0004439737149400275,False,0.08154261460458931,5000,True,66.30602001678199
flight,7,High,0.0101959682201341,SGO,8,5000,7,16000007,-1.120334473155334,-1.0677915619461558,0.04689930772298314,False,1.093177299244492,5000,True,65.49367198022082
flight,7,High,0.0101959682201341,SGO,8,5000,8,16000008,-1.120334473155334,-1.1198878655709241,0.0003986377239218628,False,0.08021323715332779,5000,True,65.92455098871142
flight,7,High,0.0101959682201341,SGO,8,5000,9,16000009,-1.120334473155334,-1.1140150480356208,0.005640659348734498,False,0.32061702037271905,5000,True,66.72874500509351
flight,7,High,0.0101959682201341,SGO,8,5000,10,16000010,-1.120334473155334,-1.1197881925474626,0.00048760492599389765,False,0.10153050497860296,5000,True,65.70405000820756
flight,7,High,0.0101959682201341,SGO,8,5000,11,16000011,-1.120334473155334,-1.0332680009372524,0.07771471315424736,False,1.5069183509022122,5000,True,64.98048797948286
flight,7,High,0.0101959682201341,SGO,8,5000,12,16000012,-1.120334473155334,-1.1203259939979142,7.568416060490134e-06,True,0.015009113259214597,5000,True,65.5031040078029
flight,7,High,0.0101959682201341,SGO,8,5000,13,16000013,-1.120334473155334,-1.1200142919590035,0.0002857907205414444,False,0.06882130385476708,5000,True,65.78298000385985
flight,7,High,0.0101959682201341,SGO,8,5000,14,16000014,-1.120334473155334,-1.097706068850343,0.02019790057986861,False,0.4851369442655635,5000,True,65.22493599914014
flight,7,High,0.0101959682201341,SGO,8,5000,15,16000015,-1.120334473155334,-1.1045604499149213,0.014079744592689685,False,0.5502934513539933,5000,True,64.25661401590332
flight,7,High,0.0101959682201341,SGO,8,5000,16,16000016,-1.120334473155334,-1.1159011661797047,0.003957128055823551,False,0.2715146954564765,5000,True,64.77947102393955
flight,7,High,0.0101959682201341,SGO,8,5000,17,16000017,-1.120334473155334,-1.1191143558997445,0.0010890651718973663,False,0.14041754285906397,5000,True,65.01511798705906
flight,7,High,0.0101959682201341,SGO,8,5000,18,16000018,-1.120334473155334,-1.0943959402579322,0.02315249018835236,False,0.5171451257473323,5000,True,65.36254100501537
flight,7,High,0.0101959682201341,SGO,8,5000,19,16000019,-1.120334473155334,-1.1201442276276359,0.00016981136638799808,False,0.05308730224380211,5000,True,64.88379399525002
flight,7,High,0.0101959682201341,SGO,8,5000,20,16000020,-1.120334473155334,-1.1097326643913479,0.009463074660308298,False,0.43483385665675794,5000,True,65.69607899291441
flight,7,High,0.0101959682201341,SGO,8,5000,21,16000021,-1.120334473155334,-1.12006423422684,0.0002412127226012821,False,0.06529241006433566,5000,True,66.42837898107246
flight,7,High,0.0101959682201341,SGO,8,5000,22,16000022,-1.120334473155334,-1.1178797646640675,0.0021910496821123484,False,0.1784086259586917,5000,True,65.50469400826842
flight,7,High,0.0101959682201341,SGO,8,5000,23,16000023,-1.120334473155334,-1.0605162522960565,0.05339318060150746,False,0.7247767970273538,5000,True,65.20873500267044
flight,7,High,0.0101959682201341,SGO,8,5000,24,16000024,-1.120334473155334,-1.1093533368679291,0.009801658835398788,False,0.4462435917075759,5000,True,65.71964605245739
flight,7,High,0.0101959682201341,SGO,8,5000,25,16000025,-1.120334473155334,-1.1055363189147736,0.013208693113657901,False,0.4058082598536592,5000,True,65.8979209838435
flight,7,High,0.0101959682201341,SGO,8,5000,26,16000026,-1.120334473155334,-1.120318215811455,1.4511152042926787e-05,True,0.014330401179276654,5000,True,64.77042997721583
flight,7,High,0.0101959682201341,SGO,8,5000,27,16000027,-1.120334473155334,-1.1203163489972696,1.617745280416336e-05,True,0.012809406654588849,5000,True,65.48632797785103
flight,7,High,0.0101959682201341,SGO,8,5000,28,16000028,-1.120334473155334,-0.984430850096779,0.12130629407108495,False,2.004426324488449,5000,True,65.2609930257313
flight,7,High,0.0101959682201341,SGO,8,5000,29,16000029,-1.120334473155334,-1.1201355437976925,0.00017756247121554863,False,0.053743392957721424,5000,True,64.97184402542189
flight,7,High,0.0101959682201341,GWO,30,250,0,16001000,-1.120334473155334,-1.1185683132179798,0.0015764577272891845,False,0.3093302987943645,250,True,2.9784010257571936
flight,7,High,0.0101959682201341,GWO,30,250,1,16001001,-1.120334473155334,-1.1202754702592124,5.266542941896541e-05,True,0.0217557766735601,250,True,2.955426985863596
flight,7,High,0.0101959682201341,GWO,30,250,2,16001002,-1.120334473155334,-1.120059165297706,0.0002457372010096923,False,0.12312122243312834,250,True,3.052803047467023
flight,7,High,0.0101959682201341,GWO,30,250,3,16001003,-1.120334473155334,-1.1169355364052522,0.003033858933670853,False,0.1722573719182889,250,True,3.0398950329981744
flight,7,High,0.0101959682201341,GWO,30,250,4,16001004,-1.120334473155334,-1.118697123002621,0.0014614833265832365,False,0.12372510036507571,250,True,3.0348749714903533
flight,7,High,0.0101959682201341,GWO,30,250,5,16001005,-1.120334473155334,-1.1191537412611936,0.0010539101691791424,False,0.20796314583986442,250,True,3.022175980731845
flight,7,High,0.0101959682201341,GWO,30,250,6,16001006,-1.120334473155334,-1.119292682176496,0.00092989281665495,False,0.10889840929226205,250,True,3.005663980729878
flight,7,High,0.0101959682201341,GWO,30,250,7,16001007,-1.120334473155334,-1.1188972358999982,0.0012828644389455115,False,0.2424648999848503,250,True,2.9881339869461954
flight,7,High,0.0101959682201341,GWO,30,250,8,16001008,-1.120334473155334,-1.1185199511138662,0.00161962528597139,False,0.1910519536066272,250,True,3.002563025802374
flight,7,High,0.0101959682201341,GWO,30,250,9,16001009,-1.120334473155334,-1.1202869574264964,4.241209208150092e-05,True,0.03930805511439284,250,True,3.0208679963834584
flight,7,High,0.0101959682201341,GWO,30,250,10,16001010,-1.120334473155334,-1.1191905539235931,0.0010210515334042015,False,0.11508826141169518,250,True,3.0137569992803037
flight,7,High,0.0101959682201341,GWO,30,250,11,16001011,-1.120334473155334,-1.1194963185588995,0.0007481288994650328,False,0.19840616123519364,250,True,3.0039299745112658
flight,7,High,0.0101959682201341,GWO,30,250,12,16001012,-1.120334473155334,-1.1197899380274454,0.0004860469269993142,False,0.1390349849063291,250,True,3.0254889861680567
flight,7,High,0.0101959682201341,GWO,30,250,13,16001013,-1.120334473155334,-1.116561247511024,0.003367945675797101,False,0.4364940233822559,250,True,3.0165620264597237
flight,7,High,0.0101959682201341,GWO,30,250,14,16001014,-1.120334473155334,-1.1193764731059392,0.000855101822134057,False,0.16818291559222517,250,True,3.0251569696702063
flight,7,High,0.0101959682201341,GWO,30,250,15,16001015,-1.120334473155334,-1.1202644658196967,6.24878884964176e-05,True,0.03024619656457168,250,True,3.0009860056452453
flight,7,High,0.0101959682201341,GWO,30,250,16,16001016,-1.120334473155334,-1.1198846442786583,0.00040151301906184703,False,0.05896738384188279,250,True,3.0192469712346792
flight,7,High,0.0101959682201341,GWO,30,250,17,16001017,-1.120334473155334,-1.1200965233570486,0.00021239174905975214,False,0.11149108137008228,250,True,3.0045569874346256
flight,7,High,0.0101959682201341,GWO,30,250,18,16001018,-1.120334473155334,-1.1200575786183296,0.0002471534560786666,False,0.04716444071521428,250,True,3.0067579937167466
flight,7,High,0.0101959682201341,GWO,30,250,19,16001019,-1.120334473155334,-1.119955994770459,0.00033782624202313575,False,0.07940587302487322,250,True,3.014904970768839
flight,7,High,0.0101959682201341,GWO,30,250,20,16001020,-1.120334473155334,-1.1187820746752548,0.0013856562636218317,False,0.2927179951578008,250,True,3.0285240500234067
flight,7,High,0.0101959682201341,GWO,30,250,21,16001021,-1.120334473155334,-1.1203105221698095,2.1378424120948964e-05,True,0.03317807575332863,250,True,3.064792021177709
flight,7,High,0.0101959682201341,GWO,30,250,22,16001022,-1.120334473155334,-1.1196695853449783,0.0005934725979493161,False,0.07150322198977098,250,True,3.086476994212717
flight,7,High,0.0101959682201341,GWO,30,250,23,16001023,-1.120334473155334,-1.1201335864333597,0.00017930959618558172,False,0.10569093334845366,250,True,3.0496249673888087
flight,7,High,0.0101959682201341,GWO,30,250,24,16001024,-1.120334473155334,-1.118596781021699,0.0015510476337846466,False,0.2230945701695863,250,True,3.0264529632404447
flight,7,High,0.0101959682201341,GWO,30,250,25,16001025,-1.120334473155334,-1.1200149141385192,0.0002852353689651125,False,0.12682177344642645,250,True,2.999358985107392
flight,7,High,0.0101959682201341,GWO,30,250,26,16001026,-1.120334473155334,-1.1183687493012995,0.0017545865999268754,False,0.32234886707118504,250,True,3.0162750044837594
flight,7,High,0.0101959682201341,GWO,30,250,27,16001027,-1.120334473155334,-1.1198334731790156,0.0004471878606996127,False,0.06730489194040613,250,True,3.0109320068731904
flight,7,High,0.0101959682201341,GWO,30,250,28,16001028,-1.120334473155334,-1.1200253488946208,0.00027592140393800706,False,0.11911752209588347,250,True,3.030289022717625
flight,7,High,0.0101959682201341,GWO,30,250,29,16001029,-1.120334473155334,-1.1202053319519285,0.00011527022197374895,False,0.047977912349639246,250,True,3.0647270032204688
flight,7,High,0.0101959682201341,GWO,30,500,0,16001000,-1.120334473155334,-1.1202534535713184,7.231731769114704e-05,True,0.0670698346743048,500,True,6.4982150215655565
flight,7,High,0.0101959682201341,GWO,30,500,1,16001001,-1.120334473155334,-1.1202478025760285,7.736134286874793e-05,True,0.04537003307105585,500,True,6.434966984670609
flight,7,High,0.0101959682201341,GWO,30,500,2,16001002,-1.120334473155334,-1.120181063117725,0.00013693235483237446,False,0.09232265529181284,500,True,6.465586018748581
flight,7,High,0.0101959682201341,GWO,30,500,3,16001003,-1.120334473155334,-1.119842969763215,0.0004387112990771555,False,0.07952521949198477,500,True,6.441698991693556
flight,7,High,0.0101959682201341,GWO,30,500,4,16001004,-1.120334473155334,-1.1203234560383157,9.833774896885615e-06,True,0.021352199174862526,500,True,6.45530701149255
flight,7,High,0.0101959682201341,GWO,30,500,5,16001005,-1.120334473155334,-1.1199839550165906,0.000312869189641295,False,0.13410436950535176,500,True,6.465429032687098
flight,7,High,0.0101959682201341,GWO,30,500,6,16001006,-1.120334473155334,-1.1198439817381856,0.00043780801974876147,False,0.06177155667370909,500,True,6.469646992627531
flight,7,High,0.0101959682201341,GWO,30,500,7,16001007,-1.120334473155334,-1.1202858238328868,4.342392706186643e-05,True,0.046928437825891005,500,True,6.469230982474983
flight,7,High,0.0101959682201341,GWO,30,500,8,16001008,-1.120334473155334,-1.1200137052075658,0.0002863144493489731,False,0.06213777165805301,500,True,6.296559004113078
flight,7,High,0.0101959682201341,GWO,30,500,9,16001009,-1.120334473155334,-1.1202319838532366,9.148098586012217e-05,True,0.05064802563753926,500,True,6.271341000683606
flight,7,High,0.0101959682201341,GWO,30,500,10,16001010,-1.120334473155334,-1.1203084918912511,2.3190631642035645e-05,True,0.023586034732439577,500,True,6.301076035015285
flight,7,High,0.0101959682201341,GWO,30,500,11,16001011,-1.120334473155334,-1.1200418223145623,0.0002612173844364994,False,0.05336041067053405,500,True,6.252791965380311
flight,7,High,0.0101959682201341,GWO,30,500,12,16001012,-1.120334473155334,-1.1200848810061237,0.00022278360185357796,False,0.07874929072374977,500,True,6.301190995145589
flight,7,High,0.0101959682201341,GWO,30,500,13,16001013,-1.120334473155334,-1.1203020898271432,2.8905053773425317e-05,True,0.03807194149109673,500,True,6.42857002094388
flight,7,High,0.0101959682201341,GWO,30,500,14,16001014,-1.120334473155334,-1.1200481948981453,0.000255529276344012,False,0.0731189420739256,500,True,6.460446980781853
flight,7,High,0.0101959682201341,GWO,30,500,15,16001015,-1.120334473155334,-1.1196793736597932,0.0005847356403268849,False,0.17118777026240156,500,True,6.433313013985753
flight,7,High,0.0101959682201341,GWO,30,500,16,16001016,-1.120334473155334,-1.1202099845406885,0.00011111736506224916,False,0.08215709679656842,500,True,6.293774000369012
flight,7,High,0.0101959682201341,GWO,30,500,17,16001017,-1.120334473155334,-1.1203113331985977,2.0654507462521236e-05,True,0.03569104595270053,500,True,6.384829990565777
flight,7,High,0.0101959682201341,GWO,30,500,18,16001018,-1.120334473155334,-1.1200418462032502,0.00026119606161863646,False,0.10389899730770526,500,True,6.463880999945104
flight,7,High,0.0101959682201341,GWO,30,500,19,16001019,-1.120334473155334,-1.1202587990328026,6.754600911125164e-05,True,0.03097100660340859,500,True,6.497041031252593
flight,7,High,0.0101959682201341,GWO,30,500,20,16001020,-1.120334473155334,-1.1202504726986704,7.497801654445938e-05,True,0.06579725070198855,500,True,6.6171479993499815
flight,7,High,0.0101959682201341,GWO,30,500,21,16001021,-1.120334473155334,-1.1202643311563167,6.26080877612169e-05,True,0.02320929741969315,500,True,6.49406696902588
flight,7,High,0.0101959682201341,GWO,30,500,22,16001022,-1.120334473155334,-1.1198415527649404,0.0004399760983926011,False,0.16545405542807703,500,True,6.4369679894298315
flight,7,High,0.0101959682201341,GWO,30,500,23,16001023,-1.120334473155334,-1.119955499314237,0.00033826848158078493,False,0.14490925698187107,500,True,6.502718024421483
flight,7,High,0.0101959682201341,GWO,30,500,24,16001024,-1.120334473155334,-1.120244610955605,8.021015320171473e-05,True,0.06765340966218214,500,True,6.464114005211741
flight,7,High,0.0101959682201341,GWO,30,500,25,16001025,-1.120334473155334,-1.1200699963826128,0.00023606947662357006,False,0.09972192597990027,500,True,6.466526945587248
flight,7,High,0.0101959682201341,GWO,30,500,26,16001026,-1.120334473155334,-1.1200910968329458,0.00021723541336961924,False,0.1091626955834647,500,True,6.4009170164354146
flight,7,High,0.0101959682201341,GWO,30,500,27,16001027,-1.120334473155334,-1.1202010105391378,0.0001191274743338847,False,0.054994796688259816,500,True,6.290382007136941
flight,7,High,0.0101959682201341,GWO,30,500,28,16001028,-1.120334473155334,-1.1200852228833598,0.00022247844545228158,False,0.09828146607458256,500,True,6.30734401056543
flight,7,High,0.0101959682201341,GWO,30,500,29,16001029,-1.120334473155334,-1.1202009932781787,0.00011914288130342823,False,0.08316120194478765,500,True,6.302568013779819
flight,7,High,0.0101959682201341,GWO,30,1000,0,16001000,-1.120334473155334,-1.120287542204682,4.189012458012989e-05,True,0.04273570981215555,1000,True,12.985447014216334
flight,7,High,0.0101959682201341,GWO,30,1000,1,16001001,-1.120334473155334,-1.120327422041211,6.293758062416481e-06,True,0.011557541150603826,1000,True,13.066017010714859
flight,7,High,0.0101959682201341,GWO,30,1000,2,16001002,-1.120334473155334,-1.1203259170025486,7.637141398756227e-06,True,0.012466592484175202,1000,True,12.796003022231162
flight,7,High,0.0101959682201341,GWO,30,1000,3,16001003,-1.120334473155334,-1.1203300514666856,3.946757646298175e-06,True,0.0156799185924961,1000,True,12.90487899677828
flight,7,High,0.0101959682201341,GWO,30,1000,4,16001004,-1.120334473155334,-1.1201765980935092,0.00014091779339798306,False,0.08313615628689819,1000,True,12.833630025852472
flight,7,High,0.0101959682201341,GWO,30,1000,5,16001005,-1.120334473155334,-1.1203009046737897,2.9962910495550285e-05,True,0.03053232018844928,1000,True,13.053082046099007
flight,7,High,0.0101959682201341,GWO,30,1000,6,16001006,-1.120334473155334,-1.120278246831515,5.018708713007661e-05,True,0.03681227132733079,1000,True,13.308738998603076
flight,7,High,0.0101959682201341,GWO,30,1000,7,16001007,-1.120334473155334,-1.1202022657389268,0.00011800709482305763,False,0.08348585601288071,1000,True,13.134699023794383
flight,7,High,0.0101959682201341,GWO,30,1000,8,16001008,-1.120334473155334,-1.120231508878351,9.190494396997755e-05,True,0.02821102763951506,1000,True,13.30020697787404
flight,7,High,0.0101959682201341,GWO,30,1000,9,16001009,-1.120334473155334,-1.12032980638659,4.1655138315478195e-06,True,0.015954419366256554,1000,True,13.29255203017965
flight,7,High,0.0101959682201341,GWO,30,1000,10,16001010,-1.120334473155334,-1.1203166342898982,1.592280329058658e-05,True,0.02258774384589907,1000,True,13.382287987042218
flight,7,High,0.0101959682201341,GWO,30,1000,11,16001011,-1.120334473155334,-1.120266853174447,6.035695812915951e-05,True,0.061307721105755296,1000,True,13.287473004311323
flight,7,High,0.0101959682201341,GWO,30,1000,12,16001012,-1.120334473155334,-1.1203101753944902,2.1687952505246573e-05,True,0.019038222324215818,1000,True,13.31972103798762
flight,7,High,0.0101959682201341,GWO,30,1000,13,16001013,-1.120334473155334,-1.120256438231935,6.965323773273062e-05,True,0.06561312031717233,1000,True,13.159347989130765
flight,7,High,0.0101959682201341,GWO,30,1000,14,16001014,-1.120334473155334,-1.1202626360957175,6.412108288886131e-05,True,0.06010217023445712,1000,True,13.159372960217297
flight,7,High,0.0101959682201341,GWO,30,1000,15,16001015,-1.120334473155334,-1.1201254800360712,0.0001865452900634217,False,0.07691457662057608,1000,True,13.183423958253115
flight,7,High,0.0101959682201341,GWO,30,1000,16,16001016,-1.120334473155334,-1.1201919281922914,0.00012723429159605359,False,0.03417010996517068,1000,True,13.194265018682927
flight,7,High,0.0101959682201341,GWO,30,1000,17,16001017,-1.120334473155334,-1.1203059904893546,2.5423359417928464e-05,True,0.03470430072248098,1000,True,13.361046963836998
flight,7,High,0.0101959682201341,GWO,30,1000,18,16001018,-1.120334473155334,-1.1203332197656335,1.1187638428574615e-06,True,0.006037830538337058,1000,True,13.21124198148027
flight,7,High,0.0101959682201341,GWO,30,1000,19,16001019,-1.120334473155334,-1.120330996980344,3.1028010591049837e-06,True,0.010519742557498005,1000,True,13.16653098911047
flight,7,High,0.0101959682201341,GWO,30,1000,20,16001020,-1.120334473155334,-1.1202422847742894,8.22864807372043e-05,True,0.028857388273152818,1000,True,13.18110100692138
flight,7,High,0.0101959682201341,GWO,30,1000,21,16001021,-1.120334473155334,-1.120322494273785,1.0692236859565202e-05,True,0.00985931583722438,1000,True,13.117128983139992
flight,7,High,0.0101959682201341,GWO,30,1000,22,16001022,-1.120334473155334,-1.1202990279280762,3.163807604518923e-05,True,0.03789468905072902,1000,True,13.037014985457063
flight,7,High,0.0101959682201341,GWO,30,1000,23,16001023,-1.120334473155334,-1.1203343122465887,1.4362563062424343e-07,True,0.0029111668938178606,1000,True,12.86800904199481
flight,7,High,0.0101959682201341,GWO,30,1000,24,16001024,-1.120334473155334,-1.120292514203592,3.7452165176884655e-05,True,0.044161703165019224,1000,True,13.171077996958047
flight,7,High,0.0101959682201341,GWO,30,1000,25,16001025,-1.120334473155334,-1.1203294415855507,4.491131803785149e-06,True,0.015202531779300149,1000,True,13.158997986465693
flight,7,High,0.0101959682201341,GWO,30,1000,26,16001026,-1.120334473155334,-1.1202930776526192,3.694923588146954e-05,True,0.042171013951413594,1000,True,13.384404999669641
flight,7,High,0.0101959682201341,GWO,30,1000,27,16001027,-1.120334473155334,-1.120332771519364,1.5188642416009408e-06,True,0.009633514749482087,1000,True,13.286088011227548
flight,7,High,0.0101959682201341,GWO,30,1000,28,16001028,-1.120334473155334,-1.1203004600814817,3.03597494027988e-05,True,0.016515387694228528,1000,True,13.17986601497978
flight,7,High,0.0101959682201341,GWO,30,1000,29,16001029,-1.120334473155334,-1.120265437732929,6.162036789821443e-05,True,0.050155324254858163,1000,True,13.329948007594794
flight,7,High,0.0101959682201341,GWO,30,2000,0,16001000,-1.120334473155334,-1.1203242282870178,9.144472978038368e-06,True,0.019864471226896368,2000,True,26.86082699801773
flight,7,High,0.0101959682201341,GWO,30,2000,1,16001001,-1.120334473155334,-1.1203203840485572,1.2575804024956642e-05,True,0.020610436379169855,2000,True,26.940616022329777
flight,7,High,0.0101959682201341,GWO,30,2000,2,16001002,-1.120334473155334,-1.1203157422350407,1.6719043055507063e-05,True,0.02615587237409225,2000,True,26.793005992658436
flight,7,High,0.0101959682201341,GWO,30,2000,3,16001003,-1.120334473155334,-1.1203252439315985,8.237918190163957e-06,True,0.022426819245069382,2000,True,26.598628028295934
flight,7,High,0.0101959682201341,GWO,30,2000,4,16001004,-1.120334473155334,-1.1203128245416827,1.9323348669536214e-05,True,0.02960753873706243,2000,True,26.471799006685615
flight,7,High,0.0101959682201341,GWO,30,2000,5,16001005,-1.120334473155334,-1.1203252531048835,8.229730202343995e-06,True,0.021376154640589833,2000,True,26.687281031627208
flight,7,High,0.0101959682201341,GWO,30,2000,6,16001006,-1.120334473155334,-1.1203238009107845,9.525944979063329e-06,True,0.01865921680527058,2000,True,26.628407009411603
flight,7,High,0.0101959682201341,GWO,30,2000,7,16001007,-1.120334473155334,-1.1203111388748523,2.082795900754953e-05,True,0.018880921498216015,2000,True,26.672400999814272
flight,7,High,0.0101959682201341,GWO,30,2000,8,16001008,-1.120334473155334,-1.1203192085443368,1.362504802179346e-05,True,0.010829250653823176,2000,True,26.61862800596282
flight,7,High,0.0101959682201341,GWO,30,2000,9,16001009,-1.120334473155334,-1.1203064157720712,2.5043756070188303e-05,True,0.03770547175913155,2000,True,26.36405499652028
flight,7,High,0.0101959682201341,GWO,30,2000,10,16001010,-1.120334473155334,-1.1202906556061762,3.911113172686025e-05,True,0.03827491377927829,2000,True,26.3365029823035
flight,7,High,0.0101959682201341,GWO,30,2000,11,16001011,-1.120334473155334,-1.120285580775695,4.364087762219521e-05,True,0.020092982832025284,2000,True,26.906235027126968
flight,7,High,0.0101959682201341,GWO,30,2000,12,16001012,-1.120334473155334,-1.120333179450967,1.1547483345070574e-06,True,0.003387771173581161,2000,True,26.521208987105638
flight,7,High,0.0101959682201341,GWO,30,2000,13,16001013,-1.120334473155334,-1.1203301236780077,3.882302500300857e-06,True,0.013510653301657264,2000,True,26.592704991344362
flight,7,High,0.0101959682201341,GWO,30,2000,14,16001014,-1.120334473155334,-1.1203334155203553,9.440350217274937e-07,True,0.007586965923345229,2000,True,26.662514952477068
flight,7,High,0.0101959682201341,GWO,30,2000,15,16001015,-1.120334473155334,-1.120309728547663,2.2086803774936787e-05,True,0.03269898694950827,2000,True,27.06277900142595
flight,7,High,0.0101959682201341,GWO,30,2000,16,16001016,-1.120334473155334,-1.1203321733778981,2.0527596810836176e-06,True,0.0042974388250676685,2000,True,26.85505000408739
flight,7,High,0.0101959682201341,GWO,30,2000,17,16001017,-1.120334473155334,-1.1202940156085053,3.61120252907524e-05,True,0.03556533998813282,2000,True,27.037746971473098
flight,7,High,0.0101959682201341,GWO,30,2000,18,16001018,-1.120334473155334,-1.120325764052466,7.773663202078426e-06,True,0.01824360385368483,2000,True,26.960557035636157
flight,7,High,0.0101959682201341,GWO,30,2000,19,16001019,-1.120334473155334,-1.120307919705584,2.3701359179909023e-05,True,0.03366427299548501,2000,True,27.204797021113336
flight,7,High,0.0101959682201341,GWO,30,2000,20,16001020,-1.120334473155334,-1.1203337015751034,6.887052474813336e-07,True,0.006293606370868029,2000,True,27.096309990156442
flight,7,High,0.0101959682201341,GWO,30,2000,21,16001021,-1.120334473155334,-1.1203289828682201,4.900578573081513e-06,True,0.012733172167327042,2000,True,26.333401969168335
flight,7,High,0.0101959682201341,GWO,30,2000,22,16001022,-1.120334473155334,-1.1203314961171786,2.65727622121879e-06,True,0.011805120169089911,2000,True,26.320058037526906
flight,7,High,0.0101959682201341,GWO,30,2000,23,16001023,-1.120334473155334,-1.1203105695133522,2.1336165720644225e-05,True,0.035296980452129506,2000,True,26.617401978001
flight,7,High,0.0101959682201341,GWO,30,2000,24,16001024,-1.120334473155334,-1.1203217757360373,1.1333596886381282e-05,True,0.010136849077064424,2000,True,26.90116799203679
flight,7,High,0.0101959682201341,GWO,30,2000,25,16001025,-1.120334473155334,-1.1203288773974487,4.994720790407732e-06,True,0.009138362818933916,2000,True,26.59868699265644
flight,7,High,0.0101959682201341,GWO,30,2000,26,16001026,-1.120334473155334,-1.1203168691155994,1.5713200081247608e-05,True,0.02095790844225,2000,True,26.47335099754855
flight,7,High,0.0101959682201341,GWO,30,2000,27,16001027,-1.120334473155334,-1.1203250950267627,8.370829244284799e-06,True,0.02133275534255596,2000,True,26.55932301422581
flight,7,High,0.0101959682201341,GWO,30,2000,28,16001028,-1.120334473155334,-1.1203219871109464,1.114492563311157e-05,True,0.011275419956482522,2000,True,26.501499000005424
flight,7,High,0.0101959682201341,GWO,30,2000,29,16001029,-1.120334473155334,-1.1203209224673956,1.2095216440352232e-05,True,0.019571700694034893,2000,True,26.155482046306133
flight,7,High,0.0101959682201341,GWO,30,5000,0,16001000,-1.120334473155334,-1.120328548137946,5.288614721785568e-06,True,0.017711757455466503,5000,True,65.8786499989219
flight,7,High,0.0101959682201341,GWO,30,5000,1,16001001,-1.120334473155334,-1.1203329992866213,1.315561332751288e-06,True,0.007655130952992765,5000,True,67.37423501908779
flight,7,High,0.0101959682201341,GWO,30,5000,2,16001002,-1.120334473155334,-1.120332346617902,1.898127285090367e-06,True,0.010140393218908427,5000,True,68.09253495885059
flight,7,High,0.0101959682201341,GWO,30,5000,3,16001003,-1.120334473155334,-1.1203330538784657,1.2668331665772707e-06,True,0.004124865976034099,5000,True,67.0011939946562
flight,7,High,0.0101959682201341,GWO,30,5000,4,16001004,-1.120334473155334,-1.1203336481400037,7.36400914229739e-07,True,0.004820223418948527,5000,True,66.67672703042626
flight,7,High,0.0101959682201341,GWO,30,5000,5,16001005,-1.120334473155334,-1.1203340405628397,3.8612798645047497e-07,True,0.004853427357443974,5000,True,66.05689000571147
flight,7,High,0.0101959682201341,GWO,30,5000,6,16001006,-1.120334473155334,-1.1203311583503588,2.9587637036984368e-06,True,0.013570233559255613,5000,True,66.52262998977676
flight,7,High,0.0101959682201341,GWO,30,5000,7,16001007,-1.120334473155334,-1.1203326062190642,1.666409732571083e-06,True,0.008227144762253545,5000,True,65.26758300606161
flight,7,High,0.0101959682201341,GWO,30,5000,8,16001008,-1.120334473155334,-1.1203294358188045,4.496279147127571e-06,True,0.009388110633443223,5000,True,65.35442202584818
flight,7,High,0.0101959682201341,GWO,30,5000,9,16001009,-1.120334473155334,-1.1203342404412557,2.077183946455462e-07,True,0.0035971529147022386,5000,True,65.1706859935075
flight,7,High,0.0101959682201341,GWO,30,5000,10,16001010,-1.120334473155334,-1.1203271478534482,6.53849547725686e-06,True,0.014860775194795419,5000,True,65.50249201245606
flight,7,High,0.0101959682201341,GWO,30,5000,11,16001011,-1.120334473155334,-1.1203323812182597,1.8672433316647028e-06,True,0.010484531988481567,5000,True,66.03500101482496
flight,7,High,0.0101959682201341,GWO,30,5000,12,16001012,-1.120334473155334,-1.1203326964434979,1.585876252736368e-06,True,0.009714361266140384,5000,True,65.68091997178271
flight,7,High,0.0101959682201341,GWO,30,5000,13,16001013,-1.120334473155334,-1.1203342538478058,1.9575183428920894e-07,True,0.0030134252426982336,5000,True,66.16105500143021
flight,7,High,0.0101959682201341,GWO,30,5000,14,16001014,-1.120334473155334,-1.120329224754724,4.684672957630356e-06,True,0.0063558443048127335,5000,True,66.77990697789937
flight,7,High,0.0101959682201341,GWO,30,5000,15,16001015,-1.120334473155334,-1.1203321898767498,2.0380329615069325e-06,True,0.0065774883585952935,5000,True,65.68818097002804
flight,7,High,0.0101959682201341,GWO,30,5000,16,16001016,-1.120334473155334,-1.1203256200669522,7.90218331565545e-06,True,0.01862055469151934,5000,True,67.41292600054294
flight,7,High,0.0101959682201341,GWO,30,5000,17,16001017,-1.120334473155334,-1.120318347945994,1.4393209997910604e-05,True,0.01174729653373709,5000,True,67.07971199648455
flight,7,High,0.0101959682201341,GWO,30,5000,18,16001018,-1.120334473155334,-1.1203219641663253,1.1165405785817538e-05,True,0.025184857961817353,5000,True,68.15965700661764
flight,7,High,0.0101959682201341,GWO,30,5000,19,16001019,-1.120334473155334,-1.1203307372529263,3.3346313062486042e-06,True,0.014007290580467438,5000,True,67.0153220416978
flight,7,High,0.0101959682201341,GWO,30,5000,20,16001020,-1.120334473155334,-1.1203338964977467,5.14719131700629e-07,True,0.0054138786013054755,5000,True,66.99401198420674
flight,7,High,0.0101959682201341,GWO,30,5000,21,16001021,-1.120334473155334,-1.1203334438497061,9.187485099366206e-07,True,0.0070195204657728235,5000,True,66.7981969891116
flight,7,High,0.0101959682201341,GWO,30,5000,22,16001022,-1.120334473155334,-1.1203337372638562,6.568498027931383e-07,True,0.003514720609843526,5000,True,66.75902602728456
flight,7,High,0.0101959682201341,GWO,30,5000,23,16001023,-1.120334473155334,-1.1203334874154516,8.798621358229064e-07,True,0.007066298852182181,5000,True,66.28788501257077
flight,7,High,0.0101959682201341,GWO,30,5000,24,16001024,-1.120334473155334,-1.1203332913812636,1.0548404058760605e-06,True,0.0061805914410056765,5000,True,67.66553700435907
flight,7,High,0.0101959682201341,GWO,30,5000,25,16001025,-1.120334473155334,-1.1203279961716517,5.781294637875298e-06,True,0.01693020761659561,5000,True,66.68508896837011
flight,7,High,0.0101959682201341,GWO,30,5000,26,16001026,-1.120334473155334,-1.1203312719144238,2.857397488731525e-06,True,0.00860355225961962,5000,True,66.76200497895479
flight,7,High,0.0101959682201341,GWO,30,5000,27,16001027,-1.120334473155334,-1.1203298414142837,4.134248442082608e-06,True,0.01294121654671383,5000,True,67.33704899670556
flight,7,High,0.0101959682201341,GWO,30,5000,28,16001028,-1.120334473155334,-1.120333925614649,4.887296589848424e-07,True,0.004207569932720512,5000,True,66.7731889989227
flight,7,High,0.0101959682201341,GWO,30,5000,29,16001029,-1.120334473155334,-1.1203329163265952,1.389610670846162e-06,True,0.004090036918727196,5000,True,67.0448150485754
flight,7,High,0.0101959682201341,PSO,30,250,0,16002000,-1.120334473155334,-1.1179890914605066,0.002093465613194744,False,0.2801720686421149,250,True,0.9895089897327125
flight,7,High,0.0101959682201341,PSO,30,250,1,16002001,-1.120334473155334,-1.105631883291825,0.013123393250678283,False,0.5653553492286075,250,True,0.9515680139884353
flight,7,High,0.0101959682201341,PSO,30,250,2,16002002,-1.120334473155334,-1.118297463248796,0.001818215859055734,False,0.2708630038840108,250,True,0.9621710050851107
flight,7,High,0.0101959682201341,PSO,30,250,3,16002003,-1.120334473155334,-1.115029962195483,0.0047347565275853145,False,0.2491154060284161,250,True,0.9511810494586825
flight,7,High,0.0101959682201341,PSO,30,250,4,16002004,-1.120334473155334,-1.1097025894699706,0.009489919251899409,False,0.5181058725510305,250,True,0.9538069716654718
flight,7,High,0.0101959682201341,PSO,30,250,5,16002005,-1.120334473155334,-1.119147622958459,0.0010593713085810554,False,0.11302184536436165,250,True,0.9508880320936441
flight,7,High,0.0101959682201341,PSO,30,250,6,16002006,-1.120334473155334,-1.0984532027941876,0.019531015857719276,False,0.4798147823932573,250,True,0.95083296764642
flight,7,High,0.0101959682201341,PSO,30,250,7,16002007,-1.120334473155334,-1.0997927933408123,0.01833530995138236,False,0.9215855799255661,250,True,0.9651029831729829
flight,7,High,0.0101959682201341,PSO,30,250,8,16002008,-1.120334473155334,-1.107785823951828,0.01120080610227389,False,0.3317732348574778,250,True,0.9715950000099838
flight,7,High,0.0101959682201341,PSO,30,250,9,16002009,-1.120334473155334,-1.10800156518711,0.01100823750740195,False,0.7936153512701337,250,True,0.9772760095074773
flight,7,High,0.0101959682201341,PSO,30,250,10,16002010,-1.120334473155334,-1.1177413312942175,0.002314614004345592,False,0.17554857993881595,250,True,0.9753829799592495
flight,7,High,0.0101959682201341,PSO,30,250,11,16002011,-1.120334473155334,-1.1168605067402224,0.00310082970608536,False,0.41029012702909096,250,True,0.9838800178840756
flight,7,High,0.0101959682201341,PSO,30,250,12,16002012,-1.120334473155334,-1.1092250910885484,0.009916129810320732,False,0.5788410061442343,250,True,0.980205019004643
flight,7,High,0.0101959682201341,PSO,30,250,13,16002013,-1.120334473155334,-1.1138015732717785,0.005831204912543691,False,0.39356959247398715,250,True,0.9930449887178838
flight,7,High,0.0101959682201341,PSO,30,250,14,16002014,-1.120334473155334,-1.1065802216603218,0.012276915353924998,False,0.8729222136848651,250,True,0.9740269742906094
flight,7,High,0.0101959682201341,PSO,30,250,15,16002015,-1.120334473155334,-1.1160910719518382,0.0037876199520528453,False,0.4853764757270335,250,True,0.9692999883554876
flight,7,High,0.0101959682201341,PSO,30,250,16,16002016,-1.120334473155334,-1.0980820639179292,0.019862290923470943,False,1.098284461335768,250,True,0.9702490060590208
flight,7,High,0.0101959682201341,PSO,30,250,17,16002017,-1.120334473155334,-1.1182830081654325,0.0018311183303354997,False,0.13077887016984535,250,True,0.9602269856259227
flight,7,High,0.0101959682201341,PSO,30,250,18,16002018,-1.120334473155334,-1.1197817373322314,0.0004933667903173773,False,0.06670448237815679,250,True,0.951361027546227
flight,7,High,0.0101959682201341,PSO,30,250,19,16002019,-1.120334473155334,-1.1174903877112534,0.0025386038832406928,False,0.379005588829712,250,True,0.9488050127401948
flight,7,High,0.0101959682201341,PSO,30,250,20,16002020,-1.120334473155334,-1.07546183996859,0.04005288979492321,False,0.6269267598240245,250,True,0.9644670062698424
flight,7,High,0.0101959682201341,PSO,30,250,21,16002021,-1.120334473155334,-1.117687234454335,0.0023629003341683248,False,0.17783248595426443,250,True,0.9531109826639295
flight,7,High,0.0101959682201341,PSO,30,250,22,16002022,-1.120334473155334,-1.1133905752587367,0.006198057868415202,False,0.3631165999446502,250,True,0.9392460342496634
flight,7,High,0.0101959682201341,PSO,30,250,23,16002023,-1.120334473155334,-1.1159164313013936,0.003943502551963146,False,0.4902799214130083,250,True,0.9650230058468878
flight,7,High,0.0101959682201341,PSO,30,250,24,16002024,-1.120334473155334,-1.1190103413198602,0.001181907606345843,False,0.27065112390305057,250,True,0.9552420233376324
flight,7,High,0.0101959682201341,PSO,30,250,25,16002025,-1.120334473155334,-1.1168368303338418,0.0031219630434483406,False,0.3042335196357557,250,True,0.9548960370011628
flight,7,High,0.0101959682201341,PSO,30,250,26,16002026,-1.120334473155334,-1.120020911263433,0.0002798823917449338,False,0.11108905330098684,250,True,0.9509489755146205
flight,7,High,0.0101959682201341,PSO,30,250,27,16002027,-1.120334473155334,-1.1154400281244068,0.004368735541219539,False,0.4892676529880837,250,True,0.9499290026724339
flight,7,High,0.0101959682201341,PSO,30,250,28,16002028,-1.120334473155334,-1.1156522942402272,0.004179268805252253,False,0.23273823092453433,250,True,0.9526279754936695
flight,7,High,0.0101959682201341,PSO,30,250,29,16002029,-1.120334473155334,-1.119437846632027,0.0008003203907327266,False,0.16892934139713292,250,True,0.9551600087434053
flight,7,High,0.0101959682201341,PSO,30,500,0,16002000,-1.120334473155334,-1.120206605262558,0.00011413367689715653,False,0.05703332283293232,500,True,1.8417079700157046
flight,7,High,0.0101959682201341,PSO,30,500,1,16002001,-1.120334473155334,-1.1188352271315707,0.0013382128816769963,False,0.2692083781209739,500,True,1.8217629985883832
flight,7,High,0.0101959682201341,PSO,30,500,2,16002002,-1.120334473155334,-1.120118892943748,0.00019242486663719206,False,0.09070556811708427,500,True,1.8201739876531065
flight,7,High,0.0101959682201341,PSO,30,500,3,16002003,-1.120334473155334,-1.1202707450995153,5.688306246542881e-05,True,0.05908385621926013,500,True,1.8033870146609843
flight,7,High,0.0101959682201341,PSO,30,500,4,16002004,-1.120334473155334,-1.1192280552752982,0.0009875781800408215,False,0.24081315606335454,500,True,1.8401590059511364
flight,7,High,0.0101959682201341,PSO,30,500,5,16002005,-1.120334473155334,-1.1201423008747058,0.00017153116790822272,False,0.05200508228788188,500,True,1.7934450297616422
flight,7,High,0.0101959682201341,PSO,30,500,6,16002006,-1.120334473155334,-1.1192479692136006,0.0009698031862514427,False,0.22807457599499759,500,True,1.8092500395141542
flight,7,High,0.0101959682201341,PSO,30,500,7,16002007,-1.120334473155334,-1.119741166005929,0.0005295803740947663,False,0.10371692908845553,500,True,1.806876971386373
flight,7,High,0.0101959682201341,PSO,30,500,8,16002008,-1.120334473155334,-1.1201429971103931,0.00017090971449050865,False,0.09050461697276253,500,True,1.8149460083805025
flight,7,High,0.0101959682201341,PSO,30,500,9,16002009,-1.120334473155334,-1.116861754086688,0.0030997163363769746,False,0.16790078703331368,500,True,1.8000410054810345
flight,7,High,0.0101959682201341,PSO,30,500,10,16002010,-1.120334473155334,-1.1194922933832308,0.0007517217333599314,False,0.17728905492291555,500,True,1.7727550002746284
flight,7,High,0.0101959682201341,PSO,30,500,11,16002011,-1.120334473155334,-1.120286192944303,4.309446168776159e-05,True,0.019297138203834028,500,True,1.7774170264601707
flight,7,High,0.0101959682201341,PSO,30,500,12,16002012,-1.120334473155334,-1.120112212279442,0.0001983879646816222,False,0.05138859204727927,500,True,1.7710039974190295
flight,7,High,0.0101959682201341,PSO,30,500,13,16002013,-1.120334473155334,-1.1198115523202168,0.0004667542128239743,False,0.06760989921200422,500,True,1.8071969971060753
flight,7,High,0.0101959682201341,PSO,30,500,14,16002014,-1.120334473155334,-1.120294352973384,3.5810896577155316e-05,True,0.042339761439360066,500,True,1.7930990434251726
flight,7,High,0.0101959682201341,PSO,30,500,15,16002015,-1.120334473155334,-1.1199125153785263,0.00037663553779545466,False,0.07925118554222987,500,True,1.813224982470274
flight,7,High,0.0101959682201341,PSO,30,500,16,16002016,-1.120334473155334,-1.1200816050433313,0.00022570769539070188,False,0.11185263782357835,500,True,1.8229500274173915
flight,7,High,0.0101959682201341,PSO,30,500,17,16002017,-1.120334473155334,-1.1201246112355125,0.00018732077326011356,False,0.10460342305031786,500,True,1.8031459767371416
flight,7,High,0.0101959682201341,PSO,30,500,18,16002018,-1.120334473155334,-1.1190245896951097,0.0011691896407821237,False,0.23986519582700508,500,True,1.8411889905110002
flight,7,High,0.0101959682201341,PSO,30,500,19,16002019,-1.120334473155334,-1.1197602372364586,0.0005125575733272836,False,0.06874176403993286,500,True,1.8542780308052897
flight,7,High,0.0101959682201341,PSO,30,500,20,16002020,-1.120334473155334,-1.1195970457826727,0.0006582207281226844,False,0.2024990556434131,500,True,1.8896129913628101
flight,7,High,0.0101959682201341,PSO,30,500,21,16002021,-1.120334473155334,-1.1182411650599278,0.0018684670922519784,False,0.33041478563347565,500,True,1.8592749838717282
flight,7,High,0.0101959682201341,PSO,30,500,22,16002022,-1.120334473155334,-1.1198670598555107,0.0004172087095622583,False,0.1562569706255872,500,True,1.8454660312272608
flight,7,High,0.0101959682201341,PSO,30,500,23,16002023,-1.120334473155334,-1.119827755986234,0.00045229097313490013,False,0.16728122515504487,500,True,1.874280977062881
flight,7,High,0.0101959682201341,PSO,30,500,24,16002024,-1.120334473155334,-1.1182367654686156,0.001872394126024101,False,0.3206052961137484,500,True,1.8427340546622872
flight,7,High,0.0101959682201341,PSO,30,500,25,16002025,-1.120334473155334,-1.1202640939701616,6.281979788961531e-05,True,0.059555169468654495,500,True,1.8534630071371794
flight,7,High,0.0101959682201341,PSO,30,500,26,16002026,-1.120334473155334,-1.120020911263433,0.0002798823917449338,False,0.11108905330098684,500,True,1.810271991416812
flight,7,High,0.0101959682201341,PSO,30,500,27,16002027,-1.120334473155334,-1.1196472617555253,0.0006133984236628679,False,0.13083569511066753,500,True,1.806543965358287
flight,7,High,0.0101959682201341,PSO,30,500,28,16002028,-1.120334473155334,-1.118967654988412,0.0012200090237984307,False,0.27563752877975534,500,True,1.8097659922204912
flight,7,High,0.0101959682201341,PSO,30,500,29,16002029,-1.120334473155334,-1.1200941958658366,0.00021446924579644451,False,0.08357119719805793,500,True,1.8418169929645956
flight,7,High,0.0101959682201341,PSO,30,1000,0,16002000,-1.120334473155334,-1.120323011026459,1.0230988289279525e-05,True,0.02406648612800812,1000,True,3.586218983400613
flight,7,High,0.0101959682201341,PSO,30,1000,1,16002001,-1.120334473155334,-1.1203250272979066,8.431283383385181e-06,True,0.022181287854289813,1000,True,3.601550997700542
flight,7,High,0.0101959682201341,PSO,30,1000,2,16002002,-1.120334473155334,-1.1203181627311531,1.4558531020547758e-05,True,0.014821299963341732,1000,True,3.622368967626244
flight,7,High,0.0101959682201341,PSO,30,1000,3,16002003,-1.120334473155334,-1.120324276981215,9.1010089962671e-06,True,0.010314960375131852,1000,True,3.595723013859242
flight,7,High,0.0101959682201341,PSO,30,1000,4,16002004,-1.120334473155334,-1.1203315357597796,2.6218916089181336e-06,True,0.00649030948007376,1000,True,3.593663976062089
flight,7,High,0.0101959682201341,PSO,30,1000,5,16002005,-1.120334473155334,-1.1203209325917365,1.2086179548991862e-05,True,0.011107115033395147,1000,True,3.60513903433457
flight,7,High,0.0101959682201341,PSO,30,1000,6,16002006,-1.120334473155334,-1.1202768134642818,5.1466497223645326e-05,True,0.021567815248446837,1000,True,3.6278589977882802
flight,7,High,0.0101959682201341,PSO,30,1000,7,16002007,-1.120334473155334,-1.120209314108174,0.00011171578681100372,False,0.0514754384208708,1000,True,3.6038709804415703
flight,7,High,0.0101959682201341,PSO,30,1000,8,16002008,-1.120334473155334,-1.1202972341041781,3.323922636330486e-05,True,0.018358085394155156,1000,True,3.6061799619346857
flight,7,High,0.0101959682201341,PSO,30,1000,9,16002009,-1.120334473155334,-1.1203244543018904,8.942734231252634e-06,True,0.023601539775301175,1000,True,3.608226019423455
flight,7,High,0.0101959682201341,PSO,30,1000,10,16002010,-1.120334473155334,-1.1203248008006996,8.6334526573092e-06,True,0.009793798293499007,1000,True,3.6175529821775854
flight,7,High,0.0101959682201341,PSO,30,1000,11,16002011,-1.120334473155334,-1.1203338028288514,5.983271055256321e-07,True,0.004245331710774972,1000,True,3.6127109779044986
flight,7,High,0.0101959682201341,PSO,30,1000,12,16002012,-1.120334473155334,-1.1203340426593535,3.8425665793060167e-07,True,0.0023540820131537073,1000,True,3.6017399979755282
flight,7,High,0.0101959682201341,PSO,30,1000,13,16002013,-1.120334473155334,-1.1203339643786459,4.5412928041030375e-07,True,0.0024903201296062223,1000,True,3.546116000507027
flight,7,High,0.0101959682201341,PSO,30,1000,14,16002014,-1.120334473155334,-1.1203158637080008,1.661061743526084e-05,True,0.031730470552212404,1000,True,3.6257129977457225
flight,7,High,0.0101959682201341,PSO,30,1000,15,16002015,-1.120334473155334,-1.1202887991939274,4.076814781740731e-05,True,0.036410523793077826,1000,True,3.5039340145885944
flight,7,High,0.0101959682201341,PSO,30,1000,16,16002016,-1.120334473155334,-1.1202847040760366,4.4423411480995556e-05,True,0.04983212808857999,1000,True,3.559052012860775
flight,7,High,0.0101959682201341,PSO,30,1000,17,16002017,-1.120334473155334,-1.1202804754419176,4.819785047257275e-05,True,0.05475406078704524,1000,True,3.6195560242049396
flight,7,High,0.0101959682201341,PSO,30,1000,18,16002018,-1.120334473155334,-1.1203299848903931,4.00618301798335e-06,True,0.01370336481296363,1000,True,3.6030870396643877
flight,7,High,0.0101959682201341,PSO,30,1000,19,16002019,-1.120334473155334,-1.1203074060513232,2.4159842135857285e-05,True,0.030351253930786064,1000,True,3.6523360176943243
flight,7,High,0.0101959682201341,PSO,30,1000,20,16002020,-1.120334473155334,-1.1203329583410284,1.3521089833836126e-06,True,0.00915370226885449,1000,True,3.6289970157667994
flight,7,High,0.0101959682201341,PSO,30,1000,21,16002021,-1.120334473155334,-1.1202877151167812,4.173578486888594e-05,True,0.05030604543154366,1000,True,3.5972899640910327
flight,7,High,0.0101959682201341,PSO,30,1000,22,16002022,-1.120334473155334,-1.1203338340744735,5.704375575037189e-07,True,0.003536757206374922,1000,True,3.577772993594408
flight,7,High,0.0101959682201341,PSO,30,1000,23,16002023,-1.120334473155334,-1.120302878846078,2.8200782902751744e-05,True,0.04001547957737791,1000,True,3.564768994692713
flight,7,High,0.0101959682201341,PSO,30,1000,24,16002024,-1.120334473155334,-1.1203319888930339,2.2174291335502896e-06,True,0.005691184381693035,1000,True,3.6619239835999906
flight,7,High,0.0101959682201341,PSO,30,1000,25,16002025,-1.120334473155334,-1.1203235053427965,9.789766181719046e-06,True,0.014612419968516824,1000,True,3.5771700204350054
flight,7,High,0.0101959682201341,PSO,30,1000,26,16002026,-1.120334473155334,-1.1202990742805528,3.1596702261168116e-05,True,0.020784160833591334,1000,True,3.5237319534644485
flight,7,High,0.0101959682201341,PSO,30,1000,27,16002027,-1.120334473155334,-1.120315768956867,1.6695191404997736e-05,True,0.028985854632390083,1000,True,3.5939280060119927
flight,7,High,0.0101959682201341,PSO,30,1000,28,16002028,-1.120334473155334,-1.1203339399566723,4.759281040114239e-07,True,0.004982162127844854,1000,True,3.5937830107286572
flight,7,High,0.0101959682201341,PSO,30,1000,29,16002029,-1.120334473155334,-1.1203265366169293,7.084079437762228e-06,True,0.012673386679241314,1000,True,3.5800159676000476
flight,7,High,0.0101959682201341,PSO,30,2000,0,16002000,-1.120334473155334,-1.1203344600047942,1.1738047952063784e-08,True,0.0003232905085119733,2000,True,7.189013005699962
flight,7,High,0.0101959682201341,PSO,30,2000,1,16002001,-1.120334473155334,-1.1203344718720283,1.1454665679677465e-09,True,0.00026013001436002024,2000,True,7.208108028862625
flight,7,High,0.0101959682201341,PSO,30,2000,2,16002002,-1.120334473155334,-1.120334320866636,1.3593145754545623e-07,True,0.001088046777205359,2000,True,7.1189230075106025
flight,7,High,0.0101959682201341,PSO,30,2000,3,16002003,-1.120334473155334,-1.1203344705924119,2.2876401272856396e-09,True,0.0001447800761310762,2000,True,7.104422023985535
flight,7,High,0.0101959682201341,PSO,30,2000,4,16002004,-1.120334473155334,-1.120334468687794,3.987684036000258e-09,True,0.0003087571137001114,2000,True,7.100814953446388
flight,7,High,0.0101959682201341,PSO,30,2000,5,16002005,-1.120334473155334,-1.120334471909228,1.112262377890354e-09,True,0.0001585483488470615,2000,True,6.930477975402027
flight,7,High,0.0101959682201341,PSO,30,2000,6,16002006,-1.120334473155334,-1.1203343731154258,8.929467987669374e-08,True,0.0023401487107844736,2000,True,6.878609012346715
flight,7,High,0.0101959682201341,PSO,30,2000,7,16002007,-1.120334473155334,-1.120334472555745,5.351875350151558e-10,True,7.676201197081782e-05,2000,True,6.923398992512375
flight,7,High,0.0101959682201341,PSO,30,2000,8,16002008,-1.120334473155334,-1.1203344558410246,1.5454589441358154e-08,True,0.00037514796461225996,2000,True,6.9739530445076525
flight,7,High,0.0101959682201341,PSO,30,2000,9,16002009,-1.120334473155334,-1.120334284691844,1.682207362542286e-07,True,0.003080495959721322,2000,True,6.910864030942321
flight,7,High,0.0101959682201341,PSO,30,2000,10,16002010,-1.120334473155334,-1.1203343623229307,9.892795938242878e-08,True,0.002235817296906601,2000,True,6.997714983299375
flight,7,High,0.0101959682201341,PSO,30,2000,11,16002011,-1.120334473155334,-1.1203344649931353,7.2855016874714114e-09,True,0.00046374642652683595,2000,True,6.9984220317564905
flight,7,High,0.0101959682201341,PSO,30,2000,12,16002012,-1.120334473155334,-1.1203342908410787,1.627319872918834e-07,True,0.0012122500704080054,2000,True,6.937371974345297
flight,7,High,0.0101959682201341,PSO,30,2000,13,16002013,-1.120334473155334,-1.1203344233992223,4.441183670364293e-08,True,0.001577194380994038,2000,True,6.934018048923463
flight,7,High,0.0101959682201341,PSO,30,2000,14,16002014,-1.120334473155334,-1.1203344695083997,3.255219220226479e-09,True,0.00033464264970369553,2000,True,6.977882003411651
flight,7,High,0.0101959682201341,PSO,30,2000,15,16002015,-1.120334473155334,-1.120334456831616,1.4570396898477668e-08,True,0.0009494987786090965,2000,True,6.931249983608723
flight,7,High,0.0101959682201341,PSO,30,2000,16,16002016,-1.120334473155334,-1.1203344657953491,6.569453158995779e-09,True,0.0005898985546379325,2000,True,6.938100967090577
flight,7,High,0.0101959682201341,PSO,30,2000,17,16002017,-1.120334473155334,-1.1203344717563297,1.2487380146781034e-09,True,0.00020693621545538233,2000,True,7.022575999144465
flight,7,High,0.0101959682201341,PSO,30,2000,18,16002018,-1.120334473155334,-1.1203344684680578,4.183818524831402e-09,True,0.0002543449073002824,2000,True,6.9111359771341085
flight,7,High,0.0101959682201341,PSO,30,2000,19,16002019,-1.120334473155334,-1.1203344698332582,2.965253507074455e-09,True,0.0001597365705237434,2000,True,6.942126958165318
flight,7,High,0.0101959682201341,PSO,30,2000,20,16002020,-1.120334473155334,-1.1203344627615912,9.277356900463387e-09,True,0.00075574965583935,2000,True,6.932390038855374
flight,7,High,0.0101959682201341,PSO,30,2000,21,16002021,-1.120334473155334,-1.1203343248616346,1.3236555945884344e-07,True,0.0027829114651566375,2000,True,6.909769028425217
flight,7,High,0.0101959682201341,PSO,30,2000,22,16002022,-1.120334473155334,-1.1203344612515318,1.0625221709616776e-08,True,0.0005097518134428843,2000,True,6.88608200289309
flight,7,High,0.0101959682201341,PSO,30,2000,23,16002023,-1.120334473155334,-1.1203344701845046,2.651734309243011e-09,True,0.00029662779888717125,2000,True,6.9317229790613055
flight,7,High,0.0101959682201341,PSO,30,2000,24,16002024,-1.120334473155334,-1.1203344684301846,4.217623840111021e-09,True,0.0004248149649276456,2000,True,6.720172998029739
flight,7,High,0.0101959682201341,PSO,30,2000,25,16002025,-1.120334473155334,-1.120334407443291,5.865395066626109e-08,True,0.000733085017902023,2000,True,6.87822001054883
flight,7,High,0.0101959682201341,PSO,30,2000,26,16002026,-1.120334473155334,-1.120334469458509,3.299751241142413e-09,True,0.00040234060250873035,2000,True,6.888511008583009
flight,7,High,0.0101959682201341,PSO,30,2000,27,16002027,-1.120334473155334,-1.1203344617633764,1.0168354069643927e-08,True,0.0007957222874414401,2000,True,7.013002003077418
flight,7,High,0.0101959682201341,PSO,30,2000,28,16002028,-1.120334473155334,-1.1203344728518483,2.7088846081427887e-10,True,4.853547200167438e-05,2000,True,7.020331977400929
flight,7,High,0.0101959682201341,PSO,30,2000,29,16002029,-1.120334473155334,-1.1203344719456723,1.0797326451367921e-09,True,0.00010897175304578336,2000,True,6.988176959566772
flight,7,High,0.0101959682201341,PSO,30,5000,0,16002000,-1.120334473155334,-1.1203344731553047,2.616172986943367e-14,True,8.449137534095964e-07,5000,True,17.07791001535952
flight,7,High,0.0101959682201341,PSO,30,5000,1,16002001,-1.120334473155334,-1.1203344731553342,1.9819492325328537e-16,True,1.8700951161738305e-08,5000,True,17.102201003581285
flight,7,High,0.0101959682201341,PSO,30,5000,2,16002002,-1.120334473155334,-1.120334473155334,0.0,True,3.185006831723101e-08,5000,True,17.191939987242222
flight,7,High,0.0101959682201341,PSO,30,5000,3,16002003,-1.120334473155334,-1.120334473155334,0.0,True,1.2915645992637073e-08,5000,True,16.99020800879225
flight,7,High,0.0101959682201341,PSO,30,5000,4,16002004,-1.120334473155334,-1.1203344731553335,3.9638984650657074e-16,True,1.1373948442708596e-07,5000,True,17.105090024415404
flight,7,High,0.0101959682201341,PSO,30,5000,5,16002005,-1.120334473155334,-1.120334473155334,0.0,True,6.507183263170706e-08,5000,True,17.315204022452235
flight,7,High,0.0101959682201341,PSO,30,5000,6,16002006,-1.120334473155334,-1.1203344731553335,3.9638984650657074e-16,True,1.1052011746102349e-07,5000,True,17.343978979624808
flight,7,High,0.0101959682201341,PSO,30,5000,7,16002007,-1.120334473155334,-1.1203344731553335,3.9638984650657074e-16,True,3.2926981305437445e-08,5000,True,17.133006011135876
flight,7,High,0.0101959682201341,PSO,30,5000,8,16002008,-1.120334473155334,-1.1203344731553333,5.945847697598561e-16,True,6.704183461955574e-08,5000,True,17.059581994544715
flight,7,High,0.0101959682201341,PSO,30,5000,9,16002009,-1.120334473155334,-1.120334473155333,7.927796930131415e-16,True,1.7606632519648295e-07,5000,True,17.177626956254244
flight,7,High,0.0101959682201341,PSO,30,5000,10,16002010,-1.120334473155334,-1.1203344731553337,1.9819492325328537e-16,True,1.1870506494690988e-07,5000,True,17.09571899846196
flight,7,High,0.0101959682201341,PSO,30,5000,11,16002011,-1.120334473155334,-1.1203344731553342,1.9819492325328537e-16,True,3.2230674706765967e-08,5000,True,17.17253599781543
flight,7,High,0.0101959682201341,PSO,30,5000,12,16002012,-1.120334473155334,-1.120334473155334,0.0,True,3.873557454852374e-08,5000,True,17.29878399055451
flight,7,High,0.0101959682201341,PSO,30,5000,13,16002013,-1.120334473155334,-1.1203344731553337,1.9819492325328537e-16,True,7.000911143544225e-08,5000,True,17.37286295974627
flight,7,High,0.0101959682201341,PSO,30,5000,14,16002014,-1.120334473155334,-1.1203344731553313,2.3783390790394243e-15,True,3.607926744705442e-07,5000,True,17.44209905155003
flight,7,High,0.0101959682201341,PSO,30,5000,15,16002015,-1.120334473155334,-1.12033447315533,3.5675086185591366e-15,True,2.3784474144114935e-07,5000,True,17.395753995515406
flight,7,High,0.0101959682201341,PSO,30,5000,16,16002016,-1.120334473155334,-1.1203344731553315,2.180144155786139e-15,True,1.5604968253489658e-07,5000,True,17.438484996091574
flight,7,High,0.0101959682201341,PSO,30,5000,17,16002017,-1.120334473155334,-1.1203344731553337,1.9819492325328537e-16,True,9.274710028498835e-08,5000,True,17.32086401898414
flight,7,High,0.0101959682201341,PSO,30,5000,18,16002018,-1.120334473155334,-1.1203344731553333,5.945847697598561e-16,True,1.6555269924225046e-07,5000,True,17.169827013276517
flight,7,High,0.0101959682201341,PSO,30,5000,19,16002019,-1.120334473155334,-1.1203344731553342,1.9819492325328537e-16,True,7.696276850591852e-08,5000,True,17.2835270059295
flight,7,High,0.0101959682201341,PSO,30,5000,20,16002020,-1.120334473155334,-1.120334473155334,0.0,True,6.872935282940901e-08,5000,True,17.318597994744778
flight,7,High,0.0101959682201341,PSO,30,5000,21,16002021,-1.120334473155334,-1.1203344731553342,1.9819492325328537e-16,True,5.0770027250454556e-08,5000,True,17.19652401516214
flight,7,High,0.0101959682201341,PSO,30,5000,22,16002022,-1.120334473155334,-1.1203344731553209,1.1693500471943836e-14,True,4.862217419078992e-07,5000,True,17.062642029486597
flight,7,High,0.0101959682201341,PSO,30,5000,23,16002023,-1.120334473155334,-1.1203344731553333,5.945847697598561e-16,True,4.5509941797549395e-08,5000,True,17.08732801489532
flight,7,High,0.0101959682201341,PSO,30,5000,24,16002024,-1.120334473155334,-1.120334473155334,0.0,True,9.350406828721512e-08,5000,True,17.067973036319017
flight,7,High,0.0101959682201341,PSO,30,5000,25,16002025,-1.120334473155334,-1.120334473155333,7.927796930131415e-16,True,1.5646289252644704e-07,5000,True,17.14269199874252
flight,7,High,0.0101959682201341,PSO,30,5000,26,16002026,-1.120334473155334,-1.1203344731553337,1.9819492325328537e-16,True,9.724614926293203e-08,5000,True,17.283733002841473
flight,7,High,0.0101959682201341,PSO,30,5000,27,16002027,-1.120334473155334,-1.120334473155334,0.0,True,5.893244842590172e-08,5000,True,17.451273975893855
flight,7,High,0.0101959682201341,PSO,30,5000,28,16002028,-1.120334473155334,-1.1203344731553257,7.333212160371558e-15,True,6.650604347800264e-07,5000,True,17.397704010363668
flight,7,High,0.0101959682201341,PSO,30,5000,29,16002029,-1.120334473155334,-1.120334473155332,1.7837543092795683e-15,True,2.5929963137498565e-07,5000,True,17.243026988580823
flight,7,High,0.0101959682201341,WOA,10,250,0,16003000,-1.120334473155334,-1.1195333508846237,0.0007150741942751946,False,0.10499977972066084,250,True,2.024017972871661
flight,7,High,0.0101959682201341,WOA,10,250,1,16003001,-1.120334473155334,-1.1202629490443654,6.384174787295005e-05,True,0.05839555776439175,250,True,1.9630250171758235
flight,7,High,0.0101959682201341,WOA,10,250,2,16003002,-1.120334473155334,-1.1195799899578651,0.0006734445967228915,False,0.10618451067795788,250,True,1.998867024667561
flight,7,High,0.0101959682201341,WOA,10,250,3,16003003,-1.120334473155334,-1.1198762394559898,0.00040901508462342414,False,0.08636522123498455,250,True,1.9783779862336814
flight,7,High,0.0101959682201341,WOA,10,250,4,16003004,-1.120334473155334,-1.1196113625109367,0.0006454417513018632,False,0.09321498266779606,250,True,1.9516909960657358
flight,7,High,0.0101959682201341,WOA,10,250,5,16003005,-1.120334473155334,-1.1201321209517752,0.00018061767124677384,False,0.041789833259497505,250,True,1.9382829777896404
flight,7,High,0.0101959682201341,WOA,10,250,6,16003006,-1.120334473155334,-1.1203250948679255,8.370971020843005e-06,True,0.010928649115817661,250,True,1.983795955311507
flight,7,High,0.0101959682201341,WOA,10,250,7,16003007,-1.120334473155334,-1.119440395919478,0.0007980449207617305,False,0.1208067624958745,250,True,1.9538829801604152
flight,7,High,0.0101959682201341,WOA,10,250,8,16003008,-1.120334473155334,-1.1201510685558382,0.00016370521829894632,False,0.05310864777241097,250,True,1.9655119976960123
flight,7,High,0.0101959682201341,WOA,10,250,9,16003009,-1.120334473155334,-1.1200880359536853,0.00021996752537173963,False,0.04937917479980315,250,True,1.9600210362114012
flight,7,High,0.0101959682201341,WOA,10,250,10,16003010,-1.120334473155334,-1.1202641123594597,6.28033837753263e-05,True,0.030694188683139452,250,True,1.954629027750343
flight,7,High,0.0101959682201341,WOA,10,250,11,16003011,-1.120334473155334,-1.118418481443895,0.0017101961577979637,False,0.15704627842056104,250,True,1.9628630252555013
flight,7,High,0.0101959682201341,WOA,10,250,12,16003012,-1.120334473155334,-1.1203060659267843,2.5356024678666292e-05,True,0.02002904769410508,250,True,1.9501729984767735
flight,7,High,0.0101959682201341,WOA,10,250,13,16003013,-1.120334473155334,-1.1196313933550484,0.0006275624084881026,False,0.09817543680845421,250,True,1.9538740161806345
flight,7,High,0.0101959682201341,WOA,10,250,14,16003014,-1.120334473155334,-1.1203333503015998,1.002248668696298e-06,True,0.0061239416149241775,250,True,1.9487430108711123
flight,7,High,0.0101959682201341,WOA,10,250,15,16003015,-1.120334473155334,-1.1199014565778236,0.00038650651915657293,False,0.060030633069602234,250,True,1.9735430250875652
flight,7,High,0.0101959682201341,WOA,10,250,16,16003016,-1.120334473155334,-1.12029745235841,3.3044414691408475e-05,True,0.02220573314424185,250,True,2.095444011501968
flight,7,High,0.0101959682201341,WOA,10,250,17,16003017,-1.120334473155334,-1.1203319249407004,2.2745123840985053e-06,True,0.006478849124401958,250,True,1.958723005373031
flight,7,High,0.0101959682201341,WOA,10,250,18,16003018,-1.120334473155334,-1.1202921953732619,3.773675012698369e-05,True,0.02262720457535237,250,True,1.9470099941827357
flight,7,High,0.0101959682201341,WOA,10,250,19,16003019,-1.120334473155334,-1.0887804794858835,0.028164797589938565,False,0.8120809598333868,250,True,1.9413650152273476
flight,7,High,0.0101959682201341,WOA,10,250,20,16003020,-1.120334473155334,-1.1191132676653048,0.001090036519709781,False,0.14010271049040557,250,True,1.941876020282507
flight,7,High,0.0101959682201341,WOA,10,250,21,16003021,-1.120334473155334,-1.1187105372489452,0.0014495098966428078,False,0.14605355903782202,250,True,1.9338519778102636
flight,7,High,0.0101959682201341,WOA,10,250,22,16003022,-1.120334473155334,-0.908097878145573,0.18944038596974822,False,2.689558613755957,250,True,1.9511799910105765
flight,7,High,0.0101959682201341,WOA,10,250,23,16003023,-1.120334473155334,-1.119623808069607,0.0006343329628386712,False,0.09684315921044263,250,True,1.9158240174874663
flight,7,High,0.0101959682201341,WOA,10,250,24,16003024,-1.120334473155334,-1.1200428325262133,0.0002603156790304765,False,0.06689621701085585,250,True,1.9216059590689838
flight,7,High,0.0101959682201341,WOA,10,250,25,16003025,-1.120334473155334,-1.118814014679701,0.0013571469164478426,False,0.14244612880557941,250,True,1.9436320289969444
flight,7,High,0.0101959682201341,WOA,10,250,26,16003026,-1.120334473155334,-1.1194464381854332,0.0007926516510731586,False,0.11651657660619252,250,True,1.9664040300995111
flight,7,High,0.0101959682201341,WOA,10,250,27,16003027,-1.120334473155334,-1.1198073401287063,0.0004705139752979561,False,0.09358509183539643,250,True,1.9948199624195695
flight,7,High,0.0101959682201341,WOA,10,250,28,16003028,-1.120334473155334,-1.1168916128225255,0.0030730647099628645,False,0.20261453223570308,250,True,1.9988539861515164
flight,7,High,0.0101959682201341,WOA,10,250,29,16003029,-1.120334473155334,-1.1202830227332727,4.592416219802795e-05,True,0.02148585368417463,250,True,1.9643969717435539
flight,7,High,0.0101959682201341,WOA,10,500,0,16003000,-1.120334473155334,-1.1194361617549502,0.0008018242961441178,False,0.11780320816343492,500,True,3.8758149603381753
flight,7,High,0.0101959682201341,WOA,10,500,1,16003001,-1.120334473155334,-1.1203283601153577,5.456441913281414e-06,True,0.009259711160275306,500,True,3.8824619841761887
flight,7,High,0.0101959682201341,WOA,10,500,2,16003002,-1.120334473155334,-1.1201883281446112,0.00013044766025197503,False,0.046638732131910624,500,True,3.942313021980226
flight,7,High,0.0101959682201341,WOA,10,500,3,16003003,-1.120334473155334,-1.1202545478426695,7.134058138845557e-05,True,0.03449288478611293,500,True,3.920201037544757
flight,7,High,0.0101959682201341,WOA,10,500,4,16003004,-1.120334473155334,-1.120329228058953,4.681723634040239e-06,True,0.008520584329988829,500,True,3.9329479914158583
flight,7,High,0.0101959682201341,WOA,10,500,5,16003005,-1.120334473155334,-1.120334435423674,3.367892439511202e-08,True,0.0006139222655903214,500,True,4.046652989927679
flight,7,High,0.0101959682201341,WOA,10,500,6,16003006,-1.120334473155334,-1.1199412632522714,0.00035097545642341063,False,0.07690867388821752,500,True,4.026850045192987
flight,7,High,0.0101959682201341,WOA,10,500,7,16003007,-1.120334473155334,-1.1202617657214313,6.489797077998186e-05,True,0.032375521637680545,500,True,3.950026002712548
flight,7,High,0.0101959682201341,WOA,10,500,8,16003008,-1.120334473155334,-1.119886264223648,0.000400067071419851,False,0.0826711771030191,500,True,3.943710995372385
flight,7,High,0.0101959682201341,WOA,10,500,9,16003009,-1.120334473155334,-1.1153137149180792,0.004481481519634235,False,0.2910260415874518,500,True,3.9086000178940594
flight,7,High,0.0101959682201341,WOA,10,500,10,16003010,-1.120334473155334,-1.120149579213448,0.0001650345912906649,False,0.050482053131531326,500,True,3.938499023206532
flight,7,High,0.0101959682201341,WOA,10,500,11,16003011,-1.120334473155334,-1.120142721936749,0.0001711553318937812,False,0.05352150694694107,500,True,3.940662951208651
flight,7,High,0.0101959682201341,WOA,10,500,12,16003012,-1.120334473155334,-1.119927042594137,0.0003636686819512641,False,0.07432127249787734,500,True,3.966223041061312
flight,7,High,0.0101959682201341,WOA,10,500,13,16003013,-1.120334473155334,-1.120331655447679,2.5150593171007325e-06,True,0.007284033712026288,500,True,4.043910012114793
flight,7,High,0.0101959682201341,WOA,10,500,14,16003014,-1.120334473155334,-1.1200788708505571,0.00022814821011171114,False,0.05975020380855197,500,True,3.986686991993338
flight,7,High,0.0101959682201341,WOA,10,500,15,16003015,-1.120334473155334,-1.1202814036192748,4.73693681046407e-05,True,0.027247993405933948,500,True,3.917196998372674
flight,7,High,0.0101959682201341,WOA,10,500,16,16003016,-1.120334473155334,-1.1203320296919164,2.1810124352586316e-06,True,0.005767414040853073,500,True,3.9244319777935743
flight,7,High,0.0101959682201341,WOA,10,500,17,16003017,-1.120334473155334,-1.1203340562923962,3.720879324103085e-07,True,0.002499999293348756,500,True,3.9454700308851898
flight,7,High,0.0101959682201341,WOA,10,500,18,16003018,-1.120334473155334,-1.0885511458777561,0.028369498608806155,False,0.8173913853248775,500,True,4.06219600699842
flight,7,High,0.0101959682201341,WOA,10,500,19,16003019,-1.120334473155334,-1.11768122231899,0.002368266709557961,False,0.20693215070616766,500,True,3.9798880461603403
flight,7,High,0.0101959682201341,WOA,10,500,20,16003020,-1.120334473155334,-1.1202037341359405,0.00011669641747718961,False,0.044141834407761066,500,True,3.9440789842046797
flight,7,High,0.0101959682201341,WOA,10,500,21,16003021,-1.120334473155334,-1.1198182949524318,0.0004607358028075294,False,0.08351791047823913,500,True,4.0168059640564024
flight,7,High,0.0101959682201341,WOA,10,500,22,16003022,-1.120334473155334,-1.0359793485558373,0.07529458980398693,False,1.477414911832225,500,True,4.007597977761179
flight,7,High,0.0101959682201341,WOA,10,500,23,16003023,-1.120334473155334,-1.1201180924688956,0.00019313936295198292,False,0.05462820477270215,500,True,3.9274069713428617
flight,7,High,0.0101959682201341,WOA,10,500,24,16003024,-1.120334473155334,-1.120329952196109,4.035365628134383e-06,True,0.007991218798142184,500,True,3.9007210289128125
flight,7,High,0.0101959682201341,WOA,10,500,25,16003025,-1.120334473155334,-1.1202603763876093,6.613807706545159e-05,True,0.032301431603822164,500,True,3.9923950098454952
flight,7,High,0.0101959682201341,WOA,10,500,26,16003026,-1.120334473155334,-1.1194471716049623,0.0007919970077084472,False,0.1165949346675663,500,True,4.039997991640121
flight,7,High,0.0101959682201341,WOA,10,500,27,16003027,-1.120334473155334,-1.1203306825595623,3.3834500879343127e-06,True,0.00792172349439303,500,True,4.010300966911018
flight,7,High,0.0101959682201341,WOA,10,500,28,16003028,-1.120334473155334,-1.1203032588986792,2.7861551530090952e-05,True,0.02110987443341399,500,True,4.0548930410295725
flight,7,High,0.0101959682201341,WOA,10,500,29,16003029,-1.120334473155334,-1.1199388414222011,0.0003531371591365692,False,0.07705233305702022,500,True,3.931029001250863
flight,7,High,0.0101959682201341,WOA,10,1000,0,16003000,-1.120334473155334,-1.1203325099733978,1.752317707940735e-06,True,0.005445484682181466,1000,True,7.890377019066364
flight,7,High,0.0101959682201341,WOA,10,1000,1,16003001,-1.120334473155334,-1.1200223072096156,0.0002786363833286117,False,0.06857399604964703,1000,True,7.83855898771435
flight,7,High,0.0101959682201341,WOA,10,1000,2,16003002,-1.120334473155334,-1.1203341337030432,3.0299191790885667e-07,True,0.0022171457325436367,1000,True,7.85603397525847
flight,7,High,0.0101959682201341,WOA,10,1000,3,16003003,-1.120334473155334,-1.1203032449899788,2.7873966305095106e-05,True,0.02110425159062975,1000,True,7.848026987630874
flight,7,High,0.0101959682201341,WOA,10,1000,4,16003004,-1.120334473155334,-1.1203130003559592,1.916641850208759e-05,True,0.017525654842927108,1000,True,7.8448159620165825
flight,7,High,0.0101959682201341,WOA,10,1000,5,16003005,-1.120334473155334,-1.1203227591701783,1.0455792833595947e-05,True,0.01295282400521019,1000,True,7.860974001232535
flight,7,High,0.0101959682201341,WOA,10,1000,6,16003006,-1.120334473155334,-1.1201848621479027,0.00013354137627301973,False,0.04715250150395,1000,True,7.6554459519684315
flight,7,High,0.0101959682201341,WOA,10,1000,7,16003007,-1.120334473155334,-1.1203048500621193,2.6441294028207255e-05,True,0.02057255240762325,1000,True,7.640252006240189
flight,7,High,0.0101959682201341,WOA,10,1000,8,16003008,-1.120334473155334,-1.1203088202660074,2.2897527427050088e-05,True,0.01937040319951412,1000,True,7.641410978976637
flight,7,High,0.0101959682201341,WOA,10,1000,9,16003009,-1.120334473155334,-1.1200721795596433,0.0002341207933662018,False,0.0627253711812002,1000,True,7.704135961830616
flight,7,High,0.0101959682201341,WOA,10,1000,10,16003010,-1.120334473155334,-1.1202700311092781,5.752036342711811e-05,True,0.030727500255683424,1000,True,7.629829982761294
flight,7,High,0.0101959682201341,WOA,10,1000,11,16003011,-1.120334473155334,-1.1203004717132825,3.0349366966897245e-05,True,0.022326585850952627,1000,True,7.823463995009661
flight,7,High,0.0101959682201341,WOA,10,1000,12,16003012,-1.120334473155334,-1.1203320039198943,2.2040162994523354e-06,True,0.0060011677491618905,1000,True,8.238836016971618
flight,7,High,0.0101959682201341,WOA,10,1000,13,16003013,-1.120334473155334,-1.1202735706979443,5.436095991773645e-05,True,0.02944188300764208,1000,True,7.780569023452699
flight,7,High,0.0101959682201341,WOA,10,1000,14,16003014,-1.120334473155334,-1.1198741514494648,0.0004108788195838715,False,0.07969169981791886,1000,True,7.864815997891128
flight,7,High,0.0101959682201341,WOA,10,1000,15,16003015,-1.120334473155334,-1.1202250284095623,9.768934938102744e-05,True,0.040271801043271445,1000,True,7.6773869805037975
flight,7,High,0.0101959682201341,WOA,10,1000,16,16003016,-1.120334473155334,-1.120331222361055,2.9016283590020083e-06,True,0.0068451968152875315,1000,True,7.657126989215612
flight,7,High,0.0101959682201341,WOA,10,1000,17,16003017,-1.120334473155334,-1.1203316507639685,2.519239953011486e-06,True,0.006431683016362803,1000,True,7.631441985722631
flight,7,High,0.0101959682201341,WOA,10,1000,18,16003018,-1.120334473155334,-1.1203060208755622,2.5396236975231012e-05,True,0.020407702505248163,1000,True,7.6653240248560905
flight,7,High,0.0101959682201341,WOA,10,1000,19,16003019,-1.120334473155334,-1.1203267101247194,6.929208018295145e-06,True,0.010555258325443783,1000,True,7.689168036449701
flight,7,High,0.0101959682201341,WOA,10,1000,20,16003020,-1.120334473155334,-1.1203261363829147,7.44132454999176e-06,True,0.010707492943898767,1000,True,7.6274239690974355
flight,7,High,0.0101959682201341,WOA,10,1000,21,16003021,-1.120334473155334,-1.120277092956569,5.121702504010466e-05,True,0.02906323337641399,1000,True,7.647824997548014
flight,7,High,0.0101959682201341,WOA,10,1000,22,16003022,-1.120334473155334,-1.0650389442988635,0.04935626831220767,False,1.1375073865099694,1000,True,7.654602988623083
flight,7,High,0.0101959682201341,WOA,10,1000,23,16003023,-1.120334473155334,-1.1203246830811513,8.73852801752726e-06,True,0.011844752518935079,1000,True,7.5920880190096796
flight,7,High,0.0101959682201341,WOA,10,1000,24,16003024,-1.120334473155334,-1.1203211860525064,1.1859942852718495e-05,True,0.013810917752483439,1000,True,7.599848031532019
flight,7,High,0.0101959682201341,WOA,10,1000,25,16003025,-1.120334473155334,-1.1198872322703664,0.0003992030020356294,False,0.08229101128134599,1000,True,7.696917047724128
flight,7,High,0.0101959682201341,WOA,10,1000,26,16003026,-1.120334473155334,-1.1202441684862388,8.060509719108543e-05,True,0.03576399157970748,1000,True,7.71883298875764
flight,7,High,0.0101959682201341,WOA,10,1000,27,16003027,-1.120334473155334,-1.120306571121009,2.4905093071382052e-05,True,0.020181799291179327,1000,True,7.800762017723173
flight,7,High,0.0101959682201341,WOA,10,1000,28,16003028,-1.120334473155334,-1.1203262313679836,7.356541771993469e-06,True,0.010950454346277344,1000,True,7.816873025149107
flight,7,High,0.0101959682201341,WOA,10,1000,29,16003029,-1.120334473155334,-1.1203344623438178,9.650257477445671e-09,True,0.0004272102913968641,1000,True,7.80721299815923
flight,7,High,0.0101959682201341,WOA,10,2000,0,16003000,-1.120334473155334,-1.120296382252574,3.399958108286044e-05,True,0.02361786744987684,2000,True,15.65555902197957
flight,7,High,0.0101959682201341,WOA,10,2000,1,16003001,-1.120334473155334,-1.1203308375856014,3.2450753053746263e-06,True,0.007272095893989157,2000,True,15.40848903823644
flight,7,High,0.0101959682201341,WOA,10,2000,2,16003002,-1.120334473155334,-1.1202948721645178,3.5347471460546295e-05,True,0.024099306545258898,2000,True,15.557505015749484
flight,7,High,0.0101959682201341,WOA,10,2000,3,16003003,-1.120334473155334,-1.12033059867276,3.458326657549319e-06,True,0.0075019400488205,2000,True,15.688157000113279
flight,7,High,0.0101959682201341,WOA,10,2000,4,16003004,-1.120334473155334,-1.1202966123681164,3.379418211682592e-05,True,0.02324264064356338,2000,True,15.59076301055029
flight,7,High,0.0101959682201341,WOA,10,2000,5,16003005,-1.120334473155334,-1.1203307542924452,3.3194219921417383e-06,True,0.007352400269166896,2000,True,15.585925022605807
flight,7,High,0.0101959682201341,WOA,10,2000,6,16003006,-1.120334473155334,-1.1203258863524308,7.664499405236935e-06,True,0.011190714953896124,2000,True,15.66677400842309
flight,7,High,0.0101959682201341,WOA,10,2000,7,16003007,-1.120334473155334,-1.1203344545107798,1.6641953425127027e-08,True,0.0004909960845769171,2000,True,15.729997016023844
flight,7,High,0.0101959682201341,WOA,10,2000,8,16003008,-1.120334473155334,-1.1203317091055562,2.4671648011876317e-06,True,0.006322118938153949,2000,True,15.614862029906362
flight,7,High,0.0101959682201341,WOA,10,2000,9,16003009,-1.120334473155334,-1.120334447215928,2.3153269472700152e-08,True,0.0006130701110819036,2000,True,15.589286980684847
flight,7,High,0.0101959682201341,WOA,10,2000,10,16003010,-1.120334473155334,-1.1203303946561451,3.6404299667161803e-06,True,0.007672987281105766,2000,True,15.30435198219493
flight,7,High,0.0101959682201341,WOA,10,2000,11,16003011,-1.120334473155334,-1.120334036221173,3.9000331735199157e-07,True,0.0025145081173826222,2000,True,15.461131988558918
flight,7,High,0.0101959682201341,WOA,10,2000,12,16003012,-1.120334473155334,-1.120327423653846,6.292318639480582e-06,True,0.010074036191990607,2000,True,15.729999984614551
flight,7,High,0.0101959682201341,WOA,10,2000,13,16003013,-1.120334473155334,-1.1203344717114228,1.2888215505416176e-09,True,0.000143186978090109,2000,True,15.434012981131673
flight,7,High,0.0101959682201341,WOA,10,2000,14,16003014,-1.120334473155334,-1.1203187724405863,1.4014310122438258e-05,True,0.015005700289466245,2000,True,15.566379006486386
flight,7,High,0.0101959682201341,WOA,10,2000,15,16003015,-1.120334473155334,-1.1203338331713322,5.712436929580253e-07,True,0.0030461644368962853,2000,True,15.418073977343738
flight,7,High,0.0101959682201341,WOA,10,2000,16,16003016,-1.120334473155334,-1.1203334805654113,8.859764172958875e-07,True,0.003788598146825093,2000,True,15.383482037577778
flight,7,High,0.0101959682201341,WOA,10,2000,17,16003017,-1.120334473155334,-1.1203273239505376,6.381312873691167e-06,True,0.01014189531312854,2000,True,15.910167945548892
flight,7,High,0.0101959682201341,WOA,10,2000,18,16003018,-1.120334473155334,-1.12032469174356,8.73079603301921e-06,True,0.011844855388360174,2000,True,15.98706899676472
flight,7,High,0.0101959682201341,WOA,10,2000,19,16003019,-1.120334473155334,-1.1203310387686356,3.0655012236584114e-06,True,0.00701226873024189,2000,True,15.857634018175304
flight,7,High,0.0101959682201341,WOA,10,2000,20,16003020,-1.120334473155334,-1.1203343678616016,9.398419393737544e-08,True,0.0012617214738481848,2000,True,15.732901985757053
flight,7,High,0.0101959682201341,WOA,10,2000,21,16003021,-1.120334473155334,-1.1203342911875,1.6242277486973425e-07,True,0.0016204809589801437,2000,True,15.611055016051978
flight,7,High,0.0101959682201341,WOA,10,2000,22,16003022,-1.120334473155334,-1.0670453310399033,0.04756538640228217,False,1.1123690543141929,2000,True,15.59219800401479
flight,7,High,0.0101959682201341,WOA,10,2000,23,16003023,-1.120334473155334,-1.120334470368924,2.4871233175400715e-09,True,0.00020268388713505929,2000,True,15.633689006790519
flight,7,High,0.0101959682201341,WOA,10,2000,24,16003024,-1.120334473155334,-1.1203338805066343,5.289926480632772e-07,True,0.002903667255598322,2000,True,15.339070989284664
flight,7,High,0.0101959682201341,WOA,10,2000,25,16003025,-1.120334473155334,-1.1203343939437402,7.070352258786393e-08,True,0.0010655458962792463,2000,True,15.639125020243227
flight,7,High,0.0101959682201341,WOA,10,2000,26,16003026,-1.120334473155334,-1.1203051766776106,2.6149760116553508e-05,True,0.020469615495604616,2000,True,15.640604018699378
flight,7,High,0.0101959682201341,WOA,10,2000,27,16003027,-1.120334473155334,-1.1202869463037775,4.242202011570374e-05,True,0.026028103471707753,2000,True,15.675336995627731
flight,7,High,0.0101959682201341,WOA,10,2000,28,16003028,-1.120334473155334,-1.1203260941698248,7.479003556506296e-06,True,0.01104851011679163,2000,True,15.355557959992439
flight,7,High,0.0101959682201341,WOA,10,2000,29,16003029,-1.120334473155334,-1.1203240200032392,9.330385117367759e-06,True,0.0123350483190859,2000,True,15.565785986837
flight,7,High,0.0101959682201341,WOA,10,5000,0,16003000,-1.120334473155334,-1.1203344434128744,2.6547839345271093e-08,True,0.0006558291659233455,5000,True,39.07479700865224
flight,7,High,0.0101959682201341,WOA,10,5000,1,16003001,-1.120334473155334,-1.1203344272861202,4.0942428229856625e-08,True,0.0008143711110741171,5000,True,38.83967502042651
flight,7,High,0.0101959682201341,WOA,10,5000,2,16003002,-1.120334473155334,-1.1203343490847628,1.1074422337539508e-07,True,0.0013396618357659755,5000,True,38.94368599867448
flight,7,High,0.0101959682201341,WOA,10,5000,3,16003003,-1.120334473155334,-1.1203344633566512,8.746211947297829e-09,True,0.0003756281331618339,5000,True,39.80074595892802
flight,7,High,0.0101959682201341,WOA,10,5000,4,16003004,-1.120334473155334,-1.1203344575016434,1.3972336780738566e-08,True,0.00047592426927606766,5000,True,39.154587022494525
flight,7,High,0.0101959682201341,WOA,10,5000,5,16003005,-1.120334473155334,-1.1203344480882105,2.2374678356047788e-08,True,0.0006022262792630769,5000,True,39.003627956844866
flight,7,High,0.0101959682201341,WOA,10,5000,6,16003006,-1.120334473155334,-1.1203344731165799,3.459155454016566e-11,True,2.3654522561391386e-05,5000,True,38.889769988600165
flight,7,High,0.0101959682201341,WOA,10,5000,7,16003007,-1.120334473155334,-1.1203344683699192,4.271416122426119e-09,True,0.0002652178911680258,5000,True,39.762584026902914
flight,7,High,0.0101959682201341,WOA,10,5000,8,16003008,-1.120334473155334,-1.120333885306785,5.247080787347694e-07,True,0.0029215952218272917,5000,True,39.49986299267039
flight,7,High,0.0101959682201341,WOA,10,5000,9,16003009,-1.120334473155334,-1.1203344517078657,1.9143808174922667e-08,True,0.0005575025904538869,5000,True,39.555534021928906
flight,7,High,0.0101959682201341,WOA,10,5000,10,16003010,-1.120334473155334,-1.1203335502801337,8.237497125842285e-07,True,0.0036540688040696463,5000,True,39.39374600304291
flight,7,High,0.0101959682201341,WOA,10,5000,11,16003011,-1.120334473155334,-1.1203344664658257,5.970992092926936e-09,True,0.000310691799314788,5000,True,38.66554400883615
flight,7,High,0.0101959682201341,WOA,10,5000,12,16003012,-1.120334473155334,-1.1203341909388502,2.5190377561363424e-07,True,0.002020351928044785,5000,True,38.831499055959284
flight,7,High,0.0101959682201341,WOA,10,5000,13,16003013,-1.120334473155334,-1.120325596152223,7.923529377819018e-06,True,0.011300645641192285,5000,True,38.64663396961987
flight,7,High,0.0101959682201341,WOA,10,5000,14,16003014,-1.120334473155334,-1.1203344701518878,2.6808477561044556e-09,True,0.00020580003838259557,5000,True,38.536002044565976
flight,7,High,0.0101959682201341,WOA,10,5000,15,16003015,-1.120334473155334,-1.1203344070263526,5.902610603033194e-08,True,0.0009779014715679956,5000,True,38.77755400026217
flight,7,High,0.0101959682201341,WOA,10,5000,16,16003016,-1.120334473155334,-1.1203340651793314,3.6415553775434744e-07,True,0.002427844576106634,5000,True,38.78270596032962
flight,7,High,0.0101959682201341,WOA,10,5000,17,16003017,-1.120334473155334,-1.1203340565131295,3.7189090802627193e-07,True,0.002452204179146692,5000,True,38.1755720009096
flight,7,High,0.0101959682201341,WOA,10,5000,18,16003018,-1.120334473155334,-1.1203314754386478,2.6757336831492154e-06,True,0.006603350505707057,5000,True,38.546931988094
flight,7,High,0.0101959682201341,WOA,10,5000,19,16003019,-1.120334473155334,-1.1203343875985432,7.636718570499739e-08,True,0.0011134374773713745,5000,True,39.18776096543297
flight,7,High,0.0101959682201341,WOA,10,5000,20,16003020,-1.120334473155334,-1.1203344635888288,8.53897239872188e-09,True,0.0003712976131369991,5000,True,38.718340976629406
flight,7,High,0.0101959682201341,WOA,10,5000,21,16003021,-1.120334473155334,-1.1203342577494304,1.922692809335277e-07,True,0.0017660672170483067,5000,True,39.817754994146526
flight,7,High,0.0101959682201341,WOA,10,5000,22,16003022,-1.120334473155334,-1.1203344688655736,3.828999667087361e-09,True,0.00024883993803977486,5000,True,39.49037898564711
flight,7,High,0.0101959682201341,WOA,10,5000,23,16003023,-1.120334473155334,-1.1203337328231373,6.608135466661639e-07,True,0.0032692380692157484,5000,True,39.7402829839848
flight,7,High,0.0101959682201341,WOA,10,5000,24,16003024,-1.120334473155334,-1.1203342747956604,1.7705397658330155e-07,True,0.00169327502981604,5000,True,39.35358294984326
flight,7,High,0.0101959682201341,WOA,10,5000,25,16003025,-1.120334473155334,-1.1203344603589307,1.1421949049111275e-08,True,0.0004286996358258302,5000,True,39.09590397961438
flight,7,High,0.0101959682201341,WOA,10,5000,26,16003026,-1.120334473155334,-1.1203331971538966,1.1389468662929705e-06,True,0.00430259694235132,5000,True,39.07984000397846
flight,7,High,0.0101959682201341,WOA,10,5000,27,16003027,-1.120334473155334,-1.120333910809835,5.019442965739837e-07,True,0.0028550121223891237,5000,True,38.60425198217854
flight,7,High,0.0101959682201341,WOA,10,5000,28,16003028,-1.120334473155334,-1.1203344616162463,1.0299680998715402e-08,True,0.0004116149138875023,5000,True,38.52213901700452
flight,7,High,0.0101959682201341,WOA,10,5000,29,16003029,-1.120334473155334,-1.120332500430646,1.7608354784375417e-06,True,0.005330942402497918,5000,True,39.535375020932406
cstr,15,High,0.0413489282932192,SGO,30,250,0,17000000,-0.05494846455070787,-0.002742054701010548,0.05220640984969732,False,0.9313616134575743,250,True,2.8330160421319306
cstr,15,High,0.0413489282932192,SGO,30,250,1,17000001,-0.05494846455070787,-0.02297367034781299,0.03197479420289488,False,0.547883681309138,250,True,2.706210012547672
cstr,15,High,0.0413489282932192,SGO,30,250,2,17000002,-0.05494846455070787,-0.03191032793323968,0.02303813661746819,False,0.5839504441541932,250,True,2.70084198564291
cstr,15,High,0.0413489282932192,SGO,30,250,3,17000003,-0.05494846455070787,-0.013685411954286297,0.04126305259642157,False,0.7084363898675031,250,True,2.8068270185030997
cstr,15,High,0.0413489282932192,SGO,30,250,4,17000004,-0.05494846455070787,-0.011937330317493465,0.043011134233214406,False,0.6098877395530513,250,True,2.721414959523827
cstr,15,High,0.0413489282932192,SGO,30,250,5,17000005,-0.05494846455070787,-0.05457231780014663,0.000376146750561239,False,0.009523790932320402,250,True,2.811445971019566
cstr,15,High,0.0413489282932192,SGO,30,250,6,17000006,-0.05494846455070787,-0.01612345153472297,0.0388250130159849,False,0.7560723371251283,250,True,2.7114220429211855
cstr,15,High,0.0413489282932192,SGO,30,250,7,17000007,-0.05494846455070787,-0.013146150792707968,0.04180231375799991,False,0.8288536338823972,250,True,2.7713029994629323
cstr,15,High,0.0413489282932192,SGO,30,250,8,17000008,-0.05494846455070787,-0.05018348217880574,0.004764982371902128,False,0.2795704770937515,250,True,2.733948000241071
cstr,15,High,0.0413489282932192,SGO,30,250,9,17000009,-0.05494846455070787,-0.018313498136892765,0.036634966413815105,False,0.7665238352459779,250,True,2.735748013947159
cstr,15,High,0.0413489282932192,SGO,30,250,10,17000010,-0.05494846455070787,-0.04893584423728267,0.006012620313425199,False,0.22465435886630233,250,True,2.707862004172057
cstr,15,High,0.0413489282932192,SGO,30,250,11,17000011,-0.05494846455070787,0.0,0.05494846455070787,False,0.9439945876916956,250,True,2.757771988399327
cstr,15,High,0.0413489282932192,SGO,30,250,12,17000012,-0.05494846455070787,-0.014642674322115981,0.04030579022859189,False,0.745364015471933,250,True,2.8687730082310736
cstr,15,High,0.0413489282932192,SGO,30,250,13,17000013,-0.05494846455070787,-0.026274070919580086,0.028674393631127785,False,0.6557460017824558,250,True,2.8611309826374054
cstr,15,High,0.0413489282932192,SGO,30,250,14,17000014,-0.05494846455070787,-0.010113747187770958,0.04483471736293691,False,0.6130404610971132,250,True,2.798921021167189
cstr,15,High,0.0413489282932192,SGO,30,250,15,17000015,-0.05494846455070787,-0.046703808560078025,0.008244655990629846,False,0.056815437446849824,250,True,2.764616976492107
cstr,15,High,0.0413489282932192,SGO,30,250,16,17000016,-0.05494846455070787,-0.04326383969518223,0.011684624855525641,False,0.3569992901736241,250,True,2.75537499692291
cstr,15,High,0.0413489282932192,SGO,30,250,17,17000017,-0.05494846455070787,-0.040849253968338384,0.014099210582369487,False,0.4862830722968018,250,True,2.8178070206195116
cstr,15,High,0.0413489282932192,SGO,30,250,18,17000018,-0.05494846455070787,-0.012468764625978521,0.04247969992472935,False,0.7532400861910484,250,True,2.7070249780081213
cstr,15,High,0.0413489282932192,SGO,30,250,19,17000019,-0.05494846455070787,-0.04112823339946718,0.013820231151240689,False,0.030383573472673817,250,True,2.724540012422949
cstr,15,High,0.0413489282932192,SGO,30,250,20,17000020,-0.05494846455070787,-0.0065584241160310894,0.04839004043467678,False,0.8878285994751378,250,True,2.78106500627473
cstr,15,High,0.0413489282932192,SGO,30,250,21,17000021,-0.05494846455070787,-0.04868280079280907,0.006265663757898804,False,0.05676235723585947,250,True,2.7146850479766726
cstr,15,High,0.0413489282932192,SGO,30,250,22,17000022,-0.05494846455070787,-0.010584215465419522,0.04436424908528835,False,0.8587713601961708,250,True,2.699079050216824
cstr,15,High,0.0413489282932192,SGO,30,250,23,17000023,-0.05494846455070787,-0.03367671937903693,0.021271745171670943,False,0.46866804032651105,250,True,2.7693230076693
cstr,15,High,0.0413489282932192,SGO,30,250,24,17000024,-0.05494846455070787,0.0,0.05494846455070787,False,0.9439945876916956,250,True,2.757773967459798
cstr,15,High,0.0413489282932192,SGO,30,250,25,17000025,-0.05494846455070787,-0.02047849619673034,0.03446996835397753,False,0.6603133420446055,250,True,2.747012011241168
cstr,15,High,0.0413489282932192,SGO,30,250,26,17000026,-0.05494846455070787,-0.026649223070114705,0.028299241480593165,False,0.6784084661114214,250,True,2.7495980029925704
cstr,15,High,0.0413489282932192,SGO,30,250,27,17000027,-0.05494846455070787,-0.028005724501734587,0.026942740048973284,False,0.6608956195117122,250,True,2.756956033408642
cstr,15,High,0.0413489282932192,SGO,30,250,28,17000028,-0.05494846455070787,-0.020611316510897336,0.034337148039810535,False,0.2552236759409993,250,True,2.666905988007784
cstr,15,High,0.0413489282932192,SGO,30,250,29,17000029,-0.05494846455070787,0.0,0.05494846455070787,False,0.9439945876916956,250,True,2.7392629999667406
cstr,15,High,0.0413489282932192,SGO,30,500,0,17000000,-0.05494846455070787,-0.042426782881882875,0.012521681668824995,False,0.38392135438825,500,True,5.7989920023828745
cstr,15,High,0.0413489282932192,SGO,30,500,1,17000001,-0.05494846455070787,-0.05110360962916837,0.003844854921539499,False,0.14256951678431376,500,True,5.6944050011225045
cstr,15,High,0.0413489282932192,SGO,30,500,2,17000002,-0.05494846455070787,-0.04544080203377887,0.009507662516929,False,0.39730909169368056,500,True,5.716970015782863
cstr,15,High,0.0413489282932192,SGO,30,500,3,17000003,-0.05494846455070787,-0.05208358670612019,0.0028648778445876794,False,0.21520718383816084,500,True,5.8045629994012415
cstr,15,High,0.0413489282932192,SGO,30,500,4,17000004,-0.05494846455070787,-0.049396615501334486,0.005551849049373385,False,0.21148703634543814,500,True,5.647435027640313
cstr,15,High,0.0413489282932192,SGO,30,500,5,17000005,-0.05494846455070787,-0.05457231780014663,0.000376146750561239,False,0.009523790932320402,500,True,5.8115520514547825
cstr,15,High,0.0413489282932192,SGO,30,500,6,17000006,-0.05494846455070787,-0.041338707182475745,0.013609757368232125,False,0.47470931517637244,500,True,5.814934032969177
cstr,15,High,0.0413489282932192,SGO,30,500,7,17000007,-0.05494846455070787,-0.044587909038993914,0.010360555511713956,False,0.3728774364549686,500,True,5.893883993849158
cstr,15,High,0.0413489282932192,SGO,30,500,8,17000008,-0.05494846455070787,-0.05251356048143789,0.0024349040692699803,False,0.1641875278091094,500,True,5.67077798768878
cstr,15,High,0.0413489282932192,SGO,30,500,9,17000009,-0.05494846455070787,-0.05164849302483295,0.0032999715258749188,False,0.08849144541494272,500,True,5.75416098581627
cstr,15,High,0.0413489282932192,SGO,30,500,10,17000010,-0.05494846455070787,-0.0535765449618263,0.0013719195888815677,False,0.05271944607165538,500,True,5.866366031114012
cstr,15,High,0.0413489282932192,SGO,30,500,11,17000011,-0.05494846455070787,-0.025691321678719445,0.029257142871988426,False,0.6552702792438734,500,True,5.844933039043099
cstr,15,High,0.0413489282932192,SGO,30,500,12,17000012,-0.05494846455070787,-0.03033261808595456,0.02461584646475331,False,0.6381363228943493,500,True,5.979417008347809
cstr,15,High,0.0413489282932192,SGO,30,500,13,17000013,-0.05494846455070787,-0.03980421091856316,0.015144253632144708,False,0.44240624230219205,500,True,5.760236992500722
cstr,15,High,0.0413489282932192,SGO,30,500,14,17000014,-0.05494846455070787,-0.02621091805182251,0.02873754649888536,False,0.63088611238272,500,True,5.825775035191327
cstr,15,High,0.0413489282932192,SGO,30,500,15,17000015,-0.05494846455070787,-0.0510469770745447,0.0039014874761631735,False,0.21624379758751586,500,True,5.854472983628511
cstr,15,High,0.0413489282932192,SGO,30,500,16,17000016,-0.05494846455070787,-0.044571642471205715,0.010376822079502156,False,0.37273535698824833,500,True,5.813086987473071
cstr,15,High,0.0413489282932192,SGO,30,500,17,17000017,-0.05494846455070787,-0.040849253968338384,0.014099210582369487,False,0.4862830722968018,500,True,5.965670046862215
cstr,15,High,0.0413489282932192,SGO,30,500,18,17000018,-0.05494846455070787,-0.03518583991707029,0.01976262463363758,False,0.5746782878095953,500,True,5.789379007183015
cstr,15,High,0.0413489282932192,SGO,30,500,19,17000019,-0.05494846455070787,-0.05472475163519744,0.00022371291551043226,False,0.056532931238708305,500,True,5.6153019540943205
cstr,15,High,0.0413489282932192,SGO,30,500,20,17000020,-0.05494846455070787,-0.02727384080331193,0.02767462374739594,False,0.6803192793498251,500,True,5.853042006492615
cstr,15,High,0.0413489282932192,SGO,30,500,21,17000021,-0.05494846455070787,-0.05354496199816183,0.0014035025525460376,False,0.05651389833526117,500,True,5.653597007039934
cstr,15,High,0.0413489282932192,SGO,30,500,22,17000022,-0.05494846455070787,-0.023005415860770373,0.0319430486899375,False,0.7144273389243779,500,True,5.5973700364120305
cstr,15,High,0.0413489282932192,SGO,30,500,23,17000023,-0.05494846455070787,-0.05362109819574935,0.0013273663549585174,False,0.11438161679821461,500,True,5.739037995226681
cstr,15,High,0.0413489282932192,SGO,30,500,24,17000024,-0.05494846455070787,-0.04519019228125233,0.00975827226945554,False,0.3404639052363972,500,True,5.797226040158421
cstr,15,High,0.0413489282932192,SGO,30,500,25,17000025,-0.05494846455070787,-0.046819810951000254,0.008128653599707616,False,0.28715101849121627,500,True,5.622484954074025
cstr,15,High,0.0413489282932192,SGO,30,500,26,17000026,-0.05494846455070787,-0.035863583993824846,0.019084880556883024,False,0.5583037835433572,500,True,5.647505051456392
cstr,15,High,0.0413489282932192,SGO,30,500,27,17000027,-0.05494846455070787,-0.054235011336997575,0.0007134532137102953,False,0.008846281152586052,500,True,5.794071999844164
cstr,15,High,0.0413489282932192,SGO,30,500,28,17000028,-0.05494846455070787,-0.04814367332218275,0.00680479122852512,False,0.3186088293007822,500,True,5.5621019564569
cstr,15,High,0.0413489282932192,SGO,30,500,29,17000029,-0.05494846455070787,-0.034266494109664855,0.020681970441043016,False,0.557480427166999,500,True,5.776140023954213
cstr,15,High,0.0413489282932192,SGO,30,1000,0,17000000,-0.05494846455070787,-0.05493927284889859,9.19170180928297e-06,True,0.008693243390808184,1000,True,11.680153955239803
cstr,15,High,0.0413489282932192,SGO,30,1000,1,17000001,-0.05494846455070787,-0.05492129787209374,2.7166678614132245e-05,True,0.005257705877086373,1000,True,11.636925977654755
cstr,15,High,0.0413489282932192,SGO,30,1000,2,17000002,-0.05494846455070787,-0.05487018554183519,7.827900887268091e-05,True,0.0330976769094398,1000,True,11.733901978004724
cstr,15,High,0.0413489282932192,SGO,30,1000,3,17000003,-0.05494846455070787,-0.05491689788938656,3.1566661321313916e-05,True,0.020571263476145785,1000,True,11.89211499877274
cstr,15,High,0.0413489282932192,SGO,30,1000,4,17000004,-0.05494846455070787,-0.05487715788778082,7.130666292705368e-05,True,0.030301705286935442,1000,True,11.516246013343334
cstr,15,High,0.0413489282932192,SGO,30,1000,5,17000005,-0.05494846455070787,-0.05482753205041438,0.00012093250029349134,False,0.003498487840891987,1000,True,11.707422032486647
cstr,15,High,0.0413489282932192,SGO,30,1000,6,17000006,-0.05494846455070787,-0.054818900814029264,0.0001295637366786062,False,0.044655432357257094,1000,True,11.890778027009219
cstr,15,High,0.0413489282932192,SGO,30,1000,7,17000007,-0.05494846455070787,-0.05476384139373745,0.00018462315697041765,False,0.014174460457953324,1000,True,11.943051998969167
cstr,15,High,0.0413489282932192,SGO,30,1000,8,17000008,-0.05494846455070787,-0.05485318650015443,9.527805055344063e-05,True,0.03553798861210585,1000,True,11.693453008774668
cstr,15,High,0.0413489282932192,SGO,30,1000,9,17000009,-0.05494846455070787,-0.05483085100985294,0.00011761354085493281,False,0.008728699706089438,1000,True,11.752931983210146
cstr,15,High,0.0413489282932192,SGO,30,1000,10,17000010,-0.05494846455070787,-0.05448813355401905,0.0004603309966888236,False,0.06469255187725471,1000,True,11.737354041542858
cstr,15,High,0.0413489282932192,SGO,30,1000,11,17000011,-0.05494846455070787,-0.05494293539470373,5.529156004137337e-06,True,0.00530598075126583,1000,True,11.645337974186987
cstr,15,High,0.0413489282932192,SGO,30,1000,12,17000012,-0.05494846455070787,-0.054606834268398456,0.00034163028230941445,False,0.03995491422408951,1000,True,11.813185003120452
cstr,15,High,0.0413489282932192,SGO,30,1000,13,17000013,-0.05494846455070787,-0.054815289587898906,0.0001331749628089643,False,0.0038165176400354085,1000,True,11.52410899521783
cstr,15,High,0.0413489282932192,SGO,30,1000,14,17000014,-0.05494846455070787,-0.053617434411111865,0.0013310301395960053,False,0.1478480203630116,1000,True,11.437586043030024
cstr,15,High,0.0413489282932192,SGO,30,1000,15,17000015,-0.05494846455070787,-0.05494700269640165,1.4618543062172584e-06,True,0.003969921603564574,1000,True,11.476034997031093
cstr,15,High,0.0413489282932192,SGO,30,1000,16,17000016,-0.05494846455070787,-0.054746557842318785,0.0002019067083890852,False,0.05820303537599672,1000,True,11.479079024866223
cstr,15,High,0.0413489282932192,SGO,30,1000,17,17000017,-0.05494846455070787,-0.05474177054301932,0.0002066940076885515,False,0.009724866851479786,1000,True,11.564236017875373
cstr,15,High,0.0413489282932192,SGO,30,1000,18,17000018,-0.05494846455070787,-0.05483451246612789,0.0001139520845799824,False,0.042540789220974214,1000,True,11.608228960540146
cstr,15,High,0.0413489282932192,SGO,30,1000,19,17000019,-0.05494846455070787,-0.054909477770667015,3.8986780040856095e-05,True,0.01270023517993584,1000,True,11.418569018132985
cstr,15,High,0.0413489282932192,SGO,30,1000,20,17000020,-0.05494846455070787,-0.054377912848941584,0.0005705517017662864,False,0.07936514017175501,1000,True,11.322355014272034
cstr,15,High,0.0413489282932192,SGO,30,1000,21,17000021,-0.05494846455070787,-0.054921520619235456,2.6943931472414584e-05,True,0.011100531060262476,1000,True,11.434784042648971
cstr,15,High,0.0413489282932192,SGO,30,1000,22,17000022,-0.05494846455070787,-0.04789722055566093,0.007051243995046939,False,0.33964789815833657,1000,True,11.460356006864458
cstr,15,High,0.0413489282932192,SGO,30,1000,23,17000023,-0.05494846455070787,-0.05494813694391494,3.276067929297577e-07,True,0.0016122501837079334,1000,True,11.460401001386344
cstr,15,High,0.0413489282932192,SGO,30,1000,24,17000024,-0.05494846455070787,-0.05459824209545758,0.00035022245525029305,False,0.06960344610596347,1000,True,11.40332903014496
cstr,15,High,0.0413489282932192,SGO,30,1000,25,17000025,-0.05494846455070787,-0.05489667454908055,5.179000162731928e-05,True,0.029420609022216458,1000,True,11.400818009860814
cstr,15,High,0.0413489282932192,SGO,30,1000,26,17000026,-0.05494846455070787,-0.051309744877227746,0.0036387196734801244,False,0.24686316847048673,1000,True,11.698725982569158
cstr,15,High,0.0413489282932192,SGO,30,1000,27,17000027,-0.05494846455070787,-0.054894979496035695,5.348505467217546e-05,True,0.025760026897025258,1000,True,11.918780975975096
cstr,15,High,0.0413489282932192,SGO,30,1000,28,17000028,-0.05494846455070787,-0.054649817480169754,0.0002986470705381161,False,0.038319595482495646,1000,True,11.595707037486136
cstr,15,High,0.0413489282932192,SGO,30,1000,29,17000029,-0.05494846455070787,-0.05478099833302737,0.00016746621768050363,False,0.05220195208966184,1000,True,11.943157005589455
cstr,15,High,0.0413489282932192,SGO,30,2000,0,17000000,-0.05494846455070787,-0.05493927284889859,9.19170180928297e-06,True,0.008693243390808184,2000,True,23.813746985979378
cstr,15,High,0.0413489282932192,SGO,30,2000,1,17000001,-0.05494846455070787,-0.05493178249939927,1.6682051308600232e-05,True,0.015124498661388387,2000,True,23.674094991292804
cstr,15,High,0.0413489282932192,SGO,30,2000,2,17000002,-0.05494846455070787,-0.05494749734572348,9.672049843881259e-07,True,0.0035912646344406014,2000,True,23.782091971952468
cstr,15,High,0.0413489282932192,SGO,30,2000,3,17000003,-0.05494846455070787,-0.05494817113561261,2.934150952621506e-07,True,0.0003496892874523888,2000,True,23.556756030302495
cstr,15,High,0.0413489282932192,SGO,30,2000,4,17000004,-0.05494846455070787,-0.05494781979104567,6.447596622022322e-07,True,0.0024605999264251223,2000,True,23.131027002818882
cstr,15,High,0.0413489282932192,SGO,30,2000,5,17000005,-0.05494846455070787,-0.05494438379863188,4.0807520759883475e-06,True,0.00533102904497263,2000,True,23.192016000393778
cstr,15,High,0.0413489282932192,SGO,30,2000,6,17000006,-0.05494846455070787,-0.05493439280353975,1.4071747168123427e-05,True,0.01536541923810109,2000,True,23.414881026837975
cstr,15,High,0.0413489282932192,SGO,30,2000,7,17000007,-0.05494846455070787,-0.05493623198611522,1.2232564592651318e-05,True,0.0021503248669773813,2000,True,23.888911004178226
cstr,15,High,0.0413489282932192,SGO,30,2000,8,17000008,-0.05494846455070787,-0.054932635128216376,1.5829422491495104e-05,True,0.011224339908635519,2000,True,23.7320979940705
cstr,15,High,0.0413489282932192,SGO,30,2000,9,17000009,-0.05494846455070787,-0.05493440727028516,1.4057280422710705e-05,True,0.012154251523097072,2000,True,24.029843974858522
cstr,15,High,0.0413489282932192,SGO,30,2000,10,17000010,-0.05494846455070787,-0.054942989535452375,5.475015255496096e-06,True,0.009383176030061096,2000,True,24.161207024008036
cstr,15,High,0.0413489282932192,SGO,30,2000,11,17000011,-0.05494846455070787,-0.0549432147056349,5.249845072968773e-06,True,0.00539057730184099,2000,True,23.98251905106008
cstr,15,High,0.0413489282932192,SGO,30,2000,12,17000012,-0.05494846455070787,-0.0549458765428667,2.5880078411699703e-06,True,0.006541960752311655,2000,True,23.602132976520807
cstr,15,High,0.0413489282932192,SGO,30,2000,13,17000013,-0.05494846455070787,-0.05494332180717416,5.142743533713412e-06,True,0.008881855352376171,2000,True,23.783744021784514
cstr,15,High,0.0413489282932192,SGO,30,2000,14,17000014,-0.05494846455070787,-0.054935159713938336,1.3304836769534312e-05,True,0.0008967895450492692,2000,True,23.41998094925657
cstr,15,High,0.0413489282932192,SGO,30,2000,15,17000015,-0.05494846455070787,-0.05494700269640165,1.4618543062172584e-06,True,0.003969921603564574,2000,True,23.737957002595067
cstr,15,High,0.0413489282932192,SGO,30,2000,16,17000016,-0.05494846455070787,-0.05494794493920052,5.196115073491381e-07,True,0.0016296400028943745,2000,True,23.29533500596881
cstr,15,High,0.0413489282932192,SGO,30,2000,17,17000017,-0.05494846455070787,-0.05494631630432807,2.148246379798935e-06,True,0.005869291477048038,2000,True,23.72305397875607
cstr,15,High,0.0413489282932192,SGO,30,2000,18,17000018,-0.05494846455070787,-0.05490004698655837,4.8417564149499936e-05,True,0.02732612250028557,2000,True,23.27613200759515
cstr,15,High,0.0413489282932192,SGO,30,2000,19,17000019,-0.05494846455070787,-0.054940885513493645,7.57903721422537e-06,True,0.010797049325130387,2000,True,23.321114014834166
cstr,15,High,0.0413489282932192,SGO,30,2000,20,17000020,-0.05494846455070787,-0.054928969735946076,1.94948147617946e-05,True,0.013758506582063724,2000,True,23.237926012370735
cstr,15,High,0.0413489282932192,SGO,30,2000,21,17000021,-0.05494846455070787,-0.05492301407824818,2.5450472459692675e-05,True,0.017422753963327552,2000,True,23.441759985871613
cstr,15,High,0.0413489282932192,SGO,30,2000,22,17000022,-0.05494846455070787,-0.05233874646318337,0.0026097180875244985,False,0.05909811742524342,2000,True,23.672793002333492
cstr,15,High,0.0413489282932192,SGO,30,2000,23,17000023,-0.05494846455070787,-0.05494813694391494,3.276067929297577e-07,True,0.0016122501837079334,2000,True,23.352151969447732
cstr,15,High,0.0413489282932192,SGO,30,2000,24,17000024,-0.05494846455070787,-0.05494781349733353,6.510533743439573e-07,True,0.0007495507692485045,2000,True,23.349558003246784
cstr,15,High,0.0413489282932192,SGO,30,2000,25,17000025,-0.05494846455070787,-0.05494404048209862,4.424068609253096e-06,True,0.008590488656228225,2000,True,23.007232986856252
cstr,15,High,0.0413489282932192,SGO,30,2000,26,17000026,-0.05494846455070787,-0.054935187626168086,1.3276924539784574e-05,True,0.013178097034007227,2000,True,23.167911975178868
cstr,15,High,0.0413489282932192,SGO,30,2000,27,17000027,-0.05494846455070787,-0.05494812674907955,3.3780162832230953e-07,True,0.0013829022615264198,2000,True,23.50619900971651
cstr,15,High,0.0413489282932192,SGO,30,2000,28,17000028,-0.05494846455070787,-0.05493286312004177,1.5601430666103977e-05,True,0.016125858669085925,2000,True,22.8468130226247
cstr,15,High,0.0413489282932192,SGO,30,2000,29,17000029,-0.05494846455070787,-0.05492449598168031,2.3968569027560394e-05,True,0.0038025704112784916,2000,True,23.09294795850292
cstr,15,High,0.0413489282932192,SGO,30,5000,0,17000000,-0.05494846455070787,-0.05494715069761672,1.3138530911491197e-06,True,0.004596623450688345,5000,True,58.31701401621103
cstr,15,High,0.0413489282932192,SGO,30,5000,1,17000001,-0.05494846455070787,-0.054944166452347315,4.298098360555613e-06,True,0.008090348046471818,5000,True,58.05808195145801
cstr,15,High,0.0413489282932192,SGO,30,5000,2,17000002,-0.05494846455070787,-0.05494749734572348,9.672049843881259e-07,True,0.0035912646344406014,5000,True,58.37642296683043
cstr,15,High,0.0413489282932192,SGO,30,5000,3,17000003,-0.05494846455070787,-0.05494817113561261,2.934150952621506e-07,True,0.0003496892874523888,5000,True,59.0278260060586
cstr,15,High,0.0413489282932192,SGO,30,5000,4,17000004,-0.05494846455070787,-0.05494781979104567,6.447596622022322e-07,True,0.0024605999264251223,5000,True,58.68841602932662
cstr,15,High,0.0413489282932192,SGO,30,5000,5,17000005,-0.05494846455070787,-0.05494438379863188,4.0807520759883475e-06,True,0.00533102904497263,5000,True,58.190310024656355
cstr,15,High,0.0413489282932192,SGO,30,5000,6,17000006,-0.05494846455070787,-0.05493439280353975,1.4071747168123427e-05,True,0.01536541923810109,5000,True,57.967784989159554
cstr,15,High,0.0413489282932192,SGO,30,5000,7,17000007,-0.05494846455070787,-0.0549468337113764,1.6308393314679037e-06,True,0.003178123372567212,5000,True,58.48813900956884
cstr,15,High,0.0413489282932192,SGO,30,5000,8,17000008,-0.05494846455070787,-0.05494792319609637,5.413546114996226e-07,True,0.0021864426930924613,5000,True,58.76345298020169
cstr,15,High,0.0413489282932192,SGO,30,5000,9,17000009,-0.05494846455070787,-0.05494789207646586,5.724742420110118e-07,True,0.0022227177598607944,5000,True,58.50954900961369
cstr,15,High,0.0413489282932192,SGO,30,5000,10,17000010,-0.05494846455070787,-0.054942989535452375,5.475015255496096e-06,True,0.009383176030061096,5000,True,58.28449997352436
cstr,15,High,0.0413489282932192,SGO,30,5000,11,17000011,-0.05494846455070787,-0.054947462133373565,1.0024173343059495e-06,True,0.00209225753140029,5000,True,57.76580097153783
cstr,15,High,0.0413489282932192,SGO,30,5000,12,17000012,-0.05494846455070787,-0.0549458765428667,2.5880078411699703e-06,True,0.006541960752311655,5000,True,58.935423963703215
cstr,15,High,0.0413489282932192,SGO,30,5000,13,17000013,-0.05494846455070787,-0.05494648505350547,1.979497202403424e-06,True,0.000949859813243748,5000,True,59.69390500104055
cstr,15,High,0.0413489282932192,SGO,30,5000,14,17000014,-0.05494846455070787,-0.05493798230830103,1.0482242406843756e-05,True,0.0060804483013862905,5000,True,58.25909395935014
cstr,15,High,0.0413489282932192,SGO,30,5000,15,17000015,-0.05494846455070787,-0.05494700269640165,1.4618543062172584e-06,True,0.003969921603564574,5000,True,58.37050301488489
cstr,15,High,0.0413489282932192,SGO,30,5000,16,17000016,-0.05494846455070787,-0.05494794493920052,5.196115073491381e-07,True,0.0016296400028943745,5000,True,57.92649899376556
cstr,15,High,0.0413489282932192,SGO,30,5000,17,17000017,-0.05494846455070787,-0.05494806508101499,3.9946969287996126e-07,True,0.0003739504670397211,5000,True,58.257427997887135
cstr,15,High,0.0413489282932192,SGO,30,5000,18,17000018,-0.05494846455070787,-0.0549471078995586,1.3566511492674183e-06,True,0.002441652493734209,5000,True,58.9875639998354
cstr,15,High,0.0413489282932192,SGO,30,5000,19,17000019,-0.05494846455070787,-0.05494743889819481,1.0256525130591942e-06,True,0.004032156978689086,5000,True,58.95953596336767
cstr,15,High,0.0413489282932192,SGO,30,5000,20,17000020,-0.05494846455070787,-0.054944924030385284,3.540520322586893e-06,True,0.00754274215656222,5000,True,58.13391599804163
cstr,15,High,0.0413489282932192,SGO,30,5000,21,17000021,-0.05494846455070787,-0.05494511133496203,3.3532157458424083e-06,True,0.007499818717859487,5000,True,58.11290198471397
cstr,15,High,0.0413489282932192,SGO,30,5000,22,17000022,-0.05494846455070787,-0.05492796636262254,2.049818808533277e-05,True,0.011664015034967421,5000,True,57.95956897782162
cstr,15,High,0.0413489282932192,SGO,30,5000,23,17000023,-0.05494846455070787,-0.05494813694391494,3.276067929297577e-07,True,0.0016122501837079334,5000,True,57.716851006262004
cstr,15,High,0.0413489282932192,SGO,30,5000,24,17000024,-0.05494846455070787,-0.054947916344441544,5.482062663264564e-07,True,0.000659378110060649,5000,True,57.68294399604201
cstr,15,High,0.0413489282932192,SGO,30,5000,25,17000025,-0.05494846455070787,-0.05494770522223016,7.593284777132614e-07,True,0.003358782765069161,5000,True,58.379763970151544
cstr,15,High,0.0413489282932192,SGO,30,5000,26,17000026,-0.05494846455070787,-0.054947231331429286,1.233219278584663e-06,True,0.004116359833408899,5000,True,59.15432999609038
cstr,15,High,0.0413489282932192,SGO,30,5000,27,17000027,-0.05494846455070787,-0.05494812674907955,3.3780162832230953e-07,True,0.0013829022615264198,5000,True,59.846420015674084
cstr,15,High,0.0413489282932192,SGO,30,5000,28,17000028,-0.05494846455070787,-0.054945571604296015,2.892946411856001e-06,True,0.003214714287863641,5000,True,58.75498498789966
cstr,15,High,0.0413489282932192,SGO,30,5000,29,17000029,-0.05494846455070787,-0.05494336743907402,5.097111633850515e-06,True,0.008156629545167224,5000,True,60.3255340247415
cstr,15,High,0.0413489282932192,GWO,20,250,0,17001000,-0.05494846455070787,-0.054892772124017275,5.56924266905956e-05,True,0.028979854121182952,250,True,3.250902984291315
cstr,15,High,0.0413489282932192,GWO,20,250,1,17001001,-0.05494846455070787,-0.05492884716319215,1.9617387515720452e-05,True,0.014542909915054573,250,True,3.2309010275639594
cstr,15,High,0.0413489282932192,GWO,20,250,2,17001002,-0.05494846455070787,-0.054943303718855654,5.160831852216163e-06,True,0.0009589636434873917,250,True,3.273310954682529
cstr,15,High,0.0413489282932192,GWO,20,250,3,17001003,-0.05494846455070787,-0.05480374090091278,0.0001447236497950921,False,0.04800239832352795,250,True,3.294228983577341
cstr,15,High,0.0413489282932192,GWO,20,250,4,17001004,-0.05494846455070787,-0.05490715529844357,4.130925226430299e-05,True,0.010872664439575332,250,True,3.27205698704347
cstr,15,High,0.0413489282932192,GWO,20,250,5,17001005,-0.05494846455070787,-0.05491446301078351,3.4001539924360946e-05,True,0.021914765140053333,250,True,3.2774379942566156
cstr,15,High,0.0413489282932192,GWO,20,250,6,17001006,-0.05494846455070787,-0.05477334443778059,0.00017512011292727947,False,0.05405012827670142,250,True,3.2872959855012596
cstr,15,High,0.0413489282932192,GWO,20,250,7,17001007,-0.05494846455070787,-0.05478022348173681,0.00016824106897105756,False,0.03483108572548672,250,True,3.272310015745461
cstr,15,High,0.0413489282932192,GWO,20,250,8,17001008,-0.05494846455070787,-0.0548178727716728,0.0001305917790350719,False,0.003179774858917636,250,True,3.292854002211243
cstr,15,High,0.0413489282932192,GWO,20,250,9,17001009,-0.05494846455070787,-0.0549165072198482,3.195733085967212e-05,True,0.019359560679070305,250,True,3.305067017208785
cstr,15,High,0.0413489282932192,GWO,20,250,10,17001010,-0.05494846455070787,-0.05491932135285209,2.9143197855782677e-05,True,0.0018010103273749525,250,True,3.3158750156871974
cstr,15,High,0.0413489282932192,GWO,20,250,11,17001011,-0.05494846455070787,-0.054925638240086005,2.282631062186513e-05,True,0.011799738499994557,250,True,3.3017389941960573
cstr,15,High,0.0413489282932192,GWO,20,250,12,17001012,-0.05494846455070787,-0.05479819671778027,0.0001502678329275975,False,0.038958399417152505,250,True,3.1980809872038662
cstr,15,High,0.0413489282932192,GWO,20,250,13,17001013,-0.05494846455070787,-0.054877160675268086,7.130387543978489e-05,True,0.030936471342992804,250,True,3.192580014001578
cstr,15,High,0.0413489282932192,GWO,20,250,14,17001014,-0.05494846455070787,-0.05489484476077586,5.361978993201344e-05,True,0.010972081888511492,250,True,3.1891149701550603
cstr,15,High,0.0413489282932192,GWO,20,250,15,17001015,-0.05494846455070787,-0.05476668414271726,0.00018178040799061296,False,0.03264437848464443,250,True,3.2199000124819577
cstr,15,High,0.0413489282932192,GWO,20,250,16,17001016,-0.05494846455070787,-0.05485494627245284,9.35182782550309e-05,True,0.028896936544887734,250,True,3.259254968725145
cstr,15,High,0.0413489282932192,GWO,20,250,17,17001017,-0.05494846455070787,-0.05474126880682957,0.00020719574387829953,False,0.05653498695503048,250,True,3.3032939536496997
cstr,15,High,0.0413489282932192,GWO,20,250,18,17001018,-0.05494846455070787,-0.05489233747529679,5.6127075411083194e-05,True,0.005108779377820429,250,True,3.2806620001792908
cstr,15,High,0.0413489282932192,GWO,20,250,19,17001019,-0.05494846455070787,-0.05492805304917869,2.0411501529177256e-05,True,0.0034528751058757407,250,True,3.3140830346383154
cstr,15,High,0.0413489282932192,GWO,20,250,20,17001020,-0.05494846455070787,-0.05484308260866906,0.00010538194203880968,False,0.012528318501942613,250,True,3.2841369975358248
cstr,15,High,0.0413489282932192,GWO,20,250,21,17001021,-0.05494846455070787,-0.051127947103661066,0.003820517447046805,False,0.21638402000208,250,True,3.299236996099353
cstr,15,High,0.0413489282932192,GWO,20,250,22,17001022,-0.05494846455070787,-0.05487726300980908,7.120154089879094e-05,True,0.023041746246625115,250,True,3.2734849955886602
cstr,15,High,0.0413489282932192,GWO,20,250,23,17001023,-0.05494846455070787,-0.054881220405377025,6.72441453308456e-05,True,0.0004132704737962466,250,True,3.2770460238680243
cstr,15,High,0.0413489282932192,GWO,20,250,24,17001024,-0.05494846455070787,-0.05492585421479919,2.261033590868211e-05,True,0.01894053418317316,250,True,3.45967203611508
cstr,15,High,0.0413489282932192,GWO,20,250,25,17001025,-0.05494846455070787,-0.054940551617288565,7.912933419305934e-06,True,0.010459504198852675,250,True,3.2920659868977964
cstr,15,High,0.0413489282932192,GWO,20,250,26,17001026,-0.05494846455070787,-0.05490073405749783,4.773049321003808e-05,True,0.005909517886659522,250,True,3.2104559941217303
cstr,15,High,0.0413489282932192,GWO,20,250,27,17001027,-0.05494846455070787,-0.05486760216904667,8.086238166120363e-05,True,0.014045536896782923,250,True,3.260151017457247
cstr,15,High,0.0413489282932192,GWO,20,250,28,17001028,-0.05494846455070787,-0.054807471715580765,0.00014099283512710586,False,0.037787382374588965,250,True,3.293829970061779
cstr,15,High,0.0413489282932192,GWO,20,250,29,17001029,-0.05494846455070787,-0.054845100448942724,0.00010336410176514654,False,0.04159191757095439,250,True,3.2647569896653295
cstr,15,High,0.0413489282932192,GWO,20,500,0,17001000,-0.05494846455070787,-0.05489834732908275,5.011722162512333e-05,True,0.005028147811170339,500,True,6.552396982442588
cstr,15,High,0.0413489282932192,GWO,20,500,1,17001001,-0.05494846455070787,-0.05488304032236202,6.54242283458506e-05,True,0.0014196875902280554,500,True,6.649447022937238
cstr,15,High,0.0413489282932192,GWO,20,500,2,17001002,-0.05494846455070787,-0.05490136821136719,4.709633934068397e-05,True,0.018415748952343505,500,True,6.610528042074293
cstr,15,High,0.0413489282932192,GWO,20,500,3,17001003,-0.05494846455070787,-0.05492886179343109,1.9602757276783456e-05,True,0.004504765373511406,500,True,6.607868010178208
cstr,15,High,0.0413489282932192,GWO,20,500,4,17001004,-0.05494846455070787,-0.054930967027835564,1.7497522872306215e-05,True,0.002997978647395479,500,True,6.568514974787831
cstr,15,High,0.0413489282932192,GWO,20,500,5,17001005,-0.05494846455070787,-0.054935140312050115,1.3324238657755338e-05,True,0.014611501972406647,500,True,6.536093016620725
cstr,15,High,0.0413489282932192,GWO,20,500,6,17001006,-0.05494846455070787,-0.054915909335459506,3.2555215248364355e-05,True,0.022837812141345754,500,True,6.587493000552058
cstr,15,High,0.0413489282932192,GWO,20,500,7,17001007,-0.05494846455070787,-0.05493203043614601,1.6434114561862667e-05,True,0.01574917489698133,500,True,6.585244031157345
cstr,15,High,0.0413489282932192,GWO,20,500,8,17001008,-0.05494846455070787,-0.05494597865918608,2.4858915217904065e-06,True,0.006220035186037694,500,True,6.58559100702405
cstr,15,High,0.0413489282932192,GWO,20,500,9,17001009,-0.05494846455070787,-0.054932490493596595,1.5974057111275974e-05,True,0.014456625763883459,500,True,6.629186042118818
cstr,15,High,0.0413489282932192,GWO,20,500,10,17001010,-0.05494846455070787,-0.05492899769196502,1.9466858742850368e-05,True,0.013373655172715543,500,True,6.7451579961925745
cstr,15,High,0.0413489282932192,GWO,20,500,11,17001011,-0.05494846455070787,-0.05493594187379158,1.2522676916287834e-05,True,0.014058926889823636,500,True,6.812462990637869
cstr,15,High,0.0413489282932192,GWO,20,500,12,17001012,-0.05494846455070787,-0.054921856524753426,2.6608025954444336e-05,True,0.015839868562493344,500,True,6.792894972022623
cstr,15,High,0.0413489282932192,GWO,20,500,13,17001013,-0.05494846455070787,-0.05488890948556477,5.955506514310205e-05,True,0.031463934749697345,500,True,6.645312998443842
cstr,15,High,0.0413489282932192,GWO,20,500,14,17001014,-0.05494846455070787,-0.05488705381047043,6.141074023743864e-05,True,0.031804035958462734,500,True,6.75373402191326
cstr,15,High,0.0413489282932192,GWO,20,500,15,17001015,-0.05494846455070787,-0.05494701441346921,1.4501372386580003e-06,True,0.002228482120476596,500,True,6.647230009548366
cstr,15,High,0.0413489282932192,GWO,20,500,16,17001016,-0.05494846455070787,-0.05493333618707305,1.5128363634819841e-05,True,0.0006702687880271896,500,True,6.640245032031089
cstr,15,High,0.0413489282932192,GWO,20,500,17,17001017,-0.05494846455070787,-0.05493598443351525,1.2480117192618934e-05,True,0.011664038695511046,500,True,6.707930995617062
cstr,15,High,0.0413489282932192,GWO,20,500,18,17001018,-0.05494846455070787,-0.054934623558702114,1.3840992005756392e-05,True,0.01301928151403027,500,True,6.681403028778732
cstr,15,High,0.0413489282932192,GWO,20,500,19,17001019,-0.05494846455070787,-0.05494698184306679,1.4827076410817153e-06,True,0.0026205493021976512,500,True,6.617069011554122
cstr,15,High,0.0413489282932192,GWO,20,500,20,17001020,-0.05494846455070787,-0.05487626258870633,7.220196200154183e-05,True,0.029270355937920392,500,True,6.604593014344573
cstr,15,High,0.0413489282932192,GWO,20,500,21,17001021,-0.05494846455070787,-0.054945039788011685,3.424762696185857e-06,True,0.007369403481865569,500,True,6.683084007818252
cstr,15,High,0.0413489282932192,GWO,20,500,22,17001022,-0.05494846455070787,-0.05490315504549502,4.530950521285104e-05,True,0.008458813302680442,500,True,6.613447971176356
cstr,15,High,0.0413489282932192,GWO,20,500,23,17001023,-0.05494846455070787,-0.05494575437989126,2.710170816613844e-06,True,0.003036867763220325,500,True,6.5517600160092115
cstr,15,High,0.0413489282932192,GWO,20,500,24,17001024,-0.05494846455070787,-0.05489490643500294,5.3558115704933906e-05,True,0.025369730084370774,500,True,6.527944002300501
cstr,15,High,0.0413489282932192,GWO,20,500,25,17001025,-0.05494846455070787,-0.05494719992119,1.264629517869209e-06,True,0.0008262126049717596,500,True,6.549131998326629
cstr,15,High,0.0413489282932192,GWO,20,500,26,17001026,-0.05494846455070787,-0.05493464297934694,1.3821571360927987e-05,True,0.0001705315924632071,500,True,6.574088998604566
cstr,15,High,0.0413489282932192,GWO,20,500,27,17001027,-0.05494846455070787,-0.05492381605496105,2.464849574682071e-05,True,0.018824293310031603,500,True,6.604251975659281
cstr,15,High,0.0413489282932192,GWO,20,500,28,17001028,-0.05494846455070787,-0.05494456290716719,3.901643540679678e-06,True,0.007182445696110632,500,True,6.582121946848929
cstr,15,High,0.0413489282932192,GWO,20,500,29,17001029,-0.05494846455070787,-0.05494596707306089,2.497477646981605e-06,True,0.002789489654676225,500,True,6.601034023333341
cstr,15,High,0.0413489282932192,GWO,20,1000,0,17001000,-0.05494846455070787,-0.05492823529181387,2.022925889400007e-05,True,0.013860887677439822,1000,True,13.450225000269711
cstr,15,High,0.0413489282932192,GWO,20,1000,1,17001001,-0.05494846455070787,-0.05494650754400761,1.9570067002622205e-06,True,0.0006410684986990351,1000,True,13.445410993881524
cstr,15,High,0.0413489282932192,GWO,20,1000,2,17001002,-0.05494846455070787,-0.05493887069513008,9.593855577791355e-06,True,0.011657313297688418,1000,True,13.516973005607724
cstr,15,High,0.0413489282932192,GWO,20,1000,3,17001003,-0.05494846455070787,-0.054947497842964516,9.667077433550553e-07,True,0.0032998288593682253,1000,True,13.303828018251806
cstr,15,High,0.0413489282932192,GWO,20,1000,4,17001004,-0.05494846455070787,-0.05493922768964576,9.236861062113244e-06,True,0.011022379624223404,1000,True,13.41837301151827
cstr,15,High,0.0413489282932192,GWO,20,1000,5,17001005,-0.05494846455070787,-0.054946899860142284,1.5646905655863907e-06,True,0.003446856330586684,1000,True,13.459526002407074
cstr,15,High,0.0413489282932192,GWO,20,1000,6,17001006,-0.05494846455070787,-0.05494152062454494,6.943926162933378e-06,True,0.0048550656355502795,1000,True,13.302006991580129
cstr,15,High,0.0413489282932192,GWO,20,1000,7,17001007,-0.05494846455070787,-0.05494601621053071,2.4483401771593916e-06,True,0.0032726169181323747,1000,True,13.35284800734371
cstr,15,High,0.0413489282932192,GWO,20,1000,8,17001008,-0.05494846455070787,-0.054942274668778865,6.189881929005714e-06,True,0.0012969895171808543,1000,True,13.430527003947645
cstr,15,High,0.0413489282932192,GWO,20,1000,9,17001009,-0.05494846455070787,-0.05494547033590528,2.9942148025915993e-06,True,0.007067900659564471,1000,True,13.332699018064886
cstr,15,High,0.0413489282932192,GWO,20,1000,10,17001010,-0.05494846455070787,-0.05494291854509946,5.546005608411675e-06,True,0.008762319166546951,1000,True,13.33554001757875
cstr,15,High,0.0413489282932192,GWO,20,1000,11,17001011,-0.05494846455070787,-0.0549368190423202,1.1645508387669867e-05,True,0.012105748232489217,1000,True,13.44845601124689
cstr,15,High,0.0413489282932192,GWO,20,1000,12,17001012,-0.05494846455070787,-0.054943335262073706,5.12928863416473e-06,True,0.0014149814097723639,1000,True,13.371217995882034
cstr,15,High,0.0413489282932192,GWO,20,1000,13,17001013,-0.05494846455070787,-0.05494688445011876,1.5801005891075137e-06,True,0.004882681499919832,1000,True,13.53884901618585
cstr,15,High,0.0413489282932192,GWO,20,1000,14,17001014,-0.05494846455070787,-0.05493866875274069,9.795797967178388e-06,True,0.009978404402727249,1000,True,13.485540985129774
cstr,15,High,0.0413489282932192,GWO,20,1000,15,17001015,-0.05494846455070787,-0.054943989265639204,4.475285068666901e-06,True,0.005611765240627259,1000,True,13.592684001196176
cstr,15,High,0.0413489282932192,GWO,20,1000,16,17001016,-0.05494846455070787,-0.054931461183620356,1.700336708751471e-05,True,0.013952681019571998,1000,True,13.610409980174154
cstr,15,High,0.0413489282932192,GWO,20,1000,17,17001017,-0.05494846455070787,-0.054947559701944926,9.048487629448321e-07,True,0.0020359444743055215,1000,True,13.608598965220153
cstr,15,High,0.0413489282932192,GWO,20,1000,18,17001018,-0.05494846455070787,-0.05493840689182631,1.0057658881561238e-05,True,0.010557508615059785,1000,True,13.568950991611928
cstr,15,High,0.0413489282932192,GWO,20,1000,19,17001019,-0.05494846455070787,-0.05494687775274511,1.5867979627631756e-06,True,0.00468871673079569,1000,True,13.523658970370889
cstr,15,High,0.0413489282932192,GWO,20,1000,20,17001020,-0.05494846455070787,-0.054942585548768096,5.87900193977503e-06,True,0.0014232421357411114,1000,True,13.252936012577266
cstr,15,High,0.0413489282932192,GWO,20,1000,21,17001021,-0.05494846455070787,-0.05493903026925373,9.43428145414038e-06,True,0.005523728067596987,1000,True,13.245122972875834
cstr,15,High,0.0413489282932192,GWO,20,1000,22,17001022,-0.05494846455070787,-0.05494751589217452,9.486585333534636e-07,True,0.003963022981459719,1000,True,13.26541998423636
cstr,15,High,0.0413489282932192,GWO,20,1000,23,17001023,-0.05494846455070787,-0.05494760035978577,8.641909221007715e-07,True,0.002258602585299495,1000,True,13.44451104523614
cstr,15,High,0.0413489282932192,GWO,20,1000,24,17001024,-0.05494846455070787,-0.05494611683762016,2.347713087713643e-06,True,0.005543296831792647,1000,True,13.419645023532212
cstr,15,High,0.0413489282932192,GWO,20,1000,25,17001025,-0.05494846455070787,-0.05494045790946964,8.006641238234025e-06,True,0.006269043733838469,1000,True,13.308163033798337
cstr,15,High,0.0413489282932192,GWO,20,1000,26,17001026,-0.05494846455070787,-0.05494755567876862,9.088719392508215e-07,True,0.003603109645621105,1000,True,13.353734044358134
cstr,15,High,0.0413489282932192,GWO,20,1000,27,17001027,-0.05494846455070787,-0.0549470383626663,1.4261880415672445e-06,True,0.004891656251860722,1000,True,13.272820971906185
cstr,15,High,0.0413489282932192,GWO,20,1000,28,17001028,-0.05494846455070787,-0.05494513325680131,3.3312939065610614e-06,True,0.002257403293414647,1000,True,13.274161028675735
cstr,15,High,0.0413489282932192,GWO,20,1000,29,17001029,-0.05494846455070787,-0.054935724469177376,1.2740081530494829e-05,True,0.013466034565929782,1000,True,13.325152976904064
cstr,15,High,0.0413489282932192,GWO,20,2000,0,17001000,-0.05494846455070787,-0.05494524300467099,3.221546036880074e-06,True,0.0013051098454115036,2000,True,26.691212027799338
cstr,15,High,0.0413489282932192,GWO,20,2000,1,17001001,-0.05494846455070787,-0.05494704968766823,1.414863039637948e-06,True,0.004817968771828706,2000,True,26.74578398000449
cstr,15,High,0.0413489282932192,GWO,20,2000,2,17001002,-0.05494846455070787,-0.05494713662387014,1.327926837733917e-06,True,0.0022697913469482034,2000,True,27.298663975670934
cstr,15,High,0.0413489282932192,GWO,20,2000,3,17001003,-0.05494846455070787,-0.054947951767151164,5.127835567067529e-07,True,0.002531377693776022,2000,True,27.085078007075936
cstr,15,High,0.0413489282932192,GWO,20,2000,4,17001004,-0.05494846455070787,-0.05494790342504304,5.611256648288543e-07,True,0.0004734157485478665,2000,True,27.362421969883144
cstr,15,High,0.0413489282932192,GWO,20,2000,5,17001005,-0.05494846455070787,-0.05494793915626494,5.253944429309265e-07,True,0.00042585209743348793,2000,True,27.19424496171996
cstr,15,High,0.0413489282932192,GWO,20,2000,6,17001006,-0.05494846455070787,-0.054947984060164996,4.804905428743012e-07,True,0.0011497207068437325,2000,True,27.048215037211776
cstr,15,High,0.0413489282932192,GWO,20,2000,7,17001007,-0.05494846455070787,-0.054947906032247466,5.585184604042781e-07,True,0.0001842153092051205,2000,True,26.757147978059947
cstr,15,High,0.0413489282932192,GWO,20,2000,8,17001008,-0.05494846455070787,-0.05494734507778769,1.1194729201829956e-06,True,0.00408839258284605,2000,True,26.770861994009465
cstr,15,High,0.0413489282932192,GWO,20,2000,9,17001009,-0.05494846455070787,-0.054943575749440025,4.888801267845244e-06,True,0.00349478865697131,2000,True,26.796602993272245
cstr,15,High,0.0413489282932192,GWO,20,2000,10,17001010,-0.05494846455070787,-0.054947995657071175,4.6889363669588846e-07,True,0.001246657886232542,2000,True,26.985611009877175
cstr,15,High,0.0413489282932192,GWO,20,2000,11,17001011,-0.05494846455070787,-0.05494703279533596,1.4317553719139786e-06,True,0.001779293419167843,2000,True,26.787851995322853
cstr,15,High,0.0413489282932192,GWO,20,2000,12,17001012,-0.05494846455070787,-0.05494474268249419,3.721868213679702e-06,True,0.007902299182926538,2000,True,26.76659799180925
cstr,15,High,0.0413489282932192,GWO,20,2000,13,17001013,-0.05494846455070787,-0.054945151363682956,3.3131870249142326e-06,True,0.006679562946335197,2000,True,26.98545705061406
cstr,15,High,0.0413489282932192,GWO,20,2000,14,17001014,-0.05494846455070787,-0.05494765695221719,8.075984906791289e-07,True,0.003256418060333309,2000,True,27.415129996370524
cstr,15,High,0.0413489282932192,GWO,20,2000,15,17001015,-0.05494846455070787,-0.05494699927204867,1.4652786591989875e-06,True,0.00045520588401818995,2000,True,26.908907981123775
cstr,15,High,0.0413489282932192,GWO,20,2000,16,17001016,-0.05494846455070787,-0.054946575233434825,1.8893172730460872e-06,True,0.0031371156381537176,2000,True,26.684251963160932
cstr,15,High,0.0413489282932192,GWO,20,2000,17,17001017,-0.05494846455070787,-0.054946672140544064,1.7924101638061574e-06,True,0.005483918319905921,2000,True,26.696944958530366
cstr,15,High,0.0413489282932192,GWO,20,2000,18,17001018,-0.05494846455070787,-0.0549483674089439,9.714176397307428e-08,True,0.0003581699024728207,2000,True,25.219457980711013
cstr,15,High,0.0413489282932192,GWO,20,2000,19,17001019,-0.05494846455070787,-0.0549479178279891,5.467227187708201e-07,True,0.0008184258538875468,2000,True,24.506013025529683
cstr,15,High,0.0413489282932192,GWO,20,2000,20,17001020,-0.05494846455070787,-0.054946320909435326,2.1436412725450715e-06,True,0.005886073745374297,2000,True,25.921159016434103
cstr,15,High,0.0413489282932192,GWO,20,2000,21,17001021,-0.05494846455070787,-0.05494461421331362,3.850337394251113e-06,True,0.007919246530610402,2000,True,26.299225981347263
cstr,15,High,0.0413489282932192,GWO,20,2000,22,17001022,-0.05494846455070787,-0.05494681081295694,1.6537377509340256e-06,True,0.0014809464019830741,2000,True,26.564945001155138
cstr,15,High,0.0413489282932192,GWO,20,2000,23,17001023,-0.05494846455070787,-0.05494665259143812,1.8119592697513065e-06,True,0.002886587866378128,2000,True,26.845176005735993
cstr,15,High,0.0413489282932192,GWO,20,2000,24,17001024,-0.05494846455070787,-0.054947193861182256,1.270689525614821e-06,True,7.509321403692991e-05,2000,True,26.64515597280115
cstr,15,High,0.0413489282932192,GWO,20,2000,25,17001025,-0.05494846455070787,-0.05494276924502296,5.6953056849079475e-06,True,0.009714470950647274,2000,True,26.80406003491953
cstr,15,High,0.0413489282932192,GWO,20,2000,26,17001026,-0.05494846455070787,-0.0549484169738137,4.757689416740041e-08,True,0.0008224531191332161,2000,True,26.589949964545667
cstr,15,High,0.0413489282932192,GWO,20,2000,27,17001027,-0.05494846455070787,-0.05494721528224161,1.2492684662579467e-06,True,0.0005798696780189158,2000,True,26.649564038962126
cstr,15,High,0.0413489282932192,GWO,20,2000,28,17001028,-0.05494846455070787,-0.05494843763857023,2.6912137643386735e-08,True,0.0005939918276313876,2000,True,26.948724989779294
cstr,15,High,0.0413489282932192,GWO,20,2000,29,17001029,-0.05494846455070787,-0.05494845016592678,1.4384781088505605e-08,True,0.00027301638524533043,2000,True,26.845438987948
cstr,15,High,0.0413489282932192,GWO,20,5000,0,17001000,-0.05494846455070787,-0.05494831705097179,1.474997360778607e-07,True,0.0012613764298905195,5000,True,67.93388596270233
cstr,15,High,0.0413489282932192,GWO,20,5000,1,17001001,-0.05494846455070787,-0.054948148462106355,3.1608860151521867e-07,True,0.002282795801896117,5000,True,66.9125440181233
cstr,15,High,0.0413489282932192,GWO,20,5000,2,17001002,-0.05494846455070787,-0.05494800661175607,4.5793895180057387e-07,True,0.0021881948860858116,5000,True,68.17325396696106
cstr,15,High,0.0413489282932192,GWO,20,5000,3,17001003,-0.05494846455070787,-0.054948360068445036,1.0448226283460427e-07,True,0.0003207544706908726,5000,True,67.7349460311234
cstr,15,High,0.0413489282932192,GWO,20,5000,4,17001004,-0.05494846455070787,-0.05494839560497484,6.894573303245499e-08,True,5.841989453369751e-05,5000,True,67.7135830046609
cstr,15,High,0.0413489282932192,GWO,20,5000,5,17001005,-0.05494846455070787,-0.05494845141791929,1.3132788578840149e-08,True,0.0002708867291445144,5000,True,68.84889397770166
cstr,15,High,0.0413489282932192,GWO,20,5000,6,17001006,-0.05494846455070787,-0.05494838080867974,8.374202813132836e-08,True,0.0011446463453058837,5000,True,67.41745700128376
cstr,15,High,0.0413489282932192,GWO,20,5000,7,17001007,-0.05494846455070787,-0.054948155641420665,3.089092872055055e-07,True,0.0017970889987396492,5000,True,67.97085504513234
cstr,15,High,0.0413489282932192,GWO,20,5000,8,17001008,-0.05494846455070787,-0.05494794699242382,5.175582840494242e-07,True,0.002807162070658183,5000,True,68.80083499709144
cstr,15,High,0.0413489282932192,GWO,20,5000,9,17001009,-0.05494846455070787,-0.05494821156051556,2.529901923092881e-07,True,0.0019656337865792814,5000,True,66.77182501880452
cstr,15,High,0.0413489282932192,GWO,20,5000,10,17001010,-0.05494846455070787,-0.05494836407339512,1.0047731274775984e-07,True,0.0009984886512594024,5000,True,67.02995399245992
cstr,15,High,0.0413489282932192,GWO,20,5000,11,17001011,-0.05494846455070787,-0.054948154128964144,3.10421743726641e-07,True,0.0008381145353979195,5000,True,67.2481229994446
cstr,15,High,0.0413489282932192,GWO,20,5000,12,17001012,-0.05494846455070787,-0.054948153053140936,3.1149756693493735e-07,True,0.0022085458196901,5000,True,67.10070901317522
cstr,15,High,0.0413489282932192,GWO,20,5000,13,17001013,-0.05494846455070787,-0.05494797364704896,4.909036589104132e-07,True,0.0023707955987907455,5000,True,67.12123495526612
cstr,15,High,0.0413489282932192,GWO,20,5000,14,17001014,-0.05494846455070787,-0.05494778487024911,6.796804587622107e-07,True,0.0008553905090157388,5000,True,67.29931000154465
cstr,15,High,0.0413489282932192,GWO,20,5000,15,17001015,-0.05494846455070787,-0.0549482528638784,2.1168682946826056e-07,True,0.0013415016022090675,5000,True,68.09683004394174
cstr,15,High,0.0413489282932192,GWO,20,5000,16,17001016,-0.05494846455070787,-0.054948344461711686,1.2008899618470847e-07,True,0.0012736542332925371,5000,True,67.62409600196406
cstr,15,High,0.0413489282932192,GWO,20,5000,17,17001017,-0.05494846455070787,-0.05494844194672281,2.2603985058711196e-08,True,0.0003892581686582472,5000,True,67.31021899031475
cstr,15,High,0.0413489282932192,GWO,20,5000,18,17001018,-0.05494846455070787,-0.05494843099726547,3.35534423995254e-08,True,0.0005286719242220923,5000,True,66.9421199709177
cstr,15,High,0.0413489282932192,GWO,20,5000,19,17001019,-0.05494846455070787,-0.05494720289760949,1.2616530983833307e-06,True,0.003660717026755155,5000,True,67.41451297421008
cstr,15,High,0.0413489282932192,GWO,20,5000,20,17001020,-0.05494846455070787,-0.05494833829886195,1.262518459221873e-07,True,0.0013118622748683766,5000,True,66.74685899633914
cstr,15,High,0.0413489282932192,GWO,20,5000,21,17001021,-0.05494846455070787,-0.05494795354127032,5.110094375496144e-07,True,0.0022207362521958047,5000,True,67.08404602250084
cstr,15,High,0.0413489282932192,GWO,20,5000,22,17001022,-0.05494846455070787,-0.054948371598030274,9.295267759668047e-08,True,0.0010958448196109443,5000,True,68.11978801852092
cstr,15,High,0.0413489282932192,GWO,20,5000,23,17001023,-0.05494846455070787,-0.05494832029677182,1.4425393605327352e-07,True,0.0007072582982115101,5000,True,68.20098002208397
cstr,15,High,0.0413489282932192,GWO,20,5000,24,17001024,-0.05494846455070787,-0.054948416288483,4.826222486931098e-08,True,0.0006411538789609964,5000,True,66.55261700507253
cstr,15,High,0.0413489282932192,GWO,20,5000,25,17001025,-0.05494846455070787,-0.054948375139945396,8.94107624743734e-08,True,0.0012247734979557684,5000,True,66.78986898623407
cstr,15,High,0.0413489282932192,GWO,20,5000,26,17001026,-0.05494846455070787,-0.05494835567751665,1.0887319121938299e-07,True,0.0009759793166521191,5000,True,67.20885296817869
cstr,15,High,0.0413489282932192,GWO,20,5000,27,17001027,-0.05494846455070787,-0.05494796618832663,4.983623812376825e-07,True,0.0005515848721716022,5000,True,66.805028996896
cstr,15,High,0.0413489282932192,GWO,20,5000,28,17001028,-0.05494846455070787,-0.054947672579007706,7.919717001647619e-07,True,0.0018378175643130592,5000,True,65.64259500009939
cstr,15,High,0.0413489282932192,GWO,20,5000,29,17001029,-0.05494846455070787,-0.05494828059631073,1.8395439713853046e-07,True,0.0009184478423967305,5000,True,67.08373100263998
cstr,15,High,0.0413489282932192,PSO,8,250,0,17002000,-0.05494846455070787,-0.05269124272507205,0.0022572218256358204,False,0.11969642997679822,250,True,1.2070279917679727
cstr,15,High,0.0413489282932192,PSO,8,250,1,17002001,-0.05494846455070787,-0.042274150043737496,0.012674314506970374,False,0.3843506122690004,250,True,1.1831959709525108
cstr,15,High,0.0413489282932192,PSO,8,250,2,17002002,-0.05494846455070787,-0.052669273157016305,0.0022791913936915653,False,0.05417830860229258,250,True,1.1678190203383565
cstr,15,High,0.0413489282932192,PSO,8,250,3,17002003,-0.05494846455070787,-0.03929572355231776,0.015652740998390112,False,0.2568991303083257,250,True,1.1630349908955395
cstr,15,High,0.0413489282932192,PSO,8,250,4,17002004,-0.05494846455070787,-0.05473368548052192,0.00021477907018595255,False,0.05497777649572409,250,True,1.1739680194295943
cstr,15,High,0.0413489282932192,PSO,8,250,5,17002005,-0.05494846455070787,-0.054564622509679334,0.00038384204102853703,False,0.056563571119898896,250,True,1.217030978295952
cstr,15,High,0.0413489282932192,PSO,8,250,6,17002006,-0.05494846455070787,-0.05471701929177211,0.0002314452589357585,False,0.01381344701866116,250,True,1.1693359701894224
cstr,15,High,0.0413489282932192,PSO,8,250,7,17002007,-0.05494846455070787,-0.054575857471294544,0.0003726070794133271,False,0.06661148384056256,250,True,1.1659860028885305
cstr,15,High,0.0413489282932192,PSO,8,250,8,17002008,-0.05494846455070787,-0.05474958347901578,0.00019888107169208774,False,0.05653651140956331,250,True,1.1724029900506139
cstr,15,High,0.0413489282932192,PSO,8,250,9,17002009,-0.05494846455070787,-0.05337132688720427,0.0015771376635035986,False,0.13929007414320285,250,True,1.170800009276718
cstr,15,High,0.0413489282932192,PSO,8,250,10,17002010,-0.05494846455070787,-0.05437873924424964,0.0005697253064582339,False,0.07688037974608859,250,True,1.1636309791356325
cstr,15,High,0.0413489282932192,PSO,8,250,11,17002011,-0.05494846455070787,-0.05475376130030844,0.00019470325039942782,False,0.05653762625109108,250,True,1.1744059738703072
cstr,15,High,0.0413489282932192,PSO,8,250,12,17002012,-0.05494846455070787,-0.04387275301394348,0.011075711536764392,False,0.4307358453871206,250,True,1.187029993161559
cstr,15,High,0.0413489282932192,PSO,8,250,13,17002013,-0.05494846455070787,-0.05391681167024666,0.0010316528804612118,False,0.1294553136785483,250,True,1.1849090224131942
cstr,15,High,0.0413489282932192,PSO,8,250,14,17002014,-0.05494846455070787,-0.03213052333619745,0.022817941214510418,False,0.5972364898564073,250,True,1.1733839637599885
cstr,15,High,0.0413489282932192,PSO,8,250,15,17002015,-0.05494846455070787,-0.048175011313009095,0.006773453237698776,False,0.3130154252620317,250,True,1.1634809779934585
cstr,15,High,0.0413489282932192,PSO,8,250,16,17002016,-0.05494846455070787,-0.05161922926298567,0.0033292352877222,False,0.11125454370578897,250,True,1.1665579513646662
cstr,15,High,0.0413489282932192,PSO,8,250,17,17002017,-0.05494846455070787,-0.04783117898021722,0.007117285570490649,False,0.3455145129648539,250,True,1.1727180099114776
cstr,15,High,0.0413489282932192,PSO,8,250,18,17002018,-0.05494846455070787,-0.012210204315191354,0.042738260235516516,False,0.8465761890683252,250,True,1.1801649816334248
cstr,15,High,0.0413489282932192,PSO,8,250,19,17002019,-0.05494846455070787,-0.04645904382151288,0.008489420729194994,False,0.08763507360781166,250,True,1.1981400311924517
cstr,15,High,0.0413489282932192,PSO,8,250,20,17002020,-0.05494846455070787,-0.0495753407444284,0.005373123806279467,False,0.24398133402962358,250,True,1.209934998769313
cstr,15,High,0.0413489282932192,PSO,8,250,21,17002021,-0.05494846455070787,-0.05432803608496141,0.0006204284657464615,False,0.09723974925941302,250,True,1.1981689603999257
cstr,15,High,0.0413489282932192,PSO,8,250,22,17002022,-0.05494846455070787,-0.05239874164798977,0.002549722902718099,False,0.19276531223024454,250,True,1.1818539933301508
cstr,15,High,0.0413489282932192,PSO,8,250,23,17002023,-0.05494846455070787,-0.053699428492940446,0.0012490360577674248,False,0.1386174815712051,250,True,1.16490398067981
cstr,15,High,0.0413489282932192,PSO,8,250,24,17002024,-0.05494846455070787,-0.046790891241635664,0.008157573309072207,False,0.35595150962013866,250,True,1.1754129664041102
cstr,15,High,0.0413489282932192,PSO,8,250,25,17002025,-0.05494846455070787,-0.04474110120154029,0.01020736334916758,False,0.40420332934641195,250,True,1.1936119990423322
cstr,15,High,0.0413489282932192,PSO,8,250,26,17002026,-0.05494846455070787,-0.0543751961103572,0.0005732684403506674,False,0.0378370657245921,250,True,1.1988090118393302
cstr,15,High,0.0413489282932192,PSO,8,250,27,17002027,-0.05494846455070787,-0.03430746301875957,0.020641001531948304,False,0.5548968092894511,250,True,1.2039520079270005
cstr,15,High,0.0413489282932192,PSO,8,250,28,17002028,-0.05494846455070787,-0.054755257658026114,0.00019320689268175623,False,0.05654277416136574,250,True,1.2087399954907596
cstr,15,High,0.0413489282932192,PSO,8,250,29,17002029,-0.05494846455070787,-0.05254369935180125,0.0024047651989066235,False,0.19679662025494968,250,True,1.2034710380248725
cstr,15,High,0.0413489282932192,PSO,8,500,0,17002000,-0.05494846455070787,-0.05475764905469465,0.0001908154960132205,False,0.056539679828863224,500,True,2.24924401845783
cstr,15,High,0.0413489282932192,PSO,8,500,1,17002001,-0.05494846455070787,-0.05491671130798742,3.1753242720450325e-05,True,0.022726377588906985,500,True,2.305358008015901
cstr,15,High,0.0413489282932192,PSO,8,500,2,17002002,-0.05494846455070787,-0.054943872980125444,4.591570582426763e-06,True,0.005516318108190123,500,True,2.3238849826157093
cstr,15,High,0.0413489282932192,PSO,8,500,3,17002003,-0.05494846455070787,-0.054892377204282305,5.608734642556512e-05,True,0.011679506146302962,500,True,2.3306100047193468
cstr,15,High,0.0413489282932192,PSO,8,500,4,17002004,-0.05494846455070787,-0.05494146183752954,7.002713178327902e-06,True,0.008313701938740549,500,True,2.335826982744038
cstr,15,High,0.0413489282932192,PSO,8,500,5,17002005,-0.05494846455070787,-0.054948205358845426,2.5919186244505177e-07,True,0.0016309593785334394,500,True,2.3661949671804905
cstr,15,High,0.0413489282932192,PSO,8,500,6,17002006,-0.05494846455070787,-0.05475793026550014,0.00019053428520773158,False,0.05654048058892229,500,True,2.30294099310413
cstr,15,High,0.0413489282932192,PSO,8,500,7,17002007,-0.05494846455070787,-0.054603372296419275,0.00034509225428859536,False,0.05656078273784994,500,True,2.317985985428095
cstr,15,High,0.0413489282932192,PSO,8,500,8,17002008,-0.05494846455070787,-0.0549443758564456,4.088694262271986e-06,True,0.007623732394739499,500,True,2.3219709983095527
cstr,15,High,0.0413489282932192,PSO,8,500,9,17002009,-0.05494846455070787,-0.05494746998047995,9.945702279176571e-07,True,0.00022731817973802392,500,True,2.2828889777883887
cstr,15,High,0.0413489282932192,PSO,8,500,10,17002010,-0.05494846455070787,-0.05494109940721065,7.365143497223281e-06,True,0.008573092446232772,500,True,2.265554969199002
cstr,15,High,0.0413489282932192,PSO,8,500,11,17002011,-0.05494846455070787,-0.05491442906043367,3.4035490274197944e-05,True,0.02228900037543473,500,True,2.27047799853608
cstr,15,High,0.0413489282932192,PSO,8,500,12,17002012,-0.05494846455070787,-0.054893791559936844,5.4672990771026386e-05,True,0.028709680147196395,500,True,2.2615729831159115
cstr,15,High,0.0413489282932192,PSO,8,500,13,17002013,-0.05494846455070787,-0.05475793187697345,0.00019053267373442262,False,0.05654041271305026,500,True,2.2963070077821612
cstr,15,High,0.0413489282932192,PSO,8,500,14,17002014,-0.05494846455070787,-0.054757913310248166,0.00019055124045970484,False,0.056540231408057876,500,True,2.2848849766887724
cstr,15,High,0.0413489282932192,PSO,8,500,15,17002015,-0.05494846455070787,-0.054945471416592735,2.9931341151354096e-06,True,0.0070622753101546535,500,True,2.2766179754398763
cstr,15,High,0.0413489282932192,PSO,8,500,16,17002016,-0.05494846455070787,-0.05447189426836475,0.00047657028234312365,False,0.08708949989070446,500,True,2.286834002006799
cstr,15,High,0.0413489282932192,PSO,8,500,17,17002017,-0.05494846455070787,-0.0548538080326202,9.46565180876685e-05,True,0.03668017222117879,500,True,2.284129965119064
cstr,15,High,0.0413489282932192,PSO,8,500,18,17002018,-0.05494846455070787,-0.05487544273104675,7.30218196611232e-05,True,0.02105332501319445,500,True,2.256296982523054
cstr,15,High,0.0413489282932192,PSO,8,500,19,17002019,-0.05494846455070787,-0.054938793617839876,9.670932867994475e-06,True,0.0059524724357988635,500,True,2.2750969510525465
cstr,15,High,0.0413489282932192,PSO,8,500,20,17002020,-0.05494846455070787,-0.05494603122326747,2.433327440397315e-06,True,0.0018702229911546147,500,True,2.263799018692225
cstr,15,High,0.0413489282932192,PSO,8,500,21,17002021,-0.05494846455070787,-0.05475786976703247,0.00019059478367539767,False,0.05654007336780824,500,True,2.266447991132736
cstr,15,High,0.0413489282932192,PSO,8,500,22,17002022,-0.05494846455070787,-0.05494705782586777,1.406724840100071e-06,True,0.004543716001155442,500,True,2.271434001158923
cstr,15,High,0.0413489282932192,PSO,8,500,23,17002023,-0.05494846455070787,-0.054947530540758974,9.340099488969189e-07,True,0.0035868281110792164,500,True,2.264082955662161
cstr,15,High,0.0413489282932192,PSO,8,500,24,17002024,-0.05494846455070787,-0.05494657886466531,1.8856860425631172e-06,True,0.004513501645072541,500,True,2.271532022859901
cstr,15,High,0.0413489282932192,PSO,8,500,25,17002025,-0.05494846455070787,-0.054751071427153575,0.00019739312355429584,False,0.05653686398361255,500,True,2.282686997205019
cstr,15,High,0.0413489282932192,PSO,8,500,26,17002026,-0.05494846455070787,-0.05494839588710175,6.866360612034494e-08,True,0.0004995318368331586,500,True,2.2624030243605375
cstr,15,High,0.0413489282932192,PSO,8,500,27,17002027,-0.05494846455070787,-0.05490140103071963,4.706351998823993e-05,True,0.02786138311416463,500,True,2.283881010953337
cstr,15,High,0.0413489282932192,PSO,8,500,28,17002028,-0.05494846455070787,-0.054826136251460766,0.0001223282992471042,False,0.04529992455259873,500,True,2.2571129957214
cstr,15,High,0.0413489282932192,PSO,8,500,29,17002029,-0.05494846455070787,-0.05492988061305758,1.8583937650293314e-05,True,0.007642699015064962,500,True,2.30884097982198
cstr,15,High,0.0413489282932192,PSO,8,1000,0,17002000,-0.05494846455070787,-0.054948461313867575,3.2368402957949627e-09,True,0.00022061968856690382,1000,True,4.4709150097332895
cstr,15,High,0.0413489282932192,PSO,8,1000,1,17002001,-0.05494846455070787,-0.05494843161266736,3.2938040510355204e-08,True,0.0007358531359888732,1000,True,4.395321011543274
cstr,15,High,0.0413489282932192,PSO,8,1000,2,17002002,-0.05494846455070787,-0.054948464549448496,1.2593745490896424e-12,True,4.594992254457672e-06,1000,True,4.359487036708742
cstr,15,High,0.0413489282932192,PSO,8,1000,3,17002003,-0.05494846455070787,-0.05494846440341926,1.4728861186252828e-10,True,4.96972956055784e-05,1000,True,4.487815022002906
cstr,15,High,0.0413489282932192,PSO,8,1000,4,17002004,-0.05494846455070787,-0.054948461546501015,3.004206855505842e-09,True,0.00022388211832358873,1000,True,4.4328399817459285
cstr,15,High,0.0413489282932192,PSO,8,1000,5,17002005,-0.05494846455070787,-0.05494444269615102,4.021854556848781e-06,True,0.001483095375715062,1000,True,4.446556034963578
cstr,15,High,0.0413489282932192,PSO,8,1000,6,17002006,-0.05494846455070787,-0.05494834852789534,1.1602281253103586e-07,True,0.0012229494525400934,1000,True,4.4519390212371945
cstr,15,High,0.0413489282932192,PSO,8,1000,7,17002007,-0.05494846455070787,-0.054757931931258406,0.00019053261944946415,False,0.05654042230736702,1000,True,4.46633598767221
cstr,15,High,0.0413489282932192,PSO,8,1000,8,17002008,-0.05494846455070787,-0.0549478280536439,6.364970639716194e-07,True,0.003112348351813333,1000,True,4.470786021556705
cstr,15,High,0.0413489282932192,PSO,8,1000,9,17002009,-0.05494846455070787,-0.054948462959458086,1.5912497847159202e-09,True,0.00010492343989639051,1000,True,4.442937031853944
cstr,15,High,0.0413489282932192,PSO,8,1000,10,17002010,-0.05494846455070787,-0.054948464537067636,1.3640234775014193e-11,True,1.4398587944189833e-05,1000,True,4.4334460399113595
cstr,15,High,0.0413489282932192,PSO,8,1000,11,17002011,-0.05494846455070787,-0.05494846378775091,7.629569614975296e-10,True,0.0001107018969903832,1000,True,4.4649410410784185
cstr,15,High,0.0413489282932192,PSO,8,1000,12,17002012,-0.05494846455070787,-0.054757931931562885,0.00019053261914498548,False,0.05654042289987649,1000,True,4.4505479745566845
cstr,15,High,0.0413489282932192,PSO,8,1000,13,17002013,-0.05494846455070787,-0.05475793193158274,0.0001905326191251333,False,0.05654042303603072,1000,True,4.443101002834737
cstr,15,High,0.0413489282932192,PSO,8,1000,14,17002014,-0.05494846455070787,-0.05494845296057734,1.1590130528926768e-08,True,6.505077179934471e-05,1000,True,4.406085005030036
cstr,15,High,0.0413489282932192,PSO,8,1000,15,17002015,-0.05494846455070787,-0.05494846372286175,8.278461180455388e-10,True,0.00010724557531153448,1000,True,4.446392995305359
cstr,15,High,0.0413489282932192,PSO,8,1000,16,17002016,-0.05494846455070787,-0.054757931931585666,0.0001905326191222051,False,0.05654042312365078,1000,True,4.436745017301291
cstr,15,High,0.0413489282932192,PSO,8,1000,17,17002017,-0.05494846455070787,-0.0549484612299833,3.3207245703215094e-09,True,0.00022638475499502445,1000,True,4.472824977710843
cstr,15,High,0.0413489282932192,PSO,8,1000,18,17002018,-0.05494846455070787,-0.0549478832259908,5.813247170721736e-07,True,0.0030181186074472025,1000,True,4.462915007025003
cstr,15,High,0.0413489282932192,PSO,8,1000,19,17002019,-0.05494846455070787,-0.05494842595569831,3.859500956326922e-08,True,0.0006584409963667291,1000,True,4.456311988178641
cstr,15,High,0.0413489282932192,PSO,8,1000,20,17002020,-0.05494846455070787,-0.054948464450102485,1.0060538513378958e-10,True,4.062622170610073e-05,1000,True,4.447449988219887
cstr,15,High,0.0413489282932192,PSO,8,1000,21,17002021,-0.05494846455070787,-0.054935043818201995,1.3420732505875499e-05,True,0.014975290295185954,1000,True,4.486469028051943
cstr,15,High,0.0413489282932192,PSO,8,1000,22,17002022,-0.05494846455070787,-0.05494845275239523,1.1798312639366149e-08,True,0.00044437573101747783,1000,True,4.429352993611246
cstr,15,High,0.0413489282932192,PSO,8,1000,23,17002023,-0.05494846455070787,-0.05478124312347178,0.0001672214272360889,False,0.052385489922712164,1000,True,4.514353990089148
cstr,15,High,0.0413489282932192,PSO,8,1000,24,17002024,-0.05494846455070787,-0.054948414045300986,5.0505406884449044e-08,True,0.0005947256279798471,1000,True,4.477057023905218
cstr,15,High,0.0413489282932192,PSO,8,1000,25,17002025,-0.05494846455070787,-0.054757931931582474,0.00019053261912539698,False,0.056540423192233284,1000,True,4.431848006788641
cstr,15,High,0.0413489282932192,PSO,8,1000,26,17002026,-0.05494846455070787,-0.054757931931585554,0.00019053261912231612,False,0.05654042309485966,1000,True,4.4421430211514235
cstr,15,High,0.0413489282932192,PSO,8,1000,27,17002027,-0.05494846455070787,-0.0549482960643793,1.6848632856947265e-07,True,0.00168132485146549,1000,True,4.458839015569538
cstr,15,High,0.0413489282932192,PSO,8,1000,28,17002028,-0.05494846455070787,-0.05494846338793442,1.1627734539110257e-09,True,0.00013925610537969315,1000,True,4.447345971129835
cstr,15,High,0.0413489282932192,PSO,8,1000,29,17002029,-0.05494846455070787,-0.054948455886228056,8.664479814179948e-09,True,6.887504434466819e-05,1000,True,4.452941007912159
cstr,15,High,0.0413489282932192,PSO,8,2000,0,17002000,-0.05494846455070787,-0.054948464550707864,6.938893903907228e-18,True,2.4111823634658445e-08,2000,True,8.900788030587137
cstr,15,High,0.0413489282932192,PSO,8,2000,1,17002001,-0.05494846455070787,-0.05494846455055246,1.554104067658102e-13,True,1.6132901999424468e-06,2000,True,8.954090997576714
cstr,15,High,0.0413489282932192,PSO,8,2000,2,17002002,-0.05494846455070787,-0.0549484645507075,3.677613769070831e-16,True,2.8388844520683823e-09,2000,True,9.032819012645632
cstr,15,High,0.0413489282932192,PSO,8,2000,3,17002003,-0.05494846455070787,-0.054948464550707676,1.942890293094024e-16,True,1.153370640057926e-08,2000,True,9.198417013976723
cstr,15,High,0.0413489282932192,PSO,8,2000,4,17002004,-0.05494846455070787,-0.05494846455069466,1.3211653993039363e-14,True,4.6104074023865745e-07,2000,True,9.105866018217057
cstr,15,High,0.0413489282932192,PSO,8,2000,5,17002005,-0.05494846455070787,-0.05494846455040357,3.042982532619476e-13,True,2.2495315879449073e-06,2000,True,8.968712005298585
cstr,15,High,0.0413489282932192,PSO,8,2000,6,17002006,-0.05494846455070787,-0.05475793193158575,0.00019053261912212183,False,0.05654042311155312,2000,True,8.919698011595756
cstr,15,High,0.0413489282932192,PSO,8,2000,7,17002007,-0.05494846455070787,-0.05494846455070787,0.0,True,2.5751611132675626e-09,2000,True,9.00833704508841
cstr,15,High,0.0413489282932192,PSO,8,2000,8,17002008,-0.05494846455070787,-0.05494846455070039,7.480127628411992e-15,True,3.5457763062540066e-07,2000,True,8.925989037379622
cstr,15,High,0.0413489282932192,PSO,8,2000,9,17002009,-0.05494846455070787,-0.05494846455070588,1.9914625504213745e-15,True,1.643748518729748e-07,2000,True,8.92264599679038
cstr,15,High,0.0413489282932192,PSO,8,2000,10,17002010,-0.05494846455070787,-0.05475793193158575,0.00019053261912212183,False,0.05654042311074502,2000,True,9.011096030008048
cstr,15,High,0.0413489282932192,PSO,8,2000,11,17002011,-0.05494846455070787,-0.05475793193158574,0.00019053261912212877,False,0.05654042311489472,2000,True,9.142063034232706
cstr,15,High,0.0413489282932192,PSO,8,2000,12,17002012,-0.05494846455070787,-0.05475793193158574,0.00019053261912212877,False,0.056540423114794944,2000,True,8.988084038719535
cstr,15,High,0.0413489282932192,PSO,8,2000,13,17002013,-0.05494846455070787,-0.05475793193158574,0.00019053261912212877,False,0.056540423107862246,2000,True,9.023389022331685
cstr,15,High,0.0413489282932192,PSO,8,2000,14,17002014,-0.05494846455070787,-0.05475793193158575,0.00019053261912212183,False,0.05654042311558353,2000,True,8.987337001599371
cstr,15,High,0.0413489282932192,PSO,8,2000,15,17002015,-0.05494846455070787,-0.05494846455070714,7.28583859910259e-16,True,1.7446457819379727e-08,2000,True,9.067669976502657
cstr,15,High,0.0413489282932192,PSO,8,2000,16,17002016,-0.05494846455070787,-0.05494846455070784,2.7755575615628914e-17,True,1.9213767664981825e-08,2000,True,8.889941032975912
cstr,15,High,0.0413489282932192,PSO,8,2000,17,17002017,-0.05494846455070787,-0.05494846455070791,4.163336342344337e-17,True,7.343610013307115e-09,2000,True,8.937314967624843
cstr,15,High,0.0413489282932192,PSO,8,2000,18,17002018,-0.05494846455070787,-0.05494846455063937,6.850076061937216e-14,True,7.02085555594756e-08,2000,True,9.021900012157857
cstr,15,High,0.0413489282932192,PSO,8,2000,19,17002019,-0.05494846455070787,-0.05475793193158574,0.00019053261912212877,False,0.05654042311415901,2000,True,8.867547032423317
cstr,15,High,0.0413489282932192,PSO,8,2000,20,17002020,-0.05494846455070787,-0.05475793193158575,0.00019053261912212183,False,0.056540423111061715,2000,True,8.99091101018712
cstr,15,High,0.0413489282932192,PSO,8,2000,21,17002021,-0.05494846455070787,-0.05494846455070758,2.914335439641036e-16,True,7.043666797419801e-08,2000,True,9.113137028180063
cstr,15,High,0.0413489282932192,PSO,8,2000,22,17002022,-0.05494846455070787,-0.054948464550707884,1.3877787807814457e-17,True,4.2629641320076454e-09,2000,True,9.011883987113833
cstr,15,High,0.0413489282932192,PSO,8,2000,23,17002023,-0.05494846455070787,-0.054948464550707884,1.3877787807814457e-17,True,2.5363686472006268e-08,2000,True,9.053258050698787
cstr,15,High,0.0413489282932192,PSO,8,2000,24,17002024,-0.05494846455070787,-0.05494846455070665,1.2212453270876722e-15,True,6.419062317298241e-08,2000,True,9.114198968745768
cstr,15,High,0.0413489282932192,PSO,8,2000,25,17002025,-0.05494846455070787,-0.054757931931585735,0.0001905326191221357,False,0.05654042311345381,2000,True,8.80784000037238
cstr,15,High,0.0413489282932192,PSO,8,2000,26,17002026,-0.05494846455070787,-0.05494846455070758,2.914335439641036e-16,True,7.470094092010712e-08,2000,True,8.889576012734324
cstr,15,High,0.0413489282932192,PSO,8,2000,27,17002027,-0.05494846455070787,-0.05475793193158575,0.00019053261912212183,False,0.05654042311146933,2000,True,8.94803594565019
cstr,15,High,0.0413489282932192,PSO,8,2000,28,17002028,-0.05494846455070787,-0.05494846455070673,1.1379786002407855e-15,True,1.3032280740649642e-07,2000,True,8.831416023895144
cstr,15,High,0.0413489282932192,PSO,8,2000,29,17002029,-0.05494846455070787,-0.05475793193158574,0.00019053261912212877,False,0.056540423116870915,2000,True,8.930812997277826
cstr,15,High,0.0413489282932192,PSO,8,5000,0,17002000,-0.05494846455070787,-0.054948464550707954,8.326672684688674e-17,True,3.77008159713972e-09,5000,True,21.65174303809181
cstr,15,High,0.0413489282932192,PSO,8,5000,1,17002001,-0.05494846455070787,-0.054948464550707975,1.0408340855860843e-16,True,2.5398599889640887e-09,5000,True,21.84292796300724
cstr,15,High,0.0413489282932192,PSO,8,5000,2,17002002,-0.05494846455070787,-0.05494846455070794,6.938893903907228e-17,True,1.8658781946156443e-08,5000,True,22.138870030175894
cstr,15,High,0.0413489282932192,PSO,8,5000,3,17002003,-0.05494846455070787,-0.05494846455070795,7.632783294297951e-17,True,1.2190424929626695e-08,5000,True,21.883915993385017
cstr,15,High,0.0413489282932192,PSO,8,5000,4,17002004,-0.05494846455070787,-0.054948464550707954,8.326672684688674e-17,True,1.5553453116649088e-09,5000,True,22.057605034206063
cstr,15,High,0.0413489282932192,PSO,8,5000,5,17002005,-0.05494846455070787,-0.054948464550707975,1.0408340855860843e-16,True,2.8908567567219897e-09,5000,True,21.87778998631984
cstr,15,High,0.0413489282932192,PSO,8,5000,6,17002006,-0.05494846455070787,-0.05494846455070795,7.632783294297951e-17,True,9.102523785729377e-09,5000,True,21.93415496731177
cstr,15,High,0.0413489282932192,PSO,8,5000,7,17002007,-0.05494846455070787,-0.054948464550707954,8.326672684688674e-17,True,1.0609408632099689e-08,5000,True,21.715194976422936
cstr,15,High,0.0413489282932192,PSO,8,5000,8,17002008,-0.05494846455070787,-0.054757931931585756,0.0001905326191221149,False,0.056540423114881236,5000,True,21.799204987473786
cstr,15,High,0.0413489282932192,PSO,8,5000,9,17002009,-0.05494846455070787,-0.05494846455070796,9.020562075079397e-17,True,2.126810704921432e-09,5000,True,21.958183962851763
cstr,15,High,0.0413489282932192,PSO,8,5000,10,17002010,-0.05494846455070787,-0.05494846455070797,9.71445146547012e-17,True,9.931374183420897e-09,5000,True,21.813580999150872
cstr,15,High,0.0413489282932192,PSO,8,5000,11,17002011,-0.05494846455070787,-0.054757931931585756,0.0001905326191221149,False,0.05654042311504996,5000,True,21.734049019869417
cstr,15,High,0.0413489282932192,PSO,8,5000,12,17002012,-0.05494846455070787,-0.05494846455070797,9.71445146547012e-17,True,3.0868463362453165e-09,5000,True,21.74124598968774
cstr,15,High,0.0413489282932192,PSO,8,5000,13,17002013,-0.05494846455070787,-0.054948464550707954,8.326672684688674e-17,True,5.751315987839828e-09,5000,True,21.713138034101576
cstr,15,High,0.0413489282932192,PSO,8,5000,14,17002014,-0.05494846455070787,-0.05494846455070794,6.938893903907228e-17,True,3.8373920152445085e-09,5000,True,21.78080496378243
cstr,15,High,0.0413489282932192,PSO,8,5000,15,17002015,-0.05494846455070787,-0.05494846455070797,9.71445146547012e-17,True,5.975439928211393e-09,5000,True,21.806649980135262
cstr,15,High,0.0413489282932192,PSO,8,5000,16,17002016,-0.05494846455070787,-0.054757931931585756,0.0001905326191221149,False,0.05654042311131447,5000,True,21.629625000059605
cstr,15,High,0.0413489282932192,PSO,8,5000,17,17002017,-0.05494846455070787,-0.05475793193158576,0.00019053261912210795,False,0.05654042310967331,5000,True,21.82771300431341
cstr,15,High,0.0413489282932192,PSO,8,5000,18,17002018,-0.05494846455070787,-0.05494846455070793,6.245004513516506e-17,True,1.7945394317779997e-08,5000,True,22.000723984092474
cstr,15,High,0.0413489282932192,PSO,8,5000,19,17002019,-0.05494846455070787,-0.05494846455070796,9.020562075079397e-17,True,4.0529271308244975e-09,5000,True,22.33533503022045
cstr,15,High,0.0413489282932192,PSO,8,5000,20,17002020,-0.05494846455070787,-0.05494846455070795,7.632783294297951e-17,True,1.5649168648319766e-08,5000,True,22.341284959111363
cstr,15,High,0.0413489282932192,PSO,8,5000,21,17002021,-0.05494846455070787,-0.05494846455070797,9.71445146547012e-17,True,9.012393778822416e-09,5000,True,22.289593005552888
cstr,15,High,0.0413489282932192,PSO,8,5000,22,17002022,-0.05494846455070787,-0.054948464550707954,8.326672684688674e-17,True,1.660391690580693e-08,5000,True,22.014642017893493
cstr,15,High,0.0413489282932192,PSO,8,5000,23,17002023,-0.05494846455070787,-0.05494846455070794,6.938893903907228e-17,True,1.3463190981899372e-08,5000,True,22.13835797738284
cstr,15,High,0.0413489282932192,PSO,8,5000,24,17002024,-0.05494846455070787,-0.05475793193158576,0.00019053261912210795,False,0.056540423111993726,5000,True,21.94278599927202
cstr,15,High,0.0413489282932192,PSO,8,5000,25,17002025,-0.05494846455070787,-0.05494846455070797,9.71445146547012e-17,True,8.190071435587048e-09,5000,True,23.072244017384946
cstr,15,High,0.0413489282932192,PSO,8,5000,26,17002026,-0.05494846455070787,-0.054948464550707954,8.326672684688674e-17,True,1.5623034353850414e-09,5000,True,22.64565700897947
cstr,15,High,0.0413489282932192,PSO,8,5000,27,17002027,-0.05494846455070787,-0.05475793193158575,0.00019053261912212183,False,0.056540423114280626,5000,True,21.573077014181763
cstr,15,High,0.0413489282932192,PSO,8,5000,28,17002028,-0.05494846455070787,-0.05494846455070797,9.71445146547012e-17,True,1.4870834306835218e-08,5000,True,22.01188402250409
cstr,15,High,0.0413489282932192,PSO,8,5000,29,17002029,-0.05494846455070787,-0.05494846455070795,7.632783294297951e-17,True,1.4013063021414027e-08,5000,True,22.111854050308466
cstr,15,High,0.0413489282932192,WOA,10,250,0,17003000,-0.05494846455070787,-0.038489904655587645,0.016458559895120226,False,0.5160066182489795,250,True,2.053269010502845
cstr,15,High,0.0413489282932192,WOA,10,250,1,17003001,-0.05494846455070787,-0.0017084758511234938,0.05323998869958438,False,0.9451076653464463,250,True,1.9552710000425577
cstr,15,High,0.0413489282932192,WOA,10,250,2,17003002,-0.05494846455070787,-0.0015065274103048826,0.05344193714040299,False,0.9467800035977288,250,True,1.9531960133463144
cstr,15,High,0.0413489282932192,WOA,10,250,3,17003003,-0.05494846455070787,-0.010720405551194393,0.04422805899951348,False,0.8388712961450524,250,True,1.9469489925540984
cstr,15,High,0.0413489282932192,WOA,10,250,4,17003004,-0.05494846455070787,-0.0016317699949060965,0.05331669455580178,False,0.9457619140955393,250,True,1.9480649498291314
cstr,15,High,0.0413489282932192,WOA,10,250,5,17003005,-0.05494846455070787,-0.0016020507600390086,0.05334641379066886,False,0.9460003618056516,250,True,1.9565420225262642
cstr,15,High,0.0413489282932192,WOA,10,250,6,17003006,-0.05494846455070787,-0.0017109680071547657,0.05323749654355311,False,0.9450887910807354,250,True,1.9588979776017368
cstr,15,High,0.0413489282932192,WOA,10,250,7,17003007,-0.05494846455070787,-0.0014622631549277361,0.053486201395780135,False,0.9469773302700969,250,True,1.951302052475512
cstr,15,High,0.0413489282932192,WOA,10,250,8,17003008,-0.05494846455070787,-0.054757929907867625,0.00019053464284024546,False,0.056540359838484176,250,True,1.944609044585377
cstr,15,High,0.0413489282932192,WOA,10,250,9,17003009,-0.05494846455070787,-0.029489383184289425,0.025459081366418446,False,0.6399408889654903,250,True,1.9586129928939044
cstr,15,High,0.0413489282932192,WOA,10,250,10,17003010,-0.05494846455070787,-0.001625469479450881,0.05332299507125699,False,0.945810987492622,250,True,1.9404409686103463
cstr,15,High,0.0413489282932192,WOA,10,250,11,17003011,-0.05494846455070787,-0.003960719574435804,0.050987744976272065,False,0.9234990309591858,250,True,1.9783390453085303
cstr,15,High,0.0413489282932192,WOA,10,250,12,17003012,-0.05494846455070787,-0.0015398480386091787,0.05340861651209869,False,0.946512346982765,250,True,1.9500469788908958
cstr,15,High,0.0413489282932192,WOA,10,250,13,17003013,-0.05494846455070787,-0.0017050838220825462,0.05324338072862533,False,0.9451218313151403,250,True,1.956597960088402
cstr,15,High,0.0413489282932192,WOA,10,250,14,17003014,-0.05494846455070787,-0.0017481832385554885,0.05320028131215238,False,0.9447712457750992,250,True,1.9234910141676664
cstr,15,High,0.0413489282932192,WOA,10,250,15,17003015,-0.05494846455070787,-0.0016804013267540563,0.05326806322395381,False,0.945353212380864,250,True,1.9519179477356374
cstr,15,High,0.0413489282932192,WOA,10,250,16,17003016,-0.05494846455070787,-0.0017756457413388397,0.053172818809369034,False,0.9445336900594599,250,True,1.9278550171293318
cstr,15,High,0.0413489282932192,WOA,10,250,17,17003017,-0.05494846455070787,-0.006262458410838165,0.0486860061398697,False,0.8981086104403342,250,True,1.947330019902438
cstr,15,High,0.0413489282932192,WOA,10,250,18,17003018,-0.05494846455070787,-0.0018845989396011884,0.05306386561110668,False,0.9435645888945704,250,True,1.935709035024047
cstr,15,High,0.0413489282932192,WOA,10,250,19,17003019,-0.05494846455070787,-0.0016973246808456792,0.05325113986986219,False,0.9452185635216557,250,True,1.9418469746597111
cstr,15,High,0.0413489282932192,WOA,10,250,20,17003020,-0.05494846455070787,-0.005681228675713523,0.04926723587499435,False,0.8973272881016194,250,True,1.941456983331591
cstr,15,High,0.0413489282932192,WOA,10,250,21,17003021,-0.05494846455070787,-0.0027533959437382985,0.05219506860696957,False,0.9332144539716627,250,True,1.9525669631548226
cstr,15,High,0.0413489282932192,WOA,10,250,22,17003022,-0.05494846455070787,-0.005304623186898483,0.049643841363809386,False,0.8851106926712574,250,True,1.9441060139797628
cstr,15,High,0.0413489282932192,WOA,10,250,23,17003023,-0.05494846455070787,-0.001566099937734443,0.05338236461297343,False,0.9463003993612384,250,True,1.9441540353000164
cstr,15,High,0.0413489282932192,WOA,10,250,24,17003024,-0.05494846455070787,-0.0047631571083702005,0.05018530744233767,False,0.9111534587730891,250,True,1.9451150437816978
cstr,15,High,0.0413489282932192,WOA,10,250,25,17003025,-0.05494846455070787,-0.00216937695666263,0.05277908759404524,False,0.9408669610268805,250,True,1.9477719906717539
cstr,15,High,0.0413489282932192,WOA,10,250,26,17003026,-0.05494846455070787,-0.003602993642177626,0.05134547090853024,False,0.9281281459687415,250,True,1.955969026312232
cstr,15,High,0.0413489282932192,WOA,10,250,27,17003027,-0.05494846455070787,-0.050197200290536245,0.004751264260171625,False,0.2776780455876187,250,True,1.9310600473545492
cstr,15,High,0.0413489282932192,WOA,10,250,28,17003028,-0.05494846455070787,-0.0015410072194751363,0.053407457331232734,False,0.94651047334007,250,True,1.9358930294401944
cstr,15,High,0.0413489282932192,WOA,10,250,29,17003029,-0.05494846455070787,-0.0016927641632097003,0.05325570038749817,False,0.9452432505674999,250,True,1.9511280115693808
cstr,15,High,0.0413489282932192,WOA,10,500,0,17003000,-0.05494846455070787,-0.04207290773680079,0.012875556813907084,False,0.45505129906792197,500,True,3.904632991179824
cstr,15,High,0.0413489282932192,WOA,10,500,1,17003001,-0.05494846455070787,-0.0016898947662721097,0.05325856978443576,False,0.9452716581486601,500,True,3.904967976268381
cstr,15,High,0.0413489282932192,WOA,10,500,2,17003002,-0.05494846455070787,-0.001644545223134257,0.05330391932757361,False,0.9456535751530095,500,True,3.9309710264205933
cstr,15,High,0.0413489282932192,WOA,10,500,3,17003003,-0.05494846455070787,-0.015286314947701291,0.03966214960300658,False,0.8097068564575731,500,True,3.911582985892892
cstr,15,High,0.0413489282932192,WOA,10,500,4,17003004,-0.05494846455070787,-0.0016981569029495196,0.05325030764775835,False,0.94520139500852,500,True,3.9141870220191777
cstr,15,High,0.0413489282932192,WOA,10,500,5,17003005,-0.05494846455070787,-0.01805526310590873,0.03689320144479914,False,0.7624094935086466,500,True,3.9437890518456697
cstr,15,High,0.0413489282932192,WOA,10,500,6,17003006,-0.05494846455070787,-0.0017554256514720206,0.05319303889923585,False,0.9447088137609712,500,True,3.9300789940170944
cstr,15,High,0.0413489282932192,WOA,10,500,7,17003007,-0.05494846455070787,-0.0016134788310508935,0.053334985719656974,False,0.9459123179866948,500,True,3.942942013964057
cstr,15,High,0.0413489282932192,WOA,10,500,8,17003008,-0.05494846455070787,-0.05487335487431401,7.510967639386135e-05,True,0.03544099758642839,500,True,4.002021043561399
cstr,15,High,0.0413489282932192,WOA,10,500,9,17003009,-0.05494846455070787,-0.03669435409282053,0.018254110457887343,False,0.5415606415723639,500,True,3.967400989495218
cstr,15,High,0.0413489282932192,WOA,10,500,10,17003010,-0.05494846455070787,-0.0022661347261774475,0.05268232982453042,False,0.9399245988965617,500,True,3.922122996300459
cstr,15,High,0.0413489282932192,WOA,10,500,11,17003011,-0.05494846455070787,-0.011167074094249413,0.04378139045645846,False,0.8517459082984132,500,True,3.949577978346497
cstr,15,High,0.0413489282932192,WOA,10,500,12,17003012,-0.05494846455070787,-0.0012508712433168228,0.053697593307391045,False,0.948691077745892,500,True,3.994290018454194
cstr,15,High,0.0413489282932192,WOA,10,500,13,17003013,-0.05494846455070787,-0.02404151817422119,0.03090694637648668,False,0.7084938143709231,500,True,4.088628047611564
cstr,15,High,0.0413489282932192,WOA,10,500,14,17003014,-0.05494846455070787,-0.0014858133391612406,0.05346265121154663,False,0.9469425120954528,500,True,3.950586949940771
cstr,15,High,0.0413489282932192,WOA,10,500,15,17003015,-0.05494846455070787,-0.0016941886508682906,0.05325427589983958,False,0.945235072435881,500,True,4.031049960758537
cstr,15,High,0.0413489282932192,WOA,10,500,16,17003016,-0.05494846455070787,-0.001796804965784545,0.05315165958492333,False,0.9443476880670852,500,True,4.019888991024345
cstr,15,High,0.0413489282932192,WOA,10,500,17,17003017,-0.05494846455070787,-0.023784809823491515,0.031163654727216356,False,0.7129351643363615,500,True,4.041342996060848
cstr,15,High,0.0413489282932192,WOA,10,500,18,17003018,-0.05494846455070787,-0.0016051589871937258,0.053343305563514146,False,0.945980899392136,500,True,4.015478014480323
cstr,15,High,0.0413489282932192,WOA,10,500,19,17003019,-0.05494846455070787,-0.0014629272227889918,0.05348553732791888,False,0.9471220471666898,500,True,4.043947963509709
cstr,15,High,0.0413489282932192,WOA,10,500,20,17003020,-0.05494846455070787,-0.013361793932573265,0.041586670618134605,False,0.826766636414544,500,True,4.012343008071184
cstr,15,High,0.0413489282932192,WOA,10,500,21,17003021,-0.05494846455070787,-0.001555003914453603,0.05339346063625427,False,0.9463908893251726,500,True,4.047848982736468
cstr,15,High,0.0413489282932192,WOA,10,500,22,17003022,-0.05494846455070787,-0.0017119408334882024,0.053236523717219666,False,0.9450837760308219,500,True,3.9372480241581798
cstr,15,High,0.0413489282932192,WOA,10,500,23,17003023,-0.05494846455070787,-0.0015801557819994905,0.05336830876870838,False,0.9461864178333257,500,True,3.9792009629309177
cstr,15,High,0.0413489282932192,WOA,10,500,24,17003024,-0.05494846455070787,-0.026413794666646583,0.028534669884061288,False,0.6859583491162727,500,True,3.9433339843526483
cstr,15,High,0.0413489282932192,WOA,10,500,25,17003025,-0.05494846455070787,-0.007243363656279427,0.04770510089442844,False,0.8852635209525688,500,True,3.938148031011224
cstr,15,High,0.0413489282932192,WOA,10,500,26,17003026,-0.05494846455070787,-0.012500378587723423,0.042448085962984446,False,0.8297423090348244,500,True,3.9389070007018745
cstr,15,High,0.0413489282932192,WOA,10,500,27,17003027,-0.05494846455070787,-0.05151392237136725,0.0034345421793406175,False,0.23639202923142744,500,True,3.91812197631225
cstr,15,High,0.0413489282932192,WOA,10,500,28,17003028,-0.05494846455070787,-0.001617228407113976,0.0533312361435939,False,0.9458814053895512,500,True,4.044830973725766
cstr,15,High,0.0413489282932192,WOA,10,500,29,17003029,-0.05494846455070787,-0.0016175729577920617,0.05333089159291581,False,0.9458783394935177,500,True,3.940736991353333
cstr,15,High,0.0413489282932192,WOA,10,1000,0,17003000,-0.05494846455070787,-0.052975635204284194,0.001972829346423677,False,0.1786537217913873,1000,True,7.857417978812009
cstr,15,High,0.0413489282932192,WOA,10,1000,1,17003001,-0.05494846455070787,-0.001678130202928854,0.053270334347779016,False,0.9453714034497811,1000,True,7.9862900311127305
cstr,15,High,0.0413489282932192,WOA,10,1000,2,17003002,-0.05494846455070787,-0.001386168265995967,0.0535622962847119,False,0.9477090669104504,1000,True,7.9484350280836225
cstr,15,High,0.0413489282932192,WOA,10,1000,3,17003003,-0.05494846455070787,-0.047583674775149104,0.007364789775558767,False,0.3428146668357011,1000,True,7.880304008722305
cstr,15,High,0.0413489282932192,WOA,10,1000,4,17003004,-0.05494846455070787,-0.001560078561136175,0.0533883859895717,False,0.946349828228591,1000,True,7.787679962348193
cstr,15,High,0.0413489282932192,WOA,10,1000,5,17003005,-0.05494846455070787,-0.0016945562414977635,0.053253908309210105,False,0.9452320158277446,1000,True,7.820699014700949
cstr,15,High,0.0413489282932192,WOA,10,1000,6,17003006,-0.05494846455070787,-0.0017535992467219972,0.05319486530398587,False,0.9447247903225064,1000,True,7.909984968136996
cstr,15,High,0.0413489282932192,WOA,10,1000,7,17003007,-0.05494846455070787,-0.0016642120338805646,0.05328425251682731,False,0.9454889238288723,1000,True,7.8540139948017895
cstr,15,High,0.0413489282932192,WOA,10,1000,8,17003008,-0.05494846455070787,-0.0549468879337244,1.5766169834674493e-06,True,0.004995626851400981,1000,True,7.799650949891657
cstr,15,High,0.0413489282932192,WOA,10,1000,9,17003009,-0.05494846455070787,-0.05049814722480311,0.004450317325904764,False,0.2724915712142873,1000,True,7.85160600207746
cstr,15,High,0.0413489282932192,WOA,10,1000,10,17003010,-0.05494846455070787,-0.04225719252571912,0.01269127202498875,False,0.45186749911194507,1000,True,7.866033003665507
cstr,15,High,0.0413489282932192,WOA,10,1000,11,17003011,-0.05494846455070787,-0.0016328464823575522,0.05331561806835032,False,0.9457516551580825,1000,True,7.813663978595287
cstr,15,High,0.0413489282932192,WOA,10,1000,12,17003012,-0.05494846455070787,-0.0014944225590596556,0.053454041991648216,False,0.9468751563792602,1000,True,7.829476031474769
cstr,15,High,0.0413489282932192,WOA,10,1000,13,17003013,-0.05494846455070787,-0.04037054867404068,0.014577915876667194,False,0.48379163138905035,1000,True,7.881432014983147
cstr,15,High,0.0413489282932192,WOA,10,1000,14,17003014,-0.05494846455070787,-0.0015020381656387334,0.053446426385069135,False,0.9468149299383454,1000,True,7.846841006539762
cstr,15,High,0.0413489282932192,WOA,10,1000,15,17003015,-0.05494846455070787,-0.0015549049435816384,0.05339355960712623,False,0.9463917357155774,1000,True,7.928296981845051
cstr,15,High,0.0413489282932192,WOA,10,1000,16,17003016,-0.05494846455070787,-0.001584035353908443,0.05336442919679943,False,0.9461546975227471,1000,True,7.932110980618745
cstr,15,High,0.0413489282932192,WOA,10,1000,17,17003017,-0.05494846455070787,-0.0012676996112107916,0.053680764939497076,False,0.9485707037802442,1000,True,7.992516038939357
cstr,15,High,0.0413489282932192,WOA,10,1000,18,17003018,-0.05494846455070787,-0.016667208140432557,0.03828125641027531,False,0.789643914615226,1000,True,8.08527204208076
cstr,15,High,0.0413489282932192,WOA,10,1000,19,17003019,-0.05494846455070787,-0.001789967552980669,0.0531584969977272,False,0.9444076813472225,1000,True,7.880615012254566
cstr,15,High,0.0413489282932192,WOA,10,1000,20,17003020,-0.05494846455070787,-0.0436078710055932,0.011340593545114672,False,0.4273776202323035,1000,True,8.059887040872127
cstr,15,High,0.0413489282932192,WOA,10,1000,21,17003021,-0.05494846455070787,-0.0016912088421361044,0.05325725570857177,False,0.9452604832733266,1000,True,7.845771964639425
cstr,15,High,0.0413489282932192,WOA,10,1000,22,17003022,-0.05494846455070787,-0.0017523325832914795,0.05319613196741639,False,0.9447357706274194,1000,True,7.846929016523063
cstr,15,High,0.0413489282932192,WOA,10,1000,23,17003023,-0.05494846455070787,-0.0015878919405452792,0.05336057261016259,False,0.9461230961224453,1000,True,8.287951990496367
cstr,15,High,0.0413489282932192,WOA,10,1000,24,17003024,-0.05494846455070787,-0.04435320759556134,0.010595256955146529,False,0.41336106354954527,1000,True,8.02489899797365
cstr,15,High,0.0413489282932192,WOA,10,1000,25,17003025,-0.05494846455070787,-0.032428044786030855,0.022520419764677016,False,0.6044557347929499,1000,True,8.087046968284994
cstr,15,High,0.0413489282932192,WOA,10,1000,26,17003026,-0.05494846455070787,-0.024482952997201737,0.030465511553506134,False,0.7047063477798395,1000,True,8.042383997235447
cstr,15,High,0.0413489282932192,WOA,10,1000,27,17003027,-0.05494846455070787,-0.053413480447438516,0.0015349841032693545,False,0.1586798197030532,1000,True,8.103011990897357
cstr,15,High,0.0413489282932192,WOA,10,1000,28,17003028,-0.05494846455070787,-0.001566704642718374,0.0533817599079895,False,0.9462959851733552,1000,True,7.953992986585945
cstr,15,High,0.0413489282932192,WOA,10,1000,29,17003029,-0.05494846455070787,-0.0317024991262754,0.02324596542443247,False,0.6198987668863004,1000,True,8.046438975725323
cstr,15,High,0.0413489282932192,WOA,10,2000,0,17003000,-0.05494846455070787,-0.0529770791776033,0.001971385373104567,False,0.1791402656915635,2000,True,15.942248981446028
cstr,15,High,0.0413489282932192,WOA,10,2000,1,17003001,-0.05494846455070787,-0.05017571511373075,0.004772749436977121,False,0.2776328745005198,2000,True,16.26135199330747
cstr,15,High,0.0413489282932192,WOA,10,2000,2,17003002,-0.05494846455070787,-0.001658311170032281,0.05329015338067559,False,0.945538561312246,2000,True,15.802442969288677
cstr,15,High,0.0413489282932192,WOA,10,2000,3,17003003,-0.05494846455070787,-0.05122810949026975,0.0037203550604381214,False,0.24480775271653613,2000,True,15.957780997268856
cstr,15,High,0.0413489282932192,WOA,10,2000,4,17003004,-0.05494846455070787,-0.0016662816049051695,0.053282182945802704,False,0.9454714642568216,2000,True,15.668798005208373
cstr,15,High,0.0413489282932192,WOA,10,2000,5,17003005,-0.05494846455070787,-0.04495489147085838,0.009993573079849494,False,0.40210407169025897,2000,True,15.79501701053232
cstr,15,High,0.0413489282932192,WOA,10,2000,6,17003006,-0.05494846455070787,-0.04408201425786764,0.010866450292840231,False,0.42060309180611877,2000,True,15.771599020808935
cstr,15,High,0.0413489282932192,WOA,10,2000,7,17003007,-0.05494846455070787,-0.04804542997508943,0.006903034575618437,False,0.33469174457398865,2000,True,15.772915969137102
cstr,15,High,0.0413489282932192,WOA,10,2000,8,17003008,-0.05494846455070787,-0.054868262155955264,8.020239475260704e-05,True,0.03601675187291069,2000,True,15.897432051133364
cstr,15,High,0.0413489282932192,WOA,10,2000,9,17003009,-0.05494846455070787,-0.05243973239539355,0.0025087321553143235,False,0.20209618998121806,2000,True,15.944238984957337
cstr,15,High,0.0413489282932192,WOA,10,2000,10,17003010,-0.05494846455070787,-0.04758883090647509,0.0073596336442327825,False,0.3453562025718756,2000,True,15.764823008794338
cstr,15,High,0.0413489282932192,WOA,10,2000,11,17003011,-0.05494846455070787,-0.0014500398196702362,0.053498424731037636,False,0.9472220767032673,2000,True,15.6609250116162
cstr,15,High,0.0413489282932192,WOA,10,2000,12,17003012,-0.05494846455070787,-0.04155708210143834,0.013391382449269532,False,0.46667920410938224,2000,True,15.698690025601536
cstr,15,High,0.0413489282932192,WOA,10,2000,13,17003013,-0.05494846455070787,-0.054864584176399736,8.388037430813455e-05,True,0.03692743378623537,2000,True,15.952258021570742
cstr,15,High,0.0413489282932192,WOA,10,2000,14,17003014,-0.05494846455070787,-0.0016843564954742698,0.0532641080552336,False,0.945318658105316,2000,True,15.685639984440058
cstr,15,High,0.0413489282932192,WOA,10,2000,15,17003015,-0.05494846455070787,-0.001676684177402652,0.05327178037330522,False,0.9453836460638216,2000,True,15.843168017454445
cstr,15,High,0.0413489282932192,WOA,10,2000,16,17003016,-0.05494846455070787,-0.0017338996604046165,0.053214564890303254,False,0.9448950837404634,2000,True,15.706120000686496
cstr,15,High,0.0413489282932192,WOA,10,2000,17,17003017,-0.05494846455070787,-0.051872734875938985,0.003075729674768886,False,0.22484258503382368,2000,True,16.065103991422802
cstr,15,High,0.0413489282932192,WOA,10,2000,18,17003018,-0.05494846455070787,-0.04771896262061708,0.007229501930090788,False,0.3431066960183437,2000,True,15.696457994636148
cstr,15,High,0.0413489282932192,WOA,10,2000,19,17003019,-0.05494846455070787,-0.0017551343430631974,0.053193330207644676,False,0.9447114759927173,2000,True,15.847318980377167
cstr,15,High,0.0413489282932192,WOA,10,2000,20,17003020,-0.05494846455070787,-0.05494680371077852,1.6608399293488452e-06,True,0.005162146299593476,2000,True,15.962120960466564
cstr,15,High,0.0413489282932192,WOA,10,2000,21,17003021,-0.05494846455070787,-0.046794325717716696,0.008154138832991174,False,0.36377493202200906,2000,True,16.354336985386908
cstr,15,High,0.0413489282932192,WOA,10,2000,22,17003022,-0.05494846455070787,-0.001745747833976463,0.05320271671673141,False,0.9447927871136559,2000,True,16.127686016261578
cstr,15,High,0.0413489282932192,WOA,10,2000,23,17003023,-0.05494846455070787,-0.05073839192535554,0.004210072625352328,False,0.26156705713213246,2000,True,15.817245992366225
cstr,15,High,0.0413489282932192,WOA,10,2000,24,17003024,-0.05494846455070787,-0.047888916053812305,0.007059548496895565,False,0.3375361328510949,2000,True,15.859626000747085
cstr,15,High,0.0413489282932192,WOA,10,2000,25,17003025,-0.05494846455070787,-0.0015474594665572576,0.05340100508415061,False,0.9464518829656741,2000,True,15.674510970711708
cstr,15,High,0.0413489282932192,WOA,10,2000,26,17003026,-0.05494846455070787,-0.04631437361509162,0.008634090935616248,False,0.3730309977814008,2000,True,15.500253008212894
cstr,15,High,0.0413489282932192,WOA,10,2000,27,17003027,-0.05494846455070787,-0.05493671474350306,1.1749807204808338e-05,True,0.013786509483580048,2000,True,15.519759035669267
cstr,15,High,0.0413489282932192,WOA,10,2000,28,17003028,-0.05494846455070787,-0.0017410045094329758,0.0532074600412749,False,0.9448337860259493,2000,True,15.67211002111435
cstr,15,High,0.0413489282932192,WOA,10,2000,29,17003029,-0.05494846455070787,-0.0016806139412972245,0.053267850609410645,False,0.9453503757567226,2000,True,15.668384963646531
cstr,15,High,0.0413489282932192,WOA,10,5000,0,17003000,-0.05494846455070787,-0.05492790033073443,2.0564219973442932e-05,True,0.018142376071118422,5000,True,39.077140972949564
cstr,15,High,0.0413489282932192,WOA,10,5000,1,17003001,-0.05494846455070787,-0.054321603333783976,0.0006268612169238949,False,0.10070450727969228,5000,True,39.34609197312966
cstr,15,High,0.0413489282932192,WOA,10,5000,2,17003002,-0.05494846455070787,-0.054924093493219334,2.4371057488536962e-05,True,0.019540993440087154,5000,True,39.956316992174834
cstr,15,High,0.0413489282932192,WOA,10,5000,3,17003003,-0.05494846455070787,-0.0549095064804961,3.8958070211772555e-05,True,0.025161765511883028,5000,True,39.7089320467785
cstr,15,High,0.0413489282932192,WOA,10,5000,4,17003004,-0.05494846455070787,-0.0016083302612964671,0.0533401342894114,False,0.9459549946167923,5000,True,40.04474403336644
cstr,15,High,0.0413489282932192,WOA,10,5000,5,17003005,-0.05494846455070787,-0.0544985103113248,0.00044995423938307133,False,0.08548950682134035,5000,True,39.83621596125886
cstr,15,High,0.0413489282932192,WOA,10,5000,6,17003006,-0.05494846455070787,-0.05480870508353902,0.00013975946716884846,False,0.04762241408643365,5000,True,39.37656799098477
cstr,15,High,0.0413489282932192,WOA,10,5000,7,17003007,-0.05494846455070787,-0.0016292730149206143,0.05331919153578726,False,0.945781405809501,5000,True,39.34790298808366
cstr,15,High,0.0413489282932192,WOA,10,5000,8,17003008,-0.05494846455070787,-0.05494621751185733,2.2470388505377303e-06,True,0.006045829584173861,5000,True,39.46512000402436
cstr,15,High,0.0413489282932192,WOA,10,5000,9,17003009,-0.05494846455070787,-0.05477776131102556,0.00017070323968230994,False,0.052630543751244444,5000,True,39.6794619737193
cstr,15,High,0.0413489282932192,WOA,10,5000,10,17003010,-0.05494846455070787,-0.0017569857466129435,0.05319147880409493,False,0.9446954090577216,5000,True,39.789991977158934
cstr,15,High,0.0413489282932192,WOA,10,5000,11,17003011,-0.05494846455070787,-0.05490793564556237,4.052890514549823e-05,True,0.025722898282837775,5000,True,40.14965001260862
cstr,15,High,0.0413489282932192,WOA,10,5000,12,17003012,-0.05494846455070787,-0.0549309817135283,1.7482837179567945e-05,True,0.016796340431153446,5000,True,40.0902540422976
cstr,15,High,0.0413489282932192,WOA,10,5000,13,17003013,-0.05494846455070787,-0.054773457479685095,0.0001750070710227758,False,0.05320103590467312,5000,True,39.50247401371598
cstr,15,High,0.0413489282932192,WOA,10,5000,14,17003014,-0.05494846455070787,-0.05461477804919339,0.0003336865015144824,False,0.0737072509332481,5000,True,39.80189800495282
cstr,15,High,0.0413489282932192,WOA,10,5000,15,17003015,-0.05494846455070787,-0.0017628777596494297,0.05318558679105844,False,0.9446442192600492,5000,True,39.00934901321307
cstr,15,High,0.0413489282932192,WOA,10,5000,16,17003016,-0.05494846455070787,-0.0016176660962227817,0.05333079845448509,False,0.9458777773015249,5000,True,39.22397899441421
cstr,15,High,0.0413489282932192,WOA,10,5000,17,17003017,-0.05494846455070787,-0.054854094590466675,9.436996024119598e-05,True,0.03914593423566898,5000,True,39.25364598399028
cstr,15,High,0.0413489282932192,WOA,10,5000,18,17003018,-0.05494846455070787,-0.054912695123784105,3.576942692376517e-05,True,0.024083512858064964,5000,True,39.36025296570733
cstr,15,High,0.0413489282932192,WOA,10,5000,19,17003019,-0.05494846455070787,-0.05493756482942411,1.0899721283763597e-05,True,0.012284399185167234,5000,True,39.47645699372515
cstr,15,High,0.0413489282932192,WOA,10,5000,20,17003020,-0.05494846455070787,-0.05421411765738571,0.0007343468933221631,False,0.10932792783376893,5000,True,39.27001100964844
cstr,15,High,0.0413489282932192,WOA,10,5000,21,17003021,-0.05494846455070787,-0.05401405192943143,0.0009344126212764425,False,0.12357959753688659,5000,True,39.66578497784212
cstr,15,High,0.0413489282932192,WOA,10,5000,22,17003022,-0.05494846455070787,-0.0018406860852563085,0.05310777846545156,False,0.9439597378143214,5000,True,39.513145049568266
cstr,15,High,0.0413489282932192,WOA,10,5000,23,17003023,-0.05494846455070787,-0.0017866989354245763,0.053161765615283296,False,0.9444363256062174,5000,True,38.99347397964448
cstr,15,High,0.0413489282932192,WOA,10,5000,24,17003024,-0.05494846455070787,-0.05442556422054179,0.0005229003301660817,False,0.09230656666738364,5000,True,39.33000797405839
cstr,15,High,0.0413489282932192,WOA,10,5000,25,17003025,-0.05494846455070787,-0.05438299517455762,0.0005654693761502488,False,0.09581402652371045,5000,True,39.97282305499539
cstr,15,High,0.0413489282932192,WOA,10,5000,26,17003026,-0.05494846455070787,-0.05493093767085744,1.7526879850432442e-05,True,0.016861630441577544,5000,True,39.42634898703545
cstr,15,High,0.0413489282932192,WOA,10,5000,27,17003027,-0.05494846455070787,-0.054915176818856125,3.328773185174577e-05,True,0.023281872035439313,5000,True,39.280760975088924
cstr,15,High,0.0413489282932192,WOA,10,5000,28,17003028,-0.05494846455070787,-0.05486860746452456,7.985708618331311e-05,True,0.03601022224485702,5000,True,39.24497897969559
cstr,15,High,0.0413489282932192,WOA,10,5000,29,17003029,-0.05494846455070787,-0.054859356007962476,8.91085427453947e-05,True,0.03810552036715734,5000,True,39.538662997074425
flight,6,High,0.0112797009766693,SGO,8,250,0,18000000,-1.3705061496284003,-1.3684260362861242,0.0015177701631182712,False,0.209708289102339,250,True,3.255521005485207
flight,6,High,0.0112797009766693,SGO,8,250,1,18000001,-1.3705061496284003,-1.3638931273039416,0.004825240898227099,False,0.5255357323950203,250,True,3.2349679968319833
flight,6,High,0.0112797009766693,SGO,8,250,2,18000002,-1.3705061496284003,-1.3403697597863262,0.021989240872976244,False,0.6709111482524247,250,True,3.155906975734979
flight,6,High,0.0112797009766693,SGO,8,250,3,18000003,-1.3705061496284003,-1.365777020782678,0.0034506440171790218,False,0.1911795114428392,250,True,3.2837000326253474
flight,6,High,0.0112797009766693,SGO,8,250,4,18000004,-1.3705061496284003,-1.3672031264321596,0.0024100754288015015,False,0.3738042473372572,250,True,3.2347930246032774
flight,6,High,0.0112797009766693,SGO,8,250,5,18000005,-1.3705061496284003,-1.3522397677226419,0.013328201344234188,False,0.6049236441824362,250,True,3.293038986157626
flight,6,High,0.0112797009766693,SGO,8,250,6,18000006,-1.3705061496284003,-1.3690254662608348,0.0010803916260916048,False,0.194048919611135,250,True,3.3938519773073494
flight,6,High,0.0112797009766693,SGO,8,250,7,18000007,-1.3705061496284003,-1.3686896814744975,0.0013253994915639839,False,0.1665189706113099,250,True,3.3054720261134207
flight,6,High,0.0112797009766693,SGO,8,250,8,18000008,-1.3705061496284003,-1.3687037353720568,0.0013151449607374905,False,0.31271261337634204,250,True,3.2730390084907413
flight,6,High,0.0112797009766693,SGO,8,250,9,18000009,-1.3705061496284003,-1.1915457874059534,0.130579758632218,False,2.896418382818296,250,True,3.238735953345895
flight,6,High,0.0112797009766693,SGO,8,250,10,18000010,-1.3705061496284003,-1.3618367659323778,0.006325680259350291,False,0.4101874895419968,250,True,3.1973429722711444
flight,6,High,0.0112797009766693,SGO,8,250,11,18000011,-1.3705061496284003,-1.0337496497660226,0.24571688346942921,False,3.834537555201131,250,True,3.342025971505791
flight,6,High,0.0112797009766693,SGO,8,250,12,18000012,-1.3705061496284003,-1.3699097995885008,0.00043513123969655005,False,0.18164169028368787,250,True,3.233038994949311
flight,6,High,0.0112797009766693,SGO,8,250,13,18000013,-1.3705061496284003,-0.9921519781618706,0.2760689337797695,False,4.047655056761404,250,True,3.251565038226545
flight,6,High,0.0112797009766693,SGO,8,250,14,18000014,-1.3705061496284003,-1.3354954786162503,0.02554579636263789,False,0.8274455738250165,250,True,3.3223170321434736
flight,6,High,0.0112797009766693,SGO,8,250,15,18000015,-1.3705061496284003,-1.359584458278395,0.007969093282045278,False,0.5974387384974701,250,True,3.2547120354138315
flight,6,High,0.0112797009766693,SGO,8,250,16,18000016,-1.3705061496284003,-1.3614166964992762,0.006632187043880572,False,0.6214172856697299,250,True,3.293087997008115
flight,6,High,0.0112797009766693,SGO,8,250,17,18000017,-1.3705061496284003,-1.2096076802978093,0.1174007642170866,False,2.324904471985785,250,True,3.2824589870870113
flight,6,High,0.0112797009766693,SGO,8,250,18,18000018,-1.3705061496284003,-1.3572790609702803,0.009651243565529754,False,0.730521048857745,250,True,3.3852229826152325
flight,6,High,0.0112797009766693,SGO,8,250,19,18000019,-1.3705061496284003,-1.2572820813039656,0.08261478312602566,False,2.2286085389656867,250,True,3.2664890168234706
flight,6,High,0.0112797009766693,SGO,8,250,20,18000020,-1.3705061496284003,-1.2570422950327562,0.08278974496131138,False,1.9737506320859777,250,True,3.245942003559321
flight,6,High,0.0112797009766693,SGO,8,250,21,18000021,-1.3705061496284003,-1.3637997224451823,0.0048933944477639844,False,0.3668171801957859,250,True,3.3186220098286867
flight,6,High,0.0112797009766693,SGO,8,250,22,18000022,-1.3705061496284003,-1.365126759955095,0.0039251116638652035,False,0.5389171161239957,250,True,3.2709059887565672
flight,6,High,0.0112797009766693,SGO,8,250,23,18000023,-1.3705061496284003,-1.3701798433687251,0.00023809178803298257,False,0.09581252910600704,250,True,3.355494001880288
flight,6,High,0.0112797009766693,SGO,8,250,24,18000024,-1.3705061496284003,-1.3663128303973606,0.003059686548781043,False,0.1794662843277822,250,True,3.4127460094168782
flight,6,High,0.0112797009766693,SGO,8,250,25,18000025,-1.3705061496284003,-1.3535094465105804,0.012401770778211007,False,0.9385077149909011,250,True,3.2435680041089654
flight,6,High,0.0112797009766693,SGO,8,250,26,18000026,-1.3705061496284003,-1.3609065115449608,0.0070044472883557685,False,0.7178363903402742,250,True,3.311873006168753
flight,6,High,0.0112797009766693,SGO,8,250,27,18000027,-1.3705061496284003,-1.3395416938419837,0.02259344534485476,False,0.5106101410998583,250,True,3.3438079990446568
flight,6,High,0.0112797009766693,SGO,8,250,28,18000028,-1.3705061496284003,-1.3693909711619796,0.0008136982579196013,False,0.11349248251210535,250,True,3.343301999848336
flight,6,High,0.0112797009766693,SGO,8,250,29,18000029,-1.3705061496284003,-1.2859441187850307,0.06170131441314426,False,0.8204810003916674,250,True,3.216310986317694
flight,6,High,0.0112797009766693,SGO,8,500,0,18000000,-1.3705061496284003,-1.3702959918336188,0.0001533431972111101,False,0.040185408151664055,500,True,6.600518012419343
flight,6,High,0.0112797009766693,SGO,8,500,1,18000001,-1.3705061496284003,-1.3650214776194294,0.00400193170272025,False,0.3895907894128056,500,True,6.748465995769948
flight,6,High,0.0112797009766693,SGO,8,500,2,18000002,-1.3705061496284003,-1.3513869026245862,0.013950500702968884,False,0.7144611722220018,500,True,6.747305975295603
flight,6,High,0.0112797009766693,SGO,8,500,3,18000003,-1.3705061496284003,-1.367652185769794,0.002082415944926684,False,0.23696674051574415,500,True,6.933180964551866
flight,6,High,0.0112797009766693,SGO,8,500,4,18000004,-1.3705061496284003,-1.3683471099171056,0.0015753593749872061,False,0.1569677825263796,500,True,6.837531051132828
flight,6,High,0.0112797009766693,SGO,8,500,5,18000005,-1.3705061496284003,-1.3530917995270435,0.01270651000440864,False,0.3804921918536459,500,True,7.021555968094617
flight,6,High,0.0112797009766693,SGO,8,500,6,18000006,-1.3705061496284003,-1.3699498176303444,0.0004059317779834704,False,0.1486086867543232,500,True,7.079308037646115
flight,6,High,0.0112797009766693,SGO,8,500,7,18000007,-1.3705061496284003,-1.3701177468267052,0.00028340099152453734,False,0.061423393430369864,500,True,6.789229984860867
flight,6,High,0.0112797009766693,SGO,8,500,8,18000008,-1.3705061496284003,-1.3701029719929505,0.0002941815588052297,False,0.05717440049118616,500,True,6.607505027204752
flight,6,High,0.0112797009766693,SGO,8,500,9,18000009,-1.3705061496284003,-1.2322886917261087,0.1008513956247245,False,1.7350511793873795,500,True,6.715274008456618
flight,6,High,0.0112797009766693,SGO,8,500,10,18000010,-1.3705061496284003,-1.3681627137361356,0.001709905419176785,False,0.3229345998882695,500,True,6.653902004472911
flight,6,High,0.0112797009766693,SGO,8,500,11,18000011,-1.3705061496284003,-1.0536810850900924,0.23117376352102617,False,3.3978004641745034,500,True,6.720806995872408
flight,6,High,0.0112797009766693,SGO,8,500,12,18000012,-1.3705061496284003,-1.3704664536463627,2.896446838158504e-05,True,0.020600793285219538,500,True,6.721915036905557
flight,6,High,0.0112797009766693,SGO,8,500,13,18000013,-1.3705061496284003,-0.9953404057147497,0.27374247391401585,False,3.8186914617273806,500,True,6.763582001440227
flight,6,High,0.0112797009766693,SGO,8,500,14,18000014,-1.3705061496284003,-1.3354954786162503,0.02554579636263789,False,0.8274455738250165,500,True,6.903804955072701
flight,6,High,0.0112797009766693,SGO,8,500,15,18000015,-1.3705061496284003,-1.369117826245702,0.0010130004765573455,False,0.2535994012663292,500,True,6.746932049281895
flight,6,High,0.0112797009766693,SGO,8,500,16,18000016,-1.3705061496284003,-1.3666142435871764,0.002839758174218457,False,0.36733659714622596,500,True,6.694812967907637
flight,6,High,0.0112797009766693,SGO,8,500,17,18000017,-1.3705061496284003,-1.328862910643493,0.03038529888844239,False,0.6136937712292779,500,True,6.634682998992503
flight,6,High,0.0112797009766693,SGO,8,500,18,18000018,-1.3705061496284003,-1.3696644934340414,0.0006141206988287859,False,0.1098705000445607,500,True,6.6640329896472394
flight,6,High,0.0112797009766693,SGO,8,500,19,18000019,-1.3705061496284003,-1.3701205015859104,0.00028139096099243115,False,0.06813316794395123,500,True,6.556065985932946
flight,6,High,0.0112797009766693,SGO,8,500,20,18000020,-1.3705061496284003,-1.2711190461381736,0.0725185388749803,False,1.446729891576967,500,True,6.714220973663032
flight,6,High,0.0112797009766693,SGO,8,500,21,18000021,-1.3705061496284003,-1.3662243100463192,0.003124276080951662,False,0.23833489348246387,500,True,6.7365559516474605
flight,6,High,0.0112797009766693,SGO,8,500,22,18000022,-1.3705061496284003,-1.3704540252874404,3.8032912857812945e-05,True,0.04263106862440346,500,True,6.74518704181537
flight,6,High,0.0112797009766693,SGO,8,500,23,18000023,-1.3705061496284003,-1.3701798433687251,0.00023809178803298257,False,0.09581252910600704,500,True,6.47960597416386
flight,6,High,0.0112797009766693,SGO,8,500,24,18000024,-1.3705061496284003,-1.3702998629539607,0.00015051860547696442,False,0.053663615086101374,500,True,6.659434991888702
flight,6,High,0.0112797009766693,SGO,8,500,25,18000025,-1.3705061496284003,-1.3693079795571552,0.0008742536993139299,False,0.09689221604865196,500,True,6.531892984639853
flight,6,High,0.0112797009766693,SGO,8,500,26,18000026,-1.3705061496284003,-1.3664549310427117,0.0029560017565679196,False,0.31099578187585697,500,True,6.624702014960349
flight,6,High,0.0112797009766693,SGO,8,500,27,18000027,-1.3705061496284003,-1.3575660504495313,0.009441839558602238,False,0.659481322937805,500,True,6.57470797887072
flight,6,High,0.0112797009766693,SGO,8,500,28,18000028,-1.3705061496284003,-1.3697558902137188,0.0005474323591214588,False,0.08773955109020817,500,True,6.486841943114996
flight,6,High,0.0112797009766693,SGO,8,500,29,18000029,-1.3705061496284003,-1.3680142440993204,0.0018182373933569138,False,0.17617218984732544,500,True,6.533453997690231
flight,6,High,0.0112797009766693,SGO,8,1000,0,18000000,-1.3705061496284003,-1.3703258637667266,0.00013154691916020765,False,0.05541704754309763,1000,True,13.359536009375006
flight,6,High,0.0112797009766693,SGO,8,1000,1,18000001,-1.3705061496284003,-1.3652676602499918,0.0038223027162839845,False,0.27437638910842255,1000,True,13.559154991526157
flight,6,High,0.0112797009766693,SGO,8,1000,2,18000002,-1.3705061496284003,-1.351846940988723,0.01361483029079188,False,0.640906480678334,1000,True,13.173594023101032
flight,6,High,0.0112797009766693,SGO,8,1000,3,18000003,-1.3705061496284003,-1.3687214027728716,0.0013022538103989389,False,0.1673718917405112,1000,True,13.085363956633955
flight,6,High,0.0112797009766693,SGO,8,1000,4,18000004,-1.3705061496284003,-1.3683471099171056,0.0015753593749872061,False,0.1569677825263796,1000,True,13.198600965552032
flight,6,High,0.0112797009766693,SGO,8,1000,5,18000005,-1.3705061496284003,-1.3535474149533904,0.01237406682166889,False,0.4319356228125953,1000,True,13.711252016946673
flight,6,High,0.0112797009766693,SGO,8,1000,6,18000006,-1.3705061496284003,-1.3700681442320404,0.00031959389345222926,False,0.08473142271170027,1000,True,13.434066029731184
flight,6,High,0.0112797009766693,SGO,8,1000,7,18000007,-1.3705061496284003,-1.37013312085194,0.0002721832197261031,False,0.07073853665985563,1000,True,13.0575509974733
flight,6,High,0.0112797009766693,SGO,8,1000,8,18000008,-1.3705061496284003,-1.3701177868449186,0.0002833717919376398,False,0.05635538198237182,1000,True,12.869224010501057
flight,6,High,0.0112797009766693,SGO,8,1000,9,18000009,-1.3705061496284003,-1.235042085576482,0.09884236133391158,False,1.9068624080775478,1000,True,13.019486039411277
flight,6,High,0.0112797009766693,SGO,8,1000,10,18000010,-1.3705061496284003,-1.3690625087313677,0.0010533633121048512,False,0.13775378262080834,1000,True,13.027284992858768
flight,6,High,0.0112797009766693,SGO,8,1000,11,18000011,-1.3705061496284003,-1.0539774383151386,0.23095752718737197,False,3.4041995558121387,1000,True,13.021457998547703
flight,6,High,0.0112797009766693,SGO,8,1000,12,18000012,-1.3705061496284003,-1.3704664536463627,2.896446838158504e-05,True,0.020600793285219538,1000,True,13.124998018611223
flight,6,High,0.0112797009766693,SGO,8,1000,13,18000013,-1.3705061496284003,-1.0066188280732515,0.2655130891997919,False,3.809433058034705,1000,True,13.05698900250718
flight,6,High,0.0112797009766693,SGO,8,1000,14,18000014,-1.3705061496284003,-1.3355244525093604,0.025524655346147066,False,0.884006758298277,1000,True,13.320293975993991
flight,6,High,0.0112797009766693,SGO,8,1000,15,18000015,-1.3705061496284003,-1.3695288875984226,0.0007130665048403443,False,0.12348875442944858,1000,True,13.189627032261342
flight,6,High,0.0112797009766693,SGO,8,1000,16,18000016,-1.3705061496284003,-1.3673450350465663,0.0023065307533943545,False,0.2352825272109888,1000,True,13.191599980928004
flight,6,High,0.0112797009766693,SGO,8,1000,17,18000017,-1.3705061496284003,-1.3289491808250524,0.030322351209161442,False,0.6377401003583222,1000,True,12.939025007653981
flight,6,High,0.0112797009766693,SGO,8,1000,18,18000018,-1.3705061496284003,-1.3701944479118888,0.00022743547454787363,False,0.07215683919827706,1000,True,13.406657963059843
flight,6,High,0.0112797009766693,SGO,8,1000,19,18000019,-1.3705061496284003,-1.3701581031299634,0.0002539547148557218,False,0.0543671623200979,1000,True,13.112316955812275
flight,6,High,0.0112797009766693,SGO,8,1000,20,18000020,-1.3705061496284003,-1.2724486210339032,0.07154840466865799,False,1.6314024825825861,1000,True,13.304568012245
flight,6,High,0.0112797009766693,SGO,8,1000,21,18000021,-1.3705061496284003,-1.3662307768910495,0.0031195574996215943,False,0.28462542498592724,1000,True,13.479546003509313
flight,6,High,0.0112797009766693,SGO,8,1000,22,18000022,-1.3705061496284003,-1.3704540252874404,3.8032912857812945e-05,True,0.04263106862440346,1000,True,13.861221028491855
flight,6,High,0.0112797009766693,SGO,8,1000,23,18000023,-1.3705061496284003,-1.370198180465977,0.00022471198871071353,False,0.08388817502103538,1000,True,13.590176997240633
flight,6,High,0.0112797009766693,SGO,8,1000,24,18000024,-1.3705061496284003,-1.3702998629539607,0.00015051860547696442,False,0.053663615086101374,1000,True,13.586509972810745
flight,6,High,0.0112797009766693,SGO,8,1000,25,18000025,-1.3705061496284003,-1.3696775618358168,0.0006045852423268658,False,0.11941361734879524,1000,True,13.456186978146434
flight,6,High,0.0112797009766693,SGO,8,1000,26,18000026,-1.3705061496284003,-1.3664549310427117,0.0029560017565679196,False,0.31099578187585697,1000,True,13.431025960016996
flight,6,High,0.0112797009766693,SGO,8,1000,27,18000027,-1.3705061496284003,-1.3598958079392816,0.007741914687501167,False,0.4223748116098451,1000,True,13.892409042455256
flight,6,High,0.0112797009766693,SGO,8,1000,28,18000028,-1.3705061496284003,-1.3697558902137188,0.0005474323591214588,False,0.08773955109020817,1000,True,13.135487970430404
flight,6,High,0.0112797009766693,SGO,8,1000,29,18000029,-1.3705061496284003,-1.3680142440993204,0.0018182373933569138,False,0.17617218984732544,1000,True,13.401673000771552
flight,6,High,0.0112797009766693,SGO,8,2000,0,18000000,-1.3705061496284003,-1.3703258637667266,0.00013154691916020765,False,0.05541704754309763,2000,True,27.15270599583164
flight,6,High,0.0112797009766693,SGO,8,2000,1,18000001,-1.3705061496284003,-1.3652933877635312,0.003803530444779527,False,0.29893476086863424,2000,True,27.212009008508176
flight,6,High,0.0112797009766693,SGO,8,2000,2,18000002,-1.3705061496284003,-1.3519336318384572,0.013551575667850113,False,0.6020201883532814,2000,True,26.623487006872892
flight,6,High,0.0112797009766693,SGO,8,2000,3,18000003,-1.3705061496284003,-1.3687214027728716,0.0013022538103989389,False,0.1673718917405112,2000,True,26.852839975617826
flight,6,High,0.0112797009766693,SGO,8,2000,4,18000004,-1.3705061496284003,-1.3683526711588743,0.0015713015735901413,False,0.16075542645147145,2000,True,26.399591006338596
flight,6,High,0.0112797009766693,SGO,8,2000,5,18000005,-1.3705061496284003,-1.353547454200286,0.01237403818487967,False,0.43465230513270847,2000,True,26.53853700030595
flight,6,High,0.0112797009766693,SGO,8,2000,6,18000006,-1.3705061496284003,-1.3700698786086292,0.00031832839268139255,False,0.0803730670325329,2000,True,26.607865002006292
flight,6,High,0.0112797009766693,SGO,8,2000,7,18000007,-1.3705061496284003,-1.37013312085194,0.0002721832197261031,False,0.07073853665985563,2000,True,26.558295008726418
flight,6,High,0.0112797009766693,SGO,8,2000,8,18000008,-1.3705061496284003,-1.370208755716684,0.00021699567841923493,False,0.06792606015512444,2000,True,27.444178005680442
flight,6,High,0.0112797009766693,SGO,8,2000,9,18000009,-1.3705061496284003,-1.2351375020347775,0.0987727400058196,False,1.9602997661728077,2000,True,26.823996973689646
flight,6,High,0.0112797009766693,SGO,8,2000,10,18000010,-1.3705061496284003,-1.3690668981763547,0.0010501605209402652,False,0.1411267552480619,2000,True,26.595300994813442
flight,6,High,0.0112797009766693,SGO,8,2000,11,18000011,-1.3705061496284003,-1.0539813780009473,0.23095465256633524,False,3.4074313301745858,2000,True,26.615409005898982
flight,6,High,0.0112797009766693,SGO,8,2000,12,18000012,-1.3705061496284003,-1.3704664536463627,2.896446838158504e-05,True,0.020600793285219538,2000,True,26.922390970867127
flight,6,High,0.0112797009766693,SGO,8,2000,13,18000013,-1.3705061496284003,-1.0068911883887917,0.26531435947091475,False,3.734248711668752,2000,True,26.559833029750735
flight,6,High,0.0112797009766693,SGO,8,2000,14,18000014,-1.3705061496284003,-1.3355603798405151,0.0254984407018972,False,0.863537165501719,2000,True,26.576901029329747
flight,6,High,0.0112797009766693,SGO,8,2000,15,18000015,-1.3705061496284003,-1.3695288875984226,0.0007130665048403443,False,0.12348875442944858,2000,True,27.022383990697563
flight,6,High,0.0112797009766693,SGO,8,2000,16,18000016,-1.3705061496284003,-1.3673453560413655,0.0023062965371529517,False,0.2201838197694401,2000,True,26.97396301664412
flight,6,High,0.0112797009766693,SGO,8,2000,17,18000017,-1.3705061496284003,-1.328950184389444,0.030321618950942927,False,0.6426557181929291,2000,True,26.513057004194707
flight,6,High,0.0112797009766693,SGO,8,2000,18,18000018,-1.3705061496284003,-1.3701944479118888,0.00022743547454787363,False,0.07215683919827706,2000,True,27.159106044564396
flight,6,High,0.0112797009766693,SGO,8,2000,19,18000019,-1.3705061496284003,-1.3701779401448808,0.00023948048945896143,False,0.07207946339221098,2000,True,26.81323600700125
flight,6,High,0.0112797009766693,SGO,8,2000,20,18000020,-1.3705061496284003,-1.27252880647823,0.07148989676313082,False,1.5859757846645295,2000,True,26.191652985289693
flight,6,High,0.0112797009766693,SGO,8,2000,21,18000021,-1.3705061496284003,-1.3662456174089543,0.003108729005412492,False,0.265350741108229,2000,True,25.998744007665664
flight,6,High,0.0112797009766693,SGO,8,2000,22,18000022,-1.3705061496284003,-1.3704564418935423,3.626961825125374e-05,True,0.019593141177125798,2000,True,26.5955239883624
flight,6,High,0.0112797009766693,SGO,8,2000,23,18000023,-1.3705061496284003,-1.3702091468867261,0.00021671025829015226,False,0.06655924430417233,2000,True,26.037078991066664
flight,6,High,0.0112797009766693,SGO,8,2000,24,18000024,-1.3705061496284003,-1.3702998629539607,0.00015051860547696442,False,0.053663615086101374,2000,True,26.657089998479933
flight,6,High,0.0112797009766693,SGO,8,2000,25,18000025,-1.3705061496284003,-1.3696965558615957,0.0005907261102215311,False,0.10677150251299419,2000,True,26.42563101835549
flight,6,High,0.0112797009766693,SGO,8,2000,26,18000026,-1.3705061496284003,-1.3665466115015277,0.0028891064282683112,False,0.2821123939926798,2000,True,26.075746049173176
flight,6,High,0.0112797009766693,SGO,8,2000,27,18000027,-1.3705061496284003,-1.3598958079392816,0.007741914687501167,False,0.4223748116098451,2000,True,26.04939101729542
flight,6,High,0.0112797009766693,SGO,8,2000,28,18000028,-1.3705061496284003,-1.3697729484579981,0.0005349856843772715,False,0.09494258137303568,2000,True,26.30680799484253
flight,6,High,0.0112797009766693,SGO,8,2000,29,18000029,-1.3705061496284003,-1.3680142440993204,0.0018182373933569138,False,0.17617218984732544,2000,True,26.44285000860691
flight,6,High,0.0112797009766693,SGO,8,5000,0,18000000,-1.3705061496284003,-1.3703262325838548,0.00013127780900096372,False,0.05387472876472295,5000,True,66.40684301964939
flight,6,High,0.0112797009766693,SGO,8,5000,1,18000001,-1.3705061496284003,-1.3652933877635312,0.003803530444779527,False,0.29893476086863424,5000,True,67.15602101758122
flight,6,High,0.0112797009766693,SGO,8,5000,2,18000002,-1.3705061496284003,-1.3519356976056358,0.01355006836547193,False,0.5976800804855403,5000,True,66.58311904175207
flight,6,High,0.0112797009766693,SGO,8,5000,3,18000003,-1.3705061496284003,-1.3687214027728716,0.0013022538103989389,False,0.1673718917405112,5000,True,65.80928398761898
flight,6,High,0.0112797009766693,SGO,8,5000,4,18000004,-1.3705061496284003,-1.3683567366172946,0.0015683351816323547,False,0.17325712306184135,5000,True,65.39402296766639
flight,6,High,0.0112797009766693,SGO,8,5000,5,18000005,-1.3705061496284003,-1.3535485602001445,0.012373231183861348,False,0.43784504414588593,5000,True,65.83580398000777
flight,6,High,0.0112797009766693,SGO,8,5000,6,18000006,-1.3705061496284003,-1.370070042142362,0.0003182090690776116,False,0.07740934133843758,5000,True,66.75224401988089
flight,6,High,0.0112797009766693,SGO,8,5000,7,18000007,-1.3705061496284003,-1.370134035772528,0.00027151564111785987,False,0.07324095707117978,5000,True,64.77751804050058
flight,6,High,0.0112797009766693,SGO,8,5000,8,18000008,-1.3705061496284003,-1.370208755716684,0.00021699567841923493,False,0.06792606015512444,5000,True,65.9328640322201
flight,6,High,0.0112797009766693,SGO,8,5000,9,18000009,-1.3705061496284003,-1.2351375020347775,0.0987727400058196,False,1.9602997661728077,5000,True,66.53963204007596
flight,6,High,0.0112797009766693,SGO,8,5000,10,18000010,-1.3705061496284003,-1.369071621112189,0.00104671439569998,False,0.14975159012446054,5000,True,67.65567901311442
flight,6,High,0.0112797009766693,SGO,8,5000,11,18000011,-1.3705061496284003,-1.0539813780009473,0.23095465256633524,False,3.4074313301745858,5000,True,66.42610498238355
flight,6,High,0.0112797009766693,SGO,8,5000,12,18000012,-1.3705061496284003,-1.3704664536463627,2.896446838158504e-05,True,0.020600793285219538,5000,True,67.64339102664962
flight,6,High,0.0112797009766693,SGO,8,5000,13,18000013,-1.3705061496284003,-1.0069013921294836,0.2653069142356674,False,3.7424674360760948,5000,True,66.97180203627795
flight,6,High,0.0112797009766693,SGO,8,5000,14,18000014,-1.3705061496284003,-1.335564159123807,0.02549568311974925,False,0.8506493093272046,5000,True,66.42374995863065
flight,6,High,0.0112797009766693,SGO,8,5000,15,18000015,-1.3705061496284003,-1.3695288875984226,0.0007130665048403443,False,0.12348875442944858,5000,True,66.76782702561468
flight,6,High,0.0112797009766693,SGO,8,5000,16,18000016,-1.3705061496284003,-1.3673477332211874,0.002304562010224691,False,0.22533327896228122,5000,True,67.18261598143727
flight,6,High,0.0112797009766693,SGO,8,5000,17,18000017,-1.3705061496284003,-1.328950184389444,0.030321618950942927,False,0.6426557181929291,5000,True,66.12110801506788
flight,6,High,0.0112797009766693,SGO,8,5000,18,18000018,-1.3705061496284003,-1.3701945179457768,0.00022738437380086774,False,0.07192518053383162,5000,True,66.19920901721343
flight,6,High,0.0112797009766693,SGO,8,5000,19,18000019,-1.3705061496284003,-1.3701779401448808,0.00023948048945896143,False,0.07207946339221098,5000,True,66.4718039915897
flight,6,High,0.0112797009766693,SGO,8,5000,20,18000020,-1.3705061496284003,-1.2725296487322475,0.07148928220622595,False,1.5897883538882236,5000,True,67.3407280119136
flight,6,High,0.0112797009766693,SGO,8,5000,21,18000021,-1.3705061496284003,-1.3662456174089543,0.003108729005412492,False,0.265350741108229,5000,True,67.32701504370198
flight,6,High,0.0112797009766693,SGO,8,5000,22,18000022,-1.3705061496284003,-1.3704644294235298,3.0441457619070037e-05,True,0.022952071684715258,5000,True,67.05734296701849
flight,6,High,0.0112797009766693,SGO,8,5000,23,18000023,-1.3705061496284003,-1.3702091468867261,0.00021671025829015226,False,0.06655924430417233,5000,True,66.03261601412669
flight,6,High,0.0112797009766693,SGO,8,5000,24,18000024,-1.3705061496284003,-1.3702998629539607,0.00015051860547696442,False,0.053663615086101374,5000,True,66.79371203063056
flight,6,High,0.0112797009766693,SGO,8,5000,25,18000025,-1.3705061496284003,-1.3696965558615957,0.0005907261102215311,False,0.10677150251299419,5000,True,66.49600900709629
flight,6,High,0.0112797009766693,SGO,8,5000,26,18000026,-1.3705061496284003,-1.3665776654528656,0.0028664476818289933,False,0.2539621181029563,5000,True,67.0788399875164
flight,6,High,0.0112797009766693,SGO,8,5000,27,18000027,-1.3705061496284003,-1.3599041334043236,0.007735839950044284,False,0.43477051000766226,5000,True,66.77172594936565
flight,6,High,0.0112797009766693,SGO,8,5000,28,18000028,-1.3705061496284003,-1.3697800072203599,0.0005298352059473517,False,0.10421997999931337,5000,True,67.59441801114008
flight,6,High,0.0112797009766693,SGO,8,5000,29,18000029,-1.3705061496284003,-1.3680161450153938,0.0018168503758131005,False,0.1828429160995922,5000,True,65.76157599920407
flight,6,High,0.0112797009766693,GWO,30,250,0,18001000,-1.3705061496284003,-1.3701779351475531,0.0002394841357962392,False,0.08047853877167159,250,True,3.127011004835367
flight,6,High,0.0112797009766693,GWO,30,250,1,18001001,-1.3705061496284003,-1.3661054413759106,0.0032110094899486124,False,0.49452143841336094,250,True,3.1696080113761127
flight,6,High,0.0112797009766693,GWO,30,250,2,18001002,-1.3705061496284003,-1.3673848978484786,0.002277444563651194,False,0.3561323591868187,250,True,3.036169975530356
flight,6,High,0.0112797009766693,GWO,30,250,3,18001003,-1.3705061496284003,-1.3704322487141014,5.392235147501345e-05,True,0.034254690189371925,250,True,3.056496032513678
flight,6,High,0.0112797009766693,GWO,30,250,4,18001004,-1.3705061496284003,-1.370048320718292,0.000334058267620613,False,0.059412492072590216,250,True,3.1226830324158072
flight,6,High,0.0112797009766693,GWO,30,250,5,18001005,-1.3705061496284003,-1.3691706963574848,0.0009744234064747901,False,0.19904087712260973,250,True,3.1283279531635344
flight,6,High,0.0112797009766693,GWO,30,250,6,18001006,-1.3705061496284003,-1.3695201525971261,0.0007194400634696643,False,0.2270313058751488,250,True,3.2429550192318857
flight,6,High,0.0112797009766693,GWO,30,250,7,18001007,-1.3705061496284003,-1.3696338095734204,0.0006365094058253318,False,0.10374964516162039,250,True,3.179962979629636
flight,6,High,0.0112797009766693,GWO,30,250,8,18001008,-1.3705061496284003,-1.369958291194912,0.00039974897860685637,False,0.14246949103690792,250,True,3.149486961774528
flight,6,High,0.0112797009766693,GWO,30,250,9,18001009,-1.3705061496284003,-1.36933977512205,0.0008510538290299736,False,0.1265208721212987,250,True,3.1254259520210326
flight,6,High,0.0112797009766693,GWO,30,250,10,18001010,-1.3705061496284003,-1.3666091298884209,0.0028434894225291205,False,0.18458734996872772,250,True,3.091446007601917
flight,6,High,0.0112797009766693,GWO,30,250,11,18001011,-1.3705061496284003,-1.3679117567497796,0.0018930180498089538,False,0.32071874672685213,250,True,3.151818993501365
flight,6,High,0.0112797009766693,GWO,30,250,12,18001012,-1.3705061496284003,-1.3702773601741975,0.0001669379260099107,False,0.09448746702648451,250,True,3.1170599977485836
flight,6,High,0.0112797009766693,GWO,30,250,13,18001013,-1.3705061496284003,-1.3694536001286886,0.0007680005667958326,False,0.11493865066068075,250,True,3.1557409674860537
flight,6,High,0.0112797009766693,GWO,30,250,14,18001014,-1.3705061496284003,-1.3704246234738136,5.94861647347524e-05,True,0.05790501016846851,250,True,3.143205016385764
flight,6,High,0.0112797009766693,GWO,30,250,15,18001015,-1.3705061496284003,-1.370253036835086,0.0001846856312048888,False,0.10509219718850622,250,True,3.126853029243648
flight,6,High,0.0112797009766693,GWO,30,250,16,18001016,-1.3705061496284003,-1.3693823659062234,0.0008199771467509445,False,0.19080616021238858,250,True,3.1167559791356325
flight,6,High,0.0112797009766693,GWO,30,250,17,18001017,-1.3705061496284003,-1.3693575777629556,0.0008380639997537606,False,0.2241669811944057,250,True,3.143406007438898
flight,6,High,0.0112797009766693,GWO,30,250,18,18001018,-1.3705061496284003,-1.369677216735902,0.0006048370470451155,False,0.11709929026329119,250,True,3.109552024397999
flight,6,High,0.0112797009766693,GWO,30,250,19,18001019,-1.3705061496284003,-1.369713411338191,0.0005784273864252703,False,0.07952943336907067,250,True,3.111122001428157
flight,6,High,0.0112797009766693,GWO,30,250,20,18001020,-1.3705061496284003,-1.370317655208725,0.00013753635452594393,False,0.08424497410133179,250,True,3.1291019986383617
flight,6,High,0.0112797009766693,GWO,30,250,21,18001021,-1.3705061496284003,-1.3697476258195054,0.00055346253579426,False,0.13397805142904443,250,True,3.157875034958124
flight,6,High,0.0112797009766693,GWO,30,250,22,18001022,-1.3705061496284003,-1.3702927131518814,0.00015573551171355047,False,0.07887457750136392,250,True,3.1105660018511117
flight,6,High,0.0112797009766693,GWO,30,250,23,18001023,-1.3705061496284003,-1.3698258599325255,0.0004963784336606679,False,0.13260480020263016,250,True,3.1049249810166657
flight,6,High,0.0112797009766693,GWO,30,250,24,18001024,-1.3705061496284003,-1.3701874478450118,0.00023254312538106158,False,0.0861675627719004,250,True,3.125910006929189
flight,6,High,0.0112797009766693,GWO,30,250,25,18001025,-1.3705061496284003,-1.3666395172230223,0.002821317077946998,False,0.17307381569353833,250,True,3.1011850223876536
flight,6,High,0.0112797009766693,GWO,30,250,26,18001026,-1.3705061496284003,-1.3703872690616539,8.674208924834398e-05,True,0.044996507035482546,250,True,3.168708994053304
flight,6,High,0.0112797009766693,GWO,30,250,27,18001027,-1.3705061496284003,-1.3702355791554048,0.00019742375695932794,False,0.05219852966215022,250,True,3.2168360194191337
flight,6,High,0.0112797009766693,GWO,30,250,28,18001028,-1.3705061496284003,-1.3691263370458073,0.0010067905079938042,False,0.19811184439976082,250,True,3.158693027216941
flight,6,High,0.0112797009766693,GWO,30,250,29,18001029,-1.3705061496284003,-1.3700971559602997,0.0002984252702635076,False,0.15045831177487207,250,True,3.109777986537665
flight,6,High,0.0112797009766693,GWO,30,500,0,18001000,-1.3705061496284003,-1.369494999793514,0.00073779299360352,False,0.23273773539996026,500,True,6.486115045845509
flight,6,High,0.0112797009766693,GWO,30,500,1,18001001,-1.3705061496284003,-1.3697060518480038,0.0005837972931486073,False,0.1921850300451082,500,True,6.502046016976237
flight,6,High,0.0112797009766693,GWO,30,500,2,18001002,-1.3705061496284003,-1.370233991363721,0.00019858230096465087,False,0.12290586583585318,500,True,6.624186004046351
flight,6,High,0.0112797009766693,GWO,30,500,3,18001003,-1.3705061496284003,-1.3703897504848348,8.49315003782348e-05,True,0.0802287740595954,500,True,6.565609015524387
flight,6,High,0.0112797009766693,GWO,30,500,4,18001004,-1.3705061496284003,-1.370349022871245,0.00011464870639070448,False,0.03869866687082908,500,True,6.538751011248678
flight,6,High,0.0112797009766693,GWO,30,500,5,18001005,-1.3705061496284003,-1.3703009382327034,0.00014973402034905079,False,0.051913351717854446,500,True,6.529550999403
flight,6,High,0.0112797009766693,GWO,30,500,6,18001006,-1.3705061496284003,-1.3698923675556656,0.0004478506520391689,False,0.1364734505282106,500,True,6.506062985863537
flight,6,High,0.0112797009766693,GWO,30,500,7,18001007,-1.3705061496284003,-1.3704660329827067,2.9271408745204013e-05,True,0.020602060020200177,500,True,6.507641985081136
flight,6,High,0.0112797009766693,GWO,30,500,8,18001008,-1.3705061496284003,-1.3699028771171708,0.00044018227236197575,False,0.165502089329393,500,True,6.563101022038609
flight,6,High,0.0112797009766693,GWO,30,500,9,18001009,-1.3705061496284003,-1.370214921228804,0.00021249696666837434,False,0.05220715516408098,500,True,6.480908021330833
flight,6,High,0.0112797009766693,GWO,30,500,10,18001010,-1.3705061496284003,-1.370275890050883,0.00016801061241488474,False,0.11310505426001786,500,True,6.51739799650386
flight,6,High,0.0112797009766693,GWO,30,500,11,18001011,-1.3705061496284003,-1.3703834976939027,8.94938957632047e-05,True,0.05757610712041177,500,True,6.480343989096582
flight,6,High,0.0112797009766693,GWO,30,500,12,18001012,-1.3705061496284003,-1.370263150488014,0.0001773061291641534,False,0.04813579097542724,500,True,6.518064008560032
flight,6,High,0.0112797009766693,GWO,30,500,13,18001013,-1.3705061496284003,-1.3699184224686256,0.000428839491113621,False,0.06735873147380965,500,True,6.513627013191581
flight,6,High,0.0112797009766693,GWO,30,500,14,18001014,-1.3705061496284003,-1.3702864804522532,0.00016028324732923784,False,0.052784521905731664,500,True,6.730346009135246
flight,6,High,0.0112797009766693,GWO,30,500,15,18001015,-1.3705061496284003,-1.3700849094748215,0.00030736100942926886,False,0.14048718275594455,500,True,6.623736990150064
flight,6,High,0.0112797009766693,GWO,30,500,16,18001016,-1.3705061496284003,-1.3705005440955276,4.090118730430679e-06,True,0.015853514885362907,500,True,6.691784015856683
flight,6,High,0.0112797009766693,GWO,30,500,17,18001017,-1.3705061496284003,-1.3702779792476758,0.00016648621444449645,False,0.048047487111454734,500,True,6.654724013060331
flight,6,High,0.0112797009766693,GWO,30,500,18,18001018,-1.3705061496284003,-1.3700353770578209,0.00034350270570265314,False,0.09788237311540311,500,True,6.599407992325723
flight,6,High,0.0112797009766693,GWO,30,500,19,18001019,-1.3705061496284003,-1.3698222392166297,0.0004990203159293106,False,0.08431513306254673,500,True,6.495248002465814
flight,6,High,0.0112797009766693,GWO,30,500,20,18001020,-1.3705061496284003,-1.3704925499054095,9.92313897646653e-06,True,0.015578362996444014,500,True,6.547821976710111
flight,6,High,0.0112797009766693,GWO,30,500,21,18001021,-1.3705061496284003,-1.3697989666199089,0.0005160013391280523,False,0.1289977298429287,500,True,6.55478797852993
flight,6,High,0.0112797009766693,GWO,30,500,22,18001022,-1.3705061496284003,-1.3702102515048522,0.0002159042654630647,False,0.12216247758625047,500,True,6.743693957105279
flight,6,High,0.0112797009766693,GWO,30,500,23,18001023,-1.3705061496284003,-1.3702377683139981,0.00019582642111819762,False,0.1180013876930559,500,True,6.585670984350145
flight,6,High,0.0112797009766693,GWO,30,500,24,18001024,-1.3705061496284003,-1.3704926015727774,9.885439497369986e-06,True,0.01079504168706106,500,True,6.553992978297174
flight,6,High,0.0112797009766693,GWO,30,500,25,18001025,-1.3705061496284003,-1.3701524049667844,0.00025811242197774003,False,0.09953687965458256,500,True,6.524379015900195
flight,6,High,0.0112797009766693,GWO,30,500,26,18001026,-1.3705061496284003,-1.369863957290209,0.00046858041342282887,False,0.1796064642543757,500,True,6.503955053631216
flight,6,High,0.0112797009766693,GWO,30,500,27,18001027,-1.3705061496284003,-1.3701007283601099,0.00029581864218587305,False,0.14440499895941702,500,True,6.569004035554826
flight,6,High,0.0112797009766693,GWO,30,500,28,18001028,-1.3705061496284003,-1.369873836517463,0.00046137196181776456,False,0.18598432446733323,500,True,6.461858982220292
flight,6,High,0.0112797009766693,GWO,30,500,29,18001029,-1.3705061496284003,-1.3704607995211262,3.309004289140171e-05,True,0.026522057592840403,500,True,6.469338026363403
flight,6,High,0.0112797009766693,GWO,30,1000,0,18001000,-1.3705061496284003,-1.370484812636199,1.5568694972357e-05,True,0.03427349375483402,1000,True,13.282218016684055
flight,6,High,0.0112797009766693,GWO,30,1000,1,18001001,-1.3705061496284003,-1.3702796365544754,0.0001652769482182753,False,0.08831702715742676,1000,True,13.355733011849225
flight,6,High,0.0112797009766693,GWO,30,1000,2,18001002,-1.3705061496284003,-1.3704932679434942,9.399217150239838e-06,True,0.026579297409006483,1000,True,13.310876034665853
flight,6,High,0.0112797009766693,GWO,30,1000,3,18001003,-1.3705061496284003,-1.3702073433320239,0.00021802623538572387,False,0.05791359545867851,1000,True,13.274797005578876
flight,6,High,0.0112797009766693,GWO,30,1000,4,18001004,-1.3705061496284003,-1.3704510036788746,4.0237652009563617e-05,True,0.03955015708922469,1000,True,13.447323988657445
flight,6,High,0.0112797009766693,GWO,30,1000,5,18001005,-1.3705061496284003,-1.3705048097213255,9.776731576228755e-07,True,0.004077666229538852,1000,True,13.446539000142366
flight,6,High,0.0112797009766693,GWO,30,1000,6,18001006,-1.3705061496284003,-1.3703525926715896,0.00011204397503241877,False,0.03781998369651512,1000,True,13.261015992611647
flight,6,High,0.0112797009766693,GWO,30,1000,7,18001007,-1.3705061496284003,-1.3702530080979765,0.00018470659945051736,False,0.10763113548792229,1000,True,13.20979802403599
flight,6,High,0.0112797009766693,GWO,30,1000,8,18001008,-1.3705061496284003,-1.3703697949285862,9.949222033850196e-05,True,0.038438152245618126,1000,True,13.258022023364902
flight,6,High,0.0112797009766693,GWO,30,1000,9,18001009,-1.3705061496284003,-1.370401265680952,7.65293519307953e-05,True,0.07374345690820715,1000,True,13.278766011353582
flight,6,High,0.0112797009766693,GWO,30,1000,10,18001010,-1.3705061496284003,-1.370311920443205,0.0001417207688181167,False,0.10390399969491788,1000,True,13.256736972834915
flight,6,High,0.0112797009766693,GWO,30,1000,11,18001011,-1.3705061496284003,-1.3703818503494938,9.069589285700138e-05,True,0.05214902425697958,1000,True,13.25745100621134
flight,6,High,0.0112797009766693,GWO,30,1000,12,18001012,-1.3705061496284003,-1.370469708902253,2.6589246722577965e-05,True,0.02954583120774493,1000,True,13.445207965560257
flight,6,High,0.0112797009766693,GWO,30,1000,13,18001013,-1.3705061496284003,-1.370498198008975,5.8019582236142415e-06,True,0.016421210248801336,1000,True,13.377483002841473
flight,6,High,0.0112797009766693,GWO,30,1000,14,18001014,-1.3705061496284003,-1.3703897537181418,8.492914117177929e-05,True,0.054441624050837724,1000,True,13.296185003127903
flight,6,High,0.0112797009766693,GWO,30,1000,15,18001015,-1.3705061496284003,-1.3704615639559607,3.2532267331802094e-05,True,0.047674967068548665,1000,True,13.254339981358498
flight,6,High,0.0112797009766693,GWO,30,1000,16,18001016,-1.3705061496284003,-1.3704523343527333,3.926671593677186e-05,True,0.02696469292656292,1000,True,13.255219964776188
flight,6,High,0.0112797009766693,GWO,30,1000,17,18001017,-1.3705061496284003,-1.3704274252036295,5.744186174735881e-05,True,0.0496623477484998,1000,True,13.23474501259625
flight,6,High,0.0112797009766693,GWO,30,1000,18,18001018,-1.3705061496284003,-1.3704651429140196,2.992085397931664e-05,True,0.025386473820164707,1000,True,13.296596996951848
flight,6,High,0.0112797009766693,GWO,30,1000,19,18001019,-1.3705061496284003,-1.3704950330620997,8.111285238383906e-06,True,0.012146749807843395,1000,True,13.256053032819182
flight,6,High,0.0112797009766693,GWO,30,1000,20,18001020,-1.3705061496284003,-1.3704940097297629,8.857967285120142e-06,True,0.024662517810815455,1000,True,13.353932008612901
flight,6,High,0.0112797009766693,GWO,30,1000,21,18001021,-1.3705061496284003,-1.370461850109539,3.2323473246314934e-05,True,0.02960255405990161,1000,True,13.482849986758083
flight,6,High,0.0112797009766693,GWO,30,1000,22,18001022,-1.3705061496284003,-1.3703940544488453,8.179108104360552e-05,True,0.042788610335075944,1000,True,13.573000964242965
flight,6,High,0.0112797009766693,GWO,30,1000,23,18001023,-1.3705061496284003,-1.3703855997959717,8.796008136211704e-05,True,0.06180125686155965,1000,True,13.407805992756039
flight,6,High,0.0112797009766693,GWO,30,1000,24,18001024,-1.3705061496284003,-1.3704880916931341,1.317610670416168e-05,True,0.03168549464741095,1000,True,13.466725999023765
flight,6,High,0.0112797009766693,GWO,30,1000,25,18001025,-1.3705061496284003,-1.3704310007960665,5.4832904145825056e-05,True,0.05591384494632733,1000,True,13.424825039692223
flight,6,High,0.0112797009766693,GWO,30,1000,26,18001026,-1.3705061496284003,-1.3704123125886074,6.846889364077298e-05,True,0.050357589148864776,1000,True,13.259779021609575
flight,6,High,0.0112797009766693,GWO,30,1000,27,18001027,-1.3705061496284003,-1.370258567740315,0.0001806499650895468,False,0.0582135525464961,1000,True,17.436802037991583
flight,6,High,0.0112797009766693,GWO,30,1000,28,18001028,-1.3705061496284003,-1.3704809260151396,1.8404596920325948e-05,True,0.02712480219941653,1000,True,13.725183031056076
flight,6,High,0.0112797009766693,GWO,30,1000,29,18001029,-1.3705061496284003,-1.370475888517183,2.208024475154237e-05,True,0.036420401919351635,1000,True,13.815318990964442
flight,6,High,0.0112797009766693,GWO,30,2000,0,18001000,-1.3705061496284003,-1.3704962135024559,7.2499681575010315e-06,True,0.0209203343150736,2000,True,27.48646098189056
flight,6,High,0.0112797009766693,GWO,30,2000,1,18001001,-1.3705061496284003,-1.3704931006534826,9.52128155080203e-06,True,0.013707532760213557,2000,True,26.758574007544667
flight,6,High,0.0112797009766693,GWO,30,2000,2,18001002,-1.3705061496284003,-1.370498389226181,5.662435167755623e-06,True,0.011800638329407812,2000,True,26.99580497574061
flight,6,High,0.0112797009766693,GWO,30,2000,3,18001003,-1.3705061496284003,-1.370496843240249,6.790475295543529e-06,True,0.010483874357531857,2000,True,27.16811903519556
flight,6,High,0.0112797009766693,GWO,30,2000,4,18001004,-1.3705061496284003,-1.3704862776373241,1.4499746011073228e-05,True,0.033197792551691495,2000,True,27.102774009108543
flight,6,High,0.0112797009766693,GWO,30,2000,5,18001005,-1.3705061496284003,-1.3704971716348728,6.55085971700157e-06,True,0.00831991896078688,2000,True,26.99637203477323
flight,6,High,0.0112797009766693,GWO,30,2000,6,18001006,-1.3705061496284003,-1.3705044347271933,1.2512904137675057e-06,True,0.005417974196984733,2000,True,27.34679204877466
flight,6,High,0.0112797009766693,GWO,30,2000,7,18001007,-1.3705061496284003,-1.3704965920557686,6.97375391884243e-06,True,0.008568292632674616,2000,True,27.49917103210464
flight,6,High,0.0112797009766693,GWO,30,2000,8,18001008,-1.3705061496284003,-1.3704673401730152,2.831760761939655e-05,True,0.040335054362905215,2000,True,27.36188896233216
flight,6,High,0.0112797009766693,GWO,30,2000,9,18001009,-1.3705061496284003,-1.3704739747130215,2.3476666184681953e-05,True,0.02095658986877359,2000,True,27.12487702956423
flight,6,High,0.0112797009766693,GWO,30,2000,10,18001010,-1.3705061496284003,-1.3704783182750964,2.0307353828015695e-05,True,0.0212506731948145,2000,True,26.8530499888584
flight,6,High,0.0112797009766693,GWO,30,2000,11,18001011,-1.3705061496284003,-1.3705051136546025,7.559059827196994e-07,True,0.0067790217233602845,2000,True,27.018085995223373
flight,6,High,0.0112797009766693,GWO,30,2000,12,18001012,-1.3705061496284003,-1.370473501577489,2.3821893043137688e-05,True,0.015850669737607483,2000,True,26.842729013878852
flight,6,High,0.0112797009766693,GWO,30,2000,13,18001013,-1.3705061496284003,-1.3705012660285052,3.563354966680582e-06,True,0.014767477239042391,2000,True,26.72403200995177
flight,6,High,0.0112797009766693,GWO,30,2000,14,18001014,-1.3705061496284003,-1.3704927673553469,9.764475013193791e-06,True,0.0249827130532524,2000,True,26.82335302233696
flight,6,High,0.0112797009766693,GWO,30,2000,15,18001015,-1.3705061496284003,-1.3704821680071344,1.7498368228727923e-05,True,0.022445217657522835,2000,True,26.80873399367556
flight,6,High,0.0112797009766693,GWO,30,2000,16,18001016,-1.3705061496284003,-1.3704996784558543,4.721739152936673e-06,True,0.01896894670755499,2000,True,27.016506996005774
flight,6,High,0.0112797009766693,GWO,30,2000,17,18001017,-1.3705061496284003,-1.3705034959404734,1.9362831226085864e-06,True,0.011472674965696164,2000,True,26.672234991565347
flight,6,High,0.0112797009766693,GWO,30,2000,18,18001018,-1.3705061496284003,-1.370491158904613,1.093809304794144e-05,True,0.012777123340851987,2000,True,26.746545976493508
flight,6,High,0.0112797009766693,GWO,30,2000,19,18001019,-1.3705061496284003,-1.3705024845885767,2.6742235520972767e-06,True,0.005580451904379733,2000,True,26.846617984119803
flight,6,High,0.0112797009766693,GWO,30,2000,20,18001020,-1.3705061496284003,-1.3704936623024895,9.111470177820907e-06,True,0.015577326147309245,2000,True,26.83651598636061
flight,6,High,0.0112797009766693,GWO,30,2000,21,18001021,-1.3705061496284003,-1.3704217405232881,6.158973101659628e-05,True,0.06416988065062283,2000,True,26.942017022520304
flight,6,High,0.0112797009766693,GWO,30,2000,22,18001022,-1.3705061496284003,-1.3704868530122583,1.4079919413215236e-05,True,0.03204269169473187,2000,True,26.85905498219654
flight,6,High,0.0112797009766693,GWO,30,2000,23,18001023,-1.3705061496284003,-1.370498168947967,5.823162804164522e-06,True,0.018091884799071263,2000,True,26.73799602780491
flight,6,High,0.0112797009766693,GWO,30,2000,24,18001024,-1.3705061496284003,-1.3704616009335842,3.250528633400232e-05,True,0.04181784427365449,2000,True,26.882074947934598
flight,6,High,0.0112797009766693,GWO,30,2000,25,18001025,-1.3705061496284003,-1.3704893532290874,1.225561761799563e-05,True,0.027723197502268114,2000,True,27.322525973431766
flight,6,High,0.0112797009766693,GWO,30,2000,26,18001026,-1.3705061496284003,-1.3704337193771416,5.284927125524501e-05,True,0.035949137372305144,2000,True,27.565531025175005
flight,6,High,0.0112797009766693,GWO,30,2000,27,18001027,-1.3705061496284003,-1.3704978063427862,6.0877403698096495e-06,True,0.012140216922050698,2000,True,27.42764598224312
flight,6,High,0.0112797009766693,GWO,30,2000,28,18001028,-1.3705061496284003,-1.370482804585046,1.7033884423480247e-05,True,0.027094703748490417,2000,True,27.005421987269074
flight,6,High,0.0112797009766693,GWO,30,2000,29,18001029,-1.3705061496284003,-1.3705021507633803,2.9178015881865112e-06,True,0.013008080416588685,2000,True,27.01326902024448
flight,6,High,0.0112797009766693,GWO,30,5000,0,18001000,-1.3705061496284003,-1.370489855854959,1.1888872914422869e-05,True,0.01571474640211318,5000,True,67.91086803423241
flight,6,High,0.0112797009766693,GWO,30,5000,1,18001001,-1.3705061496284003,-1.3705058566104527,2.1380272373304365e-07,True,0.002016867163217576,5000,True,69.3441970506683
flight,6,High,0.0112797009766693,GWO,30,5000,2,18001002,-1.3705061496284003,-1.3705042917355192,1.3556253516995456e-06,True,0.006647303070083056,5000,True,68.77827597782016
flight,6,High,0.0112797009766693,GWO,30,5000,3,18001003,-1.3705061496284003,-1.3705053139305643,6.097731383913366e-07,True,0.005973638984995783,5000,True,67.52025004243478
flight,6,High,0.0112797009766693,GWO,30,5000,4,18001004,-1.3705061496284003,-1.370504929830758,8.900344174154748e-07,True,0.008234459604539366,5000,True,68.38513002730906
flight,6,High,0.0112797009766693,GWO,30,5000,5,18001005,-1.3705061496284003,-1.3705044618356845,1.2315105016256264e-06,True,0.00917097511108292,5000,True,68.5592379886657
flight,6,High,0.0112797009766693,GWO,30,5000,6,18001006,-1.3705061496284003,-1.3705039283223466,1.6207924746376714e-06,True,0.008959862417088746,5000,True,68.63763101864606
flight,6,High,0.0112797009766693,GWO,30,5000,7,18001007,-1.3705061496284003,-1.3705057265386316,3.087105949067496e-07,True,0.0026099394638348437,5000,True,67.94534903019667
flight,6,High,0.0112797009766693,GWO,30,5000,8,18001008,-1.3705061496284003,-1.370505634648644,3.7575880745502116e-07,True,0.005015746374631498,5000,True,67.4157880130224
flight,6,High,0.0112797009766693,GWO,30,5000,9,18001009,-1.3705061496284003,-1.3705029718166455,2.3187139698078057e-06,True,0.013227706029941274,5000,True,68.29123699571937
flight,6,High,0.0112797009766693,GWO,30,5000,10,18001010,-1.3705061496284003,-1.3705042709963724,1.3707578243629697e-06,True,0.007697521313450782,5000,True,68.19381704553962
flight,6,High,0.0112797009766693,GWO,30,5000,11,18001011,-1.3705061496284003,-1.3705019132064926,3.091136737234227e-06,True,0.015293421526645113,5000,True,67.7837620023638
flight,6,High,0.0112797009766693,GWO,30,5000,12,18001012,-1.3705061496284003,-1.370504344756086,1.3169385009763621e-06,True,0.004989518696980016,5000,True,68.77554598031566
flight,6,High,0.0112797009766693,GWO,30,5000,13,18001013,-1.3705061496284003,-1.3705054148150786,5.361620025891584e-07,True,0.005523570994115219,5000,True,68.46708402736112
flight,6,High,0.0112797009766693,GWO,30,5000,14,18001014,-1.3705061496284003,-1.3705033862064089,2.0163513985017797e-06,True,0.006428315962309433,5000,True,68.2479299721308
flight,6,High,0.0112797009766693,GWO,30,5000,15,18001015,-1.3705061496284003,-1.3705006297392466,4.0276281542090634e-06,True,0.01095196026789637,5000,True,69.15445299819112
flight,6,High,0.0112797009766693,GWO,30,5000,16,18001016,-1.3705061496284003,-1.3705035678311321,1.8838275690316568e-06,True,0.011942452693250704,5000,True,68.69076599832624
flight,6,High,0.0112797009766693,GWO,30,5000,17,18001017,-1.3705061496284003,-1.3704979850954793,5.957312138502309e-06,True,0.020939009906520364,5000,True,73.08928400743753
flight,6,High,0.0112797009766693,GWO,30,5000,18,18001018,-1.3705061496284003,-1.3705031632099556,2.179062418341705e-06,True,0.012560260980795407,5000,True,69.61518799653277
flight,6,High,0.0112797009766693,GWO,30,5000,19,18001019,-1.3705061496284003,-1.370503149418099,2.1891257489947256e-06,True,0.008729094137436373,5000,True,68.43013397883624
flight,6,High,0.0112797009766693,GWO,30,5000,20,18001020,-1.3705061496284003,-1.3705055374792756,4.46659159383921e-07,True,0.005704256295002427,5000,True,69.80195897631347
flight,6,High,0.0112797009766693,GWO,30,5000,21,18001021,-1.3705061496284003,-1.3705051899568015,7.002315160095335e-07,True,0.003209194399848407,5000,True,68.18964297417551
flight,6,High,0.0112797009766693,GWO,30,5000,22,18001022,-1.3705061496284003,-1.3705030074953943,2.2926807054886913e-06,True,0.007217134832965201,5000,True,68.98375501623377
flight,6,High,0.0112797009766693,GWO,30,5000,23,18001023,-1.3705061496284003,-1.3705010242083864,3.7398008139930462e-06,True,0.01659153058880293,5000,True,69.32408403372392
flight,6,High,0.0112797009766693,GWO,30,5000,24,18001024,-1.3705061496284003,-1.3705058466313422,2.210840558376744e-07,True,0.004089542905815524,5000,True,69.17083100415766
flight,6,High,0.0112797009766693,GWO,30,5000,25,18001025,-1.3705061496284003,-1.3705050114680162,8.304671850400935e-07,True,0.007646936014233086,5000,True,68.4222099953331
flight,6,High,0.0112797009766693,GWO,30,5000,26,18001026,-1.3705061496284003,-1.3704973429862082,6.425831941395147e-06,True,0.019387919155486998,5000,True,68.61866195686162
flight,6,High,0.0112797009766693,GWO,30,5000,27,18001027,-1.3705061496284003,-1.3704943587676228,8.603289215968364e-06,True,0.017805405420310488,5000,True,67.76054500369355
flight,6,High,0.0112797009766693,GWO,30,5000,28,18001028,-1.3705061496284003,-1.3705025973771725,2.5919265147385513e-06,True,0.013986069899440913,5000,True,68.11631401069462
flight,6,High,0.0112797009766693,GWO,30,5000,29,18001029,-1.3705061496284003,-1.3705051857168025,7.033252628122759e-07,True,0.006449289998441926,5000,True,67.21519900020212
flight,6,High,0.0112797009766693,PSO,30,250,0,18002000,-1.3705061496284003,-1.3595310165250165,0.008008087454667481,False,0.3861683017180875,250,True,1.0206500301137567
flight,6,High,0.0112797009766693,PSO,30,250,1,18002001,-1.3705061496284003,-1.3686526797709788,0.0013523980595957705,False,0.24956728236132514,250,True,0.9519300074316561
flight,6,High,0.0112797009766693,PSO,30,250,2,18002002,-1.3705061496284003,-1.3379389431042865,0.023762904334974425,False,0.9032134352482567,250,True,0.9785210131667554
flight,6,High,0.0112797009766693,PSO,30,250,3,18002003,-1.3705061496284003,-1.360677817860834,0.007171315335017734,False,0.6881962690730219,250,True,0.9468939970247447
flight,6,High,0.0112797009766693,PSO,30,250,4,18002004,-1.3705061496284003,-1.3704190324812597,6.356567401337375e-05,True,0.04462880866621048,250,True,0.9514140547253191
flight,6,High,0.0112797009766693,PSO,30,250,5,18002005,-1.3705061496284003,-1.3696461865667284,0.000627478440651346,False,0.15517058587733146,250,True,0.9561009937897325
flight,6,High,0.0112797009766693,PSO,30,250,6,18002006,-1.3705061496284003,-1.3671381889386365,0.0024574575536761003,False,0.4299397875366692,250,True,0.9486449998803437
flight,6,High,0.0112797009766693,PSO,30,250,7,18002007,-1.3705061496284003,-1.3682548145620794,0.0016427033668775161,False,0.3433357418156912,250,True,0.9626509854570031
flight,6,High,0.0112797009766693,PSO,30,250,8,18002008,-1.3705061496284003,-1.3526406669260678,0.013035682260292392,False,0.669354642726589,250,True,0.9594279690645635
flight,6,High,0.0112797009766693,PSO,30,250,9,18002009,-1.3705061496284003,-1.3675579375935443,0.0021511848273394816,False,0.17575202134990034,250,True,0.9500460000708699
flight,6,High,0.0112797009766693,PSO,30,250,10,18002010,-1.3705061496284003,-1.3627695729405158,0.005645050691660319,False,0.4072858545312972,250,True,0.943249964620918
flight,6,High,0.0112797009766693,PSO,30,250,11,18002011,-1.3705061496284003,-1.3677323731059092,0.002023906659042132,False,0.3926675154446319,250,True,0.9584039798937738
flight,6,High,0.0112797009766693,PSO,30,250,12,18002012,-1.3705061496284003,-1.3463872766179115,0.017598514984430005,False,0.96381204441072,250,True,0.9611840359866619
flight,6,High,0.0112797009766693,PSO,30,250,13,18002013,-1.3705061496284003,-1.3691352853361618,0.0010002613214178098,False,0.1317782803566977,250,True,0.972061010543257
flight,6,High,0.0112797009766693,PSO,30,250,14,18002014,-1.3705061496284003,-1.36247393047887,0.005860768411515847,False,0.35322791028785483,250,True,0.97673200070858
flight,6,High,0.0112797009766693,PSO,30,250,15,18002015,-1.3705061496284003,-1.3699825549915108,0.0003820447190488893,False,0.16422772393426055,250,True,0.9758329833857715
flight,6,High,0.0112797009766693,PSO,30,250,16,18002016,-1.3705061496284003,-1.3654137694650579,0.0037156930413797915,False,0.46218595936289897,250,True,0.9767410228960216
flight,6,High,0.0112797009766693,PSO,30,250,17,18002017,-1.3705061496284003,-1.3544342242338734,0.011726999837895439,False,0.3780444754225701,250,True,0.9704569820314646
flight,6,High,0.0112797009766693,PSO,30,250,18,18002018,-1.3705061496284003,-1.3689758542441082,0.001116591402896728,False,0.13583737788911168,250,True,0.9690650040283799
flight,6,High,0.0112797009766693,PSO,30,250,19,18002019,-1.3705061496284003,-1.3669420597948019,0.0026005646414390985,False,0.38677424188105786,250,True,0.9756849613040686
flight,6,High,0.0112797009766693,PSO,30,250,20,18002020,-1.3705061496284003,-1.3690240292446896,0.001081440155604281,False,0.13492595652199635,250,True,0.9802849963307381
flight,6,High,0.0112797009766693,PSO,30,250,21,18002021,-1.3705061496284003,-1.3672149117540684,0.0024014761810622525,False,0.1593931965222007,250,True,0.9761030087247491
flight,6,High,0.0112797009766693,PSO,30,250,22,18002022,-1.3705061496284003,-1.357502768605832,0.00948801362627523,False,0.38160180814154643,250,True,0.9778420208021998
flight,6,High,0.0112797009766693,PSO,30,250,23,18002023,-1.3705061496284003,-1.3665187536679295,0.002909433103639822,False,0.2530847351762346,250,True,0.9833269868977368
flight,6,High,0.0112797009766693,PSO,30,250,24,18002024,-1.3705061496284003,-1.3698218992156799,0.0004992684001498236,False,0.16311185272730608,250,True,0.972504960373044
flight,6,High,0.0112797009766693,PSO,30,250,25,18002025,-1.3705061496284003,-1.362262398928753,0.006015113979519573,False,0.42586154922163705,250,True,0.9700370137579739
flight,6,High,0.0112797009766693,PSO,30,250,26,18002026,-1.3705061496284003,-1.370081443940773,0.0003098896621095641,False,0.12150601157939084,250,True,0.9817479876801372
flight,6,High,0.0112797009766693,PSO,30,250,27,18002027,-1.3705061496284003,-1.3555167568335604,0.01093712187931746,False,0.6208686268476477,250,True,0.9748659795150161
flight,6,High,0.0112797009766693,PSO,30,250,28,18002028,-1.3705061496284003,-1.3703175340879632,0.0001376247311902131,False,0.0639822734352998,250,True,0.9789599571377039
flight,6,High,0.0112797009766693,PSO,30,250,29,18002029,-1.3705061496284003,-1.361977447594114,0.006223030839080019,False,0.6880837317829953,250,True,0.979494012426585
flight,6,High,0.0112797009766693,PSO,30,500,0,18002000,-1.3705061496284003,-1.3704049711588948,7.382562240450996e-05,True,0.03613859263941224,500,True,1.856361050158739
flight,6,High,0.0112797009766693,PSO,30,500,1,18002001,-1.3705061496284003,-1.3697948265222069,0.0005190221921925363,False,0.09016863594552804,500,True,1.8581970361992717
flight,6,High,0.0112797009766693,PSO,30,500,2,18002002,-1.3705061496284003,-1.3697018038096844,0.000586896905886926,False,0.1897287319793879,500,True,1.8560679745860398
flight,6,High,0.0112797009766693,PSO,30,500,3,18002003,-1.3705061496284003,-1.370052801666783,0.00033078871024420806,False,0.06701312071506739,500,True,1.860350021161139
flight,6,High,0.0112797009766693,PSO,30,500,4,18002004,-1.3705061496284003,-1.3691149215482,0.0010151199106823725,False,0.12490251458206057,500,True,1.8581579788587987
flight,6,High,0.0112797009766693,PSO,30,500,5,18002005,-1.3705061496284003,-1.3682246527507622,0.0016647111567187998,False,0.34590796898463505,500,True,1.846261031460017
flight,6,High,0.0112797009766693,PSO,30,500,6,18002006,-1.3705061496284003,-1.3702224794393976,0.00020698206212331553,False,0.056575890449519065,500,True,1.8426849856041372
flight,6,High,0.0112797009766693,PSO,30,500,7,18002007,-1.3705061496284003,-1.3694945203919362,0.0007381427925284637,False,0.1250383811250375,500,True,1.8602280179038644
flight,6,High,0.0112797009766693,PSO,30,500,8,18002008,-1.3705061496284003,-1.3703694453132476,9.974731976930299e-05,True,0.08373767319173331,500,True,1.8364330171607435
flight,6,High,0.0112797009766693,PSO,30,500,9,18002009,-1.3705061496284003,-1.368260369732989,0.0016386499951279582,False,0.3479421150198845,500,True,1.8564009806141257
flight,6,High,0.0112797009766693,PSO,30,500,10,18002010,-1.3705061496284003,-1.3687355046128986,0.0012919642979944451,False,0.2475571021556181,500,True,1.8216699827462435
flight,6,High,0.0112797009766693,PSO,30,500,11,18002011,-1.3705061496284003,-1.3691430078192657,0.0009946265542144872,False,0.1940199207056435,500,True,1.8088220385834575
flight,6,High,0.0112797009766693,PSO,30,500,12,18002012,-1.3705061496284003,-1.3693905546358287,0.0008140021793219363,False,0.14658390856556278,500,True,1.8125130445696414
flight,6,High,0.0112797009766693,PSO,30,500,13,18002013,-1.3705061496284003,-1.3698342038256985,0.0004902902499809963,False,0.14831634764717158,500,True,1.796115015167743
flight,6,High,0.0112797009766693,PSO,30,500,14,18002014,-1.3705061496284003,-1.370384600152343,8.868947876688897e-05,True,0.04521291771329687,500,True,1.8288330174982548
flight,6,High,0.0112797009766693,PSO,30,500,15,18002015,-1.3705061496284003,-1.369645312220423,0.000628116413932673,False,0.17251352875914808,500,True,1.83091004146263
flight,6,High,0.0112797009766693,PSO,30,500,16,18002016,-1.3705061496284003,-1.3692355798111928,0.0009270807121529705,False,0.10281432502606797,500,True,1.8409520271234214
flight,6,High,0.0112797009766693,PSO,30,500,17,18002017,-1.3705061496284003,-1.3698735509714626,0.00046158031257961834,False,0.13649668847366775,500,True,1.841018965933472
flight,6,High,0.0112797009766693,PSO,30,500,18,18002018,-1.3705061496284003,-1.3702863540366248,0.00016037548743224215,False,0.09167292026103334,500,True,1.8380869878455997
flight,6,High,0.0112797009766693,PSO,30,500,19,18002019,-1.3705061496284003,-1.368807780762107,0.001239227468445699,False,0.1856416559813207,500,True,1.8484729807823896
flight,6,High,0.0112797009766693,PSO,30,500,20,18002020,-1.3705061496284003,-1.369778589753809,0.0005308694709531569,False,0.17772017951934485,500,True,1.8468410125933588
flight,6,High,0.0112797009766693,PSO,30,500,21,18002021,-1.3705061496284003,-1.3703971753170359,7.951391636879631e-05,True,0.04011098499098315,500,True,1.8525940249674022
flight,6,High,0.0112797009766693,PSO,30,500,22,18002022,-1.3705061496284003,-1.3702502566099077,0.00018671424317357957,False,0.10284592023269129,500,True,1.8644570372998714
flight,6,High,0.0112797009766693,PSO,30,500,23,18002023,-1.3705061496284003,-1.3698554191030112,0.0004748103651819065,False,0.1474379714410697,500,True,1.8331530154682696
flight,6,High,0.0112797009766693,PSO,30,500,24,18002024,-1.3705061496284003,-1.3699384587364665,0.00041421987934004795,False,0.12650717420464158,500,True,1.8143569468520582
flight,6,High,0.0112797009766693,PSO,30,500,25,18002025,-1.3705061496284003,-1.370304161230712,0.0001473823358932207,False,0.10001047557178998,500,True,1.8222910002805293
flight,6,High,0.0112797009766693,PSO,30,500,26,18002026,-1.3705061496284003,-1.3699403418659446,0.00041284583991772116,False,0.15973046514464012,500,True,1.7948899767361581
flight,6,High,0.0112797009766693,PSO,30,500,27,18002027,-1.3705061496284003,-1.368574621884462,0.00140935357675115,False,0.2765890137063354,500,True,1.8004630110226572
flight,6,High,0.0112797009766693,PSO,30,500,28,18002028,-1.3705061496284003,-1.3686145945163006,0.001380187248785848,False,0.2149056116330388,500,True,1.8164790235459805
flight,6,High,0.0112797009766693,PSO,30,500,29,18002029,-1.3705061496284003,-1.3684586775462042,0.0014939532250557838,False,0.18029211003708376,500,True,1.809415000025183
flight,6,High,0.0112797009766693,PSO,30,1000,0,18002000,-1.3705061496284003,-1.3704978877608054,6.0283331068524285e-06,True,0.01718415324816096,1000,True,3.535668016411364
flight,6,High,0.0112797009766693,PSO,30,1000,1,18002001,-1.3705061496284003,-1.370480760680571,1.852523451742635e-05,True,0.016107244024046195,1000,True,3.492527990601957
flight,6,High,0.0112797009766693,PSO,30,1000,2,18002002,-1.3705061496284003,-1.3704585214879872,3.4752226705484865e-05,True,0.04292810868217188,1000,True,3.492774034384638
flight,6,High,0.0112797009766693,PSO,30,1000,3,18002003,-1.3705061496284003,-1.3705023904362919,2.7429224666427955e-06,True,0.01079032299160894,1000,True,3.498708945699036
flight,6,High,0.0112797009766693,PSO,30,1000,4,18002004,-1.3705061496284003,-1.3704930225150638,9.578295828970424e-06,True,0.011287596864717395,1000,True,3.5402130451984704
flight,6,High,0.0112797009766693,PSO,30,1000,5,18002005,-1.3705061496284003,-1.3704848744825722,1.552356830645283e-05,True,0.013241838880734805,1000,True,3.5194639931432903
flight,6,High,0.0112797009766693,PSO,30,1000,6,18002006,-1.3705061496284003,-1.3705017706953422,3.1951210575342162e-06,True,0.009282481367808938,1000,True,3.544913954101503
flight,6,High,0.0112797009766693,PSO,30,1000,7,18002007,-1.3705061496284003,-1.3704806804076406,1.8583806257746264e-05,True,0.019826404936753722,1000,True,3.6728070117533207
flight,6,High,0.0112797009766693,PSO,30,1000,8,18002008,-1.3705061496284003,-1.3705005611379193,4.077683622624202e-06,True,0.016930282783030978,1000,True,3.6129510262981057
flight,6,High,0.0112797009766693,PSO,30,1000,9,18002009,-1.3705061496284003,-1.3703820732270688,9.05332685775534e-05,True,0.07295702146680316,1000,True,3.6353279720060527
flight,6,High,0.0112797009766693,PSO,30,1000,10,18002010,-1.3705061496284003,-1.3705060246261942,9.120878893942769e-08,True,0.002182521797358655,1000,True,3.6154070403426886
flight,6,High,0.0112797009766693,PSO,30,1000,11,18002011,-1.3705061496284003,-1.3704782465588852,2.035968209462821e-05,True,0.027341504528057958,1000,True,3.723525966051966
flight,6,High,0.0112797009766693,PSO,30,1000,12,18002012,-1.3705061496284003,-1.370502049803507,2.991467710281419e-06,True,0.009761081576718973,1000,True,3.785188018810004
flight,6,High,0.0112797009766693,PSO,30,1000,13,18002013,-1.3705061496284003,-1.3704455985460782,4.4181547334600964e-05,True,0.054524950754646584,1000,True,3.710525983478874
flight,6,High,0.0112797009766693,PSO,30,1000,14,18002014,-1.3705061496284003,-1.3704446818853715,4.485039563340069e-05,True,0.03346346952057346,1000,True,3.6941769649274647
flight,6,High,0.0112797009766693,PSO,30,1000,15,18002015,-1.3705061496284003,-1.370495447782304,7.808681558502094e-06,True,0.021047557371917054,1000,True,3.6821560352109373
flight,6,High,0.0112797009766693,PSO,30,1000,16,18002016,-1.3705061496284003,-1.370493651023578,9.119699919501042e-06,True,0.026276665261978815,1000,True,3.63919697701931
flight,6,High,0.0112797009766693,PSO,30,1000,17,18002017,-1.3705061496284003,-1.3705026934223263,2.521846454276111e-06,True,0.0138318757914885,1000,True,3.64044401794672
flight,6,High,0.0112797009766693,PSO,30,1000,18,18002018,-1.3705061496284003,-1.370490723730886,1.1255620792672498e-05,True,0.011113068538779792,1000,True,3.8622100255452096
flight,6,High,0.0112797009766693,PSO,30,1000,19,18002019,-1.3705061496284003,-1.3704996638238316,4.732415517073048e-06,True,0.0073866301422451305,1000,True,3.7177909980528057
flight,6,High,0.0112797009766693,PSO,30,1000,20,18002020,-1.3705061496284003,-1.3705017590104664,3.203647013975077e-06,True,0.013180911736097976,1000,True,3.631418978329748
flight,6,High,0.0112797009766693,PSO,30,1000,21,18002021,-1.3705061496284003,-1.3704953913180922,7.84988109034364e-06,True,0.011861112163582219,1000,True,3.6231160047464073
flight,6,High,0.0112797009766693,PSO,30,1000,22,18002022,-1.3705061496284003,-1.3704561072004002,3.651382959038618e-05,True,0.021649893066073535,1000,True,3.6281729699112475
flight,6,High,0.0112797009766693,PSO,30,1000,23,18002023,-1.3705061496284003,-1.3704653634070265,2.9759969617707906e-05,True,0.041710129541651896,1000,True,3.599911986384541
flight,6,High,0.0112797009766693,PSO,30,1000,24,18002024,-1.3705061496284003,-1.3704808594677984,1.845315368252012e-05,True,0.03738449745148617,1000,True,3.600059018936008
flight,6,High,0.0112797009766693,PSO,30,1000,25,18002025,-1.3705061496284003,-1.3705043253661005,1.3310865481211208e-06,True,0.008048892084413542,1000,True,3.6106249899603426
flight,6,High,0.0112797009766693,PSO,30,1000,26,18002026,-1.3705061496284003,-1.3705019907377074,3.034565510025489e-06,True,0.006033787562890735,1000,True,3.5819000331684947
flight,6,High,0.0112797009766693,PSO,30,1000,27,18002027,-1.3705061496284003,-1.3704477279081826,4.26278424460846e-05,True,0.027508226221677656,1000,True,3.6139230360276997
flight,6,High,0.0112797009766693,PSO,30,1000,28,18002028,-1.3705061496284003,-1.370432433960449,5.378718510042615e-05,True,0.06301960436721402,1000,True,3.6182189942337573
flight,6,High,0.0112797009766693,PSO,30,1000,29,18002029,-1.3705061496284003,-1.3705055050692987,4.703073399726976e-07,True,0.005663484479657466,1000,True,3.4962579957209527
flight,6,High,0.0112797009766693,PSO,30,2000,0,18002000,-1.3705061496284003,-1.370506131795258,1.3012084842547234e-08,True,0.0009670784919803921,2000,True,6.948828988242894
flight,6,High,0.0112797009766693,PSO,30,2000,1,18002001,-1.3705061496284003,-1.370506147972817,1.2080087700163533e-09,True,0.00028163500695633424,2000,True,7.094218046404421
flight,6,High,0.0112797009766693,PSO,30,2000,2,18002002,-1.3705061496284003,-1.3705060086501593,1.0286582159392917e-07,True,0.001642217669264595,2000,True,7.083857955876738
flight,6,High,0.0112797009766693,PSO,30,2000,3,18002003,-1.3705061496284003,-1.3705061489747425,4.769462688915363e-10,True,0.00018921263493133745,2000,True,7.068131002597511
flight,6,High,0.0112797009766693,PSO,30,2000,4,18002004,-1.3705061496284003,-1.3705061495619466,4.848845911752136e-11,True,5.760206095261812e-05,2000,True,7.058524002786726
flight,6,High,0.0112797009766693,PSO,30,2000,5,18002005,-1.3705061496284003,-1.3705060387060906,8.093528789475998e-08,True,0.0023637512521490415,2000,True,6.977204000577331
flight,6,High,0.0112797009766693,PSO,30,2000,6,18002006,-1.3705061496284003,-1.370506112940043,2.6769932591021357e-08,True,0.0013418280153679213,2000,True,7.044275989755988
flight,6,High,0.0112797009766693,PSO,30,2000,7,18002007,-1.3705061496284003,-1.3705061349915386,1.06798949618859e-08,True,0.0008948508565826797,2000,True,7.109686965122819
flight,6,High,0.0112797009766693,PSO,30,2000,8,18002008,-1.3705061496284003,-1.3705061478139242,1.3239459927984476e-09,True,0.00020417140867190568,2000,True,6.994448020122945
flight,6,High,0.0112797009766693,PSO,30,2000,9,18002009,-1.3705061496284003,-1.3705060862597795,4.623738522612788e-08,True,0.0017676184850763392,2000,True,7.070332008879632
flight,6,High,0.0112797009766693,PSO,30,2000,10,18002010,-1.3705061496284003,-1.3705061457939884,2.7978071460284476e-09,True,0.0001886191901255574,2000,True,7.08756799576804
flight,6,High,0.0112797009766693,PSO,30,2000,11,18002011,-1.3705061496284003,-1.3705061277595996,1.5956733048000837e-08,True,0.001101720646499632,2000,True,7.146158022806048
flight,6,High,0.0112797009766693,PSO,30,2000,12,18002012,-1.3705061496284003,-1.3705061305874182,1.3893394151872135e-08,True,0.0010241220967189663,2000,True,7.08962301723659
flight,6,High,0.0112797009766693,PSO,30,2000,13,18002013,-1.3705061496284003,-1.3705061111869394,2.804909771021037e-08,True,0.0014620429217065127,2000,True,7.02918297611177
flight,6,High,0.0112797009766693,PSO,30,2000,14,18002014,-1.3705061496284003,-1.3705060083930816,1.0305340024327473e-07,True,0.0025329484287102593,2000,True,7.090548984706402
flight,6,High,0.0112797009766693,PSO,30,2000,15,18002015,-1.3705061496284003,-1.370506141827719,5.691825196296036e-09,True,0.0004258202063112793,2000,True,7.095216016750783
flight,6,High,0.0112797009766693,PSO,30,2000,16,18002016,-1.3705061496284003,-1.3705057137789132,3.1802081828403597e-07,True,0.0037952028266349884,2000,True,7.022526988293976
flight,6,High,0.0112797009766693,PSO,30,2000,17,18002017,-1.3705061496284003,-1.370506144922302,3.433839681157807e-09,True,0.00035745201951485557,2000,True,7.000596961006522
flight,6,High,0.0112797009766693,PSO,30,2000,18,18002018,-1.3705061496284003,-1.3705061442380821,3.933085738624216e-09,True,0.0003670394047300525,2000,True,6.997735006734729
flight,6,High,0.0112797009766693,PSO,30,2000,19,18002019,-1.3705061496284003,-1.3705061280002961,1.5781107003675096e-08,True,0.0010950770978122744,2000,True,7.049363048281521
flight,6,High,0.0112797009766693,PSO,30,2000,20,18002020,-1.3705061496284003,-1.3705061410342638,6.270775593295469e-09,True,0.0006839717761786912,2000,True,7.034814043436199
flight,6,High,0.0112797009766693,PSO,30,2000,21,18002021,-1.3705061496284003,-1.370506148906431,5.267903200360701e-10,True,0.0001838282348679195,2000,True,7.032755995169282
flight,6,High,0.0112797009766693,PSO,30,2000,22,18002022,-1.3705061496284003,-1.3705061486008832,7.497355504234052e-10,True,0.0002265176710030976,2000,True,7.164526032283902
flight,6,High,0.0112797009766693,PSO,30,2000,23,18002023,-1.3705061496284003,-1.370506148319281,9.552085977849158e-10,True,0.0002264617146047704,2000,True,7.084441022016108
flight,6,High,0.0112797009766693,PSO,30,2000,24,18002024,-1.3705061496284003,-1.3705061423335585,5.322735577418906e-09,True,0.00036195683316394764,2000,True,7.251677045132965
flight,6,High,0.0112797009766693,PSO,30,2000,25,18002025,-1.3705061496284003,-1.3705061135574557,2.6319432922935048e-08,True,0.0011958704059487559,2000,True,7.170044002123177
flight,6,High,0.0112797009766693,PSO,30,2000,26,18002026,-1.3705061496284003,-1.3705061477337461,1.3824485295540245e-09,True,0.00013500941894280228,2000,True,7.066152000334114
flight,6,High,0.0112797009766693,PSO,30,2000,27,18002027,-1.3705061496284003,-1.3705061374812548,8.863255020759851e-09,True,0.000803439986656071,2000,True,7.079211995005608
flight,6,High,0.0112797009766693,PSO,30,2000,28,18002028,-1.3705061496284003,-1.3705061133700673,2.64561622087747e-08,True,0.0009617340785109421,2000,True,7.131252030376345
flight,6,High,0.0112797009766693,PSO,30,2000,29,18002029,-1.3705061496284003,-1.3705061368921168,9.293123994219211e-09,True,0.0003243747770729776,2000,True,7.096903980709612
flight,6,High,0.0112797009766693,PSO,30,5000,0,18002000,-1.3705061496284003,-1.370506149628398,1.782181462547689e-15,True,3.4845618336118375e-07,5000,True,17.477168003097177
flight,6,High,0.0112797009766693,PSO,30,5000,1,18002001,-1.3705061496284003,-1.3705061496284003,0.0,True,3.839705715691591e-08,5000,True,17.409863998182118
flight,6,High,0.0112797009766693,PSO,30,5000,2,18002002,-1.3705061496284003,-1.3705061496283952,3.7263794216906225e-15,True,2.7520983859415357e-07,5000,True,17.55497499834746
flight,6,High,0.0112797009766693,PSO,30,5000,3,18002003,-1.3705061496284003,-1.3705061496284001,1.6201649659524446e-16,True,7.060448890826615e-08,5000,True,17.607687041163445
flight,6,High,0.0112797009766693,PSO,30,5000,4,18002004,-1.3705061496284003,-1.3705061496284001,1.6201649659524446e-16,True,1.572526631670685e-08,5000,True,17.34389504417777
flight,6,High,0.0112797009766693,PSO,30,5000,5,18002005,-1.3705061496284003,-1.3705061496283992,8.100824829762223e-16,True,1.7808243881567324e-07,5000,True,17.559289990458637
flight,6,High,0.0112797009766693,PSO,30,5000,6,18002006,-1.3705061496284003,-1.3705061496283997,4.860494897857333e-16,True,6.932270998188388e-08,5000,True,17.692380992230028
flight,6,High,0.0112797009766693,PSO,30,5000,7,18002007,-1.3705061496284003,-1.3705061496284006,1.6201649659524446e-16,True,1.9813529720007377e-08,5000,True,17.728894017636776
flight,6,High,0.0112797009766693,PSO,30,5000,8,18002008,-1.3705061496284003,-1.3705061496284006,1.6201649659524446e-16,True,4.245623092842564e-08,5000,True,17.635136959142983
flight,6,High,0.0112797009766693,PSO,30,5000,9,18002009,-1.3705061496284003,-1.3705061496283981,1.6201649659524446e-15,True,1.265381776042461e-07,5000,True,17.689856991637498
flight,6,High,0.0112797009766693,PSO,30,5000,10,18002010,-1.3705061496284003,-1.3705061496284006,1.6201649659524446e-16,True,1.3604302593256573e-07,5000,True,17.612438998185098
flight,6,High,0.0112797009766693,PSO,30,5000,11,18002011,-1.3705061496284003,-1.3705061496284003,0.0,True,1.475440711987304e-07,5000,True,17.626212036702782
flight,6,High,0.0112797009766693,PSO,30,5000,12,18002012,-1.3705061496284003,-1.370506149628399,9.720989795714666e-16,True,1.5691718135069848e-07,5000,True,17.58431305643171
flight,6,High,0.0112797009766693,PSO,30,5000,13,18002013,-1.3705061496284003,-1.3705061496284006,1.6201649659524446e-16,True,4.183633495460432e-08,5000,True,17.4657060415484
flight,6,High,0.0112797009766693,PSO,30,5000,14,18002014,-1.3705061496284003,-1.3705061496283975,2.1062144557381777e-15,True,4.0342406978312424e-07,5000,True,17.360893019940704
flight,6,High,0.0112797009766693,PSO,30,5000,15,18002015,-1.3705061496284003,-1.3705061496284001,1.6201649659524446e-16,True,1.2774262255271972e-07,5000,True,17.316729994490743
flight,6,High,0.0112797009766693,PSO,30,5000,16,18002016,-1.3705061496284003,-1.3705061496284,3.2403299319048893e-16,True,1.4999404642425405e-07,5000,True,17.600316961761564
flight,6,High,0.0112797009766693,PSO,30,5000,17,18002017,-1.3705061496284003,-1.3705061496284006,1.6201649659524446e-16,True,4.6182420937983505e-08,5000,True,17.52139104064554
flight,6,High,0.0112797009766693,PSO,30,5000,18,18002018,-1.3705061496284003,-1.3705061496284006,1.6201649659524446e-16,True,4.117687249728456e-08,5000,True,17.234237981028855
flight,6,High,0.0112797009766693,PSO,30,5000,19,18002019,-1.3705061496284003,-1.3705061496284001,1.6201649659524446e-16,True,4.731565378905548e-08,5000,True,17.358069017063826
flight,6,High,0.0112797009766693,PSO,30,5000,20,18002020,-1.3705061496284003,-1.3705061496283997,4.860494897857333e-16,True,9.69802946821925e-08,5000,True,17.13784597814083
flight,6,High,0.0112797009766693,PSO,30,5000,21,18002021,-1.3705061496284003,-1.3705061496284006,1.6201649659524446e-16,True,1.8285541531260515e-08,5000,True,17.371157999150455
flight,6,High,0.0112797009766693,PSO,30,5000,22,18002022,-1.3705061496284003,-1.3705061496284003,0.0,True,2.0153677300378102e-08,5000,True,17.648861976340413
flight,6,High,0.0112797009766693,PSO,30,5000,23,18002023,-1.3705061496284003,-1.3705061496283946,4.2124289114763554e-15,True,5.285691678880528e-07,5000,True,17.409703053999692
flight,6,High,0.0112797009766693,PSO,30,5000,24,18002024,-1.3705061496284003,-1.3705061496284006,1.6201649659524446e-16,True,5.438070651545096e-08,5000,True,17.669085995294154
flight,6,High,0.0112797009766693,PSO,30,5000,25,18002025,-1.3705061496284003,-1.3705061496283961,3.0783134353096448e-15,True,4.176566688540934e-07,5000,True,17.583594017196447
flight,6,High,0.0112797009766693,PSO,30,5000,26,18002026,-1.3705061496284003,-1.3705061496284,3.2403299319048893e-16,True,1.5397381109067337e-07,5000,True,17.61074597015977
flight,6,High,0.0112797009766693,PSO,30,5000,27,18002027,-1.3705061496284003,-1.370506149628401,4.860494897857333e-16,True,7.650965100491163e-08,5000,True,17.592074000276625
flight,6,High,0.0112797009766693,PSO,30,5000,28,18002028,-1.3705061496284003,-1.370506149628394,4.698478401262089e-15,True,2.2692465461646316e-07,5000,True,17.501042049843818
flight,6,High,0.0112797009766693,PSO,30,5000,29,18002029,-1.3705061496284003,-1.3705061496283992,8.100824829762223e-16,True,1.1272143985085051e-07,5000,True,17.547526978887618
flight,6,High,0.0112797009766693,WOA,10,250,0,18003000,-1.3705061496284003,-1.3703668294359397,0.00010165601409262716,False,0.05004635756070701,250,True,2.023444976657629
flight,6,High,0.0112797009766693,WOA,10,250,1,18003001,-1.3705061496284003,-1.3703252591977177,0.00013198804743169996,False,0.053343105311277235,250,True,1.9847470102831721
flight,6,High,0.0112797009766693,WOA,10,250,2,18003002,-1.3705061496284003,-1.3704297552121112,5.574175373810841e-05,True,0.03300212795436482,250,True,1.9658360397443175
flight,6,High,0.0112797009766693,WOA,10,250,3,18003003,-1.3705061496284003,-1.370445484287242,4.4264917143777815e-05,True,0.0334288358576897,250,True,1.979056978598237
flight,6,High,0.0112797009766693,WOA,10,250,4,18003004,-1.3705061496284003,-1.370470783687745,2.5805021498757928e-05,True,0.04078733831388155,250,True,1.9703009747900069
flight,6,High,0.0112797009766693,WOA,10,250,5,18003005,-1.3705061496284003,-1.3703902319232126,8.458021528698497e-05,True,0.041854377073905116,250,True,1.9856030121445656
flight,6,High,0.0112797009766693,WOA,10,250,6,18003006,-1.3705061496284003,-1.37042852341829,5.6640541256500706e-05,True,0.02870039878944747,250,True,1.9850570242851973
flight,6,High,0.0112797009766693,WOA,10,250,7,18003007,-1.3705061496284003,-1.370441074104305,4.748283990775842e-05,True,0.036099650114099296,250,True,1.9745239987969398
flight,6,High,0.0112797009766693,WOA,10,250,8,18003008,-1.3705061496284003,-1.3704016449584164,7.625260930951853e-05,True,0.040074005991488866,250,True,1.977484964299947
flight,6,High,0.0112797009766693,WOA,10,250,9,18003009,-1.3705061496284003,-1.3702776426251035,0.00016673183360669608,False,0.05176319391465704,250,True,1.9755559624172747
flight,6,High,0.0112797009766693,WOA,10,250,10,18003010,-1.3705061496284003,-1.3697848584162915,0.0005262954947735291,False,0.11974314335340684,250,True,1.9830039818771183
flight,6,High,0.0112797009766693,WOA,10,250,11,18003011,-1.3705061496284003,-1.3703681685817377,0.00010067889640629464,False,0.0450959370149238,250,True,1.9768860074691474
flight,6,High,0.0112797009766693,WOA,10,250,12,18003012,-1.3705061496284003,-1.370312564616563,0.00014125074293887244,False,0.05625372401004493,250,True,1.9808789948001504
flight,6,High,0.0112797009766693,WOA,10,250,13,18003013,-1.3705061496284003,-1.3704717259958104,2.51174594140418e-05,True,0.028339653290438416,250,True,1.954508014023304
flight,6,High,0.0112797009766693,WOA,10,250,14,18003014,-1.3705061496284003,-1.3703306613215969,0.00012804634758556532,False,0.050817077109922046,250,True,1.9797369604930282
flight,6,High,0.0112797009766693,WOA,10,250,15,18003015,-1.3705061496284003,-1.3705018953180228,3.1041891922132804e-06,True,0.007344126162891764,250,True,1.9901070045307279
flight,6,High,0.0112797009766693,WOA,10,250,16,18003016,-1.3705061496284003,-1.3703320212245778,0.0001270540842664554,False,0.0493355121843949,250,True,1.9360840087756515
flight,6,High,0.0112797009766693,WOA,10,250,17,18003017,-1.3705061496284003,-1.3703126126795684,0.00014121567340973063,False,0.04723589105410001,250,True,1.9678539829328656
flight,6,High,0.0112797009766693,WOA,10,250,18,18003018,-1.3705061496284003,-1.3703838771420869,8.921702857489646e-05,True,0.03709957084955595,250,True,1.9967739935964346
flight,6,High,0.0112797009766693,WOA,10,250,19,18003019,-1.3705061496284003,-1.3705012001832586,3.6113994403272956e-06,True,0.010151563289166792,250,True,1.9449980463832617
flight,6,High,0.0112797009766693,WOA,10,250,20,18003020,-1.3705061496284003,-1.3704877521416545,1.3423862965373745e-05,True,0.012176501532002636,250,True,1.978643995244056
flight,6,High,0.0112797009766693,WOA,10,250,21,18003021,-1.3705061496284003,-1.370498954397866,5.250053446476436e-06,True,0.007703481282129951,250,True,1.9795609987340868
flight,6,High,0.0112797009766693,WOA,10,250,22,18003022,-1.3705061496284003,-1.34367455319846,0.019577873792989184,False,0.7301522690797316,250,True,2.0056699868291616
flight,6,High,0.0112797009766693,WOA,10,250,23,18003023,-1.3705061496284003,-1.3671162831574606,0.0024734412697519676,False,0.23338926144956668,250,True,1.9958739867433906
flight,6,High,0.0112797009766693,WOA,10,250,24,18003024,-1.3705061496284003,-1.3695027947766798,0.0007321053261910495,False,0.11736766495303629,250,True,1.9713679794222116
flight,6,High,0.0112797009766693,WOA,10,250,25,18003025,-1.3705061496284003,-1.370467751153184,2.801773288414115e-05,True,0.020218156966123557,250,True,1.9683929858729243
flight,6,High,0.0112797009766693,WOA,10,250,26,18003026,-1.3705061496284003,-1.3703392964294854,0.00012174567692396205,False,0.05292042608882605,250,True,1.9724079756997526
flight,6,High,0.0112797009766693,WOA,10,250,27,18003027,-1.3705061496284003,-1.3705045899410924,1.1380374385007451e-06,True,0.004701090783440889,250,True,1.9436270231381059
flight,6,High,0.0112797009766693,WOA,10,250,28,18003028,-1.3705061496284003,-1.3704801155557589,1.8995954632173967e-05,True,0.01547631580372989,250,True,1.9694530055858195
flight,6,High,0.0112797009766693,WOA,10,250,29,18003029,-1.3705061496284003,-1.3696759998630106,0.0006057249473961434,False,0.11304050919332212,250,True,1.9701459677889943
flight,6,High,0.0112797009766693,WOA,10,500,0,18003000,-1.3705061496284003,-1.370491942013532,1.0366691803768268e-05,True,0.01379177252268754,500,True,3.996595973148942
flight,6,High,0.0112797009766693,WOA,10,500,1,18003001,-1.3705061496284003,-1.3705047748477939,1.0031188892071328e-06,True,0.004854076325775944,500,True,3.9884280413389206
flight,6,High,0.0112797009766693,WOA,10,500,2,18003002,-1.3705061496284003,-1.370492330105379,1.0083517702573219e-05,True,0.0142838964520412,500,True,3.9938800036907196
flight,6,High,0.0112797009766693,WOA,10,500,3,18003003,-1.3705061496284003,-1.3704116267773225,6.896930094289186e-05,True,0.03721045052919839,500,True,3.9821600075811148
flight,6,High,0.0112797009766693,WOA,10,500,4,18003004,-1.3705061496284003,-1.3663897397743068,0.0030035690501714904,False,0.26120446375747003,500,True,3.9370970334857702
flight,6,High,0.0112797009766693,WOA,10,500,5,18003005,-1.3705061496284003,-1.3704954341059739,7.818660594402183e-06,True,0.012264291584171996,500,True,3.967272990848869
flight,6,High,0.0112797009766693,WOA,10,500,6,18003006,-1.3705061496284003,-1.3704630610139108,3.143992786987664e-05,True,0.02532894618388882,500,True,4.027140967082232
flight,6,High,0.0112797009766693,WOA,10,500,7,18003007,-1.3705061496284003,-1.3704653820481965,2.9746367949487705e-05,True,0.024249611085033138,500,True,4.046044021379203
flight,6,High,0.0112797009766693,WOA,10,500,8,18003008,-1.3705061496284003,-1.370501645795784,3.2862549486775152e-06,True,0.007157046869363353,500,True,4.06922900583595
flight,6,High,0.0112797009766693,WOA,10,500,9,18003009,-1.3705061496284003,-1.3316158545810513,0.028376592879859622,False,0.9081395486886693,500,True,4.0128190303221345
flight,6,High,0.0112797009766693,WOA,10,500,10,18003010,-1.3705061496284003,-1.370505245514116,6.596937084690637e-07,True,0.003579506195450853,500,True,3.9593130350112915
flight,6,High,0.0112797009766693,WOA,10,500,11,18003011,-1.3705061496284003,-1.3705000128030194,4.477780258512265e-06,True,0.009474477193468452,500,True,4.018251958768815
flight,6,High,0.0112797009766693,WOA,10,500,12,18003012,-1.3705061496284003,-1.3701368812825183,0.0002694393936007854,False,0.07645352408471218,500,True,3.9736669859848917
flight,6,High,0.0112797009766693,WOA,10,500,13,18003013,-1.3705061496284003,-1.370499836624894,4.606329937380521e-06,True,0.009574317782241387,500,True,3.9835419738665223
flight,6,High,0.0112797009766693,WOA,10,500,14,18003014,-1.3705061496284003,-1.3346035649116723,0.026196587827396957,False,0.8677786488260737,500,True,4.00104996515438
flight,6,High,0.0112797009766693,WOA,10,500,15,18003015,-1.3705061496284003,-1.3705060859798381,4.6441646552111354e-08,True,0.0011004289801218614,500,True,3.9835560019128025
flight,6,High,0.0112797009766693,WOA,10,500,16,18003016,-1.3705061496284003,-1.3693544408583973,0.0008403528654835367,False,0.12559468928850606,500,True,3.9415070204995573
flight,6,High,0.0112797009766693,WOA,10,500,17,18003017,-1.3705061496284003,-1.3704274577547424,5.741811058584446e-05,True,0.0343822437652524,500,True,3.9687349926680326
flight,6,High,0.0112797009766693,WOA,10,500,18,18003018,-1.3705061496284003,-1.3704908748280933,1.1145371592235492e-05,True,0.014947385590881348,500,True,4.002410976681858
flight,6,High,0.0112797009766693,WOA,10,500,19,18003019,-1.3705061496284003,-1.3704488610594259,4.180103021792392e-05,True,0.028445119891132332,500,True,3.9945290191099048
flight,6,High,0.0112797009766693,WOA,10,500,20,18003020,-1.3705061496284003,-1.3704872513751791,1.3789250946692411e-05,True,0.017210591778096977,500,True,3.9832969778217375
flight,6,High,0.0112797009766693,WOA,10,500,21,18003021,-1.3705061496284003,-1.3704971820824512,6.543236563788555e-06,True,0.01264615522129942,500,True,4.005890979897231
flight,6,High,0.0112797009766693,WOA,10,500,22,18003022,-1.3705061496284003,-1.3671221333002082,0.0024691726696080343,False,0.23737471101304003,500,True,3.9962580194696784
flight,6,High,0.0112797009766693,WOA,10,500,23,18003023,-1.3705061496284003,-1.370487661724495,1.3489836517963638e-05,True,0.015935787869979328,500,True,3.9953020168468356
flight,6,High,0.0112797009766693,WOA,10,500,24,18003024,-1.3705061496284003,-1.3704590639063103,3.4356447143829315e-05,True,0.025760156235815776,500,True,3.9718819898553193
flight,6,High,0.0112797009766693,WOA,10,500,25,18003025,-1.3705061496284003,-1.3704956471966399,7.663177405903416e-06,True,0.014351750991281187,500,True,3.9864370482973754
flight,6,High,0.0112797009766693,WOA,10,500,26,18003026,-1.3705061496284003,-1.3705056322062572,3.7754091309384845e-07,True,0.0024761416367586908,500,True,4.027557035442442
flight,6,High,0.0112797009766693,WOA,10,500,27,18003027,-1.3705061496284003,-1.3705043854245038,1.2872644876524862e-06,True,0.004754753174152601,500,True,4.0527929668314755
flight,6,High,0.0112797009766693,WOA,10,500,28,18003028,-1.3705061496284003,-1.3704811839504836,1.8216392479183976e-05,True,0.019102739704360907,500,True,4.107362008653581
flight,6,High,0.0112797009766693,WOA,10,500,29,18003029,-1.3705061496284003,-1.3703717127279613,9.809288376813775e-05,True,0.0442152713246877,500,True,4.126942018046975
flight,6,High,0.0112797009766693,WOA,10,1000,0,18003000,-1.3705061496284003,-1.3704710980226897,2.5575664669658622e-05,True,0.022979157276360324,1000,True,8.049302967265248
flight,6,High,0.0112797009766693,WOA,10,1000,1,18003001,-1.3705061496284003,-1.3703777118625653,9.371557060861637e-05,True,0.04271868559081879,1000,True,7.975296000950038
flight,6,High,0.0112797009766693,WOA,10,1000,2,18003002,-1.3705061496284003,-1.3705059963740278,1.118231921595777e-07,True,0.0015207183149551138,1000,True,8.004295988939703
flight,6,High,0.0112797009766693,WOA,10,1000,3,18003003,-1.3705061496284003,-1.370498786056597,5.372884904906819e-06,True,0.010480748622636522,1000,True,7.958627014886588
flight,6,High,0.0112797009766693,WOA,10,1000,4,18003004,-1.3705061496284003,-1.3704103248029667,6.991929621014102e-05,True,0.0372263413301189,1000,True,7.9522490268573165
flight,6,High,0.0112797009766693,WOA,10,1000,5,18003005,-1.3705061496284003,-1.3704353231287283,5.1679081988252096e-05,True,0.032467598515890345,1000,True,7.968930993229151
flight,6,High,0.0112797009766693,WOA,10,1000,6,18003006,-1.3705061496284003,-1.370506148158464,1.0725500175430013e-09,True,0.00015921044781036498,1000,True,7.863870996516198
flight,6,High,0.0112797009766693,WOA,10,1000,7,18003007,-1.3705061496284003,-1.370336739238695,0.00012361155019359056,False,0.05047596204212844,1000,True,7.84535298589617
flight,6,High,0.0112797009766693,WOA,10,1000,8,18003008,-1.3705061496284003,-1.3705000001132346,4.4870394543079e-06,True,0.009512686823234754,1000,True,7.828166999388486
flight,6,High,0.0112797009766693,WOA,10,1000,9,18003009,-1.3705061496284003,-1.3704965745396376,6.986534694028921e-06,True,0.01183427649156353,1000,True,7.774253026582301
flight,6,High,0.0112797009766693,WOA,10,1000,10,18003010,-1.3705061496284003,-1.37040668008846,7.257868924360797e-05,True,0.037880365438733424,1000,True,7.717935019172728
flight,6,High,0.0112797009766693,WOA,10,1000,11,18003011,-1.3705061496284003,-1.370505589571338,4.086497987870983e-07,True,0.0030904306550419217,1000,True,7.840234960895032
flight,6,High,0.0112797009766693,WOA,10,1000,12,18003012,-1.3705061496284003,-1.3702888415528311,0.00015856045274084338,False,0.05784418595363552,1000,True,7.832290953956544
flight,6,High,0.0112797009766693,WOA,10,1000,13,18003013,-1.3705061496284003,-1.3704190122968167,6.358040174225797e-05,True,0.035284853036046275,1000,True,7.8686950146220624
flight,6,High,0.0112797009766693,WOA,10,1000,14,18003014,-1.3705061496284003,-1.370505328690732,5.990032722665449e-07,True,0.0034078538731488646,1000,True,7.8113530180417
flight,6,High,0.0112797009766693,WOA,10,1000,15,18003015,-1.3705061496284003,-1.3076859885286087,0.04583719753233117,False,1.2097949214232577,1000,True,7.820374041330069
flight,6,High,0.0112797009766693,WOA,10,1000,16,18003016,-1.3705061496284003,-1.3703888831403186,8.55643647520605e-05,True,0.041898524336585856,1000,True,7.88787700003013
flight,6,High,0.0112797009766693,WOA,10,1000,17,18003017,-1.3705061496284003,-1.370505523432045,4.5690882569572513e-07,True,0.00304078006471396,1000,True,7.812827010639012
flight,6,High,0.0112797009766693,WOA,10,1000,18,18003018,-1.3705061496284003,-1.3704773553865106,2.100993264243025e-05,True,0.020655931259159488,1000,True,7.909134030342102
flight,6,High,0.0112797009766693,WOA,10,1000,19,18003019,-1.3705061496284003,-1.3704900106907298,1.1775895843204788e-05,True,0.015534988140086307,1000,True,7.762430002912879
flight,6,High,0.0112797009766693,WOA,10,1000,20,18003020,-1.3705061496284003,-1.3649608062154641,0.0040462010436361695,False,0.30650194187114405,1000,True,7.807385001797229
flight,6,High,0.0112797009766693,WOA,10,1000,21,18003021,-1.3705061496284003,-1.3704988403669751,5.3332569337303124e-06,True,0.01049230254699067,1000,True,7.845658983569592
flight,6,High,0.0112797009766693,WOA,10,1000,22,18003022,-1.3705061496284003,-1.3705033776101139,2.0226237490574386e-06,True,0.006362185258379144,1000,True,7.737422012723982
flight,6,High,0.0112797009766693,WOA,10,1000,23,18003023,-1.3705061496284003,-1.370494724663708,8.336310417436585e-06,True,0.012944914719576204,1000,True,7.750589982606471
flight,6,High,0.0112797009766693,WOA,10,1000,24,18003024,-1.3705061496284003,-1.3704995710249963,4.800126877075303e-06,True,0.009847631209349965,1000,True,7.917322975117713
flight,6,High,0.0112797009766693,WOA,10,1000,25,18003025,-1.3705061496284003,-1.3704999794313597,4.502130138056357e-06,True,0.009447282957035662,1000,True,7.717503001913428
flight,6,High,0.0112797009766693,WOA,10,1000,26,18003026,-1.3705061496284003,-1.3705050450001304,8.060002286491829e-07,True,0.003923929626319871,1000,True,7.756831997539848
flight,6,High,0.0112797009766693,WOA,10,1000,27,18003027,-1.3705061496284003,-1.3705057322407854,3.0454997595458747e-07,True,0.002467921220503145,1000,True,7.714778010267764
flight,6,High,0.0112797009766693,WOA,10,1000,28,18003028,-1.3705061496284003,-1.3705048944096583,9.158796860547813e-07,True,0.004317487951361063,1000,True,7.903400983195752
flight,6,High,0.0112797009766693,WOA,10,1000,29,18003029,-1.3705061496284003,-1.3705039106088486,1.6337172601313584e-06,True,0.005837415668760283,1000,True,7.952899963129312
flight,6,High,0.0112797009766693,WOA,10,2000,0,18003000,-1.3705061496284003,-1.3704883253302713,1.3005631630222145e-05,True,0.016099260407455133,2000,True,15.877573983743787
flight,6,High,0.0112797009766693,WOA,10,2000,1,18003001,-1.3705061496284003,-1.370502965228129,2.3235213297754397e-06,True,0.006823146952177461,2000,True,15.84533299319446
flight,6,High,0.0112797009766693,WOA,10,2000,2,18003002,-1.3705061496284003,-1.3705061021837985,3.4618306394102306e-08,True,0.000839992539002398,2000,True,15.612649964168668
flight,6,High,0.0112797009766693,WOA,10,2000,3,18003003,-1.3705061496284003,-1.370502006707503,3.0229130298725253e-06,True,0.007743141330083545,2000,True,15.7493120059371
flight,6,High,0.0112797009766693,WOA,10,2000,4,18003004,-1.3705061496284003,-1.3705054295940435,5.253784209578475e-07,True,0.003245003523906467,2000,True,15.62721299706027
flight,6,High,0.0112797009766693,WOA,10,2000,5,18003005,-1.3705061496284003,-1.3705050633257054,7.926288365818063e-07,True,0.003987330440669609,2000,True,15.716702037025243
flight,6,High,0.0112797009766693,WOA,10,2000,6,18003006,-1.3705061496284003,-1.370505895482563,1.8543939940213222e-07,True,0.001931128008666508,2000,True,15.686033002566546
flight,6,High,0.0112797009766693,WOA,10,2000,7,18003007,-1.3705061496284003,-1.3705002183591477,4.327794701426892e-06,True,0.009351098843705082,2000,True,15.742062008939683
flight,6,High,0.0112797009766693,WOA,10,2000,8,18003008,-1.3705061496284003,-1.3705058154624745,2.438266518614082e-07,True,0.0022075606939072363,2000,True,15.64431400038302
flight,6,High,0.0112797009766693,WOA,10,2000,9,18003009,-1.3705061496284003,-1.3101207128613175,0.04406068282397404,False,1.181206407934785,2000,True,15.85459301713854
flight,6,High,0.0112797009766693,WOA,10,2000,10,18003010,-1.3705061496284003,-1.370505955621427,1.4155863031175835e-07,True,0.0016900441618355848,2000,True,15.834318997804075
flight,6,High,0.0112797009766693,WOA,10,2000,11,18003011,-1.3705061496284003,-1.3705058992112882,1.827187074100047e-07,True,0.001921473958822205,2000,True,15.972603985574096
flight,6,High,0.0112797009766693,WOA,10,2000,12,18003012,-1.3705061496284003,-1.370500468143127,4.1455379641289e-06,True,0.009109823003540907,2000,True,15.887259971350431
flight,6,High,0.0112797009766693,WOA,10,2000,13,18003013,-1.3705061496284003,-1.3705060959981838,3.9131686132532216e-08,True,0.0008794870070594431,2000,True,15.78979502664879
flight,6,High,0.0112797009766693,WOA,10,2000,14,18003014,-1.3705061496284003,-1.370502141861317,2.9242970448549383e-06,True,0.007511482657462701,2000,True,15.663111000321805
flight,6,High,0.0112797009766693,WOA,10,2000,15,18003015,-1.3705061496284003,-1.3705054503902296,5.102043291727451e-07,True,0.003201141713649794,2000,True,15.750959049910307
flight,6,High,0.0112797009766693,WOA,10,2000,16,18003016,-1.3705061496284003,-1.3705061485596297,7.798364333093391e-10,True,0.00014462198608253688,2000,True,15.673169982619584
flight,6,High,0.0112797009766693,WOA,10,2000,17,18003017,-1.3705061496284003,-1.3705033114255758,2.070915789257494e-06,True,0.0064385621839082065,2000,True,15.68161603063345
flight,6,High,0.0112797009766693,WOA,10,2000,18,18003018,-1.3705061496284003,-1.3705049871185657,8.482339425716313e-07,True,0.004139803720109316,2000,True,15.58175403624773
flight,6,High,0.0112797009766693,WOA,10,2000,19,18003019,-1.3705061496284003,-1.3704915175476695,1.0676406475660606e-05,True,0.014484096140246762,2000,True,15.46849199803546
flight,6,High,0.0112797009766693,WOA,10,2000,20,18003020,-1.3705061496284003,-1.3704270876082902,5.768819069621526e-05,True,0.034350986986939794,2000,True,15.47492598183453
flight,6,High,0.0112797009766693,WOA,10,2000,21,18003021,-1.3705061496284003,-1.3705060304104464,8.698826633184743e-08,True,0.0013208467667225425,2000,True,15.449645987246186
flight,6,High,0.0112797009766693,WOA,10,2000,22,18003022,-1.3705061496284003,-1.3704826641866725,1.713632714028945e-05,True,0.01869170122315984,2000,True,15.498274995479733
flight,6,High,0.0112797009766693,WOA,10,2000,23,18003023,-1.3705061496284003,-1.370505229263256,6.715512692654342e-07,True,0.003673556784316796,2000,True,15.43369796127081
flight,6,High,0.0112797009766693,WOA,10,2000,24,18003024,-1.3705061496284003,-1.3705047469691878,1.023460721381972e-06,True,0.0045706158506668105,2000,True,15.475791995413601
flight,6,High,0.0112797009766693,WOA,10,2000,25,18003025,-1.3705061496284003,-1.3705058938722554,1.866143723604268e-07,True,0.0019436086518120643,2000,True,15.403549012262374
flight,6,High,0.0112797009766693,WOA,10,2000,26,18003026,-1.3705061496284003,-1.3705030881853693,2.233804665460837e-06,True,0.006694818038667933,2000,True,15.483276976738125
flight,6,High,0.0112797009766693,WOA,10,2000,27,18003027,-1.3705061496284003,-1.370481883700811,1.7705814451023026e-05,True,0.018989446058559293,2000,True,15.575390018057078
flight,6,High,0.0112797009766693,WOA,10,2000,28,18003028,-1.3705061496284003,-1.3705058324756696,2.3141284760406918e-07,True,0.0021524084307099184,2000,True,15.876366989687085
flight,6,High,0.0112797009766693,WOA,10,2000,29,18003029,-1.3705061496284003,-1.3705061392642892,7.562250725895786e-09,True,0.00039262443717090825,2000,True,15.753038984257728
flight,6,High,0.0112797009766693,WOA,10,5000,0,18003000,-1.3705061496284003,-1.3705060992808458,3.673646746024993e-08,True,0.0008602798236345623,5000,True,39.91110995411873
flight,6,High,0.0112797009766693,WOA,10,5000,1,18003001,-1.3705061496284003,-1.3705061081033205,3.029908317477972e-08,True,0.0007817482531749838,5000,True,39.35387299861759
flight,6,High,0.0112797009766693,WOA,10,5000,2,18003002,-1.3705061496284003,-1.3705057694804834,2.773777534862232e-07,True,0.002360295650454065,5000,True,39.59215298527852
flight,6,High,0.0112797009766693,WOA,10,5000,3,18003003,-1.3705061496284003,-1.3705059634310395,1.3586028848793625e-07,True,0.0016532816470637391,5000,True,38.8808730058372
flight,6,High,0.0112797009766693,WOA,10,5000,4,18003004,-1.3705061496284003,-1.3705055699174769,4.2299038471624573e-07,True,0.0029131335317265023,5000,True,39.39845197601244
flight,6,High,0.0112797009766693,WOA,10,5000,5,18003005,-1.3705061496284003,-1.370506119754514,2.179770317830361e-08,True,0.0006592858633437823,5000,True,39.76417297963053
flight,6,High,0.0112797009766693,WOA,10,5000,6,18003006,-1.3705061496284003,-1.3705061467809658,2.0776517574709194e-09,True,0.00020442541182942088,5000,True,39.63006101548672
flight,6,High,0.0112797009766693,WOA,10,5000,7,18003007,-1.3705061496284003,-1.3705061496162945,8.833139394372727e-12,True,1.6396950786067038e-05,5000,True,40.07289803121239
flight,6,High,0.0112797009766693,WOA,10,5000,8,18003008,-1.3705061496284003,-1.3705061476976446,1.4087903056859555e-09,True,0.0001675844692815893,5000,True,39.63002603268251
flight,6,High,0.0112797009766693,WOA,10,5000,9,18003009,-1.3705061496284003,-1.3705061486993453,6.778919272721896e-10,True,0.00011588909355173873,5000,True,39.27868703613058
flight,6,High,0.0112797009766693,WOA,10,5000,10,18003010,-1.3705061496284003,-1.3705061490737174,4.047285496496823e-10,True,8.971684699951522e-05,5000,True,39.667093951720744
flight,6,High,0.0112797009766693,WOA,10,5000,11,18003011,-1.3705061496284003,-1.370506148436155,8.699307287525192e-10,True,0.00013223354083104582,5000,True,39.38481898512691
flight,6,High,0.0112797009766693,WOA,10,5000,12,18003012,-1.3705061496284003,-1.3705060657920223,6.117183646691834e-08,True,0.0011073796248164945,5000,True,39.55718601355329
flight,6,High,0.0112797009766693,WOA,10,5000,13,18003013,-1.3705061496284003,-1.370505939920894,1.530146408360928e-07,True,0.0017522384265114498,5000,True,39.36779295327142
flight,6,High,0.0112797009766693,WOA,10,5000,14,18003014,-1.3705061496284003,-1.3705058830305008,1.9452513920239607e-07,True,0.0019791660221182483,5000,True,39.35456898761913
flight,6,High,0.0112797009766693,WOA,10,5000,15,18003015,-1.3705061496284003,-1.370506107816424,3.0508419343486043e-08,True,0.0007817259947642394,5000,True,38.557171006686985
flight,6,High,0.0112797009766693,WOA,10,5000,16,18003016,-1.3705061496284003,-1.3705059521983132,1.440563307367805e-07,True,0.0017010529895758574,5000,True,39.11930101457983
flight,6,High,0.0112797009766693,WOA,10,5000,17,18003017,-1.3705061496284003,-1.3705059040771586,1.7916828892073828e-07,True,0.00189504379440886,5000,True,39.2194019514136
flight,6,High,0.0112797009766693,WOA,10,5000,18,18003018,-1.3705061496284003,-1.370506146727994,2.1163030609646673e-09,True,0.00020639150635179645,5000,True,39.05882901744917
flight,6,High,0.0112797009766693,WOA,10,5000,19,18003019,-1.3705061496284003,-1.370505965581353,1.3429129627041692e-07,True,0.001645029213373115,5000,True,39.42160902079195
flight,6,High,0.0112797009766693,WOA,10,5000,20,18003020,-1.3705061496284003,-1.3705060193297658,9.507336729859858e-08,True,0.0013821433772494506,5000,True,38.922392996028066
flight,6,High,0.0112797009766693,WOA,10,5000,21,18003021,-1.3705061496284003,-1.3705061174353728,2.3489881884728695e-08,True,0.0006913309838330799,5000,True,38.94047101493925
flight,6,High,0.0112797009766693,WOA,10,5000,22,18003022,-1.3705061496284003,-1.3705061162103689,2.4383715069240407e-08,True,0.0007030823239039633,5000,True,38.75684703234583
flight,6,High,0.0112797009766693,WOA,10,5000,23,18003023,-1.3705061496284003,-1.3705058470596618,2.2077152925607211e-07,True,0.0021059055328838984,5000,True,38.794117979705334
flight,6,High,0.0112797009766693,WOA,10,5000,24,18003024,-1.3705061496284003,-1.370506144240218,3.9315273019434666e-09,True,0.0002803501473539378,5000,True,39.07734202221036
flight,6,High,0.0112797009766693,WOA,10,5000,25,18003025,-1.3705061496284003,-1.3705061399449963,7.065567769405515e-09,True,0.0003765424493822691,5000,True,39.87431601854041
flight,6,High,0.0112797009766693,WOA,10,5000,26,18003026,-1.3705061496284003,-1.3705059743551922,1.2788939926827845e-07,True,0.0016024343799732482,5000,True,39.690492034424096
flight,6,High,0.0112797009766693,WOA,10,5000,27,18003027,-1.3705061496284003,-1.3705055594986841,4.3059253427265903e-07,True,0.002943994362309637,5000,True,39.175661047920585
flight,6,High,0.0112797009766693,WOA,10,5000,28,18003028,-1.3705061496284003,-1.3705060678381746,5.967884618795183e-08,True,0.0010975459144256588,5000,True,39.10616203211248
flight,6,High,0.0112797009766693,WOA,10,5000,29,18003029,-1.3705061496284003,-1.3705054437846793,5.150241180738988e-07,True,0.0032235667317623185,5000,True,38.972423993982375
cstr,11,High,0.0100038012931925,SGO,30,250,0,19000000,-0.9266003076598814,-0.4364442058494419,0.49015610181043956,False,0.6179437381919078,250,True,2.81427800655365
cstr,11,High,0.0100038012931925,SGO,30,250,1,19000001,-0.9266003076598814,-0.5666699917595382,0.3599303159003432,False,0.45940543896466074,250,True,2.8796630213037133
cstr,11,High,0.0100038012931925,SGO,30,250,2,19000002,-0.9266003076598814,-0.7145259929711545,0.21207431468872695,False,0.27195111685144824,250,True,2.8107010293751955
cstr,11,High,0.0100038012931925,SGO,30,250,3,19000003,-0.9266003076598814,-0.4267879783429369,0.4998123293169445,False,0.6061421240481881,250,True,2.7991289971396327
cstr,11,High,0.0100038012931925,SGO,30,250,4,19000004,-0.9266003076598814,-0.5780813121467404,0.34851899551314103,False,0.2656863324087654,250,True,2.82135303132236
cstr,11,High,0.0100038012931925,SGO,30,250,5,19000005,-0.9266003076598814,-0.9223083365971255,0.004291971062755917,False,0.0030002601107152124,250,True,2.7640999760478735
cstr,11,High,0.0100038012931925,SGO,30,250,6,19000006,-0.9266003076598814,-0.4493787939447739,0.4772215137151075,False,0.6012137249165,250,True,2.770827035419643
cstr,11,High,0.0100038012931925,SGO,30,250,7,19000007,-0.9266003076598814,-0.6767883518244965,0.24981195583538496,False,0.3218039414123475,250,True,2.922187966760248
cstr,11,High,0.0100038012931925,SGO,30,250,8,19000008,-0.9266003076598814,-0.7022380939946713,0.22436221366521014,False,0.1793204481236219,250,True,2.7614999562501907
cstr,11,High,0.0100038012931925,SGO,30,250,9,19000009,-0.9266003076598814,-0.5531455075705384,0.37345480008934306,False,0.41753916407943653,250,True,2.7815400389954448
cstr,11,High,0.0100038012931925,SGO,30,250,10,19000010,-0.9266003076598814,-0.480388188107256,0.44621211955262546,False,0.5646468596303265,250,True,2.8999769710935652
cstr,11,High,0.0100038012931925,SGO,30,250,11,19000011,-0.9266003076598814,-0.20503627657904155,0.7215640310808399,False,0.8789232486993781,250,True,2.742036012932658
cstr,11,High,0.0100038012931925,SGO,30,250,12,19000012,-0.9266003076598814,-0.9102824476576483,0.01631786000223312,False,0.005850084198159515,250,True,2.8501729830168188
cstr,11,High,0.0100038012931925,SGO,30,250,13,19000013,-0.9266003076598814,-0.17767250223916642,0.748927805420715,False,0.855316109363854,250,True,2.667193009983748
cstr,11,High,0.0100038012931925,SGO,30,250,14,19000014,-0.9266003076598814,-0.3509791883817408,0.5756211192781406,False,0.716874733260648,250,True,2.829650999046862
cstr,11,High,0.0100038012931925,SGO,30,250,15,19000015,-0.9266003076598814,-0.6009932297903617,0.3256070778695197,False,0.2195060561202955,250,True,2.8988400008529425
cstr,11,High,0.0100038012931925,SGO,30,250,16,19000016,-0.9266003076598814,-0.8056817753498073,0.1209185323100741,False,0.015924908619263836,250,True,2.803971990942955
cstr,11,High,0.0100038012931925,SGO,30,250,17,19000017,-0.9266003076598814,-0.315084372023814,0.6115159356360674,False,0.7089736259015441,250,True,2.8899949975311756
cstr,11,High,0.0100038012931925,SGO,30,250,18,19000018,-0.9266003076598814,-0.45218293925787756,0.4744173684020039,False,0.03154356721167849,250,True,2.817793982103467
cstr,11,High,0.0100038012931925,SGO,30,250,19,19000019,-0.9266003076598814,-0.5618711501083955,0.36472915755148594,False,0.31987826382611856,250,True,2.824069990310818
cstr,11,High,0.0100038012931925,SGO,30,250,20,19000020,-0.9266003076598814,-0.55490306507068,0.37169724258920145,False,0.4435907995636768,250,True,2.883516950532794
cstr,11,High,0.0100038012931925,SGO,30,250,21,19000021,-0.9266003076598814,-0.7613941515089023,0.1652061561509791,False,0.15973616435645033,250,True,2.74272303795442
cstr,11,High,0.0100038012931925,SGO,30,250,22,19000022,-0.9266003076598814,-0.5625587693263159,0.36404153833356556,False,0.45314362769566424,250,True,2.6995610096491873
cstr,11,High,0.0100038012931925,SGO,30,250,23,19000023,-0.9266003076598814,-0.9232243792420496,0.0033759284178318527,False,0.0026608912785787975,250,True,2.8025669744238257
cstr,11,High,0.0100038012931925,SGO,30,250,24,19000024,-0.9266003076598814,-0.8956096979175705,0.030990609742310937,False,0.00806205164542588,250,True,2.8850040398538113
cstr,11,High,0.0100038012931925,SGO,30,250,25,19000025,-0.9266003076598814,-0.19354344885819777,0.7330568588016837,False,0.7780101673033801,250,True,2.7778620133176446
cstr,11,High,0.0100038012931925,SGO,30,250,26,19000026,-0.9266003076598814,-0.6876175674518975,0.23898274020798393,False,0.2686844182065473,250,True,2.834859013091773
cstr,11,High,0.0100038012931925,SGO,30,250,27,19000027,-0.9266003076598814,-0.5218237863802846,0.40477652127959685,False,0.3464898425863527,250,True,2.832353988196701
cstr,11,High,0.0100038012931925,SGO,30,250,28,19000028,-0.9266003076598814,-0.3636163806498307,0.5629839270100507,False,0.4353580867535859,250,True,2.790014958009124
cstr,11,High,0.0100038012931925,SGO,30,250,29,19000029,-0.9266003076598814,-0.8793335179065688,0.047266789753312666,False,0.06174322978425551,250,True,2.928238012827933
cstr,11,High,0.0100038012931925,SGO,30,500,0,19000000,-0.9266003076598814,-0.8970597203958428,0.02954058726403863,False,0.037108827842616134,500,True,5.9276759857311845
cstr,11,High,0.0100038012931925,SGO,30,500,1,19000001,-0.9266003076598814,-0.6159072608848377,0.3106930467750437,False,0.3869795329815597,500,True,5.847321008332074
cstr,11,High,0.0100038012931925,SGO,30,500,2,19000002,-0.9266003076598814,-0.9265449099959531,5.539766392836931e-05,True,0.00034086015802983066,500,True,5.952628969680518
cstr,11,High,0.0100038012931925,SGO,30,500,3,19000003,-0.9266003076598814,-0.9196646682861638,0.006935639373717661,False,0.003813939214313,500,True,5.8179020415991545
cstr,11,High,0.0100038012931925,SGO,30,500,4,19000004,-0.9266003076598814,-0.9052098327605118,0.021390474899369627,False,0.0066979319164820125,500,True,5.782975989859551
cstr,11,High,0.0100038012931925,SGO,30,500,5,19000005,-0.9266003076598814,-0.9223083365971255,0.004291971062755917,False,0.0030002601107152124,500,True,5.852675007190555
cstr,11,High,0.0100038012931925,SGO,30,500,6,19000006,-0.9266003076598814,-0.8793191707371689,0.04728113692271252,False,0.050299157536537804,500,True,5.787694011814892
cstr,11,High,0.0100038012931925,SGO,30,500,7,19000007,-0.9266003076598814,-0.8870204836200294,0.03957982403985205,False,0.010938422828610793,500,True,5.708516982849687
cstr,11,High,0.0100038012931925,SGO,30,500,8,19000008,-0.9266003076598814,-0.9193873802834397,0.007212927376441747,False,0.003889433004070464,500,True,5.938568967394531
cstr,11,High,0.0100038012931925,SGO,30,500,9,19000009,-0.9266003076598814,-0.8471573835426843,0.07944292411719711,False,0.07761942899789173,500,True,5.780772014986724
cstr,11,High,0.0100038012931925,SGO,30,500,10,19000010,-0.9266003076598814,-0.7043595713856023,0.2222407362742791,False,0.2740059972581136,500,True,5.959682981483638
cstr,11,High,0.0100038012931925,SGO,30,500,11,19000011,-0.9266003076598814,-0.4360947955200441,0.49050551213983734,False,0.5285370225687133,500,True,5.824805004522204
cstr,11,High,0.0100038012931925,SGO,30,500,12,19000012,-0.9266003076598814,-0.9102824476576483,0.01631786000223312,False,0.005850084198159515,500,True,5.783864005934447
cstr,11,High,0.0100038012931925,SGO,30,500,13,19000013,-0.9266003076598814,-0.551681209385613,0.3749190982742684,False,0.4260307853320945,500,True,5.866280000191182
cstr,11,High,0.0100038012931925,SGO,30,500,14,19000014,-0.9266003076598814,-0.855419414616919,0.07118089304296249,False,0.03652923516414637,500,True,5.892080022022128
cstr,11,High,0.0100038012931925,SGO,30,500,15,19000015,-0.9266003076598814,-0.8999978221416121,0.02660248551826938,False,0.032008538599194954,500,True,5.997121974360198
cstr,11,High,0.0100038012931925,SGO,30,500,16,19000016,-0.9266003076598814,-0.9257448204447178,0.0008554872151635973,False,0.0013394832190499265,500,True,5.840376019477844
cstr,11,High,0.0100038012931925,SGO,30,500,17,19000017,-0.9266003076598814,-0.9258989845683382,0.0007013230915432489,False,0.0012128011068792618,500,True,5.888433021027595
cstr,11,High,0.0100038012931925,SGO,30,500,18,19000018,-0.9266003076598814,-0.8857869596962935,0.04081334796358793,False,0.047500491317760817,500,True,5.8452480006963015
cstr,11,High,0.0100038012931925,SGO,30,500,19,19000019,-0.9266003076598814,-0.9173042132598035,0.009296094400077948,False,0.004415509037368419,500,True,5.923091026488692
cstr,11,High,0.0100038012931925,SGO,30,500,20,19000020,-0.9266003076598814,-0.8189766387148012,0.10762366894508024,False,0.03297759074593536,500,True,5.888325977139175
cstr,11,High,0.0100038012931925,SGO,30,500,21,19000021,-0.9266003076598814,-0.7613941515089023,0.1652061561509791,False,0.15973616435645033,500,True,5.734155012760311
cstr,11,High,0.0100038012931925,SGO,30,500,22,19000022,-0.9266003076598814,-0.7790831996266276,0.1475171080332538,False,0.19206647275649494,500,True,5.752266966737807
cstr,11,High,0.0100038012931925,SGO,30,500,23,19000023,-0.9266003076598814,-0.9232243792420496,0.0033759284178318527,False,0.0026608912785787975,500,True,5.784066044725478
cstr,11,High,0.0100038012931925,SGO,30,500,24,19000024,-0.9266003076598814,-0.9217337539532356,0.004866553706645793,False,0.00319478234405602,500,True,5.822985025588423
cstr,11,High,0.0100038012931925,SGO,30,500,25,19000025,-0.9266003076598814,-0.6123623507630865,0.3142379568967949,False,0.36925885850653745,500,True,5.661992996465415
cstr,11,High,0.0100038012931925,SGO,30,500,26,19000026,-0.9266003076598814,-0.9246267032013238,0.001973604458557654,False,0.002034513491589715,500,True,5.748433002736419
cstr,11,High,0.0100038012931925,SGO,30,500,27,19000027,-0.9266003076598814,-0.9221790694188016,0.004421238241079872,False,0.0030451064153607585,500,True,5.720236978959292
cstr,11,High,0.0100038012931925,SGO,30,500,28,19000028,-0.9266003076598814,-0.5324037320736853,0.39419657558619614,False,0.4047204464100083,500,True,5.7700410252436996
cstr,11,High,0.0100038012931925,SGO,30,500,29,19000029,-0.9266003076598814,-0.9265786227534663,2.1684906415186944e-05,True,0.00021325994431502932,500,True,6.079590995796025
cstr,11,High,0.0100038012931925,SGO,30,1000,0,19000000,-0.9266003076598814,-0.9265800420181953,2.0265641686112446e-05,True,0.0002061629857303196,1000,True,11.638890020549297
cstr,11,High,0.0100038012931925,SGO,30,1000,1,19000001,-0.9266003076598814,-0.925854120648538,0.0007461870113434355,False,0.0012509914973789019,1000,True,11.908424028661102
cstr,11,High,0.0100038012931925,SGO,30,1000,2,19000002,-0.9266003076598814,-0.9265449099959531,5.539766392836931e-05,True,0.00034086015802983066,1000,True,11.900289042387158
cstr,11,High,0.0100038012931925,SGO,30,1000,3,19000003,-0.9266003076598814,-0.926570688538418,2.9619121463486664e-05,True,0.0002492393452635175,1000,True,11.747720011044294
cstr,11,High,0.0100038012931925,SGO,30,1000,4,19000004,-0.9266003076598814,-0.9262238693151936,0.0003764383446878128,False,0.0008885409398445496,1000,True,11.595126008614898
cstr,11,High,0.0100038012931925,SGO,30,1000,5,19000005,-0.9266003076598814,-0.9260061189248112,0.0005941887350702224,False,0.0011163303246993148,1000,True,11.884766980074346
cstr,11,High,0.0100038012931925,SGO,30,1000,6,19000006,-0.9266003076598814,-0.9245080551287321,0.002092252531149308,False,0.0020947758881628975,1000,True,11.665534984786063
cstr,11,High,0.0100038012931925,SGO,30,1000,7,19000007,-0.9266003076598814,-0.9265929729956438,7.334664237634847e-06,True,0.0001240282552081376,1000,True,11.77944301161915
cstr,11,High,0.0100038012931925,SGO,30,1000,8,19000008,-0.9266003076598814,-0.9263716234445534,0.0002286842153280677,False,0.0006925459754730315,1000,True,11.812256998382509
cstr,11,High,0.0100038012931925,SGO,30,1000,9,19000009,-0.9266003076598814,-0.9264640350318322,0.0001362726280492721,False,0.0005346072340161531,1000,True,11.708670994266868
cstr,11,High,0.0100038012931925,SGO,30,1000,10,19000010,-0.9266003076598814,-0.9264996936603159,0.00010061399956551309,False,0.0004593669247346041,1000,True,11.468954966403544
cstr,11,High,0.0100038012931925,SGO,30,1000,11,19000011,-0.9266003076598814,-0.9039042966673312,0.022696010992550253,False,0.010121287991923902,1000,True,11.715635017026216
cstr,11,High,0.0100038012931925,SGO,30,1000,12,19000012,-0.9266003076598814,-0.9263261709712989,0.00027413668858256024,False,0.0007582529289865969,1000,True,11.749695986509323
cstr,11,High,0.0100038012931925,SGO,30,1000,13,19000013,-0.9266003076598814,-0.9264569387111259,0.00014336894875555117,False,0.000548350275206784,1000,True,11.721896997187287
cstr,11,High,0.0100038012931925,SGO,30,1000,14,19000014,-0.9266003076598814,-0.9241892590190763,0.0024110486408051024,False,0.0022487102596741512,1000,True,11.708793987054378
cstr,11,High,0.0100038012931925,SGO,30,1000,15,19000015,-0.9266003076598814,-0.924748952800414,0.0018513548594674134,False,0.0019704950605173785,1000,True,11.802949011325836
cstr,11,High,0.0100038012931925,SGO,30,1000,16,19000016,-0.9266003076598814,-0.9263378354774984,0.0002624721823830667,False,0.0007419457586445022,1000,True,11.58419600687921
cstr,11,High,0.0100038012931925,SGO,30,1000,17,19000017,-0.9266003076598814,-0.9265851064513924,1.5201208489079576e-05,True,0.00017855399561914065,1000,True,11.726694996468723
cstr,11,High,0.0100038012931925,SGO,30,1000,18,19000018,-0.9266003076598814,-0.9261198717986807,0.0004804358612007231,False,0.0010038023865069842,1000,True,11.68364001205191
cstr,11,High,0.0100038012931925,SGO,30,1000,19,19000019,-0.9266003076598814,-0.9245966230877546,0.0020036845721268515,False,0.002049959082149104,1000,True,11.757241969462484
cstr,11,High,0.0100038012931925,SGO,30,1000,20,19000020,-0.9266003076598814,-0.9152163768715076,0.011383930788373853,False,0.004886260747667702,1000,True,11.789801006671041
cstr,11,High,0.0100038012931925,SGO,30,1000,21,19000021,-0.9266003076598814,-0.9113454197841756,0.015254887875705836,False,0.005656333728840113,1000,True,11.673112981952727
cstr,11,High,0.0100038012931925,SGO,30,1000,22,19000022,-0.9266003076598814,-0.9250415610701286,0.0015587465897528574,False,0.0018080826280420237,1000,True,11.63487700978294
cstr,11,High,0.0100038012931925,SGO,30,1000,23,19000023,-0.9266003076598814,-0.9264864278504127,0.0001138798094687532,False,0.0004887129883771046,1000,True,11.40447601210326
cstr,11,High,0.0100038012931925,SGO,30,1000,24,19000024,-0.9266003076598814,-0.9264949920451797,0.00010531561470172868,False,0.0004699773183093059,1000,True,11.534280958585441
cstr,11,High,0.0100038012931925,SGO,30,1000,25,19000025,-0.9266003076598814,-0.9265195756664503,8.073199343117121e-05,True,0.0004114843795034323,1000,True,11.612089991103858
cstr,11,High,0.0100038012931925,SGO,30,1000,26,19000026,-0.9266003076598814,-0.9262402709679783,0.0003600366919030984,False,0.0008689682260360279,1000,True,11.606095009483397
cstr,11,High,0.0100038012931925,SGO,30,1000,27,19000027,-0.9266003076598814,-0.9226962549638575,0.0039040526960238964,False,0.002861464424672014,1000,True,11.677561968099326
cstr,11,High,0.0100038012931925,SGO,30,1000,28,19000028,-0.9266003076598814,-0.9265957822433745,4.5254165069730234e-06,True,9.742261747797826e-05,1000,True,11.844119988381863
cstr,11,High,0.0100038012931925,SGO,30,1000,29,19000029,-0.9266003076598814,-0.9265786227534663,2.1684906415186944e-05,True,0.00021325994431502932,1000,True,11.759031971450895
cstr,11,High,0.0100038012931925,SGO,30,2000,0,19000000,-0.9266003076598814,-0.9265800420181953,2.0265641686112446e-05,True,0.0002061629857303196,2000,True,23.78396998392418
cstr,11,High,0.0100038012931925,SGO,30,2000,1,19000001,-0.9266003076598814,-0.9265395277902608,6.077986962060855e-05,True,0.0003570346756933962,2000,True,23.728177999146283
cstr,11,High,0.0100038012931925,SGO,30,2000,2,19000002,-0.9266003076598814,-0.9265449099959531,5.539766392836931e-05,True,0.00034086015802983066,2000,True,23.31377100199461
cstr,11,High,0.0100038012931925,SGO,30,2000,3,19000003,-0.9266003076598814,-0.926570688538418,2.9619121463486664e-05,True,0.0002492393452635175,2000,True,23.346038011368364
cstr,11,High,0.0100038012931925,SGO,30,2000,4,19000004,-0.9266003076598814,-0.9262238693151936,0.0003764383446878128,False,0.0008885409398445496,2000,True,23.7963650142774
cstr,11,High,0.0100038012931925,SGO,30,2000,5,19000005,-0.9266003076598814,-0.9265806642131325,1.9643446748984772e-05,True,0.00020297351014298554,2000,True,23.99328601313755
cstr,11,High,0.0100038012931925,SGO,30,2000,6,19000006,-0.9266003076598814,-0.9265183803840402,8.192727584122039e-05,True,0.0004145193157256699,2000,True,23.939487989991903
cstr,11,High,0.0100038012931925,SGO,30,2000,7,19000007,-0.9266003076598814,-0.9265993716708409,9.359890404958549e-07,True,4.4306342168447255e-05,2000,True,23.767498962115496
cstr,11,High,0.0100038012931925,SGO,30,2000,8,19000008,-0.9266003076598814,-0.9265531422217173,4.716543816418728e-05,True,0.00031451578878979175,2000,True,23.65168504184112
cstr,11,High,0.0100038012931925,SGO,30,2000,9,19000009,-0.9266003076598814,-0.9265890045616281,1.130309825336795e-05,True,0.00015396757396742705,2000,True,23.972569033503532
cstr,11,High,0.0100038012931925,SGO,30,2000,10,19000010,-0.9266003076598814,-0.9264996936603159,0.00010061399956551309,False,0.0004593669247346041,2000,True,23.70621799491346
cstr,11,High,0.0100038012931925,SGO,30,2000,11,19000011,-0.9266003076598814,-0.9265952007122791,5.1069476023624105e-06,True,0.00010349305722193863,2000,True,23.50202901288867
cstr,11,High,0.0100038012931925,SGO,30,2000,12,19000012,-0.9266003076598814,-0.9265915469242307,8.760735650703566e-06,True,0.00013555039995690604,2000,True,24.008937005419284
cstr,11,High,0.0100038012931925,SGO,30,2000,13,19000013,-0.9266003076598814,-0.9265874281574175,1.2879502463980508e-05,True,0.00016435391687309037,2000,True,24.245264008641243
cstr,11,High,0.0100038012931925,SGO,30,2000,14,19000014,-0.9266003076598814,-0.9265902877464973,1.001991338411834e-05,True,0.000144964779415932,2000,True,23.886568029411137
cstr,11,High,0.0100038012931925,SGO,30,2000,15,19000015,-0.9266003076598814,-0.9265958151180538,4.492541827660901e-06,True,9.706811142843469e-05,2000,True,23.979805991984904
cstr,11,High,0.0100038012931925,SGO,30,2000,16,19000016,-0.9266003076598814,-0.9264438605455572,0.00015644711432427627,False,0.0005728148836196545,2000,True,23.3456120477058
cstr,11,High,0.0100038012931925,SGO,30,2000,17,19000017,-0.9266003076598814,-0.9265980713546609,2.236305220559842e-06,True,6.848509368193034e-05,2000,True,23.797786969225854
cstr,11,High,0.0100038012931925,SGO,30,2000,18,19000018,-0.9266003076598814,-0.9265910499563392,9.257703542209228e-06,True,0.00013934203538241985,2000,True,23.93866202328354
cstr,11,High,0.0100038012931925,SGO,30,2000,19,19000019,-0.9266003076598814,-0.9245966230877546,0.0020036845721268515,False,0.002049959082149104,2000,True,24.232437019236386
cstr,11,High,0.0100038012931925,SGO,30,2000,20,19000020,-0.9266003076598814,-0.9152163768715076,0.011383930788373853,False,0.004886260747667702,2000,True,23.65187305258587
cstr,11,High,0.0100038012931925,SGO,30,2000,21,19000021,-0.9266003076598814,-0.9239550596039685,0.00264524805591293,False,0.0023553948291585997,2000,True,23.678710975218564
cstr,11,High,0.0100038012931925,SGO,30,2000,22,19000022,-0.9266003076598814,-0.9263018709523558,0.0002984367075256067,False,0.0007911459976865584,2000,True,23.360456980299205
cstr,11,High,0.0100038012931925,SGO,30,2000,23,19000023,-0.9266003076598814,-0.9265369957346397,6.331192524178242e-05,True,0.00036439572678095833,2000,True,23.56805099407211
cstr,11,High,0.0100038012931925,SGO,30,2000,24,19000024,-0.9266003076598814,-0.9264949920451797,0.00010531561470172868,False,0.0004699773183093059,2000,True,23.779739974997938
cstr,11,High,0.0100038012931925,SGO,30,2000,25,19000025,-0.9266003076598814,-0.9265707222475295,2.958541235198453e-05,True,0.00024909747696569284,2000,True,23.27822195366025
cstr,11,High,0.0100038012931925,SGO,30,2000,26,19000026,-0.9266003076598814,-0.9262402709679783,0.0003600366919030984,False,0.0008689682260360279,2000,True,22.888365958351642
cstr,11,High,0.0100038012931925,SGO,30,2000,27,19000027,-0.9266003076598814,-0.9265702233972148,3.0084262666596473e-05,True,0.00025118875957524933,2000,True,23.161242017522454
cstr,11,High,0.0100038012931925,SGO,30,2000,28,19000028,-0.9266003076598814,-0.9265957822433745,4.5254165069730234e-06,True,9.742261747797826e-05,2000,True,23.384179978165776
cstr,11,High,0.0100038012931925,SGO,30,2000,29,19000029,-0.9266003076598814,-0.9265786227534663,2.1684906415186944e-05,True,0.00021325994431502932,2000,True,24.103834002744406
cstr,11,High,0.0100038012931925,SGO,30,5000,0,19000000,-0.9266003076598814,-0.9266002991822904,8.4775910735857e-09,True,4.216642109262925e-06,5000,True,59.94359898613766
cstr,11,High,0.0100038012931925,SGO,30,5000,1,19000001,-0.9266003076598814,-0.9265927527551806,7.5549047008349746e-06,True,0.0001258766019472321,5000,True,59.25133603159338
cstr,11,High,0.0100038012931925,SGO,30,5000,2,19000002,-0.9266003076598814,-0.9265926363856152,7.67127426626324e-06,True,0.00012684234732052851,5000,True,60.264543048106134
cstr,11,High,0.0100038012931925,SGO,30,5000,3,19000003,-0.9266003076598814,-0.9265843041141597,1.6003545721732237e-05,True,0.00018320554867611721,5000,True,60.06904999958351
cstr,11,High,0.0100038012931925,SGO,30,5000,4,19000004,-0.9266003076598814,-0.9265196878522678,8.061980761364662e-05,True,0.0004111983791356341,5000,True,59.580883011221886
cstr,11,High,0.0100038012931925,SGO,30,5000,5,19000005,-0.9266003076598814,-0.9265998624514242,4.4520845721152114e-07,True,3.055710582105381e-05,5000,True,60.474222991615534
cstr,11,High,0.0100038012931925,SGO,30,5000,6,19000006,-0.9266003076598814,-0.9265932803034864,7.027356395017392e-06,True,0.00012140218551880827,5000,True,59.8615410272032
cstr,11,High,0.0100038012931925,SGO,30,5000,7,19000007,-0.9266003076598814,-0.9265993716708409,9.359890404958549e-07,True,4.4306342168447255e-05,5000,True,59.806998004205525
cstr,11,High,0.0100038012931925,SGO,30,5000,8,19000008,-0.9266003076598814,-0.9265531422217173,4.716543816418728e-05,True,0.00031451578878979175,5000,True,60.85449899546802
cstr,11,High,0.0100038012931925,SGO,30,5000,9,19000009,-0.9266003076598814,-0.92660027770447,2.9955411484650085e-08,True,7.926257192675257e-06,5000,True,61.930386000312865
cstr,11,High,0.0100038012931925,SGO,30,5000,10,19000010,-0.9266003076598814,-0.9265809213782744,1.93862816070256e-05,True,0.00020164050381500653,5000,True,61.49918999290094
cstr,11,High,0.0100038012931925,SGO,30,5000,11,19000011,-0.9266003076598814,-0.926600078033758,2.296261234491226e-07,True,2.1945281819972517e-05,5000,True,60.52183802239597
cstr,11,High,0.0100038012931925,SGO,30,5000,12,19000012,-0.9266003076598814,-0.9265999420267221,3.6563315930493445e-07,True,2.76919349505092e-05,5000,True,60.01818197546527
cstr,11,High,0.0100038012931925,SGO,30,5000,13,19000013,-0.9266003076598814,-0.9266002752888236,3.237105783426841e-08,True,8.239653729522067e-06,5000,True,58.871657005511224
cstr,11,High,0.0100038012931925,SGO,30,5000,14,19000014,-0.9266003076598814,-0.9265902877464973,1.001991338411834e-05,True,0.000144964779415932,5000,True,59.505051001906395
cstr,11,High,0.0100038012931925,SGO,30,5000,15,19000015,-0.9266003076598814,-0.9265990519624032,1.2556974782196306e-06,True,5.131839041427194e-05,5000,True,58.90295800054446
cstr,11,High,0.0100038012931925,SGO,30,5000,16,19000016,-0.9266003076598814,-0.926600288838997,1.8820884406522964e-08,True,6.282760842697688e-06,5000,True,59.14336699061096
cstr,11,High,0.0100038012931925,SGO,30,5000,17,19000017,-0.9266003076598814,-0.9265980713546609,2.236305220559842e-06,True,6.848509368193034e-05,5000,True,59.79273101547733
cstr,11,High,0.0100038012931925,SGO,30,5000,18,19000018,-0.9266003076598814,-0.9265966942445285,3.6134153529321367e-06,True,8.705414572962589e-05,5000,True,59.677968034520745
cstr,11,High,0.0100038012931925,SGO,30,5000,19,19000019,-0.9266003076598814,-0.9265772953571031,2.301230277834687e-05,True,0.00021969013468828985,5000,True,59.41808002535254
cstr,11,High,0.0100038012931925,SGO,30,5000,20,19000020,-0.9266003076598814,-0.9265329359641217,6.737169575976587e-05,True,0.0003758973419627498,5000,True,60.19396102055907
cstr,11,High,0.0100038012931925,SGO,30,5000,21,19000021,-0.9266003076598814,-0.9265910812947352,9.226365146219884e-06,True,0.00013910599101164128,5000,True,59.62429801002145
cstr,11,High,0.0100038012931925,SGO,30,5000,22,19000022,-0.9266003076598814,-0.9265966338296048,3.6738302766625708e-06,True,8.777888496978858e-05,5000,True,58.9126730337739
cstr,11,High,0.0100038012931925,SGO,30,5000,23,19000023,-0.9266003076598814,-0.9265668172191339,3.3490440747518946e-05,True,0.00026502750427306876,5000,True,58.876167982816696
cstr,11,High,0.0100038012931925,SGO,30,5000,24,19000024,-0.9266003076598814,-0.926600297918382,9.741499384929853e-09,True,4.520051878967313e-06,5000,True,59.70309401163831
cstr,11,High,0.0100038012931925,SGO,30,5000,25,19000025,-0.9266003076598814,-0.9265707222475295,2.958541235198453e-05,True,0.00024909747696569284,5000,True,59.41875302232802
cstr,11,High,0.0100038012931925,SGO,30,5000,26,19000026,-0.9266003076598814,-0.9266002973750103,1.028487117693544e-08,True,4.644403479255044e-06,5000,True,58.69730398990214
cstr,11,High,0.0100038012931925,SGO,30,5000,27,19000027,-0.9266003076598814,-0.9265987907128368,1.5169470446441125e-06,True,5.640475607106982e-05,5000,True,59.364951972384006
cstr,11,High,0.0100038012931925,SGO,30,5000,28,19000028,-0.9266003076598814,-0.9266001690294707,1.386304107064973e-07,True,1.7051389304821585e-05,5000,True,59.458623989485204
cstr,11,High,0.0100038012931925,SGO,30,5000,29,19000029,-0.9266003076598814,-0.9265994982436891,8.094161922933552e-07,True,4.1201825597476927e-05,5000,True,60.34175702370703
cstr,11,High,0.0100038012931925,GWO,20,250,0,19001000,-0.9266003076598814,-0.9265961717070154,4.135952866080039e-06,True,9.31361552295451e-05,250,True,3.2022990053519607
cstr,11,High,0.0100038012931925,GWO,20,250,1,19001001,-0.9266003076598814,-0.9265989050304614,1.4026294200553124e-06,True,5.423779026292319e-05,250,True,3.19473200943321
cstr,11,High,0.0100038012931925,GWO,20,250,2,19001002,-0.9266003076598814,-0.9265939424489174,6.365210964087709e-06,True,0.00011554121135515238,250,True,3.1938899774104357
cstr,11,High,0.0100038012931925,GWO,20,250,3,19001003,-0.9266003076598814,-0.9265668294648703,3.347819501109406e-05,True,0.0002649790463603585,250,True,3.27284203376621
cstr,11,High,0.0100038012931925,GWO,20,250,4,19001004,-0.9266003076598814,-0.9265998764276919,4.3123218951279796e-07,True,3.0073647225493938e-05,250,True,3.2150939805433154
cstr,11,High,0.0100038012931925,GWO,20,250,5,19001005,-0.9266003076598814,-0.9263810643311658,0.00021924332871559038,False,0.0006780999447320024,250,True,3.220879996661097
cstr,11,High,0.0100038012931925,GWO,20,250,6,19001006,-0.9266003076598814,-0.9265993894462461,9.18213635348053e-07,True,4.388361378226263e-05,250,True,3.2118390081450343
cstr,11,High,0.0100038012931925,GWO,20,250,7,19001007,-0.9266003076598814,-0.9265440851771366,5.6222482744838764e-05,True,0.0003433883249672337,250,True,3.316039976198226
cstr,11,High,0.0100038012931925,GWO,20,250,8,19001008,-0.9266003076598814,-0.9265947675542727,5.540105608714541e-06,True,0.00010779274637682384,250,True,3.201941028237343
cstr,11,High,0.0100038012931925,GWO,20,250,9,19001009,-0.9266003076598814,-0.9265959636473331,4.344012548340714e-06,True,9.545002597199925e-05,250,True,3.1818440183997154
cstr,11,High,0.0100038012931925,GWO,20,250,10,19001010,-0.9266003076598814,-0.9266002929711574,1.4688724014888521e-08,True,5.550377855004229e-06,250,True,3.2078539952635765
cstr,11,High,0.0100038012931925,GWO,20,250,11,19001011,-0.9266003076598814,-0.926598963266731,1.3443931504708573e-06,True,5.309989483281985e-05,250,True,3.2066539861261845
cstr,11,High,0.0100038012931925,GWO,20,250,12,19001012,-0.9266003076598814,-0.9266002292176544,7.844222704722625e-08,True,1.2826420467473842e-05,250,True,3.251968009863049
cstr,11,High,0.0100038012931925,GWO,20,250,13,19001013,-0.9266003076598814,-0.926576423622703,2.3884037178456552e-05,True,0.00022381252384955086,250,True,3.3134480472654104
cstr,11,High,0.0100038012931925,GWO,20,250,14,19001014,-0.9266003076598814,-0.9265934535392104,6.854120671029307e-06,True,0.00011989646770686063,250,True,3.22361703729257
cstr,11,High,0.0100038012931925,GWO,20,250,15,19001015,-0.9266003076598814,-0.9266002686818293,3.8978052119276185e-08,True,9.041501945597497e-06,250,True,3.1909929821267724
cstr,11,High,0.0100038012931925,GWO,20,250,16,19001016,-0.9266003076598814,-0.9265527045544952,4.7603105386206934e-05,True,0.000315971678896243,250,True,3.196705016307533
cstr,11,High,0.0100038012931925,GWO,20,250,17,19001017,-0.9266003076598814,-0.9265957301868522,4.577473029288015e-06,True,9.798134852853635e-05,250,True,3.2341739861294627
cstr,11,High,0.0100038012931925,GWO,20,250,18,19001018,-0.9266003076598814,-0.9265612485935242,3.9059066357260974e-05,True,0.00028621437639644864,250,True,3.2083059777505696
cstr,11,High,0.0100038012931925,GWO,20,250,19,19001019,-0.9266003076598814,-0.9265867610435208,1.3546616360660124e-05,True,0.0001685566655272655,250,True,3.2069640001282096
cstr,11,High,0.0100038012931925,GWO,20,250,20,19001020,-0.9266003076598814,-0.9265967583921276,3.549267753810703e-06,True,8.627796579748631e-05,250,True,3.1930790282785892
cstr,11,High,0.0100038012931925,GWO,20,250,21,19001021,-0.9266003076598814,-0.9266001287699639,1.78889917545888e-07,True,1.9369724658657717e-05,250,True,3.1821320299059153
cstr,11,High,0.0100038012931925,GWO,20,250,22,19001022,-0.9266003076598814,-0.9266003060740626,1.5858188096018466e-09,True,1.823716380300322e-06,250,True,3.1972400029189885
cstr,11,High,0.0100038012931925,GWO,20,250,23,19001023,-0.9266003076598814,-0.9266002735951566,3.406472481870537e-08,True,8.452456746479986e-06,250,True,3.193299053236842
cstr,11,High,0.0100038012931925,GWO,20,250,24,19001024,-0.9266003076598814,-0.9264571356049607,0.00014317205492075935,False,0.0005479736110700073,250,True,3.2570069888606668
cstr,11,High,0.0100038012931925,GWO,20,250,25,19001025,-0.9266003076598814,-0.9264761086701847,0.00012419898969673326,False,0.0005103751809364537,250,True,3.306824015453458
cstr,11,High,0.0100038012931925,GWO,20,250,26,19001026,-0.9266003076598814,-0.9265968989031892,3.4087566922469392e-06,True,8.455290185131747e-05,250,True,3.2918979995884
cstr,11,High,0.0100038012931925,GWO,20,250,27,19001027,-0.9266003076598814,-0.9265775704809266,2.2737178954845838e-05,True,0.0002183729320573008,250,True,3.2585220178589225
cstr,11,High,0.0100038012931925,GWO,20,250,28,19001028,-0.9266003076598814,-0.9264548784225893,0.0001454292372921051,False,0.0005522762643661791,250,True,3.2278630533255637
cstr,11,High,0.0100038012931925,GWO,20,250,29,19001029,-0.9266003076598814,-0.9265988169948223,1.4906650591672843e-06,True,5.591399860487012e-05,250,True,3.2126089790835977
cstr,11,High,0.0100038012931925,GWO,20,500,0,19001000,-0.9266003076598814,-0.9266003055374133,2.1224680901710258e-09,True,2.109847657950914e-06,500,True,6.719626020640135
cstr,11,High,0.0100038012931925,GWO,20,500,1,19001001,-0.9266003076598814,-0.9266002232020998,8.445778165722118e-08,True,1.3309150930548852e-05,500,True,6.751419976353645
cstr,11,High,0.0100038012931925,GWO,20,500,2,19001002,-0.9266003076598814,-0.9265991237798115,1.1838800699770502e-06,True,4.9829252256376744e-05,500,True,6.759540003258735
cstr,11,High,0.0100038012931925,GWO,20,500,3,19001003,-0.9266003076598814,-0.926600297758851,9.90103043996271e-09,True,4.556912709757777e-06,500,True,6.749585969373584
cstr,11,High,0.0100038012931925,GWO,20,500,4,19001004,-0.9266003076598814,-0.9265991670237581,1.1406361233312623e-06,True,4.891072225622628e-05,500,True,6.736325973179191
cstr,11,High,0.0100038012931925,GWO,20,500,5,19001005,-0.9266003076598814,-0.9265977852818053,2.5223780761862713e-06,True,7.273368759508347e-05,500,True,6.737604970112443
cstr,11,High,0.0100038012931925,GWO,20,500,6,19001006,-0.9266003076598814,-0.9265933192311194,6.988428762011445e-06,True,0.00012106546838332177,500,True,6.7638460313901305
cstr,11,High,0.0100038012931925,GWO,20,500,7,19001007,-0.9266003076598814,-0.926596048242001,4.259417880403404e-06,True,9.451606671664198e-05,500,True,6.747684034053236
cstr,11,High,0.0100038012931925,GWO,20,500,8,19001008,-0.9266003076598814,-0.9266001498295554,1.578303260307834e-07,True,1.819389743189237e-05,500,True,6.702393002342433
cstr,11,High,0.0100038012931925,GWO,20,500,9,19001009,-0.9266003076598814,-0.9266002602460737,4.741380776884796e-08,True,9.972015176690219e-06,500,True,6.743778008967638
cstr,11,High,0.0100038012931925,GWO,20,500,10,19001010,-0.9266003076598814,-0.9265920600434603,8.247616421153126e-06,True,0.00013152089109377124,500,True,6.646430992987007
cstr,11,High,0.0100038012931925,GWO,20,500,11,19001011,-0.9266003076598814,-0.9266002718554059,3.5804475495559984e-08,True,8.665610650077094e-06,500,True,6.734459020663053
cstr,11,High,0.0100038012931925,GWO,20,500,12,19001012,-0.9266003076598814,-0.9265952187580101,5.088901871341811e-06,True,0.00010331004569056473,500,True,6.724943988956511
cstr,11,High,0.0100038012931925,GWO,20,500,13,19001013,-0.9266003076598814,-0.9266002840258971,2.3633984325144297e-08,True,7.040426760515639e-06,500,True,6.746362952981144
cstr,11,High,0.0100038012931925,GWO,20,500,14,19001014,-0.9266003076598814,-0.9265990147319785,1.2929279029627594e-06,True,5.207360799443922e-05,500,True,6.707936991006136
cstr,11,High,0.0100038012931925,GWO,20,500,15,19001015,-0.9266003076598814,-0.9266003076587106,1.17084120176969e-12,True,4.9551160938299255e-08,500,True,6.737279996741563
cstr,11,High,0.0100038012931925,GWO,20,500,16,19001016,-0.9266003076598814,-0.9266002519450897,5.571479178012595e-08,True,1.0809753019952462e-05,500,True,6.719736964441836
cstr,11,High,0.0100038012931925,GWO,20,500,17,19001017,-0.9266003076598814,-0.9266003020170894,5.64279201142881e-09,True,3.440151214686993e-06,500,True,6.776599970180541
cstr,11,High,0.0100038012931925,GWO,20,500,18,19001018,-0.9266003076598814,-0.9265996773678773,6.302920041445503e-07,True,3.635811961953672e-05,500,True,6.652525044046342
cstr,11,High,0.0100038012931925,GWO,20,500,19,19001019,-0.9266003076598814,-0.9266002362918007,7.136808077845558e-08,True,1.2234395741918258e-05,500,True,6.676356017123908
cstr,11,High,0.0100038012931925,GWO,20,500,20,19001020,-0.9266003076598814,-0.9266002972500087,1.040987274159022e-08,True,4.672542113094702e-06,500,True,6.5760809811763465
cstr,11,High,0.0100038012931925,GWO,20,500,21,19001021,-0.9266003076598814,-0.9265926308501837,7.676809697709785e-06,True,0.000126888102462544,500,True,6.61390699679032
cstr,11,High,0.0100038012931925,GWO,20,500,22,19001022,-0.9266003076598814,-0.926598732994859,1.5746650224857106e-06,True,5.7467804505204056e-05,500,True,6.728145992383361
cstr,11,High,0.0100038012931925,GWO,20,500,23,19001023,-0.9266003076598814,-0.9265999771784794,3.304814020221869e-07,True,2.632716088755288e-05,500,True,6.689252972137183
cstr,11,High,0.0100038012931925,GWO,20,500,24,19001024,-0.9266003076598814,-0.9265997739419074,5.337179740383391e-07,True,3.345695635734863e-05,500,True,6.677245022729039
cstr,11,High,0.0100038012931925,GWO,20,500,25,19001025,-0.9266003076598814,-0.926599267060358,1.0405995234386012e-06,True,4.6716718219673437e-05,500,True,6.56642799731344
cstr,11,High,0.0100038012931925,GWO,20,500,26,19001026,-0.9266003076598814,-0.9265987480051912,1.559654690286294e-06,True,5.719324567443618e-05,500,True,6.544123985804617
cstr,11,High,0.0100038012931925,GWO,20,500,27,19001027,-0.9266003076598814,-0.9266002827237227,2.4936158693478205e-08,True,7.231781417899041e-06,500,True,6.706306012347341
cstr,11,High,0.0100038012931925,GWO,20,500,28,19001028,-0.9266003076598814,-0.9266000624582493,2.452016321097261e-07,True,2.267734428124113e-05,500,True,6.646452995482832
cstr,11,High,0.0100038012931925,GWO,20,500,29,19001029,-0.9266003076598814,-0.9266000299089521,2.7775092936721535e-07,True,2.4135609782517664e-05,500,True,6.767294951714575
cstr,11,High,0.0100038012931925,GWO,20,1000,0,19001000,-0.9266003076598814,-0.9265980604690884,2.247190793003284e-06,True,6.865157239881181e-05,1000,True,13.511496013961732
cstr,11,High,0.0100038012931925,GWO,20,1000,1,19001001,-0.9266003076598814,-0.9266002270034595,8.065642198573642e-08,True,1.3006186904973571e-05,1000,True,13.550002011470497
cstr,11,High,0.0100038012931925,GWO,20,1000,2,19001002,-0.9266003076598814,-0.9266002743941685,3.3265712962027294e-08,True,8.35273942487863e-06,1000,True,13.645328988786787
cstr,11,High,0.0100038012931925,GWO,20,1000,3,19001003,-0.9266003076598814,-0.9266003048663736,2.793507869469636e-09,True,2.4205020261874877e-06,1000,True,13.356839015614241
cstr,11,High,0.0100038012931925,GWO,20,1000,4,19001004,-0.9266003076598814,-0.9266002878573725,1.980250896593816e-08,True,6.444520699075418e-06,1000,True,13.535514008253813
cstr,11,High,0.0100038012931925,GWO,20,1000,5,19001005,-0.9266003076598814,-0.9266003054694674,2.1904140723449927e-09,True,2.1433525289882294e-06,1000,True,13.391510001383722
cstr,11,High,0.0100038012931925,GWO,20,1000,6,19001006,-0.9266003076598814,-0.9266002367510803,7.090880116411569e-08,True,1.2194965788046852e-05,1000,True,13.519210973754525
cstr,11,High,0.0100038012931925,GWO,20,1000,7,19001007,-0.9266003076598814,-0.9266002493529703,5.8306911188132915e-08,True,1.1058355120462104e-05,1000,True,13.57605104567483
cstr,11,High,0.0100038012931925,GWO,20,1000,8,19001008,-0.9266003076598814,-0.9266001466814363,1.6097844512952264e-07,True,1.8374451315562867e-05,1000,True,13.534660974983126
cstr,11,High,0.0100038012931925,GWO,20,1000,9,19001009,-0.9266003076598814,-0.9266001244424944,1.8321738703974688e-07,True,1.9602608116585374e-05,1000,True,13.630430039484054
cstr,11,High,0.0100038012931925,GWO,20,1000,10,19001010,-0.9266003076598814,-0.9266001589107359,1.4874914555651486e-07,True,1.766272695499782e-05,1000,True,13.608757988549769
cstr,11,High,0.0100038012931925,GWO,20,1000,11,19001011,-0.9266003076598814,-0.9266001607250625,1.4693481897865013e-07,True,1.755467834051172e-05,1000,True,13.397553004324436
cstr,11,High,0.0100038012931925,GWO,20,1000,12,19001012,-0.9266003076598814,-0.9266001693004047,1.3835947676454907e-07,True,1.7034718870517773e-05,1000,True,13.259660976473242
cstr,11,High,0.0100038012931925,GWO,20,1000,13,19001013,-0.9266003076598814,-0.9266000180646907,2.8959519071669604e-07,True,2.464485049357562e-05,1000,True,13.270648021716624
cstr,11,High,0.0100038012931925,GWO,20,1000,14,19001014,-0.9266003076598814,-0.9265998629795495,4.446803318902681e-07,True,3.0538976362959325e-05,1000,True,13.239220017567277
cstr,11,High,0.0100038012931925,GWO,20,1000,15,19001015,-0.9266003076598814,-0.9265999959973448,3.116625366672565e-07,True,2.556659053194743e-05,1000,True,13.301342027261853
cstr,11,High,0.0100038012931925,GWO,20,1000,16,19001016,-0.9266003076598814,-0.9266003076588224,1.0590417431899368e-12,True,4.712651374000343e-08,1000,True,13.283400039654225
cstr,11,High,0.0100038012931925,GWO,20,1000,17,19001017,-0.9266003076598814,-0.9266002607979003,4.686198118442064e-08,True,9.913815623513456e-06,1000,True,13.324169965926558
cstr,11,High,0.0100038012931925,GWO,20,1000,18,19001018,-0.9266003076598814,-0.9266003025827501,5.077131381980848e-09,True,3.263170123654624e-06,1000,True,13.28509603627026
cstr,11,High,0.0100038012931925,GWO,20,1000,19,19001019,-0.9266003076598814,-0.9266002329289895,7.473089191911697e-08,True,1.2519315890323346e-05,1000,True,13.252327975351363
cstr,11,High,0.0100038012931925,GWO,20,1000,20,19001020,-0.9266003076598814,-0.92660006653866,2.411212214337155e-07,True,2.2487865377562866e-05,1000,True,13.374803005717695
cstr,11,High,0.0100038012931925,GWO,20,1000,21,19001021,-0.9266003076598814,-0.9266002988594506,8.800430828515005e-09,True,4.296180117810411e-06,1000,True,13.517389015760273
cstr,11,High,0.0100038012931925,GWO,20,1000,22,19001022,-0.9266003076598814,-0.9266001702368356,1.374230458317527e-07,True,1.6976974652749277e-05,1000,True,13.496090017724782
cstr,11,High,0.0100038012931925,GWO,20,1000,23,19001023,-0.9266003076598814,-0.9266002916270437,1.603283772411146e-08,True,5.798767730755272e-06,1000,True,13.642040023114532
cstr,11,High,0.0100038012931925,GWO,20,1000,24,19001024,-0.9266003076598814,-0.9266003045440669,3.1158144953025158e-09,True,2.5563264016495446e-06,1000,True,13.632391986902803
cstr,11,High,0.0100038012931925,GWO,20,1000,25,19001025,-0.9266003076598814,-0.9266002831071738,2.455270764478712e-08,True,7.175963314648426e-06,1000,True,13.66228301776573
cstr,11,High,0.0100038012931925,GWO,20,1000,26,19001026,-0.9266003076598814,-0.9265998742296238,4.334302576847193e-07,True,3.0150195206080088e-05,1000,True,13.697972986847162
cstr,11,High,0.0100038012931925,GWO,20,1000,27,19001027,-0.9266003076598814,-0.9266003075722713,8.761014136382528e-11,True,4.286545592507851e-07,1000,True,13.80185503512621
cstr,11,High,0.0100038012931925,GWO,20,1000,28,19001028,-0.9266003076598814,-0.9266000363599043,2.7129997715036325e-07,True,2.3853680279142808e-05,1000,True,13.600956997834146
cstr,11,High,0.0100038012931925,GWO,20,1000,29,19001029,-0.9266003076598814,-0.9265996274541937,6.802056877752705e-07,True,3.77703183089273e-05,1000,True,13.695649045985192
cstr,11,High,0.0100038012931925,GWO,20,2000,0,19001000,-0.9266003076598814,-0.9266001715667533,1.3609312810025642e-07,True,1.689462721433943e-05,2000,True,27.48214697930962
cstr,11,High,0.0100038012931925,GWO,20,2000,1,19001001,-0.9266003076598814,-0.9266003015471574,6.112723993645375e-09,True,3.580534887366593e-06,2000,True,27.661639964208007
cstr,11,High,0.0100038012931925,GWO,20,2000,2,19001002,-0.9266003076598814,-0.9266002981649523,9.494929176234734e-09,True,4.46248098420754e-06,2000,True,27.56642800522968
cstr,11,High,0.0100038012931925,GWO,20,2000,3,19001003,-0.9266003076598814,-0.9266002805734349,2.7086446530155683e-08,True,7.537139104549229e-06,2000,True,27.432735019829124
cstr,11,High,0.0100038012931925,GWO,20,2000,4,19001004,-0.9266003076598814,-0.926599666606829,6.410530524192382e-07,True,3.6667179249105786e-05,2000,True,27.512773987837136
cstr,11,High,0.0100038012931925,GWO,20,2000,5,19001005,-0.9266003076598814,-0.9266003060970291,1.5628522920252408e-09,True,1.810462178633565e-06,2000,True,27.67683897400275
cstr,11,High,0.0100038012931925,GWO,20,2000,6,19001006,-0.9266003076598814,-0.9266003068109981,8.488832969888449e-10,True,1.3343030295653868e-06,2000,True,27.654347999487072
cstr,11,High,0.0100038012931925,GWO,20,2000,7,19001007,-0.9266003076598814,-0.9266001211011479,1.8655873357253938e-07,True,1.9780547476012933e-05,2000,True,27.579506975598633
cstr,11,High,0.0100038012931925,GWO,20,2000,8,19001008,-0.9266003076598814,-0.9266002934554215,1.4204459941602465e-08,True,5.458117417637964e-06,2000,True,27.348898991476744
cstr,11,High,0.0100038012931925,GWO,20,2000,9,19001009,-0.9266003076598814,-0.926600307396003,2.63878474626722e-10,True,7.439304524486934e-07,2000,True,27.43322099559009
cstr,11,High,0.0100038012931925,GWO,20,2000,10,19001010,-0.9266003076598814,-0.926600298945995,8.713886390232517e-09,True,4.275003366860375e-06,2000,True,27.30042999610305
cstr,11,High,0.0100038012931925,GWO,20,2000,11,19001011,-0.9266003076598814,-0.9266002701845802,3.7475301195577515e-08,True,8.86549686006377e-06,2000,True,27.385141991544515
cstr,11,High,0.0100038012931925,GWO,20,2000,12,19001012,-0.9266003076598814,-0.9266001817066283,1.2595325316056005e-07,True,1.625306266672677e-05,2000,True,27.389215014409274
cstr,11,High,0.0100038012931925,GWO,20,2000,13,19001013,-0.9266003076598814,-0.9266003045300304,3.1298510450028516e-09,True,2.562077970058585e-06,2000,True,27.465162973385304
cstr,11,High,0.0100038012931925,GWO,20,2000,14,19001014,-0.9266003076598814,-0.9265998394962325,4.6816364895896356e-07,True,3.133497554703296e-05,2000,True,27.597930980846286
cstr,11,High,0.0100038012931925,GWO,20,2000,15,19001015,-0.9266003076598814,-0.9266003071893532,4.70528283003091e-10,True,9.933981333920539e-07,2000,True,27.816635963972658
cstr,11,High,0.0100038012931925,GWO,20,2000,16,19001016,-0.9266003076598814,-0.9266003068302767,8.296047182554389e-10,True,1.3190646801219952e-06,2000,True,27.361223998013884
cstr,11,High,0.0100038012931925,GWO,20,2000,17,19001017,-0.9266003076598814,-0.9266003006848182,6.9750631936926766e-09,True,3.824763497792261e-06,2000,True,27.422787970863283
cstr,11,High,0.0100038012931925,GWO,20,2000,18,19001018,-0.9266003076598814,-0.9266003010881938,6.571687638512458e-09,True,3.7125214548405783e-06,2000,True,27.231062995269895
cstr,11,High,0.0100038012931925,GWO,20,2000,19,19001019,-0.9266003076598814,-0.9266003055840595,2.0758219587690974e-09,True,2.086534500296555e-06,2000,True,27.03107800334692
cstr,11,High,0.0100038012931925,GWO,20,2000,20,19001020,-0.9266003076598814,-0.9266002660605095,4.159937194714303e-08,True,9.340581211325638e-06,2000,True,27.198823052458465
cstr,11,High,0.0100038012931925,GWO,20,2000,21,19001021,-0.9266003076598814,-0.9266002557648039,5.189507756853118e-08,True,1.0432624990716621e-05,2000,True,27.412049006670713
cstr,11,High,0.0100038012931925,GWO,20,2000,22,19001022,-0.9266003076598814,-0.926600262071162,4.558871946613863e-08,True,9.778206676185064e-06,2000,True,27.56894298363477
cstr,11,High,0.0100038012931925,GWO,20,2000,23,19001023,-0.9266003076598814,-0.9266002965489724,1.1110909081679665e-08,True,4.827311326317807e-06,2000,True,27.24377001868561
cstr,11,High,0.0100038012931925,GWO,20,2000,24,19001024,-0.9266003076598814,-0.9266002720416885,3.561819295061497e-08,True,8.643038642619505e-06,2000,True,27.12974400492385
cstr,11,High,0.0100038012931925,GWO,20,2000,25,19001025,-0.9266003076598814,-0.926600172937015,1.347228664183575e-07,True,1.68093597680552e-05,2000,True,27.27444499032572
cstr,11,High,0.0100038012931925,GWO,20,2000,26,19001026,-0.9266003076598814,-0.9266001501294772,1.5753040427668452e-07,True,1.817660246587055e-05,2000,True,27.288768033031374
cstr,11,High,0.0100038012931925,GWO,20,2000,27,19001027,-0.9266003076598814,-0.9266002445555421,6.310433930956094e-08,True,1.1504298112433031e-05,2000,True,27.14605600340292
cstr,11,High,0.0100038012931925,GWO,20,2000,28,19001028,-0.9266003076598814,-0.9266003072721551,3.8772629551431237e-10,True,9.017640875685906e-07,2000,True,26.973227970302105
cstr,11,High,0.0100038012931925,GWO,20,2000,29,19001029,-0.9266003076598814,-0.9266003071000126,5.598688179730971e-10,True,1.0836114567314148e-06,2000,True,26.99517400469631
cstr,11,High,0.0100038012931925,GWO,20,5000,0,19001000,-0.9266003076598814,-0.9266003063034334,1.3564480649819188e-09,True,1.686677625310773e-06,5000,True,67.50194099731743
cstr,11,High,0.0100038012931925,GWO,20,5000,1,19001001,-0.9266003076598814,-0.9266003073489553,3.109261736966573e-10,True,8.075305309440672e-07,5000,True,68.43533198116347
cstr,11,High,0.0100038012931925,GWO,20,5000,2,19001002,-0.9266003076598814,-0.9266003024151614,5.2447199916372256e-09,True,3.3165890455585934e-06,5000,True,67.98798602540046
cstr,11,High,0.0100038012931925,GWO,20,5000,3,19001003,-0.9266003076598814,-0.9266002990206725,8.639208903815643e-09,True,4.256645686387395e-06,5000,True,68.1817620061338
cstr,11,High,0.0100038012931925,GWO,20,5000,4,19001004,-0.9266003076598814,-0.926600307451249,2.0863244465374464e-10,True,6.614869405979773e-07,5000,True,68.08081001508981
cstr,11,High,0.0100038012931925,GWO,20,5000,5,19001005,-0.9266003076598814,-0.9266003060211766,1.6387048384913783e-09,True,1.8538767587727989e-06,5000,True,68.52594297379255
cstr,11,High,0.0100038012931925,GWO,20,5000,6,19001006,-0.9266003076598814,-0.9266003073974797,2.6240176698166806e-10,True,7.418461966807177e-07,5000,True,67.65764195006341
cstr,11,High,0.0100038012931925,GWO,20,5000,7,19001007,-0.9266003076598814,-0.9266003073901403,2.697411183305576e-10,True,7.52149237649713e-07,5000,True,67.32784397900105
cstr,11,High,0.0100038012931925,GWO,20,5000,8,19001008,-0.9266003076598814,-0.9266003076592568,6.246114736541131e-13,True,3.618923703763155e-08,5000,True,67.45420600054786
cstr,11,High,0.0100038012931925,GWO,20,5000,9,19001009,-0.9266003076598814,-0.9266003072829948,3.7688663301338465e-10,True,8.890698972863209e-07,5000,True,67.12921598227695
cstr,11,High,0.0100038012931925,GWO,20,5000,10,19001010,-0.9266003076598814,-0.9266003067602548,8.9962659544085e-10,True,1.373604325061173e-06,5000,True,68.41721798991784
cstr,11,High,0.0100038012931925,GWO,20,5000,11,19001011,-0.9266003076598814,-0.9266003076531688,6.7126304514886215e-12,True,1.1865137219957411e-07,5000,True,68.623221013695
cstr,11,High,0.0100038012931925,GWO,20,5000,12,19001012,-0.9266003076598814,-0.9266003034563874,4.203493997323449e-09,True,2.9691744933835196e-06,5000,True,68.39101295918226
cstr,11,High,0.0100038012931925,GWO,20,5000,13,19001013,-0.9266003076598814,-0.9266002680026291,3.96572523708727e-08,True,9.119936727509936e-06,5000,True,68.12347704544663
cstr,11,High,0.0100038012931925,GWO,20,5000,14,19001014,-0.9266003076598814,-0.9266003064408416,1.2190398690492543e-09,True,1.5989668005547686e-06,5000,True,67.82882899278775
cstr,11,High,0.0100038012931925,GWO,20,5000,15,19001015,-0.9266003076598814,-0.9266003064049901,1.2548913019827523e-09,True,1.6223088802821972e-06,5000,True,68.00195801770315
cstr,11,High,0.0100038012931925,GWO,20,5000,16,19001016,-0.9266003076598814,-0.9266003066007921,1.0590893717576932e-09,True,1.4903792414852624e-06,5000,True,67.77692603645846
cstr,11,High,0.0100038012931925,GWO,20,5000,17,19001017,-0.9266003076598814,-0.926600306947646,7.122354928057462e-10,True,1.2222001770367807e-06,5000,True,67.6604569889605
cstr,11,High,0.0100038012931925,GWO,20,5000,18,19001018,-0.9266003076598814,-0.9266003027418865,4.9179949002109424e-09,True,3.2116228986037165e-06,5000,True,68.30857001477852
cstr,11,High,0.0100038012931925,GWO,20,5000,19,19001019,-0.9266003076598814,-0.9266003051404756,2.5194057950983506e-09,True,2.2986856150000734e-06,5000,True,68.74439201783389
cstr,11,High,0.0100038012931925,GWO,20,5000,20,19001020,-0.9266003076598814,-0.9266003072956641,3.642173229678747e-10,True,8.739985529956917e-07,5000,True,67.95377400703728
cstr,11,High,0.0100038012931925,GWO,20,5000,21,19001021,-0.9266003076598814,-0.9266003076559586,3.922862035210528e-12,True,9.070192523441545e-08,5000,True,67.86979001481086
cstr,11,High,0.0100038012931925,GWO,20,5000,22,19001022,-0.9266003076598814,-0.9266003068795902,7.802912760368486e-10,True,1.2792600179306612e-06,5000,True,67.54525197902694
cstr,11,High,0.0100038012931925,GWO,20,5000,23,19001023,-0.9266003076598814,-0.9266003044019366,3.2579448028258184e-09,True,2.6139807365183065e-06,5000,True,68.19445500150323
cstr,11,High,0.0100038012931925,GWO,20,5000,24,19001024,-0.9266003076598814,-0.9266003069650051,6.948763786596146e-10,True,1.2072138553670397e-06,5000,True,68.06422199588269
cstr,11,High,0.0100038012931925,GWO,20,5000,25,19001025,-0.9266003076598814,-0.9266003073314832,3.2839819752439325e-10,True,8.299096078689949e-07,5000,True,67.87059298949316
cstr,11,High,0.0100038012931925,GWO,20,5000,26,19001026,-0.9266003076598814,-0.9266003038848898,3.7749916526053084e-09,True,2.8137694253263512e-06,5000,True,68.57760599814355
cstr,11,High,0.0100038012931925,GWO,20,5000,27,19001027,-0.9266003076598814,-0.9266003076049871,5.489431131877609e-11,True,3.393073224541854e-07,5000,True,68.06847103871405
cstr,11,High,0.0100038012931925,GWO,20,5000,28,19001028,-0.9266003076598814,-0.9266003055841289,2.0757525698300583e-09,True,2.0864995540978426e-06,5000,True,68.36066395044327
cstr,11,High,0.0100038012931925,GWO,20,5000,29,19001029,-0.9266003076598814,-0.9266002860488547,2.161102674591575e-08,True,6.732373684405213e-06,5000,True,68.77939897822216
cstr,11,High,0.0100038012931925,PSO,8,250,0,19002000,-0.9266003076598814,-0.926566728001821,3.357965806038976e-05,True,0.00026538028128621216,250,True,1.2502939789555967
cstr,11,High,0.0100038012931925,PSO,8,250,1,19002001,-0.9266003076598814,-0.5487136492217248,0.3778866584381566,False,0.478104141161354,250,True,1.2321019894443452
cstr,11,High,0.0100038012931925,PSO,8,250,2,19002002,-0.9266003076598814,-0.9264681856542467,0.0001321220056347272,False,0.0005264026830996416,250,True,1.2004339951090515
cstr,11,High,0.0100038012931925,PSO,8,250,3,19002003,-0.9266003076598814,-0.9264685255468801,0.00013178211300135523,False,0.0005257251441356595,250,True,1.1941770208068192
cstr,11,High,0.0100038012931925,PSO,8,250,4,19002004,-0.9266003076598814,-0.8536160292816914,0.07298427837818999,False,0.012372149937041603,250,True,1.194413984194398
cstr,11,High,0.0100038012931925,PSO,8,250,5,19002005,-0.9266003076598814,-0.9265850236999853,1.528395989613962e-05,True,0.0001790393366462792,250,True,1.208022003993392
cstr,11,High,0.0100038012931925,PSO,8,250,6,19002006,-0.9266003076598814,-0.9265614933516155,3.8814308265910924e-05,True,0.00028531620625334153,250,True,1.2017560075037181
cstr,11,High,0.0100038012931925,PSO,8,250,7,19002007,-0.9266003076598814,-0.9265967889412929,3.5187185885021677e-06,True,8.590585863225975e-05,250,True,1.2220059870742261
cstr,11,High,0.0100038012931925,PSO,8,250,8,19002008,-0.9266003076598814,-0.9264864861308096,0.00011382152907180032,False,0.0004885879177777414,250,True,1.2277420028112829
cstr,11,High,0.0100038012931925,PSO,8,250,9,19002009,-0.9266003076598814,-0.9265945496279799,5.758031901503813e-06,True,0.00010989237227406606,250,True,1.2342759873718023
cstr,11,High,0.0100038012931925,PSO,8,250,10,19002010,-0.9266003076598814,-0.926479734338298,0.00012057332158343925,False,0.0005028704637229583,250,True,1.235822041053325
cstr,11,High,0.0100038012931925,PSO,8,250,11,19002011,-0.9266003076598814,-0.9254103108021272,0.0011899968577542275,False,0.0015798047768743675,250,True,1.2260930379852653
cstr,11,High,0.0100038012931925,PSO,8,250,12,19002012,-0.9266003076598814,-0.6902990931106048,0.23630121454927666,False,0.27416861836211115,250,True,1.2027129996567965
cstr,11,High,0.0100038012931925,PSO,8,250,13,19002013,-0.9266003076598814,-0.9251938997054237,0.001406407954457789,False,0.0017174581862161795,250,True,1.1925919679924846
cstr,11,High,0.0100038012931925,PSO,8,250,14,19002014,-0.9266003076598814,-0.85318968132944,0.07341062633044149,False,0.031926797523132294,250,True,1.1836650082841516
cstr,11,High,0.0100038012931925,PSO,8,250,15,19002015,-0.9266003076598814,-0.9265753984029599,2.4909256921556988e-05,True,0.0002285656175922135,250,True,1.1812940356321633
cstr,11,High,0.0100038012931925,PSO,8,250,16,19002016,-0.9266003076598814,-0.9264592193054684,0.00014108835441306589,False,0.0005439714409659485,250,True,1.191984978504479
cstr,11,High,0.0100038012931925,PSO,8,250,17,19002017,-0.9266003076598814,-0.925265379867136,0.0013349277927454661,False,0.0016732444874141897,250,True,1.1951579945161939
cstr,11,High,0.0100038012931925,PSO,8,250,18,19002018,-0.9266003076598814,-0.9265932527724863,7.054887395163689e-06,True,0.00012163976109209884,250,True,1.1953459470532835
cstr,11,High,0.0100038012931925,PSO,8,250,19,19002019,-0.9266003076598814,-0.9265998332148371,4.7444504436278123e-07,True,3.1544487269337396e-05,250,True,1.1932420311495662
cstr,11,High,0.0100038012931925,PSO,8,250,20,19002020,-0.9266003076598814,-0.926600204884471,1.0277541040437654e-07,True,1.4681658733403657e-05,250,True,1.1720500187948346
cstr,11,High,0.0100038012931925,PSO,8,250,21,19002021,-0.9266003076598814,-0.9266003065578554,1.102026025989744e-09,True,1.5202900182711976e-06,250,True,1.184560009278357
cstr,11,High,0.0100038012931925,PSO,8,250,22,19002022,-0.9266003076598814,-0.925019926405891,0.0015803812539904039,False,0.0018205870538491112,250,True,1.1579080019146204
cstr,11,High,0.0100038012931925,PSO,8,250,23,19002023,-0.9266003076598814,-0.9263996987043273,0.00020060895555418234,False,0.0006486429075926656,250,True,1.1936810333281755
cstr,11,High,0.0100038012931925,PSO,8,250,24,19002024,-0.9266003076598814,-0.9266000825077383,2.2515214315177445e-07,True,2.173044189608675e-05,250,True,1.165389025118202
cstr,11,High,0.0100038012931925,PSO,8,250,25,19002025,-0.9266003076598814,-0.9265899469670198,1.0360692861643983e-05,True,0.00014740931058886825,250,True,1.1587159824557602
cstr,11,High,0.0100038012931925,PSO,8,250,26,19002026,-0.9266003076598814,-0.9265640327982242,3.627486165724836e-05,True,0.0002758248545126074,250,True,1.1632750392891467
cstr,11,High,0.0100038012931925,PSO,8,250,27,19002027,-0.9266003076598814,-0.9224505305561204,0.0041497771037610764,False,0.0029501418637656526,250,True,1.1706870282068849
cstr,11,High,0.0100038012931925,PSO,8,250,28,19002028,-0.9266003076598814,-0.9265940910476493,6.2166122321016815e-06,True,0.00011418456577198116,250,True,1.1869659647345543
cstr,11,High,0.0100038012931925,PSO,8,250,29,19002029,-0.9266003076598814,-0.9265994630873018,8.445725796502046e-07,True,4.2087100202752026e-05,250,True,1.1812479933723807
cstr,11,High,0.0100038012931925,PSO,8,500,0,19002000,-0.9266003076598814,-0.9266003047890979,2.870783499808738e-09,True,2.453752322127689e-06,500,True,2.305450034327805
cstr,11,High,0.0100038012931925,PSO,8,500,1,19002001,-0.9266003076598814,-0.9266002971680732,1.0491808200008279e-08,True,4.6908946827739495e-06,500,True,2.3478110088035464
cstr,11,High,0.0100038012931925,PSO,8,500,2,19002002,-0.9266003076598814,-0.9266003044248714,3.235010037627717e-09,True,2.604763670761845e-06,500,True,2.3129010223783553
cstr,11,High,0.0100038012931925,PSO,8,500,3,19002003,-0.9266003076598814,-0.9266000830224062,2.2463747528789213e-07,True,2.170559123339938e-05,500,True,2.257458050735295
cstr,11,High,0.0100038012931925,PSO,8,500,4,19002004,-0.9266003076598814,-0.9265999646574788,3.430024025918854e-07,True,2.6821255072438654e-05,500,True,2.2545820102095604
cstr,11,High,0.0100038012931925,PSO,8,500,5,19002005,-0.9266003076598814,-0.9265999088925381,3.987673433680783e-07,True,2.8919468551213967e-05,500,True,2.2841820027679205
cstr,11,High,0.0100038012931925,PSO,8,500,6,19002006,-0.9266003076598814,-0.9266003063443058,1.3155756484195535e-09,True,1.661071919449586e-06,500,True,2.302454027812928
cstr,11,High,0.0100038012931925,PSO,8,500,7,19002007,-0.9266003076598814,-0.9266003000763775,7.583503935926217e-09,True,3.988094754617255e-06,500,True,2.3457040078938007
cstr,11,High,0.0100038012931925,PSO,8,500,8,19002008,-0.9266003076598814,-0.9266003076576979,2.183586644832758e-12,True,6.766916515327237e-08,500,True,2.3384050000458956
cstr,11,High,0.0100038012931925,PSO,8,500,9,19002009,-0.9266003076598814,-0.9265975903976728,2.717262208684623e-06,True,7.549119318382008e-05,500,True,2.2985260002315044
cstr,11,High,0.0100038012931925,PSO,8,500,10,19002010,-0.9266003076598814,-0.9266002181587654,8.95011160739756e-08,True,1.3700762589920201e-05,500,True,2.300448017194867
cstr,11,High,0.0100038012931925,PSO,8,500,11,19002011,-0.9266003076598814,-0.9266002896618059,1.799807558544586e-08,True,6.143891703773441e-06,500,True,2.305254980456084
cstr,11,High,0.0100038012931925,PSO,8,500,12,19002012,-0.9266003076598814,-0.9265997024519681,6.052079133400667e-07,True,3.562729209069526e-05,500,True,2.3286789655685425
cstr,11,High,0.0100038012931925,PSO,8,500,13,19002013,-0.9266003076598814,-0.9265999184370612,3.8922282019626664e-07,True,2.8571277730739253e-05,500,True,2.3492929758504033
cstr,11,High,0.0100038012931925,PSO,8,500,14,19002014,-0.9266003076598814,-0.9266003062495362,1.410345285002279e-09,True,1.719860650374605e-06,500,True,2.3650109651498497
cstr,11,High,0.0100038012931925,PSO,8,500,15,19002015,-0.9266003076598814,-0.9266003073760942,2.837872159489052e-10,True,7.714837230166083e-07,500,True,2.3607350303791463
cstr,11,High,0.0100038012931925,PSO,8,500,16,19002016,-0.9266003076598814,-0.9266001967613346,1.1089854679013911e-07,True,1.525082868943789e-05,500,True,2.307569026015699
cstr,11,High,0.0100038012931925,PSO,8,500,17,19002017,-0.9266003076598814,-0.9266002996827594,7.977122074009912e-09,True,4.090285605676258e-06,500,True,2.309913979843259
cstr,11,High,0.0100038012931925,PSO,8,500,18,19002018,-0.9266003076598814,-0.9266000862196193,2.2144026212700396e-07,True,2.155057234348029e-05,500,True,2.313766977749765
cstr,11,High,0.0100038012931925,PSO,8,500,19,19002019,-0.9266003076598814,-0.9266003060139008,1.6459806850832592e-09,True,1.8579878335658884e-06,500,True,2.320836007129401
cstr,11,High,0.0100038012931925,PSO,8,500,20,19002020,-0.9266003076598814,-0.9266002991748452,8.485036229188836e-09,True,4.21849330275309e-06,500,True,2.3374740267172456
cstr,11,High,0.0100038012931925,PSO,8,500,21,19002021,-0.9266003076598814,-0.9266003076396128,2.0268675626766708e-11,True,2.061773234987574e-07,500,True,2.318684011697769
cstr,11,High,0.0100038012931925,PSO,8,500,22,19002022,-0.9266003076598814,-0.9266003076532544,6.627032256290022e-12,True,1.1789182157578848e-07,500,True,2.296595019288361
cstr,11,High,0.0100038012931925,PSO,8,500,23,19002023,-0.9266003076598814,-0.9266001583474326,1.4931244884941464e-07,True,1.769613914969631e-05,500,True,2.298375009559095
cstr,11,High,0.0100038012931925,PSO,8,500,24,19002024,-0.9266003076598814,-0.9266000266083636,2.81051517836417e-07,True,2.4278591218201973e-05,500,True,2.308495983015746
cstr,11,High,0.0100038012931925,PSO,8,500,25,19002025,-0.9266003076598814,-0.9266003076090963,5.078515386003346e-11,True,3.2636093184185144e-07,500,True,2.29718501213938
cstr,11,High,0.0100038012931925,PSO,8,500,26,19002026,-0.9266003076598814,-0.9266003066170249,1.042856578870044e-09,True,1.4789135718770718e-06,500,True,2.30322900461033
cstr,11,High,0.0100038012931925,PSO,8,500,27,19002027,-0.9266003076598814,-0.9266003042670936,3.3927878284600865e-09,True,2.6675271783613286e-06,500,True,2.3209110368043184
cstr,11,High,0.0100038012931925,PSO,8,500,28,19002028,-0.9266003076598814,-0.9266003008895027,6.770378702114499e-09,True,3.768226443413847e-06,500,True,2.2910030093044043
cstr,11,High,0.0100038012931925,PSO,8,500,29,19002029,-0.9266003076598814,-0.926600283072639,2.4587242464235715e-08,True,7.181008252622745e-06,500,True,2.3086119908839464
cstr,11,High,0.0100038012931925,PSO,8,1000,0,19002000,-0.9266003076598814,-0.926600307659706,1.7541523789077473e-13,True,1.9176283429234164e-08,1000,True,4.470289975870401
cstr,11,High,0.0100038012931925,PSO,8,1000,1,19002001,-0.9266003076598814,-0.9266003076598812,2.220446049250313e-16,True,4.3170177155271716e-10,1000,True,4.515692999120802
cstr,11,High,0.0100038012931925,PSO,8,1000,2,19002002,-0.9266003076598814,-0.9266003076593698,5.115907697472721e-13,True,3.2757447435138864e-08,1000,True,4.501426999922842
cstr,11,High,0.0100038012931925,PSO,8,1000,3,19002003,-0.9266003076598814,-0.9266003076598803,1.1102230246251565e-15,True,1.3615548341561201e-09,1000,True,4.52922098338604
cstr,11,High,0.0100038012931925,PSO,8,1000,4,19002004,-0.9266003076598814,-0.92660030765974,1.4144241333724494e-13,True,1.722049592506325e-08,1000,True,4.506872966885567
cstr,11,High,0.0100038012931925,PSO,8,1000,5,19002005,-0.9266003076598814,-0.9266003076598814,0.0,True,1.0814261292013683e-10,1000,True,4.463338002096862
cstr,11,High,0.0100038012931925,PSO,8,1000,6,19002006,-0.9266003076598814,-0.926600307659815,6.639133687258436e-14,True,1.1789184337085423e-08,1000,True,4.504466021899134
cstr,11,High,0.0100038012931925,PSO,8,1000,7,19002007,-0.9266003076598814,-0.9266003076596798,2.0161650127192843e-13,True,2.0559254097773927e-08,1000,True,4.4919119682163
cstr,11,High,0.0100038012931925,PSO,8,1000,8,19002008,-0.9266003076598814,-0.9266003076598814,0.0,True,2.57533494529838e-10,1000,True,4.494783992413431
cstr,11,High,0.0100038012931925,PSO,8,1000,9,19002009,-0.9266003076598814,-0.9266003076598813,1.1102230246251565e-16,True,3.0251321586627355e-10,1000,True,4.432971007190645
cstr,11,High,0.0100038012931925,PSO,8,1000,10,19002010,-0.9266003076598814,-0.9266003076598813,1.1102230246251565e-16,True,1.4440737494680889e-10,1000,True,4.53083700267598
cstr,11,High,0.0100038012931925,PSO,8,1000,11,19002011,-0.9266003076598814,-0.9266003076598791,2.3314683517128287e-15,True,2.099460626181493e-09,1000,True,4.528038029093295
cstr,11,High,0.0100038012931925,PSO,8,1000,12,19002012,-0.9266003076598814,-0.9266003076598814,0.0,True,3.8893922110760926e-10,1000,True,4.55504801357165
cstr,11,High,0.0100038012931925,PSO,8,1000,13,19002013,-0.9266003076598814,-0.926600307659881,4.440892098500626e-16,True,6.304429339687445e-10,1000,True,4.510881961323321
cstr,11,High,0.0100038012931925,PSO,8,1000,14,19002014,-0.9266003076598814,-0.9266003076598814,0.0,True,2.3713925961788007e-10,1000,True,4.428533022291958
cstr,11,High,0.0100038012931925,PSO,8,1000,15,19002015,-0.9266003076598814,-0.9266003076598753,6.106226635438361e-15,True,3.5999539599318453e-09,1000,True,4.4381869956851006
cstr,11,High,0.0100038012931925,PSO,8,1000,16,19002016,-0.9266003076598814,-0.9266003076598811,3.3306690738754696e-16,True,6.788149278791344e-10,1000,True,4.512548039201647
cstr,11,High,0.0100038012931925,PSO,8,1000,17,19002017,-0.9266003076598814,-0.9266003076598812,2.220446049250313e-16,True,2.3532972098783134e-10,1000,True,4.529541009105742
cstr,11,High,0.0100038012931925,PSO,8,1000,18,19002018,-0.9266003076598814,-0.9266003076598541,2.731148640577885e-14,True,7.566568295536147e-09,1000,True,4.536210966762155
cstr,11,High,0.0100038012931925,PSO,8,1000,19,19002019,-0.9266003076598814,-0.9266003076598045,7.693845560652335e-14,True,1.2688335777888415e-08,1000,True,4.509037011303008
cstr,11,High,0.0100038012931925,PSO,8,1000,20,19002020,-0.9266003076598814,-0.9266003076592433,6.3815619455454e-13,True,3.6578031624434626e-08,1000,True,4.520903981756419
cstr,11,High,0.0100038012931925,PSO,8,1000,21,19002021,-0.9266003076598814,-0.9266003076585574,1.3240519791679617e-12,True,5.2694234996264466e-08,1000,True,4.5542349689640105
cstr,11,High,0.0100038012931925,PSO,8,1000,22,19002022,-0.9266003076598814,-0.9266003076598784,2.9976021664879227e-15,True,2.4529236905546092e-09,1000,True,4.506883036810905
cstr,11,High,0.0100038012931925,PSO,8,1000,23,19002023,-0.9266003076598814,-0.9266003076598814,0.0,True,3.9601851659076814e-10,1000,True,4.516702028922737
cstr,11,High,0.0100038012931925,PSO,8,1000,24,19002024,-0.9266003076598814,-0.9266003076582189,1.662558979376172e-12,True,5.904914390786331e-08,1000,True,4.528324003331363
cstr,11,High,0.0100038012931925,PSO,8,1000,25,19002025,-0.9266003076598814,-0.9266003076598737,7.771561172376096e-15,True,4.000804479376008e-09,1000,True,4.503233009018004
cstr,11,High,0.0100038012931925,PSO,8,1000,26,19002026,-0.9266003076598814,-0.9266003076598811,3.3306690738754696e-16,True,5.045768733391576e-10,1000,True,4.539215995464474
cstr,11,High,0.0100038012931925,PSO,8,1000,27,19002027,-0.9266003076598814,-0.9266003076597962,8.526512829121202e-14,True,1.3358590081335997e-08,1000,True,4.539551038760692
cstr,11,High,0.0100038012931925,PSO,8,1000,28,19002028,-0.9266003076598814,-0.9266003076598814,0.0,True,1.4053248148515607e-10,1000,True,4.380035970825702
cstr,11,High,0.0100038012931925,PSO,8,1000,29,19002029,-0.9266003076598814,-0.9266003076598814,0.0,True,2.9332142964522134e-10,1000,True,4.485088982619345
cstr,11,High,0.0100038012931925,PSO,8,2000,0,19002000,-0.9266003076598814,-0.9266003076598816,1.1102230246251565e-16,True,4.2920555998193777e-11,2000,True,8.902202011086047
cstr,11,High,0.0100038012931925,PSO,8,2000,1,19002001,-0.9266003076598814,-0.9266003076598817,2.220446049250313e-16,True,2.224354797575323e-10,2000,True,8.73702997341752
cstr,11,High,0.0100038012931925,PSO,8,2000,2,19002002,-0.9266003076598814,-0.9266003076598816,1.1102230246251565e-16,True,3.9703650089872866e-11,2000,True,8.88150796527043
cstr,11,High,0.0100038012931925,PSO,8,2000,3,19002003,-0.9266003076598814,-0.9266003076598816,1.1102230246251565e-16,True,4.9199713747505314e-11,2000,True,8.815298962872475
cstr,11,High,0.0100038012931925,PSO,8,2000,4,19002004,-0.9266003076598814,-0.9266003076598814,0.0,True,3.574147158791341e-10,2000,True,8.826494042295963
cstr,11,High,0.0100038012931925,PSO,8,2000,5,19002005,-0.9266003076598814,-0.9266003076598814,0.0,True,4.4149659622627624e-10,2000,True,8.867869968526065
cstr,11,High,0.0100038012931925,PSO,8,2000,6,19002006,-0.9266003076598814,-0.9266003076598814,0.0,True,3.0800755695947757e-10,2000,True,8.806834986899048
cstr,11,High,0.0100038012931925,PSO,8,2000,7,19002007,-0.9266003076598814,-0.9266003076598816,1.1102230246251565e-16,True,1.6437444461114836e-10,2000,True,8.880610985215753
cstr,11,High,0.0100038012931925,PSO,8,2000,8,19002008,-0.9266003076598814,-0.9266003076598816,1.1102230246251565e-16,True,1.3785188962556205e-10,2000,True,8.930840995162725
cstr,11,High,0.0100038012931925,PSO,8,2000,9,19002009,-0.9266003076598814,-0.9266003076598814,0.0,True,9.975796577688101e-11,2000,True,8.875166007783264
cstr,11,High,0.0100038012931925,PSO,8,2000,10,19002010,-0.9266003076598814,-0.9266003076598816,1.1102230246251565e-16,True,5.551691051319807e-11,2000,True,8.901406021323055
cstr,11,High,0.0100038012931925,PSO,8,2000,11,19002011,-0.9266003076598814,-0.9266003076598814,0.0,True,1.7645718913827935e-10,2000,True,8.696203003637493
cstr,11,High,0.0100038012931925,PSO,8,2000,12,19002012,-0.9266003076598814,-0.9266003076598814,0.0,True,2.3105915791798992e-10,2000,True,8.802700962405652
cstr,11,High,0.0100038012931925,PSO,8,2000,13,19002013,-0.9266003076598814,-0.9266003076598816,1.1102230246251565e-16,True,1.83104177653437e-10,2000,True,8.766982005909085
cstr,11,High,0.0100038012931925,PSO,8,2000,14,19002014,-0.9266003076598814,-0.9266003076598814,0.0,True,2.3071249077855072e-10,2000,True,8.784486970398575
cstr,11,High,0.0100038012931925,PSO,8,2000,15,19002015,-0.9266003076598814,-0.9266003076598816,1.1102230246251565e-16,True,1.1924961712539428e-10,2000,True,8.928796043619514
cstr,11,High,0.0100038012931925,PSO,8,2000,16,19002016,-0.9266003076598814,-0.9266003076598816,1.1102230246251565e-16,True,8.500405240807751e-11,2000,True,8.933115983381867
cstr,11,High,0.0100038012931925,PSO,8,2000,17,19002017,-0.9266003076598814,-0.9266003076598814,0.0,True,3.520125579914435e-10,2000,True,8.923134999349713
cstr,11,High,0.0100038012931925,PSO,8,2000,18,19002018,-0.9266003076598814,-0.9266003076598817,2.220446049250313e-16,True,3.3898620022121406e-11,2000,True,8.932675002142787
cstr,11,High,0.0100038012931925,PSO,8,2000,19,19002019,-0.9266003076598814,-0.9266003076598816,1.1102230246251565e-16,True,1.8222026665348778e-10,2000,True,8.89080303022638
cstr,11,High,0.0100038012931925,PSO,8,2000,20,19002020,-0.9266003076598814,-0.9266003076598816,1.1102230246251565e-16,True,1.271071650710276e-10,2000,True,9.033627982717007
cstr,11,High,0.0100038012931925,PSO,8,2000,21,19002021,-0.9266003076598814,-0.9266003076598816,1.1102230246251565e-16,True,1.5271020559204374e-11,2000,True,8.905710012186319
cstr,11,High,0.0100038012931925,PSO,8,2000,22,19002022,-0.9266003076598814,-0.9266003076598816,1.1102230246251565e-16,True,2.340401483724719e-11,2000,True,8.984679006971419
cstr,11,High,0.0100038012931925,PSO,8,2000,23,19002023,-0.9266003076598814,-0.9266003076598816,1.1102230246251565e-16,True,6.967858928730308e-11,2000,True,8.922544948291034
cstr,11,High,0.0100038012931925,PSO,8,2000,24,19002024,-0.9266003076598814,-0.9266003076598816,1.1102230246251565e-16,True,3.0320278926465605e-10,2000,True,9.004902967717499
cstr,11,High,0.0100038012931925,PSO,8,2000,25,19002025,-0.9266003076598814,-0.9266003076598816,1.1102230246251565e-16,True,1.1373786634738536e-10,2000,True,8.959500002674758
cstr,11,High,0.0100038012931925,PSO,8,2000,26,19002026,-0.9266003076598814,-0.9266003076598816,1.1102230246251565e-16,True,1.1171004399290752e-10,2000,True,8.984473010059446
cstr,11,High,0.0100038012931925,PSO,8,2000,27,19002027,-0.9266003076598814,-0.9266003076598817,2.220446049250313e-16,True,1.792310744264114e-11,2000,True,8.943334978539497
cstr,11,High,0.0100038012931925,PSO,8,2000,28,19002028,-0.9266003076598814,-0.9266003076598816,1.1102230246251565e-16,True,6.768530180778498e-12,2000,True,8.928535971790552
cstr,11,High,0.0100038012931925,PSO,8,2000,29,19002029,-0.9266003076598814,-0.9266003076598816,1.1102230246251565e-16,True,2.2626322343510807e-10,2000,True,8.946323010604829
cstr,11,High,0.0100038012931925,PSO,8,5000,0,19002000,-0.9266003076598814,-0.9266003076598817,2.220446049250313e-16,True,1.4949871202096787e-10,5000,True,22.169939999002963
cstr,11,High,0.0100038012931925,PSO,8,5000,1,19002001,-0.9266003076598814,-0.9266003076598817,2.220446049250313e-16,True,1.309534425342207e-11,5000,True,21.949716028757393
cstr,11,High,0.0100038012931925,PSO,8,5000,2,19002002,-0.9266003076598814,-0.9266003076598817,2.220446049250313e-16,True,1.7850093625426666e-10,5000,True,21.98847697582096
cstr,11,High,0.0100038012931925,PSO,8,5000,3,19002003,-0.9266003076598814,-0.9266003076598816,1.1102230246251565e-16,True,1.1211810646560849e-10,5000,True,21.97073004208505
cstr,11,High,0.0100038012931925,PSO,8,5000,4,19002004,-0.9266003076598814,-0.9266003076598817,2.220446049250313e-16,True,1.7191228302015915e-10,5000,True,21.754158020485193
cstr,11,High,0.0100038012931925,PSO,8,5000,5,19002005,-0.9266003076598814,-0.9266003076598816,1.1102230246251565e-16,True,9.0787995177255e-11,5000,True,21.68176998384297
cstr,11,High,0.0100038012931925,PSO,8,5000,6,19002006,-0.9266003076598814,-0.9266003076598816,1.1102230246251565e-16,True,1.2530453064041325e-10,5000,True,21.94916200824082
cstr,11,High,0.0100038012931925,PSO,8,5000,7,19002007,-0.9266003076598814,-0.9266003076598817,2.220446049250313e-16,True,1.3261086673210798e-11,5000,True,22.020901029463857
cstr,11,High,0.0100038012931925,PSO,8,5000,8,19002008,-0.9266003076598814,-0.9266003076598817,2.220446049250313e-16,True,3.05204680972615e-11,5000,True,21.86720399186015
cstr,11,High,0.0100038012931925,PSO,8,5000,9,19002009,-0.9266003076598814,-0.9266003076598817,2.220446049250313e-16,True,4.4853863678806505e-11,5000,True,21.84492099331692
cstr,11,High,0.0100038012931925,PSO,8,5000,10,19002010,-0.9266003076598814,-0.9266003076598817,2.220446049250313e-16,True,1.3486781136329284e-11,5000,True,22.17178395949304
cstr,11,High,0.0100038012931925,PSO,8,5000,11,19002011,-0.9266003076598814,-0.9266003076598817,2.220446049250313e-16,True,1.5823562599104335e-10,5000,True,22.39725098479539
cstr,11,High,0.0100038012931925,PSO,8,5000,12,19002012,-0.9266003076598814,-0.9266003076598817,2.220446049250313e-16,True,1.1565585988915217e-10,5000,True,22.22020097542554
cstr,11,High,0.0100038012931925,PSO,8,5000,13,19002013,-0.9266003076598814,-0.9266003076598816,1.1102230246251565e-16,True,7.550635811037765e-11,5000,True,21.989463013596833
cstr,11,High,0.0100038012931925,PSO,8,5000,14,19002014,-0.9266003076598814,-0.9266003076598817,2.220446049250313e-16,True,5.267472569236986e-11,5000,True,21.74503798596561
cstr,11,High,0.0100038012931925,PSO,8,5000,15,19002015,-0.9266003076598814,-0.9266003076598817,2.220446049250313e-16,True,1.2477511385222684e-10,5000,True,21.72801404958591
cstr,11,High,0.0100038012931925,PSO,8,5000,16,19002016,-0.9266003076598814,-0.9266003076598816,1.1102230246251565e-16,True,2.195434181673228e-10,5000,True,21.870721015147865
cstr,11,High,0.0100038012931925,PSO,8,5000,17,19002017,-0.9266003076598814,-0.9266003076598817,2.220446049250313e-16,True,1.8948931312934292e-10,5000,True,21.87230600975454
cstr,11,High,0.0100038012931925,PSO,8,5000,18,19002018,-0.9266003076598814,-0.9266003076598817,2.220446049250313e-16,True,4.6727968716631096e-11,5000,True,21.778778987936676
cstr,11,High,0.0100038012931925,PSO,8,5000,19,19002019,-0.9266003076598814,-0.9266003076598816,1.1102230246251565e-16,True,1.9043767257587163e-10,5000,True,21.961360005661845
cstr,11,High,0.0100038012931925,PSO,8,5000,20,19002020,-0.9266003076598814,-0.9266003076598816,1.1102230246251565e-16,True,7.949307878618583e-12,5000,True,22.108919045422226
cstr,11,High,0.0100038012931925,PSO,8,5000,21,19002021,-0.9266003076598814,-0.9266003076598817,2.220446049250313e-16,True,1.0001523220726227e-10,5000,True,22.016461996827275
cstr,11,High,0.0100038012931925,PSO,8,5000,22,19002022,-0.9266003076598814,-0.9266003076598817,2.220446049250313e-16,True,1.4882202414856494e-10,5000,True,22.17558998381719
cstr,11,High,0.0100038012931925,PSO,8,5000,23,19002023,-0.9266003076598814,-0.9266003076598817,2.220446049250313e-16,True,2.8358371206849142e-11,5000,True,21.965886000543833
cstr,11,High,0.0100038012931925,PSO,8,5000,24,19002024,-0.9266003076598814,-0.9266003076598816,1.1102230246251565e-16,True,2.488125469546354e-10,5000,True,21.851554978638887
cstr,11,High,0.0100038012931925,PSO,8,5000,25,19002025,-0.9266003076598814,-0.9266003076598817,2.220446049250313e-16,True,1.349288458740716e-10,5000,True,22.01444300590083
cstr,11,High,0.0100038012931925,PSO,8,5000,26,19002026,-0.9266003076598814,-0.9266003076598816,1.1102230246251565e-16,True,5.642994405086199e-11,5000,True,22.084501979406923
cstr,11,High,0.0100038012931925,PSO,8,5000,27,19002027,-0.9266003076598814,-0.9266003076598817,2.220446049250313e-16,True,3.9128519868647516e-11,5000,True,22.05008000601083
cstr,11,High,0.0100038012931925,PSO,8,5000,28,19002028,-0.9266003076598814,-0.9266003076598817,2.220446049250313e-16,True,2.6268431874143516e-11,5000,True,22.094654035754502
cstr,11,High,0.0100038012931925,PSO,8,5000,29,19002029,-0.9266003076598814,-0.9266003076598817,2.220446049250313e-16,True,1.0410469708510561e-10,5000,True,22.061984054744244
cstr,11,High,0.0100038012931925,WOA,10,250,0,19003000,-0.9266003076598814,-0.10377525314986831,0.8228250545100131,False,1.0089542114680234,250,True,2.013283025007695
cstr,11,High,0.0100038012931925,WOA,10,250,1,19003001,-0.9266003076598814,-0.08307661476649679,0.8435236928933847,False,1.0306697927945203,250,True,1.9542599911801517
cstr,11,High,0.0100038012931925,WOA,10,250,2,19003002,-0.9266003076598814,-0.9265999477035124,3.5995636904484485e-07,True,2.747612265514149e-05,250,True,1.9761960138566792
cstr,11,High,0.0100038012931925,WOA,10,250,3,19003003,-0.9266003076598814,-0.11307552746365578,0.8135247801962256,False,0.9984449324005256,250,True,1.9800490117631853
cstr,11,High,0.0100038012931925,WOA,10,250,4,19003004,-0.9266003076598814,-0.926557459050706,4.284860917547206e-05,True,0.00029977739421253174,250,True,1.9906749948859215
cstr,11,High,0.0100038012931925,WOA,10,250,5,19003005,-0.9266003076598814,-0.521512561974066,0.4050877456858154,False,0.4261130744350501,250,True,1.9674180075526237
cstr,11,High,0.0100038012931925,WOA,10,250,6,19003006,-0.9266003076598814,-0.9266002517881977,5.587168372400697e-08,True,1.0824962338722155e-05,250,True,2.003909961786121
cstr,11,High,0.0100038012931925,WOA,10,250,7,19003007,-0.9266003076598814,-0.14134122811790928,0.7852590795419722,False,0.9558611467144357,250,True,1.9778640125878155
cstr,11,High,0.0100038012931925,WOA,10,250,8,19003008,-0.9266003076598814,-0.1332574373312843,0.7933428703285972,False,0.9727648529941771,250,True,1.983986992854625
cstr,11,High,0.0100038012931925,WOA,10,250,9,19003009,-0.9266003076598814,-0.10574692577323046,0.820853381886651,False,1.0067256493162482,250,True,1.9908870453946292
cstr,11,High,0.0100038012931925,WOA,10,250,10,19003010,-0.9266003076598814,-0.113606930507492,0.8129933771523894,False,0.9978491331090431,250,True,1.9793029641732574
cstr,11,High,0.0100038012931925,WOA,10,250,11,19003011,-0.9266003076598814,-0.7593598907657416,0.16724041689413982,False,0.10809885073202832,250,True,1.9870050018653274
cstr,11,High,0.0100038012931925,WOA,10,250,12,19003012,-0.9266003076598814,-0.1321733258015788,0.7944269818583026,False,0.9755043246736119,250,True,1.9822180038318038
cstr,11,High,0.0100038012931925,WOA,10,250,13,19003013,-0.9266003076598814,-0.13627997429792194,0.7903203333619595,False,0.9658560402302169,250,True,2.007559989579022
cstr,11,High,0.0100038012931925,WOA,10,250,14,19003014,-0.9266003076598814,-0.10690172779355614,0.8196985798663253,False,1.0054593439055504,250,True,1.9739129929803312
cstr,11,High,0.0100038012931925,WOA,10,250,15,19003015,-0.9266003076598814,-0.10083506211345344,0.8257652455464279,False,1.0122441112957197,250,True,1.9922759965993464
cstr,11,High,0.0100038012931925,WOA,10,250,16,19003016,-0.9266003076598814,-0.10595135430627205,0.8206489533536094,False,1.006560984553228,250,True,2.0099750254303217
cstr,11,High,0.0100038012931925,WOA,10,250,17,19003017,-0.9266003076598814,-0.11217920094042769,0.8144211067194538,False,0.9994822907750494,250,True,1.969009987078607
cstr,11,High,0.0100038012931925,WOA,10,250,18,19003018,-0.9266003076598814,-0.1571055531404748,0.7694947545194066,False,0.9463513698142897,250,True,1.9773059757426381
cstr,11,High,0.0100038012931925,WOA,10,250,19,19003019,-0.9266003076598814,-0.9245540885758701,0.002046219084011369,False,0.0020716032360468956,250,True,1.9769030041061342
cstr,11,High,0.0100038012931925,WOA,10,250,20,19003020,-0.9266003076598814,-0.09850821838145624,0.8280920892784251,False,1.0146726620273099,250,True,1.9737670081667602
cstr,11,High,0.0100038012931925,WOA,10,250,21,19003021,-0.9266003076598814,-0.102717032153522,0.8238832755063594,False,1.0101273449549337,250,True,1.975430001039058
cstr,11,High,0.0100038012931925,WOA,10,250,22,19003022,-0.9266003076598814,-0.926600265353194,4.2306687486615147e-08,True,9.419655661112303e-06,250,True,1.9648420275188982
cstr,11,High,0.0100038012931925,WOA,10,250,23,19003023,-0.9266003076598814,-0.9266001287444443,1.7891543713233204e-07,True,1.937110619472382e-05,250,True,1.9898830214515328
cstr,11,High,0.0100038012931925,WOA,10,250,24,19003024,-0.9266003076598814,-0.8098778971354426,0.11672241052443888,False,0.020457413106938178,250,True,1.9837529980577528
cstr,11,High,0.0100038012931925,WOA,10,250,25,19003025,-0.9266003076598814,-0.11384922153759543,0.812751086122286,False,0.9975174344734897,250,True,1.9703599973581731
cstr,11,High,0.0100038012931925,WOA,10,250,26,19003026,-0.9266003076598814,-0.11178762447638976,0.8148126831834916,False,0.9999293841772804,250,True,1.9710679771378636
cstr,11,High,0.0100038012931925,WOA,10,250,27,19003027,-0.9266003076598814,-0.13954981164522173,0.7870504960146597,False,0.9672315268762912,250,True,1.9896890153177083
cstr,11,High,0.0100038012931925,WOA,10,250,28,19003028,-0.9266003076598814,-0.9265962332650423,4.074394839181927e-06,True,9.244045445704063e-05,250,True,1.9670029869303107
cstr,11,High,0.0100038012931925,WOA,10,250,29,19003029,-0.9266003076598814,-0.09491897770604084,0.8316813299538406,False,1.0186829400583752,250,True,1.9826200441457331
cstr,11,High,0.0100038012931925,WOA,10,500,0,19003000,-0.9266003076598814,-0.09931193865807438,0.827288369001807,False,1.0138183681459123,500,True,3.983244998380542
cstr,11,High,0.0100038012931925,WOA,10,500,1,19003001,-0.9266003076598814,-0.0962847441470802,0.8303155635128012,False,1.0170505884290029,500,True,3.9948729681782424
cstr,11,High,0.0100038012931925,WOA,10,500,2,19003002,-0.9266003076598814,-0.926600307600999,5.888245446783458e-11,True,3.514170492241453e-07,500,True,4.016846010927111
cstr,11,High,0.0100038012931925,WOA,10,500,3,19003003,-0.9266003076598814,-0.9265998292235627,4.784363187848584e-07,True,3.167689356245451e-05,500,True,4.08972502918914
cstr,11,High,0.0100038012931925,WOA,10,500,4,19003004,-0.9266003076598814,-0.9266003038939157,3.765965761459711e-09,True,2.8104036418757916e-06,500,True,4.058200982399285
cstr,11,High,0.0100038012931925,WOA,10,500,5,19003005,-0.9266003076598814,-0.926600304122547,3.5373344253741834e-09,True,2.7237583443487368e-06,500,True,4.008257994428277
cstr,11,High,0.0100038012931925,WOA,10,500,6,19003006,-0.9266003076598814,-0.9266003076517706,8.110845328701544e-12,True,1.3042459018342e-07,500,True,3.996337007265538
cstr,11,High,0.0100038012931925,WOA,10,500,7,19003007,-0.9266003076598814,-0.10859805974302154,0.8180022479168599,False,1.0035636406918802,500,True,3.979999979492277
cstr,11,High,0.0100038012931925,WOA,10,500,8,19003008,-0.9266003076598814,-0.2396703840491533,0.6869299236107281,False,0.8345533887005927,500,True,4.028479044791311
cstr,11,High,0.0100038012931925,WOA,10,500,9,19003009,-0.9266003076598814,-0.10959031426694239,0.817009993392939,False,1.002438595808278,500,True,3.993084013927728
cstr,11,High,0.0100038012931925,WOA,10,500,10,19003010,-0.9266003076598814,-0.10221459385574566,0.8243857138041357,False,1.0106676299672996,500,True,3.989215998444706
cstr,11,High,0.0100038012931925,WOA,10,500,11,19003011,-0.9266003076598814,-0.9265902832474239,1.0024412457565468e-05,True,0.00014499732131142973,500,True,4.03300195466727
cstr,11,High,0.0100038012931925,WOA,10,500,12,19003012,-0.9266003076598814,-0.11476684509658036,0.811833462563301,False,0.9964801769396718,500,True,4.006581963039935
cstr,11,High,0.0100038012931925,WOA,10,500,13,19003013,-0.9266003076598814,-0.11601735704278822,0.8105829506170932,False,0.9950392889590329,500,True,4.0592619916424155
cstr,11,High,0.0100038012931925,WOA,10,500,14,19003014,-0.9266003076598814,-0.10475386670500178,0.8218464409548797,False,1.0078698729290232,500,True,3.9892559871077538
cstr,11,High,0.0100038012931925,WOA,10,500,15,19003015,-0.9266003076598814,-0.7592854965689243,0.16731481109095714,False,0.09338831071411481,500,True,4.019294981844723
cstr,11,High,0.0100038012931925,WOA,10,500,16,19003016,-0.9266003076598814,-0.09675904793288871,0.8298412597269927,False,1.0165433695895467,500,True,4.027732997201383
cstr,11,High,0.0100038012931925,WOA,10,500,17,19003017,-0.9266003076598814,-0.10978348602166733,0.8168168216382141,False,1.0022192872414404,500,True,4.036980040837079
cstr,11,High,0.0100038012931925,WOA,10,500,18,19003018,-0.9266003076598814,-0.5673360284421872,0.3592642792176942,False,0.31825402535788416,500,True,4.0236940258182585
cstr,11,High,0.0100038012931925,WOA,10,500,19,19003019,-0.9266003076598814,-0.926600306041933,1.6179484418898937e-09,True,1.8420984944089724e-06,500,True,4.038069047965109
cstr,11,High,0.0100038012931925,WOA,10,500,20,19003020,-0.9266003076598814,-0.10584132404343165,0.8207589836164498,False,1.0066606159982,500,True,3.9957890403456986
cstr,11,High,0.0100038012931925,WOA,10,500,21,19003021,-0.9266003076598814,-0.179792580876303,0.7468077267835784,False,0.9073727820114642,500,True,4.02478501200676
cstr,11,High,0.0100038012931925,WOA,10,500,22,19003022,-0.9266003076598814,-0.9266002948523813,1.2807500171518882e-08,True,5.182779080098454e-06,500,True,4.0049400413408875
cstr,11,High,0.0100038012931925,WOA,10,500,23,19003023,-0.9266003076598814,-0.9266003072205267,4.393547747838511e-10,True,9.599269223115048e-07,500,True,3.9844849961809814
cstr,11,High,0.0100038012931925,WOA,10,500,24,19003024,-0.9266003076598814,-0.10170893354473845,0.824891374115143,False,1.011221275210567,500,True,4.064131993800402
cstr,11,High,0.0100038012931925,WOA,10,500,25,19003025,-0.9266003076598814,-0.3971265496901826,0.5294737579696989,False,0.5649226514654416,500,True,4.10508899949491
cstr,11,High,0.0100038012931925,WOA,10,500,26,19003026,-0.9266003076598814,-0.09793268017105376,0.8286676274888277,False,1.0152988944266843,500,True,4.034059005789459
cstr,11,High,0.0100038012931925,WOA,10,500,27,19003027,-0.9266003076598814,-0.24113597629863495,0.6854643313612465,False,0.6742047849690873,500,True,4.0201080264523625
cstr,11,High,0.0100038012931925,WOA,10,500,28,19003028,-0.9266003076598814,-0.9266002414519015,6.620797998735384e-08,True,1.178380870017759e-05,500,True,3.994415979832411
cstr,11,High,0.0100038012931925,WOA,10,500,29,19003029,-0.9266003076598814,-0.08886998370751491,0.8377303239523666,False,1.0247002310873923,500,True,4.0027619688771665
cstr,11,High,0.0100038012931925,WOA,10,1000,0,19003000,-0.9266003076598814,-0.10104456037733002,0.8255557472825514,False,1.0119440678039544,1000,True,7.854813011363149
cstr,11,High,0.0100038012931925,WOA,10,1000,1,19003001,-0.9266003076598814,-0.9266003076592708,6.106226635438361e-13,True,3.5777195345199075e-08,1000,True,7.924606965389103
cstr,11,High,0.0100038012931925,WOA,10,1000,2,19003002,-0.9266003076598814,-0.9266003076598601,2.1316282072803006e-14,True,6.653389623967332e-09,1000,True,7.815804041456431
cstr,11,High,0.0100038012931925,WOA,10,1000,3,19003003,-0.9266003076598814,-0.9266003076559455,3.935962666901105e-12,True,9.085628752819597e-08,1000,True,7.867078005801886
cstr,11,High,0.0100038012931925,WOA,10,1000,4,19003004,-0.9266003076598814,-0.9266003076178919,4.198952296974312e-11,True,2.967562686417846e-07,1000,True,7.928773004096001
cstr,11,High,0.0100038012931925,WOA,10,1000,5,19003005,-0.9266003076598814,-0.9266003076592436,6.378231276471524e-13,True,3.657261910677834e-08,1000,True,7.809987000655383
cstr,11,High,0.0100038012931925,WOA,10,1000,6,19003006,-0.9266003076598814,-0.9266003076542643,5.6171733930909795e-12,True,1.0853925687392962e-07,1000,True,7.918941031675786
cstr,11,High,0.0100038012931925,WOA,10,1000,7,19003007,-0.9266003076598814,-0.9266003076421789,1.770250612764812e-11,True,1.926841787444622e-07,1000,True,7.951458974275738
cstr,11,High,0.0100038012931925,WOA,10,1000,8,19003008,-0.9266003076598814,-0.10894829673604875,0.8176520109238327,False,1.003167380789788,1000,True,7.951339008286595
cstr,11,High,0.0100038012931925,WOA,10,1000,9,19003009,-0.9266003076598814,-0.9265992391663314,1.0684935500826498e-06,True,4.7338715311401325e-05,1000,True,7.867250009439886
cstr,11,High,0.0100038012931925,WOA,10,1000,10,19003010,-0.9266003076598814,-0.10894837953740966,0.8176519281224718,False,1.0031673334979858,1000,True,7.925213023554534
cstr,11,High,0.0100038012931925,WOA,10,1000,11,19003011,-0.9266003076598814,-0.9266003072420099,4.1787151516814447e-10,True,9.361635052648754e-07,1000,True,7.8754949499852955
cstr,11,High,0.0100038012931925,WOA,10,1000,12,19003012,-0.9266003076598814,-0.1016130306544149,0.8249872770054665,False,1.0113250339796398,1000,True,7.968852005433291
cstr,11,High,0.0100038012931925,WOA,10,1000,13,19003013,-0.9266003076598814,-0.09833953541106866,0.8282607722488128,False,1.0148624083245363,1000,True,7.936838024761528
cstr,11,High,0.0100038012931925,WOA,10,1000,14,19003014,-0.9266003076598814,-0.9266003076598804,9.992007221626409e-16,True,1.4726263264375206e-09,1000,True,7.795279030688107
cstr,11,High,0.0100038012931925,WOA,10,1000,15,19003015,-0.9266003076598814,-0.9266003053679823,2.2918991149367685e-09,True,2.192442752145529e-06,1000,True,7.779498002491891
cstr,11,High,0.0100038012931925,WOA,10,1000,16,19003016,-0.9266003076598814,-0.09984564371843531,0.8267546639414461,False,1.0132431369715746,1000,True,7.746017014142126
cstr,11,High,0.0100038012931925,WOA,10,1000,17,19003017,-0.9266003076598814,-0.9266003072917981,3.680833415842244e-10,True,8.786248054046264e-07,1000,True,7.782589003909379
cstr,11,High,0.0100038012931925,WOA,10,1000,18,19003018,-0.9266003076598814,-0.9266003076427035,1.7177925748512735e-11,True,1.898079021178667e-07,1000,True,7.954810978844762
cstr,11,High,0.0100038012931925,WOA,10,1000,19,19003019,-0.9266003076598814,-0.9266003076574855,2.3959723094435503e-12,True,7.088851358000303e-08,1000,True,7.887498999480158
cstr,11,High,0.0100038012931925,WOA,10,1000,20,19003020,-0.9266003076598814,-0.10673298410394082,0.8198673235559406,False,1.0056634843476877,1000,True,7.9590509994886816
cstr,11,High,0.0100038012931925,WOA,10,1000,21,19003021,-0.9266003076598814,-0.9266003075741123,8.576916954439184e-11,True,4.241263940815698e-07,1000,True,7.8914890182204545
cstr,11,High,0.0100038012931925,WOA,10,1000,22,19003022,-0.9266003076598814,-0.9266003076367175,2.316391523038419e-11,True,2.2041187601462564e-07,1000,True,7.969649974256754
cstr,11,High,0.0100038012931925,WOA,10,1000,23,19003023,-0.9266003076598814,-0.9266003076594054,4.760636329592671e-13,True,3.1587904070207173e-08,1000,True,7.9664079821668565
cstr,11,High,0.0100038012931925,WOA,10,1000,24,19003024,-0.9266003076598814,-0.926600307217928,4.419534738175912e-10,True,9.62761526647482e-07,1000,True,8.058379986323416
cstr,11,High,0.0100038012931925,WOA,10,1000,25,19003025,-0.9266003076598814,-0.9266003075954998,6.43816111534079e-11,True,3.674611778192727e-07,1000,True,7.937364978715777
cstr,11,High,0.0100038012931925,WOA,10,1000,26,19003026,-0.9266003076598814,-0.10855959318188098,0.8180407144780004,False,1.0036073143360547,1000,True,7.90693995077163
cstr,11,High,0.0100038012931925,WOA,10,1000,27,19003027,-0.9266003076598814,-0.10028180415820392,0.8263185035016776,False,1.0127715716464405,1000,True,7.96846195589751
cstr,11,High,0.0100038012931925,WOA,10,1000,28,19003028,-0.9266003076598814,-0.9266003076090462,5.0835224918444055e-11,True,3.265218144754556e-07,1000,True,7.902226003352553
cstr,11,High,0.0100038012931925,WOA,10,1000,29,19003029,-0.9266003076598814,-0.08999219125558022,0.8366081164043012,False,1.0235666070492637,1000,True,7.930943975225091
cstr,11,High,0.0100038012931925,WOA,10,2000,0,19003000,-0.9266003076598814,-0.10150064013761026,0.8250996675222712,False,1.0114475640621248,2000,True,15.838505001738667
cstr,11,High,0.0100038012931925,WOA,10,2000,1,19003001,-0.9266003076598814,-0.9266003076585407,1.340705324537339e-12,True,5.302152032704566e-08,2000,True,15.509065997321159
cstr,11,High,0.0100038012931925,WOA,10,2000,2,19003002,-0.9266003076598814,-0.9266003076581821,1.6993073614912646e-12,True,5.969760558111048e-08,2000,True,15.65985003253445
cstr,11,High,0.0100038012931925,WOA,10,2000,3,19003003,-0.9266003076598814,-0.9266003076523097,7.571721027943568e-12,True,1.2601649997112663e-07,2000,True,15.808452037163079
cstr,11,High,0.0100038012931925,WOA,10,2000,4,19003004,-0.9266003076598814,-0.9266003076597782,1.0325074129013956e-13,True,1.4704313613944642e-08,2000,True,15.909612004179507
cstr,11,High,0.0100038012931925,WOA,10,2000,5,19003005,-0.9266003076598814,-0.9266003076598799,1.5543122344752192e-15,True,1.8209304897265355e-09,2000,True,15.666437044274062
cstr,11,High,0.0100038012931925,WOA,10,2000,6,19003006,-0.9266003076598814,-0.9266003076593028,5.786482404346316e-13,True,3.4831227159470846e-08,2000,True,15.635373012628406
cstr,11,High,0.0100038012931925,WOA,10,2000,7,19003007,-0.9266003076598814,-0.9266003076597372,1.4421797089880783e-13,True,1.7386838573052454e-08,2000,True,15.756506007164717
cstr,11,High,0.0100038012931925,WOA,10,2000,8,19003008,-0.9266003076598814,-0.9266003076248552,3.502620415929414e-11,True,2.710356305432593e-07,2000,True,15.933107992168516
cstr,11,High,0.0100038012931925,WOA,10,2000,9,19003009,-0.9266003076598814,-0.11949254915068155,0.8071077585091999,False,0.9909121240574839,2000,True,16.024383017793298
cstr,11,High,0.0100038012931925,WOA,10,2000,10,19003010,-0.9266003076598814,-0.9266003076575097,2.371769447506722e-12,True,7.052658693162961e-08,2000,True,15.937858959659934
cstr,11,High,0.0100038012931925,WOA,10,2000,11,19003011,-0.9266003076598814,-0.9266003076598799,1.5543122344752192e-15,True,1.6276491127120707e-09,2000,True,16.259621013887227
cstr,11,High,0.0100038012931925,WOA,10,2000,12,19003012,-0.9266003076598814,-0.10186146590294726,0.8247388417569341,False,1.0110538981326345,2000,True,15.903706953395158
cstr,11,High,0.0100038012931925,WOA,10,2000,13,19003013,-0.9266003076598814,-0.9266003076598452,3.6193270602780103e-14,True,8.684235566769338e-09,2000,True,15.881809988059103
cstr,11,High,0.0100038012931925,WOA,10,2000,14,19003014,-0.9266003076598814,-0.9266003074908284,1.690529938258578e-10,True,5.954448365694254e-07,2000,True,15.690942003857344
cstr,11,High,0.0100038012931925,WOA,10,2000,15,19003015,-0.9266003076598814,-0.09931344993559141,0.82728685772429,False,1.0138169742725966,2000,True,15.501799003686756
cstr,11,High,0.0100038012931925,WOA,10,2000,16,19003016,-0.9266003076598814,-0.09690147690235448,0.8296988307575269,False,1.016395076531313,2000,True,15.864451008383185
cstr,11,High,0.0100038012931925,WOA,10,2000,17,19003017,-0.9266003076598814,-0.9266003076537279,6.153522136287393e-12,True,1.136044255334312e-07,2000,True,15.753015002701432
cstr,11,High,0.0100038012931925,WOA,10,2000,18,19003018,-0.9266003076598814,-0.9266003076588529,1.028510610012745e-12,True,4.644145087939755e-08,2000,True,16.048371035140008
cstr,11,High,0.0100038012931925,WOA,10,2000,19,19003019,-0.9266003076598814,-0.9266003076597289,1.525446435834965e-13,True,1.7878511414382015e-08,2000,True,15.950976987369359
cstr,11,High,0.0100038012931925,WOA,10,2000,20,19003020,-0.9266003076598814,-0.9266003076598814,0.0,True,5.0303088083847314e-11,2000,True,15.692079963628203
cstr,11,High,0.0100038012931925,WOA,10,2000,21,19003021,-0.9266003076598814,-0.926600307659872,9.43689570931383e-15,True,4.415049541239835e-09,2000,True,15.844554000068456
cstr,11,High,0.0100038012931925,WOA,10,2000,22,19003022,-0.9266003076598814,-0.9266003076576271,2.2543078515013804e-12,True,6.875875819406518e-08,2000,True,15.939462988171726
cstr,11,High,0.0100038012931925,WOA,10,2000,23,19003023,-0.9266003076598814,-0.9266003076587317,1.1497469643018121e-12,True,4.910310309746979e-08,2000,True,15.830666001420468
cstr,11,High,0.0100038012931925,WOA,10,2000,24,19003024,-0.9266003076598814,-0.9266003076598808,6.661338147750939e-16,True,8.91217336040917e-10,2000,True,15.859899984207004
cstr,11,High,0.0100038012931925,WOA,10,2000,25,19003025,-0.9266003076598814,-0.9266003076536087,6.2727600891321345e-12,True,1.1469669732727672e-07,2000,True,15.771705016959459
cstr,11,High,0.0100038012931925,WOA,10,2000,26,19003026,-0.9266003076598814,-0.10099128244322592,0.8256090252166555,False,1.0120019701153957,2000,True,15.89701499324292
cstr,11,High,0.0100038012931925,WOA,10,2000,27,19003027,-0.9266003076598814,-0.9266003076488891,1.0992318166813675e-11,True,1.5183626745490786e-07,2000,True,15.901683014817536
cstr,11,High,0.0100038012931925,WOA,10,2000,28,19003028,-0.9266003076598814,-0.9266003076597753,1.0613732115416497e-13,True,1.4915918319924337e-08,2000,True,15.963580983225256
cstr,11,High,0.0100038012931925,WOA,10,2000,29,19003029,-0.9266003076598814,-0.09391537715200107,0.8326849305078804,False,1.0195344796437646,2000,True,15.901537030003965
cstr,11,High,0.0100038012931925,WOA,10,5000,0,19003000,-0.9266003076598814,-0.9266003076598786,2.886579864025407e-15,True,2.4151912275671705e-09,5000,True,39.85837404616177
cstr,11,High,0.0100038012931925,WOA,10,5000,1,19003001,-0.9266003076598814,-0.9266003076598794,1.9984014443252818e-15,True,1.943611535604184e-09,5000,True,39.532458991743624
cstr,11,High,0.0100038012931925,WOA,10,5000,2,19003002,-0.9266003076598814,-0.9266003076598645,1.6986412276764895e-14,True,5.9464263651998195e-09,5000,True,39.33581197634339
cstr,11,High,0.0100038012931925,WOA,10,5000,3,19003003,-0.9266003076598814,-0.9266003076598806,8.881784197001252e-16,True,1.3714008262333266e-09,5000,True,39.75255001569167
cstr,11,High,0.0100038012931925,WOA,10,5000,4,19003004,-0.9266003076598814,-0.9266003076598397,4.1744385725905886e-14,True,9.358705671536072e-09,5000,True,40.212602994870394
cstr,11,High,0.0100038012931925,WOA,10,5000,5,19003005,-0.9266003076598814,-0.9266003076598797,1.7763568394002505e-15,True,1.848380858093801e-09,5000,True,40.06574599770829
cstr,11,High,0.0100038012931925,WOA,10,5000,6,19003006,-0.9266003076598814,-0.9266003076598813,1.1102230246251565e-16,True,4.30691558805929e-10,5000,True,40.069215989205986
cstr,11,High,0.0100038012931925,WOA,10,5000,7,19003007,-0.9266003076598814,-0.9266003076598806,8.881784197001252e-16,True,1.2819224015636621e-09,5000,True,40.164525038562715
cstr,11,High,0.0100038012931925,WOA,10,5000,8,19003008,-0.9266003076598814,-0.926600307659873,8.43769498715119e-15,True,4.213607011915865e-09,5000,True,39.40690099261701
cstr,11,High,0.0100038012931925,WOA,10,5000,9,19003009,-0.9266003076598814,-0.9266003076598814,0.0,True,1.4565235822994183e-10,5000,True,39.79169100057334
cstr,11,High,0.0100038012931925,WOA,10,5000,10,19003010,-0.9266003076598814,-0.9266003076598812,2.220446049250313e-16,True,6.228502921756807e-10,5000,True,39.39905797597021
cstr,11,High,0.0100038012931925,WOA,10,5000,11,19003011,-0.9266003076598814,-0.9266003076598456,3.5860203695392556e-14,True,8.665752081193911e-09,5000,True,39.70798494992778
cstr,11,High,0.0100038012931925,WOA,10,5000,12,19003012,-0.9266003076598814,-0.10646074580154695,0.8201395618583345,False,1.0059682983463216,5000,True,39.42683199420571
cstr,11,High,0.0100038012931925,WOA,10,5000,13,19003013,-0.9266003076598814,-0.0986657605552472,0.8279345471046342,False,1.0145128839120479,5000,True,39.29959301603958
cstr,11,High,0.0100038012931925,WOA,10,5000,14,19003014,-0.9266003076598814,-0.9266003076598766,4.884981308350689e-15,True,3.080923932641255e-09,5000,True,39.209641981869936
cstr,11,High,0.0100038012931925,WOA,10,5000,15,19003015,-0.9266003076598814,-0.9266003076598572,2.4202861936828413e-14,True,7.12931479823764e-09,5000,True,39.03915896080434
cstr,11,High,0.0100038012931925,WOA,10,5000,16,19003016,-0.9266003076598814,-0.10279656403752503,0.8238037436223564,False,1.0100299825901171,5000,True,39.24713103333488
cstr,11,High,0.0100038012931925,WOA,10,5000,17,19003017,-0.9266003076598814,-0.92660030765988,1.4432899320127035e-15,True,1.6235593980340468e-09,5000,True,39.48450298048556
cstr,11,High,0.0100038012931925,WOA,10,5000,18,19003018,-0.9266003076598814,-0.9266003076598687,1.27675647831893e-14,True,5.0961804706761704e-09,5000,True,39.762283966410905
cstr,11,High,0.0100038012931925,WOA,10,5000,19,19003019,-0.9266003076598814,-0.9266003076598139,6.750155989720952e-14,True,1.1863335820649912e-08,5000,True,39.685433031991124
cstr,11,High,0.0100038012931925,WOA,10,5000,20,19003020,-0.9266003076598814,-0.9266003076598788,2.6645352591003757e-15,True,2.2601257462784297e-09,5000,True,39.235447999089956
cstr,11,High,0.0100038012931925,WOA,10,5000,21,19003021,-0.9266003076598814,-0.9266003076598809,5.551115123125783e-16,True,7.712310373664266e-10,5000,True,39.01425702497363
cstr,11,High,0.0100038012931925,WOA,10,5000,22,19003022,-0.9266003076598814,-0.9266003076598714,9.992007221626409e-15,True,4.569884720639905e-09,5000,True,39.24225101945922
cstr,11,High,0.0100038012931925,WOA,10,5000,23,19003023,-0.9266003076598814,-0.9266003076598794,1.9984014443252818e-15,True,1.9531109785031475e-09,5000,True,39.13972497684881
cstr,11,High,0.0100038012931925,WOA,10,5000,24,19003024,-0.9266003076598814,-0.9266003076591709,7.105427357601002e-13,True,3.8596178572603e-08,5000,True,39.14738801540807
cstr,11,High,0.0100038012931925,WOA,10,5000,25,19003025,-0.9266003076598814,-0.9266003076598812,2.220446049250313e-16,True,1.7326322321320475e-10,5000,True,39.4306390080601
cstr,11,High,0.0100038012931925,WOA,10,5000,26,19003026,-0.9266003076598814,-0.10309645677044413,0.8235038508894373,False,1.009700502257888,5000,True,38.99407299468294
cstr,11,High,0.0100038012931925,WOA,10,5000,27,19003027,-0.9266003076598814,-0.9266003076598182,6.328271240363392e-14,True,1.1506283266460304e-08,5000,True,38.811017002444714
cstr,11,High,0.0100038012931925,WOA,10,5000,28,19003028,-0.9266003076598814,-0.9266003076598752,6.217248937900877e-15,True,3.522625559304604e-09,5000,True,38.756472000386566
cstr,11,High,0.0100038012931925,WOA,10,5000,29,19003029,-0.9266003076598814,-0.9266003076561969,3.684497151823507e-12,True,8.79041882062559e-08,5000,True,39.0943749807775
pendcart,10,High,0.0668564901913047,SGO,20,250,0,20000000,-0.6185960298867788,-0.6183209495078602,0.0002750803789185463,False,0.046545753620064634,250,True,9.679818991571665
pendcart,10,High,0.0668564901913047,SGO,20,250,1,20000001,-0.6185960298867788,-0.6185947601958031,1.2696909756915176e-06,True,0.003162272386418419,250,True,9.583976992871612
pendcart,10,High,0.0668564901913047,SGO,20,250,2,20000002,-0.6185960298867788,-0.6185085779664659,8.745192031289761e-05,True,0.02624429643581916,250,True,9.706093987915665
pendcart,10,High,0.0668564901913047,SGO,20,250,3,20000003,-0.6185960298867788,-0.6183598569175779,0.00023617296920086517,False,0.043128599352733055,250,True,9.574404044542462
pendcart,10,High,0.0668564901913047,SGO,20,250,4,20000004,-0.6185960298867788,-0.6184061326317204,0.00018989725505835775,False,0.03867315492740264,250,True,9.68055397970602
pendcart,10,High,0.0668564901913047,SGO,20,250,5,20000005,-0.6185960298867788,-0.6183732416867641,0.00022278820001464528,False,0.04188864881433085,250,True,9.71556903095916
pendcart,10,High,0.0668564901913047,SGO,20,250,6,20000006,-0.6185960298867788,-0.618595819594157,2.1029262176064378e-07,True,0.001286951786748869,250,True,9.903803991619498
pendcart,10,High,0.0668564901913047,SGO,20,250,7,20000007,-0.6185960298867788,-0.6185680822481344,2.794763864433225e-05,True,0.014836204776686568,250,True,9.747551986947656
pendcart,10,High,0.0668564901913047,SGO,20,250,8,20000008,-0.6185960298867788,-0.618494621119547,0.00010140876723174763,False,0.0282610316238201,250,True,9.603074984624982
pendcart,10,High,0.0668564901913047,SGO,20,250,9,20000009,-0.6185960298867788,-0.6185868505037138,9.17938306499444e-06,True,0.008502702939155338,250,True,9.518971026409417
pendcart,10,High,0.0668564901913047,SGO,20,250,10,20000010,-0.6185960298867788,-0.6185952576884404,7.721983383834896e-07,True,0.0024661227561724175,250,True,9.58257500315085
pendcart,10,High,0.0668564901913047,SGO,20,250,11,20000011,-0.6185960298867788,-0.6185930706613448,2.9592254339183555e-06,True,0.004827688997599111,250,True,9.473094018176198
pendcart,10,High,0.0668564901913047,SGO,20,250,12,20000012,-0.6185960298867788,-0.6185849086337223,1.1121253056467495e-05,True,0.009358949865395871,250,True,9.611253044568002
pendcart,10,High,0.0668564901913047,SGO,20,250,13,20000013,-0.6185960298867788,-0.6185960029128321,2.6973946631869694e-08,True,0.000460916764640551,250,True,9.63650201447308
pendcart,10,High,0.0668564901913047,SGO,20,250,14,20000014,-0.6185960298867788,-0.6184497394597458,0.00014629042703295791,False,0.03394362440478016,250,True,9.706005977932364
pendcart,10,High,0.0668564901913047,SGO,20,250,15,20000015,-0.6185960298867788,-0.6185724287208565,2.3601165922260137e-05,True,0.013633802184576993,250,True,9.44972800789401
pendcart,10,High,0.0668564901913047,SGO,20,250,16,20000016,-0.6185960298867788,-0.6184927434078618,0.00010328647891699738,False,0.028521475925828543,250,True,9.707529039587826
pendcart,10,High,0.0668564901913047,SGO,20,250,17,20000017,-0.6185960298867788,-0.6185909367516206,5.093135158174e-06,True,0.006333486658149479,250,True,9.811409981921315
pendcart,10,High,0.0668564901913047,SGO,20,250,18,20000018,-0.6185960298867788,-0.6184778250195382,0.00011820486724056778,False,0.03051180774134643,250,True,9.58377099595964
pendcart,10,High,0.0668564901913047,SGO,20,250,19,20000019,-0.6185960298867788,-0.6184781959836184,0.00011783390316033593,False,0.0304638922900069,250,True,9.802140993997455
pendcart,10,High,0.0668564901913047,SGO,20,250,20,20000020,-0.6185960298867788,-0.6181274062229479,0.000468623663830825,False,0.060752249999620034,250,True,9.762191970366985
pendcart,10,High,0.0668564901913047,SGO,20,250,21,20000021,-0.6185960298867788,-0.6185486292158262,4.740067095254652e-05,True,0.01932157405918833,250,True,9.673107997514307
pendcart,10,High,0.0668564901913047,SGO,20,250,22,20000022,-0.6185960298867788,-0.6176092701486421,0.0009867597381366666,False,0.0881568309660401,250,True,9.714801039081067
pendcart,10,High,0.0668564901913047,SGO,20,250,23,20000023,-0.6185960298867788,-0.618574569689364,2.146019741477989e-05,True,0.013000711346007776,250,True,9.667251957580447
pendcart,10,High,0.0668564901913047,SGO,20,250,24,20000024,-0.6185960298867788,-0.6184160698736788,0.00017996001309994458,False,0.037647684249833446,250,True,9.525975037831813
pendcart,10,High,0.0668564901913047,SGO,20,250,25,20000025,-0.6185960298867788,-0.6183632705077032,0.00023275937907552002,False,0.04281577942198478,250,True,9.44103900110349
pendcart,10,High,0.0668564901913047,SGO,20,250,26,20000026,-0.6185960298867788,-0.6181659872510102,0.00043004263576851276,False,0.05819772618821295,250,True,9.51166800223291
pendcart,10,High,0.0668564901913047,SGO,20,250,27,20000027,-0.6185960298867788,-0.6185956856073228,3.4427945594384113e-07,True,0.0016466671177326475,250,True,9.719432971905917
pendcart,10,High,0.0668564901913047,SGO,20,250,28,20000028,-0.6185960298867788,-0.6185952533191117,7.765676670601351e-07,True,0.002473089944605711,250,True,9.70379397040233
pendcart,10,High,0.0668564901913047,SGO,20,250,29,20000029,-0.6185960298867788,-0.6185442571808886,5.177270589018512e-05,True,0.020192992842413382,250,True,9.729848010465503
pendcart,10,High,0.0668564901913047,SGO,20,500,0,20000000,-0.6185960298867788,-0.6185868967086668,9.133178111908613e-06,True,0.008481276519068714,500,True,19.593390985392034
pendcart,10,High,0.0668564901913047,SGO,20,500,1,20000001,-0.6185960298867788,-0.6185947601958031,1.2696909756915176e-06,True,0.003162272386418419,500,True,19.35515704099089
pendcart,10,High,0.0668564901913047,SGO,20,500,2,20000002,-0.6185960298867788,-0.6185902103441674,5.819542611362749e-06,True,0.006770093795227083,500,True,19.64892097748816
pendcart,10,High,0.0668564901913047,SGO,20,500,3,20000003,-0.6185960298867788,-0.6185958323690398,1.9751773894238767e-07,True,0.0012472494236641651,500,True,19.625607004854828
pendcart,10,High,0.0668564901913047,SGO,20,500,4,20000004,-0.6185960298867788,-0.6185945437183908,1.4861683879097143e-06,True,0.003421245734301692,500,True,19.7307969792746
pendcart,10,High,0.0668564901913047,SGO,20,500,5,20000005,-0.6185960298867788,-0.6183732416867641,0.00022278820001464528,False,0.04188864881433085,500,True,19.946745014749467
pendcart,10,High,0.0668564901913047,SGO,20,500,6,20000006,-0.6185960298867788,-0.6185960138021158,1.6084662934900962e-08,True,0.0003559231550660513,500,True,19.942337996326387
pendcart,10,High,0.0668564901913047,SGO,20,500,7,20000007,-0.6185960298867788,-0.6185808389750822,1.5190911696549847e-05,True,0.01093810728997413,500,True,20.180095976684242
pendcart,10,High,0.0668564901913047,SGO,20,500,8,20000008,-0.6185960298867788,-0.6185920486515918,3.981235186967247e-06,True,0.005599627997688206,500,True,19.80003697099164
pendcart,10,High,0.0668564901913047,SGO,20,500,9,20000009,-0.6185960298867788,-0.6185910095857385,5.020301040215003e-06,True,0.006288037737573582,500,True,19.763125979807228
pendcart,10,High,0.0668564901913047,SGO,20,500,10,20000010,-0.6185960298867788,-0.6185952576884404,7.721983383834896e-07,True,0.0024661227561724175,500,True,19.537856976967305
pendcart,10,High,0.0668564901913047,SGO,20,500,11,20000011,-0.6185960298867788,-0.6185930706613448,2.9592254339183555e-06,True,0.004827688997599111,500,True,19.492652965709567
pendcart,10,High,0.0668564901913047,SGO,20,500,12,20000012,-0.6185960298867788,-0.6185923143711268,3.715515651925294e-06,True,0.005409533404964861,500,True,19.34871298726648
pendcart,10,High,0.0668564901913047,SGO,20,500,13,20000013,-0.6185960298867788,-0.6185960029128321,2.6973946631869694e-08,True,0.000460916764640551,500,True,19.529637997038662
pendcart,10,High,0.0668564901913047,SGO,20,500,14,20000014,-0.6185960298867788,-0.6185957600680656,2.6981871315001626e-07,True,0.0014577608836003897,500,True,19.6508810040541
pendcart,10,High,0.0668564901913047,SGO,20,500,15,20000015,-0.6185960298867788,-0.6185724287208565,2.3601165922260137e-05,True,0.013633802184576993,500,True,19.506192998960614
pendcart,10,High,0.0668564901913047,SGO,20,500,16,20000016,-0.6185960298867788,-0.6185698509561376,2.6178930641163056e-05,True,0.014359066626118189,500,True,19.76034202380106
pendcart,10,High,0.0668564901913047,SGO,20,500,17,20000017,-0.6185960298867788,-0.6185909367516206,5.093135158174e-06,True,0.006333486658149479,500,True,19.796317035797983
pendcart,10,High,0.0668564901913047,SGO,20,500,18,20000018,-0.6185960298867788,-0.6184778250195382,0.00011820486724056778,False,0.03051180774134643,500,True,19.573924015276134
pendcart,10,High,0.0668564901913047,SGO,20,500,19,20000019,-0.6185960298867788,-0.6185958679184698,1.6196830898707049e-07,True,0.001129445509692406,500,True,19.741139956749976
pendcart,10,High,0.0668564901913047,SGO,20,500,20,20000020,-0.6185960298867788,-0.6185575004378081,3.8529448970647806e-05,True,0.01741994014217152,500,True,19.78473801864311
pendcart,10,High,0.0668564901913047,SGO,20,500,21,20000021,-0.6185960298867788,-0.6185925935694813,3.4363172974893885e-06,True,0.0052023179142457465,500,True,19.72788997227326
pendcart,10,High,0.0668564901913047,SGO,20,500,22,20000022,-0.6185960298867788,-0.618519323471187,7.670641559176516e-05,True,0.02457910721130485,500,True,19.601790991146117
pendcart,10,High,0.0668564901913047,SGO,20,500,23,20000023,-0.6185960298867788,-0.618593323574817,2.706311961753194e-06,True,0.004616780085311412,500,True,19.52864899067208
pendcart,10,High,0.0668564901913047,SGO,20,500,24,20000024,-0.6185960298867788,-0.6185898178620054,6.2120247733554734e-06,True,0.006994663864178907,500,True,19.595987047068775
pendcart,10,High,0.0668564901913047,SGO,20,500,25,20000025,-0.6185960298867788,-0.6185754866052797,2.0543281499030286e-05,True,0.012719943082718288,500,True,19.440733012743294
pendcart,10,High,0.0668564901913047,SGO,20,500,26,20000026,-0.6185960298867788,-0.6185932054201765,2.8244666022692044e-06,True,0.004716485256928582,500,True,19.58881103200838
pendcart,10,High,0.0668564901913047,SGO,20,500,27,20000027,-0.6185960298867788,-0.6185956856073228,3.4427945594384113e-07,True,0.0016466671177326475,500,True,19.841657020151615
pendcart,10,High,0.0668564901913047,SGO,20,500,28,20000028,-0.6185960298867788,-0.6185952533191117,7.765676670601351e-07,True,0.002473089944605711,500,True,20.28347901068628
pendcart,10,High,0.0668564901913047,SGO,20,500,29,20000029,-0.6185960298867788,-0.6185855826260437,1.0447260735069186e-05,True,0.009070922913196444,500,True,19.83106101397425
pendcart,10,High,0.0668564901913047,SGO,20,1000,0,20000000,-0.6185960298867788,-0.6185882957687275,7.734118051216932e-06,True,0.007804690001423253,1000,True,39.711507968604565
pendcart,10,High,0.0668564901913047,SGO,20,1000,1,20000001,-0.6185960298867788,-0.6185953245579684,7.053288103575639e-07,True,0.0023569266718985737,1000,True,40.14089802512899
pendcart,10,High,0.0668564901913047,SGO,20,1000,2,20000002,-0.6185960298867788,-0.6185902103441674,5.819542611362749e-06,True,0.006770093795227083,1000,True,40.0894139893353
pendcart,10,High,0.0668564901913047,SGO,20,1000,3,20000003,-0.6185960298867788,-0.6185958324736704,1.9741310830490022e-07,True,0.0012469190292443422,1000,True,39.71949004335329
pendcart,10,High,0.0668564901913047,SGO,20,1000,4,20000004,-0.6185960298867788,-0.6185952580384552,7.718483235885643e-07,True,0.002465563783034419,1000,True,39.78337300941348
pendcart,10,High,0.0668564901913047,SGO,20,1000,5,20000005,-0.6185960298867788,-0.6185715338418939,2.449604488485857e-05,True,0.013889872011145332,1000,True,39.73447700263932
pendcart,10,High,0.0668564901913047,SGO,20,1000,6,20000006,-0.6185960298867788,-0.6185960138021158,1.6084662934900962e-08,True,0.0003559231550660513,1000,True,39.44409696850926
pendcart,10,High,0.0668564901913047,SGO,20,1000,7,20000007,-0.6185960298867788,-0.6185921437768781,3.8861099006526345e-06,True,0.00553232644640822,1000,True,40.528059005737305
pendcart,10,High,0.0668564901913047,SGO,20,1000,8,20000008,-0.6185960298867788,-0.6185920486515918,3.981235186967247e-06,True,0.005599627997688206,1000,True,40.373333962634206
pendcart,10,High,0.0668564901913047,SGO,20,1000,9,20000009,-0.6185960298867788,-0.6185910095857385,5.020301040215003e-06,True,0.006288037737573582,1000,True,40.33070302102715
pendcart,10,High,0.0668564901913047,SGO,20,1000,10,20000010,-0.6185960298867788,-0.6185952576884404,7.721983383834896e-07,True,0.0024661227561724175,1000,True,39.86516298027709
pendcart,10,High,0.0668564901913047,SGO,20,1000,11,20000011,-0.6185960298867788,-0.6185930706613448,2.9592254339183555e-06,True,0.004827688997599111,1000,True,40.26968899415806
pendcart,10,High,0.0668564901913047,SGO,20,1000,12,20000012,-0.6185960298867788,-0.6185923143711268,3.715515651925294e-06,True,0.005409533404964861,1000,True,41.0050880163908
pendcart,10,High,0.0668564901913047,SGO,20,1000,13,20000013,-0.6185960298867788,-0.6185960029128321,2.6973946631869694e-08,True,0.000460916764640551,1000,True,40.46912502963096
pendcart,10,High,0.0668564901913047,SGO,20,1000,14,20000014,-0.6185960298867788,-0.6185957600680656,2.6981871315001626e-07,True,0.0014577608836003897,1000,True,40.65488697960973
pendcart,10,High,0.0668564901913047,SGO,20,1000,15,20000015,-0.6185960298867788,-0.6185946258128043,1.4040739744203279e-06,True,0.003325410425711439,1000,True,40.49907997250557
pendcart,10,High,0.0668564901913047,SGO,20,1000,16,20000016,-0.6185960298867788,-0.6185907937066811,5.2361800976230555e-06,True,0.006421811406770228,1000,True,40.16061202855781
pendcart,10,High,0.0668564901913047,SGO,20,1000,17,20000017,-0.6185960298867788,-0.6185960054725256,2.4414253174676048e-08,True,0.00043850240656251316,1000,True,40.30713497195393
pendcart,10,High,0.0668564901913047,SGO,20,1000,18,20000018,-0.6185960298867788,-0.6185939107814888,2.11910528991055e-06,True,0.004085324204730956,1000,True,39.72994996001944
pendcart,10,High,0.0668564901913047,SGO,20,1000,19,20000019,-0.6185960298867788,-0.6185958679184698,1.6196830898707049e-07,True,0.001129445509692406,1000,True,39.9665089789778
pendcart,10,High,0.0668564901913047,SGO,20,1000,20,20000020,-0.6185960298867788,-0.6185837007590855,1.2329127693222475e-05,True,0.009854087962950508,1000,True,39.86915701534599
pendcart,10,High,0.0668564901913047,SGO,20,1000,21,20000021,-0.6185960298867788,-0.6185949730198784,1.0568669003285791e-06,True,0.002885096923802788,1000,True,39.63004203978926
pendcart,10,High,0.0668564901913047,SGO,20,1000,22,20000022,-0.6185960298867788,-0.6185913186804437,4.711206335050733e-06,True,0.006091388821587884,1000,True,39.22153799794614
pendcart,10,High,0.0668564901913047,SGO,20,1000,23,20000023,-0.6185960298867788,-0.6185941161955687,1.913691210053692e-06,True,0.0038822740629740338,1000,True,39.62336794938892
pendcart,10,High,0.0668564901913047,SGO,20,1000,24,20000024,-0.6185960298867788,-0.6185898178620054,6.2120247733554734e-06,True,0.006994663864178907,1000,True,39.34039600426331
pendcart,10,High,0.0668564901913047,SGO,20,1000,25,20000025,-0.6185960298867788,-0.6185840811159383,1.1948770840430889e-05,True,0.009700896596806174,1000,True,39.29160500410944
pendcart,10,High,0.0668564901913047,SGO,20,1000,26,20000026,-0.6185960298867788,-0.6185932054201765,2.8244666022692044e-06,True,0.004716485256928582,1000,True,40.14512099092826
pendcart,10,High,0.0668564901913047,SGO,20,1000,27,20000027,-0.6185960298867788,-0.6185956856073228,3.4427945594384113e-07,True,0.0016466671177326475,1000,True,39.75791303673759
pendcart,10,High,0.0668564901913047,SGO,20,1000,28,20000028,-0.6185960298867788,-0.6185955963111591,4.335756196294227e-07,True,0.0018479179579795613,1000,True,39.43610197165981
pendcart,10,High,0.0668564901913047,SGO,20,1000,29,20000029,-0.6185960298867788,-0.6185949740790702,1.0558077085942585e-06,True,0.0028836508389122884,1000,True,39.45203102193773
pendcart,10,High,0.0668564901913047,SGO,20,2000,0,20000000,-0.6185960298867788,-0.618593983000794,2.0468859847078136e-06,True,0.004015106650099298,2000,True,79.22267500543967
pendcart,10,High,0.0668564901913047,SGO,20,2000,1,20000001,-0.6185960298867788,-0.6185953245579684,7.053288103575639e-07,True,0.0023569266718985737,2000,True,80.00836899736896
pendcart,10,High,0.0668564901913047,SGO,20,2000,2,20000002,-0.6185960298867788,-0.6185960258846254,4.0021533864731396e-09,True,0.00017754036886730162,2000,True,80.21508296951652
pendcart,10,High,0.0668564901913047,SGO,20,2000,3,20000003,-0.6185960298867788,-0.6185958324736704,1.9741310830490022e-07,True,0.0012469190292443422,2000,True,82.19031000044197
pendcart,10,High,0.0668564901913047,SGO,20,2000,4,20000004,-0.6185960298867788,-0.6185952580384552,7.718483235885643e-07,True,0.002465563783034419,2000,True,80.87070303736255
pendcart,10,High,0.0668564901913047,SGO,20,2000,5,20000005,-0.6185960298867788,-0.6185960178859722,1.200080657071112e-08,True,0.0003074365336299678,2000,True,80.2484430023469
pendcart,10,High,0.0668564901913047,SGO,20,2000,6,20000006,-0.6185960298867788,-0.6185960138021158,1.6084662934900962e-08,True,0.0003559231550660513,2000,True,81.60686097107828
pendcart,10,High,0.0668564901913047,SGO,20,2000,7,20000007,-0.6185960298867788,-0.6185921437768781,3.8861099006526345e-06,True,0.00553232644640822,2000,True,81.71415299875662
pendcart,10,High,0.0668564901913047,SGO,20,2000,8,20000008,-0.6185960298867788,-0.6185920486515918,3.981235186967247e-06,True,0.005599627997688206,2000,True,80.46814403496683
pendcart,10,High,0.0668564901913047,SGO,20,2000,9,20000009,-0.6185960298867788,-0.6185959484326651,8.145411367621591e-08,True,0.0008009525165562081,2000,True,81.50349097559229
pendcart,10,High,0.0668564901913047,SGO,20,2000,10,20000010,-0.6185960298867788,-0.6185952576884404,7.721983383834896e-07,True,0.0024661227561724175,2000,True,80.78999200370163
pendcart,10,High,0.0668564901913047,SGO,20,2000,11,20000011,-0.6185960298867788,-0.6185930706613448,2.9592254339183555e-06,True,0.004827688997599111,2000,True,78.85886100120842
pendcart,10,High,0.0668564901913047,SGO,20,2000,12,20000012,-0.6185960298867788,-0.6185947761055822,1.2537811965307455e-06,True,0.0031423976073750026,2000,True,79.62589000817388
pendcart,10,High,0.0668564901913047,SGO,20,2000,13,20000013,-0.6185960298867788,-0.6185960029128321,2.6973946631869694e-08,True,0.000460916764640551,2000,True,79.41766898147762
pendcart,10,High,0.0668564901913047,SGO,20,2000,14,20000014,-0.6185960298867788,-0.6185960260799317,3.806847059806273e-09,True,0.00017315417630303642,2000,True,78.78420600900427
pendcart,10,High,0.0668564901913047,SGO,20,2000,15,20000015,-0.6185960298867788,-0.6185946258128043,1.4040739744203279e-06,True,0.003325410425711439,2000,True,79.76026396499947
pendcart,10,High,0.0668564901913047,SGO,20,2000,16,20000016,-0.6185960298867788,-0.6185913881828465,4.6417039322177445e-06,True,0.006046290052833303,2000,True,81.16194198373705
pendcart,10,High,0.0668564901913047,SGO,20,2000,17,20000017,-0.6185960298867788,-0.6185960054725256,2.4414253174676048e-08,True,0.00043850240656251316,2000,True,80.9230599552393
pendcart,10,High,0.0668564901913047,SGO,20,2000,18,20000018,-0.6185960298867788,-0.6185957961935867,2.3369319201993477e-07,True,0.0013566670891407284,2000,True,79.13234696025029
pendcart,10,High,0.0668564901913047,SGO,20,2000,19,20000019,-0.6185960298867788,-0.618595962882378,6.700440080553705e-08,True,0.0007264436355272075,2000,True,80.86894400184974
pendcart,10,High,0.0668564901913047,SGO,20,2000,20,20000020,-0.6185960298867788,-0.6185957770712746,2.528155041980895e-07,True,0.0014110815423857836,2000,True,79.48584796395153
pendcart,10,High,0.0668564901913047,SGO,20,2000,21,20000021,-0.6185960298867788,-0.618596027175528,2.711250779441343e-09,True,0.00014612856023799026,2000,True,78.95071897655725
pendcart,10,High,0.0668564901913047,SGO,20,2000,22,20000022,-0.6185960298867788,-0.618595900748237,1.2913854174900763e-07,True,0.0010085053306312375,2000,True,80.35260502947494
pendcart,10,High,0.0668564901913047,SGO,20,2000,23,20000023,-0.6185960298867788,-0.6185958002922571,2.2959452161686045e-07,True,0.0013447173860958728,2000,True,81.52430498739704
pendcart,10,High,0.0668564901913047,SGO,20,2000,24,20000024,-0.6185960298867788,-0.6185959947163062,3.5170472534318264e-08,True,0.0005263072589580808,2000,True,80.59826295357198
pendcart,10,High,0.0668564901913047,SGO,20,2000,25,20000025,-0.6185960298867788,-0.6185959597817972,7.010498159765177e-08,True,0.0007430613962031707,2000,True,79.81765602016822
pendcart,10,High,0.0668564901913047,SGO,20,2000,26,20000026,-0.6185960298867788,-0.6185932054201765,2.8244666022692044e-06,True,0.004716485256928582,2000,True,79.23817599657923
pendcart,10,High,0.0668564901913047,SGO,20,2000,27,20000027,-0.6185960298867788,-0.6185960223843401,7.50243867031486e-09,True,0.0002430812640299429,2000,True,79.54397198045626
pendcart,10,High,0.0668564901913047,SGO,20,2000,28,20000028,-0.6185960298867788,-0.6185955963111591,4.335756196294227e-07,True,0.0018479179579795613,2000,True,80.08310099830851
pendcart,10,High,0.0668564901913047,SGO,20,2000,29,20000029,-0.6185960298867788,-0.6185949740790702,1.0558077085942585e-06,True,0.0028836508389122884,2000,True,79.9549610237591
pendcart,10,High,0.0668564901913047,SGO,20,5000,0,20000000,-0.6185960298867788,-0.6185957215779385,3.083088402355827e-07,True,0.001558271931108024,5000,True,201.84132002759725
pendcart,10,High,0.0668564901913047,SGO,20,5000,1,20000001,-0.6185960298867788,-0.6185955916811935,4.3820558526252995e-07,True,0.001857758314908864,5000,True,201.42723998287693
pendcart,10,High,0.0668564901913047,SGO,20,5000,2,20000002,-0.6185960298867788,-0.6185960258846254,4.0021533864731396e-09,True,0.00017754036886730162,5000,True,199.4909400236793
pendcart,10,High,0.0668564901913047,SGO,20,5000,3,20000003,-0.6185960298867788,-0.6185959333052695,9.658150923463893e-08,True,0.000872162186416503,5000,True,199.13671200629324
pendcart,10,High,0.0668564901913047,SGO,20,5000,4,20000004,-0.6185960298867788,-0.6185959600776142,6.980916456011954e-08,True,0.0007414920165422778,5000,True,202.55228300811723
pendcart,10,High,0.0668564901913047,SGO,20,5000,5,20000005,-0.6185960298867788,-0.6185960178859722,1.200080657071112e-08,True,0.0003074365336299678,5000,True,202.5215809699148
pendcart,10,High,0.0668564901913047,SGO,20,5000,6,20000006,-0.6185960298867788,-0.6185960138021158,1.6084662934900962e-08,True,0.0003559231550660513,5000,True,199.2289389600046
pendcart,10,High,0.0668564901913047,SGO,20,5000,7,20000007,-0.6185960298867788,-0.6185959122270861,1.1765969265553622e-07,True,0.0009626404663367616,5000,True,201.04546600487083
pendcart,10,High,0.0668564901913047,SGO,20,5000,8,20000008,-0.6185960298867788,-0.6185956502987894,3.7958798937420823e-07,True,0.0017290457727199282,5000,True,199.67472000280395
pendcart,10,High,0.0668564901913047,SGO,20,5000,9,20000009,-0.6185960298867788,-0.6185960167177225,1.316905628989673e-08,True,0.00032205317466127426,5000,True,199.09439695766196
pendcart,10,High,0.0668564901913047,SGO,20,5000,10,20000010,-0.6185960298867788,-0.6185953131444969,7.167422818588065e-07,True,0.0023759197733190796,5000,True,198.60332604730502
pendcart,10,High,0.0668564901913047,SGO,20,5000,11,20000011,-0.6185960298867788,-0.6185959818695493,4.8017229414831775e-08,True,0.0006149627464480112,5000,True,199.44126199698076
pendcart,10,High,0.0668564901913047,SGO,20,5000,12,20000012,-0.6185960298867788,-0.6185955233332531,5.065535256809639e-07,True,0.001997390272178823,5000,True,199.5781129808165
pendcart,10,High,0.0668564901913047,SGO,20,5000,13,20000013,-0.6185960298867788,-0.6185960029128321,2.6973946631869694e-08,True,0.000460916764640551,5000,True,199.27724899025634
pendcart,10,High,0.0668564901913047,SGO,20,5000,14,20000014,-0.6185960298867788,-0.6185960260799317,3.806847059806273e-09,True,0.00017315417630303642,5000,True,198.90303100692108
pendcart,10,High,0.0668564901913047,SGO,20,5000,15,20000015,-0.6185960298867788,-0.6185960181070683,1.1779710429316026e-08,True,0.0003045913499488684,5000,True,199.69471002696082
pendcart,10,High,0.0668564901913047,SGO,20,5000,16,20000016,-0.6185960298867788,-0.6185956485071533,3.813796254359403e-07,True,0.001733121473878274,5000,True,200.91521297581494
pendcart,10,High,0.0668564901913047,SGO,20,5000,17,20000017,-0.6185960298867788,-0.6185960202154318,9.671346945516746e-09,True,0.00027599024892044355,5000,True,199.44029196631163
pendcart,10,High,0.0668564901913047,SGO,20,5000,18,20000018,-0.6185960298867788,-0.6185958073000906,2.2258668819219452e-07,True,0.0013240361816411195,5000,True,199.83984099235386
pendcart,10,High,0.0668564901913047,SGO,20,5000,19,20000019,-0.6185960298867788,-0.6185960102766371,1.961014162166208e-08,True,0.00039299825690797263,5000,True,199.7003590222448
pendcart,10,High,0.0668564901913047,SGO,20,5000,20,20000020,-0.6185960298867788,-0.6185960107831798,1.9103598924985477e-08,True,0.00038788934942290965,5000,True,203.0544700101018
pendcart,10,High,0.0668564901913047,SGO,20,5000,21,20000021,-0.6185960298867788,-0.618596027175528,2.711250779441343e-09,True,0.00014612856023799026,5000,True,196.87702599912882
pendcart,10,High,0.0668564901913047,SGO,20,5000,22,20000022,-0.6185960298867788,-0.6185960149537377,1.4933041025955163e-08,True,0.0003429449294509723,5000,True,199.2127540288493
pendcart,10,High,0.0668564901913047,SGO,20,5000,23,20000023,-0.6185960298867788,-0.6185958002922571,2.2959452161686045e-07,True,0.0013447173860958728,5000,True,197.31607899302617
pendcart,10,High,0.0668564901913047,SGO,20,5000,24,20000024,-0.6185960298867788,-0.6185960160980979,1.3788680863768832e-08,True,0.0003295426403502333,5000,True,198.70285596698523
pendcart,10,High,0.0668564901913047,SGO,20,5000,25,20000025,-0.6185960298867788,-0.6185959597817972,7.010498159765177e-08,True,0.0007430613962031707,5000,True,199.81318799545988
pendcart,10,High,0.0668564901913047,SGO,20,5000,26,20000026,-0.6185960298867788,-0.6185956752625008,3.54624277942861e-07,True,0.0016712233376319219,5000,True,199.22106200829148
pendcart,10,High,0.0668564901913047,SGO,20,5000,27,20000027,-0.6185960298867788,-0.6185960223843401,7.50243867031486e-09,True,0.0002430812640299429,5000,True,198.30753101268783
pendcart,10,High,0.0668564901913047,SGO,20,5000,28,20000028,-0.6185960298867788,-0.6185955963111591,4.335756196294227e-07,True,0.0018479179579795613,5000,True,199.2368780192919
pendcart,10,High,0.0668564901913047,SGO,20,5000,29,20000029,-0.6185960298867788,-0.6185960055182481,2.4368530637808306e-08,True,0.00043809160482721765,5000,True,200.8953049662523
pendcart,10,High,0.0668564901913047,GWO,20,250,0,20001000,-0.6185960298867788,-0.6185907484663412,5.281420437541762e-06,True,0.006449493809796536,250,True,8.114145020954311
pendcart,10,High,0.0668564901913047,GWO,20,250,1,20001001,-0.6185960298867788,-0.6185954561551927,5.737315860177006e-07,True,0.0021257130526466383,250,True,8.226380974519998
pendcart,10,High,0.0668564901913047,GWO,20,250,2,20001002,-0.6185960298867788,-0.6185960142786356,1.5608143111300876e-08,True,0.0003506112759810165,250,True,8.271150989457965
pendcart,10,High,0.0668564901913047,GWO,20,250,3,20001003,-0.6185960298867788,-0.6185960028708121,2.7015966685972614e-08,True,0.00046127563503972624,250,True,8.12704098643735
pendcart,10,High,0.0668564901913047,GWO,20,250,4,20001004,-0.6185960298867788,-0.6185959783059661,5.1580812621132566e-08,True,0.0006373740089249402,250,True,8.252595958765596
pendcart,10,High,0.0668564901913047,GWO,20,250,5,20001005,-0.6185960298867788,-0.6185957848739099,2.450128688824549e-07,True,0.0013891358097875006,250,True,8.247132005635649
pendcart,10,High,0.0668564901913047,GWO,20,250,6,20001006,-0.6185960298867788,-0.618594638364778,1.391522000737666e-06,True,0.0033105130027695218,250,True,8.242382027674466
pendcart,10,High,0.0668564901913047,GWO,20,250,7,20001007,-0.6185960298867788,-0.6185960297871668,9.961198532693061e-11,True,2.8009539433160313e-05,250,True,8.23842000681907
pendcart,10,High,0.0668564901913047,GWO,20,250,8,20001008,-0.6185960298867788,-0.6185958174558835,2.1243089520783798e-07,True,0.0012934781557438768,250,True,8.169431006535888
pendcart,10,High,0.0668564901913047,GWO,20,250,9,20001009,-0.6185960298867788,-0.6185941504404417,1.8794463370053194e-06,True,0.003847381252502391,250,True,8.163943944964558
pendcart,10,High,0.0668564901913047,GWO,20,250,10,20001010,-0.6185960298867788,-0.618585312891398,1.071699538079951e-05,True,0.009187276373811226,250,True,8.410174981690943
pendcart,10,High,0.0668564901913047,GWO,20,250,11,20001011,-0.6185960298867788,-0.6185956031288667,4.2675791200874613e-07,True,0.001833331709084618,250,True,8.342876040842384
pendcart,10,High,0.0668564901913047,GWO,20,250,12,20001012,-0.6185960298867788,-0.618595572691194,4.5719558472434585e-07,True,0.0018975851510472097,250,True,8.174227026756853
pendcart,10,High,0.0668564901913047,GWO,20,250,13,20001013,-0.6185960298867788,-0.618574550671275,2.147921550377241e-05,True,0.013006470703379236,250,True,8.2959919818677
pendcart,10,High,0.0668564901913047,GWO,20,250,14,20001014,-0.6185960298867788,-0.6185947770414555,1.2528453232629744e-06,True,0.003141224581765467,250,True,8.343118010088801
pendcart,10,High,0.0668564901913047,GWO,20,250,15,20001015,-0.6185960298867788,-0.618589537686881,6.492199897789597e-06,True,0.007150661193361607,250,True,8.390331990085542
pendcart,10,High,0.0668564901913047,GWO,20,250,16,20001016,-0.6185960298867788,-0.6185932064752934,2.823411485386451e-06,True,0.004715604222853553,250,True,8.344303991179913
pendcart,10,High,0.0668564901913047,GWO,20,250,17,20001017,-0.6185960298867788,-0.6185922193848421,3.810501936651889e-06,True,0.005478243760498991,250,True,8.356196980457753
pendcart,10,High,0.0668564901913047,GWO,20,250,18,20001018,-0.6185960298867788,-0.618596028519932,1.3668467468974654e-09,True,0.00010375526781070121,250,True,8.350272022653371
pendcart,10,High,0.0668564901913047,GWO,20,250,19,20001019,-0.6185960298867788,-0.6185951358663648,8.940204139218366e-07,True,0.00265352984854772,250,True,8.301451045554131
pendcart,10,High,0.0668564901913047,GWO,20,250,20,20001020,-0.6185960298867788,-0.6185959777572473,5.212953146926935e-08,True,0.0006407552447993403,250,True,8.343616034835577
pendcart,10,High,0.0668564901913047,GWO,20,250,21,20001021,-0.6185960298867788,-0.6185953491244808,6.80762297977644e-07,True,0.002315517177454929,250,True,8.210469968616962
pendcart,10,High,0.0668564901913047,GWO,20,250,22,20001022,-0.6185960298867788,-0.6185959168442071,1.1304257163669007e-07,True,0.0009435638071639829,250,True,8.455272007267922
pendcart,10,High,0.0668564901913047,GWO,20,250,23,20001023,-0.6185960298867788,-0.6185960287191925,1.167586249906094e-09,True,9.589472440918456e-05,250,True,8.778344024904072
pendcart,10,High,0.0668564901913047,GWO,20,250,24,20001024,-0.6185960298867788,-0.6185959943508939,3.5535884901349846e-08,True,0.0005290342945758475,250,True,7.577161013614386
pendcart,10,High,0.0668564901913047,GWO,20,250,25,20001025,-0.6185960298867788,-0.6185931496668544,2.8802199243394e-06,True,0.004762808111375971,250,True,7.70636199740693
pendcart,10,High,0.0668564901913047,GWO,20,250,26,20001026,-0.6185960298867788,-0.6185958490371305,1.8084964825693106e-07,True,0.0011934633688603924,250,True,7.250680006109178
pendcart,10,High,0.0668564901913047,GWO,20,250,27,20001027,-0.6185960298867788,-0.6185893940692396,6.635817539124567e-06,True,0.007229320474181566,250,True,7.817359990440309
pendcart,10,High,0.0668564901913047,GWO,20,250,28,20001028,-0.6185960298867788,-0.6185930490179001,2.9808688786214788e-06,True,0.004845311423480325,250,True,8.041188004426658
pendcart,10,High,0.0668564901913047,GWO,20,250,29,20001029,-0.6185960298867788,-0.6185952216199017,8.082668770947876e-07,True,0.002523060416269818,250,True,8.18830099888146
pendcart,10,High,0.0668564901913047,GWO,20,500,0,20001000,-0.6185960298867788,-0.6185959177872897,1.1209948902468625e-07,True,0.0009396196182422933,500,True,16.37822901830077
pendcart,10,High,0.0668564901913047,GWO,20,500,1,20001001,-0.6185960298867788,-0.6185959870743803,4.28123984042017e-08,True,0.0005806775521710605,500,True,16.432655975222588
pendcart,10,High,0.0668564901913047,GWO,20,500,2,20001002,-0.6185960298867788,-0.6185959822336417,4.765313710297647e-08,True,0.000612626822524831,500,True,16.822413017507643
pendcart,10,High,0.0668564901913047,GWO,20,500,3,20001003,-0.6185960298867788,-0.6185957280964474,3.0179033139177136e-07,True,0.0015417108195014961,500,True,16.51504897745326
pendcart,10,High,0.0668564901913047,GWO,20,500,4,20001004,-0.6185960298867788,-0.6185958740207668,1.5586601198602779e-07,True,0.0011079648202394488,500,True,16.505050007253885
pendcart,10,High,0.0668564901913047,GWO,20,500,5,20001005,-0.6185960298867788,-0.6185960234562846,6.430494137177334e-09,True,0.000225046585570432,500,True,16.396155988331884
pendcart,10,High,0.0668564901913047,GWO,20,500,6,20001006,-0.6185960298867788,-0.6185959892869749,4.059980385218154e-08,True,0.0005654734610245349,500,True,16.3478699978441
pendcart,10,High,0.0668564901913047,GWO,20,500,7,20001007,-0.6185960298867788,-0.6185959731414474,5.67453313227162e-08,True,0.0006685214205393031,500,True,16.368912009056658
pendcart,10,High,0.0668564901913047,GWO,20,500,8,20001008,-0.6185960298867788,-0.6185960290398651,8.469136503208574e-10,True,8.167136524894758e-05,500,True,16.393631987739354
pendcart,10,High,0.0668564901913047,GWO,20,500,9,20001009,-0.6185960298867788,-0.6185960281949068,1.691871975850745e-09,True,0.00011543406676528534,500,True,16.44578797277063
pendcart,10,High,0.0668564901913047,GWO,20,500,10,20001010,-0.6185960298867788,-0.618595870526807,1.593599717741867e-07,True,0.0011203143052216369,500,True,16.852628032211214
pendcart,10,High,0.0668564901913047,GWO,20,500,11,20001011,-0.6185960298867788,-0.6185958235096326,2.063771461502384e-07,True,0.0012749144998265294,500,True,16.742792970035225
pendcart,10,High,0.0668564901913047,GWO,20,500,12,20001012,-0.6185960298867788,-0.6185960267156642,3.1711145931367923e-09,True,0.00015803607425368682,500,True,16.6782489977777
pendcart,10,High,0.0668564901913047,GWO,20,500,13,20001013,-0.6185960298867788,-0.6185959679467407,6.194003809856241e-08,True,0.0006984510806780087,500,True,17.34540198231116
pendcart,10,High,0.0668564901913047,GWO,20,500,14,20001014,-0.6185960298867788,-0.6185958904500732,1.394367055151946e-07,True,0.0010479457862611063,500,True,15.375726041384041
pendcart,10,High,0.0668564901913047,GWO,20,500,15,20001015,-0.6185960298867788,-0.6185958330085155,1.9687826324776836e-07,True,0.0012452287631763426,500,True,15.69426798960194
pendcart,10,High,0.0668564901913047,GWO,20,500,16,20001016,-0.6185960298867788,-0.6185958253043292,2.0458244953669436e-07,True,0.0012693589418217854,500,True,16.16906002163887
pendcart,10,High,0.0668564901913047,GWO,20,500,17,20001017,-0.6185960298867788,-0.6185960298082481,7.853062644613829e-11,True,2.4869634986490752e-05,500,True,16.277683957014233
pendcart,10,High,0.0668564901913047,GWO,20,500,18,20001018,-0.6185960298867788,-0.6185960254907599,4.396018882246722e-09,True,0.0001860715742143526,500,True,16.33842702722177
pendcart,10,High,0.0668564901913047,GWO,20,500,19,20001019,-0.6185960298867788,-0.6185959938162628,3.607051590748256e-08,True,0.000532999050711247,500,True,16.2512959796004
pendcart,10,High,0.0668564901913047,GWO,20,500,20,20001020,-0.6185960298867788,-0.6185960272585546,2.628224193834683e-09,True,0.00014387371752366818,500,True,16.41078997636214
pendcart,10,High,0.0668564901913047,GWO,20,500,21,20001021,-0.6185960298867788,-0.6185960286203652,1.2664135295992196e-09,True,9.987068229744267e-05,500,True,16.44864398986101
pendcart,10,High,0.0668564901913047,GWO,20,500,22,20001022,-0.6185960298867788,-0.6185950888792509,9.410075278992736e-07,True,0.002722367856327068,500,True,16.46607997827232
pendcart,10,High,0.0668564901913047,GWO,20,500,23,20001023,-0.6185960298867788,-0.6185959814117467,4.847503209948201e-08,True,0.0006178873609918867,500,True,16.586721991188824
pendcart,10,High,0.0668564901913047,GWO,20,500,24,20001024,-0.6185960298867788,-0.6185956187310199,4.1115575888373e-07,True,0.0017995066176701435,500,True,16.679125954397023
pendcart,10,High,0.0668564901913047,GWO,20,500,25,20001025,-0.6185960298867788,-0.6185960267933563,3.093422407118851e-09,True,0.0001560881280107118,500,True,16.534571012016386
pendcart,10,High,0.0668564901913047,GWO,20,500,26,20001026,-0.6185960298867788,-0.6185953493471256,6.805396531861518e-07,True,0.002315138499406899,500,True,16.721753985621035
pendcart,10,High,0.0668564901913047,GWO,20,500,27,20001027,-0.6185960298867788,-0.6185960283966666,1.4901121447863375e-09,True,0.00010833274209920418,500,True,16.893177991732955
pendcart,10,High,0.0668564901913047,GWO,20,500,28,20001028,-0.6185960298867788,-0.6185957158516978,3.140350809394121e-07,True,0.0015726763005368127,500,True,17.05028605647385
pendcart,10,High,0.0668564901913047,GWO,20,500,29,20001029,-0.6185960298867788,-0.6185959563847903,7.350198849565004e-08,True,0.000760851327575196,500,True,17.4103049794212
pendcart,10,High,0.0668564901913047,GWO,20,1000,0,20001000,-0.6185960298867788,-0.6185960298867661,1.2656542480726785e-14,True,3.1519630638854323e-07,1000,True,34.08886300167069
pendcart,10,High,0.0668564901913047,GWO,20,1000,1,20001001,-0.6185960298867788,-0.6185960213562306,8.530548156748807e-09,True,0.00025920222524344894,1000,True,34.0925749624148
pendcart,10,High,0.0668564901913047,GWO,20,1000,2,20001002,-0.6185960298867788,-0.6185959984240871,3.1462691674200016e-08,True,0.0004977923248645766,1000,True,34.16463499888778
pendcart,10,High,0.0668564901913047,GWO,20,1000,3,20001003,-0.6185960298867788,-0.6185959323515077,9.753527108191662e-08,True,0.0008764579947886375,1000,True,34.398906980641186
pendcart,10,High,0.0668564901913047,GWO,20,1000,4,20001004,-0.6185960298867788,-0.6185959691150076,6.077177117091992e-08,True,0.0006918328923575245,1000,True,34.254468977451324
pendcart,10,High,0.0668564901913047,GWO,20,1000,5,20001005,-0.6185960298867788,-0.618595813467308,2.1641947078876456e-07,True,0.001305564777549062,1000,True,33.818177005741745
pendcart,10,High,0.0668564901913047,GWO,20,1000,6,20001006,-0.6185960298867788,-0.618596029590346,2.964327672216882e-10,True,4.8318484175524645e-05,1000,True,33.7324520223774
pendcart,10,High,0.0668564901913047,GWO,20,1000,7,20001007,-0.6185960298867788,-0.6185960232553649,6.6314138624790075e-09,True,0.0002285353177402527,1000,True,33.89275795780122
pendcart,10,High,0.0668564901913047,GWO,20,1000,8,20001008,-0.6185960298867788,-0.6185960257375226,4.149256160879133e-09,True,0.0001807737541428267,1000,True,33.61421398585662
pendcart,10,High,0.0668564901913047,GWO,20,1000,9,20001009,-0.6185960298867788,-0.6185960295360668,3.507119039625195e-10,True,5.25563749063096e-05,1000,True,33.40125200338662
pendcart,10,High,0.0668564901913047,GWO,20,1000,10,20001010,-0.6185960298867788,-0.6185960239235667,5.963212035275944e-09,True,0.00021671570173431576,1000,True,33.78866595448926
pendcart,10,High,0.0668564901913047,GWO,20,1000,11,20001011,-0.6185960298867788,-0.6185960019330069,2.795377185282888e-08,True,0.0004692134649539881,1000,True,33.912448037881404
pendcart,10,High,0.0668564901913047,GWO,20,1000,12,20001012,-0.6185960298867788,-0.6185960207413741,9.145404655797051e-09,True,0.00026838097021464336,1000,True,33.8790169917047
pendcart,10,High,0.0668564901913047,GWO,20,1000,13,20001013,-0.6185960298867788,-0.618596029886776,2.7755575615628914e-15,True,1.4453507146683364e-07,1000,True,34.24799500498921
pendcart,10,High,0.0668564901913047,GWO,20,1000,14,20001014,-0.6185960298867788,-0.6185960298347172,5.2061577271445e-11,True,2.024923334076334e-05,1000,True,33.9679520111531
pendcart,10,High,0.0668564901913047,GWO,20,1000,15,20001015,-0.6185960298867788,-0.6185957843362382,2.4555054056740744e-07,True,0.0013906591791066347,1000,True,34.815869003068656
pendcart,10,High,0.0668564901913047,GWO,20,1000,16,20001016,-0.6185960298867788,-0.6185960258995725,3.987206231848006e-09,True,0.00017720852366354123,1000,True,35.031116975005716
pendcart,10,High,0.0668564901913047,GWO,20,1000,17,20001017,-0.6185960298867788,-0.6185952341388691,7.957479096765141e-07,True,0.0025034447585619013,1000,True,34.686454047914594
pendcart,10,High,0.0668564901913047,GWO,20,1000,18,20001018,-0.6185960298867788,-0.6185957393907664,2.904960123562006e-07,True,0.0015125869424439387,1000,True,33.78735401201993
pendcart,10,High,0.0668564901913047,GWO,20,1000,19,20001019,-0.6185960298867788,-0.6185960120925945,1.7794184237196475e-08,True,0.0003743598807353088,1000,True,33.94492605002597
pendcart,10,High,0.0668564901913047,GWO,20,1000,20,20001020,-0.6185960298867788,-0.618595993034977,3.6851801721304867e-08,True,0.0005387404968004716,1000,True,34.043125982861966
pendcart,10,High,0.0668564901913047,GWO,20,1000,21,20001021,-0.6185960298867788,-0.6185960092959162,2.0590862570557533e-08,True,0.00040270546839193955,1000,True,33.93183700973168
pendcart,10,High,0.0668564901913047,GWO,20,1000,22,20001022,-0.6185960298867788,-0.6185960229030242,6.983754574640955e-09,True,0.00023452802161028075,1000,True,34.339754027314484
pendcart,10,High,0.0668564901913047,GWO,20,1000,23,20001023,-0.6185960298867788,-0.6185960166820071,1.3204771609487409e-08,True,0.00032248959452330084,1000,True,33.6608299985528
pendcart,10,High,0.0668564901913047,GWO,20,1000,24,20001024,-0.6185960298867788,-0.6185960211733073,8.713471499888215e-09,True,0.0002619665653060821,1000,True,33.662475005257875
pendcart,10,High,0.0668564901913047,GWO,20,1000,25,20001025,-0.6185960298867788,-0.6185959872591741,4.262760466833271e-08,True,0.0005794229902744696,1000,True,33.82727300049737
pendcart,10,High,0.0668564901913047,GWO,20,1000,26,20001026,-0.6185960298867788,-0.6185955033486876,5.265380911279038e-07,True,0.0020364096976055457,1000,True,33.802142017520964
pendcart,10,High,0.0668564901913047,GWO,20,1000,27,20001027,-0.6185960298867788,-0.6185960298688972,1.788158510152016e-11,True,1.1867276104027269e-05,1000,True,33.54785399278626
pendcart,10,High,0.0668564901913047,GWO,20,1000,28,20001028,-0.6185960298867788,-0.618596026287272,3.5995068037308897e-09,True,0.00016837272803593706,1000,True,33.28753000823781
pendcart,10,High,0.0668564901913047,GWO,20,1000,29,20001029,-0.6185960298867788,-0.6185959874452408,4.244153795074368e-08,True,0.0005781570364433719,1000,True,33.25843601487577
pendcart,10,High,0.0668564901913047,GWO,20,2000,0,20001000,-0.6185960298867788,-0.6185960294972596,3.8951919467677953e-10,True,5.538787884873386e-05,2000,True,67.00692902086303
pendcart,10,High,0.0668564901913047,GWO,20,2000,1,20001001,-0.6185960298867788,-0.6185960297624447,1.243340985723762e-10,True,3.129285888459066e-05,2000,True,67.72971095051616
pendcart,10,High,0.0668564901913047,GWO,20,2000,2,20001002,-0.6185960298867788,-0.6185960298148472,7.193157181006882e-11,True,2.380179908767488e-05,2000,True,67.05887103453279
pendcart,10,High,0.0668564901913047,GWO,20,2000,3,20001003,-0.6185960298867788,-0.6185960053556204,2.4531158326901448e-08,True,0.00043955101356640824,2000,True,66.71928201103583
pendcart,10,High,0.0668564901913047,GWO,20,2000,4,20001004,-0.6185960298867788,-0.6185960295975842,2.8919455719034204e-10,True,4.7724930209991356e-05,2000,True,66.82205497054383
pendcart,10,High,0.0668564901913047,GWO,20,2000,5,20001005,-0.6185960298867788,-0.6185960202927733,9.594005478952283e-09,True,0.00027488448959545053,2000,True,68.5952760395594
pendcart,10,High,0.0668564901913047,GWO,20,2000,6,20001006,-0.6185960298867788,-0.6185960274957737,2.391005060609075e-09,True,0.00013722729164378222,2000,True,67.93522200314328
pendcart,10,High,0.0668564901913047,GWO,20,2000,7,20001007,-0.6185960298867788,-0.6185959756297434,5.425703530903547e-08,True,0.0006536997057975391,2000,True,66.81938102701679
pendcart,10,High,0.0668564901913047,GWO,20,2000,8,20001008,-0.6185960298867788,-0.618596024163716,5.723062801443746e-09,True,0.00021230709446307117,2000,True,70.26584498817101
pendcart,10,High,0.0668564901913047,GWO,20,2000,9,20001009,-0.6185960298867788,-0.6185960274139787,2.4728000758145186e-09,True,0.0001395547942171227,2000,True,69.50233300449327
pendcart,10,High,0.0668564901913047,GWO,20,2000,10,20001010,-0.6185960298867788,-0.6185960258670208,4.019757970930016e-09,True,0.00017793041877078863,2000,True,68.0558190215379
pendcart,10,High,0.0668564901913047,GWO,20,2000,11,20001011,-0.6185960298867788,-0.6185960297552578,1.3152090527768223e-10,True,3.218457249509754e-05,2000,True,68.13534197863191
pendcart,10,High,0.0668564901913047,GWO,20,2000,12,20001012,-0.6185960298867788,-0.6185960240852142,5.801564562091244e-09,True,0.00021375821930602612,2000,True,67.0203780173324
pendcart,10,High,0.0668564901913047,GWO,20,2000,13,20001013,-0.6185960298867788,-0.6185960274946483,2.3921304936891374e-09,True,0.00013725958795784976,2000,True,68.26031301170588
pendcart,10,High,0.0668564901913047,GWO,20,2000,14,20001014,-0.6185960298867788,-0.6185960289637629,9.230158859452331e-10,True,8.526186694357563e-05,2000,True,69.45530697703362
pendcart,10,High,0.0668564901913047,GWO,20,2000,15,20001015,-0.6185960298867788,-0.6185960295877243,2.9905444787203805e-10,True,4.853168771123961e-05,2000,True,69.6850239764899
pendcart,10,High,0.0668564901913047,GWO,20,2000,16,20001016,-0.6185960298867788,-0.6185960214544277,8.432351039644459e-09,True,0.000257706037680272,2000,True,71.0446760058403
pendcart,10,High,0.0668564901913047,GWO,20,2000,17,20001017,-0.6185960298867788,-0.6185960279310138,1.9557649943990896e-09,True,0.00012411051900951264,2000,True,69.91855701198801
pendcart,10,High,0.0668564901913047,GWO,20,2000,18,20001018,-0.6185960298867788,-0.6185960291499184,7.368603505142346e-10,True,7.618032656653284e-05,2000,True,67.97899201046675
pendcart,10,High,0.0668564901913047,GWO,20,2000,19,20001019,-0.6185960298867788,-0.6185960068492111,2.3037567631334355e-08,True,0.0004259597563209816,2000,True,68.14721401315182
pendcart,10,High,0.0668564901913047,GWO,20,2000,20,20001020,-0.6185960298867788,-0.6185960294822904,4.044883317178005e-10,True,5.644210749178313e-05,2000,True,69.11098898854107
pendcart,10,High,0.0668564901913047,GWO,20,2000,21,20001021,-0.6185960298867788,-0.6185960268579752,3.0288035413050807e-09,True,0.00015444925198737636,2000,True,68.79641202976927
pendcart,10,High,0.0668564901913047,GWO,20,2000,22,20001022,-0.6185960298867788,-0.6185960285119692,1.3748095994969844e-09,True,0.00010405705190796866,2000,True,68.26059601735324
pendcart,10,High,0.0668564901913047,GWO,20,2000,23,20001023,-0.6185960298867788,-0.618596028299957,1.586821785082293e-09,True,0.00011179292055674139,2000,True,68.72906000353396
pendcart,10,High,0.0668564901913047,GWO,20,2000,24,20001024,-0.6185960298867788,-0.6185960295740038,3.1277491707726313e-10,True,4.963250488332349e-05,2000,True,69.3528979900293
pendcart,10,High,0.0668564901913047,GWO,20,2000,25,20001025,-0.6185960298867788,-0.6185959831518528,4.673492592921491e-08,True,0.0006066958699268987,2000,True,68.70986300054938
pendcart,10,High,0.0668564901913047,GWO,20,2000,26,20001026,-0.6185960298867788,-0.6185960293375377,5.492410970475703e-10,True,6.577059459988988e-05,2000,True,67.71744502475485
pendcart,10,High,0.0668564901913047,GWO,20,2000,27,20001027,-0.6185960298867788,-0.6185960293246184,5.621603182959234e-10,True,6.653961939218078e-05,2000,True,67.97289801761508
pendcart,10,High,0.0668564901913047,GWO,20,2000,28,20001028,-0.6185960298867788,-0.6185960288352462,1.0515325277182797e-09,True,9.100423236629851e-05,2000,True,68.16632504342124
pendcart,10,High,0.0668564901913047,GWO,20,2000,29,20001029,-0.6185960298867788,-0.6185960278123648,2.0744139739292677e-09,True,0.0001278197508889356,2000,True,67.70771800074726
pendcart,10,High,0.0668564901913047,GWO,20,5000,0,20001000,-0.6185960298867788,-0.6185960297948835,9.1895269171971e-11,True,2.6902746832480062e-05,5000,True,170.45293003320694
pendcart,10,High,0.0668564901913047,GWO,20,5000,1,20001001,-0.6185960298867788,-0.6185960297066906,1.8008816660142202e-10,True,3.766106860414453e-05,5000,True,171.74466594588012
pendcart,10,High,0.0668564901913047,GWO,20,5000,2,20001002,-0.6185960298867788,-0.6185960297064336,1.8034518323162274e-10,True,3.7687939657971015e-05,5000,True,171.85532802250236
pendcart,10,High,0.0668564901913047,GWO,20,5000,3,20001003,-0.6185960298867788,-0.6185960298824225,4.356293104024189e-12,True,5.857314183010942e-06,5000,True,171.2804909911938
pendcart,10,High,0.0668564901913047,GWO,20,5000,4,20001004,-0.6185960298867788,-0.6185960298657129,2.106581575844757e-11,True,1.288069407223702e-05,5000,True,167.7602000418119
pendcart,10,High,0.0668564901913047,GWO,20,5000,5,20001005,-0.6185960298867788,-0.61859602934053,5.462487129292981e-10,True,6.559117888649268e-05,5000,True,169.97537697898224
pendcart,10,High,0.0668564901913047,GWO,20,5000,6,20001006,-0.6185960298867788,-0.6185960296745922,2.1218660162247716e-10,True,4.087984354272933e-05,5000,True,171.47410503821447
pendcart,10,High,0.0668564901913047,GWO,20,5000,7,20001007,-0.6185960298867788,-0.6185960289886715,8.981072552316505e-10,True,8.410355412635795e-05,5000,True,170.89992895489559
pendcart,10,High,0.0668564901913047,GWO,20,5000,8,20001008,-0.6185960298867788,-0.6185960296916792,1.9509960313968122e-10,True,3.919931047224878e-05,5000,True,170.92301597585902
pendcart,10,High,0.0668564901913047,GWO,20,5000,9,20001009,-0.6185960298867788,-0.6185960298767704,1.0008327500088399e-11,True,8.878297454550932e-06,5000,True,171.46244598552585
pendcart,10,High,0.0668564901913047,GWO,20,5000,10,20001010,-0.6185960298867788,-0.6185960292080968,6.786819994886173e-10,True,7.311110839225421e-05,5000,True,169.5669919718057
pendcart,10,High,0.0668564901913047,GWO,20,5000,11,20001011,-0.6185960298867788,-0.6185960293870795,4.996992819528145e-10,True,6.273423465907868e-05,5000,True,170.72138201911002
pendcart,10,High,0.0668564901913047,GWO,20,5000,12,20001012,-0.6185960298867788,-0.6185960261195051,3.767273604182719e-09,True,0.0001722518284612562,5000,True,169.2846420337446
pendcart,10,High,0.0668564901913047,GWO,20,5000,13,20001013,-0.6185960298867788,-0.6185960298754348,1.1343925798712462e-11,True,9.452221986450127e-06,5000,True,170.05486105335876
pendcart,10,High,0.0668564901913047,GWO,20,5000,14,20001014,-0.6185960298867788,-0.6185960262458906,3.640888146527743e-09,True,0.00016933780688521693,5000,True,172.18695301562548
pendcart,10,High,0.0668564901913047,GWO,20,5000,15,20001015,-0.6185960298867788,-0.618596026937335,2.9494438003041523e-09,True,0.00015241240603325323,5000,True,175.2115529961884
pendcart,10,High,0.0668564901913047,GWO,20,5000,16,20001016,-0.6185960298867788,-0.6185960297220319,1.6474688280254668e-10,True,3.6021240652051034e-05,5000,True,170.34893902018666
pendcart,10,High,0.0668564901913047,GWO,20,5000,17,20001017,-0.6185960298867788,-0.6185960285982797,1.2884990852057854e-09,True,0.00010073776553243263,5000,True,171.4713440160267
pendcart,10,High,0.0668564901913047,GWO,20,5000,18,20001018,-0.6185960298867788,-0.6185960296806408,2.0613799556201684e-10,True,4.029297126395548e-05,5000,True,170.25032098172233
pendcart,10,High,0.0668564901913047,GWO,20,5000,19,20001019,-0.6185960298867788,-0.6185960273163956,2.5703831285639467e-09,True,0.00014228174200203725,5000,True,169.95834396220744
pendcart,10,High,0.0668564901913047,GWO,20,5000,20,20001020,-0.6185960298867788,-0.6185960298579943,2.8784419292549046e-11,True,1.5056669737223416e-05,5000,True,170.76525400625542
pendcart,10,High,0.0668564901913047,GWO,20,5000,21,20001021,-0.6185960298867788,-0.6185960298472395,3.95392607543954e-11,True,1.764674383508691e-05,5000,True,170.65652803285047
pendcart,10,High,0.0668564901913047,GWO,20,5000,22,20001022,-0.6185960298867788,-0.618596027954849,1.9319297273057146e-09,True,0.0001233519191359278,5000,True,169.21983798965812
pendcart,10,High,0.0668564901913047,GWO,20,5000,23,20001023,-0.6185960298867788,-0.6185960297722348,1.1454392989662665e-10,True,3.0035587658794327e-05,5000,True,170.9592739935033
pendcart,10,High,0.0668564901913047,GWO,20,5000,24,20001024,-0.6185960298867788,-0.6185960292351624,6.516163164604905e-10,True,7.163846158597664e-05,5000,True,169.71279704011977
pendcart,10,High,0.0668564901913047,GWO,20,5000,25,20001025,-0.6185960298867788,-0.6185960274015949,2.485183836498095e-09,True,0.00013990379923445317,5000,True,173.36556600639597
pendcart,10,High,0.0668564901913047,GWO,20,5000,26,20001026,-0.6185960298867788,-0.6185960282342582,1.6525205648321162e-09,True,0.00011408372693688662,5000,True,171.7009409912862
pendcart,10,High,0.0668564901913047,GWO,20,5000,27,20001027,-0.6185960298867788,-0.6185960297962103,9.056844163524147e-11,True,2.670782329250443e-05,5000,True,171.80100601399317
pendcart,10,High,0.0668564901913047,GWO,20,5000,28,20001028,-0.6185960298867788,-0.618596029796657,9.012179891243477e-11,True,2.664188838386039e-05,5000,True,169.51624600915238
pendcart,10,High,0.0668564901913047,GWO,20,5000,29,20001029,-0.6185960298867788,-0.6185960298364338,5.0344950430769586e-11,True,1.9912588914205998e-05,5000,True,170.59245600830764
pendcart,10,High,0.0668564901913047,PSO,30,250,0,20002000,-0.6185960298867788,-0.6185773547256972,1.8675161081560532e-05,True,0.012127811484584416,250,True,6.140206998679787
pendcart,10,High,0.0668564901913047,PSO,30,250,1,20002001,-0.6185960298867788,-0.6185958412321245,1.8865465423179018e-07,True,0.0012189447507209294,250,True,6.187846011016518
pendcart,10,High,0.0668564901913047,PSO,30,250,2,20002002,-0.6185960298867788,-0.6185947593647596,1.2705220191477906e-06,True,0.0031633071099967935,250,True,6.183360994327813
pendcart,10,High,0.0668564901913047,PSO,30,250,3,20002003,-0.6185960298867788,-0.618587321861346,8.708025432735411e-06,True,0.008281520928993036,250,True,6.2000720063224435
pendcart,10,High,0.0668564901913047,PSO,30,250,4,20002004,-0.6185960298867788,-0.6185937530397463,2.276847032467444e-06,True,0.00423464673585805,250,True,6.208753969985992
pendcart,10,High,0.0668564901913047,PSO,30,250,5,20002005,-0.6185960298867788,-0.6183075672703672,0.0002884626164115778,False,0.04766449856272681,250,True,6.125445012003183
pendcart,10,High,0.0668564901913047,PSO,30,250,6,20002006,-0.6185960298867788,-0.6184576752570121,0.00013835462976663493,False,0.03301012034519024,250,True,6.137006974313408
pendcart,10,High,0.0668564901913047,PSO,30,250,7,20002007,-0.6185960298867788,-0.6185949111644452,1.118722333548483e-06,True,0.002968324751915663,250,True,6.0800950159318745
pendcart,10,High,0.0668564901913047,PSO,30,250,8,20002008,-0.6185960298867788,-0.6185898979291172,6.131957661525966e-06,True,0.0069494403764638335,250,True,6.137613963801414
pendcart,10,High,0.0668564901913047,PSO,30,250,9,20002009,-0.6185960298867788,-0.6185871235011675,8.906385611240353e-06,True,0.008375312233757537,250,True,6.17410900304094
pendcart,10,High,0.0668564901913047,PSO,30,250,10,20002010,-0.6185960298867788,-0.6185958547584411,1.7512833760946478e-07,True,0.0011744336111059184,250,True,6.032856996171176
pendcart,10,High,0.0668564901913047,PSO,30,250,11,20002011,-0.6185960298867788,-0.6185950068945758,1.0229922029481031e-06,True,0.002838483807612313,250,True,6.1303540132939816
pendcart,10,High,0.0668564901913047,PSO,30,250,12,20002012,-0.6185960298867788,-0.6185960288557893,1.0309894049598256e-09,True,9.011090211163975e-05,250,True,6.163051992189139
pendcart,10,High,0.0668564901913047,PSO,30,250,13,20002013,-0.6185960298867788,-0.6184698621737044,0.00012616771307438768,False,0.031522770121778176,250,True,6.190404004883021
pendcart,10,High,0.0668564901913047,PSO,30,250,14,20002014,-0.6185960298867788,-0.6185952401057545,7.897810242463166e-07,True,0.00249404110473872,250,True,6.193509034346789
pendcart,10,High,0.0668564901913047,PSO,30,250,15,20002015,-0.6185960298867788,-0.6185909406750263,5.089211752462575e-06,True,0.006331046744932678,250,True,6.255194020923227
pendcart,10,High,0.0668564901913047,PSO,30,250,16,20002016,-0.6185960298867788,-0.6185958784067473,1.5148003140730282e-07,True,0.001092264835796719,250,True,6.2605710118077695
pendcart,10,High,0.0668564901913047,PSO,30,250,17,20002017,-0.6185960298867788,-0.6184069323675779,0.0001890975192008204,False,0.03859163468521798,250,True,6.370967021211982
pendcart,10,High,0.0668564901913047,PSO,30,250,18,20002018,-0.6185960298867788,-0.6185924736435998,3.556243178937102e-06,True,0.005292318645712335,250,True,6.275684980209917
pendcart,10,High,0.0668564901913047,PSO,30,250,19,20002019,-0.6185960298867788,-0.6185950354295336,9.9445724510705e-07,True,0.0027986160300690344,250,True,6.225574004929513
pendcart,10,High,0.0668564901913047,PSO,30,250,20,20002020,-0.6185960298867788,-0.6185914753190263,4.554567752501626e-06,True,0.00598926932528876,250,True,6.2890840345062315
pendcart,10,High,0.0668564901913047,PSO,30,250,21,20002021,-0.6185960298867788,-0.6185941379488002,1.8919379785042878e-06,True,0.0038601457867821765,250,True,6.334270990919322
pendcart,10,High,0.0668564901913047,PSO,30,250,22,20002022,-0.6185960298867788,-0.618594840918579,1.1889681997834245e-06,True,0.0030600983095725454,250,True,6.213844986632466
pendcart,10,High,0.0668564901913047,PSO,30,250,23,20002023,-0.6185960298867788,-0.6185779750152777,1.8054871501083092e-05,True,0.011924699954905638,250,True,6.054671015590429
pendcart,10,High,0.0668564901913047,PSO,30,250,24,20002024,-0.6185960298867788,-0.6185828251771612,1.3204709617520294e-05,True,0.010197992469585415,250,True,6.142597994767129
pendcart,10,High,0.0668564901913047,PSO,30,250,25,20002025,-0.6185960298867788,-0.6185947980550489,1.2318317298420922e-06,True,0.0031147697819369213,250,True,6.207392027135938
pendcart,10,High,0.0668564901913047,PSO,30,250,26,20002026,-0.6185960298867788,-0.6184027999025005,0.00019322998427828697,False,0.039011039126179536,250,True,6.376298028044403
pendcart,10,High,0.0668564901913047,PSO,30,250,27,20002027,-0.6185960298867788,-0.6185945039778644,1.5259089143349058e-06,True,0.00346668646217152,250,True,6.1958860023878515
pendcart,10,High,0.0668564901913047,PSO,30,250,28,20002028,-0.6185960298867788,-0.6185848611272188,1.1168759559976316e-05,True,0.009378917812542742,250,True,6.211269006598741
pendcart,10,High,0.0668564901913047,PSO,30,250,29,20002029,-0.6185960298867788,-0.6185832927429993,1.2737143779473215e-05,True,0.010015814788766342,250,True,6.208934006281197
pendcart,10,High,0.0668564901913047,PSO,30,500,0,20002000,-0.6185960298867788,-0.6185828953954006,1.313449137818612e-05,True,0.010170841566111477,500,True,12.28317798813805
pendcart,10,High,0.0668564901913047,PSO,30,500,1,20002001,-0.6185960298867788,-0.6185958412321245,1.8865465423179018e-07,True,0.0012189447507209294,500,True,12.33644800959155
pendcart,10,High,0.0668564901913047,PSO,30,500,2,20002002,-0.6185960298867788,-0.6185959955409002,3.4345878585639866e-08,True,0.0005201008617712333,500,True,12.406071997247636
pendcart,10,High,0.0668564901913047,PSO,30,500,3,20002003,-0.6185960298867788,-0.6185959416091079,8.827767083996463e-08,True,0.0008338264980336518,500,True,12.359312968328595
pendcart,10,High,0.0668564901913047,PSO,30,500,4,20002004,-0.6185960298867788,-0.6185943654150766,1.6644717021341293e-06,True,0.0036206660308182315,500,True,12.29474798310548
pendcart,10,High,0.0668564901913047,PSO,30,500,5,20002005,-0.6185960298867788,-0.6185901927710729,5.837115705897844e-06,True,0.0067803078127322,500,True,12.301118054892868
pendcart,10,High,0.0668564901913047,PSO,30,500,6,20002006,-0.6185960298867788,-0.6185960030363588,2.6850419998503128e-08,True,0.00045986017536359114,500,True,12.334765982814133
pendcart,10,High,0.0668564901913047,PSO,30,500,7,20002007,-0.6185960298867788,-0.6185949111644452,1.118722333548483e-06,True,0.002968324751915663,500,True,12.29412097018212
pendcart,10,High,0.0668564901913047,PSO,30,500,8,20002008,-0.6185960298867788,-0.6185959853385181,4.4548260635934867e-08,True,0.0005923326000218943,500,True,12.270648963749409
pendcart,10,High,0.0668564901913047,PSO,30,500,9,20002009,-0.6185960298867788,-0.6185958977837509,1.3210302785005013e-07,True,0.0010200152040518162,500,True,12.400949955917895
pendcart,10,High,0.0668564901913047,PSO,30,500,10,20002010,-0.6185960298867788,-0.618595794094829,2.357919497431027e-07,True,0.0013627454667939354,500,True,12.493119982536882
pendcart,10,High,0.0668564901913047,PSO,30,500,11,20002011,-0.6185960298867788,-0.6185919970778657,4.032808913034813e-06,True,0.005635780649264177,500,True,12.372799043077976
pendcart,10,High,0.0668564901913047,PSO,30,500,12,20002012,-0.6185960298867788,-0.6185960211958837,8.69089500366016e-09,True,0.0002616269703312746,500,True,12.588782992679626
pendcart,10,High,0.0668564901913047,PSO,30,500,13,20002013,-0.6185960298867788,-0.6185949442044009,1.0856823778881974e-06,True,0.0029241635119445775,500,True,12.508173007518053
pendcart,10,High,0.0668564901913047,PSO,30,500,14,20002014,-0.6185960298867788,-0.6185960152273182,1.4659460534360846e-08,True,0.0003397889513072627,500,True,12.610309990122914
pendcart,10,High,0.0668564901913047,PSO,30,500,15,20002015,-0.6185960298867788,-0.6185952685396654,7.613471133538496e-07,True,0.002448734004759867,500,True,12.310704973060638
pendcart,10,High,0.0668564901913047,PSO,30,500,16,20002016,-0.6185960298867788,-0.6185878798201931,8.15006658561046e-06,True,0.008011813622458952,500,True,12.400231033097953
pendcart,10,High,0.0668564901913047,PSO,30,500,17,20002017,-0.6185960298867788,-0.6185955739673857,4.5591939301647955e-07,True,0.0018949348900330065,500,True,12.632869998924434
pendcart,10,High,0.0668564901913047,PSO,30,500,18,20002018,-0.6185960298867788,-0.6185924736435998,3.556243178937102e-06,True,0.005292318645712335,500,True,12.448572961147875
pendcart,10,High,0.0668564901913047,PSO,30,500,19,20002019,-0.6185960298867788,-0.6185900686833292,5.9612034495337696e-06,True,0.006851998061993214,500,True,12.390278046950698
pendcart,10,High,0.0668564901913047,PSO,30,500,20,20002020,-0.6185960298867788,-0.6185918739540487,4.155932730065537e-06,True,0.005721165537998285,500,True,12.440488033462316
pendcart,10,High,0.0668564901913047,PSO,30,500,21,20002021,-0.6185960298867788,-0.6185960242741613,5.612617481887128e-09,True,0.0002102485352293293,500,True,12.244490964803845
pendcart,10,High,0.0668564901913047,PSO,30,500,22,20002022,-0.6185960298867788,-0.6185958560105387,1.738762400727012e-07,True,0.0011702277142409123,500,True,12.38203700631857
pendcart,10,High,0.0668564901913047,PSO,30,500,23,20002023,-0.6185960298867788,-0.6185952357730142,7.941137645239849e-07,True,0.002500872905051743,500,True,12.529755011200905
pendcart,10,High,0.0668564901913047,PSO,30,500,24,20002024,-0.6185960298867788,-0.6185959898167884,4.006999032579728e-08,True,0.0005617717266539479,500,True,12.439132027793676
pendcart,10,High,0.0668564901913047,PSO,30,500,25,20002025,-0.6185960298867788,-0.6185824976911855,1.3532195593302099e-05,True,0.010323676629796719,500,True,12.211384018883109
pendcart,10,High,0.0668564901913047,PSO,30,500,26,20002026,-0.6185960298867788,-0.6185957896109299,2.4027584888397513e-07,True,0.001375641659529414,500,True,12.216241040732712
pendcart,10,High,0.0668564901913047,PSO,30,500,27,20002027,-0.6185960298867788,-0.6185960235326662,6.3541125694399625e-09,True,0.0002237060395788859,500,True,12.21134897787124
pendcart,10,High,0.0668564901913047,PSO,30,500,28,20002028,-0.6185960298867788,-0.6185958974533918,1.324333869234806e-07,True,0.0010212898185120167,500,True,12.295268010348082
pendcart,10,High,0.0668564901913047,PSO,30,500,29,20002029,-0.6185960298867788,-0.6185873462371054,8.683649673324467e-06,True,0.008269921868390373,500,True,12.037934036925435
pendcart,10,High,0.0668564901913047,PSO,30,1000,0,20002000,-0.6185960298867788,-0.6185960296709668,2.1581192388708814e-10,True,4.12275728529643e-05,1000,True,24.217856000177562
pendcart,10,High,0.0668564901913047,PSO,30,1000,1,20002001,-0.6185960298867788,-0.6185959841388903,4.5747888477443155e-08,True,0.0006002550000356877,1000,True,24.106865981593728
pendcart,10,High,0.0668564901913047,PSO,30,1000,2,20002002,-0.6185960298867788,-0.6185960296764091,2.1036961062037562e-10,True,4.070443447412586e-05,1000,True,23.951084003783762
pendcart,10,High,0.0668564901913047,PSO,30,1000,3,20002003,-0.6185960298867788,-0.618595901118902,1.2876787680582424e-07,True,0.0010070569405584706,1000,True,24.127552984282374
pendcart,10,High,0.0668564901913047,PSO,30,1000,4,20002004,-0.6185960298867788,-0.6185960202914623,9.59531643029976e-09,True,0.0002749032690982922,1000,True,24.29192198906094
pendcart,10,High,0.0668564901913047,PSO,30,1000,5,20002005,-0.6185960298867788,-0.6185960296228121,2.639666263348772e-10,True,4.5595777195650555e-05,1000,True,23.850847966969013
pendcart,10,High,0.0668564901913047,PSO,30,1000,6,20002006,-0.6185960298867788,-0.6185960130438989,1.6842879868583793e-08,True,0.00036421550875997966,1000,True,23.93459202721715
pendcart,10,High,0.0668564901913047,PSO,30,1000,7,20002007,-0.6185960298867788,-0.6185960167637404,1.3123038322682135e-08,True,0.0003214899904087076,1000,True,24.085372977424413
pendcart,10,High,0.0668564901913047,PSO,30,1000,8,20002008,-0.6185960298867788,-0.6185959926667675,3.722001129524699e-08,True,0.0005414252534312602,1000,True,24.118050991091877
pendcart,10,High,0.0668564901913047,PSO,30,1000,9,20002009,-0.6185960298867788,-0.6185960271695504,2.7172283312282275e-09,True,0.00014628955427919976,1000,True,24.393946980126202
pendcart,10,High,0.0668564901913047,PSO,30,1000,10,20002010,-0.6185960298867788,-0.618595794094829,2.357919497431027e-07,True,0.0013627454667939354,1000,True,24.307670013513416
pendcart,10,High,0.0668564901913047,PSO,30,1000,11,20002011,-0.6185960298867788,-0.6185960145179552,1.536882354713498e-08,True,0.00034791293061342543,1000,True,24.121297989040613
pendcart,10,High,0.0668564901913047,PSO,30,1000,12,20002012,-0.6185960298867788,-0.6185960297226498,1.6412893266704032e-10,True,3.595363601238688e-05,1000,True,24.249274982139468
pendcart,10,High,0.0668564901913047,PSO,30,1000,13,20002013,-0.6185960298867788,-0.6185959575145796,7.23721991224835e-08,True,0.0007549812118097243,1000,True,24.321865988895297
pendcart,10,High,0.0668564901913047,PSO,30,1000,14,20002014,-0.6185960298867788,-0.6185960019949998,2.7891778997535255e-08,True,0.00046869289124273905,1000,True,24.720957037061453
pendcart,10,High,0.0668564901913047,PSO,30,1000,15,20002015,-0.6185960298867788,-0.6185960290526268,8.341519697196986e-10,True,8.105368860489293e-05,1000,True,24.510941992048174
pendcart,10,High,0.0668564901913047,PSO,30,1000,16,20002016,-0.6185960298867788,-0.6185960111003567,1.8786422084637877e-08,True,0.0003846558101296971,1000,True,24.417431966867298
pendcart,10,High,0.0668564901913047,PSO,30,1000,17,20002017,-0.6185960298867788,-0.6185960291020987,7.846800986754943e-10,True,7.861340325554522e-05,1000,True,24.425897980108857
pendcart,10,High,0.0668564901913047,PSO,30,1000,18,20002018,-0.6185960298867788,-0.6185959856236788,4.42630999630822e-08,True,0.0005904337471611676,1000,True,24.378798028919846
pendcart,10,High,0.0668564901913047,PSO,30,1000,19,20002019,-0.6185960298867788,-0.6185960279517619,1.9350168134479873e-09,True,0.00012345043652750576,1000,True,24.409424979239702
pendcart,10,High,0.0668564901913047,PSO,30,1000,20,20002020,-0.6185960298867788,-0.6185960180246097,1.1862169024823288e-08,True,0.0003056555677840578,1000,True,24.29627103265375
pendcart,10,High,0.0668564901913047,PSO,30,1000,21,20002021,-0.6185960298867788,-0.6185958988934751,1.3099330364862993e-07,True,0.0010157218783226618,1000,True,24.25980701809749
pendcart,10,High,0.0668564901913047,PSO,30,1000,22,20002022,-0.6185960298867788,-0.6185960194377332,1.0449045517724187e-08,True,0.0002868722711886207,1000,True,24.517835001461208
pendcart,10,High,0.0668564901913047,PSO,30,1000,23,20002023,-0.6185960298867788,-0.618596029655865,2.3091373257955183e-10,True,4.2645684185771415e-05,1000,True,24.377531022764742
pendcart,10,High,0.0668564901913047,PSO,30,1000,24,20002024,-0.6185960298867788,-0.6185960243388446,5.547934112115627e-09,True,0.00020903350677237142,1000,True,24.4057200034149
pendcart,10,High,0.0668564901913047,PSO,30,1000,25,20002025,-0.6185960298867788,-0.6185959971911955,3.2695583240816006e-08,True,0.0005074518071968015,1000,True,24.20008700573817
pendcart,10,High,0.0668564901913047,PSO,30,1000,26,20002026,-0.6185960298867788,-0.6185960275873269,2.299451851150991e-09,True,0.0001345743871357108,1000,True,24.511035007890314
pendcart,10,High,0.0668564901913047,PSO,30,1000,27,20002027,-0.6185960298867788,-0.6185959634810897,6.64056890586906e-08,True,0.0007231908168310319,1000,True,24.56997794797644
pendcart,10,High,0.0668564901913047,PSO,30,1000,28,20002028,-0.6185960298867788,-0.6185960192830787,1.0603700029143681e-08,True,0.00028898744238370355,1000,True,24.65615700930357
pendcart,10,High,0.0668564901913047,PSO,30,1000,29,20002029,-0.6185960298867788,-0.6185960243577352,5.529043556329327e-09,True,0.00020867732686546958,1000,True,24.44031700724736
pendcart,10,High,0.0668564901913047,PSO,30,2000,0,20002000,-0.6185960298867788,-0.6185960298867688,9.992007221626409e-15,True,2.796330740295616e-07,2000,True,48.59136400045827
pendcart,10,High,0.0668564901913047,PSO,30,2000,1,20002001,-0.6185960298867788,-0.6185960298836565,3.1222802121533277e-12,True,4.958816937072896e-06,2000,True,48.432042996864766
pendcart,10,High,0.0668564901913047,PSO,30,2000,2,20002002,-0.6185960298867788,-0.6185960298865661,2.1260770921571748e-13,True,1.2940669806837946e-06,2000,True,49.41993101965636
pendcart,10,High,0.0668564901913047,PSO,30,2000,3,20002003,-0.6185960298867788,-0.6185960298867756,3.1086244689504383e-15,True,1.586519804419595e-07,2000,True,49.091052962467074
pendcart,10,High,0.0668564901913047,PSO,30,2000,4,20002004,-0.6185960298867788,-0.6185960298862515,5.272449143944868e-13,True,2.0377712615093913e-06,2000,True,48.588644014671445
pendcart,10,High,0.0668564901913047,PSO,30,2000,5,20002005,-0.6185960298867788,-0.6185960298714692,1.530953142037106e-11,True,1.0980670308580187e-05,2000,True,48.7083230400458
pendcart,10,High,0.0668564901913047,PSO,30,2000,6,20002006,-0.6185960298867788,-0.6185960298867651,1.3655743202889425e-14,True,3.28333884969112e-07,2000,True,48.14622399862856
pendcart,10,High,0.0668564901913047,PSO,30,2000,7,20002007,-0.6185960298867788,-0.6185960298851854,1.5933920849420247e-12,True,3.5422466897472304e-06,2000,True,49.06008602119982
pendcart,10,High,0.0668564901913047,PSO,30,2000,8,20002008,-0.6185960298867788,-0.6185960298782488,8.52995452049754e-12,True,8.196331609866547e-06,2000,True,48.67500398540869
pendcart,10,High,0.0668564901913047,PSO,30,2000,9,20002009,-0.6185960298867788,-0.6185960298867729,5.88418203051333e-15,True,2.163436079172243e-07,2000,True,48.659407009836286
pendcart,10,High,0.0668564901913047,PSO,30,2000,10,20002010,-0.6185960298867788,-0.618596029879322,7.456701922592401e-12,True,7.66336658530875e-06,2000,True,48.38496301090345
pendcart,10,High,0.0668564901913047,PSO,30,2000,11,20002011,-0.6185960298867788,-0.6185960298864421,3.3661962106634746e-13,True,1.628328936131851e-06,2000,True,48.48912201123312
pendcart,10,High,0.0668564901913047,PSO,30,2000,12,20002012,-0.6185960298867788,-0.6185960298867502,2.853273173286652e-14,True,4.744987838201098e-07,2000,True,49.40381902270019
pendcart,10,High,0.0668564901913047,PSO,30,2000,13,20002013,-0.6185960298867788,-0.6185960298866995,7.926992395823618e-14,True,7.889787232429057e-07,2000,True,49.338562006596476
pendcart,10,High,0.0668564901913047,PSO,30,2000,14,20002014,-0.6185960298867788,-0.6185960298836833,3.095412814957399e-12,True,4.937397188431447e-06,2000,True,48.83100796723738
pendcart,10,High,0.0668564901913047,PSO,30,2000,15,20002015,-0.6185960298867788,-0.6185960298867786,1.1102230246251565e-16,True,1.5175104728371025e-08,2000,True,48.02396800369024
pendcart,10,High,0.0668564901913047,PSO,30,2000,16,20002016,-0.6185960298867788,-0.6185960298865288,2.4991120284312274e-13,True,1.4027193819821093e-06,2000,True,48.37926896288991
pendcart,10,High,0.0668564901913047,PSO,30,2000,17,20002017,-0.6185960298867788,-0.6185960298867675,1.1213252548714081e-14,True,2.95050156751131e-07,2000,True,48.34778100484982
pendcart,10,High,0.0668564901913047,PSO,30,2000,18,20002018,-0.6185960298867788,-0.6185960298831445,3.6342040488079874e-12,True,5.3498646015448514e-06,2000,True,48.49711700808257
pendcart,10,High,0.0668564901913047,PSO,30,2000,19,20002019,-0.6185960298867788,-0.6185960298865608,2.1793677973391823e-13,True,1.3098470557082464e-06,2000,True,48.426084977108985
pendcart,10,High,0.0668564901913047,PSO,30,2000,20,20002020,-0.6185960298867788,-0.618596029886709,6.972200594645983e-14,True,7.408589297597246e-07,2000,True,48.43594698468223
pendcart,10,High,0.0668564901913047,PSO,30,2000,21,20002021,-0.6185960298867788,-0.6185960298853566,1.4221956945448255e-12,True,3.3466231723622286e-06,2000,True,48.597939021419734
pendcart,10,High,0.0668564901913047,PSO,30,2000,22,20002022,-0.6185960298867788,-0.618596029886714,6.472600233564663e-14,True,7.14173576721322e-07,2000,True,49.421798961702734
pendcart,10,High,0.0668564901913047,PSO,30,2000,23,20002023,-0.6185960298867788,-0.6185960298867312,4.75175454539567e-14,True,6.120323741143352e-07,2000,True,49.763098009862006
pendcart,10,High,0.0668564901913047,PSO,30,2000,24,20002024,-0.6185960298867788,-0.6185960298506675,3.6111225121260304e-11,True,1.6864391889193087e-05,2000,True,49.53926400048658
pendcart,10,High,0.0668564901913047,PSO,30,2000,25,20002025,-0.6185960298867788,-0.6185960298728163,1.3962497824593356e-11,True,1.0486480265914366e-05,2000,True,49.5221060118638
pendcart,10,High,0.0668564901913047,PSO,30,2000,26,20002026,-0.6185960298867788,-0.6185960298353891,5.138967029694186e-11,True,2.0118134686164524e-05,2000,True,48.62803500145674
pendcart,10,High,0.0668564901913047,PSO,30,2000,27,20002027,-0.6185960298867788,-0.6185960298325417,5.4237059288198e-11,True,2.066798854105656e-05,2000,True,48.548231017775834
pendcart,10,High,0.0668564901913047,PSO,30,2000,28,20002028,-0.6185960298867788,-0.6185960298838966,2.8821389719269064e-12,True,4.764349247565747e-06,2000,True,48.80390496691689
pendcart,10,High,0.0668564901913047,PSO,30,2000,29,20002029,-0.6185960298867788,-0.6185960298787029,8.075873303425851e-12,True,7.975232701795676e-06,2000,True,48.19697100901976
pendcart,10,High,0.0668564901913047,PSO,30,5000,0,20002000,-0.6185960298867788,-0.6185960298867788,0.0,True,2.9407392077018812e-09,5000,True,119.68652403447777
pendcart,10,High,0.0668564901913047,PSO,30,5000,1,20002001,-0.6185960298867788,-0.6185960298867788,0.0,True,7.684236358329599e-09,5000,True,122.51958501292393
pendcart,10,High,0.0668564901913047,PSO,30,5000,2,20002002,-0.6185960298867788,-0.6185960298867789,1.1102230246251565e-16,True,1.6160690563538083e-09,5000,True,121.07538600685075
pendcart,10,High,0.0668564901913047,PSO,30,5000,3,20002003,-0.6185960298867788,-0.6185960298867789,1.1102230246251565e-16,True,3.080076194095227e-09,5000,True,119.40576101187617
pendcart,10,High,0.0668564901913047,PSO,30,5000,4,20002004,-0.6185960298867788,-0.6185960298867789,1.1102230246251565e-16,True,4.8436765709425345e-09,5000,True,119.59340597968549
pendcart,10,High,0.0668564901913047,PSO,30,5000,5,20002005,-0.6185960298867788,-0.6185960298867789,1.1102230246251565e-16,True,3.1801379307694333e-09,5000,True,121.79026199737564
pendcart,10,High,0.0668564901913047,PSO,30,5000,6,20002006,-0.6185960298867788,-0.6185960298867788,0.0,True,2.2916021524821417e-08,5000,True,120.8313149982132
pendcart,10,High,0.0668564901913047,PSO,30,5000,7,20002007,-0.6185960298867788,-0.6185960298867789,1.1102230246251565e-16,True,9.760931174440657e-09,5000,True,119.94745198171586
pendcart,10,High,0.0668564901913047,PSO,30,5000,8,20002008,-0.6185960298867788,-0.6185960298867789,1.1102230246251565e-16,True,9.46287492809006e-09,5000,True,119.4342469680123
pendcart,10,High,0.0668564901913047,PSO,30,5000,9,20002009,-0.6185960298867788,-0.6185960298867789,1.1102230246251565e-16,True,2.547295707699959e-10,5000,True,119.47124102152884
pendcart,10,High,0.0668564901913047,PSO,30,5000,10,20002010,-0.6185960298867788,-0.6185960298867788,0.0,True,3.333932241389448e-09,5000,True,119.83686301391572
pendcart,10,High,0.0668564901913047,PSO,30,5000,11,20002011,-0.6185960298867788,-0.6185960298867789,1.1102230246251565e-16,True,1.368114110888996e-08,5000,True,120.12396700447425
pendcart,10,High,0.0668564901913047,PSO,30,5000,12,20002012,-0.6185960298867788,-0.6185960298867789,1.1102230246251565e-16,True,1.3410290655713197e-09,5000,True,120.84391299868003
pendcart,10,High,0.0668564901913047,PSO,30,5000,13,20002013,-0.6185960298867788,-0.6185960298867789,1.1102230246251565e-16,True,7.144709268658289e-09,5000,True,122.1568759647198
pendcart,10,High,0.0668564901913047,PSO,30,5000,14,20002014,-0.6185960298867788,-0.6185960298867789,1.1102230246251565e-16,True,6.348741088402221e-09,5000,True,121.71822402160615
pendcart,10,High,0.0668564901913047,PSO,30,5000,15,20002015,-0.6185960298867788,-0.6185960298867788,0.0,True,1.216690437289003e-08,5000,True,121.21113605098799
pendcart,10,High,0.0668564901913047,PSO,30,5000,16,20002016,-0.6185960298867788,-0.6185960298867789,1.1102230246251565e-16,True,1.5010135356874343e-09,5000,True,121.42500199843198
pendcart,10,High,0.0668564901913047,PSO,30,5000,17,20002017,-0.6185960298867788,-0.6185960298867788,0.0,True,1.0194938226959493e-09,5000,True,119.81417698552832
pendcart,10,High,0.0668564901913047,PSO,30,5000,18,20002018,-0.6185960298867788,-0.6185960298867789,1.1102230246251565e-16,True,1.5047638690646181e-09,5000,True,120.94495404744521
pendcart,10,High,0.0668564901913047,PSO,30,5000,19,20002019,-0.6185960298867788,-0.6185960298867789,1.1102230246251565e-16,True,1.3413846033927257e-08,5000,True,120.94335595611483
pendcart,10,High,0.0668564901913047,PSO,30,5000,20,20002020,-0.6185960298867788,-0.6185960298867789,1.1102230246251565e-16,True,7.867016815765737e-09,5000,True,120.79470098251477
pendcart,10,High,0.0668564901913047,PSO,30,5000,21,20002021,-0.6185960298867788,-0.6185960298867788,0.0,True,1.7935328777696213e-08,5000,True,120.56104897055775
pendcart,10,High,0.0668564901913047,PSO,30,5000,22,20002022,-0.6185960298867788,-0.6185960298867789,1.1102230246251565e-16,True,6.164129207064661e-09,5000,True,120.74186798417941
pendcart,10,High,0.0668564901913047,PSO,30,5000,23,20002023,-0.6185960298867788,-0.6185960298867789,1.1102230246251565e-16,True,9.034630377158237e-09,5000,True,120.60406495584175
pendcart,10,High,0.0668564901913047,PSO,30,5000,24,20002024,-0.6185960298867788,-0.6185960298867789,1.1102230246251565e-16,True,3.6015022075730485e-09,5000,True,120.00617705052719
pendcart,10,High,0.0668564901913047,PSO,30,5000,25,20002025,-0.6185960298867788,-0.6185960298867789,1.1102230246251565e-16,True,1.10742881531678e-09,5000,True,119.68981102108955
pendcart,10,High,0.0668564901913047,PSO,30,5000,26,20002026,-0.6185960298867788,-0.6185960298867789,1.1102230246251565e-16,True,8.727282008180737e-09,5000,True,120.40756002534181
pendcart,10,High,0.0668564901913047,PSO,30,5000,27,20002027,-0.6185960298867788,-0.6185960298867789,1.1102230246251565e-16,True,1.0347229739693375e-09,5000,True,119.50491805328056
pendcart,10,High,0.0668564901913047,PSO,30,5000,28,20002028,-0.6185960298867788,-0.6185960298867789,1.1102230246251565e-16,True,8.703089360295735e-09,5000,True,119.81405201368034
pendcart,10,High,0.0668564901913047,PSO,30,5000,29,20002029,-0.6185960298867788,-0.6185960298867789,1.1102230246251565e-16,True,1.2672778382238903e-09,5000,True,120.90610800078139
pendcart,10,High,0.0668564901913047,WOA,8,250,0,20003000,-0.6185960298867788,-0.6185960000919922,2.9794786526871064e-08,True,0.0004844181413692361,250,True,8.223634969908744
pendcart,10,High,0.0668564901913047,WOA,8,250,1,20003001,-0.6185960298867788,-0.6185956274418849,4.024448938544367e-07,True,0.0017803421342268422,250,True,8.124431013129652
pendcart,10,High,0.0668564901913047,WOA,8,250,2,20003002,-0.6185960298867788,-0.6185960294809604,4.0581837890130146e-10,True,5.6534827272525234e-05,250,True,8.283690025564283
pendcart,10,High,0.0668564901913047,WOA,8,250,3,20003003,-0.6185960298867788,-0.6185960287123516,1.1744271111169269e-09,True,9.617524140370648e-05,250,True,8.264439005870372
pendcart,10,High,0.0668564901913047,WOA,8,250,4,20003004,-0.6185960298867788,-0.6185960274239728,2.4628059591691454e-09,True,0.00013927249236456163,250,True,8.210532017983496
pendcart,10,High,0.0668564901913047,WOA,8,250,5,20003005,-0.6185960298867788,-0.6185960203451588,9.541619938602253e-09,True,0.0002741329978901419,250,True,8.201223041396588
pendcart,10,High,0.0668564901913047,WOA,8,250,6,20003006,-0.6185960298867788,-0.6185960254876075,4.399171249502842e-09,True,0.00018613827782010262,250,True,8.278624969534576
pendcart,10,High,0.0668564901913047,WOA,8,250,7,20003007,-0.6185960298867788,-0.6185960013971483,2.848963043255992e-08,True,0.00047368940064274057,250,True,8.229499973822385
pendcart,10,High,0.0668564901913047,WOA,8,250,8,20003008,-0.6185960298867788,-0.6185960298290712,5.7707505440873774e-11,True,2.1318980469864357e-05,250,True,8.20918200770393
pendcart,10,High,0.0668564901913047,WOA,8,250,9,20003009,-0.6185960298867788,-0.6185960217870715,8.099707238251597e-09,True,0.00025257183213289736,250,True,8.126034983433783
pendcart,10,High,0.0668564901913047,WOA,8,250,10,20003010,-0.6185960298867788,-0.6185957585224364,2.713643423302159e-07,True,0.0014619302400413758,250,True,8.134434989187866
pendcart,10,High,0.0668564901913047,WOA,8,250,11,20003011,-0.6185960298867788,-0.6185960080473646,2.183941416600277e-08,True,0.0004147350612804246,250,True,8.146131003741175
pendcart,10,High,0.0668564901913047,WOA,8,250,12,20003012,-0.6185960298867788,-0.6185959576782382,7.220854059131199e-08,True,0.000754127092400747,250,True,8.043029985856265
pendcart,10,High,0.0668564901913047,WOA,8,250,13,20003013,-0.6185960298867788,-0.6185960295129197,3.7385905482523185e-10,True,5.426304201350263e-05,250,True,7.9364069970324636
pendcart,10,High,0.0668564901913047,WOA,8,250,14,20003014,-0.6185960298867788,-0.6185960204291555,9.457623240116675e-09,True,0.00027292370738773997,250,True,8.252315048594028
pendcart,10,High,0.0668564901913047,WOA,8,250,15,20003015,-0.6185960298867788,-0.6185960287037776,1.183001141491502e-09,True,9.652567406348567e-05,250,True,8.155758958309889
pendcart,10,High,0.0668564901913047,WOA,8,250,16,20003016,-0.6185960298867788,-0.6185958939133606,1.359734181916039e-07,True,0.0010348496740646418,250,True,8.211290987674147
pendcart,10,High,0.0668564901913047,WOA,8,250,17,20003017,-0.6185960298867788,-0.6185960017087634,2.8178015365476483e-08,True,0.0004710917082060284,250,True,8.159871969837695
pendcart,10,High,0.0668564901913047,WOA,8,250,18,20003018,-0.6185960298867788,-0.6185960286158225,1.2709562291490784e-09,True,0.00010004964281895568,250,True,8.061629021540284
pendcart,10,High,0.0668564901913047,WOA,8,250,19,20003019,-0.6185960298867788,-0.6185960249615579,4.925220897789018e-09,True,0.00019695323564761225,250,True,8.045631984714419
pendcart,10,High,0.0668564901913047,WOA,8,250,20,20003020,-0.6185960298867788,-0.6185959576568225,7.22299562383455e-08,True,0.0007542389133519123,250,True,8.188788022380322
pendcart,10,High,0.0668564901913047,WOA,8,250,21,20003021,-0.6185960298867788,-0.6185960264546788,3.4320999375836436e-09,True,0.00016441075153705853,250,True,8.173021022230387
pendcart,10,High,0.0668564901913047,WOA,8,250,22,20003022,-0.6185960298867788,-0.6185960295944373,2.9234148435364204e-10,True,4.7983882367930164e-05,250,True,8.145803003571928
pendcart,10,High,0.0668564901913047,WOA,8,250,23,20003023,-0.6185960298867788,-0.6185960296590117,2.2776702746085675e-10,True,4.2354117939513714e-05,250,True,8.124316052999347
pendcart,10,High,0.0668564901913047,WOA,8,250,24,20003024,-0.6185960298867788,-0.6185957393233397,2.9056343908706594e-07,True,0.0015127624748432211,250,True,8.054320001974702
pendcart,10,High,0.0668564901913047,WOA,8,250,25,20003025,-0.6185960298867788,-0.6185960290297988,8.569799314628312e-10,True,8.215529428712287e-05,250,True,8.054752019234002
pendcart,10,High,0.0668564901913047,WOA,8,250,26,20003026,-0.6185960298867788,-0.618596023245652,6.641126759632243e-09,True,0.00022870261944785142,250,True,7.947372971102595
pendcart,10,High,0.0668564901913047,WOA,8,250,27,20003027,-0.6185960298867788,-0.6185959965597391,3.3327039683506143e-08,True,0.0005123286326602638,250,True,8.142022008541971
pendcart,10,High,0.0668564901913047,WOA,8,250,28,20003028,-0.6185960298867788,-0.6185960272063512,2.6804275465863725e-09,True,0.00014529554221986984,250,True,8.11728200642392
pendcart,10,High,0.0668564901913047,WOA,8,250,29,20003029,-0.6185960298867788,-0.6185959474912731,8.239550564059783e-08,True,0.0008055676563154535,250,True,7.925991027150303
pendcart,10,High,0.0668564901913047,WOA,8,500,0,20003000,-0.6185960298867788,-0.6185960298571676,2.96112023789874e-11,True,1.5271381522019567e-05,500,True,15.64517297083512
pendcart,10,High,0.0668564901913047,WOA,8,500,1,20003001,-0.6185960298867788,-0.618596026654012,3.2327667209841593e-09,True,0.000159564927603828,500,True,15.96816600067541
pendcart,10,High,0.0668564901913047,WOA,8,500,2,20003002,-0.6185960298867788,-0.6185960298841988,2.5799362646239388e-12,True,4.507719267632382e-06,500,True,16.06801402522251
pendcart,10,High,0.0668564901913047,WOA,8,500,3,20003003,-0.6185960298867788,-0.6185960282611148,1.6256639367995263e-09,True,0.00011315288465141293,500,True,16.31085603730753
pendcart,10,High,0.0668564901913047,WOA,8,500,4,20003004,-0.6185960298867788,-0.6185960298852103,1.5684120668879586e-12,True,3.5145293120208976e-06,500,True,16.339358990080655
pendcart,10,High,0.0668564901913047,WOA,8,500,5,20003005,-0.6185960298867788,-0.6185960298184027,6.837608257370675e-11,True,2.3206108012541193e-05,500,True,16.41397998901084
pendcart,10,High,0.0668564901913047,WOA,8,500,6,20003006,-0.6185960298867788,-0.618596028540946,1.3458327785542679e-09,True,0.00010295460542630863,500,True,16.430529998615384
pendcart,10,High,0.0668564901913047,WOA,8,500,7,20003007,-0.6185960298867788,-0.6185960296682212,2.1855750542698615e-10,True,4.1489003576700156e-05,500,True,16.39987202361226
pendcart,10,High,0.0668564901913047,WOA,8,500,8,20003008,-0.6185960298867788,-0.6185960243187574,5.56802137730017e-09,True,0.00020941158607357124,500,True,16.25076401978731
pendcart,10,High,0.0668564901913047,WOA,8,500,9,20003009,-0.6185960298867788,-0.6185960298082985,7.84802223208203e-11,True,2.486167745141543e-05,500,True,16.311932005919516
pendcart,10,High,0.0668564901913047,WOA,8,500,10,20003010,-0.6185960298867788,-0.6185960274244511,2.462327675090137e-09,True,0.00013925896703392837,500,True,16.283202974591404
pendcart,10,High,0.0668564901913047,WOA,8,500,11,20003011,-0.6185960298867788,-0.6185960298724412,1.4337531162311734e-11,True,1.0626445218875347e-05,500,True,16.40914101153612
pendcart,10,High,0.0668564901913047,WOA,8,500,12,20003012,-0.6185960298867788,-0.618596028831737,1.0550417206545148e-09,True,9.115595695119438e-05,500,True,16.248333966359496
pendcart,10,High,0.0668564901913047,WOA,8,500,13,20003013,-0.6185960298867788,-0.6185960298640041,2.277467103795061e-11,True,1.3392918627452843e-05,500,True,16.164644970558584
pendcart,10,High,0.0668564901913047,WOA,8,500,14,20003014,-0.6185960298867788,-0.6185960297565153,1.3026346667999178e-10,True,3.203033688548018e-05,500,True,16.29431394394487
pendcart,10,High,0.0668564901913047,WOA,8,500,15,20003015,-0.6185960298867788,-0.6185960295135282,3.732505415854348e-10,True,5.421887248990842e-05,500,True,16.377853986341506
pendcart,10,High,0.0668564901913047,WOA,8,500,16,20003016,-0.6185960298867788,-0.61859602799443,1.8923487221655932e-09,True,0.00012208177629258188,500,True,16.470115981064737
pendcart,10,High,0.0668564901913047,WOA,8,500,17,20003017,-0.6185960298867788,-0.6185960298867785,2.220446049250313e-16,True,4.339417003507151e-08,500,True,16.559009964112192
pendcart,10,High,0.0668564901913047,WOA,8,500,18,20003018,-0.6185960298867788,-0.6185960298243752,6.240352679043326e-11,True,2.2169429428231524e-05,500,True,16.227155982051045
pendcart,10,High,0.0668564901913047,WOA,8,500,19,20003019,-0.6185960298867788,-0.6185960298867661,1.2656542480726785e-14,True,3.1377592923931275e-07,500,True,16.81008201558143
pendcart,10,High,0.0668564901913047,WOA,8,500,20,20003020,-0.6185960298867788,-0.6185960297320997,1.5467904734833837e-10,True,3.490325136068506e-05,500,True,16.046509030275047
pendcart,10,High,0.0668564901913047,WOA,8,500,21,20003021,-0.6185960298867788,-0.6185960298689047,1.7874035584952708e-11,True,1.1864807738959371e-05,500,True,16.476947988849133
pendcart,10,High,0.0668564901913047,WOA,8,500,22,20003022,-0.6185960298867788,-0.6185960292345151,6.522636875061494e-10,True,7.167402578911464e-05,500,True,15.969225962180644
pendcart,10,High,0.0668564901913047,WOA,8,500,23,20003023,-0.6185960298867788,-0.6185960298355562,5.122258173173577e-11,True,2.0085423161120275e-05,500,True,16.069152974523604
pendcart,10,High,0.0668564901913047,WOA,8,500,24,20003024,-0.6185960298867788,-0.6185960298775177,9.261036382213206e-12,True,8.540355892261431e-06,500,True,16.470718022901565
pendcart,10,High,0.0668564901913047,WOA,8,500,25,20003025,-0.6185960298867788,-0.6185960298823138,4.464983938134992e-12,True,5.9300066288514586e-06,500,True,16.05294900946319
pendcart,10,High,0.0668564901913047,WOA,8,500,26,20003026,-0.6185960298867788,-0.6185960190401522,1.0846626596894282e-08,True,0.000292278992224837,500,True,15.961070021148771
pendcart,10,High,0.0668564901913047,WOA,8,500,27,20003027,-0.6185960298867788,-0.6185960298856585,1.120215031846783e-12,True,2.970017785486334e-06,500,True,16.04181801667437
pendcart,10,High,0.0668564901913047,WOA,8,500,28,20003028,-0.6185960298867788,-0.6185960262315012,3.655277525105305e-09,True,0.0001696720958883624,500,True,15.946269035339355
pendcart,10,High,0.0668564901913047,WOA,8,500,29,20003029,-0.6185960298867788,-0.6185960298124259,7.435285720447382e-11,True,2.4199091058552114e-05,500,True,16.049902013037354
pendcart,10,High,0.0668564901913047,WOA,8,1000,0,20003000,-0.6185960298867788,-0.6185960298660929,2.0685897439420842e-11,True,1.2763990804742775e-05,1000,True,31.6791589721106
pendcart,10,High,0.0668564901913047,WOA,8,1000,1,20003001,-0.6185960298867788,-0.6185960298867186,6.017408793468348e-14,True,6.877751244083186e-07,1000,True,32.630778034217656
pendcart,10,High,0.0668564901913047,WOA,8,1000,2,20003002,-0.6185960298867788,-0.6185960298722195,1.4559242700329378e-11,True,1.0708257788483166e-05,1000,True,32.62453101342544
pendcart,10,High,0.0668564901913047,WOA,8,1000,3,20003003,-0.6185960298867788,-0.6185960298867069,7.183142969324763e-14,True,7.513859423546876e-07,1000,True,32.526478986255825
pendcart,10,High,0.0668564901913047,WOA,8,1000,4,20003004,-0.6185960298867788,-0.6185960298418034,4.4975356772170016e-11,True,1.8820755886217455e-05,1000,True,32.55777497543022
pendcart,10,High,0.0668564901913047,WOA,8,1000,5,20003005,-0.6185960298867788,-0.6185960298867765,2.220446049250313e-15,True,1.3317307434590475e-07,1000,True,32.434195978567004
pendcart,10,High,0.0668564901913047,WOA,8,1000,6,20003006,-0.6185960298867788,-0.6185960298867615,1.7208456881689926e-14,True,3.678723801137096e-07,1000,True,31.962568988092244
pendcart,10,High,0.0668564901913047,WOA,8,1000,7,20003007,-0.6185960298867788,-0.6185960298756779,1.1100897978622015e-11,True,9.350361140025854e-06,1000,True,32.14707801816985
pendcart,10,High,0.0668564901913047,WOA,8,1000,8,20003008,-0.6185960298867788,-0.6185960298849182,1.8605117446668373e-12,True,3.827816398960238e-06,1000,True,32.46690396917984
pendcart,10,High,0.0668564901913047,WOA,8,1000,9,20003009,-0.6185960298867788,-0.6185960293584891,5.282896342606591e-10,True,6.450394631318801e-05,1000,True,32.420029980130494
pendcart,10,High,0.0668564901913047,WOA,8,1000,10,20003010,-0.6185960298867788,-0.6185960298867262,5.2513549064769904e-14,True,6.429082866077351e-07,1000,True,32.36928000114858
pendcart,10,High,0.0668564901913047,WOA,8,1000,11,20003011,-0.6185960298867788,-0.618596029884463,2.3157031847631515e-12,True,4.270492462765674e-06,1000,True,32.53492200747132
pendcart,10,High,0.0668564901913047,WOA,8,1000,12,20003012,-0.6185960298867788,-0.6185960298835146,3.2641667147004227e-12,True,5.070195311152048e-06,1000,True,31.866166042163968
pendcart,10,High,0.0668564901913047,WOA,8,1000,13,20003013,-0.6185960298867788,-0.61859602988335,3.428701766949871e-12,True,5.196630529002988e-06,1000,True,31.949851021636277
pendcart,10,High,0.0668564901913047,WOA,8,1000,14,20003014,-0.6185960298867788,-0.6185960298745353,1.2243428493263764e-11,True,9.819720385273456e-06,1000,True,32.294745033141226
pendcart,10,High,0.0668564901913047,WOA,8,1000,15,20003015,-0.6185960298867788,-0.6185960298867785,2.220446049250313e-16,True,4.208656356752272e-08,1000,True,32.08191099110991
pendcart,10,High,0.0668564901913047,WOA,8,1000,16,20003016,-0.6185960298867788,-0.6185960298848423,1.936450999551198e-12,True,3.9052605989020606e-06,1000,True,31.95945604238659
pendcart,10,High,0.0668564901913047,WOA,8,1000,17,20003017,-0.6185960298867788,-0.6185960298827118,4.0669689838068734e-12,True,5.659553695469555e-06,1000,True,32.20820496790111
pendcart,10,High,0.0668564901913047,WOA,8,1000,18,20003018,-0.6185960298867788,-0.6185960296438722,2.429065837361577e-10,True,4.373911401112096e-05,1000,True,32.60843601310626
pendcart,10,High,0.0668564901913047,WOA,8,1000,19,20003019,-0.6185960298867788,-0.6185960298507535,3.602529385915432e-11,True,1.6844311912400656e-05,1000,True,32.39538101479411
pendcart,10,High,0.0668564901913047,WOA,8,1000,20,20003020,-0.6185960298867788,-0.6185960289916607,8.951180907601497e-10,True,8.396347364936219e-05,1000,True,32.06825797678903
pendcart,10,High,0.0668564901913047,WOA,8,1000,21,20003021,-0.6185960298867788,-0.6185960298850763,1.702415985960215e-12,True,3.661614980110528e-06,1000,True,32.232380006462336
pendcart,10,High,0.0668564901913047,WOA,8,1000,22,20003022,-0.6185960298867788,-0.6185960298862749,5.03819208574896e-13,True,1.9918003517638283e-06,1000,True,32.330692978575826
pendcart,10,High,0.0668564901913047,WOA,8,1000,23,20003023,-0.6185960298867788,-0.6185960298866127,1.6608936448392342e-13,True,1.1433999103083181e-06,1000,True,32.28139801649377
pendcart,10,High,0.0668564901913047,WOA,8,1000,24,20003024,-0.6185960298867788,-0.6185960298830249,3.753886090862579e-12,True,5.43732183455603e-06,1000,True,32.359655015170574
pendcart,10,High,0.0668564901913047,WOA,8,1000,25,20003025,-0.6185960298867788,-0.6185960298863127,4.660716257376407e-13,True,1.9158398290031187e-06,1000,True,32.549243012908846
pendcart,10,High,0.0668564901913047,WOA,8,1000,26,20003026,-0.6185960298867788,-0.6185960298776513,9.1274765523508e-12,True,8.47857444830069e-06,1000,True,32.158423971850425
pendcart,10,High,0.0668564901913047,WOA,8,1000,27,20003027,-0.6185960298867788,-0.6185960294819747,4.048040791460039e-10,True,5.646414174442782e-05,1000,True,32.210245030000806
pendcart,10,High,0.0668564901913047,WOA,8,1000,28,20003028,-0.6185960298867788,-0.6185960298203502,6.64285293439093e-11,True,2.2873255318689445e-05,1000,True,31.82520595146343
pendcart,10,High,0.0668564901913047,WOA,8,1000,29,20003029,-0.6185960298867788,-0.6185960298866717,1.0702549957386509e-13,True,9.176732298499246e-07,1000,True,32.146610028576106
pendcart,10,High,0.0668564901913047,WOA,8,2000,0,20003000,-0.6185960298867788,-0.6185960298867786,1.1102230246251565e-16,True,6.204167402046323e-09,2000,True,64.14616096299142
pendcart,10,High,0.0668564901913047,WOA,8,2000,1,20003001,-0.6185960298867788,-0.61859602988022,6.558753540275575e-12,True,7.187166442879089e-06,2000,True,64.88664401695132
pendcart,10,High,0.0668564901913047,WOA,8,2000,2,20003002,-0.6185960298867788,-0.6185960298865915,1.872946242542639e-13,True,1.2145864025647768e-06,2000,True,64.12331497995183
pendcart,10,High,0.0668564901913047,WOA,8,2000,3,20003003,-0.6185960298867788,-0.6185960298860581,7.206457652841891e-13,True,2.382319818750034e-06,2000,True,64.44573501357809
pendcart,10,High,0.0668564901913047,WOA,8,2000,4,20003004,-0.6185960298867788,-0.6185960298864164,3.623767952376511e-13,True,1.6890487795073739e-06,2000,True,64.55013697268441
pendcart,10,High,0.0668564901913047,WOA,8,2000,5,20003005,-0.6185960298867788,-0.6185960298867764,2.3314683517128287e-15,True,1.346106675015335e-07,2000,True,64.60854096803814
pendcart,10,High,0.0668564901913047,WOA,8,2000,6,20003006,-0.6185960298867788,-0.6185960298867693,9.43689570931383e-15,True,2.722335303850798e-07,2000,True,64.66239504516125
pendcart,10,High,0.0668564901913047,WOA,8,2000,7,20003007,-0.6185960298867788,-0.6185960298865797,1.9906298831529057e-13,True,1.2520295524787173e-06,2000,True,63.26762301614508
pendcart,10,High,0.0668564901913047,WOA,8,2000,8,20003008,-0.6185960298867788,-0.6185960298867696,9.103828801926284e-15,True,2.6604964498133654e-07,2000,True,63.63907898776233
pendcart,10,High,0.0668564901913047,WOA,8,2000,9,20003009,-0.6185960298867788,-0.6185960298865792,1.9950707752514063e-13,True,1.2528826709434782e-06,2000,True,63.52869002148509
pendcart,10,High,0.0668564901913047,WOA,8,2000,10,20003010,-0.6185960298867788,-0.6185960298854067,1.3720136138317685e-12,True,3.2872169386521932e-06,2000,True,64.18114301050082
pendcart,10,High,0.0668564901913047,WOA,8,2000,11,20003011,-0.6185960298867788,-0.618596029883395,3.383737734452552e-12,True,5.1624501735680894e-06,2000,True,64.46961098117754
pendcart,10,High,0.0668564901913047,WOA,8,2000,12,20003012,-0.6185960298867788,-0.6185960298867308,4.796163466380676e-14,True,6.133556942344853e-07,2000,True,63.74832795700058
pendcart,10,High,0.0668564901913047,WOA,8,2000,13,20003013,-0.6185960298867788,-0.6185960298855636,1.2151391004522338e-12,True,3.0936560895256093e-06,2000,True,64.19666699366644
pendcart,10,High,0.0668564901913047,WOA,8,2000,14,20003014,-0.6185960298867788,-0.6185960298867788,0.0,True,1.6946567260589518e-08,2000,True,63.614734972361475
pendcart,10,High,0.0668564901913047,WOA,8,2000,15,20003015,-0.6185960298867788,-0.6185960298817472,5.0315307476012094e-12,True,6.29493622739119e-06,2000,True,63.113802985753864
pendcart,10,High,0.0668564901913047,WOA,8,2000,16,20003016,-0.6185960298867788,-0.6185960298867464,3.2307490016592055e-14,True,5.035771861727767e-07,2000,True,63.76130098942667
pendcart,10,High,0.0668564901913047,WOA,8,2000,17,20003017,-0.6185960298867788,-0.6185960298867486,3.019806626980426e-14,True,4.868904182053768e-07,2000,True,63.584443007130176
pendcart,10,High,0.0668564901913047,WOA,8,2000,18,20003018,-0.6185960298867788,-0.6185960298847097,2.0690116286914417e-12,True,4.036576218613419e-06,2000,True,63.56067204615101
pendcart,10,High,0.0668564901913047,WOA,8,2000,19,20003019,-0.6185960298867788,-0.6185960298867589,1.9872992140790302e-14,True,3.938104913281393e-07,2000,True,63.61313903471455
pendcart,10,High,0.0668564901913047,WOA,8,2000,20,20003020,-0.6185960298867788,-0.6185960298867331,4.5630166312093934e-14,True,5.980453989806733e-07,2000,True,64.4847719813697
pendcart,10,High,0.0668564901913047,WOA,8,2000,21,20003021,-0.6185960298867788,-0.6185960298867786,1.1102230246251565e-16,True,3.2752478507092064e-08,2000,True,64.57437895005569
pendcart,10,High,0.0668564901913047,WOA,8,2000,22,20003022,-0.6185960298867788,-0.6185960298865363,2.424727085781342e-13,True,1.3813639778703646e-06,2000,True,64.57483401754871
pendcart,10,High,0.0668564901913047,WOA,8,2000,23,20003023,-0.6185960298867788,-0.618596029886737,4.1744385725905886e-14,True,5.735328212352897e-07,2000,True,63.718881981913
pendcart,10,High,0.0668564901913047,WOA,8,2000,24,20003024,-0.6185960298867788,-0.61859602988656,2.1871393585115584e-13,True,1.3122029800527457e-06,2000,True,63.204075035173446
pendcart,10,High,0.0668564901913047,WOA,8,2000,25,20003025,-0.6185960298867788,-0.6185960298866994,7.938094626069869e-14,True,7.899529386179438e-07,2000,True,63.748299959115684
pendcart,10,High,0.0668564901913047,WOA,8,2000,26,20003026,-0.6185960298867788,-0.6185960298440014,4.277733722801713e-11,True,1.8355095325439663e-05,2000,True,64.60929900640622
pendcart,10,High,0.0668564901913047,WOA,8,2000,27,20003027,-0.6185960298867788,-0.618596029886375,4.0378811405616943e-13,True,1.783332913785074e-06,2000,True,64.54915995709598
pendcart,10,High,0.0668564901913047,WOA,8,2000,28,20003028,-0.6185960298867788,-0.6185960298866224,1.5631940186722204e-13,True,1.1099331205244312e-06,2000,True,64.35937801143155
pendcart,10,High,0.0668564901913047,WOA,8,2000,29,20003029,-0.6185960298867788,-0.6185960298865482,2.30593322214645e-13,True,1.3477079461310382e-06,2000,True,65.4201100114733
pendcart,10,High,0.0668564901913047,WOA,8,5000,0,20003000,-0.6185960298867788,-0.6185960298867786,1.1102230246251565e-16,True,1.568200547197307e-08,5000,True,159.0785930166021
pendcart,10,High,0.0668564901913047,WOA,8,5000,1,20003001,-0.6185960298867788,-0.6185960298867784,3.3306690738754696e-16,True,3.455724906231694e-08,5000,True,160.48059798777103
pendcart,10,High,0.0668564901913047,WOA,8,5000,2,20003002,-0.6185960298867788,-0.6185960298867785,2.220446049250313e-16,True,3.284040683837475e-08,5000,True,159.39201903529465
pendcart,10,High,0.0668564901913047,WOA,8,5000,3,20003003,-0.6185960298867788,-0.6185960298867761,2.6645352591003757e-15,True,1.4468798337219368e-07,5000,True,160.5773640330881
pendcart,10,High,0.0668564901913047,WOA,8,5000,4,20003004,-0.6185960298867788,-0.6185960298867783,4.440892098500626e-16,True,4.391154728722313e-08,5000,True,160.31483298866078
pendcart,10,High,0.0668564901913047,WOA,8,5000,5,20003005,-0.6185960298867788,-0.6185960298867745,4.218847493575595e-15,True,1.8244596988736816e-07,5000,True,161.54178499709815
pendcart,10,High,0.0668564901913047,WOA,8,5000,6,20003006,-0.6185960298867788,-0.6185960298867785,2.220446049250313e-16,True,3.237465540095741e-08,5000,True,160.23965302156284
pendcart,10,High,0.0668564901913047,WOA,8,5000,7,20003007,-0.6185960298867788,-0.6185960298867751,3.6637359812630166e-15,True,1.6889112819384877e-07,5000,True,161.0959519748576
pendcart,10,High,0.0668564901913047,WOA,8,5000,8,20003008,-0.6185960298867788,-0.6185960298867762,2.55351295663786e-15,True,1.3823004074708933e-07,5000,True,158.61314698122442
pendcart,10,High,0.0668564901913047,WOA,8,5000,9,20003009,-0.6185960298867788,-0.6185960298867788,0.0,True,5.119581647505811e-09,5000,True,159.22890399815515
pendcart,10,High,0.0668564901913047,WOA,8,5000,10,20003010,-0.6185960298867788,-0.6185960298867735,5.218048215738236e-15,True,2.010681861008834e-07,5000,True,161.05313401203603
pendcart,10,High,0.0668564901913047,WOA,8,5000,11,20003011,-0.6185960298867788,-0.6185960298867779,8.881784197001252e-16,True,8.061903633560519e-08,5000,True,160.27405502973124
pendcart,10,High,0.0668564901913047,WOA,8,5000,12,20003012,-0.6185960298867788,-0.618596029886766,1.27675647831893e-14,True,3.1688137269725303e-07,5000,True,161.20076400693506
pendcart,10,High,0.0668564901913047,WOA,8,5000,13,20003013,-0.6185960298867788,-0.6185960298867609,1.787459069646502e-14,True,3.743991436877536e-07,5000,True,159.38280895352364
pendcart,10,High,0.0668564901913047,WOA,8,5000,14,20003014,-0.6185960298867788,-0.6185960298867773,1.4432899320127035e-15,True,1.0290390672906824e-07,5000,True,158.33096799906343
pendcart,10,High,0.0668564901913047,WOA,8,5000,15,20003015,-0.6185960298867788,-0.6185960298867786,1.1102230246251565e-16,True,1.1189429383051674e-08,5000,True,159.3159490148537
pendcart,10,High,0.0668564901913047,WOA,8,5000,16,20003016,-0.6185960298867788,-0.6185960298867786,1.1102230246251565e-16,True,1.3233207418750226e-08,5000,True,161.09967202646658
pendcart,10,High,0.0668564901913047,WOA,8,5000,17,20003017,-0.6185960298867788,-0.6185960298867776,1.1102230246251565e-15,True,9.538433598521578e-08,5000,True,161.30246396642178
pendcart,10,High,0.0668564901913047,WOA,8,5000,18,20003018,-0.6185960298867788,-0.6185960298867779,8.881784197001252e-16,True,7.326570283794354e-08,5000,True,159.99581897631288
pendcart,10,High,0.0668564901913047,WOA,8,5000,19,20003019,-0.6185960298867788,-0.6185960298867738,4.9960036108132044e-15,True,1.9854387067752555e-07,5000,True,161.39845096040517
pendcart,10,High,0.0668564901913047,WOA,8,5000,20,20003020,-0.6185960298867788,-0.6185960298867678,1.099120794378905e-14,True,2.9129117251613934e-07,5000,True,161.73065500333905
pendcart,10,High,0.0668564901913047,WOA,8,5000,21,20003021,-0.6185960298867788,-0.6185960298867718,6.994405055138486e-15,True,2.3209500810139616e-07,5000,True,161.77022096235305
pendcart,10,High,0.0668564901913047,WOA,8,5000,22,20003022,-0.6185960298867788,-0.6185960298867783,4.440892098500626e-16,True,6.10420722857441e-08,5000,True,159.96441099559888
pendcart,10,High,0.0668564901913047,WOA,8,5000,23,20003023,-0.6185960298867788,-0.6185960298867755,3.219646771412954e-15,True,1.5757775706504162e-07,5000,True,159.45876197656617
pendcart,10,High,0.0668564901913047,WOA,8,5000,24,20003024,-0.6185960298867788,-0.6185960298867434,3.530509218307998e-14,True,5.268233977950842e-07,5000,True,162.02173702185974
pendcart,10,High,0.0668564901913047,WOA,8,5000,25,20003025,-0.6185960298867788,-0.6185960298867784,3.3306690738754696e-16,True,2.7702292459963473e-08,5000,True,159.51274399412796
pendcart,10,High,0.0668564901913047,WOA,8,5000,26,20003026,-0.6185960298867788,-0.6185960298867788,0.0,True,8.871223755591018e-09,5000,True,162.83271001884714
pendcart,10,High,0.0668564901913047,WOA,8,5000,27,20003027,-0.6185960298867788,-0.6185960298867785,2.220446049250313e-16,True,3.042150664711585e-08,5000,True,162.46485500596464
pendcart,10,High,0.0668564901913047,WOA,8,5000,28,20003028,-0.6185960298867788,-0.6185960298867763,2.4424906541753444e-15,True,1.3902901940809897e-07,5000,True,160.4463179828599
pendcart,10,High,0.0668564901913047,WOA,8,5000,29,20003029,-0.6185960298867788,-0.6185960298867486,3.019806626980426e-14,True,4.866860194852052e-07,5000,True,158.70510699460283
uav,0,Severe,12.449478195019829,SGO,20,250,0,21000000,-1866.5028362955595,-0.0017396114731127454,0.9999990679834826,False,1.0166696501766286,250,True,3.1778860138729215
uav,0,Severe,12.449478195019829,SGO,20,250,1,21000001,-1866.5028362955595,0.0,1.0,False,1.0001070105850103,250,True,3.008845029398799
uav,0,Severe,12.449478195019829,SGO,20,250,2,21000002,-1866.5028362955595,0.0,1.0,False,1.0001070105850103,250,True,3.077132976613939
uav,0,Severe,12.449478195019829,SGO,20,250,3,21000003,-1866.5028362955595,0.0,1.0,False,1.0001070105850103,250,True,3.0594930285587907
uav,0,Severe,12.449478195019829,SGO,20,250,4,21000004,-1866.5028362955595,-108.25564735323769,0.9420008128312881,False,0.8879844944454847,250,True,3.0602440237998962
uav,0,Severe,12.449478195019829,SGO,20,250,5,21000005,-1866.5028362955595,0.0,1.0,False,1.0001070105850103,250,True,3.033098008017987
uav,0,Severe,12.449478195019829,SGO,20,250,6,21000006,-1866.5028362955595,-1066.8854087751865,0.42840407845689127,False,1.0242802503431798,250,True,3.0536570120602846
uav,0,Severe,12.449478195019829,SGO,20,250,7,21000007,-1866.5028362955595,-494.40082105150077,0.7351191696913056,False,1.1011941749073013,250,True,3.1831369851715863
uav,0,Severe,12.449478195019829,SGO,20,250,8,21000008,-1866.5028362955595,-583.7663297633173,0.6872405878997131,False,1.1386147186458484,250,True,3.1015549902804196
uav,0,Severe,12.449478195019829,SGO,20,250,9,21000009,-1866.5028362955595,-1064.778251189479,0.4295330119600889,False,0.9045803155619903,250,True,3.141611989121884
uav,0,Severe,12.449478195019829,SGO,20,250,10,21000010,-1866.5028362955595,-565.1281586788111,0.6972261988090955,False,1.164886091239519,250,True,3.2163079595193267
uav,0,Severe,12.449478195019829,SGO,20,250,11,21000011,-1866.5028362955595,-791.7153914240819,0.575829526733859,False,1.0477250553096429,250,True,3.0377130024135113
uav,0,Severe,12.449478195019829,SGO,20,250,12,21000012,-1866.5028362955595,0.0,1.0,False,1.0001070105850103,250,True,3.212969982996583
uav,0,Severe,12.449478195019829,SGO,20,250,13,21000013,-1866.5028362955595,-656.5250078788617,0.6482593033815773,False,0.8021483407746068,250,True,3.2759300083853304
uav,0,Severe,12.449478195019829,SGO,20,250,14,21000014,-1866.5028362955595,-351.850001837136,0.8114923829767914,False,0.5911193996332811,250,True,3.1328570330515504
uav,0,Severe,12.449478195019829,SGO,20,250,15,21000015,-1866.5028362955595,-751.094027870992,0.5975928815829258,False,0.9872122294745698,250,True,3.200317034497857
uav,0,Severe,12.449478195019829,SGO,20,250,16,21000016,-1866.5028362955595,0.0,1.0,False,1.0001070105850103,250,True,3.2080059754662216
uav,0,Severe,12.449478195019829,SGO,20,250,17,21000017,-1866.5028362955595,0.0,1.0,False,1.0001070105850103,250,True,3.2231879886239767
uav,0,Severe,12.449478195019829,SGO,20,250,18,21000018,-1866.5028362955595,-776.5337699970485,0.5839632520793636,False,1.014879088833999,250,True,3.2067480497062206
uav,0,Severe,12.449478195019829,SGO,20,250,19,21000019,-1866.5028362955595,0.0,1.0,False,1.0001070105850103,250,True,3.1534190056845546
uav,0,Severe,12.449478195019829,SGO,20,250,20,21000020,-1866.5028362955595,0.0,1.0,False,1.0001070105850103,250,True,3.107814001850784
uav,0,Severe,12.449478195019829,SGO,20,250,21,21000021,-1866.5028362955595,-68.9805628395743,0.9630428834619509,False,0.9097850667733804,250,True,3.0945310136303306
uav,0,Severe,12.449478195019829,SGO,20,250,22,21000022,-1866.5028362955595,-1005.2411232894519,0.4614307014477675,False,0.9926426875215391,250,True,3.0533259850926697
uav,0,Severe,12.449478195019829,SGO,20,250,23,21000023,-1866.5028362955595,-884.7554930668305,0.5259822402291116,False,0.959902650755736,250,True,3.102466987911612
uav,0,Severe,12.449478195019829,SGO,20,250,24,21000024,-1866.5028362955595,-957.8063904092191,0.48684439595592927,False,0.9036657055526103,250,True,3.2193930237554014
uav,0,Severe,12.449478195019829,SGO,20,250,25,21000025,-1866.5028362955595,-1113.9702124398113,0.4031778624828112,False,0.9001554396257309,250,True,3.1593739986419678
uav,0,Severe,12.449478195019829,SGO,20,250,26,21000026,-1866.5028362955595,0.0,1.0,False,1.0001070105850103,250,True,3.1490169931203127
uav,0,Severe,12.449478195019829,SGO,20,250,27,21000027,-1866.5028362955595,0.0,1.0,False,1.0001070105850103,250,True,3.081795002799481
uav,0,Severe,12.449478195019829,SGO,20,250,28,21000028,-1866.5028362955595,-924.7089990817558,0.5045766976079061,False,0.8559653575355455,250,True,3.050234983675182
uav,0,Severe,12.449478195019829,SGO,20,250,29,21000029,-1866.5028362955595,0.0,1.0,False,1.0001070105850103,250,True,2.985418017487973
uav,0,Severe,12.449478195019829,SGO,20,500,0,21000000,-1866.5028362955595,-1191.9655033792576,0.36139100343134406,False,0.9222241820699693,500,True,6.3604069873690605
uav,0,Severe,12.449478195019829,SGO,20,500,1,21000001,-1866.5028362955595,-1142.8766753116715,0.38769089813978846,False,0.8318841202494277,500,True,6.152750982437283
uav,0,Severe,12.449478195019829,SGO,20,500,2,21000002,-1866.5028362955595,-1114.6474348489394,0.402815032919438,False,0.9723569727206929,500,True,6.307156989350915
uav,0,Severe,12.449478195019829,SGO,20,500,3,21000003,-1866.5028362955595,-1129.521221957555,0.3948462332908579,False,0.9898738961751851,500,True,6.183874967973679
uav,0,Severe,12.449478195019829,SGO,20,500,4,21000004,-1866.5028362955595,-1497.2918674051589,0.19780895143088673,False,0.4416664876368269,500,True,6.444326019845903
uav,0,Severe,12.449478195019829,SGO,20,500,5,21000005,-1866.5028362955595,-1435.1751542832183,0.2310886828698292,False,0.6089527533293264,500,True,6.293991988059133
uav,0,Severe,12.449478195019829,SGO,20,500,6,21000006,-1866.5028362955595,-1112.6020050706288,0.4039108950518364,False,0.9863598718101962,500,True,6.2287700129672885
uav,0,Severe,12.449478195019829,SGO,20,500,7,21000007,-1866.5028362955595,-1346.5095402076881,0.2785922881959826,False,0.7635694867199969,500,True,6.272395956330001
uav,0,Severe,12.449478195019829,SGO,20,500,8,21000008,-1866.5028362955595,-1038.6305803962027,0.4435419222520076,False,1.025693671262744,500,True,6.175268965307623
uav,0,Severe,12.449478195019829,SGO,20,500,9,21000009,-1866.5028362955595,-1116.3546688872661,0.40190036297887943,False,0.9522309997960335,500,True,6.2764890026301146
uav,0,Severe,12.449478195019829,SGO,20,500,10,21000010,-1866.5028362955595,-1377.6472867632042,0.2619098883892322,False,0.6183898541084994,500,True,6.433960981667042
uav,0,Severe,12.449478195019829,SGO,20,500,11,21000011,-1866.5028362955595,-1150.7202728236878,0.3834886020813568,False,0.9784511513556464,500,True,6.236925022676587
uav,0,Severe,12.449478195019829,SGO,20,500,12,21000012,-1866.5028362955595,-1389.4846135568732,0.2555679067091172,False,0.6753075271696715,500,True,6.433158996514976
uav,0,Severe,12.449478195019829,SGO,20,500,13,21000013,-1866.5028362955595,-1320.292643477519,0.29263828706636286,False,0.5845911110179351,500,True,6.45374198211357
uav,0,Severe,12.449478195019829,SGO,20,500,14,21000014,-1866.5028362955595,-1354.4670585245187,0.27432895777821376,False,0.7060341838189149,500,True,6.236570014152676
uav,0,Severe,12.449478195019829,SGO,20,500,15,21000015,-1866.5028362955595,-1104.1854285436293,0.4084201710964975,False,0.9573440316136692,500,True,6.277144013438374
uav,0,Severe,12.449478195019829,SGO,20,500,16,21000016,-1866.5028362955595,-1234.1769860996822,0.3387757242581275,False,0.8888486490457754,500,True,6.20531797176227
uav,0,Severe,12.449478195019829,SGO,20,500,17,21000017,-1866.5028362955595,-937.7087940318663,0.4976119104683853,False,0.9553106529500421,500,True,6.163170968648046
uav,0,Severe,12.449478195019829,SGO,20,500,18,21000018,-1866.5028362955595,-1211.2525777138344,0.3510577352682719,False,0.8767853172721324,500,True,6.215634988620877
uav,0,Severe,12.449478195019829,SGO,20,500,19,21000019,-1866.5028362955595,-1155.390524759273,0.3809864617980588,False,0.9657081624757935,500,True,6.2815999845042825
uav,0,Severe,12.449478195019829,SGO,20,500,20,21000020,-1866.5028362955595,-964.1782075468659,0.48343062287520205,False,1.0517311257795188,500,True,6.007956981193274
uav,0,Severe,12.449478195019829,SGO,20,500,21,21000021,-1866.5028362955595,-1218.0267953202924,0.34742837158624135,False,0.8788863328653833,500,True,6.358689977787435
uav,0,Severe,12.449478195019829,SGO,20,500,22,21000022,-1866.5028362955595,-1222.8039933114608,0.3448689337443736,False,0.7699845624253046,500,True,6.102673010900617
uav,0,Severe,12.449478195019829,SGO,20,500,23,21000023,-1866.5028362955595,-1233.6220499216083,0.3390730375904636,False,0.7937702697192872,500,True,6.113120005466044
uav,0,Severe,12.449478195019829,SGO,20,500,24,21000024,-1866.5028362955595,-1127.2321052711754,0.39607265343974063,False,0.9485786427980726,500,True,6.436973984818906
uav,0,Severe,12.449478195019829,SGO,20,500,25,21000025,-1866.5028362955595,-1320.2324885644423,0.2926705157412446,False,0.8162460523442759,500,True,6.397884979378432
uav,0,Severe,12.449478195019829,SGO,20,500,26,21000026,-1866.5028362955595,-1123.8794857887851,0.397868857237129,False,0.9922051504912516,500,True,6.2858290039002895
uav,0,Severe,12.449478195019829,SGO,20,500,27,21000027,-1866.5028362955595,-1115.7440411015764,0.40222751371972787,False,0.9453859505007852,500,True,6.21104403398931
uav,0,Severe,12.449478195019829,SGO,20,500,28,21000028,-1866.5028362955595,-1313.83448532849,0.2960983183202379,False,0.7038491052925199,500,True,6.292556994594634
uav,0,Severe,12.449478195019829,SGO,20,500,29,21000029,-1866.5028362955595,-1001.5983499794553,0.46338235843920633,False,1.0040916169180143,500,True,6.4821510459296405
uav,0,Severe,12.449478195019829,SGO,20,1000,0,21000000,-1866.5028362955595,-1318.2752562154453,0.29371912510359705,False,0.8280829450195486,1000,True,12.753028015140444
uav,0,Severe,12.449478195019829,SGO,20,1000,1,21000001,-1866.5028362955595,-1307.4688621424855,0.29950877292133476,False,0.8051113272499738,1000,True,12.656341947149485
uav,0,Severe,12.449478195019829,SGO,20,1000,2,21000002,-1866.5028362955595,-1198.7221485977398,0.3577710543548711,False,0.9367139505518761,1000,True,12.69867003429681
uav,0,Severe,12.449478195019829,SGO,20,1000,3,21000003,-1866.5028362955595,-1170.988519324605,0.3726296598355773,False,0.9567968593416293,1000,True,12.599889014381915
uav,0,Severe,12.449478195019829,SGO,20,1000,4,21000004,-1866.5028362955595,-1750.620896504428,0.062085059576508325,False,0.2635035613269292,1000,True,12.776259041856974
uav,0,Severe,12.449478195019829,SGO,20,1000,5,21000005,-1866.5028362955595,-1674.1368975633343,0.10306222685094502,False,0.2970294507443885,1000,True,12.627384974621236
uav,0,Severe,12.449478195019829,SGO,20,1000,6,21000006,-1866.5028362955595,-1229.4365129438918,0.34131548635417597,False,0.9094427393982843,1000,True,12.628011056222022
uav,0,Severe,12.449478195019829,SGO,20,1000,7,21000007,-1866.5028362955595,-1573.1137885687967,0.15718649981215715,False,0.5082381645428959,1000,True,12.985298002604395
uav,0,Severe,12.449478195019829,SGO,20,1000,8,21000008,-1866.5028362955595,-1175.1800244462365,0.37038401357127776,False,0.9293959025419549,1000,True,13.082598976325244
uav,0,Severe,12.449478195019829,SGO,20,1000,9,21000009,-1866.5028362955595,-1208.9410529485704,0.35229616079879594,False,0.8739239122381122,1000,True,12.801019009202719
uav,0,Severe,12.449478195019829,SGO,20,1000,10,21000010,-1866.5028362955595,-1453.9502673965976,0.22102970372000788,False,0.5816179899491963,1000,True,13.1159060401842
uav,0,Severe,12.449478195019829,SGO,20,1000,11,21000011,-1866.5028362955595,-1159.8398740685761,0.3786026725946447,False,0.971238831831356,1000,True,12.901018024422228
uav,0,Severe,12.449478195019829,SGO,20,1000,12,21000012,-1866.5028362955595,-1494.193103303936,0.19946914933734855,False,0.5203994079411992,1000,True,12.900000030640513
uav,0,Severe,12.449478195019829,SGO,20,1000,13,21000013,-1866.5028362955595,-1619.309042522537,0.13243687015425432,False,0.4131098349354357,1000,True,12.949045980349183
uav,0,Severe,12.449478195019829,SGO,20,1000,14,21000014,-1866.5028362955595,-1468.5355607705067,0.21321546787193577,False,0.6544665825805335,1000,True,12.941805995069444
uav,0,Severe,12.449478195019829,SGO,20,1000,15,21000015,-1866.5028362955595,-1264.5633622750927,0.3224958796286287,False,0.881458668164723,1000,True,13.008218025788665
uav,0,Severe,12.449478195019829,SGO,20,1000,16,21000016,-1866.5028362955595,-1339.616939895797,0.2822850767510596,False,0.8109679738940283,1000,True,12.875824002549052
uav,0,Severe,12.449478195019829,SGO,20,1000,17,21000017,-1866.5028362955595,-1238.445468592773,0.33648883649664807,False,0.8899212178248107,1000,True,12.85255403490737
uav,0,Severe,12.449478195019829,SGO,20,1000,18,21000018,-1866.5028362955595,-1235.3588737407686,0.33814251459023753,False,0.8888427728915562,1000,True,12.895043008029461
uav,0,Severe,12.449478195019829,SGO,20,1000,19,21000019,-1866.5028362955595,-1195.6547506864665,0.35941444747039464,False,0.9353968632730214,1000,True,13.103531033266336
uav,0,Severe,12.449478195019829,SGO,20,1000,20,21000020,-1866.5028362955595,-1206.8686025590648,0.3534064995291773,False,0.9341657504186903,1000,True,12.7464440301992
uav,0,Severe,12.449478195019829,SGO,20,1000,21,21000021,-1866.5028362955595,-1289.9506543820257,0.30889435081588973,False,0.8455467940322743,1000,True,13.104096986353397
uav,0,Severe,12.449478195019829,SGO,20,1000,22,21000022,-1866.5028362955595,-1507.1061482239825,0.1925508395073592,False,0.5708722950640309,1000,True,12.722115032374859
uav,0,Severe,12.449478195019829,SGO,20,1000,23,21000023,-1866.5028362955595,-1270.6596364183335,0.319229731822853,False,0.8395741628316271,1000,True,12.916894047521055
uav,0,Severe,12.449478195019829,SGO,20,1000,24,21000024,-1866.5028362955595,-1266.0183839972178,0.32171633528836246,False,0.8828674654102425,1000,True,13.355597970075905
uav,0,Severe,12.449478195019829,SGO,20,1000,25,21000025,-1866.5028362955595,-1331.1132356759485,0.2868410324423597,False,0.8066017258267707,1000,True,13.030720001552254
uav,0,Severe,12.449478195019829,SGO,20,1000,26,21000026,-1866.5028362955595,-1149.026355648674,0.3843961373618151,False,0.9891429612880561,1000,True,12.893506966065615
uav,0,Severe,12.449478195019829,SGO,20,1000,27,21000027,-1866.5028362955595,-1156.506027340489,0.3803888186766425,False,0.9470746941998329,1000,True,12.823319993913174
uav,0,Severe,12.449478195019829,SGO,20,1000,28,21000028,-1866.5028362955595,-1488.311624056283,0.2026202183490227,False,0.6567578632026168,1000,True,12.867322016973048
uav,0,Severe,12.449478195019829,SGO,20,1000,29,21000029,-1866.5028362955595,-1171.3352526323174,0.37244389354528834,False,0.9526476291373142,1000,True,13.072972011286765
uav,0,Severe,12.449478195019829,SGO,20,2000,0,21000000,-1866.5028362955595,-1338.5231939802431,0.2828710634928342,False,0.801086440949165,2000,True,25.785879988688976
uav,0,Severe,12.449478195019829,SGO,20,2000,1,21000001,-1866.5028362955595,-1316.4050655805443,0.2947211008833997,False,0.8191202932765465,2000,True,25.516539986710995
uav,0,Severe,12.449478195019829,SGO,20,2000,2,21000002,-1866.5028362955595,-1258.609888278925,0.32568552064089934,False,0.870586010313953,2000,True,25.751964014489204
uav,0,Severe,12.449478195019829,SGO,20,2000,3,21000003,-1866.5028362955595,-1177.721522879244,0.3690223770478361,False,0.9377096190695765,2000,True,25.899672007653862
uav,0,Severe,12.449478195019829,SGO,20,2000,4,21000004,-1866.5028362955595,-1841.2849502533327,0.01351076759801591,False,0.038260329653998594,2000,True,26.48668800247833
uav,0,Severe,12.449478195019829,SGO,20,2000,5,21000005,-1866.5028362955595,-1726.8884324843852,0.07479999552975039,False,0.2746556273769748,2000,True,26.230684015899897
uav,0,Severe,12.449478195019829,SGO,20,2000,6,21000006,-1866.5028362955595,-1247.6512922797608,0.33155671236162215,False,0.8932482888895155,2000,True,25.945876026526093
uav,0,Severe,12.449478195019829,SGO,20,2000,7,21000007,-1866.5028362955595,-1774.1033634453267,0.049504062385256065,False,0.14561654570511612,2000,True,25.82617901498452
uav,0,Severe,12.449478195019829,SGO,20,2000,8,21000008,-1866.5028362955595,-1191.12024723883,0.3618438589663001,False,0.9172643071371639,2000,True,25.945867993868887
uav,0,Severe,12.449478195019829,SGO,20,2000,9,21000009,-1866.5028362955595,-1216.064165007068,0.34847987296896615,False,0.8471200979061749,2000,True,25.717735989019275
uav,0,Severe,12.449478195019829,SGO,20,2000,10,21000010,-1866.5028362955595,-1504.96651223791,0.1936971736808015,False,0.5893528312835374,2000,True,25.748516025487334
uav,0,Severe,12.449478195019829,SGO,20,2000,11,21000011,-1866.5028362955595,-1167.9400779456041,0.37426289677458513,False,0.9638968255198884,2000,True,25.679188955109566
uav,0,Severe,12.449478195019829,SGO,20,2000,12,21000012,-1866.5028362955595,-1511.050800848297,0.19043744725977843,False,0.5009947249323429,2000,True,25.982060004025698
uav,0,Severe,12.449478195019829,SGO,20,2000,13,21000013,-1866.5028362955595,-1632.255861764722,0.1255004653492766,False,0.4389414574142859,2000,True,26.518378988839686
uav,0,Severe,12.449478195019829,SGO,20,2000,14,21000014,-1866.5028362955595,-1482.253898289983,0.20586571342596716,False,0.6392534640476467,2000,True,26.50366601301357
uav,0,Severe,12.449478195019829,SGO,20,2000,15,21000015,-1866.5028362955595,-1276.4384940971381,0.3161336434770813,False,0.8664549155882729,2000,True,26.26178797800094
uav,0,Severe,12.449478195019829,SGO,20,2000,16,21000016,-1866.5028362955595,-1356.9628220010318,0.27299182427486135,False,0.7810340688111908,2000,True,26.066070015076548
uav,0,Severe,12.449478195019829,SGO,20,2000,17,21000017,-1866.5028362955595,-1281.832512204235,0.31324373728342003,False,0.8508698506414925,2000,True,26.12474700435996
uav,0,Severe,12.449478195019829,SGO,20,2000,18,21000018,-1866.5028362955595,-1240.7853778502947,0.33523520365343973,False,0.8792419211444197,2000,True,26.46879095118493
uav,0,Severe,12.449478195019829,SGO,20,2000,19,21000019,-1866.5028362955595,-1206.4567820007615,0.3536271370499435,False,0.9277564479133867,2000,True,26.330779015552253
uav,0,Severe,12.449478195019829,SGO,20,2000,20,21000020,-1866.5028362955595,-1227.7733721911932,0.342206532818375,False,0.9083692766254975,2000,True,25.869975972454995
uav,0,Severe,12.449478195019829,SGO,20,2000,21,21000021,-1866.5028362955595,-1314.187974859174,0.29590893230709614,False,0.8333803253479911,2000,True,25.599305983632803
uav,0,Severe,12.449478195019829,SGO,20,2000,22,21000022,-1866.5028362955595,-1534.9566259550718,0.17762963114404162,False,0.5294232984868839,2000,True,25.83649003645405
uav,0,Severe,12.449478195019829,SGO,20,2000,23,21000023,-1866.5028362955595,-1319.1953173113443,0.29322619196789124,False,0.7630381973145203,2000,True,25.89863201137632
uav,0,Severe,12.449478195019829,SGO,20,2000,24,21000024,-1866.5028362955595,-1295.7559436294418,0.30578410145835977,False,0.8467190646585381,2000,True,26.115690008737147
uav,0,Severe,12.449478195019829,SGO,20,2000,25,21000025,-1866.5028362955595,-1350.8785813863558,0.2762515249816395,False,0.7909151751281981,2000,True,25.80916800070554
uav,0,Severe,12.449478195019829,SGO,20,2000,26,21000026,-1866.5028362955595,-1150.300474444902,0.3837135138096556,False,0.9881735162511501,2000,True,26.18838002672419
uav,0,Severe,12.449478195019829,SGO,20,2000,27,21000027,-1866.5028362955595,-1157.581167491842,0.3798128001834229,False,0.9465202902453373,2000,True,26.171387056820095
uav,0,Severe,12.449478195019829,SGO,20,2000,28,21000028,-1866.5028362955595,-1531.8497775585197,0.17929416030313908,False,0.5637783014943868,2000,True,25.583211972843856
uav,0,Severe,12.449478195019829,SGO,20,2000,29,21000029,-1866.5028362955595,-1177.5896311909114,0.36909303951122374,False,0.9479803538535598,2000,True,25.642117019742727
uav,0,Severe,12.449478195019829,SGO,20,5000,0,21000000,-1866.5028362955595,-1340.3295778638262,0.28190327290154416,False,0.7930408885436294,5000,True,64.23342996276915
uav,0,Severe,12.449478195019829,SGO,20,5000,1,21000001,-1866.5028362955595,-1317.1869931223873,0.2943021743612226,False,0.8136547259872137,5000,True,64.96366299688816
uav,0,Severe,12.449478195019829,SGO,20,5000,2,21000002,-1866.5028362955595,-1269.7938186115698,0.3196936035030494,False,0.8503194014322265,5000,True,65.42196398368105
uav,0,Severe,12.449478195019829,SGO,20,5000,3,21000003,-1866.5028362955595,-1178.060238373361,0.36884090639184225,False,0.9375836368786913,5000,True,64.43207000847906
uav,0,Severe,12.449478195019829,SGO,20,5000,4,21000004,-1866.5028362955595,-1852.3991984378051,0.007556183458979267,False,0.033775846114222435,5000,True,64.27517300471663
uav,0,Severe,12.449478195019829,SGO,20,5000,5,21000005,-1866.5028362955595,-1727.5964171911319,0.07442068471758373,False,0.2773135825640614,5000,True,65.0662379921414
uav,0,Severe,12.449478195019829,SGO,20,5000,6,21000006,-1866.5028362955595,-1260.9333377039948,0.32444070633904637,False,0.8826128505987801,5000,True,64.42682701162994
uav,0,Severe,12.449478195019829,SGO,20,5000,7,21000007,-1866.5028362955595,-1834.4427537600013,0.017176551737359106,False,0.04441654468116372,5000,True,64.77337796241045
uav,0,Severe,12.449478195019829,SGO,20,5000,8,21000008,-1866.5028362955595,-1191.791966755125,0.361483977639986,False,0.91767599042928,5000,True,64.73578099394217
uav,0,Severe,12.449478195019829,SGO,20,5000,9,21000009,-1866.5028362955595,-1216.8465280945347,0.34806071309829617,False,0.8545944596531532,5000,True,64.66684094630182
uav,0,Severe,12.449478195019829,SGO,20,5000,10,21000010,-1866.5028362955595,-1505.4536522823125,0.19343618289368358,False,0.5962100723664634,5000,True,64.64108900399879
uav,0,Severe,12.449478195019829,SGO,20,5000,11,21000011,-1866.5028362955595,-1168.4147118546728,0.37400860629088534,False,0.9634922892514585,5000,True,64.68744098674506
uav,0,Severe,12.449478195019829,SGO,20,5000,12,21000012,-1866.5028362955595,-1511.5118145724625,0.19019045394415054,False,0.5006360541376381,5000,True,65.66277396632358
uav,0,Severe,12.449478195019829,SGO,20,5000,13,21000013,-1866.5028362955595,-1632.843665253614,0.12518554298352305,False,0.4297363497924027,5000,True,64.981097006239
uav,0,Severe,12.449478195019829,SGO,20,5000,14,21000014,-1866.5028362955595,-1482.5697960570633,0.2056964676252443,False,0.6383792179618104,5000,True,65.61060302192345
uav,0,Severe,12.449478195019829,SGO,20,5000,15,21000015,-1866.5028362955595,-1276.6595127555313,0.31601523023168177,False,0.8655553831374873,5000,True,64.07373800175264
uav,0,Severe,12.449478195019829,SGO,20,5000,16,21000016,-1866.5028362955595,-1360.976709096537,0.2708413388764724,False,0.7841369505302007,5000,True,64.76176698924974
uav,0,Severe,12.449478195019829,SGO,20,5000,17,21000017,-1866.5028362955595,-1282.3087013560905,0.31298861356081126,False,0.8496331243148023,5000,True,66.05239596683532
uav,0,Severe,12.449478195019829,SGO,20,5000,18,21000018,-1866.5028362955595,-1242.3844714604045,0.33437847117009484,False,0.8763030273137493,5000,True,66.14173098932952
uav,0,Severe,12.449478195019829,SGO,20,5000,19,21000019,-1866.5028362955595,-1207.9509676103794,0.3528266102141078,False,0.9265419150050413,5000,True,64.85837697982788
uav,0,Severe,12.449478195019829,SGO,20,5000,20,21000020,-1866.5028362955595,-1230.5064757910075,0.3407422416602438,False,0.9015793272415145,5000,True,65.28677698224783
uav,0,Severe,12.449478195019829,SGO,20,5000,21,21000021,-1866.5028362955595,-1315.7725718851163,0.2950599665326388,False,0.828147789691027,5000,True,66.53045699931681
uav,0,Severe,12.449478195019829,SGO,20,5000,22,21000022,-1866.5028362955595,-1536.1388401050142,0.17699624654534005,False,0.5290538099140522,5000,True,66.65824702940881
uav,0,Severe,12.449478195019829,SGO,20,5000,23,21000023,-1866.5028362955595,-1327.1025577415312,0.2889897984964083,False,0.7425540996464252,5000,True,65.34759199712425
uav,0,Severe,12.449478195019829,SGO,20,5000,24,21000024,-1866.5028362955595,-1296.2335184247615,0.30552823536159696,False,0.8489270076578841,5000,True,65.63242297852412
uav,0,Severe,12.449478195019829,SGO,20,5000,25,21000025,-1866.5028362955595,-1353.6345814192077,0.2747749668006073,False,0.7888649493829623,5000,True,64.97881101677194
uav,0,Severe,12.449478195019829,SGO,20,5000,26,21000026,-1866.5028362955595,-1151.389313328341,0.3831301560658228,False,0.987119092944503,5000,True,65.51931303692982
uav,0,Severe,12.449478195019829,SGO,20,5000,27,21000027,-1866.5028362955595,-1157.7011742667353,0.3797485051967989,False,0.945857058619116,5000,True,64.27004700526595
uav,0,Severe,12.449478195019829,SGO,20,5000,28,21000028,-1866.5028362955595,-1534.5899255736078,0.17782609501987034,False,0.563431618501009,5000,True,64.78435295866802
uav,0,Severe,12.449478195019829,SGO,20,5000,29,21000029,-1866.5028362955595,-1178.125034690685,0.36880619103215245,False,0.9475576452805392,5000,True,64.79902699356899
uav,0,Severe,12.449478195019829,GWO,30,250,0,21001000,-1866.5028362955595,-1854.4156078028059,0.0064758693411594865,False,0.020377557221722676,250,True,5.042505043093115
uav,0,Severe,12.449478195019829,GWO,30,250,1,21001001,-1866.5028362955595,-1852.1922250089908,0.007667071813815677,False,0.0017385933114543932,250,True,5.102825001813471
uav,0,Severe,12.449478195019829,GWO,30,250,2,21001002,-1866.5028362955595,-1861.9774301075356,0.002424537536200836,False,0.014247223257888459,250,True,5.039295996539295
uav,0,Severe,12.449478195019829,GWO,30,250,3,21001003,-1866.5028362955595,-1857.3672184265688,0.0048945105741827555,False,0.02495872683905602,250,True,5.006382998544723
uav,0,Severe,12.449478195019829,GWO,30,250,4,21001004,-1866.5028362955595,-1863.9652513564033,0.0013595398248590603,False,0.000721490086704407,250,True,5.072825006209314
uav,0,Severe,12.449478195019829,GWO,30,250,5,21001005,-1866.5028362955595,-1862.8728568813012,0.0019448025171302135,False,0.01117784297709315,250,True,5.091236031148583
uav,0,Severe,12.449478195019829,GWO,30,250,6,21001006,-1866.5028362955595,-1861.133809829055,0.002876516639621266,False,0.018285352904362017,250,True,5.1061990088783205
uav,0,Severe,12.449478195019829,GWO,30,250,7,21001007,-1866.5028362955595,-1860.8372076474718,0.0030354246122294964,False,0.02156589430956795,250,True,5.117845023050904
uav,0,Severe,12.449478195019829,GWO,30,250,8,21001008,-1866.5028362955595,-1858.3465814974522,0.00436980573482276,False,0.007776169571283484,250,True,5.091423983685672
uav,0,Severe,12.449478195019829,GWO,30,250,9,21001009,-1866.5028362955595,-1534.306237278502,0.1779780842317747,False,0.5801123977991501,250,True,5.18657302018255
uav,0,Severe,12.449478195019829,GWO,30,250,10,21001010,-1866.5028362955595,-1231.6944050378122,0.34010579513377487,False,0.9104939425597025,250,True,5.085600016172975
uav,0,Severe,12.449478195019829,GWO,30,250,11,21001011,-1866.5028362955595,-1862.0626849337157,0.002378861299057116,False,0.017119888231927095,250,True,5.121648020576686
uav,0,Severe,12.449478195019829,GWO,30,250,12,21001012,-1866.5028362955595,-1839.9391771214314,0.01423178077074285,False,0.03758984302511778,250,True,5.071429011877626
uav,0,Severe,12.449478195019829,GWO,30,250,13,21001013,-1866.5028362955595,-1863.4326289011399,0.0016448983278873918,False,0.01139656220031138,250,True,5.09933999273926
uav,0,Severe,12.449478195019829,GWO,30,250,14,21001014,-1866.5028362955595,-1843.5521221535123,0.0122961046164802,False,0.0207133347621242,250,True,5.097174027469009
uav,0,Severe,12.449478195019829,GWO,30,250,15,21001015,-1866.5028362955595,-1634.570275832125,0.12426049184246094,False,0.4694480189739931,250,True,5.190066003706306
uav,0,Severe,12.449478195019829,GWO,30,250,16,21001016,-1866.5028362955595,-1866.205711738843,0.00015918784099258477,False,0.0022378217787817544,250,True,5.231976974755526
uav,0,Severe,12.449478195019829,GWO,30,250,17,21001017,-1866.5028362955595,-1328.3260125701454,0.2883343187377799,False,0.8171459883648198,250,True,5.1875069621019065
uav,0,Severe,12.449478195019829,GWO,30,250,18,21001018,-1866.5028362955595,-1665.5482594338996,0.10766368684469488,False,0.2878659602637998,250,True,5.110592988785356
uav,0,Severe,12.449478195019829,GWO,30,250,19,21001019,-1866.5028362955595,-1852.7003262878009,0.007394850808345108,False,0.02928028912593565,250,True,5.08081098087132
uav,0,Severe,12.449478195019829,GWO,30,250,20,21001020,-1866.5028362955595,-1847.2518239284186,0.01031394755624819,False,0.009299348837306456,250,True,5.08697604527697
uav,0,Severe,12.449478195019829,GWO,30,250,21,21001021,-1866.5028362955595,-1441.3282463398618,0.2277920942244802,False,0.704223988212338,250,True,5.136956984642893
uav,0,Severe,12.449478195019829,GWO,30,250,22,21001022,-1866.5028362955595,-1830.0524623203585,0.01952870001930667,False,0.062379749628390074,250,True,5.074462038464844
uav,0,Severe,12.449478195019829,GWO,30,250,23,21001023,-1866.5028362955595,-1303.886441899817,0.301428095074511,False,0.8423295431550879,250,True,5.1168520003557205
uav,0,Severe,12.449478195019829,GWO,30,250,24,21001024,-1866.5028362955595,-1857.8027614121872,0.004661163494741473,False,0.01259819516776663,250,True,5.094120977446437
uav,0,Severe,12.449478195019829,GWO,30,250,25,21001025,-1866.5028362955595,-1863.6752521296562,0.0015149101897510172,False,0.0020479882974295083,250,True,5.118525994475931
uav,0,Severe,12.449478195019829,GWO,30,250,26,21001026,-1866.5028362955595,-1838.0993913012487,0.015217466827258084,False,0.021601576456712897,250,True,5.102855036966503
uav,0,Severe,12.449478195019829,GWO,30,250,27,21001027,-1866.5028362955595,-1862.3231725816877,0.002239302096195682,False,0.001597039869992119,250,True,5.086927965749055
uav,0,Severe,12.449478195019829,GWO,30,250,28,21001028,-1866.5028362955595,-1825.8654689211592,0.021771929077296862,False,0.05684821310969677,250,True,5.112042999826372
uav,0,Severe,12.449478195019829,GWO,30,250,29,21001029,-1866.5028362955595,-1860.3501820769156,0.003296354068689776,False,0.020263627447766174,250,True,5.1264550420455635
uav,0,Severe,12.449478195019829,GWO,30,500,0,21001000,-1866.5028362955595,-1862.5492628577715,0.0021181716742711466,False,0.017044815578129337,500,True,10.790038970299065
uav,0,Severe,12.449478195019829,GWO,30,500,1,21001001,-1866.5028362955595,-1864.2645736483175,0.001199174522383396,False,0.010554347806368969,500,True,10.634883015882224
uav,0,Severe,12.449478195019829,GWO,30,500,2,21001002,-1866.5028362955595,-1866.2757979554087,0.00012163835796863096,False,0.0018446114859690308,500,True,10.684256034437567
uav,0,Severe,12.449478195019829,GWO,30,500,3,21001003,-1866.5028362955595,-1864.2808479526702,0.001190455379804973,False,0.01294311659267504,500,True,10.613320977427065
uav,0,Severe,12.449478195019829,GWO,30,500,4,21001004,-1866.5028362955595,-1865.1243719261238,0.0007385278728917259,False,0.007932132327094537,500,True,10.641352040693164
uav,0,Severe,12.449478195019829,GWO,30,500,5,21001005,-1866.5028362955595,-1866.2386837774961,0.0001415226984533524,False,0.0004082061211857198,500,True,10.792765009682626
uav,0,Severe,12.449478195019829,GWO,30,500,6,21001006,-1866.5028362955595,-1865.4651932980425,0.0005559289690533631,False,0.004464082159408005,500,True,10.932643024716526
uav,0,Severe,12.449478195019829,GWO,30,500,7,21001007,-1866.5028362955595,-1864.1348056701142,0.001268699184055403,False,0.013085938331926382,500,True,10.854097956325859
uav,0,Severe,12.449478195019829,GWO,30,500,8,21001008,-1866.5028362955595,-1865.4289134651397,0.0005753662997647894,False,0.006407711055525582,500,True,10.797942988574505
uav,0,Severe,12.449478195019829,GWO,30,500,9,21001009,-1866.5028362955595,-1863.6532826307186,0.0015266805972266114,False,0.010606272613282121,500,True,10.901868052314967
uav,0,Severe,12.449478195019829,GWO,30,500,10,21001010,-1866.5028362955595,-1862.990008618035,0.0018820371494834428,False,0.016360708856325287,500,True,10.887128999456763
uav,0,Severe,12.449478195019829,GWO,30,500,11,21001011,-1866.5028362955595,-1865.5956927859393,0.00048601239279156893,False,0.005248429133320631,500,True,10.731545044109225
uav,0,Severe,12.449478195019829,GWO,30,500,12,21001012,-1866.5028362955595,-1861.1529918432434,0.0028662396586195036,False,0.019459966587007955,500,True,10.744151019025594
uav,0,Severe,12.449478195019829,GWO,30,500,13,21001013,-1866.5028362955595,-1862.8452808494849,0.001959576687991417,False,0.014190854714340626,500,True,10.813681001309305
uav,0,Severe,12.449478195019829,GWO,30,500,14,21001014,-1866.5028362955595,-1862.2227558690413,0.0022931014854565574,False,0.0187109625028862,500,True,10.78616495942697
uav,0,Severe,12.449478195019829,GWO,30,500,15,21001015,-1866.5028362955595,-1866.1937986783244,0.00016557039787226267,False,0.00035410886738882185,500,True,10.754369024652988
uav,0,Severe,12.449478195019829,GWO,30,500,16,21001016,-1866.5028362955595,-1865.3152975025318,0.0006362373364428278,False,0.005535635191275578,500,True,10.790151020046324
uav,0,Severe,12.449478195019829,GWO,30,500,17,21001017,-1866.5028362955595,-1864.480391060276,0.0010835479035743397,False,0.012364880160561427,500,True,10.834953980520368
uav,0,Severe,12.449478195019829,GWO,30,500,18,21001018,-1866.5028362955595,-1865.1653861211494,0.000716554054139335,False,0.00657239032023845,500,True,10.72542299516499
uav,0,Severe,12.449478195019829,GWO,30,500,19,21001019,-1866.5028362955595,-1864.8093868587982,0.0009072846844006229,False,0.011410699508220762,500,True,10.555131011642516
uav,0,Severe,12.449478195019829,GWO,30,500,20,21001020,-1866.5028362955595,-1865.9584791136274,0.00029164551553134053,False,0.00265860597158433,500,True,10.676607955247164
uav,0,Severe,12.449478195019829,GWO,30,500,21,21001021,-1866.5028362955595,-1860.4672284596272,0.0032336451456517167,False,0.01833635940821865,500,True,10.629839031025767
uav,0,Severe,12.449478195019829,GWO,30,500,22,21001022,-1866.5028362955595,-1862.428290872241,0.002182983783408174,False,0.014227668194535588,500,True,10.624720016494393
uav,0,Severe,12.449478195019829,GWO,30,500,23,21001023,-1866.5028362955595,-1625.5813211337677,0.12907642596458507,False,0.4885169167313247,500,True,10.815744986757636
uav,0,Severe,12.449478195019829,GWO,30,500,24,21001024,-1866.5028362955595,-1864.8684682621815,0.0008756311544758856,False,0.009000352457129298,500,True,10.758335003629327
uav,0,Severe,12.449478195019829,GWO,30,500,25,21001025,-1866.5028362955595,-1861.3936101457873,0.002737325682243522,False,0.018850865102794313,500,True,11.006924032699317
uav,0,Severe,12.449478195019829,GWO,30,500,26,21001026,-1866.5028362955595,-1864.0034723623135,0.0013390624887592115,False,0.011967012126821346,500,True,10.820356023032218
uav,0,Severe,12.449478195019829,GWO,30,500,27,21001027,-1866.5028362955595,-1865.5135894362177,0.0005300001907873878,False,0.004537034775719381,500,True,10.879621957428753
uav,0,Severe,12.449478195019829,GWO,30,500,28,21001028,-1866.5028362955595,-1865.8992559582766,0.0003233749906755115,False,0.0010440864837667067,500,True,10.784141020849347
uav,0,Severe,12.449478195019829,GWO,30,500,29,21001029,-1866.5028362955595,-1866.2934402132448,0.00011218631884336417,False,0.003322846093950564,500,True,10.775804985314608
uav,0,Severe,12.449478195019829,GWO,30,1000,0,21001000,-1866.5028362955595,-1864.8600952918912,0.0008801170679861786,False,0.01031311119286951,1000,True,21.549023978877813
uav,0,Severe,12.449478195019829,GWO,30,1000,1,21001001,-1866.5028362955595,-1866.4888632448965,7.486219892790543e-06,True,0.0003053102640857945,1000,True,21.62644302006811
uav,0,Severe,12.449478195019829,GWO,30,1000,2,21001002,-1866.5028362955595,-1866.4167539658288,4.611958152798236e-05,True,0.0024046864640701274,1000,True,21.77941397530958
uav,0,Severe,12.449478195019829,GWO,30,1000,3,21001003,-1866.5028362955595,-1864.8149236065367,0.0009043183091930452,False,0.011220613502546847,1000,True,21.91902103368193
uav,0,Severe,12.449478195019829,GWO,30,1000,4,21001004,-1866.5028362955595,-1866.0622628812355,0.0002360421885018077,False,0.005933558482206144,1000,True,21.851922967471182
uav,0,Severe,12.449478195019829,GWO,30,1000,5,21001005,-1866.5028362955595,-1865.5308026731168,0.0005207780044802471,False,0.008560118766056203,1000,True,21.499657013919204
uav,0,Severe,12.449478195019829,GWO,30,1000,6,21001006,-1866.5028362955595,-1866.4078842564252,5.0871628635074654e-05,True,0.0005807929741708152,1000,True,21.710900007747114
uav,0,Severe,12.449478195019829,GWO,30,1000,7,21001007,-1866.5028362955595,-1866.3176554454892,9.921273435503464e-05,True,0.0020257817968965253,1000,True,21.692718961276114
uav,0,Severe,12.449478195019829,GWO,30,1000,8,21001008,-1866.5028362955595,-1865.893728744307,0.000326336258058604,False,0.0058289474446183735,1000,True,21.71000902308151
uav,0,Severe,12.449478195019829,GWO,30,1000,9,21001009,-1866.5028362955595,-1864.4223549553303,0.0011146414030413804,False,0.012746716482482271,1000,True,21.715790033340454
uav,0,Severe,12.449478195019829,GWO,30,1000,10,21001010,-1866.5028362955595,-1864.8661475836807,0.0008768744842237486,False,0.011573457795309437,1000,True,21.700026001781225
uav,0,Severe,12.449478195019829,GWO,30,1000,11,21001011,-1866.5028362955595,-1865.9460863274644,0.0002982850908494187,False,0.006248392729830132,1000,True,21.45033096894622
uav,0,Severe,12.449478195019829,GWO,30,1000,12,21001012,-1866.5028362955595,-1864.8906660000703,0.00086373846540138,False,0.009347683175020424,1000,True,21.55858400510624
uav,0,Severe,12.449478195019829,GWO,30,1000,13,21001013,-1866.5028362955595,-1866.150285376711,0.0001888831412376373,False,0.00491376537393933,1000,True,21.723115001805127
uav,0,Severe,12.449478195019829,GWO,30,1000,14,21001014,-1866.5028362955595,-1864.4242757025079,0.0011136123410221785,False,0.013063475499222375,1000,True,21.448820014484227
uav,0,Severe,12.449478195019829,GWO,30,1000,15,21001015,-1866.5028362955595,-1865.9059340240324,0.0003197971414347334,False,0.006467834266120064,1000,True,21.466439007781446
uav,0,Severe,12.449478195019829,GWO,30,1000,16,21001016,-1866.5028362955595,-1865.936654001164,0.000303338566320747,False,0.005782959712282945,1000,True,21.413151000160724
uav,0,Severe,12.449478195019829,GWO,30,1000,17,21001017,-1866.5028362955595,-1865.474956476482,0.0005506982358074133,False,0.008872792446833548,1000,True,21.508100966457278
uav,0,Severe,12.449478195019829,GWO,30,1000,18,21001018,-1866.5028362955595,-1866.478285056437,1.3153603972672635e-05,True,0.0007617752468990062,1000,True,21.576575003564358
uav,0,Severe,12.449478195019829,GWO,30,1000,19,21001019,-1866.5028362955595,-1866.1024921068215,0.0002144889260026945,False,0.0057006098401341425,1000,True,21.881937980651855
uav,0,Severe,12.449478195019829,GWO,30,1000,20,21001020,-1866.5028362955595,-1866.2390693785308,0.00014131610833887506,False,0.004634478269406419,1000,True,21.750962012447417
uav,0,Severe,12.449478195019829,GWO,30,1000,21,21001021,-1866.5028362955595,-1866.3152582266794,0.00010049707143892819,False,0.00356773284279569,1000,True,21.911476040259004
uav,0,Severe,12.449478195019829,GWO,30,1000,22,21001022,-1866.5028362955595,-1866.48541388654,9.334252635813766e-06,True,0.0005968245657706149,1000,True,21.942963998299092
uav,0,Severe,12.449478195019829,GWO,30,1000,23,21001023,-1866.5028362955595,-1865.6441960108232,0.0004600262416104755,False,0.007482238267620213,1000,True,22.03148603439331
uav,0,Severe,12.449478195019829,GWO,30,1000,24,21001024,-1866.5028362955595,-1866.2632827503944,0.00012834352057056043,False,0.0038334530724681575,1000,True,22.03289297176525
uav,0,Severe,12.449478195019829,GWO,30,1000,25,21001025,-1866.5028362955595,-1866.0720435344206,0.00023080209296329736,False,0.005623945635106438,1000,True,22.039917996153235
uav,0,Severe,12.449478195019829,GWO,30,1000,26,21001026,-1866.5028362955595,-1865.630399418744,0.0004674179218216722,False,0.008380194274461576,1000,True,21.924200002104044
uav,0,Severe,12.449478195019829,GWO,30,1000,27,21001027,-1866.5028362955595,-1865.5791924200494,0.000494852650394737,False,0.008836823607082602,1000,True,22.420788009185344
uav,0,Severe,12.449478195019829,GWO,30,1000,28,21001028,-1866.5028362955595,-1866.3257945955022,9.485209270224847e-05,True,0.002299511072357984,1000,True,22.06601301440969
uav,0,Severe,12.449478195019829,GWO,30,1000,29,21001029,-1866.5028362955595,-1865.3739260399127,0.0006048264345996702,False,0.009396260036192391,1000,True,22.010007000062615
uav,0,Severe,12.449478195019829,GWO,30,2000,0,21001000,-1866.5028362955595,-1866.0998977246218,0.00021587889560214108,False,0.0054360825951596135,2000,True,43.92978403484449
uav,0,Severe,12.449478195019829,GWO,30,2000,1,21001001,-1866.5028362955595,-1865.4296856422595,0.0005749525971414369,False,0.009300937723940712,2000,True,44.18347199680284
uav,0,Severe,12.449478195019829,GWO,30,2000,2,21001002,-1866.5028362955595,-1866.3839993869792,6.36682175185767e-05,True,0.003076531102841585,2000,True,44.632673962041736
uav,0,Severe,12.449478195019829,GWO,30,2000,3,21001003,-1866.5028362955595,-1866.4476905701304,2.9544945958187663e-05,True,0.0019722762659992853,2000,True,44.01276702992618
uav,0,Severe,12.449478195019829,GWO,30,2000,4,21001004,-1866.5028362955595,-1866.1867354417873,0.00016935460671445055,False,0.004908166207100876,2000,True,43.79169299500063
uav,0,Severe,12.449478195019829,GWO,30,2000,5,21001005,-1866.5028362955595,-1865.8159485708602,0.0003680078654809768,False,0.0075915949852898715,2000,True,43.541797960642725
uav,0,Severe,12.449478195019829,GWO,30,2000,6,21001006,-1866.5028362955595,-1866.2970452494685,0.0001102548799226261,False,0.004102954627331349,2000,True,43.74578996794298
uav,0,Severe,12.449478195019829,GWO,30,2000,7,21001007,-1866.5028362955595,-1866.1524668665659,0.00018771438338075153,False,0.004869332015287566,2000,True,44.93673599790782
uav,0,Severe,12.449478195019829,GWO,30,2000,8,21001008,-1866.5028362955595,-1866.2557719519814,0.0001323675157485851,False,0.00411845246328005,2000,True,43.77159400610253
uav,0,Severe,12.449478195019829,GWO,30,2000,9,21001009,-1866.5028362955595,-1866.0018780433297,0.00026839404821052567,False,0.006484468035293732,2000,True,44.24593999283388
uav,0,Severe,12.449478195019829,GWO,30,2000,10,21001010,-1866.5028362955595,-1866.2020376145938,0.0001611562946042561,False,0.004667288363030878,2000,True,44.05352100729942
uav,0,Severe,12.449478195019829,GWO,30,2000,11,21001011,-1866.5028362955595,-1866.318752312279,9.862507556959657e-05,True,0.0038869297222610096,2000,True,44.98087405227125
uav,0,Severe,12.449478195019829,GWO,30,2000,12,21001012,-1866.5028362955595,-1866.3919122242573,5.942882547252359e-05,True,0.0028124656784003837,2000,True,44.44905201671645
uav,0,Severe,12.449478195019829,GWO,30,2000,13,21001013,-1866.5028362955595,-1866.334556145004,9.015799348559221e-05,True,0.0036680279078692957,2000,True,43.66334801306948
uav,0,Severe,12.449478195019829,GWO,30,2000,14,21001014,-1866.5028362955595,-1866.1492340394211,0.0001894464070787026,False,0.004973922669051346,2000,True,44.16992701590061
uav,0,Severe,12.449478195019829,GWO,30,2000,15,21001015,-1866.5028362955595,-1866.3611669024199,7.590097929923714e-05,True,0.003453966468827055,2000,True,44.05082197627053
uav,0,Severe,12.449478195019829,GWO,30,2000,16,21001016,-1866.5028362955595,-1866.2648631184627,0.00012749682050798464,False,0.00426660294421918,2000,True,44.65091601014137
uav,0,Severe,12.449478195019829,GWO,30,2000,17,21001017,-1866.5028362955595,-1866.4341114188119,3.6820129823127187e-05,True,0.002361004687092041,2000,True,44.65925198746845
uav,0,Severe,12.449478195019829,GWO,30,2000,18,21001018,-1866.5028362955595,-1866.4882560834678,7.811513493665085e-06,True,6.895327077704047e-05,2000,True,44.51786197023466
uav,0,Severe,12.449478195019829,GWO,30,2000,19,21001019,-1866.5028362955595,-1866.4947940309696,4.308734191834862e-06,True,0.00023960333870555404,2000,True,45.29292095685378
uav,0,Severe,12.449478195019829,GWO,30,2000,20,21001020,-1866.5028362955595,-1866.496175805658,3.568432778181394e-06,True,0.000195869390858692,2000,True,44.917324965354055
uav,0,Severe,12.449478195019829,GWO,30,2000,21,21001021,-1866.5028362955595,-1866.4705027724426,1.732305062074064e-05,True,0.0008145597697808287,2000,True,44.335218030028045
uav,0,Severe,12.449478195019829,GWO,30,2000,22,21001022,-1866.5028362955595,-1866.3473458878866,8.330574411636877e-05,True,0.0034219226231438494,2000,True,44.20544201275334
uav,0,Severe,12.449478195019829,GWO,30,2000,23,21001023,-1866.5028362955595,-1866.0565842234264,0.00023908459363436858,False,0.005839385714136505,2000,True,44.128640030976385
uav,0,Severe,12.449478195019829,GWO,30,2000,24,21001024,-1866.5028362955595,-1866.4438550722484,3.159985731827396e-05,True,0.001196895843042387,2000,True,44.52184104593471
uav,0,Severe,12.449478195019829,GWO,30,2000,25,21001025,-1866.5028362955595,-1866.3692144196802,7.158943092980769e-05,True,0.0033564348700855693,2000,True,44.0447719884105
uav,0,Severe,12.449478195019829,GWO,30,2000,26,21001026,-1866.5028362955595,-1866.0079044586832,0.0002651653280412717,False,0.006212956107736162,2000,True,43.8387569738552
uav,0,Severe,12.449478195019829,GWO,30,2000,27,21001027,-1866.5028362955595,-1865.363662411863,0.0006103252893830965,False,0.00934989608891755,2000,True,43.85053500300273
uav,0,Severe,12.449478195019829,GWO,30,2000,28,21001028,-1866.5028362955595,-1866.4700323205966,1.757510051686977e-05,True,0.0010586876672860313,2000,True,43.51834504632279
uav,0,Severe,12.449478195019829,GWO,30,2000,29,21001029,-1866.5028362955595,-1865.9478113684079,0.00029736088065807103,False,0.006818182386966918,2000,True,43.736883031670004
uav,0,Severe,12.449478195019829,GWO,30,5000,0,21001000,-1866.5028362955595,-1866.4364478633763,3.556835322841713e-05,True,0.002353316663333418,5000,True,110.43554096249864
uav,0,Severe,12.449478195019829,GWO,30,5000,1,21001001,-1866.5028362955595,-1866.3085177869182,0.00010410833825841282,False,0.0038994715939749585,5000,True,111.55498103471473
uav,0,Severe,12.449478195019829,GWO,30,5000,2,21001002,-1866.5028362955595,-1866.476487739765,1.4116536702873724e-05,True,0.001467205622631363,5000,True,110.63062801258639
uav,0,Severe,12.449478195019829,GWO,30,5000,3,21001003,-1866.5028362955595,-1866.230316955391,0.000146005318003961,False,0.004771578177519556,5000,True,109.9167590145953
uav,0,Severe,12.449478195019829,GWO,30,5000,4,21001004,-1866.5028362955595,-1866.402939289443,5.352095061086136e-05,True,0.002903544162653692,5000,True,110.97720800898969
uav,0,Severe,12.449478195019829,GWO,30,5000,5,21001005,-1866.5028362955595,-1866.4892403182691,7.284198569643082e-06,True,0.0009780049790249843,5000,True,110.91312201460823
uav,0,Severe,12.449478195019829,GWO,30,5000,6,21001006,-1866.5028362955595,-1866.3075658201874,0.00010461836519877939,False,0.003944675134627336,5000,True,111.1011549946852
uav,0,Severe,12.449478195019829,GWO,30,5000,7,21001007,-1866.5028362955595,-1866.4977220296437,2.740025793899205e-06,True,0.00013341721568371125,5000,True,110.68271403200924
uav,0,Severe,12.449478195019829,GWO,30,5000,8,21001008,-1866.5028362955595,-1866.4794700689015,1.2518720145318206e-05,True,0.0014022805917534146,5000,True,110.58519600192085
uav,0,Severe,12.449478195019829,GWO,30,5000,9,21001009,-1866.5028362955595,-1866.4960698304442,3.625210197249422e-06,True,0.0007134912398784954,5000,True,110.97057000733912
uav,0,Severe,12.449478195019829,GWO,30,5000,10,21001010,-1866.5028362955595,-1866.493961361023,4.754846531184952e-06,True,0.0008266749069282952,5000,True,110.73829495580867
uav,0,Severe,12.449478195019829,GWO,30,5000,11,21001011,-1866.5028362955595,-1866.3866921493384,6.222553963627629e-05,True,0.002865522764347916,5000,True,110.30221002874896
uav,0,Severe,12.449478195019829,GWO,30,5000,12,21001012,-1866.5028362955595,-1866.491929037592,5.8436867897943076e-06,True,0.0009605941923917037,5000,True,110.5293269501999
uav,0,Severe,12.449478195019829,GWO,30,5000,13,21001013,-1866.5028362955595,-1866.1304267787852,0.0001995226096272045,False,0.005561548868495354,5000,True,111.37056001462042
uav,0,Severe,12.449478195019829,GWO,30,5000,14,21001014,-1866.5028362955595,-1866.4812366795652,1.1572238506311344e-05,True,0.0013312765550662973,5000,True,110.31432205345482
uav,0,Severe,12.449478195019829,GWO,30,5000,15,21001015,-1866.5028362955595,-1866.476787414862,1.3955982381062771e-05,True,0.0014446439791956519,5000,True,111.14612902747467
uav,0,Severe,12.449478195019829,GWO,30,5000,16,21001016,-1866.5028362955595,-1866.4653048692803,2.010788601515879e-05,True,0.0017106178684062996,5000,True,111.0889749834314
uav,0,Severe,12.449478195019829,GWO,30,5000,17,21001017,-1866.5028362955595,-1866.4982742838667,2.4441493492844512e-06,True,0.0004861873915312914,5000,True,110.78659701161087
uav,0,Severe,12.449478195019829,GWO,30,5000,18,21001018,-1866.5028362955595,-1866.344081910671,8.505445681695526e-05,True,0.003565884497628329,5000,True,110.79640802927315
uav,0,Severe,12.449478195019829,GWO,30,5000,19,21001019,-1866.5028362955595,-1866.4847997370177,9.663290186891656e-06,True,0.0010902274438451454,5000,True,111.21678299969062
uav,0,Severe,12.449478195019829,GWO,30,5000,20,21001020,-1866.5028362955595,-1866.5011389770814,9.093575670664547e-07,True,0.00022658339448419895,5000,True,111.56250903150067
uav,0,Severe,12.449478195019829,GWO,30,5000,21,21001021,-1866.5028362955595,-1866.4717373465264,1.666161359541029e-05,True,0.0015303417969142476,5000,True,110.69016600959003
uav,0,Severe,12.449478195019829,GWO,30,5000,22,21001022,-1866.5028362955595,-1866.3884218407864,6.129883788456832e-05,True,0.002940106602084772,5000,True,111.74281098647043
uav,0,Severe,12.449478195019829,GWO,30,5000,23,21001023,-1866.5028362955595,-1866.458243162565,2.3891275238071272e-05,True,0.0018679018203356902,5000,True,112.21257603028789
uav,0,Severe,12.449478195019829,GWO,30,5000,24,21001024,-1866.5028362955595,-1866.5024082956843,2.2930577275605647e-07,True,7.692175534140113e-05,5000,True,111.53951700543985
uav,0,Severe,12.449478195019829,GWO,30,5000,25,21001025,-1866.5028362955595,-1866.4706203315168,1.7260067017456723e-05,True,0.0015780964760351397,5000,True,111.69770400738344
uav,0,Severe,12.449478195019829,GWO,30,5000,26,21001026,-1866.5028362955595,-1866.3276136742172,9.387750071147155e-05,True,0.003833906387448289,5000,True,111.32417299086228
uav,0,Severe,12.449478195019829,GWO,30,5000,27,21001027,-1866.5028362955595,-1866.3193883400268,9.828431651185946e-05,True,0.003867933923524644,5000,True,112.80627798987553
uav,0,Severe,12.449478195019829,GWO,30,5000,28,21001028,-1866.5028362955595,-1866.386921725366,6.210254168358859e-05,True,0.003131038596974702,5000,True,111.13839299650863
uav,0,Severe,12.449478195019829,GWO,30,5000,29,21001029,-1866.5028362955595,-1866.337152206387,8.876712424473627e-05,True,0.0036822327604681547,5000,True,112.75751097127795
uav,0,Severe,12.449478195019829,PSO,10,250,0,21002000,-1866.5028362955595,0.0,1.0,False,1.0001070105850103,250,True,1.1874529882334173
uav,0,Severe,12.449478195019829,PSO,10,250,1,21002001,-1866.5028362955595,0.0,1.0,False,1.0001070105850103,250,True,1.1642980389297009
uav,0,Severe,12.449478195019829,PSO,10,250,2,21002002,-1866.5028362955595,-1401.5485560276338,0.2491045131175469,False,0.6731325533366728,250,True,1.1765050003305078
uav,0,Severe,12.449478195019829,PSO,10,250,3,21002003,-1866.5028362955595,-276.5267185558672,0.8518476837117008,False,1.267510137839546,250,True,1.1650160304270685
uav,0,Severe,12.449478195019829,PSO,10,250,4,21002004,-1866.5028362955595,-26.685563623819235,0.9857029075419023,False,0.990051970606503,250,True,1.1665159836411476
uav,0,Severe,12.449478195019829,PSO,10,250,5,21002005,-1866.5028362955595,-1229.0363961659232,0.3415298534422875,False,0.6084445353645779,250,True,1.1645579943433404
uav,0,Severe,12.449478195019829,PSO,10,250,6,21002006,-1866.5028362955595,-812.4003389647239,0.5647473321942058,False,0.9736311109587603,250,True,1.1817420017905533
uav,0,Severe,12.449478195019829,PSO,10,250,7,21002007,-1866.5028362955595,-687.6345532845992,0.631592012659705,False,1.1026917040010342,250,True,1.1616400443017483
uav,0,Severe,12.449478195019829,PSO,10,250,8,21002008,-1866.5028362955595,-971.5770328344697,0.4794666185652551,False,1.0095246953487866,250,True,1.1686609941534698
uav,0,Severe,12.449478195019829,PSO,10,250,9,21002009,-1866.5028362955595,-842.736193670043,0.5484945550135792,False,0.8989359422236423,250,True,1.177534053567797
uav,0,Severe,12.449478195019829,PSO,10,250,10,21002010,-1866.5028362955595,-1037.1818118655176,0.44431811637425206,False,0.9953207871915996,250,True,1.1642009485512972
uav,0,Severe,12.449478195019829,PSO,10,250,11,21002011,-1866.5028362955595,0.0,1.0,False,1.0001070105850103,250,True,1.1736000305972993
uav,0,Severe,12.449478195019829,PSO,10,250,12,21002012,-1866.5028362955595,-543.6381499428754,0.7087397139873456,False,1.3464557285121532,250,True,1.1449200101196766
uav,0,Severe,12.449478195019829,PSO,10,250,13,21002013,-1866.5028362955595,0.0,1.0,False,1.0001070105850103,250,True,1.1260930332355201
uav,0,Severe,12.449478195019829,PSO,10,250,14,21002014,-1866.5028362955595,0.0,1.0,False,1.0001070105850103,250,True,1.137813029345125
uav,0,Severe,12.449478195019829,PSO,10,250,15,21002015,-1866.5028362955595,0.0,1.0,False,1.0001070105850103,250,True,1.1386540136300027
uav,0,Severe,12.449478195019829,PSO,10,250,16,21002016,-1866.5028362955595,-337.50725067085386,0.8191766740945847,False,0.9908580232472373,250,True,1.138043007813394
uav,0,Severe,12.449478195019829,PSO,10,250,17,21002017,-1866.5028362955595,-1057.3975425352166,0.43348731007886965,False,0.9676965958475436,250,True,1.167328970041126
uav,0,Severe,12.449478195019829,PSO,10,250,18,21002018,-1866.5028362955595,-697.8653062058218,0.6261107710980648,False,0.9964532291182443,250,True,1.174951030407101
uav,0,Severe,12.449478195019829,PSO,10,250,19,21002019,-1866.5028362955595,0.0,1.0,False,1.0001070105850103,250,True,1.16624595830217
uav,0,Severe,12.449478195019829,PSO,10,250,20,21002020,-1866.5028362955595,-1012.4397336517243,0.4575739645479943,False,0.9874823361780514,250,True,1.1718249879777431
uav,0,Severe,12.449478195019829,PSO,10,250,21,21002021,-1866.5028362955595,-5.136069874781242,0.9972482924885478,False,0.837009898706223,250,True,1.1451640166342258
uav,0,Severe,12.449478195019829,PSO,10,250,22,21002022,-1866.5028362955595,0.0,1.0,False,1.0001070105850103,250,True,1.1339810444042087
uav,0,Severe,12.449478195019829,PSO,10,250,23,21002023,-1866.5028362955595,0.0,1.0,False,1.0001070105850103,250,True,1.1340859928168356
uav,0,Severe,12.449478195019829,PSO,10,250,24,21002024,-1866.5028362955595,0.0,1.0,False,1.0001070105850103,250,True,1.1303399805910885
uav,0,Severe,12.449478195019829,PSO,10,250,25,21002025,-1866.5028362955595,-844.7474841984993,0.5474169833703194,False,1.0044059680211206,250,True,1.1583830346353352
uav,0,Severe,12.449478195019829,PSO,10,250,26,21002026,-1866.5028362955595,0.0,1.0,False,1.0001070105850103,250,True,1.1647729552350938
uav,0,Severe,12.449478195019829,PSO,10,250,27,21002027,-1866.5028362955595,-370.40552638587644,0.80155105088347,False,1.0016003323942648,250,True,1.1609230423346162
uav,0,Severe,12.449478195019829,PSO,10,250,28,21002028,-1866.5028362955595,0.0,1.0,False,1.0001070105850103,250,True,1.1578210396692157
uav,0,Severe,12.449478195019829,PSO,10,250,29,21002029,-1866.5028362955595,0.0,1.0,False,1.0001070105850103,250,True,1.1354020098224282
uav,0,Severe,12.449478195019829,PSO,10,500,0,21002000,-1866.5028362955595,-1739.207882462829,0.06819971090179121,False,0.057541052598167435,500,True,2.1929480135440826
uav,0,Severe,12.449478195019829,PSO,10,500,1,21002001,-1866.5028362955595,-1770.3839924610606,0.05149675744681189,False,0.05203273348608923,500,True,2.210160018876195
uav,0,Severe,12.449478195019829,PSO,10,500,2,21002002,-1866.5028362955595,-1180.9724812416337,0.36728063934501975,False,0.9301667030755586,500,True,2.2069719852879643
uav,0,Severe,12.449478195019829,PSO,10,500,3,21002003,-1866.5028362955595,-1825.527301990893,0.0219531058340048,False,0.027396840217353034,500,True,2.2114269668236375
uav,0,Severe,12.449478195019829,PSO,10,500,4,21002004,-1866.5028362955595,-1481.4051389616952,0.2063204458334315,False,0.06920513426120742,500,True,2.1941940067335963
uav,0,Severe,12.449478195019829,PSO,10,500,5,21002005,-1866.5028362955595,-1860.1067396369604,0.0034267811086177986,False,0.011215957543958896,500,True,2.1884010056965053
uav,0,Severe,12.449478195019829,PSO,10,500,6,21002006,-1866.5028362955595,-1854.7849358988055,0.0062779976375553995,False,0.03111131037929353,500,True,2.268318028654903
uav,0,Severe,12.449478195019829,PSO,10,500,7,21002007,-1866.5028362955595,-1140.8167727139255,0.38879451424885064,False,0.9369901824753634,500,True,2.2476710146293044
uav,0,Severe,12.449478195019829,PSO,10,500,8,21002008,-1866.5028362955595,-1411.5690642838033,0.24373591251254748,False,0.5880884507112611,500,True,2.2034309804439545
uav,0,Severe,12.449478195019829,PSO,10,500,9,21002009,-1866.5028362955595,-1860.709319817818,0.003103941963056415,False,0.00770281076885603,500,True,2.199960988946259
uav,0,Severe,12.449478195019829,PSO,10,500,10,21002010,-1866.5028362955595,-1788.9636651884837,0.041542487693706116,False,0.21460813217093314,500,True,2.1991129615344107
uav,0,Severe,12.449478195019829,PSO,10,500,11,21002011,-1866.5028362955595,-1857.9899958055942,0.004560850551323434,False,0.013655543823258346,500,True,2.2001639590598643
uav,0,Severe,12.449478195019829,PSO,10,500,12,21002012,-1866.5028362955595,-1459.6270684027616,0.21798829339060777,False,0.5381248848040041,500,True,2.1794799831695855
uav,0,Severe,12.449478195019829,PSO,10,500,13,21002013,-1866.5028362955595,-1590.4395915957261,0.1479040049292049,False,0.3583484503657916,500,True,2.1854329970665276
uav,0,Severe,12.449478195019829,PSO,10,500,14,21002014,-1866.5028362955595,-1753.5464522266175,0.06051766001766497,False,0.027523616324211523,500,True,2.220650960225612
uav,0,Severe,12.449478195019829,PSO,10,500,15,21002015,-1866.5028362955595,-1661.9546630424825,0.10958899674593742,False,0.22867952949830253,500,True,2.261307032313198
uav,0,Severe,12.449478195019829,PSO,10,500,16,21002016,-1866.5028362955595,-1385.432393769626,0.25773892928055336,False,0.5490173858004344,500,True,2.198456961195916
uav,0,Severe,12.449478195019829,PSO,10,500,17,21002017,-1866.5028362955595,-1839.749319485381,0.01433349914606942,False,0.033559312309465156,500,True,2.1950480295345187
uav,0,Severe,12.449478195019829,PSO,10,500,18,21002018,-1866.5028362955595,-1851.6580046878994,0.007953286391529198,False,0.024558799678874636,500,True,2.1988109801895916
uav,0,Severe,12.449478195019829,PSO,10,500,19,21002019,-1866.5028362955595,-1456.5448835961183,0.21963960875252836,False,0.6269146984107996,500,True,2.1926279878243804
uav,0,Severe,12.449478195019829,PSO,10,500,20,21002020,-1866.5028362955595,-1767.6840794613047,0.05294326636565954,False,0.15733140959581446,500,True,2.2153249592520297
uav,0,Severe,12.449478195019829,PSO,10,500,21,21002021,-1866.5028362955595,-1396.0367420955197,0.2520575297564358,False,0.6804250736147477,500,True,2.1920669823884964
uav,0,Severe,12.449478195019829,PSO,10,500,22,21002022,-1866.5028362955595,-1408.7339128872654,0.2452548769316773,False,0.711962918334384,500,True,2.1947179920971394
uav,0,Severe,12.449478195019829,PSO,10,500,23,21002023,-1866.5028362955595,-1822.227121803503,0.023721214686140177,False,0.006601898311486753,500,True,2.19817302422598
uav,0,Severe,12.449478195019829,PSO,10,500,24,21002024,-1866.5028362955595,-1718.8514056349702,0.07910592354289292,False,0.33387417311292006,500,True,2.178192022256553
uav,0,Severe,12.449478195019829,PSO,10,500,25,21002025,-1866.5028362955595,-1762.438422383761,0.05575368646014743,False,0.07250152431336956,500,True,2.2070760023780167
uav,0,Severe,12.449478195019829,PSO,10,500,26,21002026,-1866.5028362955595,-1531.7483896549415,0.17934848001892337,False,0.48009972927001854,500,True,2.22239299910143
uav,0,Severe,12.449478195019829,PSO,10,500,27,21002027,-1866.5028362955595,-1802.027404991981,0.03454344137592773,False,0.05929454847217106,500,True,2.2587940329685807
uav,0,Severe,12.449478195019829,PSO,10,500,28,21002028,-1866.5028362955595,-1732.6014819457037,0.07173916468062236,False,0.29482406057982946,500,True,2.2487679962068796
uav,0,Severe,12.449478195019829,PSO,10,500,29,21002029,-1866.5028362955595,-1755.975050033445,0.059216511281321424,False,0.23958922983432465,500,True,2.2108390112407506
uav,0,Severe,12.449478195019829,PSO,10,1000,0,21002000,-1866.5028362955595,-1866.5007166184123,1.1356409998430082e-06,True,0.00032952393491953065,1000,True,4.356147022917867
uav,0,Severe,12.449478195019829,PSO,10,1000,1,21002001,-1866.5028362955595,-1866.5021248063754,3.8118837555756973e-07,True,0.00015388767515989575,1000,True,4.453716974239796
uav,0,Severe,12.449478195019829,PSO,10,1000,2,21002002,-1866.5028362955595,-1866.5027940294485,2.2644546889090396e-08,True,2.262170718537261e-05,1000,True,4.471938009373844
uav,0,Severe,12.449478195019829,PSO,10,1000,3,21002003,-1866.5028362955595,-1866.4921372522244,5.732133446051736e-06,True,0.000605400609531244,1000,True,4.467731982003897
uav,0,Severe,12.449478195019829,PSO,10,1000,4,21002004,-1866.5028362955595,-1866.499539922802,1.7660689785898816e-06,True,0.00044808427747803747,1000,True,4.495369968935847
uav,0,Severe,12.449478195019829,PSO,10,1000,5,21002005,-1866.5028362955595,-1866.4860934166638,8.970186688231113e-06,True,0.0010106049415086465,1000,True,4.414641996845603
uav,0,Severe,12.449478195019829,PSO,10,1000,6,21002006,-1866.5028362955595,-1866.4280493139793,4.006797103436253e-05,True,0.00022426973022011336,1000,True,4.406851017847657
uav,0,Severe,12.449478195019829,PSO,10,1000,7,21002007,-1866.5028362955595,-1866.4575858240532,2.424345177856098e-05,True,0.00010747934748077605,1000,True,4.348591959569603
uav,0,Severe,12.449478195019829,PSO,10,1000,8,21002008,-1866.5028362955595,-1866.499615519131,1.7255673904031893e-06,True,0.0003438648252772161,1000,True,4.3516409932635725
uav,0,Severe,12.449478195019829,PSO,10,1000,9,21002009,-1866.5028362955595,-1866.4847424083234,9.694004683112104e-06,True,0.0008076620628645879,1000,True,4.331598000135273
uav,0,Severe,12.449478195019829,PSO,10,1000,10,21002010,-1866.5028362955595,-1866.4960804762738,3.619506573630773e-06,True,0.0006742472354524947,1000,True,4.3762350105680525
uav,0,Severe,12.449478195019829,PSO,10,1000,11,21002011,-1866.5028362955595,-1861.2958572985335,0.0027896978754986886,False,0.015813970685994508,1000,True,4.338992002885789
uav,0,Severe,12.449478195019829,PSO,10,1000,12,21002012,-1866.5028362955595,-1862.444054275776,0.0021745383617198617,False,0.0076112575643115625,1000,True,4.400960984639823
uav,0,Severe,12.449478195019829,PSO,10,1000,13,21002013,-1866.5028362955595,-1866.4537451337214,2.6301145052374444e-05,True,0.0019982466358607234,1000,True,4.425510996952653
uav,0,Severe,12.449478195019829,PSO,10,1000,14,21002014,-1866.5028362955595,-1866.4966682341694,3.304608635013211e-06,True,0.00030508736204333813,1000,True,4.394887015223503
uav,0,Severe,12.449478195019829,PSO,10,1000,15,21002015,-1866.5028362955595,-1866.492329917205,5.628911004107016e-06,True,0.0006146933241620465,1000,True,4.447210987564176
uav,0,Severe,12.449478195019829,PSO,10,1000,16,21002016,-1866.5028362955595,-1866.472230426403,1.639744047602515e-05,True,0.0008465885115077383,1000,True,4.437521973159164
uav,0,Severe,12.449478195019829,PSO,10,1000,17,21002017,-1866.5028362955595,-1866.4523310149596,2.7058775169183014e-05,True,0.0002797963901048791,1000,True,4.479797964449972
uav,0,Severe,12.449478195019829,PSO,10,1000,18,21002018,-1866.5028362955595,-1866.433243332976,3.728521662558892e-05,True,0.0023272993810223557,1000,True,4.3604939710348845
uav,0,Severe,12.449478195019829,PSO,10,1000,19,21002019,-1866.5028362955595,-1866.3748187083334,6.85868699134923e-05,True,0.003093957460895331,1000,True,4.319940984714776
uav,0,Severe,12.449478195019829,PSO,10,1000,20,21002020,-1866.5028362955595,-1866.4886714130962,7.5889959489332234e-06,True,0.00031001185814994814,1000,True,4.445466969627887
uav,0,Severe,12.449478195019829,PSO,10,1000,21,21002021,-1866.5028362955595,-1864.738163294907,0.0009454435141147731,False,0.010262773224082498,1000,True,4.440446966327727
uav,0,Severe,12.449478195019829,PSO,10,1000,22,21002022,-1866.5028362955595,-1866.4744330933836,1.5217336734561191e-05,True,0.00036596300290500774,1000,True,4.408504988532513
uav,0,Severe,12.449478195019829,PSO,10,1000,23,21002023,-1866.5028362955595,-1866.1527063254612,0.00018758609056991973,False,0.0006402724477867689,1000,True,4.41932596731931
uav,0,Severe,12.449478195019829,PSO,10,1000,24,21002024,-1866.5028362955595,-1866.394618656038,5.797882404315316e-05,True,0.0006224510301411597,1000,True,4.350757983047515
uav,0,Severe,12.449478195019829,PSO,10,1000,25,21002025,-1866.5028362955595,-1866.3316887392357,9.169423854908616e-05,True,0.0031480847488249784,1000,True,4.41553199198097
uav,0,Severe,12.449478195019829,PSO,10,1000,26,21002026,-1866.5028362955595,-1864.6265052914503,0.0010052655520380602,False,0.002378909606619479,1000,True,4.487640981096774
uav,0,Severe,12.449478195019829,PSO,10,1000,27,21002027,-1866.5028362955595,-1856.8116414473554,0.005192167222975215,False,0.03546503154441488,1000,True,4.411087022162974
uav,0,Severe,12.449478195019829,PSO,10,1000,28,21002028,-1866.5028362955595,-1863.4091845215685,0.0016574589193397635,False,0.004871554009035839,1000,True,4.41041705198586
uav,0,Severe,12.449478195019829,PSO,10,1000,29,21002029,-1866.5028362955595,-1866.3826045118685,6.441553763166012e-05,True,0.0011807278247114327,1000,True,4.339258011896163
uav,0,Severe,12.449478195019829,PSO,10,2000,0,21002000,-1866.5028362955595,-1866.5028362483476,2.529429318346706e-11,True,1.8619790126710178e-06,2000,True,8.69349401909858
uav,0,Severe,12.449478195019829,PSO,10,2000,1,21002001,-1866.5028362955595,-1866.5028362941007,7.815844011997913e-13,True,8.131714329202853e-08,2000,True,9.036194998770952
uav,0,Severe,12.449478195019829,PSO,10,2000,2,21002002,-1866.5028362955595,-1866.502836295116,2.376669524221934e-13,True,3.443204033241325e-08,2000,True,8.94012296339497
uav,0,Severe,12.449478195019829,PSO,10,2000,3,21002003,-1866.5028362955595,-1866.5028359073629,2.079807542486303e-10,True,3.252835828014101e-06,2000,True,8.846049022395164
uav,0,Severe,12.449478195019829,PSO,10,2000,4,21002004,-1866.5028362955595,-1866.502836293328,1.195522025151925e-12,True,3.171150707942154e-08,2000,True,8.838962006848305
uav,0,Severe,12.449478195019829,PSO,10,2000,5,21002005,-1866.5028362955595,-1866.5028362940122,8.289716100630579e-13,True,1.4933775723313566e-07,2000,True,8.757381001487374
uav,0,Severe,12.449478195019829,PSO,10,2000,6,21002006,-1866.5028362955595,-1866.5028362424366,2.8461196188141465e-11,True,1.4491316719019989e-06,2000,True,8.790277992375195
uav,0,Severe,12.449478195019829,PSO,10,2000,7,21002007,-1866.5028362955595,-1866.5028362939486,8.630806550031985e-13,True,3.0788271797034494e-07,2000,True,8.831319981254637
uav,0,Severe,12.449478195019829,PSO,10,2000,8,21002008,-1866.5028362955595,-1866.502836217391,4.187969446759274e-11,True,1.625470851845549e-06,2000,True,8.845928008668125
uav,0,Severe,12.449478195019829,PSO,10,2000,9,21002009,-1866.5028362955595,-1866.50283625961,1.9260403133556204e-11,True,8.942704130964847e-08,2000,True,8.83783702738583
uav,0,Severe,12.449478195019829,PSO,10,2000,10,21002010,-1866.5028362955595,-1866.5028358959676,2.1408590783886253e-10,True,4.996406709501693e-06,2000,True,8.821466006338596
uav,0,Severe,12.449478195019829,PSO,10,2000,11,21002011,-1866.5028362955595,-1866.5028362849416,5.688657787909578e-12,True,2.6979739910470437e-07,2000,True,8.984099957160652
uav,0,Severe,12.449478195019829,PSO,10,2000,12,21002012,-1866.5028362955595,-1866.5028362934818,1.1131730452250144e-12,True,4.192446572274066e-07,2000,True,8.852497034240514
uav,0,Severe,12.449478195019829,PSO,10,2000,13,21002013,-1866.5028362955595,-1866.5028362864123,4.900738849792332e-12,True,8.598420823935711e-07,2000,True,8.849946956615895
uav,0,Severe,12.449478195019829,PSO,10,2000,14,21002014,-1866.5028362955595,-1866.502836295542,9.379987358538642e-15,True,5.434668383216481e-09,2000,True,8.77949601272121
uav,0,Severe,12.449478195019829,PSO,10,2000,15,21002015,-1866.5028362955595,-1866.5028358202749,2.5463912591233673e-10,True,4.354403179828377e-06,2000,True,8.820638991892338
uav,0,Severe,12.449478195019829,PSO,10,2000,16,21002016,-1866.5028362955595,-1866.5028362920214,1.8956101725483093e-12,True,1.2057671114571356e-07,2000,True,8.868356992024928
uav,0,Severe,12.449478195019829,PSO,10,2000,17,21002017,-1866.5028362955595,-1866.502836267534,1.501504521868514e-11,True,1.36468977697802e-06,2000,True,8.897953026462346
uav,0,Severe,12.449478195019829,PSO,10,2000,18,21002018,-1866.5028362955595,-1866.5028361931923,5.4844420631322506e-11,True,2.1662976114775125e-06,2000,True,8.826371980831027
uav,0,Severe,12.449478195019829,PSO,10,2000,19,21002019,-1866.5028362955595,-1866.5028362711844,1.3059256945421013e-11,True,1.2463719456303139e-06,2000,True,8.866699994541705
uav,0,Severe,12.449478195019829,PSO,10,2000,20,21002020,-1866.5028362955595,-1866.5028362909293,2.4807021112893623e-12,True,9.538131718955913e-08,2000,True,8.837322995532304
uav,0,Severe,12.449478195019829,PSO,10,2000,21,21002021,-1866.5028362955595,-1866.5028362580586,2.009156746793684e-11,True,1.1458629579397169e-06,2000,True,8.82323004771024
uav,0,Severe,12.449478195019829,PSO,10,2000,22,21002022,-1866.5028362955595,-1866.5028362954563,5.530538001008498e-14,True,9.597768535177919e-09,2000,True,9.049736021552235
uav,0,Severe,12.449478195019829,PSO,10,2000,23,21002023,-1866.5028362955595,-1866.5028360986605,1.0549087055663722e-10,True,6.980194363577061e-07,2000,True,8.953851007390767
uav,0,Severe,12.449478195019829,PSO,10,2000,24,21002024,-1866.5028362955595,-1866.5028359894472,1.6400310988118362e-10,True,4.3767433787125245e-06,2000,True,8.811443985905498
uav,0,Severe,12.449478195019829,PSO,10,2000,25,21002025,-1866.5028362955595,-1866.502836287766,4.175434372743773e-12,True,1.0353073705815972e-07,2000,True,8.877268002834171
uav,0,Severe,12.449478195019829,PSO,10,2000,26,21002026,-1866.5028362955595,-1866.5028330290047,1.7500936777526112e-09,True,1.3673248499081302e-05,2000,True,9.079081995878369
uav,0,Severe,12.449478195019829,PSO,10,2000,27,21002027,-1866.5028362955595,-1866.5028361393279,8.370286537499897e-11,True,6.595927613155545e-07,2000,True,8.830684993881732
uav,0,Severe,12.449478195019829,PSO,10,2000,28,21002028,-1866.5028362955595,-1866.5028362948235,3.94324923111553e-13,True,2.4101488319820912e-08,2000,True,8.676868979819119
uav,0,Severe,12.449478195019829,PSO,10,2000,29,21002029,-1866.5028362955595,-1866.5028362141907,4.359428306592302e-11,True,1.9998973447140566e-06,2000,True,8.626156020909548
uav,0,Severe,12.449478195019829,PSO,10,5000,0,21002000,-1866.5028362955595,-1866.5028362955604,4.87272070573436e-16,True,6.777251746296794e-10,5000,True,21.110156027134508
uav,0,Severe,12.449478195019829,PSO,10,5000,1,21002001,-1866.5028362955595,-1866.5028362955604,4.87272070573436e-16,True,2.942634529781044e-10,5000,True,21.63759001996368
uav,0,Severe,12.449478195019829,PSO,10,5000,2,21002002,-1866.5028362955595,-1866.5028362955604,4.87272070573436e-16,True,1.539225320218382e-09,5000,True,21.519609028473496
uav,0,Severe,12.449478195019829,PSO,10,5000,3,21002003,-1866.5028362955595,-1866.5028362955604,4.87272070573436e-16,True,3.0812642574410354e-09,5000,True,21.352332027163357
uav,0,Severe,12.449478195019829,PSO,10,5000,4,21002004,-1866.5028362955595,-1866.5028362955604,4.87272070573436e-16,True,2.708707042507696e-09,5000,True,21.535838022828102
uav,0,Severe,12.449478195019829,PSO,10,5000,5,21002005,-1866.5028362955595,-1866.5028362955602,3.6545405293007697e-16,True,2.1068230697095506e-09,5000,True,21.425927989184856
uav,0,Severe,12.449478195019829,PSO,10,5000,6,21002006,-1866.5028362955595,-1866.5028362955604,4.87272070573436e-16,True,1.7108932999817064e-09,5000,True,21.146410959772766
uav,0,Severe,12.449478195019829,PSO,10,5000,7,21002007,-1866.5028362955595,-1866.5028362955604,4.87272070573436e-16,True,6.515229397797729e-10,5000,True,21.65305701782927
uav,0,Severe,12.449478195019829,PSO,10,5000,8,21002008,-1866.5028362955595,-1866.5028362955604,4.87272070573436e-16,True,1.7658390956607887e-09,5000,True,21.40293101547286
uav,0,Severe,12.449478195019829,PSO,10,5000,9,21002009,-1866.5028362955595,-1866.5028362955602,3.6545405293007697e-16,True,9.204494582486443e-11,5000,True,21.35042700683698
uav,0,Severe,12.449478195019829,PSO,10,5000,10,21002010,-1866.5028362955595,-1866.50283629556,2.43636035286718e-16,True,4.779968649842832e-10,5000,True,21.28655300475657
uav,0,Severe,12.449478195019829,PSO,10,5000,11,21002011,-1866.5028362955595,-1866.5028362955604,4.87272070573436e-16,True,5.630966300018806e-10,5000,True,21.69267600402236
uav,0,Severe,12.449478195019829,PSO,10,5000,12,21002012,-1866.5028362955595,-1866.5028362955602,3.6545405293007697e-16,True,3.723332097374698e-10,5000,True,21.64516900666058
uav,0,Severe,12.449478195019829,PSO,10,5000,13,21002013,-1866.5028362955595,-1866.5028362955602,3.6545405293007697e-16,True,4.832386215715143e-09,5000,True,21.248451026622206
uav,0,Severe,12.449478195019829,PSO,10,5000,14,21002014,-1866.5028362955595,-1866.5028362955602,3.6545405293007697e-16,True,2.532185452313801e-09,5000,True,21.560155029874295
uav,0,Severe,12.449478195019829,PSO,10,5000,15,21002015,-1866.5028362955595,-1866.5028362955602,3.6545405293007697e-16,True,2.9203630086286123e-09,5000,True,21.552395017351955
uav,0,Severe,12.449478195019829,PSO,10,5000,16,21002016,-1866.5028362955595,-1866.50283629556,2.43636035286718e-16,True,6.046506333939249e-10,5000,True,21.39941998757422
uav,0,Severe,12.449478195019829,PSO,10,5000,17,21002017,-1866.5028362955595,-1866.50283629556,2.43636035286718e-16,True,1.0683706059282853e-09,5000,True,21.29740099189803
uav,0,Severe,12.449478195019829,PSO,10,5000,18,21002018,-1866.5028362955595,-1866.5028362955602,3.6545405293007697e-16,True,2.7620431511698657e-09,5000,True,21.399202989414334
uav,0,Severe,12.449478195019829,PSO,10,5000,19,21002019,-1866.5028362955595,-1866.5028362955604,4.87272070573436e-16,True,2.9965839800905084e-09,5000,True,21.577598003204912
uav,0,Severe,12.449478195019829,PSO,10,5000,20,21002020,-1866.5028362955595,-1866.5028362955604,4.87272070573436e-16,True,2.0379085754992945e-09,5000,True,21.496243949513882
uav,0,Severe,12.449478195019829,PSO,10,5000,21,21002021,-1866.5028362955595,-1866.5028362955602,3.6545405293007697e-16,True,2.77052793418418e-09,5000,True,21.61762601463124
uav,0,Severe,12.449478195019829,PSO,10,5000,22,21002022,-1866.5028362955595,-1866.5028362955604,4.87272070573436e-16,True,1.32506814294984e-09,5000,True,21.402582002338022
uav,0,Severe,12.449478195019829,PSO,10,5000,23,21002023,-1866.5028362955595,-1866.50283629556,2.43636035286718e-16,True,1.7742841019305972e-09,5000,True,21.513913990929723
uav,0,Severe,12.449478195019829,PSO,10,5000,24,21002024,-1866.5028362955595,-1866.5028362955604,4.87272070573436e-16,True,2.988406294771272e-09,5000,True,21.63321798434481
uav,0,Severe,12.449478195019829,PSO,10,5000,25,21002025,-1866.5028362955595,-1866.50283629556,2.43636035286718e-16,True,1.0523232926084648e-09,5000,True,21.7500000144355
uav,0,Severe,12.449478195019829,PSO,10,5000,26,21002026,-1866.5028362955595,-1866.5028362955604,4.87272070573436e-16,True,2.5930054629026826e-09,5000,True,21.19517303071916
uav,0,Severe,12.449478195019829,PSO,10,5000,27,21002027,-1866.5028362955595,-1866.5028362955604,4.87272070573436e-16,True,1.2910982871363314e-09,5000,True,21.504361007828265
uav,0,Severe,12.449478195019829,PSO,10,5000,28,21002028,-1866.5028362955595,-1866.5028362955604,4.87272070573436e-16,True,2.0974659539580606e-09,5000,True,21.523427043575794
uav,0,Severe,12.449478195019829,PSO,10,5000,29,21002029,-1866.5028362955595,-1866.5028362955604,4.87272070573436e-16,True,1.6960008259042513e-09,5000,True,21.75519900629297
uav,0,Severe,12.449478195019829,WOA,30,250,0,21003000,-1866.5028362955595,-1089.927390301083,0.41605907630750916,False,1.0016285125536981,250,True,1.9133309833705425
uav,0,Severe,12.449478195019829,WOA,30,250,1,21003001,-1866.5028362955595,-983.2974307774791,0.47318728283905237,False,1.0118964557278447,250,True,1.9101020297966897
uav,0,Severe,12.449478195019829,WOA,30,250,2,21003002,-1866.5028362955595,-1052.5340690045714,0.43609297101657163,False,1.00350950726385,250,True,1.9439770258031785
uav,0,Severe,12.449478195019829,WOA,30,250,3,21003003,-1866.5028362955595,-1079.6180171513004,0.4215824395455976,False,1.026984927663657,250,True,1.9299270352348685
uav,0,Severe,12.449478195019829,WOA,30,250,4,21003004,-1866.5028362955595,-1139.4559522132463,0.3895235892195482,False,0.9739800011184008,250,True,1.9413980189710855
uav,0,Severe,12.449478195019829,WOA,30,250,5,21003005,-1866.5028362955595,-1126.7932955590827,0.396307750704829,False,1.004806233257209,250,True,1.914185006171465
uav,0,Severe,12.449478195019829,WOA,30,250,6,21003006,-1866.5028362955595,-773.0708703920895,0.5858185396994091,False,0.9911386066319618,250,True,1.8930770456790924
uav,0,Severe,12.449478195019829,WOA,30,250,7,21003007,-1866.5028362955595,-1042.1883249421765,0.44163582038235566,False,1.0041998387365842,250,True,1.9029640243388712
uav,0,Severe,12.449478195019829,WOA,30,250,8,21003008,-1866.5028362955595,-1122.4107481325555,0.3986557500441845,False,0.9983198017675036,250,True,1.8964560003951192
uav,0,Severe,12.449478195019829,WOA,30,250,9,21003009,-1866.5028362955595,-1113.6012239742122,0.40337555222558785,False,0.9978637057173522,250,True,1.94597797235474
uav,0,Severe,12.449478195019829,WOA,30,250,10,21003010,-1866.5028362955595,-787.7555304309808,0.5779510670369856,False,0.998654896387235,250,True,1.9248120370320976
uav,0,Severe,12.449478195019829,WOA,30,250,11,21003011,-1866.5028362955595,-905.4634724858886,0.5148877061001642,False,0.9990258122220523,250,True,1.9257540116086602
uav,0,Severe,12.449478195019829,WOA,30,250,12,21003012,-1866.5028362955595,-1052.3134754135315,0.43621115652733017,False,1.0023655623811003,250,True,1.949990983121097
uav,0,Severe,12.449478195019829,WOA,30,250,13,21003013,-1866.5028362955595,-1114.2163359202439,0.40304599904513166,False,1.017002497342807,250,True,1.9260490080341697
uav,0,Severe,12.449478195019829,WOA,30,250,14,21003014,-1866.5028362955595,-1110.187051317704,0.4052047338320216,False,0.9675804323891429,250,True,1.8892859807237983
uav,0,Severe,12.449478195019829,WOA,30,250,15,21003015,-1866.5028362955595,-1109.5873726476073,0.40552601846038405,False,1.0040111476310463,250,True,1.8907780176959932
uav,0,Severe,12.449478195019829,WOA,30,250,16,21003016,-1866.5028362955595,-1069.6098624561444,0.4269444215905963,False,0.9997813992851212,250,True,1.8879039562307298
uav,0,Severe,12.449478195019829,WOA,30,250,17,21003017,-1866.5028362955595,-1082.6512124871824,0.419957370846585,False,1.017990293849697,250,True,1.9117880146950483
uav,0,Severe,12.449478195019829,WOA,30,250,18,21003018,-1866.5028362955595,-876.9259289270399,0.5301770177496911,False,0.9967433854274268,250,True,1.9193660118617117
uav,0,Severe,12.449478195019829,WOA,30,250,19,21003019,-1866.5028362955595,-1108.5948917012643,0.4060577513498517,False,1.0115874511910057,250,True,1.9296439713798463
uav,0,Severe,12.449478195019829,WOA,30,250,20,21003020,-1866.5028362955595,-970.7093645795366,0.47993148164398214,False,0.9901016074714306,250,True,1.9367269705981016
uav,0,Severe,12.449478195019829,WOA,30,250,21,21003021,-1866.5028362955595,-1057.5550540122927,0.43340292152396737,False,0.9946988240155316,250,True,1.9234869978390634
uav,0,Severe,12.449478195019829,WOA,30,250,22,21003022,-1866.5028362955595,-1086.8964799690361,0.4176829207898794,False,0.976006349282363,250,True,1.8974049598909914
uav,0,Severe,12.449478195019829,WOA,30,250,23,21003023,-1866.5028362955595,-1145.525853318824,0.3862715710669134,False,0.9819842897372096,250,True,1.9461300107650459
uav,0,Severe,12.449478195019829,WOA,30,250,24,21003024,-1866.5028362955595,-1106.5077271014375,0.40717597338479333,False,1.017437046264762,250,True,1.902315008919686
uav,0,Severe,12.449478195019829,WOA,30,250,25,21003025,-1866.5028362955595,-1113.730712258529,0.4033061774130782,False,1.0134238952349282,250,True,1.8925530021078885
uav,0,Severe,12.449478195019829,WOA,30,250,26,21003026,-1866.5028362955595,-1104.8172175995842,0.40808168296582376,False,0.9938118895709886,250,True,1.8908989732153714
uav,0,Severe,12.449478195019829,WOA,30,250,27,21003027,-1866.5028362955595,-1121.3094540472794,0.39924578080323864,False,0.9983421972407446,250,True,1.896700996439904
uav,0,Severe,12.449478195019829,WOA,30,250,28,21003028,-1866.5028362955595,-933.4391390745011,0.49989942639085727,False,0.9964476891740621,250,True,1.9238709937781096
uav,0,Severe,12.449478195019829,WOA,30,250,29,21003029,-1866.5028362955595,-984.3294504432013,0.4726343666335938,False,0.9989240345642045,250,True,1.9516540342010558
uav,0,Severe,12.449478195019829,WOA,30,500,0,21003000,-1866.5028362955595,-1137.7833882165532,0.3904196842932705,False,0.9971490667460468,500,True,3.997166990302503
uav,0,Severe,12.449478195019829,WOA,30,500,1,21003001,-1866.5028362955595,-1128.8820924071952,0.3951886541744117,False,1.005268531445584,500,True,3.8783319760113955
uav,0,Severe,12.449478195019829,WOA,30,500,2,21003002,-1866.5028362955595,-1158.8388366306517,0.3791389897212295,False,0.9806624123083592,500,True,3.8725759950466454
uav,0,Severe,12.449478195019829,WOA,30,500,3,21003003,-1866.5028362955595,-1120.2475423137048,0.39981471202205326,False,1.0133353587701042,500,True,3.862832032609731
uav,0,Severe,12.449478195019829,WOA,30,500,4,21003004,-1866.5028362955595,-1139.5238057338272,0.38948723592864426,False,0.9972215637527765,500,True,3.955412015784532
uav,0,Severe,12.449478195019829,WOA,30,500,5,21003005,-1866.5028362955595,-1138.8136433237871,0.38986771346997473,False,0.9978586667451046,500,True,3.918543050531298
uav,0,Severe,12.449478195019829,WOA,30,500,6,21003006,-1866.5028362955595,-1102.0904800613139,0.4095425634344985,False,0.9933911881295544,500,True,3.8875059690326452
uav,0,Severe,12.449478195019829,WOA,30,500,7,21003007,-1866.5028362955595,-1137.9988267531335,0.3903042606612294,False,0.9987912773192557,500,True,3.877740993630141
uav,0,Severe,12.449478195019829,WOA,30,500,8,21003008,-1866.5028362955595,-1150.4619500478614,0.383627001429487,False,0.9883078374202029,500,True,3.942121984437108
uav,0,Severe,12.449478195019829,WOA,30,500,9,21003009,-1866.5028362955595,-1220.4146054166258,0.34614907532700157,False,0.9191434491853322,500,True,3.930466016754508
uav,0,Severe,12.449478195019829,WOA,30,500,10,21003010,-1866.5028362955595,-1126.6979566948987,0.3963588295793584,False,1.0079102560383604,500,True,3.8662320002913475
uav,0,Severe,12.449478195019829,WOA,30,500,11,21003011,-1866.5028362955595,-1147.6918354962104,0.3851111216235655,False,0.9899139236518019,500,True,3.8365389918908477
uav,0,Severe,12.449478195019829,WOA,30,500,12,21003012,-1866.5028362955595,-1121.7303465792725,0.3990202828699869,False,1.0092472250533873,500,True,3.868217987474054
uav,0,Severe,12.449478195019829,WOA,30,500,13,21003013,-1866.5028362955595,-1115.3810160004643,0.4024220085225499,False,1.0145195186527256,500,True,3.8464139797724783
uav,0,Severe,12.449478195019829,WOA,30,500,14,21003014,-1866.5028362955595,-1164.799964117462,0.3759452482648054,False,0.9678131546720593,500,True,3.8335779681801796
uav,0,Severe,12.449478195019829,WOA,30,500,15,21003015,-1866.5028362955595,-1123.1042183566437,0.3982842155302244,False,1.0101059971205162,500,True,3.851525019854307
uav,0,Severe,12.449478195019829,WOA,30,500,16,21003016,-1866.5028362955595,-1102.419628189672,0.4093662186028928,False,1.0099670046614535,500,True,3.844377992209047
uav,0,Severe,12.449478195019829,WOA,30,500,17,21003017,-1866.5028362955595,-1114.9714217541375,0.4026414532715007,False,1.0173887996595896,500,True,3.848742984700948
uav,0,Severe,12.449478195019829,WOA,30,500,18,21003018,-1866.5028362955595,-1132.8759403810957,0.39304890496201444,False,1.0007063574887787,500,True,3.877915965858847
uav,0,Severe,12.449478195019829,WOA,30,500,19,21003019,-1866.5028362955595,-1104.9078529825867,0.4080331240345218,False,1.0253267594890454,500,True,3.8883030065335333
uav,0,Severe,12.449478195019829,WOA,30,500,20,21003020,-1866.5028362955595,-1156.6472588291037,0.3803131523096441,False,0.9830383737389421,500,True,3.831900015939027
uav,0,Severe,12.449478195019829,WOA,30,500,21,21003021,-1866.5028362955595,-1143.7907344586731,0.38720118061607134,False,0.9936317325537466,500,True,3.8640049751847982
uav,0,Severe,12.449478195019829,WOA,30,500,22,21003022,-1866.5028362955595,-1113.4120510397925,0.40347690376427353,False,1.0111032594698048,500,True,3.9142139721661806
uav,0,Severe,12.449478195019829,WOA,30,500,23,21003023,-1866.5028362955595,-1137.609504402809,0.3905128445126727,False,0.9990033085389881,500,True,3.854262991808355
uav,0,Severe,12.449478195019829,WOA,30,500,24,21003024,-1866.5028362955595,-1144.8931922342426,0.3866105263967841,False,0.9839580240364502,500,True,3.8371209520846605
uav,0,Severe,12.449478195019829,WOA,30,500,25,21003025,-1866.5028362955595,-1121.1481424667063,0.3993322053065591,False,1.0124667236779583,500,True,3.8558400119654834
uav,0,Severe,12.449478195019829,WOA,30,500,26,21003026,-1866.5028362955595,-1141.9013365046706,0.3882134469342691,False,0.9951483351376211,500,True,3.8565759896300733
uav,0,Severe,12.449478195019829,WOA,30,500,27,21003027,-1866.5028362955595,-1135.2464153936978,0.3917788961698999,False,0.9998041875582757,500,True,3.8452890003100038
uav,0,Severe,12.449478195019829,WOA,30,500,28,21003028,-1866.5028362955595,-1134.6992310031967,0.3920720563943907,False,1.0011631736962363,500,True,3.83975199656561
uav,0,Severe,12.449478195019829,WOA,30,500,29,21003029,-1866.5028362955595,-1106.2369422819866,0.4073210494137097,False,1.0173105799567055,500,True,3.8548530428670347
uav,0,Severe,12.449478195019829,WOA,30,1000,0,21003000,-1866.5028362955595,-1142.8776005406812,0.3876904024378845,False,0.9942297901579051,1000,True,7.805350993294269
uav,0,Severe,12.449478195019829,WOA,30,1000,1,21003001,-1866.5028362955595,-1125.4005105480298,0.3970539510233975,False,1.0088579112618143,1000,True,7.8938070219010115
uav,0,Severe,12.449478195019829,WOA,30,1000,2,21003002,-1866.5028362955595,-1138.882223413169,0.38983097091162006,False,0.9918023241912064,1000,True,7.781576015986502
uav,0,Severe,12.449478195019829,WOA,30,1000,3,21003003,-1866.5028362955595,-1173.8853152871502,0.37107766864316394,False,0.9644457027993852,1000,True,7.922778022475541
uav,0,Severe,12.449478195019829,WOA,30,1000,4,21003004,-1866.5028362955595,-1140.043658464534,0.38920871894994064,False,0.9971263752554445,1000,True,7.953616965096444
uav,0,Severe,12.449478195019829,WOA,30,1000,5,21003005,-1866.5028362955595,-1133.1793604857148,0.3928863442100462,False,1.0027993069753924,1000,True,7.970571983605623
uav,0,Severe,12.449478195019829,WOA,30,1000,6,21003006,-1866.5028362955595,-1125.3404065452578,0.39708615242250783,False,1.0081979691056469,1000,True,7.772129960358143
uav,0,Severe,12.449478195019829,WOA,30,1000,7,21003007,-1866.5028362955595,-1117.1224603844905,0.4014890100024499,False,1.0151659514472786,1000,True,7.750940043479204
uav,0,Severe,12.449478195019829,WOA,30,1000,8,21003008,-1866.5028362955595,-1140.4767300274093,0.3889766959631796,False,0.9967254198063791,1000,True,7.850999012589455
uav,0,Severe,12.449478195019829,WOA,30,1000,9,21003009,-1866.5028362955595,-1134.5407775327024,0.3921569496329185,False,1.0016988146988943,1000,True,7.799556013196707
uav,0,Severe,12.449478195019829,WOA,30,1000,10,21003010,-1866.5028362955595,-1121.3887077929448,0.39920331971283773,False,1.011815217341459,1000,True,7.772675016894937
uav,0,Severe,12.449478195019829,WOA,30,1000,11,21003011,-1866.5028362955595,-1106.501983582726,0.40717905053988773,False,1.0195122553616367,1000,True,7.867510954383761
uav,0,Severe,12.449478195019829,WOA,30,1000,12,21003012,-1866.5028362955595,-1118.8001571904404,0.40059016496812916,False,1.0143437594203892,1000,True,7.889977016020566
uav,0,Severe,12.449478195019829,WOA,30,1000,13,21003013,-1866.5028362955595,-1115.3047078923194,0.40246289145434144,False,1.0145863893829308,1000,True,7.994681014679372
uav,0,Severe,12.449478195019829,WOA,30,1000,14,21003014,-1866.5028362955595,-1151.6970320859043,0.38296529226193265,False,0.9834933680343722,1000,True,7.9539959551766515
uav,0,Severe,12.449478195019829,WOA,30,1000,15,21003015,-1866.5028362955595,-1128.042169270737,0.39563865249218816,False,1.0064366334417838,1000,True,8.03644402185455
uav,0,Severe,12.449478195019829,WOA,30,1000,16,21003016,-1866.5028362955595,-1137.843569416383,0.39038744153496363,False,0.9961643935221742,1000,True,7.927268976345658
uav,0,Severe,12.449478195019829,WOA,30,1000,17,21003017,-1866.5028362955595,-1153.0697524450677,0.38222984180749464,False,0.9836272811938881,1000,True,7.818869024049491
uav,0,Severe,12.449478195019829,WOA,30,1000,18,21003018,-1866.5028362955595,-1149.52738218904,0.3841277067274635,False,0.9809330308496068,1000,True,7.854705036152154
uav,0,Severe,12.449478195019829,WOA,30,1000,19,21003019,-1866.5028362955595,-1098.577438140325,0.4114247153673406,False,1.0294162728152365,1000,True,7.881962985266
uav,0,Severe,12.449478195019829,WOA,30,1000,20,21003020,-1866.5028362955595,-1128.9970021572435,0.3951270899764829,False,1.006232155684424,1000,True,7.817147008609027
uav,0,Severe,12.449478195019829,WOA,30,1000,21,21003021,-1866.5028362955595,-1150.928432998153,0.3833770779141188,False,0.9876348904841513,1000,True,7.797679048962891
uav,0,Severe,12.449478195019829,WOA,30,1000,22,21003022,-1866.5028362955595,-1058.485561531317,0.43290439159894933,False,1.0526543300765385,1000,True,7.772648008540273
uav,0,Severe,12.449478195019829,WOA,30,1000,23,21003023,-1866.5028362955595,-1131.5370785584162,0.3937662153226763,False,1.0025965606413465,1000,True,7.781048014294356
uav,0,Severe,12.449478195019829,WOA,30,1000,24,21003024,-1866.5028362955595,-1135.503294047102,0.3916412705266869,False,1.0009149505281505,1000,True,7.781829976011068
uav,0,Severe,12.449478195019829,WOA,30,1000,25,21003025,-1866.5028362955595,-1119.0004751744248,0.4004828423431167,False,1.0143972686236584,1000,True,7.869225984904915
uav,0,Severe,12.449478195019829,WOA,30,1000,26,21003026,-1866.5028362955595,-1145.2252145118323,0.38643264170722824,False,0.9917563880192091,1000,True,7.976383029017597
uav,0,Severe,12.449478195019829,WOA,30,1000,27,21003027,-1866.5028362955595,-1145.9932304473177,0.3860211684854625,False,0.9881553303771833,1000,True,7.8826830140315
uav,0,Severe,12.449478195019829,WOA,30,1000,28,21003028,-1866.5028362955595,-1139.5490882678007,0.3894736905251861,False,0.9961438585617172,1000,True,7.866927015129477
uav,0,Severe,12.449478195019829,WOA,30,1000,29,21003029,-1866.5028362955595,-1161.3855970918992,0.37777453400665795,False,0.9778937940788757,1000,True,7.858213037252426
uav,0,Severe,12.449478195019829,WOA,30,2000,0,21003000,-1866.5028362955595,-1156.2788805585428,0.38051051513352924,False,0.9834621498087146,2000,True,15.715951973106712
uav,0,Severe,12.449478195019829,WOA,30,2000,1,21003001,-1866.5028362955595,-1126.4155509950183,0.39651013162636783,False,1.0083197057590643,2000,True,15.753515006508678
uav,0,Severe,12.449478195019829,WOA,30,2000,2,21003002,-1866.5028362955595,-1155.0328985213976,0.3811780640988542,False,0.9842512342073179,2000,True,15.679909032769501
uav,0,Severe,12.449478195019829,WOA,30,2000,3,21003003,-1866.5028362955595,-1141.7087402413708,0.38831663256011145,False,0.9898560422156123,2000,True,15.703282027971
uav,0,Severe,12.449478195019829,WOA,30,2000,4,21003004,-1866.5028362955595,-1156.5125715239096,0.38038531255637664,False,0.9819208659280835,2000,True,15.705509984400123
uav,0,Severe,12.449478195019829,WOA,30,2000,5,21003005,-1866.5028362955595,-1145.101740712431,0.3864987941914358,False,0.9927947749922074,2000,True,15.626838023308665
uav,0,Severe,12.449478195019829,WOA,30,2000,6,21003006,-1866.5028362955595,-1135.1078640907656,0.39185312659711274,False,1.0010726373007657,2000,True,16.000206989701837
uav,0,Severe,12.449478195019829,WOA,30,2000,7,21003007,-1866.5028362955595,-1296.6311448592853,0.30531520250314553,False,0.8505622266592902,2000,True,16.15888497326523
uav,0,Severe,12.449478195019829,WOA,30,2000,8,21003008,-1866.5028362955595,-1145.0493284285274,0.38652687466518826,False,0.9902073882928698,2000,True,16.03841903852299
uav,0,Severe,12.449478195019829,WOA,30,2000,9,21003009,-1866.5028362955595,-1143.64071343728,0.38728155607464326,False,0.9906601682985702,2000,True,15.76825900701806
uav,0,Severe,12.449478195019829,WOA,30,2000,10,21003010,-1866.5028362955595,-1136.7266738289454,0.3909858309752145,False,0.9975802911539485,2000,True,15.9925949992612
uav,0,Severe,12.449478195019829,WOA,30,2000,11,21003011,-1866.5028362955595,-1106.0733804899899,0.4074086794932446,False,1.0211867189161763,2000,True,15.944643993861973
uav,0,Severe,12.449478195019829,WOA,30,2000,12,21003012,-1866.5028362955595,-1145.9020569583035,0.3860700157131448,False,0.9921911012997756,2000,True,16.15043997298926
uav,0,Severe,12.449478195019829,WOA,30,2000,13,21003013,-1866.5028362955595,-1115.4002175090664,0.4024117210971956,False,1.0135137698332848,2000,True,16.16701897000894
uav,0,Severe,12.449478195019829,WOA,30,2000,14,21003014,-1866.5028362955595,-1155.8686951846296,0.3807302765857686,False,0.9818901129670017,2000,True,16.20519399875775
uav,0,Severe,12.449478195019829,WOA,30,2000,15,21003015,-1866.5028362955595,-1125.7233621724188,0.39688097961499097,False,1.0086856186260273,2000,True,16.111804987303913
uav,0,Severe,12.449478195019829,WOA,30,2000,16,21003016,-1866.5028362955595,-1033.7716172863545,0.44614516668076604,False,1.031703716505951,2000,True,16.211868030950427
uav,0,Severe,12.449478195019829,WOA,30,2000,17,21003017,-1866.5028362955595,-1123.0250551231313,0.39832662812771585,False,1.0095289172528694,2000,True,16.083560010883957
uav,0,Severe,12.449478195019829,WOA,30,2000,18,21003018,-1866.5028362955595,-1169.7780853811169,0.3732781635077659,False,0.9626564791248441,2000,True,16.09404501505196
uav,0,Severe,12.449478195019829,WOA,30,2000,19,21003019,-1866.5028362955595,-1112.6473542182584,0.403886598733209,False,1.0184195404947083,2000,True,16.0773090319708
uav,0,Severe,12.449478195019829,WOA,30,2000,20,21003020,-1866.5028362955595,-1130.7259692770401,0.39420077629178035,False,1.0046256012440797,2000,True,16.162371030077338
uav,0,Severe,12.449478195019829,WOA,30,2000,21,21003021,-1866.5028362955595,-1167.3853492315568,0.3745600989557232,False,0.9739085291154191,2000,True,16.037749010138214
uav,0,Severe,12.449478195019829,WOA,30,2000,22,21003022,-1866.5028362955595,-1106.8968749586538,0.40696748302000574,False,1.0166875835523599,2000,True,16.098023974336684
uav,0,Severe,12.449478195019829,WOA,30,2000,23,21003023,-1866.5028362955595,-1130.7889710913096,0.39416702235739337,False,1.0046970152146537,2000,True,16.191665024962276
uav,0,Severe,12.449478195019829,WOA,30,2000,24,21003024,-1866.5028362955595,-1139.208386529202,0.3896562253341205,False,0.9975842310336553,2000,True,15.960588993038982
uav,0,Severe,12.449478195019829,WOA,30,2000,25,21003025,-1866.5028362955595,-1107.2862174511897,0.40675888837714486,False,1.0224275683682624,2000,True,15.930944995488971
uav,0,Severe,12.449478195019829,WOA,30,2000,26,21003026,-1866.5028362955595,-1136.3554590658991,0.3911847134820223,False,0.9960741484058747,2000,True,15.987563005182892
uav,0,Severe,12.449478195019829,WOA,30,2000,27,21003027,-1866.5028362955595,-1140.2602929099505,0.3890926545962178,False,0.9955815777187951,2000,True,16.00163703551516
uav,0,Severe,12.449478195019829,WOA,30,2000,28,21003028,-1866.5028362955595,-1141.8541845578786,0.38823870912293285,False,0.9943192273126374,2000,True,16.08318497892469
uav,0,Severe,12.449478195019829,WOA,30,2000,29,21003029,-1866.5028362955595,-1127.0350043407402,0.39617825249193733,False,1.0029668580097855,2000,True,16.129533003550023
uav,0,Severe,12.449478195019829,WOA,30,5000,0,21003000,-1866.5028362955595,-1140.378481178732,0.38902933389480593,False,0.9968636345534904,5000,True,39.755202014930546
uav,0,Severe,12.449478195019829,WOA,30,5000,1,21003001,-1866.5028362955595,-1124.7783279901146,0.3973872923641212,False,1.009689982255325,5000,True,40.34048301400617
uav,0,Severe,12.449478195019829,WOA,30,5000,2,21003002,-1866.5028362955595,-1143.0458856546547,0.3876002417851916,False,0.994225957281152,5000,True,40.21562897833064
uav,0,Severe,12.449478195019829,WOA,30,5000,3,21003003,-1866.5028362955595,-1113.2096035301292,0.403585367306748,False,1.0110938276160637,5000,True,41.194485034793615
uav,0,Severe,12.449478195019829,WOA,30,5000,4,21003004,-1866.5028362955595,-1176.3887355128068,0.36973643294987935,False,0.9659638934077402,5000,True,41.00209503667429
uav,0,Severe,12.449478195019829,WOA,30,5000,5,21003005,-1866.5028362955595,-1147.749727767698,0.3850801051844999,False,0.9900527478016818,5000,True,40.889861003961414
uav,0,Severe,12.449478195019829,WOA,30,5000,6,21003006,-1866.5028362955595,-1133.132055100993,0.39291168860481585,False,1.001187466532569,5000,True,40.72038200683892
uav,0,Severe,12.449478195019829,WOA,30,5000,7,21003007,-1866.5028362955595,-1127.6115428747098,0.3958693654531617,False,1.0074066485920976,5000,True,40.97262100549415
uav,0,Severe,12.449478195019829,WOA,30,5000,8,21003008,-1866.5028362955595,-1163.7753527655298,0.3764941953823816,False,0.9764113031584071,5000,True,40.1622949866578
uav,0,Severe,12.449478195019829,WOA,30,5000,9,21003009,-1866.5028362955595,-1135.0992413252518,0.3918577463412386,False,0.9984099660787107,5000,True,39.973808045033365
uav,0,Severe,12.449478195019829,WOA,30,5000,10,21003010,-1866.5028362955595,-1140.6662978611864,0.38887513285269787,False,0.9945002260367123,5000,True,40.323503024410456
uav,0,Severe,12.449478195019829,WOA,30,5000,11,21003011,-1866.5028362955595,-1112.8227311444625,0.403792638561923,False,1.0177550883500992,5000,True,39.96566601563245
uav,0,Severe,12.449478195019829,WOA,30,5000,12,21003012,-1866.5028362955595,-1135.1045141950367,0.3918549213416284,False,1.0006841365711359,5000,True,39.7314119618386
uav,0,Severe,12.449478195019829,WOA,30,5000,13,21003013,-1866.5028362955595,-1137.3155334984733,0.39067034274874246,False,0.9993173256261209,5000,True,40.365519002079964
uav,0,Severe,12.449478195019829,WOA,30,5000,14,21003014,-1866.5028362955595,-1173.9868785181266,0.37102325499374356,False,0.9309103051090567,5000,True,39.93276896653697
uav,0,Severe,12.449478195019829,WOA,30,5000,15,21003015,-1866.5028362955595,-1144.437376833079,0.3868547346520838,False,0.9922078960447867,5000,True,40.066157002002
uav,0,Severe,12.449478195019829,WOA,30,5000,16,21003016,-1866.5028362955595,-1088.856298922898,0.4166329256247225,False,1.019165428858264,5000,True,40.19863600842655
uav,0,Severe,12.449478195019829,WOA,30,5000,17,21003017,-1866.5028362955595,-1130.198975315287,0.3944831192657664,False,1.0015993686771534,5000,True,40.12513504130766
uav,0,Severe,12.449478195019829,WOA,30,5000,18,21003018,-1866.5028362955595,-1136.736565016982,0.3909805316593794,False,0.9975189696075143,5000,True,40.863615984562784
uav,0,Severe,12.449478195019829,WOA,30,5000,19,21003019,-1866.5028362955595,-1165.8004573255396,0.3754092227155149,False,0.9752702587492396,5000,True,40.93949298840016
uav,0,Severe,12.449478195019829,WOA,30,5000,20,21003020,-1866.5028362955595,-1116.7740424901679,0.40167567882906374,False,1.0153107717266234,5000,True,40.0355770252645
uav,0,Severe,12.449478195019829,WOA,30,5000,21,21003021,-1866.5028362955595,-1141.8961112804507,0.38821624640722907,False,0.995529446874247,5000,True,40.02623097039759
uav,0,Severe,12.449478195019829,WOA,30,5000,22,21003022,-1866.5028362955595,-1115.9338571988835,0.4021258175992527,False,1.0140236279097314,5000,True,39.98649399727583
uav,0,Severe,12.449478195019829,WOA,30,5000,23,21003023,-1866.5028362955595,-1149.9585151904346,0.383896722346936,False,0.9887807187438067,5000,True,39.36636698199436
uav,0,Severe,12.449478195019829,WOA,30,5000,24,21003024,-1866.5028362955595,-1119.6889919319228,0.40011396170489355,False,1.0129498891740927,5000,True,39.47625000728294
uav,0,Severe,12.449478195019829,WOA,30,5000,25,21003025,-1866.5028362955595,-1118.41623635327,0.40079585489782266,False,1.014842603230302,5000,True,40.06651497911662
uav,0,Severe,12.449478195019829,WOA,30,5000,26,21003026,-1866.5028362955595,-1135.3946343215168,0.39169948620333744,False,0.9956271030790961,5000,True,40.1684389798902
uav,0,Severe,12.449478195019829,WOA,30,5000,27,21003027,-1866.5028362955595,-1141.4833440724155,0.3884373911062933,False,0.9946993312124656,5000,True,40.29753396753222
uav,0,Severe,12.449478195019829,WOA,30,5000,28,21003028,-1866.5028362955595,-1141.6534499057275,0.3883462549826271,False,0.9928249774304144,5000,True,40.195041976403445
uav,0,Severe,12.449478195019829,WOA,30,5000,29,21003029,-1866.5028362955595,-1137.8459771109804,0.3903861515853581,False,0.9950922461916166,5000,True,39.70096702687442
