system,Nc,dim,k,f_norm_k,f_norm_k1,f_scale,f_norm_median,df_abs,df_scaled,df_relative,f_near_zero,df_angle_deg,df_from_state,df_from_reference,dU_shift,dU_raw,dU_shift_norm,dU_raw_norm,shift_is_identity,J_star_k,J_star_k1,dJstar_norm,warm_gap_norm,cold_gap_norm,warm_over_cold,active_set_change,n_active_k,n_active_k1,lambda_min,lambda_max,cond_H,ref_spread_k1,subopt_bound_norm
pendcart,1,1,0,1.0419995312885475,1.162972457843138,1.1711775422555812,0.005369739349784464,0.12097292655459047,0.10329170615892073,0.11609691072028994,False,,0.12097292655459077,0.0,0.4763857016247437,0.4763857016247437,0.04763857016247437,0.04763857016247437,True,-2.1378418508270904,-2.6630504055410293,0.24567231411937496,0.010820255446203164,1.0,0.010820255446203164,0.0,0,0,0.253939042026306,0.253939042026306,1.0,1.509903313490213e-14,3.98123267106393e-18
pendcart,1,1,6,1.1711775422555812,1.052853907371319,1.1711775422555812,0.005369739349784464,0.11832363488426223,0.10102963096131581,0.10102963096131581,False,,0.11832363488426216,0.0,0.46595293748425437,0.46595293748425437,0.046595293748425436,0.046595293748425436,True,-2.7007600417381497,-2.1826130819069216,0.19185227559045198,0.012630098805638212,1.0,0.012630098805638212,0.0,0,0,0.253939042026306,0.253939042026306,1.0,9.325873406851315e-15,1.2737221556152616e-16
pendcart,1,1,12,0.19439824476787693,0.021480473624337026,1.1711775422555812,0.005369739349784464,0.1729177711435399,0.14764437064812225,0.8895027388236658,False,,0.1729177711435408,0.0,0.6809420469651937,0.6809420469651937,0.06809420469651936,0.06809420469651936,True,-0.07440895513206784,-0.0009085069067048783,0.07350044822536296,0.058873490504390696,0.0009085069067048783,64.80246883088948,0.0,0,0,0.253939042026306,0.253939042026306,1.0,3.469446951953614e-18,1.4532201685906347e-22
pendcart,1,1,18,0.5569684957090505,0.6009552861486714,1.1711775422555812,0.005369739349784464,0.04398679043962095,0.03755774752554288,0.07897536535459412,False,,0.043986790439621226,0.0,0.17321789419971712,0.17321789419971712,0.01732178941997171,0.01732178941997171,True,-0.6108038817840917,-0.7110904512127357,0.100286569428644,0.0038096492092029033,0.7110904512127357,0.00535747485106248,0.0,0,0,0.253939042026306,0.253939042026306,1.0,6.661338147750939e-16,3.3264284872840806e-20
pendcart,1,1,24,0.5127846536836447,0.4541728730114769,1.1711775422555812,0.005369739349784464,0.05861178067216777,0.050045171254980536,0.11430096484191488,False,,0.05861178067216702,0.0,0.23081045094641395,0.23081045094641395,0.023081045094641393,0.023081045094641393,True,-0.5177386252922387,-0.4061466817657187,0.11159194352651997,0.006764106461176922,0.4061466817657187,0.016654343774938737,0.0,0,0,0.253939042026306,0.253939042026306,1.0,2.220446049250313e-16,1.7986314706807975e-18
pendcart,1,1,30,0.13822464165107506,0.08841602404377902,1.1711775422555812,0.005369739349784464,0.049808617607296046,0.0425286652195953,0.36034542764834615,False,,0.04980861760729624,0.0,0.1961439910554434,0.1961439910554434,0.01961439910554434,0.01961439910554434,True,-0.037619366063428895,-0.01539226352381902,0.022227102539609876,0.004884830498727878,0.01539226352381902,0.3173562154239865,0.0,0,0,0.253939042026306,0.253939042026306,1.0,6.938893903907228e-18,1.4171684978999122e-20
pendcart,1,1,37,0.029948266709541538,0.02308803226233369,1.1711775422555812,0.005369739349784464,0.006860234447207847,0.005857552932577293,0.22906949887093705,False,,0.006860234447207995,0.0,0.027015278168468687,0.027015278168468687,0.002701527816846869,0.002701527816846869,True,-0.0017659723998110573,-0.0010495771534243658,0.0007163952463866915,9.26655535752397e-05,0.0010495771534243658,0.08828846290423502,0.0,0,0,0.253939042026306,0.253939042026306,1.0,3.2526065174565133e-18,2.391168110177737e-19
pendcart,1,1,43,0.05822807529773699,0.0752594112972581,1.1711775422555812,0.005369739349784464,0.017031335999521113,0.014542061630314658,0.2924935422033953,False,,0.017031335999521585,0.0,0.06706859678208432,0.06706859678208432,0.006706859678208432,0.006706859678208432,True,-0.006675831974918805,-0.011152241387567177,0.004476409412648372,0.0005711338432123833,0.011152241387567177,0.05121247140947818,0.0,0,0,0.253939042026306,0.253939042026306,1.0,5.204170427930421e-18,5.044854094932701e-19
pendcart,1,1,49,0.11957561890163992,0.11850506008413408,1.1711775422555812,0.005369739349784464,0.00107055881750584,0.0009140875562248583,0.008952985795427549,False,,0.0010705588175058231,0.0,0.004215804969893655,0.004215804969893655,0.0004215804969893655,0.0004215804969893655,True,-0.028153072724888515,-0.027651221240902066,0.0005018514839864492,2.256635147506597e-06,0.027651221240902066,8.161068648094831e-05,0.0,0,0,0.253939042026306,0.253939042026306,1.0,1.3877787807814457e-17,2.1299776420255718e-18
pendcart,1,1,55,0.07545383571786024,0.06274408808812071,1.1711775422555812,0.005369739349784464,0.012709747629739532,0.010852110095333382,0.16844402287597793,False,,0.012709747629739237,0.0,0.050050389038329285,0.050050389038329285,0.0050050389038329285,0.0050050389038329285,True,-0.011209936997297295,-0.0077515071306011075,0.0034584298666961878,0.0003180639667593483,0.0077515071306011075,0.04103253230635722,0.0,0,0,0.253939042026306,0.253939042026306,1.0,3.469446951953614e-18,2.34644909127584e-18
pendcart,1,1,61,0.005623283135859358,0.0021760364574108237,1.1711775422555812,0.005369739349784464,0.007799319593270182,0.006659382810781534,1.3869690365641314,False,,0.007799319593270446,0.0,0.030713355266390685,0.030713355266390685,0.0030713355266390684,0.0030713355266390684,True,-6.226162187137107e-05,-9.323368762434177e-06,5.293825310893689e-05,0.00011977164095334265,9.323368762434177e-06,12.846391042251584,0.0,0,0,0.253939042026306,0.253939042026306,1.0,3.164515090942066e-18,1.062446518032785e-20
pendcart,1,1,67,0.017399989422190343,0.016389129461662266,1.1711775422555812,0.005369739349784464,0.0010108599605280766,0.0008631141940966973,0.058095435347731816,False,,0.001010859960528545,0.0,0.003980720897902565,0.003980720897902565,0.00039807208979025647,0.00039807208979025647,True,-0.0005961265929737822,-0.0005288740997993151,6.725249317446704e-05,2.0119756312267454e-06,0.0005288740997993151,0.0038042619821810207,0.0,0,0,0.253939042026306,0.253939042026306,1.0,3.2526065174565133e-18,1.3198291925412063e-19
pendcart,1,1,74,0.0010965675154506194,0.004005926581898578,1.1711775422555812,0.005369739349784464,0.0029093590664479585,0.0024841315355524987,2.6531508780400057,False,,0.0029093590664474177,0.0,0.011456917152056649,0.011456917152056649,0.001145691715205665,0.001145691715205665,True,-2.367616074996413e-06,-3.15970471722486e-05,2.9229431097252186e-05,1.6666140626255167e-05,3.15970471722486e-05,0.527458801305107,0.0,0,0,0.253939042026306,0.253939042026306,1.0,3.178067618098135e-18,5.3489640826321426e-21
pendcart,1,1,80,0.01120670861614137,0.011032486532753127,1.1711775422555812,0.005369739349784464,0.0001742220833882424,0.00014875804658336136,0.015546231222368444,False,,0.00017422208338833736,0.0,0.0006860795993758328,0.0006860795993758328,6.860795993758328e-05,6.860795993758328e-05,True,-0.0002472843817259222,-0.0002396554663752134,7.628915350708806e-06,5.976573131546655e-08,0.0002396554663752134,0.00024938188233059174,0.0,0,0,0.253939042026306,0.253939042026306,1.0,2.1141942363467336e-18,1.1112354343603057e-18
pendcart,1,1,86,0.004779073328705197,0.003036207339055963,1.1711775422555812,0.005369739349784464,0.0017428659896492338,0.0014881313266070938,0.36468701561468436,False,,0.0017428659896501651,0.0,0.006863323686631541,0.006863323686631541,0.000686332368663154,0.000686332368663154,True,-4.4970520678689825e-05,-1.815111794582245e-05,2.6819402732867375e-05,5.980926575756341e-06,1.815111794582245e-05,0.32950733908557267,0.0,0,0,0.253939042026306,0.253939042026306,1.0,3.178067618098135e-18,5.642356203784952e-21
pendcart,1,1,92,0.004037589371720385,0.004813689227926465,1.1711775422555812,0.005369739349784464,0.0007760998562060806,0.000662666272366684,0.1922186197640476,False,,0.0007760998562063247,0.0,0.003056239044184103,0.003056239044184103,0.0003056239044184103,0.0003056239044184103,True,-3.2098506406393026e-05,-4.562434314581153e-05,1.3525836739418506e-05,1.1859750178440197e-06,4.562434314581153e-05,0.025994347229367096,0.0,0,0,0.253939042026306,0.253939042026306,1.0,6.098637220230962e-20,3.1712908635217093e-18
pendcart,1,1,98,0.005116195563709569,0.004620272148969429,1.1711775422555812,0.005369739349784464,0.0004959234147401403,0.00042343999679590597,0.09693206769847636,False,,0.0004959234147405797,0.0,0.0019529182384615401,0.0019529182384615401,0.000195291823846154,0.000195291823846154,True,-5.1538859163311615e-05,-4.203157293223783e-05,9.507286231073784e-06,4.842478577365229e-07,4.203157293223783e-05,0.011521050104815593,0.0,0,0,0.253939042026306,0.253939042026306,1.0,3.1712913545201005e-18,6.967496802593053e-21
pendcart,1,1,104,0.0012570747159614815,0.0006358751005193231,1.1711775422555812,0.005369739349784464,0.0006211996154421584,0.0005304060170465569,0.49416284295164586,False,,0.0006211996154422039,0.0,0.0024462541401946273,0.0024462541401946273,0.00024462541401946275,0.00024462541401946275,True,-3.1114491668920123e-06,-7.961303237049073e-07,2.315318843187105e-06,7.598033654866208e-07,7.961303237049073e-07,0.9543705884116639,0.0,0,0,0.253939042026306,0.253939042026306,1.0,1.1560940938837132e-18,2.018520217035213e-18
pendcart,1,1,111,0.0012171559271692,0.0011993236950955666,1.1711775422555812,0.005369739349784464,1.783223207363349e-05,1.5225899942796237e-05,0.014650737572388772,False,,1.7832232073809878e-05,0.0,7.021848662429851e-05,7.021848662429851e-05,7.021848662429851e-06,7.021848662429851e-06,True,-2.916976726425632e-06,-2.832131117253529e-06,8.48456091721033e-08,6.261166854973245e-10,2.832131117253529e-06,0.00022107616475910332,0.0,0,0,0.253939042026306,0.253939042026306,1.0,9.296186596115946e-19,2.319420619174629e-18
pendcart,1,1,117,0.0002984639221705887,5.642908836134275e-05,1.1711775422555812,0.005369739349784464,0.00024203483380924595,0.0002066593877330579,0.8109349768274827,False,,0.00024203483380917974,0.0,0.0009531193711467538,0.0009531193711467538,9.531193711467538e-05,9.531193711467538e-05,True,-1.7539782801125792e-07,-6.269697616795616e-09,1.6912813039446232e-07,1.1534402942633528e-07,6.269697616795616e-09,18.3970641769621,0.0,0,0,0.253939042026306,0.253939042026306,1.0,3.4261175771068615e-18,1.6705439707366334e-19
pendcart,1,1,123,0.0008312012486662024,0.0009033535521421054,1.1711775422555812,0.005369739349784464,7.215230347590307e-05,6.160663167852784e-05,0.08680485453033568,False,,7.215230347533951e-05,0.0,0.00028413414772111064,0.00028413414772111064,2.8413414772111063e-05,2.8413414772111063e-05,True,-1.3603570177130655e-06,-1.6067786065033495e-06,2.464215887902839e-07,1.0250625934084078e-08,1.6067786065033495e-06,0.006379613154292212,0.0,0,0,0.253939042026306,0.253939042026306,1.0,2.9525450958916774e-18,2.219899742884005e-19
pendcart,1,1,129,0.0007439495111285499,0.0006389249826130872,1.1711775422555812,0.005369739349784464,0.00010502452851546273,8.96743019108743e-05,0.1411715807920131,False,,0.00010502452851630672,0.0,0.0004135817729287207,0.0004135817729287207,4.135817729287207e-05,4.135817729287207e-05,True,-1.089751443283531e-06,-8.037856844495071e-07,2.859657588340239e-07,2.171811052942194e-08,8.037856844495071e-07,0.027019777721341398,0.0,0,0,0.253939042026306,0.253939042026306,1.0,3.173091299533016e-18,1.4366425534907092e-21
pendcart,1,1,135,5.769310685721507e-05,3.647498382397529e-05,1.1711775422555812,0.005369739349784464,9.416809068119036e-05,8.040462464796857e-05,1.632224295256752,False,,9.416809068090232e-05,0.0,0.00037082837323132,0.00037082837323132,3.7082837323132e-05,3.7082837323132e-05,True,-6.553727522042825e-09,-2.6195744329751887e-09,3.934153089067637e-09,1.7459693297414775e-08,2.6195744329751887e-09,6.665087686622778,0.0,0,0,0.253939042026306,0.253939042026306,1.0,1.415585201534967e-18,1.7851000795657287e-18
pendcart,1,1,141,0.00026583339912567006,0.0002640720142998987,1.1711775422555812,0.005369739349784464,1.7613848257713727e-06,1.5039434775867594e-06,0.006625897391240503,False,,1.7613848249498507e-06,0.0,6.935931600096559e-06,6.935931600096559e-06,6.935931600096558e-07,6.935931600096558e-07,True,-1.3914244049833531e-07,-1.3730466213458794e-07,1.8377783637473755e-09,6.1080567492502285e-12,1.3730466213458794e-07,4.448542863943707e-05,0.0,0,0,0.253939042026306,0.253939042026306,1.0,3.1739912720394736e-18,2.9351136454318717e-22
pendcart,1,1,148,7.032946497353976e-05,2.9499929151022286e-05,1.1711775422555812,0.005369739349784464,4.082953582251747e-05,3.486195247894141e-05,0.5805466576189493,False,,4.082953582238838e-05,0.0,0.00016078941851974766,0.00016078941851974766,1.6078941851974766e-05,1.6078941851974766e-05,True,-9.739017683897241e-09,-1.7134935474322092e-09,8.025524136465032e-09,3.282588344137027e-09,1.7134935474322092e-09,1.9157284537524037,0.0,0,0,0.253939042026306,0.253939042026306,1.0,3.1566287509819855e-18,1.7623526457069775e-20
pendcart,3,3,0,9.788666694792088,10.055129522539723,10.071895966386858,8.723235324711624,0.34051973347177267,0.03380890098628858,0.03478714150650783,False,1.2244644477900137,0.34051973347177283,0.0,1.888209021631437,0.8832476434570244,0.18882090216314368,0.08832476434570244,False,-60.11183890090685,-62.51491420847814,0.03997673921659115,0.007241291234623131,1.0,0.007241291234623131,0.0,2,2,0.2003501482014924,0.3417236377300703,1.705632068644134,4.156675004196586e-12,1.5954603391196332e-17
pendcart,3,3,6,10.071895966386858,9.861461639140778,10.071895966386858,8.723235324711624,0.2295749155586696,0.022793614660520184,0.022793614660520184,False,0.5276020170115047,0.22957491555867324,0.0,1.4885392662244223,0.4482859864424724,0.14885392662244223,0.04482859864424724,False,-63.34727466238721,-61.514210447564935,0.028936749443313686,0.00457345640147194,1.0,0.00457345640147194,0.0,2,2,0.2003501482014924,0.3417236377300703,1.705632068644134,2.4726887204451486e-12,4.278322974376164e-17
pendcart,3,3,12,8.536415386268077,8.313242964205608,10.071895966386858,8.723235324711624,0.28349486964355297,0.028147120521266913,0.033210060290598205,False,1.1890724893978184,0.28349486964355364,0.0,5.622936248124666,0.6752109595497476,0.5622936248124666,0.06752109595497477,False,-50.87241428422672,-49.32593644846455,0.030399143770176097,0.08138614147680075,1.0,0.08138614147680075,0.0,2,2,0.2003501482014924,0.3417236377300703,1.705632068644134,3.225864020350855e-12,7.365247510488384e-19
pendcart,3,3,18,7.767465934146825,7.771486825010835,10.071895966386858,8.723235324711624,0.021127726894122532,0.002097691136269926,0.002720028265749091,False,0.15295825892120005,0.021127726894124576,0.0,7.695114857450866,0.07499819376909844,0.7695114857450867,0.007499819376909844,False,-46.042879223949505,-46.099560356152146,0.0012310509932914441,0.16309209217151366,1.0,0.16309209217151366,0.0,2,2,0.2003501482014924,0.3417236377300703,1.705632068644134,6.821210263296962e-13,1.21854637363449e-17
pendcart,3,3,24,8.160463535653628,8.275835262879715,10.071895966386858,8.723235324711624,0.14464972445938226,0.014361717490145321,0.017725674997185838,False,0.6083263260351257,0.144649724459379,0.0,6.498688248835127,0.3197049658053355,0.6498688248835127,0.031970496580533546,False,-48.441650324600786,-49.15353273519748,0.014695668001120281,0.1090928171546565,1.0,0.1090928171546565,0.0,2,2,0.2003501482014924,0.3417236377300703,1.705632068644134,9.592326932761353e-13,4.2314188663414815e-18
pendcart,3,3,30,8.772965246855957,8.833865806307356,10.071895966386858,8.723235324711624,0.0800381383892345,0.007946680412143593,0.009123270882432647,False,0.3380129067195604,0.08003813838923561,0.0,4.812156933137578,0.20145886018551767,0.4812156933137578,0.020145886018551766,False,-52.46202285380882,-52.90071725194818,0.008362132725263595,0.055579867288614755,1.0,0.055579867288614755,0.0,2,2,0.2003501482014924,0.3417236377300703,1.705632068644134,7.247535904753022e-13,3.961858150828862e-17
pendcart,3,3,37,8.879327511602892,8.848091189831335,10.071895966386858,8.723235324711624,0.03570037460920142,0.0035445535506269128,0.004020616940027343,False,0.11173897135154798,0.035700374609200745,0.0,4.585465989114691,0.07080480905731629,0.4585465989114691,0.007080480905731629,False,-53.262544166602936,-53.03658884085148,0.004242293140272803,0.05033741292813602,1.0,0.05033741292813602,0.0,2,2,0.2003501482014924,0.3417236377300703,1.705632068644134,8.171241461241152e-13,1.402119616565781e-16
pendcart,3,3,43,8.662871700642802,8.633533737666832,10.071895966386858,8.723235324711624,0.037692052987893965,0.0037422996736348763,0.004350988250824163,False,0.15677678999251657,0.037692052987895526,0.0,5.183983697242679,0.09151158450552246,0.5183983697242679,0.009151158450552246,False,-51.70894070322863,-51.50254579067354,0.0039914743900797715,0.06625185898624572,1.0,0.06625185898624572,0.0,2,2,0.2003501482014924,0.3417236377300703,1.705632068644134,2.0463630789890885e-12,1.0239511713904823e-16
pendcart,3,3,49,8.576553656251782,8.582668542955664,10.071895966386858,8.723235324711624,0.006227452623381704,0.00061829993520234,0.0007261019837312243,False,0.007871495633539007,0.006227452623381017,0.0,5.40314859978186,0.0054127196888187346,0.540314859978186,0.0005412719688818735,False,-51.104519752777996,-51.14598219218606,0.0008113262703307343,0.07247392673261906,1.0,0.07247392673261906,0.0,2,2,0.2003501482014924,0.3417236377300703,1.705632068644134,4.618527782440651e-13,1.4011235901409932e-17
pendcart,3,3,55,8.663116493176437,8.68267650127207,10.071895966386858,8.723235324711624,0.02402833964197016,0.0023856818738160544,0.002773636907791353,False,0.09219697887905766,0.024028339641970715,0.0,5.1545069580012335,0.054387992341173336,0.5154506958001234,0.005438799234117333,False,-51.700139641549164,-51.83665942251597,0.0026406075866203748,0.06507837576253124,1.0,0.06507837576253124,0.0,2,2,0.2003501482014924,0.3417236377300703,1.705632068644134,1.4708234630234074e-12,1.0166447672824864e-16
pendcart,3,3,61,8.75645678485872,8.763691738493785,10.071895966386858,8.723235324711624,0.009858250611660747,0.000978787970463643,0.0011258264448592039,False,0.0437976050132008,0.009858250611659727,0.0,4.904326240279362,0.02583079975648442,0.4904326240279362,0.0025830799756484417,False,-52.35949469712589,-52.41183060394545,0.0009995495014284445,0.05826783190210934,1.0,0.05826783190210934,0.0,2,2,0.2003501482014924,0.3417236377300703,1.705632068644134,1.9610979506978765e-12,3.32032133423395e-19
pendcart,3,3,67,8.762690566064789,8.75714179094819,10.071895966386858,8.723235324711624,0.006372194715047377,0.0006326708234788594,0.0007271961353656525,False,0.020492224282263397,0.006372194715044013,0.0,4.895635157081744,0.012616861541830796,0.48956351570817436,0.0012616861541830796,False,-52.407970308061415,-52.3687087684774,0.0007491520727330839,0.05810930911310786,1.0,0.05810930911310786,0.0,2,2,0.2003501482014924,0.3417236377300703,1.705632068644134,7.105427357601002e-13,4.372559754989838e-18
pendcart,3,3,74,8.718158964035547,8.713518564891096,10.071895966386858,8.723235324711624,0.006000015912277987,0.0005957186146781063,0.0006882205219048495,False,0.025003511417766137,0.006000015912278018,0.0,5.018154719338285,0.014752712531290027,0.5018154719338285,0.0014752712531290028,False,-52.091561875179444,-52.05851106238731,0.0006344753661126339,0.06141802334909791,1.0,0.06141802334909791,0.0,2,2,0.2003501482014924,0.3417236377300703,1.705632068644134,1.7763568394002505e-12,3.765341368431263e-19
pendcart,3,3,80,8.705749603323618,8.70696999659955,10.071895966386858,8.723235324711624,0.0012826571642793197,0.00012735012043015113,0.00014733448843849543,False,0.002597998695461876,0.0012826571642785332,0.0,5.0486608125858945,0.0016971042363067013,0.5048660812585894,0.00016971042363067012,False,-52.00246656856295,-52.01089395754178,0.0001620574856332925,0.06222393968652893,1.0,0.06222393968652893,0.0,2,2,0.2003501482014924,0.3417236377300703,1.705632068644134,5.826450433232822e-13,2.24385913593589e-16
pendcart,3,3,86,8.719747102206089,8.72256804961281,10.071895966386858,8.723235324711624,0.0034889580327827257,0.0003464052889770204,0.00040012147048393434,False,0.013488126131686286,0.0034889580327826407,0.0,5.008800354293063,0.008036275495843312,0.5008800354293064,0.0008036275495843312,False,-52.100743177714236,-52.12072458338981,0.00038351479186039014,0.06111622188485394,1.0,0.06111622188485394,0.0,2,2,0.2003501482014924,0.3417236377300703,1.705632068644134,7.744915819785092e-13,3.854039282220398e-17
pendcart,3,3,92,8.73194298463906,8.732559156401068,10.071895966386858,8.723235324711624,0.0009291712028443176,9.225385229804393e-05,0.00010641058977124385,False,0.004563317111380961,0.0009291712028436647,0.0,4.976429013139426,0.0026455048470871052,0.4976429013139426,0.0002645504847087105,False,-52.18758936705672,-52.19207471474856,8.594663494213562e-05,0.0602463183334455,1.0,0.0602463183334455,0.0,2,2,0.2003501482014924,0.3417236377300703,1.705632068644134,1.1795009413617663e-12,1.2226701693002126e-16
pendcart,3,3,98,8.730236055369199,8.729080816266091,10.071895966386858,8.723235324711624,0.0013641754794406823,0.00013544376192857558,0.00015625871634956516,False,0.004761921575756712,0.0013641754794398453,0.0,4.982255314087678,0.002880718695765734,0.4982255314087678,0.0002880718695765734,False,-52.17602045762593,-52.16786636234974,0.00015628051362813426,0.06041550181819886,1.0,0.06041550181819886,0.0,2,2,0.2003501482014924,0.3417236377300703,1.705632068644134,1.8403056856186595e-12,5.124126749643794e-17
pendcart,3,3,104,8.723229434249284,8.722370732415294,10.071895966386858,8.723235324711624,0.0011034723902113134,0.00010955955004836767,0.00012649815054489367,False,0.004552134456307438,0.001103472390210746,0.0,5.001412955087644,0.0026922130118790725,0.5001412955087644,0.00026922130118790723,False,-52.126371312530765,-52.12025435302493,0.00011734865389260692,0.06093662593224535,1.0,0.06093662593224535,0.0,2,2,0.2003501482014924,0.3417236377300703,1.705632068644134,1.1510792319313623e-12,3.853321094310135e-17
pendcart,3,3,111,8.72084416113101,8.721105280891331,10.071895966386858,8.723235324711624,0.00028596616292410776,2.839248577213947e-05,3.279111031460292e-05,False,0.0007659791463481664,0.0002859661629237958,0.0,5.007259985098377,0.0004795552916903407,0.5007259985098378,4.795552916903407e-05,False,-52.10920700257632,-52.11102713872026,3.492926199876643e-05,0.061089997330825395,1.0,0.061089997330825395,0.0,2,2,0.2003501482014924,0.3417236377300703,1.705632068644134,4.263256414560601e-13,5.987734366637597e-17
pendcart,3,3,117,8.723241215173966,8.723664210429703,10.071895966386858,8.723235324711624,0.0005282929244356883,5.2452182409227715e-05,6.056154030416236e-05,False,0.0020787377351561835,0.0005282929244324395,0.0,5.000508370835646,0.001236440680917723,0.5000508370835646,0.0001236440680917723,False,-52.126101575983,-52.12910442100446,5.760732014623801e-05,0.060904240251882534,1.0,0.060904240251882534,0.0,2,2,0.2003501482014924,0.3417236377300703,1.705632068644134,9.876544027065393e-13,2.263732500700495e-18
pendcart,3,3,123,8.724901162038787,8.724941837089728,10.071895966386858,8.723235324711624,8.042048019057939e-05,7.984641666173705e-06,9.217351428630645e-06,False,0.00045558404968835253,8.042048019042748e-05,0.0,4.996156090928925,0.00025896913308991534,0.4996156090928925,2.5896913308991536e-05,False,-52.13794366172295,-52.13824909893299,5.858251948325066e-06,0.06078760875690886,1.0,0.06078760875690886,0.0,2,2,0.2003501482014924,0.3417236377300703,1.705632068644134,5.400124791776761e-13,6.147359630162849e-17
pendcart,3,3,129,8.72437136777308,8.724171483447083,10.071895966386858,8.723235324711624,0.0002396018270569663,2.3789148324862997e-05,2.74635061893434e-05,False,0.0008676751653306712,0.00023960182705774224,0.0,4.997773693149107,0.0005218929969526705,0.4997773693149107,5.2189299695267055e-05,False,-52.13426579477491,-52.132853890858804,2.708207154322014e-05,0.06083326738751269,1.0,0.06083326738751269,0.0,2,2,0.2003501482014924,0.3417236377300703,1.705632068644134,1.3500311979441904e-12,1.3229814072013024e-17
pendcart,3,3,135,8.723270630539842,8.723155685091582,10.071895966386858,8.723235324711624,0.0001506003241196576,1.4952529754304363e-05,1.726420404663493e-05,False,0.0006391098830422705,0.00015060032411979847,0.0,5.000762974714834,0.00037686602825659466,0.5000762974714834,3.7686602825659465e-05,False,-52.126460785221866,-52.12564009218907,1.5744269233518438e-05,0.06091448741016804,1.0,0.06091448741016804,0.0,2,2,0.2003501482014924,0.3417236377300703,1.705632068644134,3.694822225952521e-13,7.463221013223566e-17
pendcart,3,3,141,8.723011229404511,8.723054583554516,10.071895966386858,8.723235324711624,4.731084849502405e-05,4.697313063291708e-06,5.423683089566972e-06,False,0.0001244080334183027,4.7310848494679776e-05,0.0,5.0013774230955015,7.778943939667051e-05,0.5001377423095501,7.77894393966705e-06,False,-52.12458329876684,-52.12488540198037,5.795791436901974e-06,0.06093033724352433,1.0,0.06093033724352433,0.0,2,2,0.2003501482014924,0.3417236377300703,1.705632068644134,8.739675649849232e-13,2.051839681368487e-16
pendcart,3,3,148,8.72349122085958,8.723557410625174,10.071895966386858,8.723235324711624,8.353006944095884e-05,8.293380880792e-06,9.575302745903158e-06,False,0.00033465748868241184,8.353006944115397e-05,0.0,5.000034083619535,0.00019872768395837203,0.5000034083619534,1.9872768395837202e-05,False,-52.12796963325309,-52.128440131590345,9.02583278358717e-06,0.060893467862493396,1.0,0.060893467862493396,0.0,2,2,0.2003501482014924,0.3417236377300703,1.705632068644134,1.4352963262354024e-12,7.102768185353447e-17
cstr,1,2,0,3793.0751902577335,2731.128763889036,3793.0751902577335,2.7021098249069983e-05,1061.961632346334,0.2799737888333754,0.2799737888333754,False,0.10116514419706867,1061.9616323463335,0.0,0.0,0.0,0.0,0.0,True,-3404.760030526873,-2314.350920817321,0.3202601945314823,0.0,1.0,0.0,0.0,2,2,0.11920134987966657,954.5075242631683,8007.522777441203,0.0,0.0
cstr,1,2,4,102.19856585682447,79.42512799500244,3793.0751902577335,2.7021098249069983e-05,22.773437874228005,0.006003951077141865,0.22283520011555302,False,0.00047804234294095425,22.773437874227998,0.0,0.023871117008704118,0.023871117008704118,0.011935558504352059,0.011935558504352059,True,-11.547357019715943,-8.01266851837294,0.30610368202073246,0.03390838426929188,1.0,0.03390838426929188,0.0,1,1,0.11920134987966657,954.5075242631683,8007.522777441203,3.552713678800501e-15,1.1613634024499159e-11
cstr,1,2,8,35.98257833178351,27.114052733510484,3793.0751902577335,2.7021098249069983e-05,8.868525598280252,0.0023380832578954623,0.24646720744985245,False,2.077320937910124e-05,8.868525598280268,0.0,0.00929599843068124,0.00929599843068124,0.00464799921534062,0.00464799921534062,True,-2.778479805210541,-1.9529903171695087,0.2971011293632491,0.021097476011460198,1.0,0.021097476011460198,0.0,1,1,0.11920134987966657,954.5075242631683,8007.522777441203,8.881784197001252e-16,4.7522889829513574e-11
cstr,1,2,12,10.206867741877495,6.755371341555878,3793.0751902577335,2.7021098249069983e-05,3.451496400361487,0.0009099467390539556,0.3381543180186838,False,0.00011446618132285128,3.4514964003614867,0.0,0.0036178623806127214,0.0036178623806127214,0.0018089311903063607,0.0018089311903063607,True,-0.6075581658849398,-0.36970823290551624,0.23784993297942358,0.006240823062787559,0.36970823290551624,0.016880400562739113,0.0,1,1,0.11920134987966657,954.5075242631683,8007.522777441203,0.0294287303774588,9.292420564704785e-11
cstr,1,2,16,0.24915235344841727,0.03302329049118707,3793.0751902577335,2.7021098249069983e-05,0.21612906295833825,5.697990472570954e-05,0.867457441067616,False,0.0004371512830177741,0.2161290629583388,0.0,0.1085201062456265,0.1085201062456265,0.05426005312281325,0.05426005312281325,True,-0.000965129381869241,-1.6950769798187795e-05,0.0009481786120710532,0.0007262574108294978,1.6950769798187795e-05,42.84509904129203,0.0,0,0,0.11920134987966657,954.5075242631683,8007.522777441203,1.551040993232923e-14,9.582297418038367e-11
cstr,1,2,20,8.331240065996914e-05,1.666882149600317e-05,3793.0751902577335,2.7021098249069983e-05,6.664560645727533e-05,1.757033623495e-08,,True,,6.664560645727536e-05,0.0,3.365304575164454e-05,3.365304575164454e-05,1.682652287582227e-05,1.682652287582227e-05,True,-9.609335681086321e-11,-2.1590936229844734e-12,9.393426318787874e-11,6.473851174588585e-11,2.1590936229844734e-12,29.984115119750598,0.0,0,0,0.11920134987966657,954.5075242631683,8007.522777441203,2.0250532548053062e-12,1.7034028610776477e-11
cstr,1,2,24,4.405536190949013e-06,1.2863083894653184e-05,3793.0751902577335,2.7021098249069983e-05,8.470951781150633e-06,2.2332675616100942e-09,,True,,8.470951781150637e-06,0.0,1.8753850365083172e-06,1.8753850365083172e-06,9.376925182541586e-07,9.376925182541586e-07,True,-1.2228990430684032e-12,-2.7624973345160094e-12,1.5395982914476062e-12,3.366208229865284e-14,2.7624973345160094e-12,0.01218538091532691,0.0,0,0,0.11920134987966657,954.5075242631683,8007.522777441203,2.6873677332727856e-12,9.52570248181919e-11
cstr,1,2,28,2.243025621112646e-05,1.810168197167434e-05,3793.0751902577335,2.7021098249069983e-05,4.3464579727749515e-06,1.1458929113608256e-09,,True,,4.346457972774967e-06,0.0,8.338029041844711e-07,8.338029041844711e-07,4.1690145209223554e-07,4.1690145209223554e-07,True,-7.183835074060463e-12,-8.265144219297822e-12,1.0813091452373597e-12,-7.812206637110435e-15,8.265144219297822e-12,-0.0009451990709212491,0.0,0,0,0.11920134987966657,954.5075242631683,8007.522777441203,8.104536038147938e-12,1.2141873056720993e-10
cstr,1,2,32,2.6595741602143714e-05,2.7215537490500203e-05,3793.0751902577335,2.7021098249069983e-05,6.197993789307326e-07,1.6340287177081196e-10,,True,,6.197993789307328e-07,0.0,3.564178536201771e-07,3.564178536201771e-07,1.7820892681008855e-07,1.7820892681008855e-07,True,-1.0706262597634666e-11,-1.118172993422593e-11,4.754673365912636e-13,-4.169357800369964e-14,1.118172993422593e-11,-0.0037287233951233804,0.0,0,0,0.11920134987966657,954.5075242631683,8007.522777441203,1.0804362981864003e-11,6.320911824125995e-11
cstr,1,2,36,2.5701278076298607e-05,2.5594717228066495e-05,3793.0751902577335,2.7021098249069983e-05,1.0921903410692733e-07,2.8794323504962227e-11,,True,,1.0921903410695366e-07,0.0,3.124915629609131e-07,3.124915629609131e-07,1.5624578148045655e-07,1.5624578148045655e-07,True,-1.2198299859186212e-11,-1.2415943262484126e-11,2.176434032979144e-13,-3.144959322246536e-14,1.2415943262484126e-11,-0.0025330007199286337,0.0,0,0,0.11920134987966657,954.5075242631683,8007.522777441203,1.2083321121992478e-11,9.535288053008001e-11
cstr,1,2,40,2.6413386160310745e-05,2.6932240740768993e-05,3793.0751902577335,2.7021098249069983e-05,5.1962944672225e-07,1.369942383575428e-10,,True,,5.196294467222579e-07,0.0,2.2036628489564777e-07,2.2036628489564777e-07,1.1018314244782388e-07,1.1018314244782388e-07,True,-1.289731945318578e-11,-1.3019091363294097e-11,1.217719101083172e-13,1.9798359508732182e-14,1.3019091363294097e-11,0.0015207174568688787,0.0,0,0,0.11920134987966657,954.5075242631683,8007.522777441203,1.2649592570500656e-11,9.496366647791975e-11
cstr,1,2,44,2.7168285559557782e-05,2.7100693590079743e-05,3793.0751902577335,2.7021098249069983e-05,6.792082177725526e-08,1.7906531869366963e-11,,True,,6.792082177726154e-08,0.0,1.9604438320219893e-07,1.9604438320219893e-07,9.802219160109947e-08,9.802219160109947e-08,True,-1.3145817168639325e-11,-1.3155322786161764e-11,9.505617522439053e-15,-2.418941142367948e-14,1.3155322786161764e-11,-0.0018387546863635,0.0,0,0,0.11920134987966657,954.5075242631683,8007.522777441203,1.2781036568115746e-11,9.892037649078218e-11
cstr,1,2,49,2.7077409861895727e-05,2.7096820873929393e-05,3793.0751902577335,2.7021098249069983e-05,1.9416871800733775e-08,5.11903161071121e-12,,True,,1.9416871800726506e-08,0.0,2.716318442687145e-07,2.716318442687145e-07,1.3581592213435725e-07,1.3581592213435725e-07,True,-1.3281239959162164e-11,-1.3265122802756051e-11,1.6117156406112882e-14,-2.889935842326261e-14,1.3265122802756051e-11,-0.0021785971266891162,0.0,0,0,0.11920134987966657,954.5075242631683,8007.522777441203,1.289093735819576e-11,9.460622297488477e-11
cstr,1,2,53,2.7117577448602076e-05,2.7107250208641275e-05,3793.0751902577335,2.7021098249069983e-05,1.037621021544804e-08,2.735566709064629e-12,,True,,1.0376210215424854e-08,0.0,6.04783412484923e-08,6.04783412484923e-08,3.023917062424615e-08,3.023917062424615e-08,True,-1.3303458968986713e-11,-1.3314460695363252e-11,1.1001726376539247e-14,6.112193377705025e-15,1.3314460695363252e-11,0.0004590642848818946,0.0,0,0,0.11920134987966657,954.5075242631683,8007.522777441203,1.2939976385526821e-11,9.524067771238338e-11
cstr,1,2,57,2.703624585805152e-05,2.700595064008844e-05,3793.0751902577335,2.7021098249069983e-05,3.0378955588997806e-08,8.009057048756685e-12,,True,,3.037895558901027e-08,0.0,1.585317432236766e-07,1.585317432236766e-07,7.92658716118383e-08,7.92658716118383e-08,True,-1.33071757348792e-11,-1.329199183498298e-11,1.5183899896220106e-14,-1.8505198571804964e-14,1.329199183498298e-11,-0.0013922065858558105,0.0,0,0,0.11920134987966657,954.5075242631683,8007.522777441203,1.2920379146092846e-11,9.538601944644308e-11
cstr,1,2,61,2.6873112924615796e-05,2.678613094728265e-05,3793.0751902577335,2.7021098249069983e-05,8.719829127080711e-08,2.2988811688935204e-11,,True,,8.719829127081015e-08,0.0,3.7029322211214505e-08,3.7029322211214505e-08,1.8514661105607252e-08,1.8514661105607252e-08,True,-1.3316280177166642e-11,-1.3326488100985986e-11,1.0207923819343289e-14,6.5840781641549555e-15,1.3326488100985986e-11,0.0004940595087214178,0.0,0,0,0.11920134987966657,954.5075242631683,8007.522777441203,1.2961071508229337e-11,9.207410915750417e-11
cstr,1,2,65,2.4936307941213317e-05,3.0087250033818562e-05,3793.0751902577335,2.7021098249069983e-05,5.1621276031327245e-06,1.3609346886640458e-09,,True,,5.162127603132748e-06,0.0,4.710190168306862e-07,4.710190168306862e-07,2.355095084153431e-07,2.355095084153431e-07,True,-1.3325137634601513e-11,-1.3400932463988368e-11,7.579482938685502e-14,5.170977048951807e-14,1.3400932463988368e-11,0.0038586695835140625,0.0,0,0,0.11920134987966657,954.5075242631683,8007.522777441203,1.2937119850122836e-11,9.422288511524123e-11
cstr,1,2,69,2.7058287525894858e-05,2.7489019576244997e-05,3793.0751902577335,2.7021098249069983e-05,4.31804951523601e-07,1.1384033531227218e-10,,True,,4.3180495152360014e-07,0.0,1.0399862538371323e-09,1.0399862538371323e-09,5.199931269185662e-10,5.199931269185662e-10,True,-1.3317698962455321e-11,-1.3289620751643236e-11,2.8078210812085247e-14,-1.9789518459377063e-15,1.3289620751643236e-11,-0.0001489095801092001,0.0,0,0,0.11920134987966657,954.5075242631683,8007.522777441203,1.2904213119566348e-11,9.290224179978839e-11
cstr,1,2,73,2.6952543291120746e-05,2.673928023363031e-05,3793.0751902577335,2.7021098249069983e-05,2.1370943811371883e-07,5.6341998878012644e-11,,True,,2.137094381137372e-07,0.0,1.7958849830293605e-07,1.7958849830293605e-07,8.979424915146803e-08,8.979424915146803e-08,True,-1.3218493561373347e-11,-1.3196325331797849e-11,2.2168229575498547e-14,-1.2549788701239784e-14,1.3196325331797849e-11,-0.0009510063131741553,0.0,0,0,0.11920134987966657,954.5075242631683,8007.522777441203,1.283223363859161e-11,1.5739542768514837e-11
cstr,1,2,77,2.3455808443321532e-05,2.6290153720981637e-05,3793.0751902577335,2.7021098249069983e-05,2.8415839037030566e-06,7.491504283915805e-10,,True,,2.8415839037030524e-06,0.0,5.9321887696193373e-08,5.9321887696193373e-08,2.9660943848096687e-08,2.9660943848096687e-08,True,-1.3210600565582995e-11,-1.3270463006769542e-11,5.986244118654639e-14,-2.8717647803687e-15,1.3270463006769542e-11,-0.00021640275692745253,0.0,0,0,0.11920134987966657,954.5075242631683,8007.522777441203,1.2918848905298861e-11,9.546573288755946e-11
cstr,1,2,81,2.7353956097659903e-05,2.6526345582503897e-05,3793.0751902577335,2.7021098249069983e-05,8.29366684636316e-07,2.186528457876317e-10,,True,,8.293666846363261e-07,0.0,2.2911670193966116e-08,2.2911670193966116e-08,1.1455835096983058e-08,1.1455835096983058e-08,True,-1.3162049428887438e-11,-1.3142276911730606e-11,1.9772517156832435e-14,7.080000325630883e-15,1.3142276911730606e-11,0.0005387194603479537,0.0,0,0,0.11920134987966657,954.5075242631683,8007.522777441203,1.2784136356933034e-11,9.595296541389242e-11
cstr,1,2,85,2.8934056551677455e-05,2.8513014662041315e-05,3793.0751902577335,2.7021098249069983e-05,4.2163567171720146e-07,1.1115932339019938e-10,,True,,4.216356717171951e-07,0.0,6.254123852784147e-08,6.254123852784147e-08,3.127061926392073e-08,3.127061926392073e-08,True,-1.314522891673979e-11,-1.3074868834750445e-11,7.036008198934474e-14,-5.132096227558402e-15,1.3074868834750445e-11,-0.0003925160774017322,0.0,0,0,0.11920134987966657,954.5075242631683,8007.522777441203,1.2659428091240468e-11,9.218341218069749e-11
cstr,1,2,89,1.2570635545669016e-05,2.475241829737074e-05,3793.0751902577335,2.7021098249069983e-05,1.2243441339730486e-05,3.227840400099889e-09,,True,,1.2243441339730472e-05,0.0,3.679998278981695e-08,3.679998278981695e-08,1.8399991394908475e-08,1.8399991394908475e-08,True,-1.302141207932269e-11,-1.3173834727967928e-11,1.5242264864523829e-13,2.1870900439108e-14,1.3173834727967928e-11,0.0016601772293891226,0.0,0,0,0.11920134987966657,954.5075242631683,8007.522777441203,1.2863370552065633e-11,9.472565372735915e-11
cstr,1,2,93,2.3654481643578588e-05,2.5126529414012683e-05,3793.0751902577335,2.7021098249069983e-05,1.4760615415503845e-06,3.8914639639666315e-10,,True,,1.4760615415503752e-06,0.0,1.3831236358752044e-07,1.3831236358752044e-07,6.915618179376022e-08,6.915618179376022e-08,True,-1.2909306441120513e-11,-1.2874686368028106e-11,3.4620073092406145e-14,-2.1771571035122504e-14,1.2874686368028106e-11,-0.0016910370018168488,0.0,0,0,0.11920134987966657,954.5075242631683,8007.522777441203,1.255446869077068e-11,9.53254775105636e-11
cstr,1,2,98,2.6865086080739035e-05,2.669927242428599e-05,3793.0751902577335,2.7021098249069983e-05,1.6602071475233826e-07,4.3769423600869197e-11,,True,,1.6602071475232817e-07,0.0,7.421058397269183e-08,7.421058397269183e-08,3.7105291986345916e-08,3.7105291986345916e-08,True,-1.2658206698798927e-11,-1.2625049421996155e-11,3.3157276802772163e-14,8.608125835603101e-15,1.2625049421996155e-11,0.0006818290802573401,0.0,0,0,0.11920134987966657,954.5075242631683,8007.522777441203,1.2262133800998225e-11,1.0529456818977662e-10
cstr,3,6,0,6344.445038322568,4475.725801912995,6344.445038322568,0.0008474384582607278,1871.033953120325,0.29490900178323787,0.29490900178323787,False,1.0003914866013055,1871.033953120324,0.0,0.4626767279099012,0.4626767279099012,0.2313383639549506,0.2313383639549506,False,-6889.408092026945,-3654.994868586783,0.469476213375039,0.0274542483171256,1.0,0.0274542483171256,0.16666666666666666,6,5,0.02135629115282952,2794.824348935617,130866.55959760725,4.547473508864641e-12,1.8824071748150813e-12
cstr,3,6,4,1044.0695545465048,2719.1121783351477,6344.445038322568,0.0008474384582607278,1679.5557129368801,0.2647285464357879,1.6086626658378147,False,4.185025628299036,1679.5557129368801,0.0,1.1800891052376525,2.349384516601539,0.5900445526188263,1.1746922583007695,False,-248.61872224822807,-1331.2971376202886,4.354774272756029,0.17696647957921938,1.0,0.17696647957921938,0.5,4,2,0.02135629115282952,2794.824348935617,130866.55959760725,0.35403254905531867,8.099354676380664e-12
cstr,3,6,8,0.10756782107909894,0.04110317389985884,6344.445038322568,0.0008474384582607278,0.1486566414292395,2.3430992077526677e-05,1.3819805954787008,False,178.21984206764515,0.14865664142923954,0.0,5.255201664772425e-06,0.001148525111008369,2.6276008323862124e-06,0.0005742625555041845,False,-2.404449609648648e-06,-3.0689215190689413e-07,2.097557457741754e-06,1.0527032224712291e-09,3.0689215190689413e-07,0.0034302057446897547,0.0,0,0,0.02135629115282952,2794.824348935617,130866.55959760725,3.9695668234718944e-11,1.5714435825135352e-09
cstr,3,6,12,0.0007227870284472453,0.0008539632949433376,6344.445038322568,0.0008474384582607278,0.000131197974680617,2.067918846930463e-08,,True,,0.00013119797468061706,0.0,9.247035065635118e-06,4.1853370599615936e-06,4.623517532817559e-06,2.0926685299807968e-06,False,-1.0449734413915361e-10,-1.4355702542656014e-10,3.905968128740652e-11,2.87317017480948e-11,1.4355702542656014e-10,0.20014138397422532,0.0,0,0,0.02135629115282952,2794.824348935617,130866.55959760725,4.3185399839036613e-11,7.659178892650855e-11
cstr,3,6,16,0.0008784320592354167,0.000930077265934789,6344.445038322568,0.0008474384582607278,5.16512309891267e-05,8.141173999796045e-09,,True,,5.165123098912673e-05,0.0,2.9981086212881957e-06,1.738306047156704e-06,1.4990543106440979e-06,8.69153023578352e-07,False,-1.5021458503856207e-10,-1.6910038439961341e-10,1.8885799361051345e-11,3.4139484632897946e-12,1.6910038439961341e-10,0.02018888647362294,0.0,0,0,0.02135629115282952,2794.824348935617,130866.55959760725,1.483516817117213e-11,1.2647902652929226e-09
cstr,3,6,20,0.0008754154133063964,0.0006980859067518145,6344.445038322568,0.0008474384582607278,0.00017733341436584177,2.795097337823698e-08,,True,,0.0001773334143658418,0.0,9.539974571822987e-06,7.955885774877558e-06,4.7699872859114934e-06,3.977942887438779e-06,False,-1.5072325122961724e-10,-9.660042422547205e-11,5.4122827004145196e-11,4.1836965908561776e-12,9.660042422547205e-11,0.04330929832244982,0.0,0,0,0.02135629115282952,2794.824348935617,130866.55959760725,2.9038491366736027e-09,4.069027798363295e-10
cstr,3,6,24,0.0007109830323139961,0.0008762230336631988,6344.445038322568,0.0008474384582607278,0.00016525369202770646,2.6046989300012682e-08,,True,,0.0001652536920277065,0.0,9.338699182242896e-06,4.768401382945647e-06,4.669349591121448e-06,2.3842006914728236e-06,False,-1.0027188996609761e-10,-1.5010787098085623e-10,4.9835981014758614e-11,1.0338756796015976e-10,1.5010787098085623e-10,0.6887551417829724,0.0,0,0,0.02135629115282952,2794.824348935617,130866.55959760725,2.5298333634056422e-11,2.4422586233732957e-09
cstr,3,6,28,0.0008602105056125279,0.0009125721286373342,6344.445038322568,0.0008474384582607278,5.2365497057370596e-05,8.253755331012484e-09,,True,,5.236549705737052e-05,0.0,9.584212014130534e-06,9.568607759109238e-06,4.792106007065267e-06,4.784303879554619e-06,False,-1.441296662025768e-10,-1.6355923103919074e-10,1.9429564836613946e-11,6.1792031708340805e-12,1.6355923103919074e-10,0.03777960517161804,0.0,0,0,0.02135629115282952,2794.824348935617,130866.55959760725,1.7803629357120369e-09,4.256320781601581e-10
cstr,3,6,32,0.0008658786833673135,0.0006898300965909708,6344.445038322568,0.0008474384582607278,0.00017605258686928546,2.774909165512019e-08,,True,,0.00017605258686928546,0.0,4.963980277457849e-06,2.4859846229903546e-06,2.4819901387289245e-06,1.2429923114951773e-06,False,-1.4739143029583055e-10,-9.391432137527934e-11,5.347710892055121e-11,1.2411186828602289e-11,9.391432137527934e-11,0.13215435778966542,0.0,0,0,0.02135629115282952,2794.824348935617,130866.55959760725,6.306096216038545e-12,7.523462185427874e-10
cstr,3,6,36,0.0007019450521063232,0.0008653057757566113,6344.445038322568,0.0008474384582607278,0.000163374247711507,2.5750754671948763e-08,,True,,0.00016337424771150692,0.0,6.549762767210361e-06,4.0488141076389895e-06,3.2748813836051806e-06,2.0244070538194948e-06,False,-9.808962170086294e-11,-1.46521877728423e-10,4.843225602756006e-11,9.170960675511156e-11,1.46521877728423e-10,0.6259106706583061,0.0,0,0,0.02135629115282952,2794.824348935617,130866.55959760725,4.1349475519413156e-11,1.4885684759448575e-09
cstr,3,6,40,0.0008494600131892086,0.0009010976424383533,6344.445038322568,0.0008474384582607278,5.164146118071267e-05,8.139634100190165e-09,,True,,5.164146118071255e-05,0.0,7.994405691418629e-06,5.6236247415664885e-06,3.997202845709314e-06,2.8118123707832443e-06,False,-1.406613330473545e-10,-1.589852989482244e-10,1.8323965900869896e-11,1.603746136551159e-10,1.589852989482244e-10,1.0087386363146944,0.0,0,0,0.02135629115282952,2794.824348935617,130866.55959760725,8.227414039705962e-12,1.058606169436851e-09
cstr,3,6,44,0.0008550622898160848,0.0006812319706626683,6344.445038322568,0.0008474384582607278,0.0001738342708605403,2.7399444681216913e-08,,True,,0.00017383427086054023,0.0,6.4347720159176285e-06,1.5504395827152137e-06,3.2173860079588143e-06,7.752197913576068e-07,False,-1.438621152746439e-10,-9.189130721175505e-11,5.197080806288884e-11,4.650893302357166e-11,9.189130721175505e-11,0.5061298444301822,0.0,0,0,0.02135629115282952,2794.824348935617,130866.55959760725,3.5624561963738234e-10,1.9936030245287225e-09
cstr,3,6,49,0.0008630059917773084,0.0008592119717331716,6344.445038322568,0.0008474384582607278,3.916483002499339e-06,6.173089969008279e-10,,True,,3.916483002499429e-06,0.0,4.686683595955706e-06,3.914038768536716e-06,2.343341797977853e-06,1.957019384268358e-06,False,-1.4519240119469733e-10,-1.4501161974208137e-10,1.807814526159619e-13,7.54546566599271e-12,1.4501161974208137e-10,0.05203352448178378,0.0,0,0,0.02135629115282952,2794.824348935617,130866.55959760725,3.371142095415674e-11,1.9172348467856567e-09
cstr,3,6,53,0.0008577073813382752,0.0006789576872451445,6344.445038322568,0.0008474384582607278,0.00017875457387652707,2.817497398066966e-08,,True,,0.000178754573876527,0.0,1.0008991353037998e-05,9.183120966334309e-06,5.004495676518999e-06,4.5915604831671545e-06,False,-1.4459626283601446e-10,-9.109574362497182e-11,5.350051921104264e-11,2.4954835538978916e-10,9.109574362497182e-11,2.739407413118489,0.0,0,0,0.02135629115282952,2794.824348935617,130866.55959760725,6.875224070767731e-11,2.4500750271634882e-08
cstr,3,6,57,0.0006769797088646525,0.0008563954279776914,6344.445038322568,0.0008474384582607278,0.00017942900488906855,2.828127658215296e-08,,True,,0.00017942900488906847,0.0,8.23002840255854e-06,4.7142556823413465e-06,4.11501420127927e-06,2.3571278411706733e-06,False,-9.0518851379422e-11,-1.4312399725102007e-10,5.2605145871598074e-11,6.4423996569734685e-12,1.4312399725102007e-10,0.04501271471390206,0.0,0,0,0.02135629115282952,2794.824348935617,130866.55959760725,2.2631263486944802e-11,1.3323856586181648e-08
cstr,3,6,61,0.0008539944893911153,0.0008503455431395743,6344.445038322568,0.0008474384582607278,3.776166683943462e-06,5.951925914928972e-10,,True,,3.7761666839434934e-06,0.0,7.026186629020161e-06,3.163989009878541e-06,3.5130933145100807e-06,1.5819945049392704e-06,False,-1.425579278983368e-10,-1.420822912762397e-10,4.756366220970988e-13,1.402831090233228e-10,1.420822912762397e-10,0.9873370408320704,0.0,0,0,0.02135629115282952,2794.824348935617,130866.55959760725,2.5252860792853193e-10,7.202672653561812e-10
cstr,3,6,65,0.0008479807030612953,0.0006713645136190711,6344.445038322568,0.0008474384582607278,0.00017662099621831544,2.783868331295576e-08,,True,,0.00017662099621831536,0.0,2.2673005494662333e-06,1.5646126714594854e-06,1.1336502747331166e-06,7.823063357297427e-07,False,-1.4126287622061746e-10,-8.936072582371947e-11,5.190215039689799e-11,4.016717110700083e-12,8.936072582371947e-11,0.044949468277862906,0.0,0,0,0.02135629115282952,2794.824348935617,130866.55959760725,1.5459521620558953e-09,3.094025453243064e-11
cstr,3,6,69,0.0006695009982671509,0.0008468962134601603,6344.445038322568,0.0008474384582607278,0.000177408353890549,2.796278521114822e-08,,True,,0.00017740835389054894,0.0,5.373222078006233e-06,3.890873801551622e-06,2.6866110390031164e-06,1.945436900775811e-06,False,-8.855859678038091e-11,-1.398721030133667e-10,5.1313506232985794e-11,2.2162166487671905e-11,1.398721030133667e-10,0.15844593746870314,0.0,0,0,0.02135629115282952,2794.824348935617,130866.55959760725,1.5029658493939214e-11,3.8950995100163405e-09
cstr,3,6,73,0.0008445476688909219,0.0008409266988601822,6344.445038322568,0.0008474384582607278,3.746400626184142e-06,5.905009190803342e-10,,True,,3.7464006261840973e-06,0.0,8.666450072509822e-06,3.860117724451061e-06,4.333225036254911e-06,1.9300588622255306e-06,False,-1.3965981245822454e-10,-1.3887786676944194e-10,7.819456887825955e-13,9.289197376705869e-11,1.3887786676944194e-10,0.6688752925710854,0.0,0,0,0.02135629115282952,2794.824348935617,130866.55959760725,2.3262201887251126e-10,5.228278740158583e-09
cstr,3,6,77,0.0008385943197721068,0.0006639560284718211,6344.445038322568,0.0008474384582607278,0.0001746430451810625,2.7526922232939233e-08,,True,,0.00017464304518106247,0.0,7.255539367577895e-06,5.670091661056495e-06,3.6277696837889473e-06,2.8350458305282474e-06,False,-1.3793261353063508e-10,-8.7184293651289e-11,5.0748319879346084e-11,4.380970233526315e-12,8.7184293651289e-11,0.05024953520927612,0.0,0,0,0.02135629115282952,2794.824348935617,130866.55959760725,2.0274321845950452e-10,6.220439834588752e-09
cstr,3,6,81,0.000662122274769918,0.0008375579021014613,6344.445038322568,0.0008474384582607278,0.000175448621751671,2.765389576107961e-08,,True,,0.000175448621751671,0.0,8.351227429437449e-06,6.254607113715858e-06,4.175613714718724e-06,3.127303556857929e-06,False,-8.682826818061533e-11,-1.367051554899909e-10,4.987688730937556e-11,8.77754899443994e-11,1.367051554899909e-10,0.6420788567174852,0.0,0,0,0.02135629115282952,2794.824348935617,130866.55959760725,5.7439357695419015e-09,3.2067479394702134e-09
cstr,3,6,85,0.0008352463878051092,0.0008316523218956795,6344.445038322568,0.0008474384582607278,3.717701517371847e-06,5.859774172391262e-10,,True,,3.7177015173718003e-06,0.0,1.1629831517651805e-05,1.0311269923243924e-05,5.814915758825903e-06,5.155634961621962e-06,False,-1.358707967486155e-10,-1.3589037618519606e-10,1.9579436580563184e-14,6.399834066648055e-12,1.3589037618519606e-10,0.047095565162952685,0.0,0,0,0.02135629115282952,2794.824348935617,130866.55959760725,2.6427760398485813e-11,1.8523308932712813e-08
cstr,3,6,89,0.0008293566108940426,0.0006566644330339645,6344.445038322568,0.0008474384582607278,0.0001726968797798505,2.722017114762657e-08,,True,,0.0001726968797798506,0.0,6.733045875108869e-06,7.565263261736971e-06,3.3665229375544347e-06,3.7826316308684855e-06,False,-1.347480019669699e-10,-8.567187568169886e-11,4.9076126285271044e-11,2.4950363295917387e-11,8.567187568169886e-11,0.2912316684721222,0.0,0,0,0.02135629115282952,2794.824348935617,130866.55959760725,1.6064325784506086e-10,1.5040605249115192e-09
cstr,3,6,93,0.0006548595273717353,0.0008283665797839856,6344.445038322568,0.0008474384582607278,0.00017351990482967464,2.7349894873634566e-08,,True,,0.00017351990482967483,0.0,4.538660125157636e-06,2.7041990588717333e-06,2.269330062578818e-06,1.3520995294358667e-06,False,-8.482314468735126e-11,-1.3358786166993743e-10,4.8764716982586165e-11,3.4997201882551736e-12,1.3358786166993743e-10,0.026197890620497516,0.0,0,0,0.02135629115282952,2794.824348935617,130866.55959760725,3.6648450765833476e-10,1.172076359064691e-09
cstr,3,6,98,0.0008225238303921473,0.0006512711081711871,6344.445038322568,0.0008474384582607278,0.00017125738570780122,2.699328068465396e-08,,True,,0.00017125738570780122,0.0,3.666261933086546e-06,3.862852909572706e-06,1.833130966543273e-06,1.931426454786353e-06,False,-1.3275188095069e-10,-8.387548184601092e-11,4.8876399104679085e-11,1.1486923433543471e-12,8.387548184601092e-11,0.013695210067028406,0.0,0,0,0.02135629115282952,2794.824348935617,130866.55959760725,4.766299536042456e-12,1.5412783435543694e-08
flight,1,2,0,1.3912897396864041,0.6793233105823594,1.3912897396864041,0.004121936593746928,1.505327401013175,1.0819654296828747,1.0819654296828747,False,86.02132781726962,1.5053274010131747,0.0,6.316971476980733,6.316971476980733,0.31584857384903664,0.31584857384903664,True,-7.344862983109915,-5.065959127378366,0.3102717996199611,0.79668956951846,1.0,0.79668956951846,0.0,1,1,0.03596684187208898,0.26043876822533957,7.241079690887331,4.707345624410664e-14,2.6180453380879788e-17
flight,1,2,6,0.4339227981123864,0.3896978182031145,1.3912897396864041,0.004121936593746928,0.044355132940351566,0.03188058653429672,0.10221895031397624,False,0.4730955932735234,0.044355132940352045,0.0,0.7679329459311353,0.7679329459311353,0.038396647296556764,0.038396647296556764,True,-1.3705063284088848,-1.1203344394236303,0.18253975468737618,0.011279716971691509,1.0,0.011279716971691509,0.0,0,0,0.03596684187208898,0.26043876822533957,7.241079690887331,7.083222897108499e-14,2.046980935415383e-16
flight,1,2,12,0.1989124014614769,0.1637501397762363,1.3912897396864041,0.004121936593746928,0.0356781797918256,0.025643960976717506,0.17936629154183403,False,1.9193411897340604,0.035678179791825596,0.0,0.6314221566080663,0.6314221566080663,0.03157110783040332,0.03157110783040332,True,-0.3353027449855241,-0.23790871318379667,0.09739403180172743,0.008447145864420774,0.23790871318379667,0.03550582806059281,0.0,0,0,0.03596684187208898,0.26043876822533957,7.241079690887331,1.27675647831893e-15,5.731547647440202e-17
flight,1,2,18,0.026917164035151438,0.02586018213755195,1.3912897396864041,0.004121936593746928,0.022912480033553662,0.016468517936974163,0.8512219193534649,False,51.41277819001954,0.022912480033553676,0.0,0.4452331790582627,0.4452331790582627,0.022261658952913134,0.022261658952913134,True,-0.009438110650650125,-0.0024978598338421575,0.006940250816807968,0.004017903124921508,0.0024978598338421575,1.6085382656324836,0.0,0,0,0.03596684187208898,0.26043876822533957,7.241079690887331,2.7538735181131813e-16,2.706765478842682e-18
flight,1,2,24,0.08701904967715575,0.0938975943552198,1.3912897396864041,0.004121936593746928,0.007504591548905274,0.0053939818104292245,0.08624078953686139,False,1.902122123010544,0.007504591548905235,0.0,0.17298644634256102,0.17298644634256102,0.00864932231712805,0.00864932231712805,True,-0.038730499896787646,-0.04824928027942753,0.009518780382639883,0.000567844727695499,0.04824928027942753,0.011768978198367364,0.0,0,0,0.03596684187208898,0.26043876822533957,7.241079690887331,1.3183898417423734e-16,3.1149340356032244e-19
flight,1,2,30,0.09916772571879552,0.09561597781630592,1.3912897396864041,0.004121936593746928,0.003813559264669711,0.002741024501143295,0.03845564912402662,False,0.8170818761371366,0.00381355926466969,0.0,0.03502313276498247,0.03502313276498247,0.0017511566382491235,0.0017511566382491235,True,-0.06471338933179355,-0.061688814071113374,0.0030245752606801735,4.3914748080575716e-05,0.061688814071113374,0.0007118753819768987,0.0,0,0,0.03596684187208898,0.26043876822533957,7.241079690887331,1.1102230246251565e-16,7.956609828392965e-18
flight,1,2,37,0.057834789428358895,0.05037401074480222,1.3912897396864041,0.004121936593746928,0.007543231203041167,0.005421754353440001,0.1304272268923036,False,1.18069604476323,0.00754323120304121,0.0,0.12740892754915029,0.12740892754915029,0.006370446377457514,0.006370446377457514,True,-0.026171676516896072,-0.0204813243878915,0.005690352129004574,0.00035248615177661813,0.0204813243878915,0.017210124946070722,0.0,0,0,0.03596684187208898,0.26043876822533957,7.241079690887331,5.551115123125783e-17,1.2425816539410231e-17
flight,1,2,43,0.016089779786477836,0.010663461709307397,1.3912897396864041,0.004121936593746928,0.0058912190120416685,0.004234358123973189,0.36614665273372876,False,10.046415680572592,0.005891219012041722,0.0,0.1102879191974245,0.1102879191974245,0.005514395959871225,0.005514395959871225,True,-0.0028289670493928266,-0.0014238898360358384,0.0014050772133569881,0.00025074282938505063,0.0014238898360358384,0.1760970708823429,0.0,0,0,0.03596684187208898,0.26043876822533957,7.241079690887331,2.6281060661048627e-16,9.897751612139095e-18
flight,1,2,49,0.012841504390908014,0.015310811494201042,1.3912897396864041,0.004121936593746928,0.0026891777691392046,0.001932866815897991,0.20941298521403648,False,4.352760226340014,0.002689177769139158,0.0,0.05663366804360467,0.05663366804360467,0.0028316834021802333,0.0028316834021802333,True,-0.0006221959231872722,-0.0010493845651194996,0.00042718864193222743,6.287940935334035e-05,0.0010493845651194996,0.05992027274212852,0.0,0,0,0.03596684187208898,0.26043876822533957,7.241079690887331,7.28583859910259e-17,1.5950578428267585e-17
flight,1,2,55,0.020956263804644444,0.020895565762907548,1.3912897396864041,0.004121936593746928,0.0003606931247950742,0.00025925090547736966,0.017211709499244582,False,0.9735172312403547,0.0003606931247950753,0.0,0.006958662975329277,0.006958662975329277,0.00034793314876646386,0.00034793314876646386,True,-0.0027018361966321975,-0.0027716088388087512,6.977264217655375e-05,9.846015033023424e-07,0.0027716088388087512,0.0003552454767482731,0.0,0,0,0.03596684187208898,0.26043876822533957,7.241079690887331,2.5587171270657905e-17,2.324727343543765e-17
flight,1,2,61,0.01665492876029705,0.0152915266862279,1.3912897396864041,0.004121936593746928,0.0013830741520626283,0.000994094984395107,0.08304293413488971,False,0.8345314325992385,0.0013830741520626452,0.0,0.021018688820438124,0.021018688820438124,0.0010509344410219062,0.0010509344410219062,True,-0.0019941820589653263,-0.0017216280138806256,0.00027255404508470067,1.0207583391136973e-05,0.0017216280138806256,0.005929029563203162,0.0,0,0,0.03596684187208898,0.26043876822533957,7.241079690887331,2.892651396191326e-16,1.922893236154357e-18
flight,1,2,67,0.007784086620382092,0.006336025196541838,1.3912897396864041,0.004121936593746928,0.0014718193663091886,0.001057881276865404,0.18908054831447166,False,2.1489325463675,0.0014718193663091782,0.0,0.026163224151650264,0.026163224151650264,0.0013081612075825132,0.0013081612075825132,True,-0.0005218245235751075,-0.00036355556236917656,0.0001582689612059309,1.4470382564108961e-05,0.00036355556236917656,0.03980239628245558,0.0,0,0,0.03596684187208898,0.26043876822533957,7.241079690887331,1.3211003471735872e-16,1.2750827725408566e-17
flight,1,2,74,0.0012582920474017607,0.001854906252359176,1.3912897396864041,0.004121936593746928,0.0008088983655957339,0.0005814018047585538,0.6428542302766858,False,20.596239255669953,0.0008088983655957247,0.0,0.016124273208778288,0.016124273208778288,0.0008062136604389143,0.0008062136604389143,True,-3.4551853128132944e-06,-8.41271696474484e-06,4.957531651931546e-06,5.2119674963938475e-06,8.41271696474484e-06,0.6195343927812658,0.0,0,0,0.03596684187208898,0.26043876822533957,7.241079690887331,1.2161699056677244e-17,8.920020647619503e-18
flight,1,2,80,0.004038874097401271,0.0042049990900925845,1.3912897396864041,0.004121936593746928,0.00019356017081529231,0.00013912283350764928,0.0479242893309882,False,1.3811320093913202,0.00019356017081529413,0.0,0.004894347637011667,0.004894347637011667,0.00024471738185058336,0.00024471738185058336,True,-9.117596696814594e-05,-0.00010358453363704604,1.2408566668900098e-05,4.4171466847231467e-07,0.00010358453363704604,0.004264291713858135,0.0,0,0,0.03596684187208898,0.26043876822533957,7.241079690887331,3.0995984858644965e-16,3.724236636722564e-18
flight,1,2,86,0.003955144376549079,0.0037443927805234528,1.3912897396864041,0.004121936593746928,0.0002173219712389289,0.00015620180688453373,0.054946659476574025,False,0.7896024559209178,0.0002173219712389274,0.0,0.0027503008637768025,0.0027503008637768025,0.00013751504318884012,0.00013751504318884012,True,-0.00010653098456718413,-9.776164139010334e-05,8.769343177080784e-06,1.991940409102412e-07,9.776164139010334e-05,0.00203754804111141,0.0,0,0,0.03596684187208898,0.26043876822533957,7.241079690887331,3.754998699131984e-16,7.569220740097266e-18
flight,1,2,92,0.002314600956708486,0.0020007776228588583,1.3912897396864041,0.004121936593746928,0.0003173667280583758,0.00022810973085297826,0.13711509413255066,False,1.2591680890447718,0.0003173667280583766,0.0,0.005405027760640557,0.005405027760640557,0.00027025138803202784,0.00027025138803202784,True,-4.239901739017342e-05,-3.2734917414271194e-05,9.664099975902226e-06,6.315291958316474e-07,3.2734917414271194e-05,0.019292219003928947,0.0,0,0,0.03596684187208898,0.26043876822533957,7.241079690887331,3.581255300991182e-16,4.02997845871001e-18
flight,1,2,98,0.0005861296466103134,0.00037232019760878436,1.3912897396864041,0.004121936593746928,0.00024015116439488944,0.0001726104617496995,0.40972362647705013,False,13.442968960531928,0.0002401511643948866,0.0,0.004522446352773095,0.004522446352773095,0.00022612231763865473,0.00022612231763865473,True,-3.936467038652752e-06,-1.8378504124036365e-06,2.0986166262491154e-06,4.204584815920236e-07,1.8378504124036365e-06,0.2287773143855196,0.0,0,0,0.03596684187208898,0.26043876822533957,7.241079690887331,1.0262651188933103e-17,9.347100842720126e-18
flight,1,2,104,0.0005824014782804568,0.000679156666389844,1.3912897396864041,0.004121936593746928,0.00010479031488022724,7.53188296377769e-05,0.1799279685718195,False,3.6667681671480117,0.00010479031488022635,0.0,0.0022325748450592255,0.0022325748450592255,0.00011162874225296128,0.00011162874225296128,True,-1.3807321093387781e-06,-2.162830908423858e-06,7.820987990850799e-07,9.728139548600957e-08,2.162830908423858e-06,0.04497873370826869,0.0,0,0,0.03596684187208898,0.26043876822533957,7.241079690887331,1.0927572052527729e-16,1.2268430815909893e-17
flight,1,2,111,0.0008749917909016804,0.0008545400517616337,1.3912897396864041,0.004121936593746928,2.422651702614878e-05,1.7412991942001542e-05,0.02768770779115918,False,0.860502866628019,2.422651702614977e-05,0.0,0.00011488071025308695,0.00011488071025308695,5.744035512654347e-06,5.744035512654347e-06,True,-4.913595769100178e-06,-4.814317336748517e-06,9.927843235166071e-08,1.1986090875463814e-09,4.814317336748517e-06,0.00024896761133654216,0.0,0,0,0.03596684187208898,0.26043876822533957,7.241079690887331,1.2285281163681647e-16,3.801735837253662e-18
flight,1,2,117,0.0006207176929487283,0.0005586795705524857,1.3912897396864041,0.004121936593746928,6.275842915817319e-05,4.510809457440468e-05,0.1011062353644833,False,0.9224841307552921,6.275842915817391e-05,0.0,0.0010073086273100155,0.0010073086273100155,5.036543136550078e-05,5.036543136550078e-05,True,-2.863487331794093e-06,-2.3797910747548187e-06,4.836962570392744e-07,2.2677418082949347e-08,2.3797910747548187e-06,0.009529163430989723,0.0,0,0,0.03596684187208898,0.26043876822533957,7.241079690887331,4.577980145848998e-16,3.728755799879299e-18
flight,1,2,123,0.00024416132803251837,0.00018757849239397332,1.3912897396864041,0.004121936593746928,5.8068250574454314e-05,4.1736993322140695e-05,0.2378273866806645,False,3.494402793501157,5.8068250574454646e-05,0.0,0.0010553808555261765,0.0010553808555261765,5.2769042776308824e-05,5.2769042776308824e-05,True,-5.522934953570914e-07,-3.5060489338589957e-07,2.0168860197119184e-07,2.3288575730915117e-08,3.5060489338589957e-07,0.06642398942584674,0.0,0,0,0.03596684187208898,0.26043876822533957,7.241079690887331,1.221326218734135e-17,6.069576420859643e-18
flight,1,2,129,6.201986390230218e-05,8.806416456344381e-05,1.3912897396864041,0.004121936593746928,3.223171587033807e-05,2.316678902383272e-05,0.5196998806884132,False,14.762473387257817,3.223171587033803e-05,0.0,0.0006475233028744013,0.0006475233028744013,3.2376165143720066e-05,3.2376165143720066e-05,True,-7.4209850152076635e-09,-2.227264275825053e-08,1.4851657743042866e-08,8.37798239874787e-09,2.227264275825053e-08,0.3761557391138232,0.0,0,0,0.03596684187208898,0.26043876822533957,7.241079690887331,1.969832028866019e-17,2.0853805052085446e-18
flight,1,2,135,0.00017311556156447027,0.0001787488331478883,1.3912897396864041,0.004121936593746928,6.878536472408646e-06,4.943999999568072e-06,0.03973378482122763,False,1.2856803017536897,6.8785364724086735e-06,0.0,0.0001797370713386579,0.0001797370713386579,8.986853566932896e-06,8.986853566932896e-06,True,-1.707516806963493e-07,-1.9009658931951838e-07,1.9344908623169077e-08,5.903685788705934e-10,1.9009658931951838e-07,0.003105624256510407,0.0,0,0,0.03596684187208898,0.26043876822533957,7.241079690887331,8.908419942121052e-16,2.4510735019535903e-17
flight,1,2,141,0.00016330417023186815,0.00015384098124318835,1.3912897396864041,0.004121936593746928,9.7092588153617e-06,6.978603046084535e-06,0.059455057403469645,False,0.7851621146849636,9.709258815362137e-06,0.0,0.00012883365024065875,0.00012883365024065875,6.4416825120329375e-06,6.4416825120329375e-06,True,-1.8327243443220564e-07,-1.6648317801626833e-07,1.678925641593731e-08,4.2117591160240163e-10,1.6648317801626833e-07,0.002529840651896045,0.0,0,0,0.03596684187208898,0.26043876822533957,7.241079690887331,1.318225993806639e-16,1.423106503445734e-17
flight,1,2,148,7.918845196194523e-05,6.626533989244826e-05,1.3912897396864041,0.004121936593746928,1.3097761958901754e-05,9.414115252408877e-06,0.165399899030682,False,1.6862006849416793,1.3097761958901697e-05,0.0,0.00022899729702876656,0.00022899729702876656,1.1449864851438328e-05,1.1449864851438328e-05,True,-5.201364084085692e-08,-3.7963629887016104e-08,1.4050010953840817e-08,1.1178700638643672e-09,3.7963629887016104e-08,0.02944581609269899,0.0,0,0,0.03596684187208898,0.26043876822533957,7.241079690887331,4.650639889379003e-16,3.587496053901833e-18
flight,3,6,0,2.2134123630907947,1.0970442425478515,2.2134123630907947,0.03572566801696697,1.5608914172802626,0.7051968459689292,0.7051968459689292,False,40.97968046286743,1.5608914172802622,0.0,2.444356542525488,2.697612566190804,0.12221782712627441,0.1348806283095402,False,-13.249187621922207,-9.081443252720849,0.3145660313773032,0.11549017650761524,1.0,0.11549017650761524,0.3333333333333333,2,0,0.02002775445071596,0.6540633049775262,32.657845221092394,6.221512194315437e-11,6.082835710630956e-14
flight,3,6,6,1.856381224847683,1.8534397985839364,2.2134123630907947,0.03572566801696697,0.04691564678345191,0.02119607153451479,0.02527263589799631,False,1.446351339875194,0.04691564678345212,0.0,1.6297856292073667,0.7471029154815674,0.08148928146036834,0.03735514577407837,False,-7.649328064506843,-7.1162473497670256,0.0696898747503498,0.01064219670889518,1.0,0.01064219670889518,0.0,0,0,0.02002775445071596,0.6540633049775262,32.657845221092394,1.709743457922741e-11,2.8024871618603167e-13
flight,3,6,12,1.4957462928568237,1.3850094703152196,2.2134123630907947,0.03572566801696697,0.11441583197313922,0.051692054260223656,0.07649414377261061,False,1.1457200559547025,0.11441583197313923,0.0,1.3561132428363714,1.068829000710105,0.06780566214181857,0.053441450035505246,False,-3.540533700664574,-2.8601372664702116,0.19217340992027523,0.03804092749353485,1.0,0.03804092749353485,0.0,0,0,0.02002775445071596,0.6540633049775262,32.657845221092394,3.3080205241731164e-12,5.951896535719068e-14
flight,3,6,18,0.7616281596478719,0.6371576032925597,2.2134123630907947,0.03572566801696697,0.12906952400342153,0.05831246186010712,0.16946527300552414,False,2.808824985794276,0.12906952400342214,0.0,0.8908785280108046,0.8902462093341605,0.04454392640054023,0.044512310466708026,False,-0.5734122221274957,-0.3591846859182402,0.21422753620925544,0.10847201791350508,0.3591846859182402,0.30199510771513277,0.0,0,0,0.02002775445071596,0.6540633049775262,32.657845221092394,2.177369395894857e-12,9.711551132291954e-15
flight,3,6,24,0.1568596902535495,0.14583371468898665,2.2134123630907947,0.03572566801696697,0.09043444152235958,0.04085747555691679,0.5765307924309966,False,34.52307088620848,0.09043444152235942,0.0,0.504672191086782,0.44589287833451535,0.0252336095543391,0.022294643916725768,False,-0.13078639202769268,-0.17922597487318848,0.04843958284549579,0.05089733674568159,0.17922597487318848,0.28398415342248273,0.0,0,0,0.02002775445071596,0.6540633049775262,32.657845221092394,1.193434240320812e-12,2.055464846621099e-15
flight,3,6,30,0.35765608191339515,0.3874140457814829,2.2134123630907947,0.03572566801696697,0.035291375941374666,0.01594432945702626,0.0986740551218148,False,2.9205666126664687,0.0352913759413752,0.0,0.3996452817287186,0.07043696681972744,0.01998226408643593,0.003521848340986372,False,-0.42468121323571767,-0.4439775648883535,0.019296351652635824,0.010862049772583149,0.4439775648883535,0.024465312285125523,0.0,0,0,0.02002775445071596,0.6540633049775262,32.657845221092394,4.388156504830931e-13,1.9574011634004615e-15
flight,3,6,37,0.4133662607374911,0.397059764769776,2.2134123630907947,0.03572566801696697,0.018428758008972094,0.008325948800267066,0.04458215330901257,False,1.2142833749804691,0.01842875800897203,0.0,0.36999678700852534,0.24057508633939828,0.01849983935042627,0.012028754316969915,False,-0.3216946878860224,-0.27919815202995796,0.042496535856064444,0.005117828774050981,0.27919815202995796,0.018330453610960282,0.0,0,0,0.02002775445071596,0.6540633049775262,32.657845221092394,1.2396750292964498e-12,5.230024239303252e-15
flight,3,6,43,0.26699083323483347,0.23590134713974492,2.2134123630907947,0.03572566801696697,0.03199474785698287,0.014454942237832995,0.11983463053520527,False,1.7253339189139139,0.03199474785698286,0.0,0.27170754542165504,0.25281232933713893,0.013585377271082753,0.012640616466856946,False,-0.08971780789851025,-0.0641741801337562,0.02554362776475405,0.007304231155950983,0.0641741801337562,0.11381884646951479,0.0,0,0,0.02002775445071596,0.6540633049775262,32.657845221092394,2.3776397517494274e-12,1.796522502856169e-15
flight,3,6,49,0.08750657551300342,0.063740082046101,2.2134123630907947,0.03572566801696697,0.0275345819160787,0.012439878973852658,0.3146572900911553,False,10.68190973807608,0.02753458191607856,0.0,0.15844452647407403,0.1597928201323534,0.007922226323703702,0.00798964100661767,False,-0.0066778498320775315,-0.005807037644597734,0.0008708121874797976,0.004739330914323572,0.005807037644597734,0.8161357312247759,0.0,0,0,0.02002775445071596,0.6540633049775262,32.657845221092394,1.0493455063209645e-12,1.0313388452094145e-15
flight,3,6,55,0.06256688320029323,0.07435415576026723,2.2134123630907947,0.03572566801696697,0.014404451276042647,0.0065078028460672215,0.23022484962100748,False,6.959266662692499,0.014404451276042738,0.0,0.10318158361651564,0.04779218661195973,0.005159079180825782,0.0023896093305979865,False,-0.019952971502200576,-0.02301301598217682,0.003060044479976244,0.0014062442583741112,0.02301301598217682,0.06110647380870125,0.0,0,0,0.02002775445071596,0.6540633049775262,32.657845221092394,3.554205540989841e-13,1.1284877997921425e-16
flight,3,6,61,0.10655343752317825,0.10743791390928455,2.2134123630907947,0.03572566801696697,0.003005714706584137,0.001357955145053485,0.028208519372547817,False,1.5383436412050675,0.0030057147065841346,0.0,0.09822031578142183,0.038622569348540206,0.004911015789071092,0.0019311284674270103,False,-0.026967413632098328,-0.02552118785432135,0.0014462257777769771,0.00028643209666801353,0.02552118785432135,0.011223305839172125,0.0,0,0,0.02002775445071596,0.6540633049775262,32.657845221092394,6.255586326719964e-13,4.0834884803136983e-16
flight,3,6,67,0.0909131790651371,0.0845956002373965,2.2134123630907947,0.03572566801696697,0.0066001785551004135,0.0029819019108956123,0.07259869936317533,False,1.248312567149557,0.006600178555100408,0.0,0.08364268404513443,0.06576892739828588,0.0041821342022567215,0.003288446369914294,False,-0.01334046622814273,-0.01082633622836061,0.0025141299997821186,0.00040213669658952476,0.01082633622836061,0.037144301461475925,0.0,0,0,0.02002775445071596,0.6540633049775262,32.657845221092394,1.459709089712824e-12,1.1811279549416594e-16
flight,3,6,74,0.03941621695053527,0.03203511908339867,2.2134123630907947,0.03572566801696697,0.007738504621757768,0.0034961874934825838,0.19632793861138617,False,3.7488755876785684,0.0077385046217577965,0.0,0.0503737783261013,0.05118140883215853,0.002518688916305065,0.0025590704416079265,False,-0.0013768100682948923,-0.0008243694761440632,0.0005524405921508291,0.0003862873145621034,0.0008243694761440632,0.4685851741732823,0.0,0,0,0.02002775445071596,0.6540633049775262,32.657845221092394,3.163737717984394e-13,2.7890870764806652e-14
flight,3,6,80,0.009035521452270507,0.01101325346889309,2.2134123630907947,0.03572566801696697,0.005043193261824495,0.002278469816976269,0.5581518773946585,False,26.892244327000363,0.005043193261824488,0.0,0.029013601765917756,0.02290886232169887,0.0014506800882958877,0.0011454431160849436,False,-0.0006877439484911738,-0.0009068187990803991,0.00021907485058922523,0.0001600298235383238,0.0009068187990803991,0.17647387074530144,0.0,0,0,0.02002775445071596,0.6540633049775262,32.657845221092394,7.101066696463265e-13,2.0048589126146915e-15
flight,3,6,86,0.024011807444438805,0.02537257647107154,2.2134123630907947,0.03572566801696697,0.001685388939657651,0.0007614437181981693,0.07019000729359885,False,2.308453257779131,0.0016853889396576517,0.0,0.024702756509238945,0.004557087066755014,0.0012351378254619474,0.0002278543533377507,False,-0.0017065290596943485,-0.0017290901028339752,2.256104313962679e-05,3.089731758008094e-05,0.0017290901028339752,0.017869119445794234,0.0,0,0,0.02002775445071596,0.6540633049775262,32.657845221092394,5.127141333022278e-12,2.1510186281807915e-15
flight,3,6,92,0.025634876653606475,0.024625422240493706,2.2134123630907947,0.03572566801696697,0.0011413027548978114,0.0005156304238330465,0.04452148416080815,False,1.2143848151299923,0.0011413027548978184,0.0,0.022944972291843852,0.01491062360388567,0.0011472486145921927,0.0007455311801942836,False,-0.0012376474858149722,-0.001074308858138137,0.00016333862767683506,1.9663049288782966e-05,0.001074308858138137,0.01830297603880936,0.0,0,0,0.02002775445071596,0.6540633049775262,32.657845221092394,5.495545424977211e-13,8.135022258801369e-16
flight,3,6,98,0.016565391328790917,0.01463781303835252,2.2134123630907947,0.03572566801696697,0.001983683074437985,0.0008962103526285462,0.11974863950182159,False,1.7236870884876043,0.0019836830744379827,0.0,0.016853928530046688,0.015678356915186292,0.0008426964265023344,0.0007839178457593147,False,-0.00034554146925532914,-0.00024722478874759603,9.83166805077331e-05,2.8081722998302616e-05,0.00024722478874759603,0.11358781269694047,0.0,0,0,0.02002775445071596,0.6540633049775262,32.657845221092394,8.086366320471383e-13,9.105455290128036e-17
flight,3,6,104,0.0054349296514632365,0.003959856769225236,2.2134123630907947,0.03572566801696697,0.0017079511209140673,0.0007716371108224476,0.3142545038194264,False,10.64867510883441,0.0017079511209140694,0.0,0.009830054752828426,0.009914917545167507,0.0004915027376414212,0.0004957458772583753,False,-2.5719204421323065e-05,-2.231725688996722e-05,3.4019475313558438e-06,1.8235730925679917e-05,2.231725688996722e-05,0.8171134568907452,0.0,0,0,0.02002775445071596,0.6540633049775262,32.657845221092394,2.4910760235727185e-13,7.452483851280843e-17
flight,3,6,111,0.004606079570273265,0.005242014723030203,2.2134123630907947,0.03572566801696697,0.0007508296804396284,0.0003392181651100813,0.16300840421544951,False,4.655628968264786,0.0007508296804396215,0.0,0.006259367555317683,0.0020363860082385815,0.00031296837776588417,0.00010181930041192908,False,-8.840710341679704e-05,-9.766037443813682e-05,9.253271021339785e-06,4.083448659682873e-06,9.766037443813682e-05,0.041812748345231285,0.0,0,0,0.02002775445071596,0.6540633049775262,32.657845221092394,8.935807551801317e-13,4.676564638923438e-16
flight,3,6,117,0.006660963377302643,0.006615208277815866,2.2134123630907947,0.03572566801696697,0.00016670528209421017,7.531596230059182e-05,0.02502720292116626,False,1.3836783465837392,0.00016670528209421012,0.0,0.006024890267518721,0.0028631698662358054,0.00030124451337593605,0.00014315849331179026,False,-9.814663702660916e-05,-9.059748455307038e-05,7.549152473538778e-06,1.0358002801241848e-06,9.059748455307038e-05,0.01143299160273519,0.0,0,0,0.02002775445071596,0.6540633049775262,32.657845221092394,7.511943541163579e-13,9.301964555386192e-17
flight,3,6,123,0.005248221915594448,0.004819234293839779,2.2134123630907947,0.03572566801696697,0.00044442073229995413,0.00020078533024879645,0.08468024779581297,False,1.322734148020374,0.00044442073229995267,0.0,0.004930171493419271,0.004103692051068794,0.0002465085746709636,0.0002051846025534397,False,-4.167323888996029e-05,-3.279782271619591e-05,8.875416173764381e-06,1.6459284920565575e-06,3.279782271619591e-05,0.050184077958436574,0.0,0,0,0.02002775445071596,0.6540633049775262,32.657845221092394,3.082809073122472e-13,2.4187523599158728e-15
flight,3,6,129,0.002444439065767736,0.001986480423064795,2.2134123630907947,0.03572566801696697,0.0004800818516868401,0.00021689670650273994,0.19639755329145775,False,3.7463047252197197,0.0004800818516868408,0.0,0.0031243732915451684,0.0031741969785036455,0.00015621866457725842,0.00015870984892518228,False,-5.2969147713933235e-06,-3.170428182557509e-06,2.1264865888358144e-06,1.4840909373914825e-06,3.170428182557509e-06,0.468104259719992,0.0,0,0,0.02002775445071596,0.6540633049775262,32.657845221092394,7.544446300226601e-13,8.01261363685072e-15
flight,3,6,135,0.0005602430541967994,0.0006822587352722544,2.2134123630907947,0.03572566801696697,0.0003130778487233635,0.00014144578477287602,0.5588250427704313,False,26.96838534730253,0.0003130778487233633,0.0,0.0017988940434193266,0.0014208356415793015,8.994470217096633e-05,7.104178207896508e-05,False,-2.642519659430252e-06,-3.4840631605771987e-06,8.415435011469467e-07,6.154638013980142e-07,3.4840631605771987e-06,0.17665116073729598,0.0,0,0,0.02002775445071596,0.6540633049775262,32.657845221092394,2.356394666183973e-12,5.04817602631631e-16
flight,3,6,141,0.0014854574921332282,0.0015704230014802528,2.2134123630907947,0.03572566801696697,0.00010529455259965515,4.7571141444526185e-05,0.07088358512934913,False,2.333170563313711,0.00010529455259965553,0.0,0.0015311067695969514,0.0002830645186883022,7.655533847984757e-05,1.415322593441511e-05,False,-6.556559526360432e-06,-6.6443017745020186e-06,8.77422481415866e-08,1.1882621317084881e-07,6.6443017745020186e-06,0.017883927793113322,0.0,0,0,0.02002775445071596,0.6540633049775262,32.657845221092394,4.488494590347764e-12,4.633919711475556e-16
flight,3,6,148,0.0015269102675538417,0.0014489778806977673,2.2134123630907947,0.03572566801696697,8.40748935341897e-05,3.798428839386623e-05,0.05506210503704341,False,1.215159315799121,8.407489353419e-05,0.0,0.0013771771250919865,0.0009752934253934713,6.885885625459933e-05,4.8764671269673564e-05,False,-4.132485772141571e-06,-3.497315218517468e-06,6.351705536241029e-07,8.375998862078204e-08,3.497315218517468e-06,0.023949796740451775,0.0,0,0,0.02002775445071596,0.6540633049775262,32.657845221092394,4.891105496319774e-13,2.2166113221195116e-15
hvac,1,3,0,2.7668523394157765,2.7535712140132076,2.7668523394157765,0.033372778220701976,0.013281125402569113,0.004800084635298404,0.004800084635298404,False,0.0,0.013281125402568664,0.0,0.0,0.0,0.0,0.0,True,-160.35966334536283,-159.25549131437361,0.006885597088160438,0.0,1.0,0.0,0.0,3,3,0.02015975703252567,0.02015975708343763,1.0000000025254252,0.0,0.0
hvac,1,3,62,1.9453854835759141,1.9321686485192853,2.7668523394157765,0.033372778220701976,0.01321683505662961,0.004776848720239388,0.006793941441536337,False,8.537736462515939e-07,0.01321683505662876,0.0,0.0,0.0,0.0,0.0,True,-92.06419145503662,-90.96536442303633,0.011935444331110481,0.0,1.0,0.0,0.0,3,3,0.02015975703252567,0.02015975708343763,1.0000000025254252,0.0,0.0
hvac,1,3,124,1.207491326609967,1.198044843170139,2.7668523394157765,0.033372778220701976,0.009446483439829624,0.0034141624781553245,0.007823230885103444,False,8.537736462515939e-07,0.009446483439830174,0.0,0.4685700168058257,0.4685700168058257,0.0048809376750606846,0.0048809376750606846,True,-36.162025628606685,-35.59843109941458,0.015585258828705083,6.216983109396395e-05,1.0,6.216983109396395e-05,0.0,0,0,0.02015975703252567,0.02015975708343763,1.0000000025254252,8.782308213994838e-11,5.245175561917308e-15
hvac,1,3,187,0.738586033965418,0.732891050633644,2.7668523394157765,0.033372778220701976,0.005694983331775122,0.0020582895771653733,0.007710656673534896,False,0.0,0.005694983331775119,0.0,0.2824925210834867,0.2824925210834867,0.0029426304279529867,0.0029426304279529867,True,-13.529660293258502,-13.321819557882172,0.015361859120726896,6.03819459689175e-05,1.0,6.03819459689175e-05,0.0,0,0,0.02015975703252567,0.02015975708343763,1.0000000025254252,1.333688715021708e-11,2.4134056434551034e-15
hvac,1,3,249,0.45934186872790395,0.4558803417840664,2.7668523394157765,0.033372778220701976,0.0034615269438391673,0.0012510703569277109,0.007535840252110002,False,0.0,0.0034615269438390893,0.0,0.17170263978813616,0.17170263978813616,0.0017885691644597516,0.0017885691644597516,True,-5.2330727897301115,-5.154498768974205,0.015014891615898822,5.7653335416260317e-05,1.0,5.7653335416260317e-05,0.0,0,0,0.02015975703252567,0.02015975708343763,1.0000000025254252,6.519229600598919e-13,4.2677318230419407e-16
hvac,1,3,312,0.28749027734371146,0.28540260013037505,2.7668523394157765,0.033372778220701976,0.002087677213338773,0.0007545314882179755,0.0072617315362036835,False,0.0,0.0020876772133386883,0.0,0.10355727564291321,0.10355727564291321,0.001078721621280346,0.001078721621280346,True,-2.0498922499482766,-2.0202288119988685,0.014470730327487477,5.350765308480842e-05,1.0,5.350765308480842e-05,0.0,0,0,0.02015975703252567,0.02015975708343763,1.0000000025254252,2.5979218776228663e-13,1.6759440432206012e-15
hvac,1,3,374,0.18509732643847432,0.18382757287373852,2.7668523394157765,0.033372778220701976,0.0012697535647388186,0.0004589162734311034,0.006859923852875747,False,0.0,0.001269753564738836,0.0,0.06298458350592688,0.06298458350592688,0.0006560894115200717,0.0006560894115200717,True,-0.8497379242122021,-0.8381196367413064,0.01161828747089566,3.9987492667536984e-05,0.8381196367413064,4.771096024311324e-05,0.0,0,0,0.02015975703252567,0.02015975708343763,1.0000000025254252,2.4313884239290928e-14,3.75737911157005e-16
hvac,1,3,436,0.1228037670315591,0.12203097830722162,2.7668523394157765,0.033372778220701976,0.0007727887243414092,0.0002793024814994588,0.006292874746609456,False,1.2074182697257333e-06,0.0007727887243413797,0.0,0.038333232664324104,0.038333232664324104,0.00039930450692004274,0.00039930450692004274,True,-0.3740314216825892,-0.3693387676529742,0.0046926540296149954,1.4811702821859729e-05,0.3693387676529742,4.010329843244782e-05,0.0,0,0,0.02015975703252567,0.02015975708343763,1.0000000025254252,2.886579864025407e-15,7.527991087629296e-17
hvac,1,3,499,0.08440350562068184,0.08393641199408783,2.7668523394157765,0.033372778220701976,0.0004670936265990059,0.00016881769220023976,0.005534054814004686,False,1.2074182697257333e-06,0.0004670936265990138,0.0,0.023169639346635795,0.023169639346635795,0.00024135040986078953,0.00024135040986078953,True,-0.17668744061426758,-0.17473725583930277,0.0019501847749648082,5.4111709313631184e-06,0.17473725583930277,3.0967471163330536e-05,0.0,0,0,0.02015975703252567,0.02015975708343763,1.0000000025254252,5.551115123125783e-16,5.668052966394223e-17
hvac,1,3,561,0.06146105490821366,0.06117595784630088,2.7668523394157765,0.033372778220701976,0.00028509706191837364,0.00010304021571985015,0.004638662033122267,False,1.4787793334710982e-06,0.0002850970619183416,0.0,0.014141909797277545,0.014141909797277545,0.00014731156038830777,0.00014731156038830777,True,-0.09368816441740274,-0.09282100486055682,0.0008671595568459228,2.0159086900756185e-06,0.09282100486055682,2.1718238162839098e-05,0.0,0,0,0.02015975703252567,0.02015975708343763,1.0000000025254252,1.942890293094024e-16,8.650301575767296e-18
hvac,1,3,624,0.04726664375366994,0.047093497677419216,2.7668523394157765,0.033372778220701976,0.0001731460762565063,6.257871943143386e-05,0.0036631768728674044,False,1.9090959104164224e-06,0.00017314607625649675,0.0,0.008588723839361751,0.008588723839361751,8.94658733266849e-05,8.94658733266849e-05,True,-0.05541077711679049,-0.05500556171204703,0.0004052154047434614,7.435509220277137e-07,0.05500556171204703,1.351774073174977e-05,0.0,0,0,0.02015975703252567,0.02015975708343763,1.0000000025254252,1.457167719820518e-16,4.499970807849108e-18
hvac,1,3,686,0.03873526374492271,0.03862876857023421,2.7668523394157765,0.033372778220701976,0.00010649517469392915,3.848964875242157e-05,0.0027493081083741987,False,1.7075472925031877e-06,0.00010649517469392525,0.0,0.005282560603108532,0.005282560603108532,5.502667294904721e-05,5.502667294904721e-05,True,-0.037213262342378615,-0.03700892217829788,0.0002043401640807324,2.812847221533854e-07,0.03700892217829788,7.600457014074606e-06,0.0,0,0,0.02015975703252567,0.02015975708343763,1.0000000025254252,1.3183898417423734e-16,3.3709255737606052e-18
hvac,1,3,749,0.03340552617346169,0.03334003026794227,2.7668523394157765,0.033372778220701976,6.549590552391778e-05,2.3671630245995455e-05,0.001960630860409845,False,1.9090959104164224e-06,6.549590552391274e-05,0.0,0.0032488455595535465,0.0032488455595535465,3.384214124534944e-05,3.384214124534944e-05,True,-0.027677148462588518,-0.027568725512777552,0.00010842294981096637,1.0639343856963523e-07,0.027568725512777552,3.859207728711434e-06,0.0,0,0,0.02015975703252567,0.02015975708343763,1.0000000025254252,2.0816681711721685e-17,3.357206635715447e-18
hvac,1,3,811,0.03015183521851701,0.03011074904563644,2.7668523394157765,0.033372778220701976,4.108617288414649e-05,1.4849427379569478e-05,0.0013626425252853077,False,8.537736462515939e-07,4.108617288414818e-05,0.0,0.0020380318181877134,0.0020380318181877134,2.1229498106122015e-05,2.1229498106122015e-05,True,-0.02254821731678111,-0.02248680886462534,6.140845215577007e-05,4.186739305939158e-08,0.02248680886462534,1.861864585208193e-06,0.0,0,0,0.02015975703252567,0.02015975708343763,1.0000000025254252,1.3877787807814457e-17,6.574830068107414e-19
hvac,1,3,873,0.02809487741822708,0.02806862320387807,2.7668523394157765,0.033372778220701976,2.625421435173052e-05,9.488838264955665e-06,0.0009344840328328896,False,8.537736462515939e-07,2.625421435173428e-05,0.0,0.0013023128324250901,0.0013023128324250901,1.3565758671094688e-05,1.3565758671094688e-05,True,-0.019576677792047897,-0.01954010670196415,3.657109008374515e-05,1.7095588639159942e-08,0.01954010670196415,8.748974046002272e-07,0.0,0,0,0.02015975703252567,0.02015975708343763,1.0000000025254252,1.734723475976807e-17,5.632589934270236e-18
hvac,1,3,936,0.026747852542343093,0.026730722611937624,2.7668523394157765,0.033372778220701976,1.7129930407588174e-05,6.191125620821953e-06,0.0006404226425456285,False,0.0,1.7129930407582925e-05,0.0,0.000849695864711023,0.000849695864711023,8.850998590739822e-06,8.850998590739822e-06,True,-0.01774445031894597,-0.017721729701150678,2.2720617795290998e-05,7.277518566939367e-09,0.017721729701150678,4.1065509347356965e-07,0.0,0,0,0.02015975703252567,0.02015975708343763,1.0000000025254252,1.3877787807814457e-17,1.0180105574528678e-18
hvac,1,3,998,0.02586542052143919,0.025853723512612517,2.7668523394157765,0.033372778220701976,1.1697008828425434e-05,4.227550802691288e-06,0.0004522257358518521,False,0.0,1.1697008828423117e-05,0.0,0.00058020508356828,0.00058020508356828,6.04380295383625e-06,6.04380295383625e-06,True,-0.016592957354291837,-0.01657795322298953,1.5004131302308321e-05,3.3933387766360568e-09,0.01657795322298953,2.0468985109273524e-07,0.0,0,0,0.02015975703252567,0.02015975708343763,1.0000000025254252,2.7755575615628914e-17,4.0783025349137393e-19
hvac,1,3,1061,0.02524097306667205,0.025232618779393975,2.7668523394157765,0.033372778220701976,8.354287279486112e-06,3.0194192731116717e-06,0.00033098118909357884,False,0.0,8.354287279478069e-06,0.0,0.000414409713398155,0.000414409713398155,4.316767847897448e-06,4.316767847897448e-06,True,-0.015801448377179887,-0.015790990143860817,1.045823331907031e-05,1.7310855596197605e-09,0.015790990143860817,1.0962489013348968e-07,0.0,0,0,0.02015975703252567,0.02015975708343763,1.0000000025254252,2.0816681711721685e-17,7.346730053162598e-19
hvac,1,3,1123,0.024788826730050353,0.02478246332547723,2.7668523394157765,0.033372778220701976,6.363404574370588e-06,2.2998714039485845e-06,0.0002567045485317998,False,0.0,6.363404574353999e-06,0.0,0.00031563960222355004,0.00031563960222355004,3.2879125231619795e-06,3.2879125231619795e-06,True,-0.015240410101303076,-0.015232586540416362,7.823560886714362e-06,1.0042700716167419e-09,0.015232586540416362,6.592905735031468e-08,0.0,0,0,0.02015975703252567,0.02015975708343763,1.0000000025254252,8.673617379884035e-18,8.634086253755166e-19
hvac,1,3,1185,0.024434310782389765,0.024429157799837595,2.7668523394157765,0.033372778220701976,5.152982553366733e-06,1.862398827707152e-06,0.00021089125857728623,False,0.0,5.152982553370805e-06,0.0,0.0002556187913105222,0.0002556187913105222,2.6626957428179394e-06,2.6626957428179394e-06,True,-0.014807607583411417,-0.01480136265198347,6.244931427947659e-06,6.58621837623663e-10,0.01480136265198347,4.4497378593409696e-08,0.0,0,0,0.02015975703252567,0.02015975708343763,1.0000000025254252,1.0408340855860843e-17,2.736316310059026e-19
hvac,1,3,1248,0.02413474612009613,0.02413033849670866,2.7668523394157765,0.033372778220701976,4.40762338865133e-06,1.5930099795574937e-06,0.00018262563719206732,False,1.2074182697257333e-06,4.4076233886540675e-06,0.0,0.000218630287001729,0.000218630287001729,2.2773988229346773e-06,2.2773988229346773e-06,True,-0.014446750726936127,-0.014441474514653635,5.276212282492171e-06,4.818439605647207e-10,0.014441474514653635,3.336528829350479e-08,0.0,0,0,0.02015975703252567,0.02015975708343763,1.0000000025254252,8.673617379884035e-18,1.3874194015930812e-18
hvac,1,3,1310,0.023876166392622303,0.02387220331152423,2.7668523394157765,0.033372778220701976,3.96308109909706e-06,1.4323428260482698e-06,0.00016598481657095697,False,1.2074182697257333e-06,3.963081099107725e-06,0.0,0.00019657059751475157,0.00019657059751475157,2.047610390778662e-06,2.047610390778662e-06,True,-0.014138844023777086,-0.01413415074645339,4.693277323695316e-06,3.8951382744234486e-10,0.01413415074645339,2.7558346760952975e-08,0.0,0,0,0.02015975703252567,0.02015975708343763,1.0000000025254252,6.938893903907228e-18,9.275952179766746e-19
hvac,1,3,1373,0.02363571422468286,0.023632025385572634,2.7668523394157765,0.033372778220701976,3.688839111300062e-06,1.3332258678028925e-06,0.00015607055814915015,False,0.0,3.6888391112964876e-06,0.0,0.00018297263302787808,0.00018297263302787808,1.90596492737373e-06,1.90596492737373e-06,True,-0.013855498975117161,-0.013851174441693965,4.3245334231962335e-06,3.374896594826593e-10,0.013851174441693965,2.4365418319097072e-08,0.0,0,0,0.02015975703252567,0.02015975708343763,1.0000000025254252,1.0408340855860843e-17,1.126934612408414e-18
hvac,1,3,1435,0.02341242556317064,0.02340890077976559,2.7668523394157765,0.033372778220701976,3.52478340612698e-06,1.273932604177656e-06,0.00015055182542349254,False,1.7075472925031877e-06,3.5247834061240017e-06,0.0,0.00017482906952920774,0.00017482906952920774,1.8211361409292473e-06,1.8211361409292473e-06,True,-0.013594947319605278,-0.013590854139476586,4.093180128691629e-06,3.0810539015935223e-10,0.013590854139476586,2.26700534784209e-08,0.0,0,0,0.02015975703252567,0.02015975708343763,1.0000000025254252,1.5612511283791264e-17,4.116725657082023e-19
hvac,1,3,1498,0.02319378149441204,0.023190358428457916,2.7668523394157765,0.033372778220701976,3.423065955210604e-06,1.2371697276528271e-06,0.00014758550502147767,False,0.0,3.4230659552098475e-06,0.0,0.00016978636148784574,0.00016978636148784574,1.7686079321650597e-06,1.7686079321650597e-06,True,-0.013342211864910254,-0.013338273921372271,3.937943537982852e-06,2.905675838826838e-10,0.013338273921372271,2.178449667442349e-08,0.0,0,0,0.02015975703252567,0.02015975708343763,1.0000000025254252,1.3877787807814457e-17,2.8825808406912895e-19
hvac,3,9,0,4.556914056582891,4.5350404665986925,4.556914056582891,0.05646495765202333,0.02187358998420337,0.004800088330084899,0.004800088330084899,False,1.4787793334710982e-06,0.021873589984202708,0.0,0.0,0.0,0.0,0.0,False,-443.6201492317171,-440.47325656549555,0.0070936648654744425,0.0,1.0,0.0,0.0,9,9,0.02000265849588253,0.02044490303936082,1.0221092883013188,0.0,0.0
hvac,3,9,62,3.203984310071056,3.182216603165818,4.556914056582891,0.05646495765202333,0.021767706905249692,0.0047768526320579145,0.006793949282718847,False,0.0,0.021767706905249956,0.0,0.0,0.0,0.0,0.0,False,-248.97790238731858,-245.84624281992728,0.012578062299358513,0.0,1.0,0.0,0.0,9,9,0.02000265849588253,0.02044490303936082,1.0221092883013188,0.0,0.0
hvac,3,9,124,1.9976002880366126,1.9821827150125848,4.556914056582891,0.05646495765202333,0.015417573024090078,0.0033833363615488735,0.007718047056973341,False,1.7075472925031877e-06,0.01541757302409005,0.0,3.6309260879963925,0.7540724127101069,0.03782214674996242,0.00785492096573028,False,-97.59022756347639,-96.08962890669241,0.015376525849454876,0.0013898010398762717,1.0,0.0013898010398762717,0.0,0,0,0.02000265849588253,0.02044490303936082,1.0221092883013188,7.259899348355248e-10,4.5358886741140997e-13
hvac,3,9,187,1.2299766263295273,1.2206190756363888,4.556914056582891,0.05646495765202333,0.009357550693229019,0.0020534841291797363,0.007607909364223971,False,1.9090959104164224e-06,0.009357550693228966,0.0,2.240848936947465,0.4576870966466178,0.023342176426536094,0.0047675739234022685,False,-36.998393263459604,-36.43757389692342,0.01515793841485716,0.0013960173575659832,1.0,0.0013960173575659832,0.0,0,0,0.02000265849588253,0.02044490303936082,1.0221092883013188,3.7828584709131974e-10,6.738135239642497e-13
hvac,3,9,249,0.7697707480754665,0.7640452217741095,4.556914056582891,0.05646495765202333,0.005725526301555165,0.0012564481643633598,0.007437962946591273,False,3.52019892386405e-06,0.005725526301555026,0.0,1.407462867018093,0.2800526190662482,0.014661071531438469,0.002917214781940085,False,-14.491453763256878,-14.276681686735392,0.014820602544793761,0.0014057053322002375,1.0,0.0014057053322002375,0.0,0,0,0.02000265849588253,0.02044490303936082,1.0221092883013188,1.7250201267415832e-11,9.664489921078297e-14
hvac,3,9,312,0.4846572070997282,0.4811807771893342,4.556914056582891,0.05646495765202333,0.003476429910820458,0.0007628912609836097,0.007172966500640753,False,6.502146373618258e-06,0.0034764299108204586,0.0,0.8911515006306459,0.17004051357102226,0.009282828131569228,0.0017712553496981485,False,-5.7445829004080124,-5.662467066695241,0.014294481450853345,0.0014209607007848884,1.0,0.0014209607007848884,0.0,0,0,0.02000265849588253,0.02044490303936082,1.0221092883013188,3.82893716732724e-12,4.7733654358914433e-14
hvac,3,9,374,0.3136415629795075,0.3115131221825762,4.556914056582891,0.05646495765202333,0.002128440797770267,0.0004670794250981174,0.006786220479041974,False,1.0866764427531615e-05,0.0021284407977702987,0.0,0.5814589904099948,0.10410704768347202,0.006056864483437446,0.0010844484133695003,False,-2.405782564060055,-2.3732410156698,0.013526387993824869,0.001443592464713078,1.0,0.001443592464713078,0.0,0,0,0.02000265849588253,0.02044490303936082,1.0221092883013188,7.425171588693047e-13,2.849971393732615e-14
hvac,3,9,436,0.20890986851416685,0.2076058993542871,4.556914056582891,0.05646495765202333,0.0013039691614109004,0.0002861518003674426,0.006241778670797804,False,1.7392691488064896e-05,0.0013039691614108889,0.0,0.39180888672413017,0.06378020657207531,0.004081342570043022,0.0006643771517924512,False,-1.0673505336354276,-1.0540677861145873,0.01244459725484834,0.0014760762529090051,1.0,0.0014760762529090051,0.0,0,0,0.02000265849588253,0.02044490303936082,1.0221092883013188,1.4011014570769476e-13,2.1103102158648722e-14
hvac,3,9,499,0.14391985813847605,0.1431264353339301,4.556914056582891,0.05646495765202333,0.0007934228071227225,0.00017411405992538934,0.005512948785422725,False,2.554196249185269e-05,0.0007934228071227332,0.0,0.27413654444697905,0.03880829717674511,0.0028555890046560316,0.0004042530955910949,False,-0.5065596741481388,-0.5009897949555681,0.0055698791925707924,0.0007618504383755109,0.5009897949555681,0.0015206905331137098,0.0,0,0,0.02000265849588253,0.02044490303936082,1.0221092883013188,3.042011087472929e-14,5.305448490930963e-15
hvac,3,9,561,0.10483440382967867,0.10434697574545965,4.556914056582891,0.05646495765202333,0.00048742808812657416,0.00010696451196450334,0.0046495050319405075,False,3.380771155232102e-05,0.0004874280881265673,0.0,0.2033824177494012,0.023841139028453886,0.0021185668515562622,0.00024834519821306133,False,-0.2687799331283891,-0.2662863564448254,0.002493576683563703,0.0004194534408888395,0.2662863564448254,0.0015751968913801648,0.0,0,0,0.02000265849588253,0.02044490303936082,1.0221092883013188,1.021405182655144e-14,1.0579065007534987e-15
hvac,3,9,624,0.08049523572575232,0.08019729262987642,4.556914056582891,0.05646495765202333,0.0002979431012866646,6.538264658651127e-05,0.003701375598200101,False,4.051603505655576e-05,0.0002979431012866617,0.0,0.15933324929322,0.014573011562270343,0.0016597213468043748,0.0001518022037736494,False,-0.15846361209181237,-0.1572927165004239,0.001170895591388471,0.00025751154248446206,0.1572927165004239,0.0016371485483485059,0.0,0,0,0.02000265849588253,0.02044490303936082,1.0221092883013188,8.18789480661053e-15,4.833389296707978e-16
hvac,3,9,686,0.06577382770331736,0.06558945289753386,4.556914056582891,0.05646495765202333,0.00018437481264106922,4.046045423541013e-05,0.0028031637975019373,False,4.3867684222547834e-05,0.00018437481264107017,0.0,0.1326928810684734,0.009018264539640327,0.0013822175111299314,9.394025562125341e-05,False,-0.10580238288256097,-0.10521005152553896,0.0005923313570220107,0.00017864712441631458,0.10521005152553896,0.0016980043429876024,0.0,0,0,0.02000265849588253,0.02044490303936082,1.0221092883013188,1.429412144204889e-15,3.1821295709271664e-16
hvac,3,9,749,0.05652198149802707,0.056407933806019585,4.556914056582891,0.05646495765202333,0.00011404770023451785,2.502739766833329e-05,0.002017758351916568,False,4.395898023019351e-05,0.00011404770023451866,0.0,0.11594503839137651,0.00557837701984954,0.0012077608165768387,5.8108093956766046e-05,False,-0.07813110970838609,-0.07781612848635688,0.0003149812220292064,0.00013642716815416567,0.07781612848635688,0.0017531991221856375,0.0,0,0,0.02000265849588253,0.02044490303936082,1.0221092883013188,1.27675647831893e-15,5.939038213612375e-17
hvac,3,9,811,0.05084325015741468,0.05077135405641477,4.556914056582891,0.05646495765202333,7.189611058367876e-05,1.5777368124776913e-05,0.001414073851712524,False,4.186974206842247e-05,7.189611058367837e-05,0.0,0.10565312122541576,0.003516615653819198,0.0011005533460980807,3.6631413060616644e-05,False,-0.06322019982927032,-0.06304153024774886,0.00017866958152146228,0.00011330087356001273,0.06304153024774886,0.0017972418041685872,0.0,0,0,0.02000265849588253,0.02044490303936082,1.0221092883013188,1.0130785099704553e-15,1.1453792254069515e-16
hvac,3,9,873,0.04723725678429039,0.04719114312528952,4.556914056582891,0.05646495765202333,4.61136701717639e-05,1.0119495254721418e-05,0.0009762139741167154,False,3.8956784929820744e-05,4.61136701717629e-05,0.0,0.09910164617697183,0.002255599790176113,0.0010323088143434566,2.3495831147667842e-05,False,-0.05457058496753903,-0.05446409189751543,0.00010649307002360414,9.96968265266282e-05,0.05446409189751543,0.0018305056240399047,0.0,0,0,0.02000265849588253,0.02044490303936082,1.0221092883013188,6.175615574477433e-16,4.878571039094045e-17
hvac,3,9,936,0.04486875160561725,0.04483860477457896,4.556914056582891,0.05646495765202333,3.014684430036534e-05,6.615627138461255e-06,0.0006718895271557137,False,3.6121789765603266e-05,3.014684430036145e-05,0.0,0.09478055789854661,0.0014745995483275856,0.0009872974781098606,1.5360411961745684e-05,False,-0.04923537617915641,-0.04916923699612799,6.613918302841859e-05,9.119953597939989e-05,0.04916923699612799,0.0018548088510419987,0.0,0,0,0.02000265849588253,0.02044490303936082,1.0221092883013188,4.926614671774132e-16,7.196158703165637e-17
hvac,3,9,998,0.04331576172202824,0.043295185844613095,4.556914056582891,0.05646495765202333,2.0575893368271282e-05,4.515313019464887e-06,0.0004750209288783535,False,3.3915345417602314e-05,2.0575893368274772e-05,0.0,0.09192954871425171,0.0010064519653355355,0.0009575994657734553,1.0483874638911828e-05,False,-0.04588610717916234,-0.04584252386940808,4.358330975425678e-05,8.5799776165435e-05,0.04584252386940808,0.001871619817657802,0.0,0,0,0.02000265849588253,0.02044490303936082,1.0221092883013188,9.298117831235686e-16,4.345026344527467e-17
hvac,3,9,1061,0.04221872141707002,0.04220407359598938,4.556914056582891,0.05646495765202333,1.464784041513117e-05,3.2144210387226825e-06,0.00034695130320097053,False,3.2308310953937935e-05,1.4647840415130863e-05,0.0,0.08989867590632028,0.0007164235815610027,0.0009364445406908362,7.462745641260444e-06,False,-0.043591264883931044,-0.043561022101514246,3.0242782416797787e-05,8.205335461600877e-05,0.043561022101514246,0.0018836416286282793,0.0,0,0,0.02000265849588253,0.02044490303936082,1.0221092883013188,4.0939474033052647e-16,4.770397691649292e-17
hvac,3,9,1123,0.04142794128092242,0.04141684768464277,4.556914056582891,0.05646495765202333,1.1093619372663265e-05,2.4344587663744697e-06,0.0002677810924138748,False,3.128821242292917e-05,1.109361937266605e-05,0.0,0.08841993605781985,0.0005426002729539399,0.0009210410006022901,5.652086176603541e-06,False,-0.04197358222662738,-0.04195110584100064,2.2476385626739315e-05,7.937781946613237e-05,0.04195110584100064,0.0018921508235559545,0.0,0,0,0.02000265849588253,0.02044490303936082,1.0221092883013188,3.885780586188048e-16,4.4167076616282917e-17
hvac,3,9,1185,0.04081197484547718,0.04080305644202351,4.556914056582891,0.05646495765202333,8.91843036769902e-06,1.9571205989315307e-06,0.0002185248423156707,False,3.075955805706284e-05,8.918430367700671e-06,0.0,0.08725576273569449,0.00043620997494739697,0.0009089141951634843,4.543853905702052e-06,False,-0.04073470407374486,-0.040716903003353816,1.7801070391045004e-05,7.730233320218938e-05,0.040716903003353816,0.0018985317521772727,0.0,0,0,0.02000265849588253,0.02044490303936082,1.0221092883013188,4.3021142204224816e-16,5.273119978730936e-17
hvac,3,9,1248,0.04029542396747535,0.04028785385077345,4.556914056582891,0.05646495765202333,7.570147178754972e-06,1.6612442290455713e-06,0.00018786617519808834,False,3.054553456666312e-05,7.57014717875328e-06,0.0,0.08626972248461964,0.0003702829649817842,0.0008986429425481213,3.857114218560252e-06,False,-0.03971008509286198,-0.03969516621046686,1.491888239511796e-05,7.556556624972038e-05,0.03969516621046686,0.0019036465510451793,0.0,0,0,0.02000265849588253,0.02044490303936082,1.0221092883013188,7.840950111415168e-16,4.470317503943975e-17
hvac,3,9,1310,0.03985280148020929,0.039846040723091586,4.556914056582891,0.05646495765202333,6.760790551260945e-06,1.4836335439537963e-06,0.00016964404759897046,False,3.056938895106147e-05,6.760790551262048e-06,0.0,0.08541757898801126,0.0003306252892181167,0.000889766447791784,3.4440134293553823e-06,False,-0.038842491877240384,-0.038829314284426764,1.3177592813620742e-05,7.408042318747532e-05,0.038829314284426764,0.0019078478348814592,0.0,0,0,0.02000265849588253,0.02044490303936082,1.0221092883013188,7.147060721024445e-16,5.053410317100894e-17
hvac,3,9,1373,0.03944375731372109,0.039437499124519486,4.556914056582891,0.05646495765202333,6.25822503422085e-06,1.3733471723435852e-06,0.00015866199014574696,False,3.075955805706284e-05,6.258225034224615e-06,0.0,0.08462488129307574,0.00030612653459129505,0.0008815091801362057,3.1888180686593234e-06,False,-0.03804923606470172,-0.03803716317563666,1.2072889065066483e-05,7.271211796293364e-05,0.03803716317563666,0.0019116072780502934,0.0,0,0,0.02000265849588253,0.02044490303936082,1.0221092883013188,3.469446951953614e-16,3.7395410045889705e-17
hvac,3,9,1435,0.03906573174987379,0.03905977604108688,4.556914056582891,0.05646495765202333,5.955746463810662e-06,1.3069692317780332e-06,0.00015245449648667862,False,3.107782982641696e-05,5.955746463810166e-06,0.0,0.08388899088549666,0.00029131188505219,0.0008738436550572568,3.0344988026269793e-06,False,-0.037323410918010745,-0.03731203163270612,1.1379285304626008e-05,7.1453136825321e-05,0.03731203163270612,0.001915015980064947,0.0,0,0,0.02000265849588253,0.02044490303936082,1.0221092883013188,5.967448757360216e-16,3.9431573194368484e-17
hvac,3,9,1498,0.03869685413727797,0.038691087062939146,4.556914056582891,0.05646495765202333,5.767113498334143e-06,1.2655743397229547e-06,0.0001490331353002282,False,3.147403862943045e-05,5.767113498329207e-06,0.0,0.08316870966898056,0.0002820789051815993,0.0008663407257185475,2.9383219289749923e-06,False,-0.03662188832175199,-0.03661097347836829,1.091484338370391e-05,7.023144818404242e-05,0.03661097347836829,0.0019183168736427864,0.0,0,0,0.02000265849588253,0.02044490303936082,1.0221092883013188,2.983724378680108e-16,3.624964759132527e-17
uav,1,4,0,155387.15714807654,56971.502066846726,155387.15714807654,0.08835067223973855,212355.42265473263,1.3666214541293658,1.3666214541293658,False,179.28603122080986,230013.09298840637,17657.865720166297,0.7196562919856504,0.7196562919856504,0.3598281459928252,0.3598281459928252,True,-1866.5028362954092,-190.3351526289629,0.8980257897669549,12.449478657699741,1.0,12.449478657699741,0.25,1,0,953.3798842949244,10620917.678640964,11140.278763586146,1.7288925846514758e-10,8.330830961123445e-09
uav,1,4,20,2820.5663083523773,4057.709327509049,155387.15714807654,0.08835067223973855,1237.1431823328319,0.00796168232329454,0.4386151740766925,False,0.010761364191961914,18894.956942207078,17657.865720166294,0.00024111350350213546,0.00024111350350213546,0.00012055675175106773,0.00012055675175106773,True,-0.3753794266584628,-0.7757277753368683,0.4003483486784055,0.072072679478412,0.7757277753368683,0.09290975748175789,0.0,0,0,953.3798842949244,10620917.678640964,11140.278763586146,1.8330048590087245e-10,4.4434329537036474e-07
uav,1,4,41,13.667268013000882,204.49376816068005,155387.15714807654,0.08835067223973855,218.16086347643426,0.001403982590842674,15.962287654629327,False,179.7024989940747,17876.01708371621,17657.865720166305,2.624059390492738e-05,2.624059390492738e-05,1.312029695246369e-05,1.312029695246369e-05,True,-9.372274698122955e-06,-0.0019688122077256114,0.0019594399330274885,0.0022405322784440048,0.0019688122077256114,1.1380121830066703,0.0,0,0,953.3798842949244,10620917.678640964,11140.278763586146,1.5981351531978855e-07,2.0098448760447415e-06
uav,1,4,62,44.844895749197725,14.696003557138319,155387.15714807654,0.08835067223973855,30.14889505381242,0.00019402436859747657,0.672292677909766,False,0.029317927440215677,17688.013270479467,17657.865720166275,3.3140034639772748e-06,3.3140034639772748e-06,1.6570017319886374e-06,1.6570017319886374e-06,True,-9.467662473735773e-05,-1.0167331220066832e-05,8.450929351729089e-05,4.281997993878315e-05,1.0167331220066832e-05,4.211526015231132,0.0,0,0,953.3798842949244,10620917.678640964,11140.278763586146,1.6483767156990627e-10,7.034300433983811e-07
uav,1,4,83,9.936258637280226,6.451560072882643,155387.15714807654,0.08835067223973855,3.4847123583615143,2.2425999820826567e-05,0.3507066880573227,False,0.07016514417148517,17661.350276225763,17657.86572016631,3.378330961872138e-07,3.378330961872138e-07,1.689165480936069e-07,1.689165480936069e-07,True,-4.648195931232228e-06,-1.9595395760182832e-06,2.688656355213945e-06,5.710140658743445e-07,1.9595395760182832e-06,0.2914021604170023,0.0,0,0,953.3798842949244,10620917.678640964,11140.278763586146,1.48469789398883e-10,8.52310202987447e-07
uav,1,4,103,1.8139892307519687,1.5654373155363652,155387.15714807654,0.08835067223973855,0.2488260729746754,1.6013297208182788e-06,0.137170645093371,False,0.39703780354682405,17658.114531625335,17657.86572016631,5.550591385713024e-08,5.550591385713024e-08,2.775295692856512e-08,2.775295692856512e-08,True,-1.5485560971498957e-07,-1.1534618370742322e-07,3.9509426007566344e-08,3.2815120554138276e-09,1.1534618370742322e-07,0.028449246866609965,0.0,0,0,953.3798842949244,10620917.678640964,11140.278763586146,2.2846030794051693e-10,1.5252759619771003e-07
uav,1,4,124,0.2208065721559495,0.2152527535874248,155387.15714807654,0.08835067223973855,0.005943724587630826,3.825106718418653e-08,0.026918241289633986,False,0.5564504236787,17657.87166283146,17657.86572016631,1.2727905993522746e-07,1.2727905993522746e-07,6.363952996761373e-08,6.363952996761373e-08,True,-2.1248756190980846e-09,-2.0679861677318605e-09,5.6889451366224054e-11,5.771666709558269e-11,2.0679861677318605e-09,0.02790960016859569,0.0,0,0,953.3798842949244,10620917.678640964,11140.278763586146,1.505738372372035e-10,1.061417828320995e-06
uav,1,4,145,0.07746382149806148,0.07766772167163528,155387.15714807654,0.08835067223973855,0.002537814722846572,1.6332203828326402e-08,,True,,17657.86324163321,17657.86572016631,6.980721929843854e-08,6.980721929843854e-08,3.490360964921927e-08,3.490360964921927e-08,True,-2.054574375010186e-10,-1.486895631493246e-10,5.676787435169401e-11,-5.770186545399702e-11,1.486895631493246e-10,-0.38806937240140194,0.0,0,0,953.3798842949244,10620917.678640964,11140.278763586146,1.3028990162520563e-10,1.5040910747162698e-06
uav,1,4,166,0.08263875701860933,0.07010817608624782,155387.15714807654,0.08835067223973855,0.016320474902594185,1.0503104118856845e-07,,True,,17657.865975112396,17657.86572016631,6.069050993110624e-07,6.069050993110624e-07,3.034525496555312e-07,3.034525496555312e-07,True,-1.5890571352074255e-09,-5.971154918396736e-09,4.38209778318931e-09,2.08012132064684e-09,5.971154918396736e-09,0.3483616400971482,0.0,0,0,953.3798842949244,10620917.678640964,11140.278763586146,5.971154918396736e-09,6.879175016345192e-07
uav,1,4,186,0.0495792192611075,0.026317051937817165,155387.15714807654,0.08835067223973855,0.03710585415861886,2.387961453163002e-07,,True,,17657.880514168588,17657.8657201663,2.7560232517420987e-07,2.7560232517420987e-07,1.3780116258710494e-07,1.3780116258710494e-07,True,-1.8121274814431892e-10,0.0,1.8121274814431892e-10,-7.201729560428547e-11,0.0,,0.0,0,0,953.3798842949244,10620917.678640964,11140.278763586146,1.0541299315234758e-10,3.632273105961176e-07
uav,1,4,207,0.08864641602857902,0.07201407636708809,155387.15714807654,0.08835067223973855,0.02239151258068493,1.441014366415552e-07,,True,,17657.877342038482,17657.865720166403,2.8271381711167e-07,2.8271381711167e-07,1.41356908555835e-07,1.41356908555835e-07,True,-3.6350884312513175e-10,-2.056460399958468e-10,1.5786280312928495e-10,3.847837329179772e-11,2.056460399958468e-10,0.18710972160015737,0.0,0,0,953.3798842949244,10620917.678640964,11140.278763586146,2.2623173359285804e-10,1.296353340483838e-07
uav,1,4,228,0.09845301618170575,0.09435582195843477,155387.15714807654,0.08835067223973855,0.004189097480271724,2.695909724559614e-08,,True,,17657.86665699489,17657.865720166403,3.963391164022028e-07,3.963391164022028e-07,1.981695582011014e-07,1.981695582011014e-07,True,-3.799154721633576e-10,-2.2107596801170848e-10,1.5883950415164913e-10,-1.21693192506059e-10,2.2107596801170848e-10,-0.5504587115484844,0.0,0,0,953.3798842949244,10620917.678640964,11140.278763586146,6.114823077028141e-11,2.2552639581784505e-06
uav,1,4,249,0.0333717109881945,0.0712678650293483,155387.15714807654,0.08835067223973855,0.03854941194039597,2.480862166984638e-07,,True,,17657.85859034638,17657.865720166377,4.001205817772128e-07,4.001205817772128e-07,2.000602908886064e-07,2.000602908886064e-07,True,-9.789082531042288e-11,-3.8541927131087034e-10,2.875284460004475e-10,3.0877156453278947e-10,3.8541927131087034e-10,0.8011316182572028,0.0,0,0,953.3798842949244,10620917.678640964,11140.278763586146,3.8541927131087034e-10,2.485213425904659e-06
uav,1,4,269,0.016516896863758374,0.009598371739976169,155387.15714807654,0.08835067223973855,0.010150653275698985,6.532491785035939e-08,,True,,17657.865053292127,17657.865720166403,2.529701554023287e-07,2.529701554023287e-07,1.2648507770116434e-07,1.2648507770116434e-07,True,-9.172230829862452e-12,-7.023215085584168e-11,6.105992002597924e-11,7.794497748144913e-11,7.023215085584168e-11,1.1098190291998713,0.0,0,0,953.3798842949244,10620917.678640964,11140.278763586146,2.4157470466647974e-10,5.3748316360672135e-08
uav,1,4,290,0.08458842692778694,0.06234009715611216,155387.15714807654,0.08835067223973855,0.022531826984888943,1.450044353628092e-07,,True,,17657.863776773585,17657.865720166403,1.1471449486579672e-07,1.1471449486579672e-07,5.735724743289836e-08,5.735724743289836e-08,True,-1.2427745670821158e-10,-4.0426744631669473e-11,8.385071207654211e-11,-4.432440075025707e-11,4.0426744631669473e-11,-1.0964128117190581,0.0,0,0,953.3798842949244,10620917.678640964,11140.278763586146,1.2289366983661362e-10,7.579720542225337e-07
uav,1,4,311,0.09952334766090365,0.08805492845089809,155387.15714807654,0.08835067223973855,0.01146858112424892,7.380649298654657e-08,,True,,17657.865629562573,17657.865720166403,2.746018185016094e-07,2.746018185016094e-07,1.373009092508047e-07,1.373009092508047e-07,True,-2.601999081867804e-10,-3.3379119249762044e-10,7.359128431084004e-11,1.1890195572433068e-10,3.3379119249762044e-10,0.35621657610147495,0.0,0,0,953.3798842949244,10620917.678640964,11140.278763586146,2.3428992205257743e-10,1.9156592795092025e-07
uav,1,4,332,0.08738897555287219,0.10111378812151207,155387.15714807654,0.08835067223973855,0.04762199029859856,3.064731421350162e-07,,True,,17657.90732310664,17657.865720166403,1.3639250734208567e-07,1.3639250734208567e-07,6.819625367104284e-08,6.819625367104284e-08,True,-2.755654534638904e-10,-3.4175013695624417e-10,6.618468349235379e-11,5.932918380584821e-10,3.4175013695624417e-10,1.7360397960409422,0.0,0,0,953.3798842949244,10620917.678640964,11140.278763586146,1.2559879181025375e-10,1.4007944948281133e-06
uav,1,4,352,0.013051393038198003,0.009180311798996438,155387.15714807654,0.08835067223973855,0.013890880067918382,8.939529059458265e-08,,True,,17657.860803643503,17657.865720166206,2.2204418856976766e-07,2.2204418856976766e-07,1.1102209428488383e-07,1.1102209428488383e-07,True,-2.396081660819307e-11,-3.17456426070336e-10,2.934956094621429e-10,3.0337192199578853e-10,3.17456426070336e-10,0.9556332683231717,0.0,0,0,953.3798842949244,10620917.678640964,11140.278763586146,3.174512415194899e-10,1.8212032835297074e-07
uav,1,4,373,0.031091437741285703,0.025260485357892364,155387.15714807654,0.08835067223973855,0.007748471422521971,4.986558454852255e-08,,True,,17657.870853711873,17657.86572016609,4.989843397967844e-07,4.989843397967844e-07,2.494921698983922e-07,2.494921698983922e-07,True,-1.906719563037113e-09,-3.065625613074086e-09,1.158906050036973e-09,2.2556281945980964e-10,3.065625613074086e-09,0.07357807114405739,0.0,0,0,953.3798842949244,10620917.678640964,11140.278763586146,3.059502089942825e-09,1.578994830466308e-06
uav,1,4,394,0.08941498714151096,0.09373416235334536,155387.15714807654,0.08835067223973855,0.004648196633063333,2.991364742347287e-08,,True,,17657.86467051448,17657.86572016607,1.0965943793450734e-07,1.0965943793450734e-07,5.482971896725367e-08,5.482971896725367e-08,True,-2.2100769468981783e-10,-3.2244134042711993e-10,1.014336457373021e-10,1.1998864064297882e-10,3.2244134042711993e-10,0.37212548640331483,0.0,0,0,953.3798842949244,10620917.678640964,11140.278763586146,1.740131936376732e-10,6.110968595645868e-07
uav,1,4,415,0.012787074521805329,0.03712242690289965,155387.15714807654,0.08835067223973855,0.03207507841593333,2.0642039538291643e-07,,True,,17657.897089779995,17657.865720166068,8.70111907774904e-08,8.70111907774904e-08,4.35055953887452e-08,4.35055953887452e-08,True,-8.145870258925697e-10,-1.2018889268735028e-09,3.873019009809331e-10,1.198485224125138e-10,1.2018889268735028e-09,0.09971680388492979,0.0,0,0,953.3798842949244,10620917.678640964,11140.278763586146,1.1847478236333334e-09,1.1139952841641208e-06
uav,1,4,435,0.0170526738445304,0.0163232176657844,155387.15714807654,0.08835067223973855,0.007381647706797309,4.7504876479353767e-08,,True,,17657.86046058759,17657.865720166188,5.05240782552931e-07,5.05240782552931e-07,2.526203912764655e-07,2.526203912764655e-07,True,-4.267093992546591e-09,-6.478190058390618e-09,2.2110960658440267e-09,3.7106891865223884e-10,6.478190058390618e-09,0.05727972092631438,0.0,0,0,953.3798842949244,10620917.678640964,11140.278763586146,6.4741892675697436e-09,8.352512763895864e-08
uav,1,4,456,0.060397592115176826,0.029537498190627384,155387.15714807654,0.08835067223973855,0.03196395043006866,2.057052269745082e-07,,True,,17657.86798687023,17657.86572016618,2.5839244097635506e-07,2.5839244097635506e-07,1.2919622048817753e-07,1.2919622048817753e-07,True,-3.259482527898352e-11,0.0,3.259482527898352e-11,-6.496348132567322e-11,0.0,,0.0,0,0,953.3798842949244,10620917.678640964,11140.278763586146,1.4612888476722066e-10,4.5756356607342817e-07
uav,1,4,477,0.10267614076118607,0.09947033102615482,155387.15714807654,0.08835067223973855,0.003253921096376055,2.094073381672865e-08,,True,,17657.865750157922,17657.865720166068,1.6041395989050904e-07,1.6041395989050904e-07,8.020697994525452e-08,8.020697994525452e-08,True,-4.883388691821018e-10,-3.9961461141320973e-10,8.872425776889209e-11,-5.5137193300911975e-11,3.9961461141320973e-10,-0.1379759191134755,0.0,0,0,953.3798842949244,10620917.678640964,11140.278763586146,2.0022204165953356e-10,2.2460689496534022e-07
uav,1,4,498,7632.28304409551,7615.26039945499,155387.15714807654,0.08835067223973855,19.167036407123724,0.00012335019675312325,0.0025113110056828583,False,0.0662060208817209,19.16703640776148,0.0,0.009416743464652448,0.009416743464652448,0.004708371732326224,0.004708371732326224,True,-6.105202838485012,-5.38122789088401,0.11858327507766384,0.007857254283432022,1.0,0.007857254283432022,0.0,0,0,953.3798842949244,10620917.678640964,11140.278763586146,4.503952766299335e-11,3.828834869160128e-07
uav,3,12,0,190184.68942581123,2432416.1980950655,2432416.1980950655,201.07780115075263,2622538.2094560247,1.0781617929981935,13.789428672590626,False,178.4725568036786,2643939.8516701874,21417.46539036331,0.7803727756602424,1.2669142150932742,0.3901863878301212,0.6334571075466371,False,-2172.5631738687593,-180119.05861856564,81.9062467710991,0.02555203130032577,1.0,0.02555203130032577,0.16666666666666666,2,0,0.7176458188604807,16497763.169858627,22988726.10454935,8.733645724103553,0.006945757938686363
uav,3,12,20,79.23489494053841,165.33927444609526,2432416.1980950655,201.07780115075263,240.34445498319792,9.880893539988036e-05,3.033315752656247,False,157.17866847789142,21657.587790107398,21417.465390363308,0.0023769686938049607,0.0019191374578200642,0.0011884843469024803,0.0009595687289100321,False,-0.004745938873359618,-0.00760770080163645,0.002861761928276832,0.5507864417616788,0.00760770080163645,72.39854144148285,0.0,0,0,0.7176458188604807,16497763.169858627,22988726.10454935,3.45775848093178,0.02729989047000526
uav,3,12,41,216.1696103008098,209.55646929092748,2432416.1980950655,201.07780115075263,6.8800680954273945,2.8284913169117543e-06,0.03182717536407392,False,0.5108932475840671,21410.848694665812,21417.465390363323,0.0030116917461706274,0.0015000103062519858,0.0015058458730853137,0.0007500051531259929,False,-0.008228644005673757,-0.006556900651334814,0.0016717433543389426,0.5493594634287664,0.006556900651334814,83.78340509352252,0.0,0,0,0.7176458188604807,16497763.169858627,22988726.10454935,1.6988399031953605,0.003986217211968472
uav,3,12,62,155.06993891125808,248.68630129136656,2432416.1980950655,201.07780115075263,94.27497505201006,3.8757748417331305e-05,0.6079513264396191,False,3.246081333550252,21511.589951138885,21417.46539036329,0.0038493646909989153,0.003132856812732391,0.0019246823454994576,0.0015664284063661956,False,-0.005165450551510798,-0.008357503259422038,0.00319205270791124,0.5535767186035299,0.008357503259422038,66.23709275607418,0.0,0,0,0.7176458188604807,16497763.169858627,22988726.10454935,2.6920641319045466,0.003495637783178955
uav,3,12,83,351.82047508438706,21.92458738869783,2432416.1980950655,201.07780115075263,352.9009588788953,0.0001450824736142063,1.0030711225497866,False,91.04276823427132,21064.954405131644,21417.465390363326,0.002198345848728419,0.0019309582066805932,0.0010991729243642096,0.0009654791033402966,False,-0.01049613759705859,-0.005379450914887684,0.005116686682170905,0.5406614771331145,0.005379450914887684,100.5049559308792,0.0,0,0,0.7176458188604807,16497763.169858627,22988726.10454935,2.935663410543673,0.00226338696304985
uav,3,12,103,230.95446291294212,133.85335911413355,2432416.1980950655,201.07780115075263,97.88074313322088,4.0240129633191755e-05,0.4238097064619914,False,4.018627940636655,21319.730178558384,21417.465390363326,0.002478269297200336,0.0022426019002646,0.001239134648600168,0.0011213009501323,False,-0.007671584734548439,-0.005296753470566113,0.0023748312639823256,0.5496547985553781,0.005296753470566113,103.77201839009346,0.0,0,0,0.7176458188604807,16497763.169858627,22988726.10454935,3.1902537315872137,0.0012151354645354663
uav,3,12,124,178.5777377022306,196.11667782688926,2432416.1980950655,201.07780115075263,17.758549705479005,7.300785827436326e-06,0.09944436486865174,False,0.8524192873805003,21435.083163236104,21417.465390363326,0.0023917932900332653,0.0018638767189523293,0.0011958966450166327,0.0009319383594761646,False,-0.006149996506258759,-0.006943831568244801,0.0007938350619860418,0.5441675453157802,0.006943831568244801,78.36704274400047,0.0,0,0,0.7176458188604807,16497763.169858627,22988726.10454935,5.003748411974416,0.0021094646288120225
uav,3,12,145,195.63128871038475,189.52292140150414,2432416.1980950655,201.07780115075263,10.267974293445233,4.221306494129806e-06,0.05248636023988005,False,2.4560683524014206,21411.206752153084,21417.465390363326,0.005209916438781646,0.003833535426095221,0.002604958219390823,0.0019167677130476105,False,-0.006667920972277906,-0.007923756862195193,0.0012558358899172868,0.5456158024868507,0.007923756862195193,68.85822116653056,0.0,0,0,0.7176458188604807,16497763.169858627,22988726.10454935,2.9267734646387398,0.09751159822769931
uav,3,12,166,235.15506721585828,169.9627461751821,2432416.1980950655,201.07780115075263,66.1745331564337,2.720526742432399e-05,0.2814080680459649,False,3.255911351928309,21351.83751606103,21417.465390363326,0.001874219362784095,0.0014909520175889934,0.0009371096813920475,0.0007454760087944967,False,-0.007700613265035151,-0.006526941624919391,0.0011736716401157601,0.54027641333801,0.006526941624919391,82.77635137340187,0.0,0,0,0.7176458188604807,16497763.169858627,22988726.10454935,4.3612102909928065,0.002185212712588435
uav,3,12,186,194.18008170921806,204.6591672860722,2432416.1980950655,201.07780115075263,11.945257081377704,4.910860686889263e-06,0.06151638714039455,False,1.648055796119191,21428.078277660163,21417.46539036332,0.0020714645172294644,0.0015937195020799314,0.0010357322586147322,0.0007968597510399657,False,-0.007217633621205245,-0.008716763147191489,0.0014991295259862442,0.5446902266296487,0.008716763147191489,62.4876708741531,0.0,0,0,0.7176458188604807,16497763.169858627,22988726.10454935,1.1921092828232234,0.020233842366790274
uav,3,12,207,195.67540181169014,202.8056841011021,2432416.1980950655,201.07780115075263,9.700769146393945,3.98812059958779e-06,0.049575823310328816,False,1.8918970551139647,21424.6473715631,21417.46539036345,0.0032375096148933914,0.005104296777819315,0.0016187548074466957,0.0025521483889096577,False,-0.006001165225352964,-0.010996592846089484,0.0049954276207365205,0.5427500580017772,0.010996592846089484,49.35620201622591,0.0,0,0,0.7176458188604807,16497763.169858627,22988726.10454935,2.4131713494885894,0.014130368875344395
uav,3,12,228,307.0762423946748,83.02362027599277,2432416.1980950655,201.07780115075263,238.3754623607327,9.799945525252433e-05,0.7762745189983037,False,29.529262068003145,21185.76446508604,21417.46539036345,0.0034747288765466498,0.0055476487927833395,0.0017373644382733249,0.0027738243963916697,False,-0.0074650567315844765,-0.011130451372150274,0.0036653946405657972,0.5528673823019487,0.011130451372150274,49.67160484482141,0.0,0,0,0.7176458188604807,16497763.169858627,22988726.10454935,2.4486583115552225,0.005584330477663783
uav,3,12,249,218.52858822237306,251.8353176754773,2432416.1980950655,201.07780115075263,35.43946545400647,1.4569655259556613e-05,0.16217313140715273,False,2.9576807061125705,21452.51886623937,21417.46539036342,0.0027820722843888133,0.0015600505441827337,0.0013910361421944066,0.0007800252720913669,False,-0.0068199287293535076,-0.006093038399880158,0.0007268903294733496,0.5276711330452598,0.006093038399880158,86.60229895410447,0.0,0,0,0.7176458188604807,16497763.169858627,22988726.10454935,3.2550218897538734,0.0021368944640761636
uav,3,12,269,230.0487342196638,155.17559075876662,2432416.1980950655,201.07780115075263,75.57677516975764,3.107065938343332e-05,0.3285250641613728,False,3.120494066839766,21342.12034057396,21417.46539036345,0.0012983453090880332,0.0004326783910575743,0.0006491726545440166,0.00021633919552878716,False,-0.00674660388587663,-0.007080783902604672,0.0003341800167280416,0.5437576907638686,0.007080783902604672,76.79343110073546,0.0,0,0,0.7176458188604807,16497763.169858627,22988726.10454935,1.4145738590975063,0.002730680336046502
uav,3,12,290,194.44438475443977,206.11625596635372,2432416.1980950655,201.07780115075263,16.01672575775811,6.5846978696744115e-06,0.08237175775471911,False,3.1395054081994305,21429.08204323473,21417.46539036345,0.002688757623751035,0.002370009751388969,0.0013443788118755176,0.0011850048756944845,False,-0.005729325587115186,-0.006723486576802566,0.0009941609896873798,0.5450392940496794,0.006723486576802566,81.06497838936407,0.0,0,0,0.7176458188604807,16497763.169858627,22988726.10454935,3.100781311680016,0.007263553527758996
uav,3,12,311,259.31544223497457,198.8929876774902,2432416.1980950655,201.07780115075263,132.53215763319395,5.4485806227152175e-05,0.5110847101542917,False,30.104422063572986,21402.857318560382,21417.46539036345,0.0013556520627926623,0.000823316686753789,0.0006778260313963311,0.0004116583433768945,False,-0.012749596218818571,-0.008323420433656815,0.004426175785161756,0.5431787769935794,0.008323420433656815,65.25908204722744,0.0,0,0,0.7176458188604807,16497763.169858627,22988726.10454935,4.342363963267653,0.004987297213519775
uav,3,12,332,216.995177822341,189.0187637834516,2432416.1980950655,201.07780115075263,29.60808590522765,1.2172294333681495e-05,0.1364458242913973,False,2.742557906909765,21389.39532302142,21417.46539036345,0.0038886084245680057,0.00691247007262115,0.0019443042122840029,0.003456235036310575,False,-0.00814841602643431,-0.013400446525206883,0.005252030498772573,0.5438315449204545,0.013400446525206883,40.5830913094934,0.0,0,0,0.7176458188604807,16497763.169858627,22988726.10454935,2.288730224949004,0.001569441176691714
uav,3,12,352,204.67378681142563,191.6887424283943,2432416.1980950655,201.07780115075263,13.11633849385131,5.3923084808115095e-06,0.06408411501144469,False,0.5354873037715653,21404.41329163274,21417.4653903632,0.0019378653182479655,0.0016105017170541002,0.0009689326591239828,0.0008052508585270501,False,-0.00765857062400517,-0.006188404505305354,0.0014701661186998167,0.5447404217368044,0.006188404505305354,88.02598816379817,0.0,0,0,0.7176458188604807,16497763.169858627,22988726.10454935,2.679292327789482,0.004032008767791004
uav,3,12,373,206.82854607165314,178.7438859999027,2432416.1980950655,201.07780115075263,28.369366886593184,1.1663039782752027e-05,0.13716369149916557,False,1.1946922796914783,21389.256282505517,21417.46539036305,0.0033379552099829005,0.0007621894561849764,0.0016689776049914503,0.0003810947280924882,False,-0.005643132963115649,-0.005306912678625861,0.0003362202844897884,0.5536367591384126,0.005306912678625861,104.32369866725749,0.0,0,0,0.7176458188604807,16497763.169858627,22988726.10454935,2.7543858190812798,0.000258577666592724
uav,3,12,394,182.8765998447273,230.94052985355404,2432416.1980950655,201.07780115075263,49.07307468790772,2.0174620908354026e-05,0.26833982439291615,False,2.7606068710690623,21465.67281383393,21417.465390363024,0.0029463621505330896,0.003767442110699373,0.0014731810752665448,0.0018837210553496865,False,-0.00529761830476022,-0.009021148050646226,0.0037235297458860063,0.5390767716029333,0.009021148050646226,59.75700305287826,0.0,0,0,0.7176458188604807,16497763.169858627,22988726.10454935,3.539005329642559,0.0004894355573224286
uav,3,12,415,219.23887184004363,198.57302743145976,2432416.1980950655,201.07780115075263,22.11090633634122,9.090099939992698e-06,0.1008530382900041,False,2.1591188445076153,21396.86495179883,21417.46539036302,0.0022726604840871438,0.0008206193348001501,0.0011363302420435719,0.00041030966740007507,False,-0.007544326601752083,-0.006045221275359913,0.00149910532639217,0.5396263369762742,0.006045221275359913,89.26494372931727,0.0,0,0,0.7176458188604807,16497763.169858627,22988726.10454935,2.4338281023926553,0.002566761516932645
uav,3,12,435,177.28798599033945,237.39834197621792,2432416.1980950655,201.07780115075263,60.67376368485644,2.4943824881766857e-05,0.34223279905815274,False,2.304038378672769,21477.864683855325,21417.46539036317,0.003230328784742261,0.0048701200192192845,0.0016151643923711305,0.0024350600096096423,False,-0.005475561276344512,-0.011540576710939957,0.006065015434595445,0.5430410446538911,0.011540576710939957,47.05493133104104,0.0,0,0,0.7176458188604807,16497763.169858627,22988726.10454935,3.0375701786123956,0.005329880787109613
uav,3,12,456,196.13441764998214,196.71214971127264,2432416.1980950655,201.07780115075263,1.4882975243172858,6.118597325091152e-07,0.007588150729227311,False,0.40008739829971524,21418.050818749747,21417.465390363162,0.001300257255110332,0.0006260591775808386,0.000650128627555166,0.0003130295887904193,False,-0.008388346111035215,-0.006574490957150254,0.0018138551538849617,0.5428703066612631,0.006574490957150254,82.57221892910977,0.0,0,0,0.7176458188604807,16497763.169858627,22988726.10454935,2.1833789908686807,0.0026079614963265443
uav,3,12,477,205.29661695556902,199.3499182004032,2432416.1980950655,201.07780115075263,8.376411834447424,3.4436589597649318e-06,0.040801509341287755,False,1.6708415327217891,21411.588438287577,21417.46539036302,0.007423766700580807,0.00736367557368868,0.0037118833502904035,0.00368183778684434,False,-0.007599049201710171,-0.006271701650230209,0.001327347551479962,0.542562726313674,0.006271701650230209,86.50965185720507,0.0,0,0,0.7176458188604807,16497763.169858627,22988726.10454935,2.728663526820366,0.1496433743830491
uav,3,12,498,213984.55709046175,19454.52897187195,2432416.1980950655,201.07780115075263,233418.50642715566,0.09596158198993913,1.0908194011798629,False,177.2472049610145,233418.50642715557,0.0,0.1270569068406606,0.28778381181203694,0.0635284534203303,0.14389190590601847,False,-1708.4928196745475,-85.44952463197464,0.9499854353217289,1.304646711410344,1.0,1.304646711410344,0.0,0,0,0.7176458188604807,16497763.169858627,22988726.10454935,5.305199567512204,0.1134437131405282
