system,Nc,source,k,max_cart_over_box,min_cart_over_box,worst_abs_cart_over_box,limit,penalty_can_activate,margin
pendcart,1,deterministic,0,1.5697602982579666,-1.0,1.5697602982579666,10.0,False,8.430239701742034
pendcart,1,deterministic,1,1.5884382000036372,-0.9935020587268573,1.5884382000036372,10.0,False,8.411561799996363
pendcart,1,deterministic,2,1.6212453497895332,-0.9812132993023885,1.6212453497895332,10.0,False,8.378754650210468
pendcart,1,deterministic,3,1.6686224995166674,-0.9624304484086971,1.6686224995166674,10.0,False,8.331377500483333
pendcart,1,deterministic,4,1.7280514394706794,-0.9369253365445908,1.7280514394706794,10.0,False,8.27194856052932
pendcart,1,deterministic,5,1.8004963496227322,-0.9044165315326568,1.8004963496227322,10.0,False,8.199503650377268
pendcart,1,deterministic,6,1.887289182335001,-0.8646474040913553,1.887289182335001,10.0,False,8.112710817664999
pendcart,1,deterministic,7,1.9830435674746663,-0.8180951058405409,1.9830435674746663,10.0,False,8.016956432525333
pendcart,1,deterministic,8,2.085027929040856,-0.7653608428674539,2.085027929040856,10.0,False,7.914972070959144
pendcart,1,deterministic,9,2.1902884938568143,-0.7072575007999465,2.1902884938568143,10.0,False,7.809711506143186
pendcart,1,deterministic,10,2.299073541469612,-0.6447659072924734,2.299073541469612,10.0,False,7.700926458530388
pendcart,1,deterministic,11,2.4076398503980627,-0.5789839142823661,2.4076398503980627,10.0,False,7.592360149601937
pendcart,1,deterministic,12,2.5105928716266663,-0.5110727167802378,2.5105928716266663,10.0,False,7.489407128373333
pendcart,1,deterministic,13,2.6056086192397694,-0.44220458338383595,2.6056086192397694,10.0,False,7.394391380760231
pendcart,1,deterministic,14,2.69086486389212,-0.37351528674824624,2.69086486389212,10.0,False,7.30913513610788
pendcart,1,deterministic,15,2.765062210064448,-0.30606336836187276,2.765062210064448,10.0,False,7.234937789935552
pendcart,1,deterministic,16,2.8274157793258357,-0.24079729547052886,2.8274157793258357,10.0,False,7.172584220674164
pendcart,1,deterministic,17,2.8776273532496695,-0.17853076359735937,2.8776273532496695,10.0,False,7.12237264675033
pendcart,1,deterministic,18,2.9158449292242845,-0.11992590861075508,2.9158449292242845,10.0,False,7.084155070775715
pendcart,1,deterministic,19,2.9426134370508525,-0.06548396701884882,2.9426134370508525,10.0,False,7.057386562949148
pendcart,1,deterministic,20,2.9588180960788835,-0.0155428380600229,2.9588180960788835,10.0,False,7.0411819039211165
pendcart,1,deterministic,21,2.9656209371757343,0.02971902735117432,2.9656209371757343,10.0,False,7.034379062824266
pendcart,1,deterministic,22,2.9643913334604948,0.0702730521866346,2.9643913334604948,10.0,False,7.035608666539505
pendcart,1,deterministic,23,2.956632519365535,0.10622603901083684,2.956632519365535,10.0,False,7.0433674806344655
pendcart,1,deterministic,24,2.943907228821438,0.13780168198564463,2.943907228821438,10.0,False,7.056092771178562
pendcart,1,deterministic,25,2.9277664264724486,0.1653191772468031,2.9277664264724486,10.0,False,7.072233573527551
pendcart,1,deterministic,26,2.9096849881728324,0.1891701205547971,2.9096849881728324,10.0,False,7.090315011827167
pendcart,1,deterministic,27,2.892949899078985,0.2097949052019597,2.892949899078985,10.0,False,7.107050100921015
pendcart,1,deterministic,28,2.8782249977309684,0.2276597562137091,2.8782249977309684,10.0,False,7.121775002269032
pendcart,1,deterministic,29,2.864724456771199,0.24323537815042168,2.864724456771199,10.0,False,7.135275543228801
pendcart,1,deterministic,30,2.853151554366713,0.25697799034525953,2.853151554366713,10.0,False,7.146848445633287
pendcart,1,deterministic,31,2.8440090617125477,0.2693132989264872,2.8440090617125477,10.0,False,7.155990938287452
pendcart,1,deterministic,32,2.8376037475128904,0.28062373995884526,2.8376037475128904,10.0,False,7.16239625248711
pendcart,1,deterministic,33,2.834058610431547,0.2912391354413232,2.834058610431547,10.0,False,7.165941389568453
pendcart,1,deterministic,34,2.8333313154428454,0.30143074054442176,2.8333313154428454,10.0,False,7.166668684557155
pendcart,1,deterministic,35,2.835237353739637,0.31140852516895867,2.835237353739637,10.0,False,7.164762646260363
pendcart,1,deterministic,36,2.839476494515726,0.32132142289124227,2.839476494515726,10.0,False,7.160523505484274
pendcart,1,deterministic,37,2.8456611278493833,0.3312601909229457,2.8456611278493833,10.0,False,7.154338872150617
pendcart,1,deterministic,38,2.8533451418188944,0.34126245710940206,2.8533451418188944,10.0,False,7.146654858181106
pendcart,1,deterministic,39,2.8620520488934207,0.35131948297750193,2.8620520488934207,10.0,False,7.137947951106579
pendcart,1,deterministic,40,2.8713012022853883,0.36138414762173643,2.8713012022853883,10.0,False,7.128698797714612
pendcart,1,deterministic,41,2.880631128846418,0.37137965659836397,2.880631128846418,10.0,False,7.119368871153582
pendcart,1,deterministic,42,2.8896192378387666,0.38120850211590634,2.8896192378387666,10.0,False,7.110380762161233
pendcart,1,deterministic,43,2.897897423630871,0.39076124315013955,2.897897423630871,10.0,False,7.102102576369129
pendcart,1,deterministic,44,2.90516333830331,0.39992473239955906,2.90516333830331,10.0,False,7.094836661696689
pendcart,1,deterministic,45,2.911187346161377,0.4085894862036481,2.911187346161377,10.0,False,7.088812653838623
pendcart,1,deterministic,46,2.9158153704824517,0.4166559683397637,2.9158153704824517,10.0,False,7.084184629517548
pendcart,1,deterministic,47,2.9189679989883417,0.424039634356527,2.9189679989883417,10.0,False,7.081032001011659
pendcart,1,deterministic,48,2.9206363308908165,0.4306746562914845,2.9206363308908165,10.0,False,7.079363669109183
pendcart,1,deterministic,49,2.9208751242686137,0.4365163147681446,2.9208751242686137,10.0,False,7.079124875731386
pendcart,1,deterministic,50,2.9197938514409807,0.44154210546505523,2.9197938514409807,10.0,False,7.08020614855902
pendcart,1,deterministic,51,2.91754628742143,0.4457516577575682,2.91754628742143,10.0,False,7.08245371257857
pendcart,1,deterministic,52,2.9143192516564334,0.4491656043711779,2.9143192516564334,10.0,False,7.085680748343567
pendcart,1,deterministic,53,2.910321093388151,0.4518235714974959,2.910321093388151,10.0,False,7.089678906611849
pendcart,1,deterministic,54,2.905770460922988,0.4537814789099058,2.905770460922988,10.0,False,7.094229539077012
pendcart,1,deterministic,55,2.9008858245503193,0.4551083491380945,2.9008858245503193,10.0,False,7.099114175449681
pendcart,1,deterministic,56,2.895876139655583,0.45588282459189966,2.895876139655583,10.0,False,7.1041238603444175
pendcart,1,deterministic,57,2.8909329417154805,0.45618958233461093,2.8909329417154805,10.0,False,7.10906705828452
pendcart,1,deterministic,58,2.886224066503467,0.4561158194503462,2.886224066503467,10.0,False,7.113775933496533
pendcart,1,deterministic,59,2.881889095382152,0.45574795954207903,2.881889095382152,10.0,False,7.118110904617848
pendcart,1,deterministic,60,2.8780365327853525,0.455168703787871,2.8780365327853525,10.0,False,7.1219634672146475
pendcart,1,deterministic,61,2.8747426474678295,0.45445452089372657,2.8747426474678295,10.0,False,7.12525735253217
pendcart,1,deterministic,62,2.872051841245125,0.45367364001966304,2.872051841245125,10.0,False,7.127948158754875
pendcart,1,deterministic,63,2.869978358532309,0.4528845813384183,2.869978358532309,10.0,False,7.130021641467691
pendcart,1,deterministic,64,2.868509111307344,0.4521352311304923,2.868509111307344,10.0,False,7.131490888692656
pendcart,1,deterministic,65,2.8676073718838024,0.4514624435756611,2.8676073718838024,10.0,False,7.132392628116198
pendcart,1,deterministic,66,2.8672170754503963,0.4508921301799074,2.8672170754503963,10.0,False,7.132782924549604
pendcart,1,deterministic,67,2.8672674764193657,0.45043978061809153,2.8672674764193657,10.0,False,7.132732523580634
pendcart,1,deterministic,68,2.8676779159042245,0.450111346076709,2.8676779159042245,10.0,False,7.132322084095776
pendcart,1,deterministic,69,2.8683624792420024,0.4499044078408036,2.8683624792420024,10.0,False,7.131637520757998
pendcart,1,deterministic,70,2.869234352330985,0.44980954992851413,2.869234352330985,10.0,False,7.1307656476690156
pendcart,1,deterministic,71,2.8702097196905383,0.44981185458868533,2.8702097196905383,10.0,False,7.129790280309462
pendcart,1,deterministic,72,2.8712110849820665,0.44989244309287185,2.8712110849820665,10.0,False,7.1287889150179335
pendcart,1,deterministic,73,2.8721699337484647,0.45002999090353585,2.8721699337484647,10.0,False,7.127830066251535
pendcart,1,deterministic,74,2.873028695948657,0.45020215530505797,2.873028695948657,10.0,False,7.126971304051343
pendcart,1,deterministic,75,2.873742001625901,0.45038686433106045,2.873742001625901,10.0,False,7.126257998374099
pendcart,1,deterministic,76,2.8742772549033115,0.45056342760855883,2.8742772549033115,10.0,False,7.125722745096688
pendcart,1,deterministic,77,2.874614578617262,0.4507134419313653,2.874614578617262,10.0,False,7.125385421382738
pendcart,1,deterministic,78,2.874746203659041,0.4508214763938841,2.874746203659041,10.0,False,7.125253796340958
pendcart,1,deterministic,79,2.8746753930796314,0.4508755332452724,2.8746753930796314,10.0,False,7.125324606920369
pendcart,1,deterministic,80,2.8744150012663643,0.4508672908415855,2.8744150012663643,10.0,False,7.125584998733636
pendcart,1,deterministic,81,2.87398577317671,0.4507921438646765,2.87398577317671,10.0,False,7.12601422682329
pendcart,1,deterministic,82,2.8734144881692,0.45064906311153774,2.8734144881692,10.0,False,7.1265855118308
pendcart,1,deterministic,83,2.872732048029945,0.45044030250907224,2.872732048029945,10.0,False,7.127267951970055
pendcart,1,deterministic,84,2.871971599925153,0.45017098454048426,2.871971599925153,10.0,False,7.128028400074847
pendcart,1,deterministic,85,2.871166773295994,0.4498485970412717,2.871166773295994,10.0,False,7.128833226704006
pendcart,1,deterministic,86,2.870350095727762,0.449482434440742,2.870350095727762,10.0,False,7.129649904272238
pendcart,1,deterministic,87,2.8695516375182137,0.4490830151703656,2.8695516375182137,10.0,False,7.130448362481786
pendcart,1,deterministic,88,2.868797919069785,0.4486615043786881,2.868797919069785,10.0,False,7.1312020809302155
pendcart,1,deterministic,89,2.868111099650478,0.4482291675032925,2.868111099650478,10.0,False,7.131888900349522
pendcart,1,deterministic,90,2.867508451611779,0.4477968759546158,2.867508451611779,10.0,False,7.132491548388221
pendcart,1,deterministic,91,2.8670021110765918,0.4473746814179793,2.8670021110765918,10.0,False,7.132997888923408
pendcart,1,deterministic,92,2.8665990849090783,0.44697147034224716,2.8665990849090783,10.0,False,7.133400915090922
pendcart,1,deterministic,93,2.866301484764386,0.44659470529914747,2.866301484764386,10.0,False,7.133698515235614
pendcart,1,deterministic,94,2.866106952275822,0.4462502552678366,2.866106952275822,10.0,False,7.133893047724178
pendcart,1,deterministic,95,2.866009235075315,0.4459423127101791,2.866009235075315,10.0,False,7.133990764924685
pendcart,1,deterministic,96,2.865998871221702,0.4456733916783078,2.865998871221702,10.0,False,7.134001128778298
pendcart,1,deterministic,97,2.866063939620938,0.445444398238959,2.866063939620938,10.0,False,7.133936060379062
pendcart,1,deterministic,98,2.8661908358826684,0.44525476226181304,2.8661908358826684,10.0,False,7.133809164117332
pendcart,1,deterministic,99,2.866365036501812,0.44510261811866497,2.866365036501812,10.0,False,7.133634963498189
pendcart,1,deterministic,100,2.866571818964835,0.4449850210619364,2.866571818964835,10.0,False,7.133428181035165
pendcart,1,deterministic,101,2.8667969109393763,0.4448981859417371,2.8667969109393763,10.0,False,7.133203089060624
pendcart,1,deterministic,102,2.86702704789239,0.44483773541903887,2.86702704789239,10.0,False,7.13297295210761
pendcart,1,deterministic,103,2.8672504248206923,0.4447989458384671,2.8672504248206923,10.0,False,7.132749575179307
pendcart,1,deterministic,104,2.867457034063101,0.44477698034180574,2.867457034063101,10.0,False,7.132542965936899
pendcart,1,deterministic,105,2.867638887094719,0.44476710052235086,2.867638887094719,10.0,False,7.132361112905281
pendcart,1,deterministic,106,2.8677901235509506,0.4447648498299488,2.8677901235509506,10.0,False,7.13220987644905
pendcart,1,deterministic,107,2.867907015327423,0.4447662039311696,2.867907015327423,10.0,False,7.1320929846725765
pendcart,1,deterministic,108,2.8679878773494503,0.4447676852124943,2.8679878773494503,10.0,False,7.13201212265055
pendcart,1,deterministic,109,2.8680328994077433,0.4447664404989738,2.8680328994077433,10.0,False,7.131967100592257
pendcart,1,deterministic,110,2.8680439153119313,0.44476028277454643,2.8680439153119313,10.0,False,7.131956084688069
pendcart,1,deterministic,111,2.8680241265460094,0.4447476991775909,2.8680241265460094,10.0,False,7.131975873453991
pendcart,1,deterministic,112,2.8679777976784533,0.44472782876596323,2.8679777976784533,10.0,False,7.132022202321547
pendcart,1,deterministic,113,2.8679099400803136,0.44470041447526126,2.8679099400803136,10.0,False,7.132090059919687
pendcart,1,deterministic,114,2.867825999154784,0.44466573432500484,2.867825999154784,10.0,False,7.132174000845216
pendcart,1,deterministic,115,2.867731558416375,0.4446245172654251,2.867731558416375,10.0,False,7.132268441583625
pendcart,1,deterministic,116,2.867632071510925,0.4445778491202025,2.867632071510925,10.0,False,7.132367928489074
pendcart,1,deterministic,117,2.86753263078938,0.4445270738966512,2.86753263078938,10.0,False,7.1324673692106195
pendcart,1,deterministic,118,2.867437778467806,0.44447369533994985,2.867437778467806,10.0,False,7.1325622215321935
pendcart,1,deterministic,119,2.8673513638510713,0.44441928304332706,2.8673513638510713,10.0,False,7.132648636148929
pendcart,1,deterministic,120,2.8672764476776695,0.4443653867356264,2.8672764476776695,10.0,False,7.1327235523223305
pendcart,1,deterministic,121,2.8672152524495913,0.44431346159595003,2.8672152524495913,10.0,False,7.132784747550408
pendcart,1,deterministic,122,2.867169155714824,0.44426480663525547,2.867169155714824,10.0,False,7.132830844285176
pendcart,1,deterministic,123,2.86713872172098,0.4442205173767126,2.86713872172098,10.0,False,7.1328612782790195
pendcart,1,deterministic,124,2.8671237656865243,0.4441814532958345,2.8671237656865243,10.0,False,7.132876234313476
pendcart,1,deterministic,125,2.867123444149313,0.4441482197775096,2.867123444149313,10.0,False,7.132876555850687
pendcart,1,deterministic,126,2.867136364442712,0.44412116373355337,2.867136364442712,10.0,False,7.132863635557288
pendcart,1,deterministic,127,2.867160706291529,0.44410038151801295,2.867160706291529,10.0,False,7.1328392937084715
pendcart,1,deterministic,128,2.8671943487786082,0.4440857373885401,2.8671943487786082,10.0,False,7.132805651221392
pendcart,1,deterministic,129,2.8672349964585546,0.4440768904944321,2.8672349964585546,10.0,False,7.132765003541445
pendcart,1,deterministic,130,2.8672802991362523,0.4440733282236034,2.8672802991362523,10.0,False,7.132719700863747
pendcart,1,deterministic,131,2.867327960726797,0.44407440370482576,2.867327960726797,10.0,False,7.132672039273203
pendcart,1,deterministic,132,2.867375833612894,0.4440793753269444,2.867375833612894,10.0,False,7.132624166387107
pendcart,1,deterministic,133,2.867421995960316,0.44408744628911284,2.867421995960316,10.0,False,7.132578004039684
pendcart,1,deterministic,134,2.8674648104909775,0.4440978024189025,2.8674648104909775,10.0,False,7.1325351895090225
pendcart,1,deterministic,135,2.867502964200461,0.4441096467705716,2.867502964200461,10.0,False,7.132497035799539
pendcart,1,deterministic,136,2.8675354894057996,0.44412222982580735,2.8675354894057996,10.0,False,7.1324645105942
pendcart,1,deterministic,137,2.8675617672894114,0.44413487444624766,2.8675617672894114,10.0,False,7.132438232710589
pendcart,1,deterministic,138,2.8675815157464664,0.44414699505483446,2.8675815157464664,10.0,False,7.132418484253534
pendcart,1,deterministic,139,2.867594763831228,0.44415811083677975,2.867594763831228,10.0,False,7.132405236168772
pendcart,1,deterministic,140,2.867601815430821,0.4441678530386226,2.867601815430821,10.0,False,7.132398184569179
pendcart,1,deterministic,141,2.8676032049740527,0.44417596669569454,2.8676032049740527,10.0,False,7.132396795025947
pendcart,1,deterministic,142,2.8675996480178085,0.44418230732708136,2.8675996480178085,10.0,False,7.1324003519821915
pendcart,1,deterministic,143,2.8675919894598185,0.444186833298802,2.8675919894598185,10.0,False,7.132408010540182
pendcart,1,deterministic,144,2.8675811519215784,0.4441895946683763,2.8675811519215784,10.0,False,7.132418848078421
pendcart,1,deterministic,145,2.8675680865515156,0.4441907193878733,2.8675680865515156,10.0,False,7.132431913448484
pendcart,1,deterministic,146,2.867553728138698,0.4441903977606262,2.867553728138698,10.0,False,7.132446271861302
pendcart,1,deterministic,147,2.867538956024745,0.4441888660233822,2.867538956024745,10.0,False,7.132461043975255
pendcart,1,deterministic,148,2.8675245618788097,0.44418638986645154,2.8675245618788097,10.0,False,7.13247543812119
pendcart,1,deterministic,149,2.8675112249783763,0.4441832486160681,2.8675112249783763,10.0,False,7.132488775021624
pendcart,1,deterministic,150,2.8674994952358124,0.4441797206928651,2.8674994952358124,10.0,False,7.132500504764188
pendcart,1,SGO,0,1.5697602982579666,-1.0,1.5697602982579666,10.0,False,8.430239701742034
pendcart,1,SGO,1,1.5887723335320145,-0.9934663709982907,1.5887723335320145,10.0,False,8.411227666467985
pendcart,1,SGO,2,1.6207544552911126,-0.9812451144836137,1.6207544552911126,10.0,False,8.379245544708887
pendcart,1,SGO,3,1.667995502341762,-0.9625085814600405,1.667995502341762,10.0,False,8.332004497658238
pendcart,1,SGO,4,1.7273903388342977,-0.9370446962560394,1.7273903388342977,10.0,False,8.272609661165703
pendcart,1,SGO,5,1.7998131864155333,-0.9045752435343364,1.7998131864155333,10.0,False,8.200186813584466
pendcart,1,SGO,6,1.8881816984966977,-0.8646742929849619,1.8881816984966977,10.0,False,8.111818301503302
pendcart,1,SGO,7,1.9842856593323377,-0.8180221111209244,1.9842856593323377,10.0,False,8.015714340667662
pendcart,1,SGO,8,2.086212033734516,-0.7652157587667099,2.086212033734516,10.0,False,7.913787966265485
pendcart,1,SGO,9,2.1912644367602665,-0.7070661717221975,2.1912644367602665,10.0,False,7.8087355632397335
pendcart,1,SGO,10,2.2994745010714617,-0.6445857791045306,2.2994745010714617,10.0,False,7.700525498928538
pendcart,1,SGO,11,2.4079088998638976,-0.5788038844527142,2.4079088998638976,10.0,False,7.592091100136102
pendcart,1,SGO,12,2.5106769962728803,-0.5109045328052401,2.5106769962728803,10.0,False,7.48932300372712
pendcart,1,SGO,13,2.6055224455979706,-0.4420558714629254,2.6055224455979706,10.0,False,7.394477554402029
pendcart,1,SGO,14,2.6908090810393457,-0.37337392473782566,2.6908090810393457,10.0,False,7.309190918960654
pendcart,1,SGO,15,2.7647302042085777,-0.3059555765554651,2.7647302042085777,10.0,False,7.235269795791423
pendcart,1,SGO,16,2.8276662946952005,-0.24065248604126888,2.8276662946952005,10.0,False,7.1723337053047995
pendcart,1,SGO,17,2.87785096830938,-0.17837340087291692,2.87785096830938,10.0,False,7.12214903169062
pendcart,1,SGO,18,2.9157037021604597,-0.11979187844605362,2.9157037021604597,10.0,False,7.08429629783954
pendcart,1,SGO,19,2.9422760357692357,-0.06537870583436088,2.9422760357692357,10.0,False,7.057723964230764
pendcart,1,SGO,20,2.9574531490611387,-0.015559738114180585,2.9574531490611387,10.0,False,7.042546850938861
pendcart,1,SGO,21,2.96390990379371,0.029588343678354716,2.96390990379371,10.0,False,7.03609009620629
pendcart,1,SGO,22,2.963216455748663,0.07009957968530897,2.963216455748663,10.0,False,7.036783544251337
pendcart,1,SGO,23,2.955490319538311,0.10599478373118702,2.955490319538311,10.0,False,7.0445096804616885
pendcart,1,SGO,24,2.9433478721882036,0.13756927855658568,2.9433478721882036,10.0,False,7.056652127811796
pendcart,1,SGO,25,2.9273014294992215,0.16507068903694563,2.9273014294992215,10.0,False,7.072698570500778
pendcart,1,SGO,26,2.9087985447023836,0.18885713680870495,2.9087985447023836,10.0,False,7.091201455297616
pendcart,1,SGO,27,2.8924441236414835,0.20947121476172972,2.8924441236414835,10.0,False,7.107555876358516
pendcart,1,SGO,28,2.877585330857616,0.22729440435060633,2.877585330857616,10.0,False,7.122414669142384
pendcart,1,SGO,29,2.863814709134721,0.24280398828202931,2.863814709134721,10.0,False,7.13618529086528
pendcart,1,SGO,30,2.852232139818248,0.2564914939421594,2.852232139818248,10.0,False,7.147767860181752
pendcart,1,SGO,31,2.843113859821928,0.268776494314689,2.843113859821928,10.0,False,7.156886140178072
pendcart,1,SGO,32,2.836711351142894,0.2800381842588976,2.836711351142894,10.0,False,7.163288648857106
pendcart,1,SGO,33,2.8331576511711734,0.2906065747171033,2.8331576511711734,10.0,False,7.166842348828826
pendcart,1,SGO,34,2.8323824040780394,0.3007497980679861,2.8323824040780394,10.0,False,7.167617595921961
pendcart,1,SGO,35,2.8342383153194812,0.3106799478678502,2.8342383153194812,10.0,False,7.165761684680518
pendcart,1,SGO,36,2.838461118457941,0.3205503424294637,2.838461118457941,10.0,False,7.161538881542059
pendcart,1,SGO,37,2.8446042117263537,0.3304480937686916,2.8446042117263537,10.0,False,7.155395788273646
pendcart,1,SGO,38,2.8523140120745483,0.34041938547320677,2.8523140120745483,10.0,False,7.147685987925452
pendcart,1,SGO,39,2.8609841521491526,0.3504460200845584,2.8609841521491526,10.0,False,7.139015847850848
pendcart,1,SGO,40,2.870226946174203,0.36048669575307235,2.870226946174203,10.0,False,7.129773053825797
pendcart,1,SGO,41,2.8795756609772374,0.3704658812377776,2.8795756609772374,10.0,False,7.120424339022763
pendcart,1,SGO,42,2.8886007071298927,0.3802865261156609,2.8886007071298927,10.0,False,7.111399292870107
pendcart,1,SGO,43,2.8969379149077996,0.38984015040209175,2.8969379149077996,10.0,False,7.1030620850922
pendcart,1,SGO,44,2.904288952447683,0.3990146581470999,2.904288952447683,10.0,False,7.095711047552317
pendcart,1,SGO,45,2.910389635042815,0.40769761123254233,2.910389635042815,10.0,False,7.089610364957185
pendcart,1,SGO,46,2.915062190878366,0.41578542514939426,2.915062190878366,10.0,False,7.084937809121634
pendcart,1,SGO,47,2.9182982513072258,0.42319821267495306,2.9182982513072258,10.0,False,7.081701748692774
pendcart,1,SGO,48,2.920135043961105,0.42987670036068776,2.920135043961105,10.0,False,7.079864956038895
pendcart,1,SGO,49,2.9203645867331556,0.4357525064065127,2.9203645867331556,10.0,False,7.079635413266844
pendcart,1,SGO,50,2.9193811897895787,0.4408213195878011,2.9193811897895787,10.0,False,7.080618810210421
pendcart,1,SGO,51,2.917130591673366,0.4450669637948315,2.917130591673366,10.0,False,7.0828694083266335
pendcart,1,SGO,52,2.9140128063650246,0.4485258451228822,2.9140128063650246,10.0,False,7.085987193634976
pendcart,1,SGO,53,2.9100893087430157,0.451228701390216,2.9100893087430157,10.0,False,7.089910691256984
pendcart,1,SGO,54,2.905611830736455,0.45323221206518444,2.905611830736455,10.0,False,7.094388169263545
pendcart,1,SGO,55,2.9007667453296486,0.45460155778863903,2.9007667453296486,10.0,False,7.099233254670351
pendcart,1,SGO,56,2.8958031264862107,0.45541737403220034,2.8958031264862107,10.0,False,7.104196873513789
pendcart,1,SGO,57,2.8908609823332405,0.45575929569872053,2.8908609823332405,10.0,False,7.1091390176667595
pendcart,1,SGO,58,2.8862087077784206,0.4557225434834161,2.8862087077784206,10.0,False,7.113791292221579
pendcart,1,SGO,59,2.8818883749687934,0.4553869246535571,2.8818883749687934,10.0,False,7.118111625031206
pendcart,1,SGO,60,2.8780381039959573,0.4548358305399394,2.8780381039959573,10.0,False,7.121961896004043
pendcart,1,SGO,61,2.8747488039198323,0.45414690332043994,2.8747488039198323,10.0,False,7.125251196080168
pendcart,1,SGO,62,2.872042281568338,0.4533865480571257,2.872042281568338,10.0,False,7.127957718431662
pendcart,1,SGO,63,2.869951699101651,0.4526144734060466,2.869951699101651,10.0,False,7.130048300898348
pendcart,1,SGO,64,2.868461590240512,0.4518787272399398,2.868461590240512,10.0,False,7.131538409759488
pendcart,1,SGO,65,2.8675475778540993,0.451217711589583,2.8675475778540993,10.0,False,7.132452422145901
pendcart,1,SGO,66,2.8671387973514557,0.45065672204005863,2.8671387973514557,10.0,False,7.132861202648544
pendcart,1,SGO,67,2.8671686192319354,0.4502116418854614,2.8671686192319354,10.0,False,7.1328313807680646
pendcart,1,SGO,68,2.86756492075686,0.4498895183039453,2.86756492075686,10.0,False,7.13243507924314
pendcart,1,SGO,69,2.868232755828405,0.449687633992029,2.868232755828405,10.0,False,7.131767244171595
pendcart,1,SGO,70,2.8690982512114624,0.4495979700013515,2.8690982512114624,10.0,False,7.1309017487885376
pendcart,1,SGO,71,2.870070171706181,0.449605592913888,2.870070171706181,10.0,False,7.129929828293819
pendcart,1,SGO,72,2.8710818651462287,0.449692998354948,2.8710818651462287,10.0,False,7.128918134853771
pendcart,1,SGO,73,2.8720431116040173,0.44983738554541375,2.8720431116040173,10.0,False,7.127956888395983
pendcart,1,SGO,74,2.8729122679247867,0.45001751586570593,2.8729122679247867,10.0,False,7.127087732075213
pendcart,1,SGO,75,2.873638218966445,0.4502111163420076,2.873638218966445,10.0,False,7.126361781033555
pendcart,1,SGO,76,2.874189530074773,0.4503976247224296,2.874189530074773,10.0,False,7.125810469925227
pendcart,1,SGO,77,2.874539208244492,0.4505579416417137,2.874539208244492,10.0,False,7.125460791755508
pendcart,1,SGO,78,2.8746870892336003,0.4506770572917866,2.8746870892336003,10.0,False,7.1253129107664
pendcart,1,SGO,79,2.874630966268219,0.4507424966987335,2.874630966268219,10.0,False,7.125369033731781
pendcart,1,SGO,80,2.8743882541329806,0.4507461845321959,2.8743882541329806,10.0,False,7.125611745867019
pendcart,1,SGO,81,2.8739805583018536,0.45068367188023406,2.8739805583018536,10.0,False,7.126019441698146
pendcart,1,SGO,82,2.873422660880229,0.450552773453181,2.873422660880229,10.0,False,7.1265773391197715
pendcart,1,SGO,83,2.87275484550903,0.45035613161756344,2.87275484550903,10.0,False,7.12724515449097
pendcart,1,SGO,84,2.872005886106527,0.45009843381005105,2.872005886106527,10.0,False,7.1279941138934735
pendcart,1,SGO,85,2.871209710680976,0.44978697514265603,2.871209710680976,10.0,False,7.128790289319024
pendcart,1,SGO,86,2.8703897865403714,0.44942991390004283,2.8703897865403714,10.0,False,7.129610213459628
pendcart,1,SGO,87,2.8695941514715173,0.4490389835413123,2.8695941514715173,10.0,False,7.130405848528483
pendcart,1,SGO,88,2.8688461455155445,0.44862548354109216,2.8688461455155445,10.0,False,7.131153854484456
pendcart,1,SGO,89,2.8681589523703197,0.4481999730367717,2.8681589523703197,10.0,False,7.13184104762968
pendcart,1,SGO,90,2.86755344611099,0.44777339741024047,2.86755344611099,10.0,False,7.13244655388901
pendcart,1,SGO,91,2.867043414764669,0.44735593113651856,2.867043414764669,10.0,False,7.1329565852353305
pendcart,1,SGO,92,2.866635337736457,0.446956463507394,2.866635337736457,10.0,False,7.133364662263543
pendcart,1,SGO,93,2.866329439605296,0.4465822819382849,2.866329439605296,10.0,False,7.1336705603947035
pendcart,1,SGO,94,2.8661328741232253,0.446240177855559,2.8661328741232253,10.0,False,7.133867125876774
pendcart,1,SGO,95,2.8660289467940734,0.44593373153940685,2.8660289467940734,10.0,False,7.133971053205927
pendcart,1,SGO,96,2.866012910565245,0.4456657755567446,2.866012910565245,10.0,False,7.133987089434755
pendcart,1,SGO,97,2.866066799769894,0.44543669046376616,2.866066799769894,10.0,False,7.133933200230106
pendcart,1,SGO,98,2.86618994835994,0.4452470161974413,2.86618994835994,10.0,False,7.13381005164006
pendcart,1,SGO,99,2.866348336828659,0.4450933517958944,2.866348336828659,10.0,False,7.1336516631713405
pendcart,1,SGO,100,2.866555827965539,0.44497508844794964,2.866555827965539,10.0,False,7.13344417203446
pendcart,1,SGO,101,2.8667768199779755,0.444887264627941,2.8667768199779755,10.0,False,7.133223180022025
pendcart,1,SGO,102,2.867005994836963,0.4448260378294536,2.867005994836963,10.0,False,7.132994005163037
pendcart,1,SGO,103,2.867230892215583,0.4447868120223035,2.867230892215583,10.0,False,7.1327691077844175
pendcart,1,SGO,104,2.8674383893148243,0.44476455537464993,2.8674383893148243,10.0,False,7.132561610685176
pendcart,1,SGO,105,2.8676216811994943,0.4447545876165129,2.8676216811994943,10.0,False,7.132378318800505
pendcart,1,SGO,106,2.867774875983769,0.4447524578329585,2.867774875983769,10.0,False,7.132225124016231
pendcart,1,SGO,107,2.8678945427855376,0.4447541789062478,2.8678945427855376,10.0,False,7.132105457214463
pendcart,1,SGO,108,2.8679778708788675,0.444756176837401,2.8679778708788675,10.0,False,7.1320221291211325
pendcart,1,SGO,109,2.8680250769600013,0.44475555481053125,2.8680250769600013,10.0,False,7.131974923039999
pendcart,1,SGO,110,2.8680389091416907,0.4447501837048787,2.8680389091416907,10.0,False,7.13196109085831
pendcart,1,SGO,111,2.8680399149698776,0.4447404195996851,2.8680399149698776,10.0,False,7.131960085030123
pendcart,1,SGO,112,2.867991838449797,0.4447221744795104,2.867991838449797,10.0,False,7.132008161550203
pendcart,1,SGO,113,2.867919737047638,0.4446958457787724,2.867919737047638,10.0,False,7.132080262952362
pendcart,1,SGO,114,2.8678345600293613,0.4446621740278552,2.8678345600293613,10.0,False,7.132165439970638
pendcart,1,SGO,115,2.867739293264639,0.44462183406390854,2.867739293264639,10.0,False,7.1322607067353605
pendcart,1,SGO,116,2.867638774601997,0.44457588936104536,2.867638774601997,10.0,False,7.132361225398003
pendcart,1,SGO,117,2.8675382674093792,0.44452570322080476,2.8675382674093792,10.0,False,7.13246173259062
pendcart,1,SGO,118,2.867415803786571,0.4444699669068355,2.867415803786571,10.0,False,7.132584196213429
pendcart,1,SGO,119,2.867273477146065,0.44440844296757404,2.867273477146065,10.0,False,7.132726522853935
pendcart,1,SGO,120,2.8672116750354633,0.4443514378709909,2.8672116750354633,10.0,False,7.132788324964537
pendcart,1,SGO,121,2.8671616320783597,0.44429732183126436,2.8671616320783597,10.0,False,7.13283836792164
pendcart,1,SGO,122,2.867127043347359,0.444247385141695,2.867127043347359,10.0,False,7.1328729566526405
pendcart,1,SGO,123,2.8671040243328685,0.4442021698130077,2.8671040243328685,10.0,False,7.1328959756671315
pendcart,1,SGO,124,2.867084944372882,0.44416140887369016,2.867084944372882,10.0,False,7.132915055627118
pendcart,1,SGO,125,2.86707221783878,0.4441253026052061,2.86707221783878,10.0,False,7.13292778216122
pendcart,1,SGO,126,2.8670917868411756,0.4440966243465503,2.8670917868411756,10.0,False,7.132908213158824
pendcart,1,SGO,127,2.867123490946801,0.4440747518563946,2.867123490946801,10.0,False,7.132876509053199
pendcart,1,SGO,128,2.8671685627414134,0.4440599196268014,2.8671685627414134,10.0,False,7.132831437258586
pendcart,1,SGO,129,2.8672088264341924,0.4440503240215837,2.8672088264341924,10.0,False,7.132791173565808
pendcart,1,SGO,130,2.867262352916793,0.4440468722771379,2.867262352916793,10.0,False,7.132737647083207
pendcart,1,SGO,131,2.8673068970663076,0.44404736028530295,2.8673068970663076,10.0,False,7.132693102933692
pendcart,1,SGO,132,2.8673630307698637,0.44405276632850393,2.8673630307698637,10.0,False,7.132636969230136
pendcart,1,SGO,133,2.8674031320438527,0.4440603108922589,2.8674031320438527,10.0,False,7.132596867956147
pendcart,1,SGO,134,2.8674412999667407,0.44406997050843183,2.8674412999667407,10.0,False,7.132558700033259
pendcart,1,SGO,135,2.867475627708547,0.44408103513107433,2.867475627708547,10.0,False,7.132524372291453
pendcart,1,SGO,136,2.8675052454003294,0.4440928592717755,2.8675052454003294,10.0,False,7.132494754599671
pendcart,1,SGO,137,2.8675385962811957,0.44410581467536314,2.8675385962811957,10.0,False,7.132461403718804
pendcart,1,SGO,138,2.8675562727634807,0.44411790457800515,2.8675562727634807,10.0,False,7.132443727236519
pendcart,1,SGO,139,2.8675690826043465,0.44412919109397225,2.8675690826043465,10.0,False,7.132430917395654
pendcart,1,SGO,140,2.8675810279747074,0.44413979971790496,2.8675810279747074,10.0,False,7.132418972025293
pendcart,1,SGO,141,2.867591290621262,0.44414964326030726,2.867591290621262,10.0,False,7.132408709378738
pendcart,1,SGO,142,2.867587684711337,0.4441574018864516,2.867587684711337,10.0,False,7.132412315288663
pendcart,1,SGO,143,2.867580271319653,0.44416340356164086,2.867580271319653,10.0,False,7.132419728680347
pendcart,1,SGO,144,2.8675719375669284,0.44416790790138405,2.8675719375669284,10.0,False,7.132428062433071
pendcart,1,SGO,145,2.8675595166333334,0.4441707202134673,2.8675595166333334,10.0,False,7.132440483366667
pendcart,1,SGO,146,2.867542963834711,0.4441717766802933,2.867542963834711,10.0,False,7.132457036165289
pendcart,1,SGO,147,2.8675224075559833,0.4441710332717888,2.8675224075559833,10.0,False,7.132477592444017
pendcart,1,SGO,148,2.8675142384870353,0.4441701837455472,2.8675142384870353,10.0,False,7.132485761512965
pendcart,1,SGO,149,2.8675037688434992,0.44416861145055603,2.8675037688434992,10.0,False,7.132496231156501
pendcart,1,SGO,150,2.8674912563443002,0.4441663014137913,2.8674912563443002,10.0,False,7.1325087436557
pendcart,1,GWO,0,1.5697602982579666,-1.0,1.5697602982579666,10.0,False,8.430239701742034
pendcart,1,GWO,1,1.588352226011894,-0.9935112413315528,1.588352226011894,10.0,False,8.411647773988106
pendcart,1,GWO,2,1.6211625753741383,-0.9812274389263814,1.6211625753741383,10.0,False,8.378837424625862
pendcart,1,GWO,3,1.6683280774026206,-0.9624718827576522,1.6683280774026206,10.0,False,8.33167192259738
pendcart,1,GWO,4,1.7277424497674125,-0.9369857694329435,1.7277424497674125,10.0,False,8.272257550232588
pendcart,1,GWO,5,1.8001781707434101,-0.9044950811078802,1.8001781707434101,10.0,False,8.19982182925659
pendcart,1,GWO,6,1.886999463947148,-0.8647396134142207,1.886999463947148,10.0,False,8.113000536052851
pendcart,1,GWO,7,1.982498533934213,-0.8182286381485283,1.982498533934213,10.0,False,8.017501466065788
pendcart,1,GWO,8,2.084567319164335,-0.7655147105174396,2.084567319164335,10.0,False,7.915432680835665
pendcart,1,GWO,9,2.1899339627291576,-0.7074226617897698,2.1899339627291576,10.0,False,7.810066037270842
pendcart,1,GWO,10,2.2988113102335648,-0.6449364565937808,2.2988113102335648,10.0,False,7.701188689766435
pendcart,1,GWO,11,2.407304201808887,-0.5791711781541775,2.407304201808887,10.0,False,7.592695798191113
pendcart,1,GWO,12,2.51027316504462,-0.5112723701565746,2.51027316504462,10.0,False,7.4897268349553805
pendcart,1,GWO,13,2.605311216484986,-0.4424149026571538,2.605311216484986,10.0,False,7.394688783515014
pendcart,1,GWO,14,2.6905796790344474,-0.3737357540154922,2.6905796790344474,10.0,False,7.309420320965552
pendcart,1,GWO,15,2.7647638577573814,-0.3062954979136311,2.7647638577573814,10.0,False,7.235236142242618
pendcart,1,GWO,16,2.8271256705483,-0.24103930702788245,2.8271256705483,10.0,False,7.1728743294517
pendcart,1,GWO,17,2.8773174595982316,-0.17878428560670462,2.8773174595982316,10.0,False,7.122682540401769
pendcart,1,GWO,18,2.915489018991173,-0.1201938738471891,2.915489018991173,10.0,False,7.084510981008827
pendcart,1,GWO,19,2.9422453096977623,-0.0657646514883106,2.9422453096977623,10.0,False,7.057754690302238
pendcart,1,GWO,20,2.9583448759289395,-0.01584479509844243,2.9583448759289395,10.0,False,7.0416551240710605
pendcart,1,GWO,21,2.9652172108592607,0.029408416491147144,2.9652172108592607,10.0,False,7.034782789140739
pendcart,1,GWO,22,2.963884498923459,0.06994258838647997,2.963884498923459,10.0,False,7.036115501076541
pendcart,1,GWO,23,2.9559562288384575,0.10586467295231874,2.9559562288384575,10.0,False,7.044043771161542
pendcart,1,GWO,24,2.9433036038665317,0.1374253499613906,2.9433036038665317,10.0,False,7.056696396133468
pendcart,1,GWO,25,2.9272224264324787,0.16493306066278685,2.9272224264324787,10.0,False,7.072777573567521
pendcart,1,GWO,26,2.9092018201723344,0.1887794420349391,2.9092018201723344,10.0,False,7.090798179827665
pendcart,1,GWO,27,2.8924728426628628,0.20939808495099443,2.8924728426628628,10.0,False,7.107527157337137
pendcart,1,GWO,28,2.877806120367039,0.22726390517285947,2.877806120367039,10.0,False,7.122193879632961
pendcart,1,GWO,29,2.8643408532997374,0.24284229116542988,2.8643408532997374,10.0,False,7.135659146700263
pendcart,1,GWO,30,2.852808255344655,0.2565906276389883,2.852808255344655,10.0,False,7.147191744655345
pendcart,1,GWO,31,2.8437163565309507,0.2689352569106156,2.8437163565309507,10.0,False,7.156283643469049
pendcart,1,GWO,32,2.8373593497102756,0.28025768809351315,2.8373593497102756,10.0,False,7.162640650289724
pendcart,1,GWO,33,2.8338268364055725,0.290883817001069,2.8338268364055725,10.0,False,7.1661731635944275
pendcart,1,GWO,34,2.8331129720692854,0.3010864177651569,2.8331129720692854,10.0,False,7.166887027930715
pendcart,1,GWO,35,2.8350308203150982,0.3110752767660834,2.8350308203150982,10.0,False,7.164969179684902
pendcart,1,GWO,36,2.839280649468124,0.3209992979995498,2.839280649468124,10.0,False,7.160719350531876
pendcart,1,GWO,37,2.8454792594764613,0.33094965851736396,2.8454792594764613,10.0,False,7.154520740523539
pendcart,1,GWO,38,2.8531751856562524,0.34096363481305875,2.8531751856562524,10.0,False,7.146824814343748
pendcart,1,GWO,39,2.8618957171481827,0.35103275613893853,2.8618957171481827,10.0,False,7.138104282851817
pendcart,1,GWO,40,2.871159686624621,0.36110994741556196,2.871159686624621,10.0,False,7.128840313375379
pendcart,1,GWO,41,2.880498308507071,0.3711176890248855,2.880498308507071,10.0,False,7.119501691492929
pendcart,1,GWO,42,2.8894945749024616,0.3809586608526759,2.8894945749024616,10.0,False,7.110505425097538
pendcart,1,GWO,43,2.897785068605049,0.39052388160984275,2.897785068605049,10.0,False,7.1022149313949505
pendcart,1,GWO,44,2.9050652872833873,0.3997002163963899,2.9050652872833873,10.0,False,7.094934712716613
pendcart,1,GWO,45,2.911101883447706,0.4083778686872711,2.911101883447706,10.0,False,7.0888981165522935
pendcart,1,GWO,46,2.915737797157399,0.4164568278313531,2.915737797157399,10.0,False,7.084262202842601
pendcart,1,GWO,47,2.918899388339794,0.4238528335138855,2.918899388339794,10.0,False,7.081100611660206
pendcart,1,GWO,48,2.9205713122340504,0.4304994183856849,2.9205713122340504,10.0,False,7.079428687765949
pendcart,1,GWO,49,2.9207981315200406,0.43635042132552426,2.9207981315200406,10.0,False,7.079201868479959
pendcart,1,GWO,50,2.919733373218161,0.4413870728774721,2.919733373218161,10.0,False,7.080266626781839
pendcart,1,GWO,51,2.9174871828683897,0.4456061754564638,2.9174871828683897,10.0,False,7.08251281713161
pendcart,1,GWO,52,2.9142679072256534,0.44902964655792743,2.9142679072256534,10.0,False,7.085732092774347
pendcart,1,GWO,53,2.9102812094289594,0.45169722763957143,2.9102812094289594,10.0,False,7.089718790571041
pendcart,1,GWO,54,2.905742994364147,0.4536647553295853,2.905742994364147,10.0,False,7.094257005635853
pendcart,1,GWO,55,2.9008793489288123,0.4550020967886996,2.9008793489288123,10.0,False,7.099120651071187
pendcart,1,GWO,56,2.895875081351525,0.45578583422910757,2.895875081351525,10.0,False,7.104124918648475
pendcart,1,GWO,57,2.8909336352190707,0.45610091566688304,2.8909336352190707,10.0,False,7.109066364780929
pendcart,1,GWO,58,2.8862256664976695,0.45603466646931845,2.8862256664976695,10.0,False,7.113774333502331
pendcart,1,GWO,59,2.8818955889711346,0.4556740468345326,2.8818955889711346,10.0,False,7.118104411028865
pendcart,1,GWO,60,2.878040516161072,0.45510086697222296,2.878040516161072,10.0,False,7.121959483838928
pendcart,1,GWO,61,2.874746670956673,0.4543922572349717,2.874746670956673,10.0,False,7.125253329043327
pendcart,1,GWO,62,2.872053148589146,0.4536161298317948,2.872053148589146,10.0,False,7.127946851410854
pendcart,1,GWO,63,2.8699773021423356,0.4528312386969451,2.8699773021423356,10.0,False,7.130022697857664
pendcart,1,GWO,64,2.868505792282463,0.45208554419258834,2.868505792282463,10.0,False,7.131494207717537
pendcart,1,GWO,65,2.867601938581158,0.4514159804397279,2.867601938581158,10.0,False,7.132398061418842
pendcart,1,GWO,66,2.8672106952426746,0.4508486361146806,2.8672106952426746,10.0,False,7.132789304757326
pendcart,1,GWO,67,2.8672604974568343,0.4503990355702876,2.8672604974568343,10.0,False,7.132739502543165
pendcart,1,GWO,68,2.867675527957188,0.45007370336739533,2.867675527957188,10.0,False,7.1323244720428125
pendcart,1,GWO,69,2.868358856481856,0.44986939430681655,2.868358856481856,10.0,False,7.131641143518144
pendcart,1,GWO,70,2.8692285255307968,0.4497768490124773,2.8692285255307968,10.0,False,7.130771474469203
pendcart,1,GWO,71,2.8702035474309446,0.44978141438605024,2.8702035474309446,10.0,False,7.129796452569055
pendcart,1,GWO,72,2.8712047456587046,0.44986416747596963,2.8712047456587046,10.0,False,7.128795254341295
pendcart,1,GWO,73,2.8721644489670886,0.4500038891813446,2.8721644489670886,10.0,False,7.127835551032911
pendcart,1,GWO,74,2.873024552139769,0.4501782419082905,2.873024552139769,10.0,False,7.1269754478602305
pendcart,1,GWO,75,2.8737396863664757,0.4503651748190464,2.8737396863664757,10.0,False,7.126260313633525
pendcart,1,GWO,76,2.87427689526061,0.4505439763208244,2.87427689526061,10.0,False,7.125723104739389
pendcart,1,GWO,77,2.874616322765625,0.4506962377991549,2.874616322765625,10.0,False,7.125383677234375
pendcart,1,GWO,78,2.8747486664311874,0.4508063588465009,2.8747486664311874,10.0,False,7.125251333568812
pendcart,1,GWO,79,2.874679370549624,0.4508624743346466,2.874679370549624,10.0,False,7.125320629450377
pendcart,1,GWO,80,2.874419838280854,0.4508561509002145,2.874419838280854,10.0,False,7.125580161719146
pendcart,1,GWO,81,2.873994191148809,0.4507830939573437,2.873994191148809,10.0,False,7.1260058088511915
pendcart,1,GWO,82,2.8734243942322135,0.45064192568722766,2.8734243942322135,10.0,False,7.126575605767787
pendcart,1,GWO,83,2.8727429980109322,0.4504349334344802,2.8727429980109322,10.0,False,7.127257001989068
pendcart,1,GWO,84,2.87198337238111,0.4501672371741774,2.87198337238111,10.0,False,7.12801662761889
pendcart,1,GWO,85,2.8711801027102095,0.4498464187644044,2.8711801027102095,10.0,False,7.128819897289791
pendcart,1,GWO,86,2.8703633891166973,0.44948157895564983,2.8703633891166973,10.0,False,7.129636610883303
pendcart,1,GWO,87,2.869565244964837,0.44908335274382494,2.869565244964837,10.0,False,7.1304347550351626
pendcart,1,GWO,88,2.868810828040632,0.44866279887722404,2.868810828040632,10.0,False,7.1311891719593685
pendcart,1,GWO,89,2.868122780270097,0.44823118797181677,2.868122780270097,10.0,False,7.131877219729903
pendcart,1,GWO,90,2.867518923263169,0.44779943851532084,2.867518923263169,10.0,False,7.1324810767368305
pendcart,1,GWO,91,2.867011103188864,0.44737759525113424,2.867011103188864,10.0,False,7.132988896811137
pendcart,1,GWO,92,2.8666067350687205,0.4469745925465218,2.8666067350687205,10.0,False,7.1333932649312795
pendcart,1,GWO,93,2.8663079298058793,0.4465979219509623,2.8663079298058793,10.0,False,7.133692070194121
pendcart,1,GWO,94,2.866110228550935,0.44625325500997653,2.866110228550935,10.0,False,7.1338897714490646
pendcart,1,GWO,95,2.8660110456708066,0.44594506915007526,2.8660110456708066,10.0,False,7.133988954329194
pendcart,1,GWO,96,2.8659998969735856,0.4456758963558015,2.8659998969735856,10.0,False,7.134000103026414
pendcart,1,GWO,97,2.8660646391084494,0.4454466712069985,2.8660646391084494,10.0,False,7.133935360891551
pendcart,1,GWO,98,2.866190639467879,0.44525674743665583,2.866190639467879,10.0,False,7.133809360532121
pendcart,1,GWO,99,2.8663641135318283,0.4451043049156349,2.8663641135318283,10.0,False,7.133635886468172
pendcart,1,GWO,100,2.866570618309018,0.4449864427073587,2.866570618309018,10.0,False,7.133429381690982
pendcart,1,GWO,101,2.8667953079642166,0.4448993437015981,2.8667953079642166,10.0,False,7.1332046920357834
pendcart,1,GWO,102,2.867025527772814,0.4448386862695393,2.867025527772814,10.0,False,7.132974472227186
pendcart,1,GWO,103,2.8672486559530035,0.4447996881085519,2.8672486559530035,10.0,False,7.132751344046996
pendcart,1,GWO,104,2.867455563300254,0.4447775813138499,2.867455563300254,10.0,False,7.132544436699746
pendcart,1,GWO,105,2.8676380052904356,0.44476763119934176,2.8676380052904356,10.0,False,7.132361994709564
pendcart,1,GWO,106,2.8677894955845202,0.4447653271102685,2.8677894955845202,10.0,False,7.13221050441548
pendcart,1,GWO,107,2.867906600202764,0.4447666492558265,2.867906600202764,10.0,False,7.132093399797236
pendcart,1,GWO,108,2.867987720788336,0.44476812287191564,2.867987720788336,10.0,False,7.132012279211664
pendcart,1,GWO,109,2.868033005884986,0.44476688996425795,2.868033005884986,10.0,False,7.131966994115015
pendcart,1,GWO,110,2.8680443348837303,0.44476076562429534,2.8680443348837303,10.0,False,7.131955665116269
pendcart,1,GWO,111,2.868024609620707,0.44474820560223716,2.868024609620707,10.0,False,7.131975390379293
pendcart,1,GWO,112,2.867978373758195,0.4447283610529919,2.867978373758195,10.0,False,7.132021626241805
pendcart,1,GWO,113,2.8679105805014995,0.4447009699227939,2.8679105805014995,10.0,False,7.1320894194985005
pendcart,1,GWO,114,2.8678266995286057,0.44466631057232126,2.8678266995286057,10.0,False,7.132173300471394
pendcart,1,GWO,115,2.867732126662545,0.4446250916271289,2.867732126662545,10.0,False,7.1322678733374545
pendcart,1,GWO,116,2.867632665376985,0.44457842455266344,2.867632665376985,10.0,False,7.132367334623015
pendcart,1,GWO,117,2.8675332595543206,0.4445276485200202,2.8675332595543206,10.0,False,7.132466740445679
pendcart,1,GWO,118,2.867438358155098,0.4444742584627723,2.867438358155098,10.0,False,7.132561641844902
pendcart,1,GWO,119,2.8673518779696736,0.44441982664546953,2.8673518779696736,10.0,False,7.132648122030327
pendcart,1,GWO,120,2.867276858036802,0.4443659006163069,2.867276858036802,10.0,False,7.132723141963198
pendcart,1,GWO,121,2.867215605513505,0.4443139434348384,2.867215605513505,10.0,False,7.132784394486495
pendcart,1,GWO,122,2.8671693435085883,0.4442652418557412,2.8671693435085883,10.0,False,7.132830656491412
pendcart,1,GWO,123,2.867138994098117,0.4442209238805167,2.867138994098117,10.0,False,7.1328610059018835
pendcart,1,GWO,124,2.867123852164242,0.44418181033891013,2.867123852164242,10.0,False,7.132876147835757
pendcart,1,GWO,125,2.867123782288093,0.4441485654474386,2.867123782288093,10.0,False,7.132876217711907
pendcart,1,GWO,126,2.8671367528944716,0.4441214962813292,2.8671367528944716,10.0,False,7.132863247105528
pendcart,1,GWO,127,2.867161209727474,0.4441007141851645,2.867161209727474,10.0,False,7.132838790272526
pendcart,1,GWO,128,2.8671948404237932,0.44408606712314547,2.8671948404237932,10.0,False,7.132805159576207
pendcart,1,GWO,129,2.8672351914591983,0.44407718936245094,2.8672351914591983,10.0,False,7.132764808540802
pendcart,1,GWO,130,2.867280510613926,0.4440736147578775,2.867280510613926,10.0,False,7.132719489386075
pendcart,1,GWO,131,2.867328112197075,0.4440746756074618,2.867328112197075,10.0,False,7.132671887802925
pendcart,1,GWO,132,2.8673759540303574,0.4440796363569962,2.8673759540303574,10.0,False,7.132624045969642
pendcart,1,GWO,133,2.867422077373827,0.44408769783683677,2.867422077373827,10.0,False,7.132577922626173
pendcart,1,GWO,134,2.867464905282707,0.44409805130280966,2.867464905282707,10.0,False,7.1325350947172925
pendcart,1,GWO,135,2.8675030811727047,0.44410989781505034,2.8675030811727047,10.0,False,7.132496918827295
pendcart,1,GWO,136,2.867535627822378,0.4441224864889235,2.867535627822378,10.0,False,7.132464372177623
pendcart,1,GWO,137,2.867561963094848,0.44413514311967955,2.867561963094848,10.0,False,7.132438036905151
pendcart,1,GWO,138,2.8675818170458953,0.44414728474878745,2.8675818170458953,10.0,False,7.132418182954105
pendcart,1,GWO,139,2.8675951294231887,0.4441584230186864,2.8675951294231887,10.0,False,7.132404870576812
pendcart,1,GWO,140,2.8676022192330732,0.44416818716483003,2.8676022192330732,10.0,False,7.132397780766927
pendcart,1,GWO,141,2.8676036710291077,0.4441763252383997,2.8676036710291077,10.0,False,7.132396328970892
pendcart,1,GWO,142,2.8676001620421903,0.4441826896988368,2.8676001620421903,10.0,False,7.132399837957809
pendcart,1,GWO,143,2.8675923698792634,0.4441872197766576,2.8675923698792634,10.0,False,7.132407630120737
pendcart,1,GWO,144,2.867581493343425,0.44418998355750244,2.867581493343425,10.0,False,7.132418506656575
pendcart,1,GWO,145,2.8675684629284794,0.44419111334702965,2.8675684629284794,10.0,False,7.13243153707152
pendcart,1,GWO,146,2.867554158093942,0.44419079835390307,2.867554158093942,10.0,False,7.132445841906058
pendcart,1,GWO,147,2.8675393643754314,0.44418926593863794,2.8675393643754314,10.0,False,7.132460635624568
pendcart,1,GWO,148,2.8675249493874375,0.4441867852698511,2.8675249493874375,10.0,False,7.1324750506125625
pendcart,1,GWO,149,2.867511572690251,0.4441836341067608,2.867511572690251,10.0,False,7.132488427309749
pendcart,1,GWO,150,2.8674998030484815,0.44418009223123717,2.8674998030484815,10.0,False,7.1325001969515185
pendcart,1,PSO,0,1.5697602982579666,-1.0,1.5697602982579666,10.0,False,8.430239701742034
pendcart,1,PSO,1,1.5884383898337235,-0.9935020384517177,1.5884383898337235,10.0,False,8.411561610166277
pendcart,1,PSO,2,1.621236907136089,-0.9812141890981796,1.621236907136089,10.0,False,8.378763092863911
pendcart,1,PSO,3,1.6686154369624946,-0.9624317120437215,1.6686154369624946,10.0,False,8.331384563037506
pendcart,1,PSO,4,1.7280441291007176,-0.9369270236297884,1.7280441291007176,10.0,False,8.271955870899282
pendcart,1,PSO,5,1.8004889159053075,-0.9044186195359588,1.8004889159053075,10.0,False,8.199511084094693
pendcart,1,PSO,6,1.8872825364251213,-0.8646497835518492,1.8872825364251213,10.0,False,8.112717463574878
pendcart,1,PSO,7,1.983037971916811,-0.8180976847158137,1.983037971916811,10.0,False,8.016962028083189
pendcart,1,PSO,8,2.0850230899421995,-0.7653635797343973,2.0850230899421995,10.0,False,7.914976910057801
pendcart,1,PSO,9,2.1902834237568167,-0.7072604529338333,2.1902834237568167,10.0,False,7.809716576243183
pendcart,1,PSO,10,2.2990656055844347,-0.6447693463870126,2.2990656055844347,10.0,False,7.700934394415565
pendcart,1,PSO,11,2.4075402070200873,-0.5789967904929284,2.4075402070200873,10.0,False,7.592459792979913
pendcart,1,PSO,12,2.5105092851439252,-0.5110896659999611,2.5105092851439252,10.0,False,7.489490714856075
pendcart,1,PSO,13,2.6055391994663744,-0.4422244988288854,2.6055391994663744,10.0,False,7.394460800533626
pendcart,1,PSO,14,2.6904148465828848,-0.37357616478476474,2.6904148465828848,10.0,False,7.309585153417116
pendcart,1,PSO,15,2.764687733088708,-0.3061419911146941,2.764687733088708,10.0,False,7.235312266911292
pendcart,1,PSO,16,2.8271468087139646,-0.24088477740477426,2.8271468087139646,10.0,False,7.172853191286036
pendcart,1,PSO,17,2.877607250566234,-0.17860590427222445,2.877607250566234,10.0,False,7.122392749433766
pendcart,1,PSO,18,2.9158273510980006,-0.11999838790335976,2.9158273510980006,10.0,False,7.084172648901999
pendcart,1,PSO,19,2.9425901492894937,-0.06555520087515274,2.9425901492894937,10.0,False,7.057409850710506
pendcart,1,PSO,20,2.9587879613749513,-0.015613857997252525,2.9587879613749513,10.0,False,7.041212038625049
pendcart,1,PSO,21,2.9656024886684498,0.029649264863232903,2.9656024886684498,10.0,False,7.03439751133155
pendcart,1,PSO,22,2.964320858092739,0.07019872344922105,2.964320858092739,10.0,False,7.035679141907261
pendcart,1,PSO,23,2.9565173506553237,0.10614476882307428,2.9565173506553237,10.0,False,7.043482649344677
pendcart,1,PSO,24,2.9438172929174566,0.1377180576680324,2.9438172929174566,10.0,False,7.056182707082543
pendcart,1,PSO,25,2.9276541056878242,0.16523047067097682,2.9276541056878242,10.0,False,7.072345894312176
pendcart,1,PSO,26,2.9095670294660483,0.1890771524865168,2.9095670294660483,10.0,False,7.090432970533952
pendcart,1,PSO,27,2.8928091065444157,0.20969579238219666,2.8928091065444157,10.0,False,7.107190893455584
pendcart,1,PSO,28,2.8780928680351363,0.22755716733259976,2.8780928680351363,10.0,False,7.121907131964864
pendcart,1,PSO,29,2.8646262364732684,0.24313325281274137,2.8646262364732684,10.0,False,7.135373763526731
pendcart,1,PSO,30,2.8528944099813978,0.25685850896970763,2.8528944099813978,10.0,False,7.147105590018603
pendcart,1,PSO,31,2.843593888237419,0.26916721982744685,2.843593888237419,10.0,False,7.156406111762581
pendcart,1,PSO,32,2.837128941266159,0.28045296390019075,2.837128941266159,10.0,False,7.162871058733841
pendcart,1,PSO,33,2.8332593487546003,0.29101345922004374,2.8332593487546003,10.0,False,7.1667406512454
pendcart,1,PSO,34,2.8326588188565243,0.3011798775983172,2.8326588188565243,10.0,False,7.167341181143476
pendcart,1,PSO,35,2.8346708544968817,0.31114077899294323,2.8346708544968817,10.0,False,7.165329145503119
pendcart,1,PSO,36,2.8390000936754953,0.32104312689160147,2.8390000936754953,10.0,False,7.160999906324505
pendcart,1,PSO,37,2.8452553869012207,0.33097543029426635,2.8452553869012207,10.0,False,7.15474461309878
pendcart,1,PSO,38,2.853093454575034,0.34098444179562454,2.853093454575034,10.0,False,7.146906545424966
pendcart,1,PSO,39,2.8618442225828935,0.3510455491277181,2.8618442225828935,10.0,False,7.138155777417106
pendcart,1,PSO,40,2.8711307754538495,0.36111526784636877,2.8711307754538495,10.0,False,7.1288692245461505
pendcart,1,PSO,41,2.8806764071368334,0.37113614198578926,2.8806764071368334,10.0,False,7.119323592863166
pendcart,1,PSO,42,2.889600811650744,0.3809730198380176,2.889600811650744,10.0,False,7.110399188349255
pendcart,1,PSO,43,2.897833701110374,0.39053036544281106,2.897833701110374,10.0,False,7.102166298889626
pendcart,1,PSO,44,2.9048567174245283,0.3996739916416393,2.9048567174245283,10.0,False,7.095143282575472
pendcart,1,PSO,45,2.910572100727383,0.40829694347848244,2.910572100727383,10.0,False,7.089427899272617
pendcart,1,PSO,46,2.9155094542091398,0.41636988294576893,2.9155094542091398,10.0,False,7.08449054579086
pendcart,1,PSO,47,2.918654303639875,0.4237480863892518,2.918654303639875,10.0,False,7.081345696360125
pendcart,1,PSO,48,2.920326398337602,0.43037949535568343,2.920326398337602,10.0,False,7.079673601662398
pendcart,1,PSO,49,2.920571423788857,0.436219156520076,2.920571423788857,10.0,False,7.079428576211143
pendcart,1,PSO,50,2.9195556613914233,0.44125069805442946,2.9195556613914233,10.0,False,7.080444338608577
pendcart,1,PSO,51,2.91726174053828,0.4454590597879724,2.91726174053828,10.0,False,7.0827382594617205
pendcart,1,PSO,52,2.9143268589641367,0.4489055635120696,2.9143268589641367,10.0,False,7.085673141035864
pendcart,1,PSO,53,2.910304091805464,0.4515810066104753,2.910304091805464,10.0,False,7.089695908194535
pendcart,1,PSO,54,2.905457969355068,0.45352525561956203,2.905457969355068,10.0,False,7.0945420306449325
pendcart,1,PSO,55,2.900609074475639,0.4548550564192891,2.900609074475639,10.0,False,7.099390925524361
pendcart,1,PSO,56,2.895661585661239,0.45563836112681194,2.895661585661239,10.0,False,7.104338414338761
pendcart,1,PSO,57,2.8907965199710697,0.4559599097630984,2.8907965199710697,10.0,False,7.10920348002893
pendcart,1,PSO,58,2.886172743803189,0.4559063961420584,2.886172743803189,10.0,False,7.113827256196811
pendcart,1,PSO,59,2.881614936711239,0.455530603357861,2.881614936711239,10.0,False,7.118385063288761
pendcart,1,PSO,60,2.8778573297341774,0.45496246307760574,2.8778573297341774,10.0,False,7.122142670265823
pendcart,1,PSO,61,2.8743150692466966,0.45422858155673723,2.8743150692466966,10.0,False,7.1256849307533034
pendcart,1,PSO,62,2.872244748327643,0.4535045155009049,2.872244748327643,10.0,False,7.127755251672356
pendcart,1,PSO,63,2.870132375347667,0.45274046150103286,2.870132375347667,10.0,False,7.1298676246523325
pendcart,1,PSO,64,2.868651409801387,0.4520137295382205,2.868651409801387,10.0,False,7.131348590198613
pendcart,1,PSO,65,2.86750793644179,0.4513359807224616,2.86750793644179,10.0,False,7.13249206355821
pendcart,1,PSO,66,2.8671568275011263,0.45077374826882793,2.8671568275011263,10.0,False,7.132843172498873
pendcart,1,PSO,67,2.8672307112753996,0.45032956672600344,2.8672307112753996,10.0,False,7.1327692887246
pendcart,1,PSO,68,2.8676515983018485,0.4500085345428413,2.8676515983018485,10.0,False,7.1323484016981515
pendcart,1,PSO,69,2.8682722220508183,0.4498008513665768,2.8682722220508183,10.0,False,7.131727777949182
pendcart,1,PSO,70,2.869285970207672,0.44972241437352045,2.869285970207672,10.0,False,7.130714029792328
pendcart,1,PSO,71,2.8702980036289043,0.4497382308730996,2.8702980036289043,10.0,False,7.129701996371096
pendcart,1,PSO,72,2.87129980284381,0.44982969688583285,2.87129980284381,10.0,False,7.12870019715619
pendcart,1,PSO,73,2.8719912791100715,0.44994862451283274,2.8719912791100715,10.0,False,7.1280087208899285
pendcart,1,PSO,74,2.8729295957680123,0.45012189290278665,2.8729295957680123,10.0,False,7.127070404231988
pendcart,1,PSO,75,2.873636952053996,0.45030411722246,2.873636952053996,10.0,False,7.126363047946004
pendcart,1,PSO,76,2.8742206780738178,0.45048379524229853,2.8742206780738178,10.0,False,7.125779321926182
pendcart,1,PSO,77,2.874883827853559,0.4506696297591361,2.874883827853559,10.0,False,7.125116172146441
pendcart,1,PSO,78,2.875131792624382,0.45081115198785937,2.875131792624382,10.0,False,7.124868207375618
pendcart,1,PSO,79,2.8753362436382113,0.450921263585841,2.8753362436382113,10.0,False,7.124663756361789
pendcart,1,PSO,80,2.874978955657159,0.45094466396359684,2.874978955657159,10.0,False,7.125021044342841
pendcart,1,PSO,81,2.874470289422293,0.4508945143486418,2.874470289422293,10.0,False,7.125529710577707
pendcart,1,PSO,82,2.8737860651964557,0.4507664795635411,2.8737860651964557,10.0,False,7.126213934803545
pendcart,1,PSO,83,2.8729087863164193,0.450556359947597,2.8729087863164193,10.0,False,7.127091213683581
pendcart,1,PSO,84,2.8718286996883537,0.450260409530924,2.8718286996883537,10.0,False,7.128171300311646
pendcart,1,PSO,85,2.87104435961814,0.4499288673982657,2.87104435961814,10.0,False,7.12895564038186
pendcart,1,PSO,86,2.8702203442255922,0.449553965732016,2.8702203442255922,10.0,False,7.129779655774408
pendcart,1,PSO,87,2.869481391496485,0.44915391074912697,2.869481391496485,10.0,False,7.130518608503515
pendcart,1,PSO,88,2.8686131686144525,0.4487178152670085,2.8686131686144525,10.0,False,7.131386831385548
pendcart,1,PSO,89,2.8680752781565104,0.4482920510212239,2.8680752781565104,10.0,False,7.13192472184349
pendcart,1,PSO,90,2.867466001834756,0.44785918130460983,2.867466001834756,10.0,False,7.132533998165243
pendcart,1,PSO,91,2.866799978412547,0.44741882638996566,2.866799978412547,10.0,False,7.133200021587453
pendcart,1,PSO,92,2.8668145861235903,0.4470480511759456,2.8668145861235903,10.0,False,7.13318541387641
pendcart,1,PSO,93,2.866344047490329,0.44666598989055867,2.866344047490329,10.0,False,7.133655952509671
pendcart,1,PSO,94,2.866192786189275,0.44632597725563455,2.866192786189275,10.0,False,7.133807213810725
pendcart,1,PSO,95,2.8660818897345064,0.44601751030749465,2.8660818897345064,10.0,False,7.133918110265494
pendcart,1,PSO,96,2.8660232134501302,0.4457418363134168,2.8660232134501302,10.0,False,7.133976786549869
pendcart,1,PSO,97,2.8660943030740658,0.4455075181670189,2.8660943030740658,10.0,False,7.133905696925934
pendcart,1,PSO,98,2.866240617977354,0.44531344210100726,2.866240617977354,10.0,False,7.133759382022646
pendcart,1,PSO,99,2.8663841621509314,0.4451520193791348,2.8663841621509314,10.0,False,7.133615837849069
pendcart,1,PSO,100,2.8666044913226125,0.44502745406610905,2.8666044913226125,10.0,False,7.1333955086773875
pendcart,1,PSO,101,2.866902046216009,0.44494069450527246,2.866902046216009,10.0,False,7.133097953783992
pendcart,1,PSO,102,2.867056845289288,0.4448691882331908,2.867056845289288,10.0,False,7.132943154710712
pendcart,1,PSO,103,2.867267938148775,0.44482153891409937,2.867267938148775,10.0,False,7.132732061851225
pendcart,1,PSO,104,2.8673353640757453,0.4447772394287421,2.8673353640757453,10.0,False,7.132664635924255
pendcart,1,PSO,105,2.867437692588127,0.4447439008700374,2.867437692588127,10.0,False,7.132562307411873
pendcart,1,PSO,106,2.8675709400577727,0.44472174266540865,2.8675709400577727,10.0,False,7.132429059942227
pendcart,1,PSO,107,2.8677296259770286,0.4447106894705504,2.8677296259770286,10.0,False,7.132270374022971
pendcart,1,PSO,108,2.867811562200094,0.44470019728325916,2.867811562200094,10.0,False,7.132188437799906
pendcart,1,PSO,109,2.8678991102108204,0.4446933109335137,2.8678991102108204,10.0,False,7.1321008897891796
pendcart,1,PSO,110,2.8679863107829413,0.4446894192906334,2.8679863107829413,10.0,False,7.132013689217059
pendcart,1,PSO,111,2.86784011433651,0.444663565752975,2.86784011433651,10.0,False,7.13215988566349
pendcart,1,PSO,112,2.8678956925557832,0.444647844019259,2.8678956925557832,10.0,False,7.132104307444217
pendcart,1,PSO,113,2.867939102522949,0.44463320628681074,2.867939102522949,10.0,False,7.132060897477051
pendcart,1,PSO,114,2.867810800815743,0.4446022325218118,2.867810800815743,10.0,False,7.132189199184257
pendcart,1,PSO,115,2.867654190095031,0.4445601136795193,2.867654190095031,10.0,False,7.132345809904969
pendcart,1,PSO,116,2.8676261418847133,0.44452312406164163,2.8676261418847133,10.0,False,7.132373858115287
pendcart,1,PSO,117,2.86758272758834,0.44448512034413296,2.86758272758834,10.0,False,7.13241727241166
pendcart,1,PSO,118,2.8675243742852636,0.4444457073041546,2.8675243742852636,10.0,False,7.132475625714736
pendcart,1,PSO,119,2.8674524161146886,0.44440461668539,2.8674524161146886,10.0,False,7.132547583885311
pendcart,1,PSO,120,2.86736901273951,0.4443617217322914,2.86736901273951,10.0,False,7.13263098726049
pendcart,1,PSO,121,2.8672770198629216,0.4443170434215618,2.8672770198629216,10.0,False,7.132722980137078
pendcart,1,PSO,122,2.867262310055161,0.4442795326680548,2.867262310055161,10.0,False,7.13273768994484
pendcart,1,PSO,123,2.8672510436372987,0.44424630042136914,2.8672510436372987,10.0,False,7.132748956362701
pendcart,1,PSO,124,2.8672454463552244,0.4442175183587496,2.8672454463552244,10.0,False,7.132754553644776
pendcart,1,PSO,125,2.867247665190664,0.4441934125745798,2.867247665190664,10.0,False,7.132752334809336
pendcart,1,PSO,126,2.8672596388970746,0.44417424498090613,2.8672596388970746,10.0,False,7.132740361102925
pendcart,1,PSO,127,2.867282981200144,0.4441602927632974,2.867282981200144,10.0,False,7.132717018799855
pendcart,1,PSO,128,2.8673188834432417,0.44415182709724743,2.8673188834432417,10.0,False,7.132681116556759
pendcart,1,PSO,129,2.8673680422997134,0.4441490923695608,2.8673680422997134,10.0,False,7.132631957700287
pendcart,1,PSO,130,2.8674306166909322,0.4441522871155582,2.8674306166909322,10.0,False,7.132569383309068
pendcart,1,PSO,131,2.8675062163290854,0.444161547778713,2.8675062163290854,10.0,False,7.132493783670915
pendcart,1,PSO,132,2.867511431913606,0.44416815161688,2.867511431913606,10.0,False,7.132488568086394
pendcart,1,PSO,133,2.867522415964435,0.44417526772330373,2.867522415964435,10.0,False,7.1324775840355645
pendcart,1,PSO,134,2.867538966214566,0.44418303457147323,2.867538966214566,10.0,False,7.132461033785434
pendcart,1,PSO,135,2.867560548303201,0.4441915429631513,2.867560548303201,10.0,False,7.132439451696799
pendcart,1,PSO,136,2.867586328218601,0.44420083103377517,2.867586328218601,10.0,False,7.132413671781399
pendcart,1,PSO,137,2.867615222136918,0.4442108823486271,2.867615222136918,10.0,False,7.1323847778630824
pendcart,1,PSO,138,2.8676459606882885,0.44422162719088953,2.8676459606882885,10.0,False,7.1323540393117115
pendcart,1,PSO,139,2.8676771638473575,0.4442329469556938,2.8676771638473575,10.0,False,7.1323228361526425
pendcart,1,PSO,140,2.8677074220383973,0.4442446813832683,2.8677074220383973,10.0,False,7.132292577961603
pendcart,1,PSO,141,2.867735378696223,0.4442566381993036,2.867735378696223,10.0,False,7.1322646213037775
pendcart,1,PSO,142,2.867759809454748,0.44426860459130046,2.867759809454748,10.0,False,7.132240190545252
pendcart,1,PSO,143,2.8677796933484,0.4442803598445067,2.8677796933484,10.0,False,7.1322203066516
pendcart,1,PSO,144,2.867794271893154,0.4442916883954096,2.867794271893154,10.0,False,7.132205728106846
pendcart,1,PSO,145,2.8677185286099016,0.4442933871138863,2.8677185286099016,10.0,False,7.132281471390098
pendcart,1,PSO,146,2.867650354337293,0.4442905293823894,2.867650354337293,10.0,False,7.132349645662707
pendcart,1,PSO,147,2.867640241368675,0.4442895551606655,2.867640241368675,10.0,False,7.132359758631325
pendcart,1,PSO,148,2.8676278739511156,0.4442880612684268,2.8676278739511156,10.0,False,7.132372126048884
pendcart,1,PSO,149,2.8676139276177373,0.44428607070065107,2.8676139276177373,10.0,False,7.132386072382262
pendcart,1,PSO,150,2.8675991688051847,0.44428363648386743,2.8675991688051847,10.0,False,7.132400831194815
pendcart,1,WOA,0,1.5697602982579666,-1.0,1.5697602982579666,10.0,False,8.430239701742034
pendcart,1,WOA,1,1.5884381883356282,-0.9935020599730795,1.5884381883356282,10.0,False,8.411561811664372
pendcart,1,WOA,2,1.621243432315514,-0.9812135047683126,1.621243432315514,10.0,False,8.378756567684485
pendcart,1,WOA,3,1.6686210504795242,-0.9624307219844768,1.6686210504795242,10.0,False,8.331378949520476
pendcart,1,WOA,4,1.7280499447764341,-0.9369256954121131,1.7280499447764341,10.0,False,8.271950055223567
pendcart,1,WOA,5,1.800494834449673,-0.9044169710094042,1.800494834449673,10.0,False,8.199505165550327
pendcart,1,WOA,6,1.887287834080704,-0.8646479015850174,1.887287834080704,10.0,False,8.112712165919296
pendcart,1,WOA,7,1.9830444469236486,-0.8180954285301906,1.9830444469236486,10.0,False,8.016955553076352
pendcart,1,WOA,8,2.0850306895860555,-0.7653608892611725,2.0850306895860555,10.0,False,7.9149693104139445
pendcart,1,WOA,9,2.1902908985248253,-0.7072574026236255,2.1902908985248253,10.0,False,7.809709101475175
pendcart,1,WOA,10,2.2990769722652633,-0.6447655810022992,2.2990769722652633,10.0,False,7.700923027734737
pendcart,1,WOA,11,2.4076423382246572,-0.5789834956658045,2.4076423382246572,10.0,False,7.592357661775343
pendcart,1,WOA,12,2.5105948098050317,-0.5110722308537027,2.5105948098050317,10.0,False,7.489405190194969
pendcart,1,WOA,13,2.605609337056638,-0.4422041309760608,2.605609337056638,10.0,False,7.394390662943362
pendcart,1,WOA,14,2.6908653510490734,-0.37351483951968534,2.6908653510490734,10.0,False,7.309134648950927
pendcart,1,WOA,15,2.765062504308134,-0.3060629294841579,2.765062504308134,10.0,False,7.234937495691867
pendcart,1,WOA,16,2.8274163270954076,-0.24079682537766292,2.8274163270954076,10.0,False,7.172583672904592
pendcart,1,WOA,17,2.877627381229843,-0.17853031800154073,2.877627381229843,10.0,False,7.122372618770157
pendcart,1,WOA,18,2.9158463576055733,-0.11992532404887685,2.9158463576055733,10.0,False,7.084153642394426
pendcart,1,WOA,19,2.9426145730159927,-0.06548332570487958,2.9426145730159927,10.0,False,7.057385426984007
pendcart,1,WOA,20,2.958819504549136,-0.015542104124193441,2.958819504549136,10.0,False,7.041180495450864
pendcart,1,WOA,21,2.9656202657711805,0.029719634455437488,2.9656202657711805,10.0,False,7.0343797342288195
pendcart,1,WOA,22,2.964391083087117,0.07027365482634854,2.964391083087117,10.0,False,7.035608916912883
pendcart,1,WOA,23,2.956632411901146,0.10622663669070781,2.956632411901146,10.0,False,7.043367588098854
pendcart,1,WOA,24,2.9439073266482643,0.1378022877441501,2.9439073266482643,10.0,False,7.056092673351736
pendcart,1,WOA,25,2.9277681609058854,0.16531994077356252,2.9277681609058854,10.0,False,7.072231839094115
pendcart,1,WOA,26,2.90968920161042,0.189171214036851,2.90968920161042,10.0,False,7.09031079838958
pendcart,1,WOA,27,2.892953652306171,0.2097961916916199,2.892953652306171,10.0,False,7.107046347693829
pendcart,1,WOA,28,2.878229032934157,0.22766125198262271,2.878229032934157,10.0,False,7.121770967065843
pendcart,1,WOA,29,2.8647280594381495,0.2432370063361814,2.8647280594381495,10.0,False,7.13527194056185
pendcart,1,WOA,30,2.8531543252770564,0.25697966547535356,2.8531543252770564,10.0,False,7.146845674722943
pendcart,1,WOA,31,2.844011429764007,0.2693150042372869,2.844011429764007,10.0,False,7.155988570235992
pendcart,1,WOA,32,2.8376062457283164,0.2806255022834144,2.8376062457283164,10.0,False,7.162393754271683
pendcart,1,WOA,33,2.8340599792136953,0.29124082654832445,2.8340599792136953,10.0,False,7.165940020786305
pendcart,1,WOA,34,2.8333322895094297,0.30143236724267203,2.8333322895094297,10.0,False,7.16666771049057
pendcart,1,WOA,35,2.835238277337525,0.3114101036510718,2.835238277337525,10.0,False,7.164761722662475
pendcart,1,WOA,36,2.8394774042870323,0.3213229589208297,2.8394774042870323,10.0,False,7.160522595712967
pendcart,1,WOA,37,2.84566201017177,0.3312616863675602,2.84566201017177,10.0,False,7.15433798982823
pendcart,1,WOA,38,2.8533462443481397,0.341263939879205,2.8533462443481397,10.0,False,7.14665375565186
pendcart,1,WOA,39,2.8620535771264697,0.35132099090894847,2.8620535771264697,10.0,False,7.13794642287353
pendcart,1,WOA,40,2.871302631986856,0.36138565161481495,2.871302631986856,10.0,False,7.128697368013144
pendcart,1,WOA,41,2.8806324825505,0.37138115112068687,2.8806324825505,10.0,False,7.119367517449501
pendcart,1,WOA,42,2.8896205660829,0.38120998649060994,2.8896205660829,10.0,False,7.1103794339171
pendcart,1,WOA,43,2.8978986950390366,0.3907627114278105,2.8978986950390366,10.0,False,7.102101304960963
pendcart,1,WOA,44,2.905164205826188,0.3999261431920309,2.905164205826188,10.0,False,7.094835794173812
pendcart,1,WOA,45,2.911188207715694,0.40859085643325355,2.911188207715694,10.0,False,7.0888117922843055
pendcart,1,WOA,46,2.9158154207179305,0.41665721314796983,2.9158154207179305,10.0,False,7.08418457928207
pendcart,1,WOA,47,2.9189683100501735,0.424040819102546,2.9189683100501735,10.0,False,7.0810316899498265
pendcart,1,WOA,48,2.920636754907459,0.43067578585940536,2.920636754907459,10.0,False,7.079363245092541
pendcart,1,WOA,49,2.9208750697700094,0.43651733567911494,2.9208750697700094,10.0,False,7.079124930229991
pendcart,1,WOA,50,2.919795191942163,0.44154318951504035,2.919795191942163,10.0,False,7.080204808057837
pendcart,1,WOA,51,2.9175497773979817,0.44575297479656245,2.9175497773979817,10.0,False,7.082450222602018
pendcart,1,WOA,52,2.914321599878247,0.44916693293573345,2.914321599878247,10.0,False,7.085678400121753
pendcart,1,WOA,53,2.9103230513229863,0.4518249096661059,2.9103230513229863,10.0,False,7.089676948677013
pendcart,1,WOA,54,2.905770353273665,0.4537826209402059,2.905770353273665,10.0,False,7.094229646726335
pendcart,1,WOA,55,2.9008846813047358,0.4551092779413761,2.9008846813047358,10.0,False,7.099115318695264
pendcart,1,WOA,56,2.895875459945463,0.4558836468779093,2.895875459945463,10.0,False,7.104124540054537
pendcart,1,WOA,57,2.890932032933183,0.4561902670874536,2.890932032933183,10.0,False,7.109067967066817
pendcart,1,WOA,58,2.8862233406295603,0.45611640643597595,2.8862233406295603,10.0,False,7.11377665937044
pendcart,1,WOA,59,2.8818884389247494,0.45574845742395625,2.8818884389247494,10.0,False,7.118111561075251
pendcart,1,WOA,60,2.878036031450529,0.4551691330488811,2.878036031450529,10.0,False,7.121963968549471
pendcart,1,WOA,61,2.874742070374366,0.4544548720466782,2.874742070374366,10.0,False,7.125257929625635
pendcart,1,WOA,62,2.8720513759360555,0.4536739322849538,2.8720513759360555,10.0,False,7.1279486240639445
pendcart,1,WOA,63,2.8699779995406907,0.45288482462978613,2.8699779995406907,10.0,False,7.130022000459309
pendcart,1,WOA,64,2.8685088733134587,0.4521354361135752,2.8685088733134587,10.0,False,7.131491126686541
pendcart,1,WOA,65,2.867607169978876,0.45146261044706476,2.867607169978876,10.0,False,7.132392830021124
pendcart,1,WOA,66,2.8672167942501914,0.45089225007659084,2.8672167942501914,10.0,False,7.132783205749808
pendcart,1,WOA,67,2.86726761065939,0.4504399025739694,2.86726761065939,10.0,False,7.13273238934061
pendcart,1,WOA,68,2.867677972255222,0.4501114449479224,2.867677972255222,10.0,False,7.132322027744777
pendcart,1,WOA,69,2.8683624722603076,0.44990448059206634,2.8683624722603076,10.0,False,7.131637527739692
pendcart,1,WOA,70,2.869234467321595,0.4498096136384626,2.869234467321595,10.0,False,7.130765532678405
pendcart,1,WOA,71,2.870209744909413,0.44981189628071144,2.870209744909413,10.0,False,7.129790255090587
pendcart,1,WOA,72,2.871210951777707,0.44989245188227034,2.871210951777707,10.0,False,7.128789048222293
pendcart,1,WOA,73,2.8721696975339497,0.45002996577996013,2.8721696975339497,10.0,False,7.12783030246605
pendcart,1,WOA,74,2.873028436524311,0.450202102259809,2.873028436524311,10.0,False,7.1269715634756885
pendcart,1,WOA,75,2.8737417010460526,0.45038678433131574,2.8737417010460526,10.0,False,7.126258298953948
pendcart,1,WOA,76,2.874276890821241,0.4505633199716668,2.874276890821241,10.0,False,7.125723109178759
pendcart,1,WOA,77,2.874614217648332,0.45071331397747083,2.874614217648332,10.0,False,7.1253857823516675
pendcart,1,WOA,78,2.874745824928497,0.45082133011213177,2.874745824928497,10.0,False,7.125254175071503
pendcart,1,WOA,79,2.8746750163138812,0.4508753731330789,2.8746750163138812,10.0,False,7.125324983686118
pendcart,1,WOA,80,2.8744147852042348,0.45086713694123914,2.8744147852042348,10.0,False,7.125585214795765
pendcart,1,WOA,81,2.873985454380865,0.4507919804113116,2.873985454380865,10.0,False,7.126014545619135
pendcart,1,WOA,82,2.8734142319017746,0.45064890247275813,2.8734142319017746,10.0,False,7.126585768098225
pendcart,1,WOA,83,2.8727319587678415,0.4504401607786603,2.8727319587678415,10.0,False,7.127268041232158
pendcart,1,WOA,84,2.8719717163958784,0.45017087642084946,2.8719717163958784,10.0,False,7.128028283604122
pendcart,1,WOA,85,2.8711668979754372,0.4498485132622613,2.8711668979754372,10.0,False,7.128833102024563
pendcart,1,WOA,86,2.8703504337891976,0.44948239531260303,2.8703504337891976,10.0,False,7.129649566210802
pendcart,1,WOA,87,2.869552099500495,0.44908302220431334,2.869552099500495,10.0,False,7.1304479004995045
pendcart,1,WOA,88,2.868798349025274,0.44866154555387944,2.868798349025274,10.0,False,7.131201650974726
pendcart,1,WOA,89,2.868111408766436,0.44822922804425486,2.868111408766436,10.0,False,7.1318885912335634
pendcart,1,WOA,90,2.8675087469050244,0.4477969569862459,2.8675087469050244,10.0,False,7.132491253094976
pendcart,1,WOA,91,2.8670024441425577,0.44737478558940647,2.8670024441425577,10.0,False,7.132997555857442
pendcart,1,WOA,92,2.8665992853247286,0.4469715800455434,2.8665992853247286,10.0,False,7.133400714675272
pendcart,1,WOA,93,2.8663016725992057,0.44659482334800626,2.8663016725992057,10.0,False,7.133698327400794
pendcart,1,WOA,94,2.8661072333514688,0.4462503911093564,2.8661072333514688,10.0,False,7.133892766648531
pendcart,1,WOA,95,2.866009508370695,0.44594246034918034,2.866009508370695,10.0,False,7.133990491629305
pendcart,1,WOA,96,2.8659991240389364,0.4456735479125809,2.8659991240389364,10.0,False,7.134000875961064
pendcart,1,WOA,97,2.866064151493586,0.4454445584213245,2.866064151493586,10.0,False,7.133935848506415
pendcart,1,WOA,98,2.8661910351781223,0.44525492590151833,2.8661910351781223,10.0,False,7.133808964821878
pendcart,1,WOA,99,2.866365222129181,0.44510278361882066,2.866365222129181,10.0,False,7.133634777870819
pendcart,1,WOA,100,2.866571997009596,0.4449851876425361,2.866571997009596,10.0,False,7.133428002990404
pendcart,1,WOA,101,2.866796956364989,0.444898339352172,2.866796956364989,10.0,False,7.133203043635011
pendcart,1,WOA,102,2.8670270770514685,0.44483787951694065,2.8670270770514685,10.0,False,7.1329729229485315
pendcart,1,WOA,103,2.867250346190693,0.44479907015302933,2.867250346190693,10.0,False,7.132749653809308
pendcart,1,WOA,104,2.8674570050143995,0.4447770952863615,2.8674570050143995,10.0,False,7.1325429949856005
pendcart,1,WOA,105,2.8676388703992908,0.44476720588737356,2.8676388703992908,10.0,False,7.132361129600709
pendcart,1,WOA,106,2.867790138291885,0.44476494874299627,2.867790138291885,10.0,False,7.132209861708115
pendcart,1,WOA,107,2.867907031093612,0.4447662953078219,2.867907031093612,10.0,False,7.132092968906388
pendcart,1,WOA,108,2.8679878899277917,0.44476776873083207,2.8679878899277917,10.0,False,7.132012110072209
pendcart,1,WOA,109,2.868032914531117,0.44476651667497985,2.868032914531117,10.0,False,7.131967085468883
pendcart,1,WOA,110,2.868043927838453,0.44476035139412623,2.868043927838453,10.0,False,7.131956072161547
pendcart,1,WOA,111,2.8680241245875187,0.4447477590516566,2.8680241245875187,10.0,False,7.131975875412481
pendcart,1,WOA,112,2.867977635754681,0.4447278638425462,2.867977635754681,10.0,False,7.132022364245319
pendcart,1,WOA,113,2.8679098096389377,0.44470043579334223,2.8679098096389377,10.0,False,7.132090190361062
pendcart,1,WOA,114,2.8678255858887662,0.44466571163029006,2.8678255858887662,10.0,False,7.132174414111233
pendcart,1,WOA,115,2.867731193721641,0.444624469516609,2.867731193721641,10.0,False,7.1322688062783595
pendcart,1,WOA,116,2.8676317493073347,0.4445777809517669,2.8676317493073347,10.0,False,7.132368250692665
pendcart,1,WOA,117,2.8675323447288537,0.44452698900200277,2.8675323447288537,10.0,False,7.132467655271146
pendcart,1,WOA,118,2.8674375198920643,0.44447359635821343,2.8674375198920643,10.0,False,7.132562480107936
pendcart,1,WOA,119,2.8673511898806034,0.4444191787774302,2.8673511898806034,10.0,False,7.132648810119397
pendcart,1,WOA,120,2.8672762680163966,0.44436527359634287,2.8672762680163966,10.0,False,7.132723731983603
pendcart,1,WOA,121,2.8672148805889184,0.44431331978465777,2.8672148805889184,10.0,False,7.132785119411082
pendcart,1,WOA,122,2.8671688093256207,0.44426464803392024,2.8671688093256207,10.0,False,7.132831190674379
pendcart,1,WOA,123,2.8671385046680027,0.4442203560722183,2.8671385046680027,10.0,False,7.132861495331998
pendcart,1,WOA,124,2.8671235712895586,0.44418128709369126,2.8671235712895586,10.0,False,7.132876428710441
pendcart,1,WOA,125,2.8671232507477504,0.4441480483075203,2.8671232507477504,10.0,False,7.132876749252249
pendcart,1,WOA,126,2.8671361701323064,0.44412098735377653,2.8671361701323064,10.0,False,7.132863829867693
pendcart,1,WOA,127,2.867160627427398,0.4441002131328656,2.867160627427398,10.0,False,7.132839372572602
pendcart,1,WOA,128,2.8671943637965542,0.4440855824296508,2.8671943637965542,10.0,False,7.132805636203446
pendcart,1,WOA,129,2.867234948765695,0.4440767382013529,2.867234948765695,10.0,False,7.132765051234305
pendcart,1,WOA,130,2.8672801414615954,0.4440731695610249,2.8672801414615954,10.0,False,7.132719858538405
pendcart,1,WOA,131,2.867327687359563,0.4440742316375821,2.867327687359563,10.0,False,7.132672312640437
pendcart,1,WOA,132,2.8673755778536276,0.4440791978553204,2.8673755778536276,10.0,False,7.132624422146373
pendcart,1,WOA,133,2.867421758638574,0.44408726595417214,2.867421758638574,10.0,False,7.132578241361426
pendcart,1,WOA,134,2.8674645543891257,0.4440976174659243,2.8674645543891257,10.0,False,7.132535445610874
pendcart,1,WOA,135,2.8675028430839804,0.4441094732080156,2.8675028430839804,10.0,False,7.13249715691602
pendcart,1,WOA,136,2.8675353850984635,0.4441220640476359,2.8675353850984635,10.0,False,7.1324646149015365
pendcart,1,WOA,137,2.867561593327322,0.4441347081346646,2.867561593327322,10.0,False,7.132438406672678
pendcart,1,WOA,138,2.8675813707069255,0.44414683414035483,2.8675813707069255,10.0,False,7.132418629293074
pendcart,1,WOA,139,2.8675946423999203,0.4441579565073201,2.8675946423999203,10.0,False,7.13240535760008
pendcart,1,WOA,140,2.867601727215105,0.44416770748448586,2.867601727215105,10.0,False,7.132398272784895
pendcart,1,WOA,141,2.867603132337853,0.4441758295994036,2.867603132337853,10.0,False,7.1323968676621465
pendcart,1,WOA,142,2.8675995952456415,0.44418217941476235,2.8675995952456415,10.0,False,7.1324004047543585
pendcart,1,WOA,143,2.867592006457376,0.4441867203353891,2.867592006457376,10.0,False,7.132407993542624
pendcart,1,WOA,144,2.8675811835514633,0.44418949422046,2.8675811835514633,10.0,False,7.132418816448537
pendcart,1,WOA,145,2.8675681187550373,0.4441906297286806,2.8675681187550373,10.0,False,7.132431881244963
pendcart,1,WOA,146,2.8675536256699385,0.4441903034418625,2.8675536256699385,10.0,False,7.132446374330062
pendcart,1,WOA,147,2.8675388700178965,0.4441887739075401,2.8675388700178965,10.0,False,7.1324611299821035
pendcart,1,WOA,148,2.86752448530829,0.4441862999987917,2.86752448530829,10.0,False,7.13247551469171
pendcart,1,WOA,149,2.867511179078836,0.44418316352573384,2.867511179078836,10.0,False,7.132488820921164
pendcart,1,WOA,150,2.8674994529515287,0.44417963903633706,2.8674994529515287,10.0,False,7.132500547048471
pendcart,2,deterministic,0,1.681876641292155,-1.0,1.681876641292155,10.0,False,8.318123358707846
pendcart,2,deterministic,1,1.7005545430378257,-0.9935020587268573,1.7005545430378257,10.0,False,8.299445456962175
pendcart,2,deterministic,2,1.7333616928237217,-0.9812132993023885,1.7333616928237217,10.0,False,8.266638307176278
pendcart,2,deterministic,3,1.780738842550856,-0.9624304484086971,1.780738842550856,10.0,False,8.219261157449145
pendcart,2,deterministic,4,1.840167782504868,-0.9369253365445908,1.840167782504868,10.0,False,8.159832217495133
pendcart,2,deterministic,5,1.9126126926569207,-0.9044165315326568,1.9126126926569207,10.0,False,8.087387307343079
pendcart,2,deterministic,6,1.9994055253691896,-0.8646474040913553,1.9994055253691896,10.0,False,8.00059447463081
pendcart,2,deterministic,7,2.0951599105088548,-0.8180951058405409,2.0951599105088548,10.0,False,7.904840089491145
pendcart,2,deterministic,8,2.1997389416259643,-0.7653608428674539,2.1997389416259643,10.0,False,7.800261058374035
pendcart,2,deterministic,9,2.3109073403701856,-0.7072575007999465,2.3109073403701856,10.0,False,7.689092659629814
pendcart,2,deterministic,10,2.4223224585026557,-0.6447659072924734,2.4223224585026557,10.0,False,7.577677541497344
pendcart,2,deterministic,11,2.5308887674311062,-0.5789839142823661,2.5308887674311062,10.0,False,7.469111232568894
pendcart,2,deterministic,12,2.63384178865971,-0.5110727167802378,2.63384178865971,10.0,False,7.36615821134029
pendcart,2,deterministic,13,2.728857536272813,-0.44220458338383595,2.728857536272813,10.0,False,7.2711424637271875
pendcart,2,deterministic,14,2.8141137809251635,-0.37351528674824624,2.8141137809251635,10.0,False,7.1858862190748365
pendcart,2,deterministic,15,2.8883111270974915,-0.30606336836187276,2.8883111270974915,10.0,False,7.1116888729025085
pendcart,2,deterministic,16,2.950664696358879,-0.24079729547052886,2.950664696358879,10.0,False,7.04933530364112
pendcart,2,deterministic,17,3.000876270282713,-0.17853076359735937,3.000876270282713,10.0,False,6.999123729717287
pendcart,2,deterministic,18,3.039093846257328,-0.11992590861075508,3.039093846257328,10.0,False,6.9609061537426715
pendcart,2,deterministic,19,3.065862354083896,-0.06548396701884882,3.065862354083896,10.0,False,6.934137645916104
pendcart,2,deterministic,20,3.082067013111927,-0.0155428380600229,3.082067013111927,10.0,False,6.917932986888073
pendcart,2,deterministic,21,3.088869854208778,0.02971902735117432,3.088869854208778,10.0,False,6.911130145791223
pendcart,2,deterministic,22,3.0876402504935383,0.0702730521866346,3.0876402504935383,10.0,False,6.912359749506462
pendcart,2,deterministic,23,3.0798814363985785,0.10622603901083684,3.0798814363985785,10.0,False,6.920118563601422
pendcart,2,deterministic,24,3.0671561458544816,0.13780168198564463,3.0671561458544816,10.0,False,6.932843854145519
pendcart,2,deterministic,25,3.051015343505492,0.1653191772468031,3.051015343505492,10.0,False,6.948984656494508
pendcart,2,deterministic,26,3.032933905205876,0.1891701205547971,3.032933905205876,10.0,False,6.967066094794124
pendcart,2,deterministic,27,3.014256501213928,0.2097949052019597,3.014256501213928,10.0,False,6.985743498786071
pendcart,2,deterministic,28,2.99615575304425,0.2276597562137091,2.99615575304425,10.0,False,7.00384424695575
pendcart,2,deterministic,29,2.9796034258519297,0.24323537815042168,2.9796034258519297,10.0,False,7.02039657414807
pendcart,2,deterministic,30,2.9653543514737337,0.25697799034525953,2.9653543514737337,10.0,False,7.034645648526267
pendcart,2,deterministic,31,2.956125404746736,0.2693132989264872,2.956125404746736,10.0,False,7.043874595253264
pendcart,2,deterministic,32,2.9497200905470784,0.28062373995884526,2.9497200905470784,10.0,False,7.050279909452922
pendcart,2,deterministic,33,2.946174953465735,0.2912391354413232,2.946174953465735,10.0,False,7.053825046534265
pendcart,2,deterministic,34,2.9454476584770335,0.30143074054442176,2.9454476584770335,10.0,False,7.0545523415229665
pendcart,2,deterministic,35,2.947353696773825,0.31140852516895867,2.947353696773825,10.0,False,7.052646303226175
pendcart,2,deterministic,36,2.951592837549914,0.32132142289124227,2.951592837549914,10.0,False,7.048407162450086
pendcart,2,deterministic,37,2.9577774708835713,0.3312601909229457,2.9577774708835713,10.0,False,7.042222529116429
pendcart,2,deterministic,38,2.9654614848530825,0.34126245710940206,2.9654614848530825,10.0,False,7.0345385151469175
pendcart,2,deterministic,39,2.9741683919276087,0.35131948297750193,2.9741683919276087,10.0,False,7.025831608072391
pendcart,2,deterministic,40,2.9834175453195764,0.36138414762173643,2.9834175453195764,10.0,False,7.016582454680424
pendcart,2,deterministic,41,2.992747471880606,0.37137965659836397,2.992747471880606,10.0,False,7.007252528119394
pendcart,2,deterministic,42,3.0017355808729547,0.38120850211590634,3.0017355808729547,10.0,False,6.998264419127045
pendcart,2,deterministic,43,3.0100137666650593,0.39076124315013955,3.0100137666650593,10.0,False,6.989986233334941
pendcart,2,deterministic,44,3.0172796813374982,0.39992473239955906,3.0172796813374982,10.0,False,6.982720318662501
pendcart,2,deterministic,45,3.023303689195565,0.4085894862036481,3.023303689195565,10.0,False,6.976696310804435
pendcart,2,deterministic,46,3.0279317135166397,0.4166559683397637,3.0279317135166397,10.0,False,6.97206828648336
pendcart,2,deterministic,47,3.0310843420225297,0.424039634356527,3.0310843420225297,10.0,False,6.968915657977471
pendcart,2,deterministic,48,3.0327526739250046,0.4306746562914845,3.0327526739250046,10.0,False,6.967247326074995
pendcart,2,deterministic,49,3.032991467302802,0.4365163147681446,3.032991467302802,10.0,False,6.967008532697198
pendcart,2,deterministic,50,3.0319101944751687,0.44154210546505523,3.0319101944751687,10.0,False,6.968089805524832
pendcart,2,deterministic,51,3.029662630455618,0.4457516577575682,3.029662630455618,10.0,False,6.9703373695443815
pendcart,2,deterministic,52,3.0264355946906214,0.4491656043711779,3.0264355946906214,10.0,False,6.973564405309379
pendcart,2,deterministic,53,3.022437436422339,0.4518235714974959,3.022437436422339,10.0,False,6.977562563577661
pendcart,2,deterministic,54,3.0178868039571762,0.4537814789099058,3.0178868039571762,10.0,False,6.982113196042824
pendcart,2,deterministic,55,3.0130021675845073,0.4551083491380945,3.0130021675845073,10.0,False,6.986997832415493
pendcart,2,deterministic,56,3.007992482689771,0.45588282459189966,3.007992482689771,10.0,False,6.992007517310229
pendcart,2,deterministic,57,3.0030492847496686,0.45618958233461093,3.0030492847496686,10.0,False,6.996950715250332
pendcart,2,deterministic,58,2.998340409537655,0.4561158194503462,2.998340409537655,10.0,False,7.001659590462345
pendcart,2,deterministic,59,2.99400543841634,0.45009841785957855,2.99400543841634,10.0,False,7.00599456158366
pendcart,2,deterministic,60,2.9901528758195406,0.4436183670174669,2.9901528758195406,10.0,False,7.009847124180459
pendcart,2,deterministic,61,2.9868589905020175,0.43829137450683825,2.9868589905020175,10.0,False,7.013141009497982
pendcart,2,deterministic,62,2.984168184279313,0.4341509354682244,2.984168184279313,10.0,False,7.015831815720687
pendcart,2,deterministic,63,2.982094701566497,0.4311793198415825,2.982094701566497,10.0,False,7.017905298433503
pendcart,2,deterministic,64,2.9806254543415323,0.4293139223334274,2.9806254543415323,10.0,False,7.019374545658468
pendcart,2,deterministic,65,2.9797237149179905,0.4284548690717405,2.9797237149179905,10.0,False,7.0202762850820095
pendcart,2,deterministic,66,2.9793334184845843,0.42847340665672723,2.9793334184845843,10.0,False,7.020666581515416
pendcart,2,deterministic,67,2.979383819453554,0.42922061819174023,2.979383819453554,10.0,False,7.020616180546446
pendcart,2,deterministic,68,2.9797942589384125,0.43053604772644133,2.9797942589384125,10.0,False,7.020205741061588
pendcart,2,deterministic,69,2.9804788222761904,0.4322558644798367,2.9804788222761904,10.0,False,7.01952117772381
pendcart,2,deterministic,70,2.981350695365173,0.4342202602064013,2.981350695365173,10.0,False,7.0186493046348275
pendcart,2,deterministic,71,2.9823260627247263,0.4362798404338298,2.9823260627247263,10.0,False,7.017673937275274
pendcart,2,deterministic,72,2.9833274280162545,0.43830084157742627,2.9833274280162545,10.0,False,7.0166725719837455
pendcart,2,deterministic,73,2.984286276782653,0.4401690768655729,2.984286276782653,10.0,False,7.015713723217347
pendcart,2,deterministic,74,2.985145038982845,0.4417925807129252,2.985145038982845,10.0,False,7.014854961017155
pendcart,2,deterministic,75,2.9858583446600893,0.44310298219484673,2.9858583446600893,10.0,False,7.014141655339911
pendcart,2,deterministic,76,2.9863935979374996,0.44405569079589485,2.9863935979374996,10.0,False,7.0136064020625
pendcart,2,deterministic,77,2.98673092165145,0.4446290204846159,2.98673092165145,10.0,False,7.01326907834855
pendcart,2,deterministic,78,2.9868625466932293,0.44482241065784817,2.9868625466932293,10.0,False,7.01313745330677
pendcart,2,deterministic,79,2.9867917361138194,0.4446539242451884,2.9867917361138194,10.0,False,7.013208263886181
pendcart,2,deterministic,80,2.9865313443005523,0.4441572147055231,2.9865313443005523,10.0,False,7.013468655699448
pendcart,2,deterministic,81,2.986102116210898,0.44337815532670505,2.986102116210898,10.0,False,7.013897883789102
pendcart,2,deterministic,82,2.985530831203388,0.4423713172524923,2.985530831203388,10.0,False,7.014469168796612
pendcart,2,deterministic,83,2.984848391064133,0.4411964683626372,2.984848391064133,10.0,False,7.0151516089358665
pendcart,2,deterministic,84,2.984087942959341,0.4399152446891142,2.984087942959341,10.0,False,7.015912057040659
pendcart,2,deterministic,85,2.983283116330182,0.4385881214667428,2.983283116330182,10.0,False,7.016716883669818
pendcart,2,deterministic,86,2.98246643876195,0.4372717833324398,2.98246643876195,10.0,False,7.01753356123805
pendcart,2,deterministic,87,2.981667980552402,0.43601696427858244,2.981667980552402,10.0,False,7.018332019447598
pendcart,2,deterministic,88,2.980914262103973,0.43486679945911616,2.980914262103973,10.0,False,7.019085737896027
pendcart,2,deterministic,89,2.980227442684666,0.43385570344702656,2.980227442684666,10.0,False,7.019772557315334
pendcart,2,deterministic,90,2.979624794645967,0.43300876477564926,2.979624794645967,10.0,False,7.020375205354033
pendcart,2,deterministic,91,2.97911845411078,0.4323416249652254,2.97911845411078,10.0,False,7.02088154588922
pendcart,2,deterministic,92,2.9787154279432664,0.43186079245131664,2.9787154279432664,10.0,False,7.021284572056734
pendcart,2,deterministic,93,2.978417827798574,0.4315643282836256,2.978417827798574,10.0,False,7.021582172201426
pendcart,2,deterministic,94,2.97822329531001,0.4314428311896548,2.97822329531001,10.0,False,7.02177670468999
pendcart,2,deterministic,95,2.978125578109503,0.43148064459703833,2.978125578109503,10.0,False,7.021874421890497
pendcart,2,deterministic,96,2.97811521425589,0.43165720714743755,2.97811521425589,10.0,False,7.02188478574411
pendcart,2,deterministic,97,2.978180282655126,0.43194847078439785,2.978180282655126,10.0,False,7.021819717344874
pendcart,2,deterministic,98,2.9783071789168565,0.4323283160728965,2.9783071789168565,10.0,False,7.0216928210831435
pendcart,2,deterministic,99,2.978481379536,0.4327699024659121,2.978481379536,10.0,False,7.0215186204640005
pendcart,2,deterministic,100,2.978688161999023,0.4332469011560915,2.978688161999023,10.0,False,7.021311838000977
pendcart,2,deterministic,101,2.9789132539735643,0.4337345691875491,2.9789132539735643,10.0,False,7.021086746026436
pendcart,2,deterministic,102,2.979143390926578,0.4342106352225548,2.979143390926578,10.0,False,7.020856609073422
pendcart,2,deterministic,103,2.9793667678548803,0.43465597896889546,2.9793667678548803,10.0,False,7.020633232145119
pendcart,2,deterministic,104,2.979573377097289,0.43505509741378573,2.979573377097289,10.0,False,7.020426622902711
pendcart,2,deterministic,105,2.979755230128907,0.43539636119609143,2.979755230128907,10.0,False,7.020244769871093
pendcart,2,deterministic,106,2.9799064665851387,0.4356720733262162,2.9799064665851387,10.0,False,7.020093533414862
pendcart,2,deterministic,107,2.980023358361611,0.43587834979741863,2.980023358361611,10.0,False,7.019976641638388
pendcart,2,deterministic,108,2.9801042203836383,0.4360148472977102,2.9801042203836383,10.0,False,7.019895779616362
pendcart,2,deterministic,109,2.9801492424419314,0.436084367128687,2.9801492424419314,10.0,False,7.019850757558069
pendcart,2,deterministic,110,2.9801602583461193,0.4360923666174103,2.9801602583461193,10.0,False,7.019839741653881
pendcart,2,deterministic,111,2.9801404695801974,0.4360464098661992,2.9801404695801974,10.0,False,7.019859530419803
pendcart,2,deterministic,112,2.9800941407126413,0.4359555887732898,2.9800941407126413,10.0,False,7.019905859287359
pendcart,2,deterministic,113,2.9800262831145017,0.435829943086912,2.9800262831145017,10.0,False,7.019973716885499
pendcart,2,deterministic,114,2.979942342188972,0.43567990506062,2.979942342188972,10.0,False,7.020057657811028
pendcart,2,deterministic,115,2.979847901450563,0.4355157903196452,2.979847901450563,10.0,False,7.020152098549437
pendcart,2,deterministic,116,2.979748414545113,0.4353473520775954,2.979748414545113,10.0,False,7.020251585454886
pendcart,2,deterministic,117,2.979648973823568,0.43518341112682585,2.979648973823568,10.0,False,7.0203510261764315
pendcart,2,deterministic,118,2.979554121501994,0.4350315692906838,2.979554121501994,10.0,False,7.0204458784980055
pendcart,2,deterministic,119,2.9794677068852593,0.43489800948593443,2.9794677068852593,10.0,False,7.020532293114741
pendcart,2,deterministic,120,2.9793927907118576,0.43478738137713663,2.9793927907118576,10.0,False,7.020607209288142
pendcart,2,deterministic,121,2.9793315954837793,0.434702767952683,2.9793315954837793,10.0,False,7.02066840451622
pendcart,2,deterministic,122,2.979285498749012,0.4346457253173868,2.979285498749012,10.0,False,7.020714501250988
pendcart,2,deterministic,123,2.979255064755168,0.43461638564288124,2.979255064755168,10.0,False,7.0207449352448315
pendcart,2,deterministic,124,2.9792401087207123,0.43461361157275097,2.9792401087207123,10.0,False,7.020759891279288
pendcart,2,deterministic,125,2.9792397871835012,0.4346351894351,2.9792397871835012,10.0,False,7.020760212816499
pendcart,2,deterministic,126,2.9792527074769,0.43467804833541707,2.9792527074769,10.0,False,7.0207472925231
pendcart,2,deterministic,127,2.979277049325717,0.4347384925223115,2.979277049325717,10.0,False,7.020722950674283
pendcart,2,deterministic,128,2.9793106918127963,0.4348124352597082,2.9793106918127963,10.0,False,7.020689308187204
pendcart,2,deterministic,129,2.9793513394927427,0.434895623701784,2.9793513394927427,10.0,False,7.020648660507257
pendcart,2,deterministic,130,2.9793966421704403,0.4349838458509209,2.9793966421704403,10.0,False,7.020603357829559
pendcart,2,deterministic,131,2.9794443037609852,0.4350731124769032,2.9794443037609852,10.0,False,7.020555696239015
pendcart,2,deterministic,132,2.979492176647082,0.4351598087844187,2.979492176647082,10.0,False,7.020507823352919
pendcart,2,deterministic,133,2.9795383389945043,0.43524081253885655,2.9795383389945043,10.0,False,7.020461661005496
pendcart,2,deterministic,134,2.9795811535251655,0.43531357721199965,2.9795811535251655,10.0,False,7.0204188464748345
pendcart,2,deterministic,135,2.979619307234649,0.4353761804142631,2.979619307234649,10.0,False,7.020380692765351
pendcart,2,deterministic,136,2.9796518324399877,0.4354273393817722,2.9796518324399877,10.0,False,7.020348167560012
pendcart,2,deterministic,137,2.9796781103235994,0.4354663965402615,2.9796781103235994,10.0,False,7.020321889676401
pendcart,2,deterministic,138,2.9796978587806544,0.4354932791475607,2.9796978587806544,10.0,False,7.020302141219346
pendcart,2,deterministic,139,2.979711106865416,0.43550843770796605,2.979711106865416,10.0,False,7.020288893134584
pendcart,2,deterministic,140,2.979718158465009,0.4355127682596474,2.979718158465009,10.0,False,7.020281841534991
pendcart,2,deterministic,141,2.979719548008241,0.4355075237725546,2.979719548008241,10.0,False,7.020280451991759
pendcart,2,deterministic,142,2.9797159910519966,0.4354942197843736,2.9797159910519966,10.0,False,7.020284008948003
pendcart,2,deterministic,143,2.9797083324940066,0.43547453907896866,2.9797083324940066,10.0,False,7.020291667505994
pendcart,2,deterministic,144,2.9796974949557664,0.435450239712416,2.9796974949557664,10.0,False,7.020302505044233
pendcart,2,deterministic,145,2.9796844295857037,0.43542307005957676,2.9796844295857037,10.0,False,7.020315570414296
pendcart,2,deterministic,146,2.979670071172886,0.43539469383120627,2.979670071172886,10.0,False,7.020329928827114
pendcart,2,deterministic,147,2.979655299058933,0.4353666272399989,2.979655299058933,10.0,False,7.020344700941067
pendcart,2,deterministic,148,2.9796409049129977,0.435340189713423,2.9796409049129977,10.0,False,7.020359095087002
pendcart,2,deterministic,149,2.9796275680125643,0.4353164687969457,2.9796275680125643,10.0,False,7.020372431987436
pendcart,2,deterministic,150,2.9796158382700004,0.4352962991937203,2.9796158382700004,10.0,False,7.02038416173
pendcart,2,SGO,0,1.681876641292155,-1.0,1.681876641292155,10.0,False,8.318123358707846
pendcart,2,SGO,1,1.700888676566203,-0.9934663709982907,1.700888676566203,10.0,False,8.299111323433797
pendcart,2,SGO,2,1.732870798325301,-0.9812451144836137,1.732870798325301,10.0,False,8.267129201674699
pendcart,2,SGO,3,1.7801118453759506,-0.9625085814600405,1.7801118453759506,10.0,False,8.21988815462405
pendcart,2,SGO,4,1.8395066818684862,-0.9370446962560394,1.8395066818684862,10.0,False,8.160493318131515
pendcart,2,SGO,5,1.9119295294497218,-0.9045752435343364,1.9119295294497218,10.0,False,8.088070470550278
pendcart,2,SGO,6,2.000298041530886,-0.8646742929849619,2.000298041530886,10.0,False,7.999701958469114
pendcart,2,SGO,7,2.096402002366526,-0.8180221111209244,2.096402002366526,10.0,False,7.903597997633474
pendcart,2,SGO,8,2.2010126793650926,-0.7652157587667099,2.2010126793650926,10.0,False,7.798987320634907
pendcart,2,SGO,9,2.31194619823444,-0.7070661717221975,2.31194619823444,10.0,False,7.688053801765561
pendcart,2,SGO,10,2.422723418104505,-0.6445857791045306,2.422723418104505,10.0,False,7.577276581895495
pendcart,2,SGO,11,2.531157816896941,-0.5788038844527142,2.531157816896941,10.0,False,7.4688421831030585
pendcart,2,SGO,12,2.633925913305924,-0.5109045328052401,2.633925913305924,10.0,False,7.366074086694076
pendcart,2,SGO,13,2.728771362631014,-0.4420558714629254,2.728771362631014,10.0,False,7.271228637368986
pendcart,2,SGO,14,2.814057998072389,-0.37337392473782566,2.814057998072389,10.0,False,7.185942001927611
pendcart,2,SGO,15,2.8879791212416213,-0.3059555765554651,2.8879791212416213,10.0,False,7.112020878758379
pendcart,2,SGO,16,2.950915211728244,-0.24065248604126888,2.950915211728244,10.0,False,7.049084788271756
pendcart,2,SGO,17,3.0010998853424233,-0.17837340087291692,3.0010998853424233,10.0,False,6.998900114657577
pendcart,2,SGO,18,3.0389526191935032,-0.11979187844605362,3.0389526191935032,10.0,False,6.961047380806496
pendcart,2,SGO,19,3.065524952802279,-0.06537870583436088,3.065524952802279,10.0,False,6.93447504719772
pendcart,2,SGO,20,3.080702066094182,-0.015559738114180585,3.080702066094182,10.0,False,6.919297933905818
pendcart,2,SGO,21,3.0871588208267537,0.029588343678354716,3.0871588208267537,10.0,False,6.912841179173246
pendcart,2,SGO,22,3.0864653727817064,0.07009957968530897,3.0864653727817064,10.0,False,6.913534627218294
pendcart,2,SGO,23,3.0787392365713546,0.10599478373118702,3.0787392365713546,10.0,False,6.921260763428645
pendcart,2,SGO,24,3.066596789221247,0.13756927855658568,3.066596789221247,10.0,False,6.933403210778753
pendcart,2,SGO,25,3.050550346532265,0.16507068903694563,3.050550346532265,10.0,False,6.949449653467735
pendcart,2,SGO,26,3.032047461735427,0.18885713680870495,3.032047461735427,10.0,False,6.967952538264573
pendcart,2,SGO,27,3.013767644771532,0.20947121476172972,3.013767644771532,10.0,False,6.986232355228468
pendcart,2,SGO,28,2.995523964932599,0.22729440435060633,2.995523964932599,10.0,False,7.004476035067401
pendcart,2,SGO,29,2.978682037009382,0.24280398828202931,2.978682037009382,10.0,False,7.021317962990619
pendcart,2,SGO,30,2.964425152910649,0.2564914939421594,2.964425152910649,10.0,False,7.035574847089351
pendcart,2,SGO,31,2.955230202856116,0.268776494314689,2.955230202856116,10.0,False,7.044769797143884
pendcart,2,SGO,32,2.948827694177082,0.2800381842588976,2.948827694177082,10.0,False,7.051172305822918
pendcart,2,SGO,33,2.9452739942053614,0.2906065747171033,2.9452739942053614,10.0,False,7.054726005794638
pendcart,2,SGO,34,2.9444987471122275,0.3007497980679861,2.9444987471122275,10.0,False,7.0555012528877725
pendcart,2,SGO,35,2.9463546583536693,0.3106799478678502,2.9463546583536693,10.0,False,7.05364534164633
pendcart,2,SGO,36,2.950577461492129,0.3205503424294637,2.950577461492129,10.0,False,7.049422538507871
pendcart,2,SGO,37,2.9567205547605417,0.3304480937686916,2.9567205547605417,10.0,False,7.043279445239458
pendcart,2,SGO,38,2.9644303551087363,0.34041938547320677,2.9644303551087363,10.0,False,7.035569644891264
pendcart,2,SGO,39,2.9731004951833406,0.3504460200845584,2.9731004951833406,10.0,False,7.02689950481666
pendcart,2,SGO,40,2.982343289208391,0.36048669575307235,2.982343289208391,10.0,False,7.017656710791609
pendcart,2,SGO,41,2.9916920040114254,0.3704658812377776,2.9916920040114254,10.0,False,7.008307995988575
pendcart,2,SGO,42,3.0007170501640807,0.3802865261156609,3.0007170501640807,10.0,False,6.999282949835919
pendcart,2,SGO,43,3.0090542579419877,0.38984015040209175,3.0090542579419877,10.0,False,6.990945742058012
pendcart,2,SGO,44,3.016405295481871,0.3990146581470999,3.016405295481871,10.0,False,6.983594704518129
pendcart,2,SGO,45,3.022505978077003,0.40769761123254233,3.022505978077003,10.0,False,6.977494021922997
pendcart,2,SGO,46,3.027178533912554,0.41578542514939426,3.027178533912554,10.0,False,6.972821466087446
pendcart,2,SGO,47,3.030414594341414,0.42319821267495306,3.030414594341414,10.0,False,6.969585405658586
pendcart,2,SGO,48,3.032251386995293,0.42987670036068776,3.032251386995293,10.0,False,6.967748613004707
pendcart,2,SGO,49,3.0324809297673436,0.4357525064065127,3.0324809297673436,10.0,False,6.967519070232656
pendcart,2,SGO,50,3.0314975328237668,0.4408213195878011,3.0314975328237668,10.0,False,6.968502467176233
pendcart,2,SGO,51,3.029246934707554,0.4450669637948315,3.029246934707554,10.0,False,6.970753065292445
pendcart,2,SGO,52,3.0261291493992126,0.4485258451228822,3.0261291493992126,10.0,False,6.973870850600788
pendcart,2,SGO,53,3.022205651777204,0.451228701390216,3.022205651777204,10.0,False,6.977794348222796
pendcart,2,SGO,54,3.017728173770643,0.45323221206518444,3.017728173770643,10.0,False,6.982271826229357
pendcart,2,SGO,55,3.0128830883638367,0.45460155778863903,3.0128830883638367,10.0,False,6.987116911636163
pendcart,2,SGO,56,3.007919469520399,0.45541737403220034,3.007919469520399,10.0,False,6.992080530479601
pendcart,2,SGO,57,3.0029773253674286,0.45575929569872053,3.0029773253674286,10.0,False,6.997022674632571
pendcart,2,SGO,58,2.9983250508126087,0.4557225434834161,2.9983250508126087,10.0,False,7.001674949187391
pendcart,2,SGO,59,2.9940047180029814,0.4503491325048083,2.9940047180029814,10.0,False,7.005995281997018
pendcart,2,SGO,60,2.9901544470301453,0.44384846479354095,2.9901544470301453,10.0,False,7.009845552969855
pendcart,2,SGO,61,2.9868651469540204,0.43850394359639105,2.9868651469540204,10.0,False,7.01313485304598
pendcart,2,SGO,62,2.984158624602526,0.434316155845154,2.984158624602526,10.0,False,7.015841375397474
pendcart,2,SGO,63,2.982068042135839,0.4312966838650227,2.982068042135839,10.0,False,7.01793195786416
pendcart,2,SGO,64,2.9805779332747,0.42937978547527494,2.9805779332747,10.0,False,7.0194220667253
pendcart,2,SGO,65,2.9796639208882874,0.42848411335774067,2.9796639208882874,10.0,False,7.020336079111713
pendcart,2,SGO,66,2.9792551403856438,0.42845893205266855,2.9792551403856438,10.0,False,7.020744859614356
pendcart,2,SGO,67,2.9792849622661235,0.42916198866175886,2.9792849622661235,10.0,False,7.0207150377338765
pendcart,2,SGO,68,2.979681263791048,0.43044559132577326,2.979681263791048,10.0,False,7.020318736208952
pendcart,2,SGO,69,2.980349098862593,0.4321323803013874,2.980349098862593,10.0,False,7.019650901137407
pendcart,2,SGO,70,2.9812145942456505,0.4340816817696012,2.9812145942456505,10.0,False,7.0187854057543495
pendcart,2,SGO,71,2.982186514740369,0.43613254818460107,2.982186514740369,10.0,False,7.017813485259631
pendcart,2,SGO,72,2.9831982081804167,0.4381668166763491,2.9831982081804167,10.0,False,7.016801791819583
pendcart,2,SGO,73,2.9841594546382053,0.4400375992011431,2.9841594546382053,10.0,False,7.015840545361795
pendcart,2,SGO,74,2.9850286109589748,0.441676668288664,2.9850286109589748,10.0,False,7.014971389041025
pendcart,2,SGO,75,2.985754562000633,0.4430065786926644,2.985754562000633,10.0,False,7.014245437999367
pendcart,2,SGO,76,2.986305873108961,0.4439841416542157,2.986305873108961,10.0,False,7.013694126891039
pendcart,2,SGO,77,2.98665555127868,0.4445768951129026,2.98665555127868,10.0,False,7.01334444872132
pendcart,2,SGO,78,2.9868034322677883,0.44479547804208847,2.9868034322677883,10.0,False,7.013196567732212
pendcart,2,SGO,79,2.986747309302407,0.4446495179527448,2.986747309302407,10.0,False,7.013252690697593
pendcart,2,SGO,80,2.9865045971671687,0.4441792675736875,2.9865045971671687,10.0,False,7.013495402832831
pendcart,2,SGO,81,2.9860969013360417,0.44343148529751936,2.9860969013360417,10.0,False,7.013903098663958
pendcart,2,SGO,82,2.985539003914417,0.44244283172237936,2.985539003914417,10.0,False,7.0144609960855835
pendcart,2,SGO,83,2.984871188543218,0.44128724016914317,2.984871188543218,10.0,False,7.015128811456782
pendcart,2,SGO,84,2.984122229140715,0.44001977898468686,2.984122229140715,10.0,False,7.015877770859285
pendcart,2,SGO,85,2.9833260537151642,0.4387015125934762,2.9833260537151642,10.0,False,7.016673946284836
pendcart,2,SGO,86,2.9825061295745594,0.43737605193883905,2.9825061295745594,10.0,False,7.01749387042544
pendcart,2,SGO,87,2.9817104945057054,0.4361211491870716,2.9817104945057054,10.0,False,7.018289505494295
pendcart,2,SGO,88,2.9809624885497326,0.43497482056129394,2.9809624885497326,10.0,False,7.019037511450268
pendcart,2,SGO,89,2.9802752954045078,0.4339581743311243,2.9802752954045078,10.0,False,7.019724704595492
pendcart,2,SGO,90,2.979669789145178,0.4331020085616231,2.979669789145178,10.0,False,7.020330210854822
pendcart,2,SGO,91,2.979159757798857,0.4324245730390666,2.979159757798857,10.0,False,7.0208402422011424
pendcart,2,SGO,92,2.978751680770645,0.43193169338494425,2.978751680770645,10.0,False,7.021248319229355
pendcart,2,SGO,93,2.978445782639484,0.4316188068740984,2.978445782639484,10.0,False,7.021554217360515
pendcart,2,SGO,94,2.9782492171574133,0.4314906568474614,2.9782492171574133,10.0,False,7.021750782842586
pendcart,2,SGO,95,2.9781452898282614,0.43151593659737414,2.9781452898282614,10.0,False,7.021854710171739
pendcart,2,SGO,96,2.978129253599433,0.4316813069870658,2.978129253599433,10.0,False,7.021870746400567
pendcart,2,SGO,97,2.978183142804082,0.43195389026173864,2.978183142804082,10.0,False,7.021816857195918
pendcart,2,SGO,98,2.978306291394128,0.43232685673166277,2.978306291394128,10.0,False,7.021693708605872
pendcart,2,SGO,99,2.978464679862847,0.43274438543856136,2.978464679862847,10.0,False,7.021535320137152
pendcart,2,SGO,100,2.9786721709997273,0.43322271326640277,2.9786721709997273,10.0,False,7.021327829000272
pendcart,2,SGO,101,2.9788931630121636,0.4337047646795021,2.9788931630121636,10.0,False,7.021106836987837
pendcart,2,SGO,102,2.979122337871151,0.4341802027172215,2.979122337871151,10.0,False,7.020877662128849
pendcart,2,SGO,103,2.979347235249771,0.434628707479269,2.979347235249771,10.0,False,7.0206527647502295
pendcart,2,SGO,104,2.9795547323490124,0.43503003811619795,2.9795547323490124,10.0,False,7.020445267650988
pendcart,2,SGO,105,2.9797380242336824,0.4353743235983782,2.9797380242336824,10.0,False,7.020261975766317
pendcart,2,SGO,106,2.979891219017957,0.4356537640433686,2.979891219017957,10.0,False,7.020108780982043
pendcart,2,SGO,107,2.9800108858197256,0.4358648551777669,2.9800108858197256,10.0,False,7.019989114180275
pendcart,2,SGO,108,2.9800942139130555,0.4360055381724816,2.9800942139130555,10.0,False,7.0199057860869445
pendcart,2,SGO,109,2.9801414199941894,0.4360786637651673,2.9801414199941894,10.0,False,7.019858580005811
pendcart,2,SGO,110,2.9801552521758787,0.4360910329466388,2.9801552521758787,10.0,False,7.019844747824122
pendcart,2,SGO,111,2.9801562580040657,0.4360754752135673,2.9801562580040657,10.0,False,7.019843741995935
pendcart,2,SGO,112,2.980108181483985,0.43598069765647346,2.980108181483985,10.0,False,7.019891818516015
pendcart,2,SGO,113,2.980036080081826,0.4358476489561281,2.980036080081826,10.0,False,7.019963919918174
pendcart,2,SGO,114,2.9799509030635494,0.4356949642801839,2.9799509030635494,10.0,False,7.02004909693645
pendcart,2,SGO,115,2.979855636298827,0.43552894406850245,2.979855636298827,10.0,False,7.0201443637011725
pendcart,2,SGO,116,2.979755117636185,0.4353584104983232,2.979755117636185,10.0,False,7.020244882363815
pendcart,2,SGO,117,2.9796546104435673,0.435192445371879,2.9796546104435673,10.0,False,7.020345389556432
pendcart,2,SGO,118,2.979532146820759,0.43499995491795534,2.979532146820759,10.0,False,7.020467853179241
pendcart,2,SGO,119,2.979389820180253,0.43478638441813505,2.979389820180253,10.0,False,7.020610179819747
pendcart,2,SGO,120,2.9793280180696513,0.4347002465397231,2.9793280180696513,10.0,False,7.020671981930349
pendcart,2,SGO,121,2.9792779751125478,0.43463593816564045,2.9792779751125478,10.0,False,7.020722024887452
pendcart,2,SGO,122,2.979243386381547,0.43459853578462987,2.979243386381547,10.0,False,7.0207566136184525
pendcart,2,SGO,123,2.9792203673670565,0.43458166559807104,2.9792203673670565,10.0,False,7.0207796326329435
pendcart,2,SGO,124,2.97920128740707,0.434573638249476,2.97920128740707,10.0,False,7.02079871259293
pendcart,2,SGO,125,2.9791885608729682,0.43457782422695385,2.9791885608729682,10.0,False,7.020811439127032
pendcart,2,SGO,126,2.9792081298753637,0.43463161175880666,2.9792081298753637,10.0,False,7.020791870124636
pendcart,2,SGO,127,2.979239833980989,0.4347031775642218,2.979239833980989,10.0,False,7.020760166019011
pendcart,2,SGO,128,2.9792849057756015,0.4347933349480185,2.9792849057756015,10.0,False,7.020715094224398
pendcart,2,SGO,129,2.9793251694683804,0.4348744460187182,2.9793251694683804,10.0,False,7.02067483053162
pendcart,2,SGO,130,2.979378695950981,0.43497302921470976,2.979378695950981,10.0,False,7.020621304049019
pendcart,2,SGO,131,2.9794232401004956,0.4350554483612467,2.9794232401004956,10.0,False,7.020576759899504
pendcart,2,SGO,132,2.9794793738040517,0.43515214268009667,2.9794793738040517,10.0,False,7.020520626195948
pendcart,2,SGO,133,2.9795194750780407,0.4352217529105083,2.9795194750780407,10.0,False,7.020480524921959
pendcart,2,SGO,134,2.9795576430009287,0.43528580070794726,2.9795576430009287,10.0,False,7.020442356999071
pendcart,2,SGO,135,2.979591970742735,0.4353414376574562,2.979591970742735,10.0,False,7.020408029257265
pendcart,2,SGO,136,2.9796215884345174,0.43538749848103137,2.9796215884345174,10.0,False,7.020378411565483
pendcart,2,SGO,137,2.9796549393153837,0.43543650948818696,2.9796549393153837,10.0,False,7.020345060684616
pendcart,2,SGO,138,2.9796726157976687,0.4354598041837145,2.9796726157976687,10.0,False,7.020327384202331
pendcart,2,SGO,139,2.9796854256385346,0.43547424196993206,2.9796854256385346,10.0,False,7.020314574361466
pendcart,2,SGO,140,2.9796973710088954,0.4354859949901267,2.9796973710088954,10.0,False,7.020302628991105
pendcart,2,SGO,141,2.97970763365545,0.43549395827751197,2.97970763365545,10.0,False,7.02029236634455
pendcart,2,SGO,142,2.979704027745525,0.4354805411632238,2.979704027745525,10.0,False,7.020295972254475
pendcart,2,SGO,143,2.9796966143538413,0.43546150530815114,2.9796966143538413,10.0,False,7.020303385646159
pendcart,2,SGO,144,2.9796882806011165,0.4354414181819933,2.9796882806011165,10.0,False,7.020311719398883
pendcart,2,SGO,145,2.9796758596675215,0.43541581647966904,2.9796758596675215,10.0,False,7.0203241403324785
pendcart,2,SGO,146,2.979659306868899,0.4353850215764556,2.979659306868899,10.0,False,7.020340693131101
pendcart,2,SGO,147,2.9796387505901714,0.4353495954689604,2.9796387505901714,10.0,False,7.020361249409829
pendcart,2,SGO,148,2.9796305815212234,0.4353338016259984,2.9796305815212234,10.0,False,7.020369418478777
pendcart,2,SGO,149,2.9796201118776873,0.43531537714220797,2.9796201118776873,10.0,False,7.020379888122313
pendcart,2,SGO,150,2.9796075993784883,0.43529492820093457,2.9796075993784883,10.0,False,7.020392400621512
pendcart,2,GWO,0,1.681876641292155,-1.0,1.681876641292155,10.0,False,8.318123358707846
pendcart,2,GWO,1,1.7004685690460826,-0.9935112413315528,1.7004685690460826,10.0,False,8.299531430953918
pendcart,2,GWO,2,1.7332789184083268,-0.9812274389263814,1.7332789184083268,10.0,False,8.266721081591673
pendcart,2,GWO,3,1.780444420436809,-0.9624718827576522,1.780444420436809,10.0,False,8.219555579563192
pendcart,2,GWO,4,1.839858792801601,-0.9369857694329435,1.839858792801601,10.0,False,8.160141207198398
pendcart,2,GWO,5,1.9122945137775986,-0.9044950811078802,1.9122945137775986,10.0,False,8.0877054862224
pendcart,2,GWO,6,1.9991158069813364,-0.8647396134142207,1.9991158069813364,10.0,False,8.000884193018663
pendcart,2,GWO,7,2.0946148769684014,-0.8182286381485283,2.0946148769684014,10.0,False,7.905385123031598
pendcart,2,GWO,8,2.199257744745782,-0.7655147105174396,2.199257744745782,10.0,False,7.800742255254217
pendcart,2,GWO,9,2.310543546726805,-0.7074226617897698,2.310543546726805,10.0,False,7.689456453273195
pendcart,2,GWO,10,2.4220602272666083,-0.6449364565937808,2.4220602272666083,10.0,False,7.577939772733392
pendcart,2,GWO,11,2.5305531188419303,-0.5791711781541775,2.5305531188419303,10.0,False,7.46944688115807
pendcart,2,GWO,12,2.6335220820776635,-0.5112723701565746,2.6335220820776635,10.0,False,7.366477917922337
pendcart,2,GWO,13,2.7285601335180294,-0.4424149026571538,2.7285601335180294,10.0,False,7.271439866481971
pendcart,2,GWO,14,2.813828596067491,-0.3737357540154922,2.813828596067491,10.0,False,7.186171403932509
pendcart,2,GWO,15,2.888012774790425,-0.3062954979136311,2.888012774790425,10.0,False,7.111987225209575
pendcart,2,GWO,16,2.9503745875813436,-0.24103930702788245,2.9503745875813436,10.0,False,7.049625412418656
pendcart,2,GWO,17,3.000566376631275,-0.17878428560670462,3.000566376631275,10.0,False,6.999433623368725
pendcart,2,GWO,18,3.0387379360242166,-0.1201938738471891,3.0387379360242166,10.0,False,6.961262063975783
pendcart,2,GWO,19,3.065494226730806,-0.0657646514883106,3.065494226730806,10.0,False,6.934505773269194
pendcart,2,GWO,20,3.081593792961983,-0.01584479509844243,3.081593792961983,10.0,False,6.918406207038017
pendcart,2,GWO,21,3.0884661278923042,0.029408416491147144,3.0884661278923042,10.0,False,6.911533872107696
pendcart,2,GWO,22,3.0871334159565027,0.06994258838647997,3.0871334159565027,10.0,False,6.912866584043497
pendcart,2,GWO,23,3.079205145871501,0.10586467295231874,3.079205145871501,10.0,False,6.9207948541284985
pendcart,2,GWO,24,3.066552520899575,0.1374253499613906,3.066552520899575,10.0,False,6.933447479100424
pendcart,2,GWO,25,3.050471343465522,0.16493306066278685,3.050471343465522,10.0,False,6.949528656534477
pendcart,2,GWO,26,3.032450737205378,0.1887794420349391,3.032450737205378,10.0,False,6.967549262794622
pendcart,2,GWO,27,3.013770761743425,0.20939808495099443,3.013770761743425,10.0,False,6.986229238256575
pendcart,2,GWO,28,2.9957333814860627,0.22726390517285947,2.9957333814860627,10.0,False,7.004266618513937
pendcart,2,GWO,29,2.9792192786101546,0.24284229116542988,2.9792192786101546,10.0,False,7.020780721389846
pendcart,2,GWO,30,2.965013587693039,0.2565906276389883,2.965013587693039,10.0,False,7.034986412306961
pendcart,2,GWO,31,2.9558326995651387,0.2689352569106156,2.9558326995651387,10.0,False,7.044167300434861
pendcart,2,GWO,32,2.9494756927444636,0.28025768809351315,2.9494756927444636,10.0,False,7.050524307255536
pendcart,2,GWO,33,2.9459431794397606,0.290883817001069,2.9459431794397606,10.0,False,7.054056820560239
pendcart,2,GWO,34,2.9452293151034734,0.3010864177651569,2.9452293151034734,10.0,False,7.054770684896527
pendcart,2,GWO,35,2.9471471633492863,0.3110752767660834,2.9471471633492863,10.0,False,7.052852836650714
pendcart,2,GWO,36,2.9513969925023122,0.3209992979995498,2.9513969925023122,10.0,False,7.048603007497688
pendcart,2,GWO,37,2.9575956025106493,0.33094965851736396,2.9575956025106493,10.0,False,7.042404397489351
pendcart,2,GWO,38,2.9652915286904404,0.34096363481305875,2.9652915286904404,10.0,False,7.03470847130956
pendcart,2,GWO,39,2.9740120601823707,0.35103275613893853,2.9740120601823707,10.0,False,7.025987939817629
pendcart,2,GWO,40,2.9832760296588092,0.36110994741556196,2.9832760296588092,10.0,False,7.016723970341191
pendcart,2,GWO,41,2.992614651541259,0.3711176890248855,2.992614651541259,10.0,False,7.007385348458741
pendcart,2,GWO,42,3.0016109179366497,0.3809586608526759,3.0016109179366497,10.0,False,6.99838908206335
pendcart,2,GWO,43,3.009901411639237,0.39052388160984275,3.009901411639237,10.0,False,6.9900985883607625
pendcart,2,GWO,44,3.0171816303175754,0.3997002163963899,3.0171816303175754,10.0,False,6.982818369682425
pendcart,2,GWO,45,3.023218226481894,0.4083778686872711,3.023218226481894,10.0,False,6.9767817735181055
pendcart,2,GWO,46,3.027854140191587,0.4164568278313531,3.027854140191587,10.0,False,6.972145859808413
pendcart,2,GWO,47,3.031015731373982,0.4238528335138855,3.031015731373982,10.0,False,6.968984268626018
pendcart,2,GWO,48,3.0326876552682385,0.4304994183856849,3.0326876552682385,10.0,False,6.967312344731761
pendcart,2,GWO,49,3.0329144745542287,0.43635042132552426,3.0329144745542287,10.0,False,6.967085525445771
pendcart,2,GWO,50,3.0318497162523492,0.4413870728774721,3.0318497162523492,10.0,False,6.968150283747651
pendcart,2,GWO,51,3.0296035259025778,0.4456061754564638,3.0296035259025778,10.0,False,6.970396474097422
pendcart,2,GWO,52,3.0263842502598415,0.44902964655792743,3.0263842502598415,10.0,False,6.9736157497401585
pendcart,2,GWO,53,3.0223975524631475,0.45169722763957143,3.0223975524631475,10.0,False,6.977602447536853
pendcart,2,GWO,54,3.017859337398335,0.4536647553295853,3.017859337398335,10.0,False,6.982140662601665
pendcart,2,GWO,55,3.0129956919630003,0.4550020967886996,3.0129956919630003,10.0,False,6.987004308036999
pendcart,2,GWO,56,3.007991424385713,0.45578583422910757,3.007991424385713,10.0,False,6.992008575614287
pendcart,2,GWO,57,3.0030499782532587,0.45610091566688304,3.0030499782532587,10.0,False,6.996950021746741
pendcart,2,GWO,58,2.9983420095318576,0.45603466646931845,2.9983420095318576,10.0,False,7.001657990468143
pendcart,2,GWO,59,2.9940119320053227,0.45015339228818,2.9940119320053227,10.0,False,7.005988067994677
pendcart,2,GWO,60,2.99015685919526,0.44366476702893903,2.99015685919526,10.0,False,7.00984314080474
pendcart,2,GWO,61,2.986863013990861,0.4383332934299941,2.986863013990861,10.0,False,7.013136986009139
pendcart,2,GWO,62,2.984169491623334,0.4341845572512368,2.984169491623334,10.0,False,7.015830508376666
pendcart,2,GWO,63,2.9820936451765236,0.43120558367767986,2.9820936451765236,10.0,False,7.017906354823476
pendcart,2,GWO,64,2.980622135316651,0.4293333923995634,2.980622135316651,10.0,False,7.019377864683349
pendcart,2,GWO,65,2.9797182816153462,0.42846818753781263,2.9797182816153462,10.0,False,7.020281718384654
pendcart,2,GWO,66,2.9793270382768626,0.42848270571180064,2.9793270382768626,10.0,False,7.020672961723138
pendcart,2,GWO,67,2.9793768404910224,0.42922676231282036,2.9793768404910224,10.0,False,7.020623159508977
pendcart,2,GWO,68,2.979791870991376,0.4305469522143141,2.979791870991376,10.0,False,7.0202081290086245
pendcart,2,GWO,69,2.980475199516044,0.4322630121165935,2.980475199516044,10.0,False,7.019524800483956
pendcart,2,GWO,70,2.981344868564985,0.4342226476445404,2.981344868564985,10.0,False,7.018655131435015
pendcart,2,GWO,71,2.9823198904651327,0.43628064869592237,2.9823198904651327,10.0,False,7.017680109534867
pendcart,2,GWO,72,2.9833210886928927,0.4383006479103943,2.9833210886928927,10.0,False,7.016678911307107
pendcart,2,GWO,73,2.9842807920012766,0.4401696543869255,2.9842807920012766,10.0,False,7.015719207998723
pendcart,2,GWO,74,2.985140895173957,0.44179482249886753,2.985140895173957,10.0,False,7.0148591048260425
pendcart,2,GWO,75,2.9858560294006637,0.44310772045406294,2.9858560294006637,10.0,False,7.014143970599337
pendcart,2,GWO,76,2.986393238294798,0.4440631675260595,2.986393238294798,10.0,False,7.013606761705201
pendcart,2,GWO,77,2.986732665799813,0.44463946952974037,2.986732665799813,10.0,False,7.0132673342001866
pendcart,2,GWO,78,2.9868650094653755,0.4448337874082861,2.9868650094653755,10.0,False,7.013134990534624
pendcart,2,GWO,79,2.986795713583812,0.44466743453993024,2.986795713583812,10.0,False,7.0132042864161885
pendcart,2,GWO,80,2.986536181315042,0.44417185735832126,2.986536181315042,10.0,False,7.013463818684958
pendcart,2,GWO,81,2.986110534182997,0.4433978748413832,2.986110534182997,10.0,False,7.0138894658170035
pendcart,2,GWO,82,2.9855407372664016,0.44239281612717946,2.9855407372664016,10.0,False,7.014459262733599
pendcart,2,GWO,83,2.9848593410451203,0.4412189905065918,2.9848593410451203,10.0,False,7.01514065895488
pendcart,2,GWO,84,2.984099715415298,0.4399383765766402,2.984099715415298,10.0,False,7.015900284584702
pendcart,2,GWO,85,2.9832964457443976,0.438612850270041,2.9832964457443976,10.0,False,7.016703554255603
pendcart,2,GWO,86,2.9824797321508854,0.43729564297654583,2.9824797321508854,10.0,False,7.017520267849115
pendcart,2,GWO,87,2.981681587999025,0.43604043823068267,2.981681587999025,10.0,False,7.0183184120009745
pendcart,2,GWO,88,2.98092717107482,0.4348883592710578,2.98092717107482,10.0,False,7.0190728289251805
pendcart,2,GWO,89,2.980239123304285,0.43387460184151,2.980239123304285,10.0,False,7.019760876695715
pendcart,2,GWO,90,2.979635266297357,0.4330250980724876,2.979635266297357,10.0,False,7.0203647337026425
pendcart,2,GWO,91,2.979127446223052,0.4323550698664738,2.979127446223052,10.0,False,7.0208725537769485
pendcart,2,GWO,92,2.9787230781029086,0.4318716463201278,2.9787230781029086,10.0,False,7.021276921897091
pendcart,2,GWO,93,2.9784242728400674,0.43157288338155136,2.9784242728400674,10.0,False,7.021575727159933
pendcart,2,GWO,94,2.978226571585123,0.43144631053589083,2.978226571585123,10.0,False,7.0217734284148765
pendcart,2,GWO,95,2.9781273887049946,0.43148176457304716,2.9781273887049946,10.0,False,7.021872611295006
pendcart,2,GWO,96,2.9781162400077736,0.43165706946549914,2.9781162400077736,10.0,False,7.021883759992226
pendcart,2,GWO,97,2.9781809821426375,0.43194780643261704,2.9781809821426375,10.0,False,7.0218190178573625
pendcart,2,GWO,98,2.978306982502067,0.43232632597873394,2.978306982502067,10.0,False,7.021693017497933
pendcart,2,GWO,99,2.9784804565660163,0.43276690870106976,2.9784804565660163,10.0,False,7.021519543433984
pendcart,2,GWO,100,2.978686961343206,0.4332436211913692,2.978686961343206,10.0,False,7.021313038656794
pendcart,2,GWO,101,2.9789116509984046,0.4337308506927074,2.9789116509984046,10.0,False,7.021088349001595
pendcart,2,GWO,102,2.979141870807002,0.43420722348265656,2.979141870807002,10.0,False,7.020858129192998
pendcart,2,GWO,103,2.9793649989871915,0.4346523908187084,2.9793649989871915,10.0,False,7.020635001012808
pendcart,2,GWO,104,2.979571906334442,0.43505215325335717,2.979571906334442,10.0,False,7.020428093665558
pendcart,2,GWO,105,2.9797543483246236,0.4353944662521811,2.9797543483246236,10.0,False,7.020245651675376
pendcart,2,GWO,106,2.9799058386187083,0.435670697412262,2.9799058386187083,10.0,False,7.020094161381292
pendcart,2,GWO,107,2.980022943236952,0.43587741484728487,2.980022943236952,10.0,False,7.019977056763048
pendcart,2,GWO,108,2.980104063822524,0.43601440290559473,2.980104063822524,10.0,False,7.019895936177476
pendcart,2,GWO,109,2.980149348919174,0.4360843977202505,2.980149348919174,10.0,False,7.0198506510808265
pendcart,2,GWO,110,2.9801606779179184,0.43609292149165063,2.9801606779179184,10.0,False,7.019839322082081
pendcart,2,GWO,111,2.980140952654895,0.43604709656206736,2.980140952654895,10.0,False,7.019859047345105
pendcart,2,GWO,112,2.980094716792383,0.43595643917456933,2.980094716792383,10.0,False,7.019905283207617
pendcart,2,GWO,113,2.9800269235356875,0.43583090118865503,2.9800269235356875,10.0,False,7.0199730764643125
pendcart,2,GWO,114,2.9799430425627937,0.43568095185835015,2.9799430425627937,10.0,False,7.020056957437206
pendcart,2,GWO,115,2.979848469696733,0.4355166330541728,2.979848469696733,10.0,False,7.020151530303266
pendcart,2,GWO,116,2.979749008411173,0.4353482221358311,2.979749008411173,10.0,False,7.020250991588827
pendcart,2,GWO,117,2.9796496025885086,0.4351843120343903,2.9796496025885086,10.0,False,7.020350397411491
pendcart,2,GWO,118,2.979554701189286,0.43503236859306177,2.979554701189286,10.0,False,7.0204452988107136
pendcart,2,GWO,119,2.9794682210038617,0.4348986801786087,2.9794682210038617,10.0,False,7.020531778996139
pendcart,2,GWO,120,2.97939320107099,0.434787866941639,2.97939320107099,10.0,False,7.02060679892901
pendcart,2,GWO,121,2.979331948547693,0.4347031391729465,2.979331948547693,10.0,False,7.020668051452307
pendcart,2,GWO,122,2.9792856865427764,0.4346458253684487,2.9792856865427764,10.0,False,7.020714313457224
pendcart,2,GWO,123,2.979255337132305,0.4346165886836169,2.979255337132305,10.0,False,7.0207446628676955
pendcart,2,GWO,124,2.97924019519843,0.43461351575107826,2.97924019519843,10.0,False,7.020759804801569
pendcart,2,GWO,125,2.979240125322281,0.43463544682418515,2.979240125322281,10.0,False,7.020759874677719
pendcart,2,GWO,126,2.9792530959286596,0.4346783487242701,2.9792530959286596,10.0,False,7.02074690407134
pendcart,2,GWO,127,2.979277552761662,0.4347389302856794,2.979277552761662,10.0,False,7.020722447238338
pendcart,2,GWO,128,2.9793111834579813,0.43481282230991863,2.9793111834579813,10.0,False,7.020688816542019
pendcart,2,GWO,129,2.9793515344933863,0.4348955515606158,2.9793515344933863,10.0,False,7.020648465506614
pendcart,2,GWO,130,2.979396853648114,0.4349837992511561,2.979396853648114,10.0,False,7.0206031463518865
pendcart,2,GWO,131,2.979444455231263,0.43507298489810725,2.979444455231263,10.0,False,7.020555544768737
pendcart,2,GWO,132,2.9794922970645454,0.43515965295824316,2.9794922970645454,10.0,False,7.020507702935454
pendcart,2,GWO,133,2.979538420408015,0.4352406247464204,2.979538420408015,10.0,False,7.020461579591985
pendcart,2,GWO,134,2.979581248316895,0.4353134415906294,2.979581248316895,10.0,False,7.0204187516831045
pendcart,2,GWO,135,2.9796194242068927,0.43537611282661987,2.9796194242068927,10.0,False,7.020380575793107
pendcart,2,GWO,136,2.979651970856566,0.43542734015532053,2.979651970856566,10.0,False,7.020348029143435
pendcart,2,GWO,137,2.979678306129036,0.4354665185001258,2.979678306129036,10.0,False,7.020321693870963
pendcart,2,GWO,138,2.9796981600800834,0.4354935892225354,2.9796981600800834,10.0,False,7.020301839919917
pendcart,2,GWO,139,2.9797114724573768,0.4355088681614108,2.9797114724573768,10.0,False,7.020288527542624
pendcart,2,GWO,140,2.9797185622672613,0.4355132755795021,2.9797185622672613,10.0,False,7.020281437732739
pendcart,2,GWO,141,2.979720014063296,0.4355081386575111,2.979720014063296,10.0,False,7.020279985936704
pendcart,2,GWO,142,2.9797165050763783,0.4354949146045802,2.9797165050763783,10.0,False,7.020283494923621
pendcart,2,GWO,143,2.9797087129134514,0.43547504257534414,2.9797087129134514,10.0,False,7.020291287086549
pendcart,2,GWO,144,2.979697836377613,0.4354506959495809,2.979697836377613,10.0,False,7.020302163622387
pendcart,2,GWO,145,2.9796848059626675,0.4354235853940424,2.9796848059626675,10.0,False,7.020315194037332
pendcart,2,GWO,146,2.97967050112813,0.43539528828970514,2.97967050112813,10.0,False,7.02032949887187
pendcart,2,GWO,147,2.9796557074096195,0.43536718272429403,2.9796557074096195,10.0,False,7.02034429259038
pendcart,2,GWO,148,2.9796412924216256,0.4353407045580326,2.9796412924216256,10.0,False,7.020358707578374
pendcart,2,GWO,149,2.979627915724439,0.435316912746963,2.979627915724439,10.0,False,7.020372084275561
pendcart,2,GWO,150,2.9796161460826696,0.43529667121504617,2.9796161460826696,10.0,False,7.02038385391733
pendcart,2,PSO,0,1.681876641292155,-1.0,1.681876641292155,10.0,False,8.318123358707846
pendcart,2,PSO,1,1.700554732867912,-0.9935020384517177,1.700554732867912,10.0,False,8.299445267132088
pendcart,2,PSO,2,1.7333532501702775,-0.9812141890981796,1.7333532501702775,10.0,False,8.266646749829722
pendcart,2,PSO,3,1.780731779996683,-0.9624317120437215,1.780731779996683,10.0,False,8.219268220003316
pendcart,2,PSO,4,1.840160472134906,-0.9369270236297884,1.840160472134906,10.0,False,8.159839527865094
pendcart,2,PSO,5,1.912605258939496,-0.9044186195359588,1.912605258939496,10.0,False,8.087394741060503
pendcart,2,PSO,6,1.9993988794593098,-0.8646497835518492,1.9993988794593098,10.0,False,8.00060112054069
pendcart,2,PSO,7,2.0951543149509995,-0.8180976847158137,2.0951543149509995,10.0,False,7.9048456850490005
pendcart,2,PSO,8,2.199734048711967,-0.7653635797343973,2.199734048711967,10.0,False,7.800265951288033
pendcart,2,PSO,9,2.310902219620134,-0.7072604529338333,2.310902219620134,10.0,False,7.689097780379866
pendcart,2,PSO,10,2.4223145226174783,-0.6447693463870126,2.4223145226174783,10.0,False,7.577685477382522
pendcart,2,PSO,11,2.530789124053131,-0.5789967904929284,2.530789124053131,10.0,False,7.469210875946869
pendcart,2,PSO,12,2.6337582021769688,-0.5110896659999611,2.6337582021769688,10.0,False,7.366241797823031
pendcart,2,PSO,13,2.728788116499418,-0.4422244988288854,2.728788116499418,10.0,False,7.271211883500582
pendcart,2,PSO,14,2.8136637636159283,-0.37357616478476474,2.8136637636159283,10.0,False,7.186336236384072
pendcart,2,PSO,15,2.8879366501217514,-0.3061419911146941,2.8879366501217514,10.0,False,7.112063349878248
pendcart,2,PSO,16,2.950395725747008,-0.24088477740477426,2.950395725747008,10.0,False,7.049604274252992
pendcart,2,PSO,17,3.0008561675992773,-0.17860590427222445,3.0008561675992773,10.0,False,6.999143832400723
pendcart,2,PSO,18,3.039076268131044,-0.11999838790335976,3.039076268131044,10.0,False,6.960923731868956
pendcart,2,PSO,19,3.065839066322537,-0.06555520087515274,3.065839066322537,10.0,False,6.934160933677463
pendcart,2,PSO,20,3.082036878407995,-0.015613857997252525,3.082036878407995,10.0,False,6.917963121592005
pendcart,2,PSO,21,3.0888514057014933,0.029649264863232903,3.0888514057014933,10.0,False,6.911148594298506
pendcart,2,PSO,22,3.0875697751257825,0.07019872344922105,3.0875697751257825,10.0,False,6.9124302248742175
pendcart,2,PSO,23,3.0797662676883673,0.10614476882307428,3.0797662676883673,10.0,False,6.920233732311633
pendcart,2,PSO,24,3.0670662099505,0.1377180576680324,3.0670662099505,10.0,False,6.9329337900495
pendcart,2,PSO,25,3.0509030227208678,0.16523047067097682,3.0509030227208678,10.0,False,6.949096977279132
pendcart,2,PSO,26,3.032815946499092,0.1890771524865168,3.032815946499092,10.0,False,6.967184053500908
pendcart,2,PSO,27,3.014111167378762,0.20969579238219666,3.014111167378762,10.0,False,6.985888832621238
pendcart,2,PSO,28,2.9960197554302828,0.22755716733259976,2.9960197554302828,10.0,False,7.003980244569718
pendcart,2,PSO,29,2.9795039045234724,0.24313325281274137,2.9795039045234724,10.0,False,7.020496095476528
pendcart,2,PSO,30,2.965083289331742,0.25685850896970763,2.965083289331742,10.0,False,7.0349167106682575
pendcart,2,PSO,31,2.955710231271607,0.26916721982744685,2.955710231271607,10.0,False,7.044289768728393
pendcart,2,PSO,32,2.949245284300347,0.28045296390019075,2.949245284300347,10.0,False,7.050754715699653
pendcart,2,PSO,33,2.9453756917887883,0.29101345922004374,2.9453756917887883,10.0,False,7.054624308211212
pendcart,2,PSO,34,2.9447751618907123,0.3011798775983172,2.9447751618907123,10.0,False,7.055224838109288
pendcart,2,PSO,35,2.9467871975310698,0.31114077899294323,2.9467871975310698,10.0,False,7.053212802468931
pendcart,2,PSO,36,2.9511164367096834,0.32104312689160147,2.9511164367096834,10.0,False,7.048883563290317
pendcart,2,PSO,37,2.9573717299354088,0.33097543029426635,2.9573717299354088,10.0,False,7.042628270064592
pendcart,2,PSO,38,2.965209797609222,0.34098444179562454,2.965209797609222,10.0,False,7.034790202390778
pendcart,2,PSO,39,2.9739605656170816,0.3510455491277181,2.9739605656170816,10.0,False,7.026039434382918
pendcart,2,PSO,40,2.9832471184880376,0.36111526784636877,2.9832471184880376,10.0,False,7.016752881511962
pendcart,2,PSO,41,2.9927927501710214,0.37113614198578926,2.9927927501710214,10.0,False,7.007207249828978
pendcart,2,PSO,42,3.001717154684932,0.3809730198380176,3.001717154684932,10.0,False,6.998282845315067
pendcart,2,PSO,43,3.009950044144562,0.39053036544281106,3.009950044144562,10.0,False,6.990049955855438
pendcart,2,PSO,44,3.0169730604587164,0.3996739916416393,3.0169730604587164,10.0,False,6.983026939541284
pendcart,2,PSO,45,3.022688443761571,0.40829694347848244,3.022688443761571,10.0,False,6.977311556238429
pendcart,2,PSO,46,3.027625797243328,0.41636988294576893,3.027625797243328,10.0,False,6.972374202756672
pendcart,2,PSO,47,3.030770646674063,0.4237480863892518,3.030770646674063,10.0,False,6.969229353325937
pendcart,2,PSO,48,3.0324427413717903,0.43037949535568343,3.0324427413717903,10.0,False,6.96755725862821
pendcart,2,PSO,49,3.032687766823045,0.436219156520076,3.032687766823045,10.0,False,6.967312233176955
pendcart,2,PSO,50,3.0316720044256114,0.44125069805442946,3.0316720044256114,10.0,False,6.968327995574389
pendcart,2,PSO,51,3.029378083572468,0.4454590597879724,3.029378083572468,10.0,False,6.9706219164275325
pendcart,2,PSO,52,3.0264432019983247,0.4489055635120696,3.0264432019983247,10.0,False,6.973556798001676
pendcart,2,PSO,53,3.022420434839652,0.4515810066104753,3.022420434839652,10.0,False,6.977579565160347
pendcart,2,PSO,54,3.017574312389256,0.45352525561956203,3.017574312389256,10.0,False,6.9824256876107444
pendcart,2,PSO,55,3.0127254175098273,0.4548550564192891,3.0127254175098273,10.0,False,6.987274582490173
pendcart,2,PSO,56,3.007777928695427,0.45563836112681194,3.007777928695427,10.0,False,6.992222071304573
pendcart,2,PSO,57,3.0029128630052577,0.4559599097630984,3.0029128630052577,10.0,False,6.997087136994742
pendcart,2,PSO,58,2.998289086837377,0.4559063961420584,2.998289086837377,10.0,False,7.001710913162623
pendcart,2,PSO,59,2.993731279745427,0.44978575972631457,2.993731279745427,10.0,False,7.006268720254573
pendcart,2,PSO,60,2.9899736727683655,0.4434580663626116,2.9899736727683655,10.0,False,7.0100263272316345
pendcart,2,PSO,61,2.9864314122808846,0.43777538744333006,2.9864314122808846,10.0,False,7.013568587719115
pendcart,2,PSO,62,2.9843610913618313,0.4345642368420542,2.9843610913618313,10.0,False,7.015638908638168
pendcart,2,PSO,63,2.982248718381855,0.4315147714610013,2.982248718381855,10.0,False,7.017751281618144
pendcart,2,PSO,64,2.980767752835575,0.4296146547451512,2.980767752835575,10.0,False,7.019232247164425
pendcart,2,PSO,65,2.979624279475978,0.4283866275787041,2.979624279475978,10.0,False,7.020375720524022
pendcart,2,PSO,66,2.9792731705353144,0.4284635605462815,2.9792731705353144,10.0,False,7.020726829464685
pendcart,2,PSO,67,2.9793470543095877,0.42924304472088287,2.9793470543095877,10.0,False,7.020652945690412
pendcart,2,PSO,68,2.9797679413360365,0.43056971311866093,2.9797679413360365,10.0,False,7.0202320586639635
pendcart,2,PSO,69,2.9803885650850064,0.4321911770563423,2.9803885650850064,10.0,False,7.019611434914994
pendcart,2,PSO,70,2.98140231324186,0.43436180318386947,2.98140231324186,10.0,False,7.01859768675814
pendcart,2,PSO,71,2.9824143466630924,0.4364637574796025,2.9824143466630924,10.0,False,7.017585653336908
pendcart,2,PSO,72,2.983416145877998,0.4384719635445719,2.983416145877998,10.0,False,7.016583854122002
pendcart,2,PSO,73,2.9841076221442595,0.4399370796041839,2.9841076221442595,10.0,False,7.0158923778557405
pendcart,2,PSO,74,2.9850459388022004,0.44168305145411474,2.9850459388022004,10.0,False,7.0149540611978
pendcart,2,PSO,75,2.985753295088184,0.44298521549201236,2.985753295088184,10.0,False,7.014246704911816
pendcart,2,PSO,76,2.986337021108006,0.4440094801214581,2.986337021108006,10.0,False,7.013662978891994
pendcart,2,PSO,77,2.987000170887747,0.4450557803947148,2.987000170887747,10.0,False,7.012999829112253
pendcart,2,PSO,78,2.98724813565857,0.4453941134487724,2.98724813565857,10.0,False,7.01275186434143
pendcart,2,PSO,79,2.9874525866723993,0.4455964457542329,2.9874525866723993,10.0,False,7.012547413327601
pendcart,2,PSO,80,2.9870952986913473,0.444911222518147,2.9870952986913473,10.0,False,7.012904701308653
pendcart,2,PSO,81,2.986586632456481,0.44398043283800187,2.986586632456481,10.0,False,7.013413367543519
pendcart,2,PSO,82,2.985902408230644,0.4427830617006682,2.985902408230644,10.0,False,7.014097591769357
pendcart,2,PSO,83,2.9850251293506074,0.4413104451040492,2.9850251293506074,10.0,False,7.014974870649393
pendcart,2,PSO,84,2.983945042722542,0.43956678981837954,2.983945042722542,10.0,False,7.016054957277458
pendcart,2,PSO,85,2.983160702652328,0.43829866438517023,2.983160702652328,10.0,False,7.016839297347672
pendcart,2,PSO,86,2.9823366872597803,0.4370002176063648,2.9823366872597803,10.0,False,7.01766331274022
pendcart,2,PSO,87,2.981597734530673,0.4358616634414337,2.981597734530673,10.0,False,7.0184022654693266
pendcart,2,PSO,88,2.9807295116486405,0.43456920056277487,2.9807295116486405,10.0,False,7.01927048835136
pendcart,2,PSO,89,2.9801916211906985,0.4338072719480202,2.9801916211906985,10.0,False,7.0198083788093015
pendcart,2,PSO,90,2.9795823448689442,0.43296996640798385,2.9795823448689442,10.0,False,7.020417655131055
pendcart,2,PSO,91,2.978916321446735,0.4320873502774624,2.978916321446735,10.0,False,7.021083678553265
pendcart,2,PSO,92,2.9789309291577784,0.43224196080512517,2.9789309291577784,10.0,False,7.021069070842222
pendcart,2,PSO,93,2.978460390524517,0.43168616993120784,2.978460390524517,10.0,False,7.021539609475483
pendcart,2,PSO,94,2.978309129223463,0.4316305984808903,2.978309129223463,10.0,False,7.021690870776537
pendcart,2,PSO,95,2.9781982327686944,0.4316458616983441,2.9781982327686944,10.0,False,7.021801767231306
pendcart,2,PSO,96,2.9781395564843183,0.4317466591937534,2.9781395564843183,10.0,False,7.021860443515681
pendcart,2,PSO,97,2.978210646108254,0.4320420697952468,2.978210646108254,10.0,False,7.021789353891746
pendcart,2,PSO,98,2.978356961011542,0.4324425180540758,2.978356961011542,10.0,False,7.021643038988458
pendcart,2,PSO,99,2.9785005051851194,0.4328279811464642,2.9785005051851194,10.0,False,7.021499494814881
pendcart,2,PSO,100,2.9787208343568006,0.4333137361034574,2.9787208343568006,10.0,False,7.021279165643199
pendcart,2,PSO,101,2.979018389250197,0.4338938360608083,2.979018389250197,10.0,False,7.0209816107498035
pendcart,2,PSO,102,2.979173188323476,0.43424084787436185,2.979173188323476,10.0,False,7.020826811676524
pendcart,2,PSO,103,2.979384281182963,0.43465456317047674,2.979384281182963,10.0,False,7.020615718817037
pendcart,2,PSO,104,2.9794517071099333,0.4348381318363,2.9794517071099333,10.0,False,7.020548292890067
pendcart,2,PSO,105,2.979554035622315,0.43506146008333496,2.979554035622315,10.0,False,7.020445964377685
pendcart,2,PSO,106,2.9796872830919607,0.4353152476304944,2.9796872830919607,10.0,False,7.020312716908039
pendcart,2,PSO,107,2.9798459690112167,0.43558871252647485,2.9798459690112167,10.0,False,7.020154030988783
pendcart,2,PSO,108,2.979927905234282,0.4357307875836655,2.979927905234282,10.0,False,7.020072094765718
pendcart,2,PSO,109,2.9800154532450085,0.4358673364012969,2.9800154532450085,10.0,False,7.0199845467549915
pendcart,2,PSO,110,2.9801026538171294,0.4359896555953802,2.9801026538171294,10.0,False,7.019897346182871
pendcart,2,PSO,111,2.9799564573706983,0.4357583821046264,2.9799564573706983,10.0,False,7.020043542629302
pendcart,2,PSO,112,2.9800120355899713,0.4358258820622201,2.9800120355899713,10.0,False,7.019987964410029
pendcart,2,PSO,113,2.980055445557137,0.43586617425121227,2.980055445557137,10.0,False,7.019944554442863
pendcart,2,PSO,114,2.979927143849931,0.43564855430982913,2.979927143849931,10.0,False,7.020072856150069
pendcart,2,PSO,115,2.9797705331292192,0.4353956312697563,2.9797705331292192,10.0,False,7.020229466870781
pendcart,2,PSO,116,2.9797424849189014,0.43533902899152316,2.9797424849189014,10.0,False,7.020257515081099
pendcart,2,PSO,117,2.979699070622528,0.4352603072956927,2.979699070622528,10.0,False,7.020300929377472
pendcart,2,PSO,118,2.9796407173194517,0.43516219161993,2.9796407173194517,10.0,False,7.020359282680548
pendcart,2,PSO,119,2.9795687591488766,0.4350485635798084,2.9795687591488766,10.0,False,7.020431240851123
pendcart,2,PSO,120,2.979485355773698,0.4349242298421097,2.979485355773698,10.0,False,7.020514644226302
pendcart,2,PSO,121,2.9793933628971097,0.43479463773104526,2.9793933628971097,10.0,False,7.02060663710289
pendcart,2,PSO,122,2.979378653089349,0.4347859548738264,2.979378653089349,10.0,False,7.0206213469106515
pendcart,2,PSO,123,2.9793673866714867,0.43478505227628944,2.9793673866714867,10.0,False,7.020632613328513
pendcart,2,PSO,124,2.9793617893894124,0.4347950867401669,2.9793617893894124,10.0,False,7.020638210610588
pendcart,2,PSO,125,2.9793640082248523,0.4348187998089161,2.9793640082248523,10.0,False,7.020635991775148
pendcart,2,PSO,126,2.9793759819312626,0.4348583551082508,2.9793759819312626,10.0,False,7.020624018068737
pendcart,2,PSO,127,2.979399324234332,0.43491521005148953,2.979399324234332,10.0,False,7.020600675765667
pendcart,2,PSO,128,2.9794352264774298,0.4349900292898741,2.9794352264774298,10.0,False,7.020564773522571
pendcart,2,PSO,129,2.9794843853339015,0.4350826448247838,2.9794843853339015,10.0,False,7.020515614666099
pendcart,2,PSO,130,2.9795469597251203,0.435192064956523,2.9795469597251203,10.0,False,7.02045304027488
pendcart,2,PSO,131,2.9796225593632735,0.4353165313841216,2.9796225593632735,10.0,False,7.020377440636727
pendcart,2,PSO,132,2.979627774947794,0.43533322044348705,2.979627774947794,10.0,False,7.020372225052206
pendcart,2,PSO,133,2.979638758998623,0.4353580618683703,2.979638758998623,10.0,False,7.0203612410013765
pendcart,2,PSO,134,2.979655309248754,0.43538999066285505,2.979655309248754,10.0,False,7.020344690751246
pendcart,2,PSO,135,2.979676891337389,0.43542752447699445,2.979676891337389,10.0,False,7.020323108662611
pendcart,2,PSO,136,2.979702671252789,0.4354688517012603,2.979702671252789,10.0,False,7.020297328747211
pendcart,2,PSO,137,2.979731565171106,0.43551193850262365,2.979731565171106,10.0,False,7.020268434828894
pendcart,2,PSO,138,2.9797623037224765,0.4355546484869189,2.9797623037224765,10.0,False,7.0202376962775235
pendcart,2,PSO,139,2.9797935068815455,0.4355948679543314,2.9797935068815455,10.0,False,7.0202064931184545
pendcart,2,PSO,140,2.9798237650725854,0.43563062941264347,2.9798237650725854,10.0,False,7.020176234927415
pendcart,2,PSO,141,2.979851721730411,0.43566022613800587,2.979851721730411,10.0,False,7.020148278269589
pendcart,2,PSO,142,2.979876152488936,0.4356823111205403,2.979876152488936,10.0,False,7.020123847511064
pendcart,2,PSO,143,2.979896036382588,0.435695974666018,2.979896036382588,10.0,False,7.020103963617412
pendcart,2,PSO,144,2.979910614927342,0.4357007961908043,2.979910614927342,10.0,False,7.020089385072658
pendcart,2,PSO,145,2.9798348716440897,0.4355734403523542,2.9798348716440897,10.0,False,7.02016512835591
pendcart,2,PSO,146,2.979766697371481,0.4354633923541295,2.979766697371481,10.0,False,7.020233302628519
pendcart,2,PSO,147,2.979756584402863,0.4354437336075864,2.979756584402863,10.0,False,7.020243415597137
pendcart,2,PSO,148,2.9797442169853037,0.43542228063121696,2.9797442169853037,10.0,False,7.020255783014696
pendcart,2,PSO,149,2.9797302706519253,0.435400243589435,2.9797302706519253,10.0,False,7.020269729348074
pendcart,2,PSO,150,2.9797155118393728,0.43537886357119043,2.9797155118393728,10.0,False,7.020284488160627
pendcart,2,WOA,0,1.681876641292155,-1.0,1.681876641292155,10.0,False,8.318123358707846
pendcart,2,WOA,1,1.7005545313698167,-0.9935020599730795,1.7005545313698167,10.0,False,8.299445468630184
pendcart,2,WOA,2,1.7333597753497025,-0.9812135047683126,1.7333597753497025,10.0,False,8.266640224650297
pendcart,2,WOA,3,1.7807373935137127,-0.9624307219844768,1.7807373935137127,10.0,False,8.219262606486287
pendcart,2,WOA,4,1.8401662878106226,-0.9369256954121131,1.8401662878106226,10.0,False,8.159833712189377
pendcart,2,WOA,5,1.9126111774838614,-0.9044169710094042,1.9126111774838614,10.0,False,8.08738882251614
pendcart,2,WOA,6,1.9994041771148925,-0.8646479015850174,1.9994041771148925,10.0,False,8.000595822885108
pendcart,2,WOA,7,2.095160789957837,-0.8180954285301906,2.095160789957837,10.0,False,7.904839210042163
pendcart,2,WOA,8,2.199741965403483,-0.7653608892611725,2.199741965403483,10.0,False,7.800258034596517
pendcart,2,WOA,9,2.3109099533123336,-0.7072574026236255,2.3109099533123336,10.0,False,7.689090046687666
pendcart,2,WOA,10,2.422325889298307,-0.6447655810022992,2.422325889298307,10.0,False,7.577674110701693
pendcart,2,WOA,11,2.5308912552577008,-0.5789834956658045,2.5308912552577008,10.0,False,7.469108744742299
pendcart,2,WOA,12,2.633843726838075,-0.5110722308537027,2.633843726838075,10.0,False,7.366156273161925
pendcart,2,WOA,13,2.7288582540896815,-0.4422041309760608,2.7288582540896815,10.0,False,7.2711417459103185
pendcart,2,WOA,14,2.814114268082117,-0.37351483951968534,2.814114268082117,10.0,False,7.1858857319178835
pendcart,2,WOA,15,2.8883114213411774,-0.3060629294841579,2.8883114213411774,10.0,False,7.111688578658823
pendcart,2,WOA,16,2.950665244128451,-0.24079682537766292,2.950665244128451,10.0,False,7.0493347558715485
pendcart,2,WOA,17,3.0008762982628867,-0.17853031800154073,3.0008762982628867,10.0,False,6.999123701737114
pendcart,2,WOA,18,3.039095274638617,-0.11992532404887685,3.039095274638617,10.0,False,6.960904725361383
pendcart,2,WOA,19,3.0658634900490362,-0.06548332570487958,3.0658634900490362,10.0,False,6.934136509950964
pendcart,2,WOA,20,3.0820684215821794,-0.015542104124193441,3.0820684215821794,10.0,False,6.917931578417821
pendcart,2,WOA,21,3.088869182804224,0.029719634455437488,3.088869182804224,10.0,False,6.911130817195776
pendcart,2,WOA,22,3.0876400001201607,0.07027365482634854,3.0876400001201607,10.0,False,6.91235999987984
pendcart,2,WOA,23,3.0798813289341895,0.10622663669070781,3.0798813289341895,10.0,False,6.9201186710658105
pendcart,2,WOA,24,3.067156243681308,0.1378022877441501,3.067156243681308,10.0,False,6.932843756318692
pendcart,2,WOA,25,3.051017077938929,0.16531994077356252,3.051017077938929,10.0,False,6.948982922061071
pendcart,2,WOA,26,3.0329381186434636,0.189171214036851,3.0329381186434636,10.0,False,6.967061881356536
pendcart,2,WOA,27,3.014260486450811,0.2097961916916199,3.014260486450811,10.0,False,6.9857395135491895
pendcart,2,WOA,28,2.9961600219832856,0.22766125198262271,2.9961600219832856,10.0,False,7.003839978016714
pendcart,2,WOA,29,2.9796072064109347,0.2432370063361814,2.9796072064109347,10.0,False,7.020392793589066
pendcart,2,WOA,30,2.9653572175210803,0.25697966547535356,2.9653572175210803,10.0,False,7.03464278247892
pendcart,2,WOA,31,2.956127772798195,0.2693150042372869,2.956127772798195,10.0,False,7.043872227201804
pendcart,2,WOA,32,2.9497225887625045,0.2806255022834144,2.9497225887625045,10.0,False,7.050277411237495
pendcart,2,WOA,33,2.9461763222478834,0.29124082654832445,2.9461763222478834,10.0,False,7.053823677752117
pendcart,2,WOA,34,2.9454486325436178,0.30143236724267203,2.9454486325436178,10.0,False,7.054551367456382
pendcart,2,WOA,35,2.947354620371713,0.3114101036510718,2.947354620371713,10.0,False,7.052645379628287
pendcart,2,WOA,36,2.9515937473212204,0.3213229589208297,2.9515937473212204,10.0,False,7.048406252678779
pendcart,2,WOA,37,2.957778353205958,0.3312616863675602,2.957778353205958,10.0,False,7.042221646794042
pendcart,2,WOA,38,2.9654625873823277,0.341263939879205,2.9654625873823277,10.0,False,7.034537412617672
pendcart,2,WOA,39,2.9741699201606577,0.35132099090894847,2.9741699201606577,10.0,False,7.025830079839342
pendcart,2,WOA,40,2.9834189750210443,0.36138565161481495,2.9834189750210443,10.0,False,7.016581024978956
pendcart,2,WOA,41,2.992748825584688,0.37138115112068687,2.992748825584688,10.0,False,7.0072511744153125
pendcart,2,WOA,42,3.001736909117088,0.38120998649060994,3.001736909117088,10.0,False,6.9982630908829115
pendcart,2,WOA,43,3.0100150380732247,0.3907627114278105,3.0100150380732247,10.0,False,6.989984961926775
pendcart,2,WOA,44,3.017280548860376,0.3999261431920309,3.017280548860376,10.0,False,6.982719451139624
pendcart,2,WOA,45,3.023304550749882,0.40859085643325355,3.023304550749882,10.0,False,6.976695449250117
pendcart,2,WOA,46,3.0279317637521186,0.41665721314796983,3.0279317637521186,10.0,False,6.972068236247882
pendcart,2,WOA,47,3.0310846530843616,0.424040819102546,3.0310846530843616,10.0,False,6.968915346915638
pendcart,2,WOA,48,3.0327530979416473,0.43067578585940536,3.0327530979416473,10.0,False,6.967246902058353
pendcart,2,WOA,49,3.0329914128041975,0.43651733567911494,3.0329914128041975,10.0,False,6.967008587195803
pendcart,2,WOA,50,3.0319115349763512,0.44154318951504035,3.0319115349763512,10.0,False,6.968088465023649
pendcart,2,WOA,51,3.0296661204321698,0.44575297479656245,3.0296661204321698,10.0,False,6.97033387956783
pendcart,2,WOA,52,3.026437942912435,0.44916693293573345,3.026437942912435,10.0,False,6.973562057087565
pendcart,2,WOA,53,3.0224393943571743,0.4518249096661059,3.0224393943571743,10.0,False,6.977560605642825
pendcart,2,WOA,54,3.017886696307853,0.4537826209402059,3.017886696307853,10.0,False,6.982113303692147
pendcart,2,WOA,55,3.013001024338924,0.4551092779413761,3.013001024338924,10.0,False,6.986998975661076
pendcart,2,WOA,56,3.007991802979651,0.4558836468779093,3.007991802979651,10.0,False,6.992008197020349
pendcart,2,WOA,57,3.003048375967371,0.4561902670874536,3.003048375967371,10.0,False,6.996951624032629
pendcart,2,WOA,58,2.9983396836637484,0.45611640643597595,2.9983396836637484,10.0,False,7.001660316336252
pendcart,2,WOA,59,2.9940047819589375,0.450097227525955,2.9940047819589375,10.0,False,7.005995218041063
pendcart,2,WOA,60,2.990152374484717,0.44361747976091576,2.990152374484717,10.0,False,7.009847625515283
pendcart,2,WOA,61,2.986858413408554,0.4382904345588708,2.986858413408554,10.0,False,7.013141586591447
pendcart,2,WOA,62,2.9841677189702436,0.4341502140368417,2.9841677189702436,10.0,False,7.015832281029756
pendcart,2,WOA,63,2.9820943425748787,0.43117879290739464,2.9820943425748787,10.0,False,7.017905657425121
pendcart,2,WOA,64,2.9806252163476468,0.42931359616412607,2.9806252163476468,10.0,False,7.019374783652353
pendcart,2,WOA,65,2.979723513013064,0.42845460432057153,2.979723513013064,10.0,False,7.020276486986936
pendcart,2,WOA,66,2.9793331372843794,0.4284730264542416,2.9793331372843794,10.0,False,7.02066686271562
pendcart,2,WOA,67,2.9793839536935782,0.4292208450640717,2.9793839536935782,10.0,False,7.020616046306422
pendcart,2,WOA,68,2.97979431528941,0.43053612841533956,2.97979431528941,10.0,False,7.020205684710589
pendcart,2,WOA,69,2.9804788152944957,0.4322558241400017,2.9804788152944957,10.0,False,7.019521184705504
pendcart,2,WOA,70,2.981350810355783,0.4342203731437963,2.981350810355783,10.0,False,7.018649189644217
pendcart,2,WOA,71,2.982326087943601,0.4362797895946751,2.982326087943601,10.0,False,7.017673912056399
pendcart,2,WOA,72,2.983327294811895,0.438300535166889,2.983327294811895,10.0,False,7.016672705188105
pendcart,2,WOA,73,2.9842860405681377,0.44016860961126475,2.9842860405681377,10.0,False,7.015713959431862
pendcart,2,WOA,74,2.985144779558499,0.44179207924764213,2.985144779558499,10.0,False,7.0148552204415004
pendcart,2,WOA,75,2.9858580440802407,0.4431024250961762,2.9858580440802407,10.0,False,7.01414195591976
pendcart,2,WOA,76,2.986393233855429,0.44405505171367304,2.986393233855429,10.0,False,7.013606766144571
pendcart,2,WOA,77,2.98673056068252,0.44462840441013846,2.98673056068252,10.0,False,7.0132694393174795
pendcart,2,WOA,78,2.986862167962685,0.44482178990298366,2.986862167962685,10.0,False,7.013137832037315
pendcart,2,WOA,79,2.9867913593480693,0.44465333154940173,2.9867913593480693,10.0,False,7.01320864065193
pendcart,2,WOA,80,2.986531128238423,0.44415688380904,2.986531128238423,10.0,False,7.013468871761577
pendcart,2,WOA,81,2.986101797415053,0.44337769224177065,2.986101797415053,10.0,False,7.013898202584947
pendcart,2,WOA,82,2.9855305749359626,0.4423709720162556,2.9855305749359626,10.0,False,7.014469425064037
pendcart,2,WOA,83,2.9848483018020295,0.4411963897218956,2.9848483018020295,10.0,False,7.01515169819797
pendcart,2,WOA,84,2.9840880594300665,0.4399154777700534,2.9840880594300665,10.0,False,7.015911940569934
pendcart,2,WOA,85,2.9832832410096253,0.43858836402910323,2.9832832410096253,10.0,False,7.016716758990375
pendcart,2,WOA,86,2.9824667768233857,0.43727233500480095,2.9824667768233857,10.0,False,7.017533223176614
pendcart,2,WOA,87,2.981668442534683,0.43601768014612835,2.981668442534683,10.0,False,7.0183315574653165
pendcart,2,WOA,88,2.980914692059462,0.43486744448339837,2.980914692059462,10.0,False,7.0190853079405375
pendcart,2,WOA,89,2.980227751800624,0.43385615182779863,2.980227751800624,10.0,False,7.019772248199375
pendcart,2,WOA,90,2.9796250899392125,0.433009182477403,2.9796250899392125,10.0,False,7.020374910060788
pendcart,2,WOA,91,2.9791187871767457,0.4323420890200585,2.9791187871767457,10.0,False,7.020881212823254
pendcart,2,WOA,92,2.9787156283589167,0.43186105209132447,2.9787156283589167,10.0,False,7.021284371641084
pendcart,2,WOA,93,2.9784180156333937,0.4315645685752582,2.9784180156333937,10.0,False,7.021581984366606
pendcart,2,WOA,94,2.978223576385657,0.43144320737353087,2.978223576385657,10.0,False,7.021776423614343
pendcart,2,WOA,95,2.978125851404883,0.43148100249779536,2.978125851404883,10.0,False,7.021874148595117
pendcart,2,WOA,96,2.9781154670731245,0.43165752882225644,2.9781154670731245,10.0,False,7.021884532926876
pendcart,2,WOA,97,2.978180494527774,0.43194872776103393,2.978180494527774,10.0,False,7.0218195054722266
pendcart,2,WOA,98,2.9783073782123104,0.43232855245411866,2.9783073782123104,10.0,False,7.02169262178769
pendcart,2,WOA,99,2.978481565163369,0.4327701171897253,2.978481565163369,10.0,False,7.021518434836631
pendcart,2,WOA,100,2.9786883400437842,0.43324710363581215,2.9786883400437842,10.0,False,7.021311659956216
pendcart,2,WOA,101,2.978913299399177,0.4337345769695397,2.978913299399177,10.0,False,7.021086700600823
pendcart,2,WOA,102,2.9791434200856566,0.4342106267813535,2.9791434200856566,10.0,False,7.020856579914343
pendcart,2,WOA,103,2.979366689224881,0.43465582069414616,2.979366689224881,10.0,False,7.0206333107751195
pendcart,2,WOA,104,2.9795733480485875,0.4350550251529061,2.9795733480485875,10.0,False,7.0204266519514125
pendcart,2,WOA,105,2.979755213433479,0.4353963153250818,2.979755213433479,10.0,False,7.020244786566521
pendcart,2,WOA,106,2.979906481326073,0.4356720791574213,2.979906481326073,10.0,False,7.020093518673927
pendcart,2,WOA,107,2.9800233741278,0.4358783591586816,2.9800233741278,10.0,False,7.0199766258722
pendcart,2,WOA,108,2.98010423296198,0.43601485257857814,2.98010423296198,10.0,False,7.019895767038021
pendcart,2,WOA,109,2.980149257565305,0.43608437566330666,2.980149257565305,10.0,False,7.019850742434695
pendcart,2,WOA,110,2.980160270872641,0.43609236962523606,2.980160270872641,10.0,False,7.019839729127359
pendcart,2,WOA,111,2.9801404676217067,0.43604638928588274,2.9801404676217067,10.0,False,7.019859532378293
pendcart,2,WOA,112,2.980093978788869,0.4359553325870032,2.980093978788869,10.0,False,7.019906021211131
pendcart,2,WOA,113,2.9800261526731258,0.43582974124357216,2.9800261526731258,10.0,False,7.019973847326874
pendcart,2,WOA,114,2.9799419289229543,0.4356792955235071,2.9799419289229543,10.0,False,7.020058071077045
pendcart,2,WOA,115,2.979847536755829,0.43551527544852714,2.979847536755829,10.0,False,7.020152463244171
pendcart,2,WOA,116,2.9797480923415227,0.43534691747532456,2.9797480923415227,10.0,False,7.020251907658477
pendcart,2,WOA,117,2.9796486877630417,0.4351830425899928,2.9796486877630417,10.0,False,7.020351312236958
pendcart,2,WOA,118,2.9795538629262524,0.4350312498809054,2.9795538629262524,10.0,False,7.020446137073748
pendcart,2,WOA,119,2.9794675329147915,0.43489781909987985,2.9794675329147915,10.0,False,7.020532467085209
pendcart,2,WOA,120,2.9793926110505846,0.43478718104849473,2.9793926110505846,10.0,False,7.020607388949415
pendcart,2,WOA,121,2.9793312236231064,0.4347022851000722,2.9793312236231064,10.0,False,7.020668776376894
pendcart,2,WOA,122,2.9792851523598087,0.4346452903578199,2.9792851523598087,10.0,False,7.020714847640191
pendcart,2,WOA,123,2.9792548477021907,0.434616147113062,2.9792548477021907,10.0,False,7.02074515229781
pendcart,2,WOA,124,2.9792399143237467,0.4346134037556006,2.9792399143237467,10.0,False,7.020760085676253
pendcart,2,WOA,125,2.9792395937819385,0.43463497884721086,2.9792395937819385,10.0,False,7.020760406218061
pendcart,2,WOA,126,2.9792525131664944,0.4346778321627454,2.9792525131664944,10.0,False,7.020747486833505
pendcart,2,WOA,127,2.9792769704615862,0.43473844092608976,2.9792769704615862,10.0,False,7.020723029538414
pendcart,2,WOA,128,2.9793107068307423,0.43481250928029375,2.9793107068307423,10.0,False,7.020689293169258
pendcart,2,WOA,129,2.9793512917998832,0.43489558956591484,2.9793512917998832,10.0,False,7.020648708200117
pendcart,2,WOA,130,2.9793964844957834,0.43498364087871694,2.9793964844957834,10.0,False,7.020603515504217
pendcart,2,WOA,131,2.979444030393751,0.4350727378515194,2.979444030393751,10.0,False,7.020555969606249
pendcart,2,WOA,132,2.9794919208878157,0.4351594685595011,2.9794919208878157,10.0,False,7.020508079112185
pendcart,2,WOA,133,2.979538101672762,0.4352405076146116,2.979538101672762,10.0,False,7.0204618983272375
pendcart,2,WOA,134,2.979580897423314,0.4353132528258186,2.979580897423314,10.0,False,7.020419102576686
pendcart,2,WOA,135,2.9796191861181685,0.43537606302075355,2.9796191861181685,10.0,False,7.0203808138818315
pendcart,2,WOA,136,2.9796517281326516,0.43542724759088364,2.9796517281326516,10.0,False,7.0203482718673484
pendcart,2,WOA,137,2.9796779363615102,0.43546620383131635,2.9796779363615102,10.0,False,7.02032206363849
pendcart,2,WOA,138,2.9796977137411136,0.43549313495488834,2.9796977137411136,10.0,False,7.020302286258886
pendcart,2,WOA,139,2.9797109854341084,0.4355083324882855,2.9797109854341084,10.0,False,7.020289014565892
pendcart,2,WOA,140,2.979718070249293,0.4355127145185041,2.979718070249293,10.0,False,7.020281929750707
pendcart,2,WOA,141,2.979719475372041,0.4355074934902656,2.979719475372041,10.0,False,7.0202805246279585
pendcart,2,WOA,142,2.9797159382798295,0.435494218131726,2.9797159382798295,10.0,False,7.0202840617201705
pendcart,2,WOA,143,2.979708349491564,0.4354746374482355,2.979708349491564,10.0,False,7.020291650508436
pendcart,2,WOA,144,2.9796975265856513,0.4354503527185671,2.9796975265856513,10.0,False,7.020302473414349
pendcart,2,WOA,145,2.9796844617892253,0.4354231763561868,2.9796844617892253,10.0,False,7.020315538210775
pendcart,2,WOA,146,2.9796699687041266,0.4353945962304397,2.9796699687041266,10.0,False,7.020330031295874
pendcart,2,WOA,147,2.9796552130520846,0.43536655589959966,2.9796552130520846,10.0,False,7.020344786947915
pendcart,2,WOA,148,2.979640828342478,0.43534013285807177,2.979640828342478,10.0,False,7.020359171657522
pendcart,2,WOA,149,2.979627522113024,0.4353164564050191,2.979627522113024,10.0,False,7.020372477886976
pendcart,2,WOA,150,2.979615795985717,0.43529628931196246,2.979615795985717,10.0,False,7.020384204014283
pendcart,3,deterministic,0,1.7829459755346273,-1.1613750380524777,1.7829459755346273,10.0,False,8.217054024465373
pendcart,3,deterministic,1,1.801623877280298,-1.1497877598031891,1.801623877280298,10.0,False,8.198376122719703
pendcart,3,deterministic,2,1.8344310270661939,-1.1117622451520983,1.8344310270661939,10.0,False,8.165568972933807
pendcart,3,deterministic,3,1.8818081767933281,-1.0473771826983953,1.8818081767933281,10.0,False,8.118191823206672
pendcart,3,deterministic,4,1.9412371167473401,-0.9612536526292902,1.9412371167473401,10.0,False,8.05876288325266
pendcart,3,deterministic,5,2.013682026899393,-0.9044165315326568,2.013682026899393,10.0,False,7.986317973100607
pendcart,3,deterministic,6,2.1033090507540697,-0.8646474040913553,2.1033090507540697,10.0,False,7.89669094924593
pendcart,3,deterministic,7,2.2042020492587677,-0.8180951058405409,2.2042020492587677,10.0,False,7.795797950741232
pendcart,3,deterministic,8,2.3118552846601528,-0.7653608428674539,2.3118552846601528,10.0,False,7.688144715339847
pendcart,3,deterministic,9,2.423023683404374,-0.7072575007999465,2.423023683404374,10.0,False,7.576976316595626
pendcart,3,deterministic,10,2.534438801536844,-0.6447659072924734,2.534438801536844,10.0,False,7.465561198463156
pendcart,3,deterministic,11,2.6430051104652947,-0.5789839142823661,2.6430051104652947,10.0,False,7.356994889534706
pendcart,3,deterministic,12,2.7459581316938984,-0.5110727167802378,2.7459581316938984,10.0,False,7.254041868306102
pendcart,3,deterministic,13,2.8409738793070014,-0.44220458338383595,2.8409738793070014,10.0,False,7.159026120692999
pendcart,3,deterministic,14,2.926230123959352,-0.37351528674824624,2.926230123959352,10.0,False,7.073769876040648
pendcart,3,deterministic,15,3.00042747013168,-0.30606336836187276,3.00042747013168,10.0,False,6.9995725298683205
pendcart,3,deterministic,16,3.0627810393930677,-0.24079729547052886,3.0627810393930677,10.0,False,6.937218960606932
pendcart,3,deterministic,17,3.1129926133169015,-0.17853076359735937,3.1129926133169015,10.0,False,6.8870073866830985
pendcart,3,deterministic,18,3.1512101892915165,-0.11992590861075508,3.1512101892915165,10.0,False,6.8487898107084835
pendcart,3,deterministic,19,3.1779786971180846,-0.06548396701884882,3.1779786971180846,10.0,False,6.822021302881915
pendcart,3,deterministic,20,3.1941833561461155,-0.0155428380600229,3.1941833561461155,10.0,False,6.805816643853884
pendcart,3,deterministic,21,3.2009861972429663,0.02971902735117432,3.2009861972429663,10.0,False,6.799013802757034
pendcart,3,deterministic,22,3.199756593527727,0.0702730521866346,3.199756593527727,10.0,False,6.800243406472273
pendcart,3,deterministic,23,3.191997779432767,0.10622603901083684,3.191997779432767,10.0,False,6.808002220567233
pendcart,3,deterministic,24,3.17927248888867,0.13780168198564463,3.17927248888867,10.0,False,6.82072751111133
pendcart,3,deterministic,25,3.1631316865396806,0.1653191772468031,3.1631316865396806,10.0,False,6.83686831346032
pendcart,3,deterministic,26,3.1450502482400644,0.1891701205547971,3.1450502482400644,10.0,False,6.854949751759936
pendcart,3,deterministic,27,3.1263728442481167,0.2097949052019597,3.1263728442481167,10.0,False,6.873627155751883
pendcart,3,deterministic,28,3.1082720960784385,0.2276597562137091,3.1082720960784385,10.0,False,6.891727903921561
pendcart,3,deterministic,29,3.091719768886118,0.24323537815042168,3.091719768886118,10.0,False,6.908280231113881
pendcart,3,deterministic,30,3.077470694507922,0.25697799034525953,3.077470694507922,10.0,False,6.922529305492078
pendcart,3,deterministic,31,3.0660583252240614,0.2693132989264872,3.0660583252240614,10.0,False,6.933941674775939
pendcart,3,deterministic,32,3.0578003969799066,0.27539257206248335,3.0578003969799066,10.0,False,6.942199603020093
pendcart,3,deterministic,33,3.0528130143278394,0.2639161796051258,3.0528130143278394,10.0,False,6.947186985672161
pendcart,3,deterministic,34,3.051031467064418,0.25812840013131955,3.051031467064418,10.0,False,6.948968532935583
pendcart,3,deterministic,35,3.0522361411912664,0.2574863395715212,3.0522361411912664,10.0,False,6.947763858808734
pendcart,3,deterministic,36,3.0560819438828166,0.2612732641214698,3.0560819438828166,10.0,False,6.943918056117184
pendcart,3,deterministic,37,3.0621297000073384,0.2686517477653977,3.0621297000073384,10.0,False,6.937870299992662
pendcart,3,deterministic,38,3.069878029808362,0.278715991715484,3.069878029808362,10.0,False,6.930121970191638
pendcart,3,deterministic,39,3.0787943006486604,0.2905411743875663,3.0787943006486604,10.0,False,6.92120569935134
pendcart,3,deterministic,40,3.088343387901228,0.3032279809215843,3.088343387901228,10.0,False,6.911656612098772
pendcart,3,deterministic,41,3.098013187852842,0.315940840309181,3.098013187852842,10.0,False,6.9019868121471575
pendcart,3,deterministic,42,3.1073360837836894,0.3279388391475484,3.1073360837836894,10.0,False,6.892663916216311
pendcart,3,deterministic,43,3.1159058520292167,0.3385987469730405,3.1159058520292167,10.0,False,6.884094147970783
pendcart,3,deterministic,44,3.123389778469499,0.3474300354042784,3.123389778469499,10.0,False,6.876610221530501
pendcart,3,deterministic,45,3.1295360144643256,0.354082169036645,3.1295360144643256,10.0,False,6.870463985535674
pendcart,3,deterministic,46,3.1341764177510507,0.3583447673409347,3.1341764177510507,10.0,False,6.865823582248949
pendcart,3,deterministic,47,3.137225293571522,0.3601414791596007,3.137225293571522,10.0,False,6.862774706428478
pendcart,3,deterministic,48,3.138674577032939,0.3595185801606726,3.138674577032939,10.0,False,6.861325422967061
pendcart,3,deterministic,49,3.138586079008132,0.35662940127465004,3.138586079008132,10.0,False,6.861413920991868
pendcart,3,deterministic,50,3.1370814694047024,0.351715744051847,3.1370814694047024,10.0,False,6.862918530595298
pendcart,3,deterministic,51,3.1343306886051576,0.3450874322436386,3.1343306886051576,10.0,False,6.865669311394843
pendcart,3,deterministic,52,3.1305394704107465,0.3371011040191493,3.1305394704107465,10.0,False,6.8694605295892535
pendcart,3,deterministic,53,3.125936625002565,0.32813926298612406,3.125936625002565,10.0,False,6.874063374997435
pendcart,3,deterministic,54,3.1207616735878996,0.3185904881646261,3.1207616735878996,10.0,False,6.8792383264121
pendcart,3,deterministic,55,3.115253347332696,0.30883155476180757,3.115253347332696,10.0,False,6.884746652667304
pendcart,3,deterministic,56,3.1096393704810126,0.29921205263788286,3.1096393704810126,10.0,False,6.890360629518987
pendcart,3,deterministic,57,3.1041278424513585,0.29004191098037746,3.1041278424513585,10.0,False,6.8958721575486415
pendcart,3,deterministic,58,3.099409743780128,0.28158205953217896,3.099409743780128,10.0,False,6.900590256219872
pendcart,3,deterministic,59,3.095074772658813,0.27403829210487374,3.095074772658813,10.0,False,6.904925227341187
pendcart,3,deterministic,60,3.0912222100620133,0.26755824126276206,3.0912222100620133,10.0,False,6.908777789937987
pendcart,3,deterministic,61,3.08792832474449,0.26223124875213344,3.08792832474449,10.0,False,6.912071675255509
pendcart,3,deterministic,62,3.0852375185217857,0.2580908097135196,3.0852375185217857,10.0,False,6.914762481478214
pendcart,3,deterministic,63,3.0831640358089696,0.25511919408687767,3.0831640358089696,10.0,False,6.91683596419103
pendcart,3,deterministic,64,3.081694788584005,0.2532537965787226,3.081694788584005,10.0,False,6.918305211415995
pendcart,3,deterministic,65,3.080793049160463,0.2523947433170357,3.080793049160463,10.0,False,6.919206950839537
pendcart,3,deterministic,66,3.080402752727057,0.2524132809020224,3.080402752727057,10.0,False,6.919597247272943
pendcart,3,deterministic,67,3.0804531536960265,0.2531604924370354,3.0804531536960265,10.0,False,6.919546846303973
pendcart,3,deterministic,68,3.080863593180885,0.2544759219717365,3.080863593180885,10.0,False,6.919136406819115
pendcart,3,deterministic,69,3.081548156518663,0.2561957387251319,3.081548156518663,10.0,False,6.918451843481337
pendcart,3,deterministic,70,3.0824200296076456,0.2581601344516965,3.0824200296076456,10.0,False,6.917579970392355
pendcart,3,deterministic,71,3.083395396967199,0.26021971467912497,3.083395396967199,10.0,False,6.916604603032801
pendcart,3,deterministic,72,3.084396762258727,0.26224071582272146,3.084396762258727,10.0,False,6.915603237741273
pendcart,3,deterministic,73,3.0853556110251255,0.2641089511108681,3.0853556110251255,10.0,False,6.9146443889748745
pendcart,3,deterministic,74,3.0862143732253178,0.2657324549582204,3.0862143732253178,10.0,False,6.913785626774683
pendcart,3,deterministic,75,3.086927678902562,0.2670428564401419,3.086927678902562,10.0,False,6.913072321097438
pendcart,3,deterministic,76,3.0874629321799723,0.26799556504119004,3.0874629321799723,10.0,False,6.912537067820027
pendcart,3,deterministic,77,3.0878002558939226,0.2685688947299111,3.0878002558939226,10.0,False,6.912199744106077
pendcart,3,deterministic,78,3.087931880935702,0.26876228490314336,3.087931880935702,10.0,False,6.912068119064298
pendcart,3,deterministic,79,3.087861070356292,0.2685937984904836,3.087861070356292,10.0,False,6.912138929643708
pendcart,3,deterministic,80,3.087600678543025,0.2680970889508183,3.087600678543025,10.0,False,6.912399321456975
pendcart,3,deterministic,81,3.0871714504533707,0.26731802957200024,3.0871714504533707,10.0,False,6.91282854954663
pendcart,3,deterministic,82,3.086600165445861,0.2663111914977875,3.086600165445861,10.0,False,6.91339983455414
pendcart,3,deterministic,83,3.0859177253066057,0.2651363426079324,3.0859177253066057,10.0,False,6.914082274693394
pendcart,3,deterministic,84,3.0851572772018137,0.2638551189344094,3.0851572772018137,10.0,False,6.914842722798186
pendcart,3,deterministic,85,3.0843524505726547,0.262527995712038,3.0843524505726547,10.0,False,6.915647549427345
pendcart,3,deterministic,86,3.0835357730044226,0.261211657577735,3.0835357730044226,10.0,False,6.916464226995577
pendcart,3,deterministic,87,3.0827373147948745,0.25995683852387763,3.0827373147948745,10.0,False,6.9172626852051255
pendcart,3,deterministic,88,3.0819835963464457,0.25880667370441135,3.0819835963464457,10.0,False,6.918016403653555
pendcart,3,deterministic,89,3.0812967769271387,0.25779557769232175,3.0812967769271387,10.0,False,6.918703223072861
pendcart,3,deterministic,90,3.0806941288884397,0.25694863902094445,3.0806941288884397,10.0,False,6.91930587111156
pendcart,3,deterministic,91,3.0801877883532525,0.25628149921052057,3.0801877883532525,10.0,False,6.9198122116467475
pendcart,3,deterministic,92,3.079784762185739,0.25580066669661183,3.079784762185739,10.0,False,6.920215237814261
pendcart,3,deterministic,93,3.0794871620410467,0.2555042025289208,3.0794871620410467,10.0,False,6.920512837958953
pendcart,3,deterministic,94,3.0792926295524827,0.25538270543495,3.0792926295524827,10.0,False,6.920707370447517
pendcart,3,deterministic,95,3.0791949123519755,0.2554205188423335,3.0791949123519755,10.0,False,6.9208050876480245
pendcart,3,deterministic,96,3.079184548498363,0.25559708139273274,3.079184548498363,10.0,False,6.920815451501637
pendcart,3,deterministic,97,3.0792496168975987,0.25588834502969304,3.0792496168975987,10.0,False,6.920750383102401
pendcart,3,deterministic,98,3.079376513159329,0.2562681903181917,3.079376513159329,10.0,False,6.920623486840671
pendcart,3,deterministic,99,3.0795507137784726,0.2567097767112073,3.0795507137784726,10.0,False,6.920449286221528
pendcart,3,deterministic,100,3.0797574962414958,0.2571867754013867,3.0797574962414958,10.0,False,6.920242503758504
pendcart,3,deterministic,101,3.079982588216037,0.2576744434328443,3.079982588216037,10.0,False,6.920017411783963
pendcart,3,deterministic,102,3.0802127251690505,0.25815050946785,3.0802127251690505,10.0,False,6.9197872748309495
pendcart,3,deterministic,103,3.080436102097353,0.25859585321419065,3.080436102097353,10.0,False,6.919563897902647
pendcart,3,deterministic,104,3.080642711339762,0.2589949716590809,3.080642711339762,10.0,False,6.919357288660239
pendcart,3,deterministic,105,3.0808245643713796,0.2593362354413866,3.0808245643713796,10.0,False,6.91917543562862
pendcart,3,deterministic,106,3.0809758008276114,0.2596119475715114,3.0809758008276114,10.0,False,6.919024199172389
pendcart,3,deterministic,107,3.081092692604084,0.2598182240427138,3.081092692604084,10.0,False,6.918907307395916
pendcart,3,deterministic,108,3.081173554626111,0.25995472154300536,3.081173554626111,10.0,False,6.918826445373889
pendcart,3,deterministic,109,3.081218576684404,0.26002424137398217,3.081218576684404,10.0,False,6.918781423315596
pendcart,3,deterministic,110,3.081229592588592,0.2600322408627055,3.081229592588592,10.0,False,6.918770407411408
pendcart,3,deterministic,111,3.08120980382267,0.2599862841114944,3.08120980382267,10.0,False,6.91879019617733
pendcart,3,deterministic,112,3.081163474955114,0.259895463018585,3.081163474955114,10.0,False,6.918836525044886
pendcart,3,deterministic,113,3.0810956173569743,0.25976981733220716,3.0810956173569743,10.0,False,6.918904382643026
pendcart,3,deterministic,114,3.081011676431445,0.2596197793059152,3.081011676431445,10.0,False,6.918988323568556
pendcart,3,deterministic,115,3.0809172356930357,0.2594556645649404,3.0809172356930357,10.0,False,6.919082764306964
pendcart,3,deterministic,116,3.080817748787586,0.2592872263228906,3.080817748787586,10.0,False,6.919182251212414
pendcart,3,deterministic,117,3.0807183080660407,0.25912328537212104,3.0807183080660407,10.0,False,6.919281691933959
pendcart,3,deterministic,118,3.0806234557444667,0.258971443535979,3.0806234557444667,10.0,False,6.919376544255533
pendcart,3,deterministic,119,3.080537041127732,0.2588378837312296,3.080537041127732,10.0,False,6.919462958872268
pendcart,3,deterministic,120,3.0804621249543302,0.2587272556224318,3.0804621249543302,10.0,False,6.91953787504567
pendcart,3,deterministic,121,3.080400929726252,0.25864264219797817,3.080400929726252,10.0,False,6.9195990702737475
pendcart,3,deterministic,122,3.0803548329914845,0.258585599562682,3.0803548329914845,10.0,False,6.9196451670085155
pendcart,3,deterministic,123,3.0803243989976408,0.25855625988817643,3.0803243989976408,10.0,False,6.919675601002359
pendcart,3,deterministic,124,3.080309442963185,0.25855348581804616,3.080309442963185,10.0,False,6.919690557036815
pendcart,3,deterministic,125,3.080309121425974,0.2585750636803952,3.080309121425974,10.0,False,6.919690878574026
pendcart,3,deterministic,126,3.0803220417193726,0.25861792258071226,3.0803220417193726,10.0,False,6.919677958280627
pendcart,3,deterministic,127,3.0803463835681897,0.2586783667676067,3.0803463835681897,10.0,False,6.919653616431811
pendcart,3,deterministic,128,3.080380026055269,0.2587523095050034,3.080380026055269,10.0,False,6.919619973944731
pendcart,3,deterministic,129,3.0804206737352153,0.25883549794707916,3.0804206737352153,10.0,False,6.919579326264785
pendcart,3,deterministic,130,3.080465976412913,0.2589237200962161,3.080465976412913,10.0,False,6.919534023587087
pendcart,3,deterministic,131,3.080513638003458,0.2590129867221984,3.080513638003458,10.0,False,6.919486361996542
pendcart,3,deterministic,132,3.0805615108895545,0.25909968302971387,3.0805615108895545,10.0,False,6.919438489110446
pendcart,3,deterministic,133,3.080607673236977,0.25918068678415174,3.080607673236977,10.0,False,6.919392326763023
pendcart,3,deterministic,134,3.080650487767638,0.25925345145729484,3.080650487767638,10.0,False,6.919349512232362
pendcart,3,deterministic,135,3.0806886414771215,0.2593160546595583,3.0806886414771215,10.0,False,6.9193113585228785
pendcart,3,deterministic,136,3.0807211666824603,0.2593672136270674,3.0807211666824603,10.0,False,6.91927883331754
pendcart,3,deterministic,137,3.080747444566072,0.25940627078555667,3.080747444566072,10.0,False,6.919252555433928
pendcart,3,deterministic,138,3.080767193023127,0.2594331533928559,3.080767193023127,10.0,False,6.919232806976873
pendcart,3,deterministic,139,3.0807804411078887,0.25944831195326123,3.0807804411078887,10.0,False,6.919219558892111
pendcart,3,deterministic,140,3.080787492707482,0.2594526425049426,3.080787492707482,10.0,False,6.919212507292518
pendcart,3,deterministic,141,3.0807888822507135,0.2594473980178498,3.0807888822507135,10.0,False,6.9192111177492865
pendcart,3,deterministic,142,3.0807853252944692,0.25943409402966877,3.0807853252944692,10.0,False,6.919214674705531
pendcart,3,deterministic,143,3.0807776667364792,0.25941441332426385,3.0807776667364792,10.0,False,6.919222333263521
pendcart,3,deterministic,144,3.080766829198239,0.25939011395771117,3.080766829198239,10.0,False,6.9192331708017605
pendcart,3,deterministic,145,3.0807537638281763,0.25936294430487195,3.0807537638281763,10.0,False,6.919246236171824
pendcart,3,deterministic,146,3.0807394054153585,0.25933456807650146,3.0807394054153585,10.0,False,6.9192605945846415
pendcart,3,deterministic,147,3.0807246333014056,0.2593065014852941,3.0807246333014056,10.0,False,6.919275366698594
pendcart,3,deterministic,148,3.0807102391554704,0.25928006395871817,3.0807102391554704,10.0,False,6.91928976084453
pendcart,3,deterministic,149,3.080696902255037,0.2592563430422409,3.080696902255037,10.0,False,6.919303097744963
pendcart,3,deterministic,150,3.080685172512473,0.2592361734390155,3.080685172512473,10.0,False,6.919314827487527
pendcart,3,SGO,0,1.7829459755346273,-1.1613750380524777,1.7829459755346273,10.0,False,8.217054024465373
pendcart,3,SGO,1,1.8019580108086752,-1.1493004381461902,1.8019580108086752,10.0,False,8.198041989191324
pendcart,3,SGO,2,1.8339401325677733,-1.1125011121220718,1.8339401325677733,10.0,False,8.166059867432226
pendcart,3,SGO,3,1.8811811796184228,-1.0482792713610123,1.8811811796184228,10.0,False,8.118818820381577
pendcart,3,SGO,4,1.9405760161109584,-0.9621631056545232,1.9405760161109584,10.0,False,8.059423983889042
pendcart,3,SGO,5,2.0129988636921943,-0.9045752435343364,2.0129988636921943,10.0,False,7.987001136307805
pendcart,3,SGO,6,2.104288274652858,-0.8646742929849619,2.104288274652858,10.0,False,7.895711725347142
pendcart,3,SGO,7,2.205549553860589,-0.8180221111209244,2.205549553860589,10.0,False,7.794450446139411
pendcart,3,SGO,8,2.313129022399281,-0.7652157587667099,2.313129022399281,10.0,False,7.686870977600719
pendcart,3,SGO,9,2.4240625412686283,-0.7070661717221975,2.4240625412686283,10.0,False,7.575937458731372
pendcart,3,SGO,10,2.5348397611386937,-0.6445857791045306,2.5348397611386937,10.0,False,7.465160238861307
pendcart,3,SGO,11,2.6432741599311296,-0.5788038844527142,2.6432741599311296,10.0,False,7.35672584006887
pendcart,3,SGO,12,2.7460422563401123,-0.5109045328052401,2.7460422563401123,10.0,False,7.253957743659887
pendcart,3,SGO,13,2.8408877056652027,-0.4420558714629254,2.8408877056652027,10.0,False,7.159112294334797
pendcart,3,SGO,14,2.9261743411065777,-0.37337392473782566,2.9261743411065777,10.0,False,7.073825658893423
pendcart,3,SGO,15,3.0000954642758098,-0.3059555765554651,3.0000954642758098,10.0,False,6.99990453572419
pendcart,3,SGO,16,3.0630315547624325,-0.24065248604126888,3.0630315547624325,10.0,False,6.936968445237568
pendcart,3,SGO,17,3.113216228376612,-0.17837340087291692,3.113216228376612,10.0,False,6.886783771623389
pendcart,3,SGO,18,3.1510689622276917,-0.11979187844605362,3.1510689622276917,10.0,False,6.848931037772308
pendcart,3,SGO,19,3.1776412958364677,-0.06537870583436088,3.1776412958364677,10.0,False,6.822358704163532
pendcart,3,SGO,20,3.1928184091283707,-0.015559738114180585,3.1928184091283707,10.0,False,6.807181590871629
pendcart,3,SGO,21,3.1992751638609422,0.029588343678354716,3.1992751638609422,10.0,False,6.800724836139057
pendcart,3,SGO,22,3.198581715815895,0.07009957968530897,3.198581715815895,10.0,False,6.8014182841841055
pendcart,3,SGO,23,3.190855579605543,0.10599478373118702,3.190855579605543,10.0,False,6.809144420394457
pendcart,3,SGO,24,3.1787131322554356,0.13756927855658568,3.1787131322554356,10.0,False,6.821286867744565
pendcart,3,SGO,25,3.1626666895664535,0.16507068903694563,3.1626666895664535,10.0,False,6.8373333104335465
pendcart,3,SGO,26,3.1441638047696157,0.18885713680870495,3.1441638047696157,10.0,False,6.855836195230385
pendcart,3,SGO,27,3.1258839878057203,0.20947121476172972,3.1258839878057203,10.0,False,6.87411601219428
pendcart,3,SGO,28,3.1076403079667876,0.22729440435060633,3.1076403079667876,10.0,False,6.892359692033212
pendcart,3,SGO,29,3.0907983800435703,0.24280398828202931,3.0907983800435703,10.0,False,6.90920161995643
pendcart,3,SGO,30,3.0765414959448374,0.2564914939421594,3.0765414959448374,10.0,False,6.923458504055162
pendcart,3,SGO,31,3.0651568098851403,0.268776494314689,3.0651568098851403,10.0,False,6.93484319011486
pendcart,3,SGO,32,3.0569022747616863,0.27439929412763997,3.0569022747616863,10.0,False,6.943097725238314
pendcart,3,SGO,33,3.051905102812799,0.262886068723613,3.051905102812799,10.0,False,6.948094897187201
pendcart,3,SGO,34,3.0500706233708086,0.25700274794461564,3.0500706233708086,10.0,False,6.949929376629191
pendcart,3,SGO,35,3.0512198040091376,0.25626511758371084,3.0512198040091376,10.0,False,6.948780195990862
pendcart,3,SGO,36,3.055046474126269,0.2600104543806163,3.055046474126269,10.0,False,6.944953525873731
pendcart,3,SGO,37,3.06104777345589,0.2673140908602921,3.06104777345589,10.0,False,6.93895222654411
pendcart,3,SGO,38,3.068822395043197,0.277408169209197,3.068822395043197,10.0,False,6.931177604956803
pendcart,3,SGO,39,3.077697354958312,0.2891744453518975,3.077697354958312,10.0,False,6.922302645041688
pendcart,3,SGO,40,3.0872383769367446,0.301854459268596,3.0872383769367446,10.0,False,6.912761623063256
pendcart,3,SGO,41,3.0969275586455938,0.3146031509163222,3.0969275586455938,10.0,False,6.903072441354406
pendcart,3,SGO,42,3.1062896402129376,0.3266677905892922,3.1062896402129376,10.0,False,6.893710359787063
pendcart,3,SGO,43,3.1149225762299997,0.337429621628508,3.1149225762299997,10.0,False,6.88507742377
pendcart,3,SGO,44,3.1224978618675023,0.34640227868824736,3.1224978618675023,10.0,False,6.877502138132497
pendcart,3,SGO,45,3.1287262532653015,0.3531827231876301,3.1287262532653015,10.0,False,6.8712737467346985
pendcart,3,SGO,46,3.13341418416304,0.35752626058096526,3.13341418416304,10.0,False,6.8665858158369595
pendcart,3,SGO,47,3.1365527851524515,0.3594619741782067,3.1365527851524515,10.0,False,6.8634472148475485
pendcart,3,SGO,48,3.1381833376052817,0.35910004939312823,3.1381833376052817,10.0,False,6.861816662394718
pendcart,3,SGO,49,3.1380838218050777,0.35620385087253115,3.1380838218050777,10.0,False,6.861916178194923
pendcart,3,SGO,50,3.1366842841079956,0.35144298912556915,3.1366842841079956,10.0,False,6.863315715892004
pendcart,3,SGO,51,3.133929540710204,0.34481524081737025,3.133929540710204,10.0,False,6.866070459289796
pendcart,3,SGO,52,3.1302558219781242,0.3369948923606715,3.1302558219781242,10.0,False,6.869744178021875
pendcart,3,SGO,53,3.125732649945664,0.32814142190615225,3.125732649945664,10.0,False,6.874267350054335
pendcart,3,SGO,54,3.12063541939478,0.31869379983316604,3.12063541939478,10.0,False,6.87936458060522
pendcart,3,SGO,55,3.1151682240507133,0.30898175772126935,3.1151682240507133,10.0,False,6.884831775949287
pendcart,3,SGO,56,3.109602236430935,0.29941560185735994,3.109602236430935,10.0,False,6.890397763569065
pendcart,3,SGO,57,3.1040899246237266,0.2902294318178784,3.1040899246237266,10.0,False,6.895910075376273
pendcart,3,SGO,58,3.0993943850550814,0.2818340519096193,3.0993943850550814,10.0,False,6.900605614944919
pendcart,3,SGO,59,3.095074052245454,0.2742890067501035,3.095074052245454,10.0,False,6.9049259477545455
pendcart,3,SGO,60,3.091223781272618,0.26778833903883614,3.091223781272618,10.0,False,6.9087762187273825
pendcart,3,SGO,61,3.087934481196493,0.26244381784168624,3.087934481196493,10.0,False,6.912065518803507
pendcart,3,SGO,62,3.0852279588449987,0.2582560300904492,3.0852279588449987,10.0,False,6.914772041155001
pendcart,3,SGO,63,3.083137376378312,0.25523655811031787,3.083137376378312,10.0,False,6.916862623621688
pendcart,3,SGO,64,3.0816472675171727,0.25331965972057013,3.0816472675171727,10.0,False,6.918352732482827
pendcart,3,SGO,65,3.08073325513076,0.25242398760303586,3.08073325513076,10.0,False,6.91926674486924
pendcart,3,SGO,66,3.0803244746281164,0.25239880629796374,3.0803244746281164,10.0,False,6.919675525371884
pendcart,3,SGO,67,3.080354296508596,0.25310186290705405,3.080354296508596,10.0,False,6.919645703491404
pendcart,3,SGO,68,3.0807505980335206,0.25438546557106845,3.0807505980335206,10.0,False,6.919249401966479
pendcart,3,SGO,69,3.081418433105066,0.2560722545466826,3.081418433105066,10.0,False,6.918581566894934
pendcart,3,SGO,70,3.082283928488123,0.2580215560148964,3.082283928488123,10.0,False,6.917716071511877
pendcart,3,SGO,71,3.0832558489828417,0.26007242242989626,3.0832558489828417,10.0,False,6.916744151017158
pendcart,3,SGO,72,3.0842675424228894,0.2621066909216443,3.0842675424228894,10.0,False,6.915732457577111
pendcart,3,SGO,73,3.085228788880678,0.2639774734464383,3.085228788880678,10.0,False,6.914771211119322
pendcart,3,SGO,74,3.0860979452014474,0.26561654253395917,3.0860979452014474,10.0,False,6.913902054798553
pendcart,3,SGO,75,3.086823896243106,0.2669464529379596,3.086823896243106,10.0,False,6.913176103756895
pendcart,3,SGO,76,3.0873752073514336,0.26792401589951087,3.0873752073514336,10.0,False,6.912624792648566
pendcart,3,SGO,77,3.0877248855211525,0.2685167693581978,3.0877248855211525,10.0,False,6.912275114478847
pendcart,3,SGO,78,3.087872766510261,0.26873535228738366,3.087872766510261,10.0,False,6.9121272334897395
pendcart,3,SGO,79,3.0878166435448797,0.26858939219804,3.0878166435448797,10.0,False,6.91218335645512
pendcart,3,SGO,80,3.0875739314096413,0.26811914181898266,3.0875739314096413,10.0,False,6.912426068590358
pendcart,3,SGO,81,3.0871662355785143,0.26737135954281455,3.0871662355785143,10.0,False,6.912833764421485
pendcart,3,SGO,82,3.0866083381568896,0.26638270596767455,3.0866083381568896,10.0,False,6.913391661843111
pendcart,3,SGO,83,3.0859405227856906,0.26522711441443836,3.0859405227856906,10.0,False,6.914059477214309
pendcart,3,SGO,84,3.0851915633831877,0.26395965322998205,3.0851915633831877,10.0,False,6.914808436616813
pendcart,3,SGO,85,3.084395387957637,0.26264138683877136,3.084395387957637,10.0,False,6.9156046120423635
pendcart,3,SGO,86,3.083575463817032,0.26131592618413424,3.083575463817032,10.0,False,6.9164245361829675
pendcart,3,SGO,87,3.082779828748178,0.2600610234323668,3.082779828748178,10.0,False,6.917220171251822
pendcart,3,SGO,88,3.0820318227922052,0.25891469480658913,3.0820318227922052,10.0,False,6.917968177207795
pendcart,3,SGO,89,3.0813446296469804,0.2578980485764195,3.0813446296469804,10.0,False,6.91865537035302
pendcart,3,SGO,90,3.0807391233876507,0.2570418828069183,3.0807391233876507,10.0,False,6.919260876612349
pendcart,3,SGO,91,3.0802290920413298,0.2563644472843618,3.0802290920413298,10.0,False,6.91977090795867
pendcart,3,SGO,92,3.079821015013118,0.25587156763023944,3.079821015013118,10.0,False,6.920178984986882
pendcart,3,SGO,93,3.079515116881957,0.2555586811193936,3.079515116881957,10.0,False,6.920484883118043
pendcart,3,SGO,94,3.079318551399886,0.2554305310927566,3.079318551399886,10.0,False,6.920681448600114
pendcart,3,SGO,95,3.079214624070734,0.25545581084266933,3.079214624070734,10.0,False,6.920785375929266
pendcart,3,SGO,96,3.0791985878419057,0.255621181232361,3.0791985878419057,10.0,False,6.920801412158094
pendcart,3,SGO,97,3.0792524770465546,0.2558937645070338,3.0792524770465546,10.0,False,6.920747522953445
pendcart,3,SGO,98,3.0793756256366005,0.25626673097695796,3.0793756256366005,10.0,False,6.920624374363399
pendcart,3,SGO,99,3.07953401410532,0.25668425968385655,3.07953401410532,10.0,False,6.92046598589468
pendcart,3,SGO,100,3.0797415052422,0.25716258751169796,3.0797415052422,10.0,False,6.9202584947578
pendcart,3,SGO,101,3.0799624972546362,0.2576446389247973,3.0799624972546362,10.0,False,6.920037502745364
pendcart,3,SGO,102,3.0801916721136235,0.2581200769625167,3.0801916721136235,10.0,False,6.9198083278863765
pendcart,3,SGO,103,3.0804165694922436,0.2585685817245642,3.0804165694922436,10.0,False,6.919583430507757
pendcart,3,SGO,104,3.080624066591485,0.25896991236149314,3.080624066591485,10.0,False,6.919375933408515
pendcart,3,SGO,105,3.080807358476155,0.2593141978436734,3.080807358476155,10.0,False,6.9191926415238445
pendcart,3,SGO,106,3.0809605532604296,0.2595936382886638,3.0809605532604296,10.0,False,6.91903944673957
pendcart,3,SGO,107,3.0810802200621983,0.2598047294230621,3.0810802200621983,10.0,False,6.918919779937802
pendcart,3,SGO,108,3.081163548155528,0.2599454124177768,3.081163548155528,10.0,False,6.918836451844472
pendcart,3,SGO,109,3.081210754236662,0.2600185380104625,3.081210754236662,10.0,False,6.918789245763338
pendcart,3,SGO,110,3.0812245864183514,0.260030907191934,3.0812245864183514,10.0,False,6.918775413581649
pendcart,3,SGO,111,3.0812255922465384,0.2600153494588625,3.0812255922465384,10.0,False,6.918774407753462
pendcart,3,SGO,112,3.081177515726458,0.25992057190176865,3.081177515726458,10.0,False,6.918822484273543
pendcart,3,SGO,113,3.081105414324299,0.2597875232014233,3.081105414324299,10.0,False,6.918894585675702
pendcart,3,SGO,114,3.081020237306022,0.2596348385254791,3.081020237306022,10.0,False,6.9189797626939775
pendcart,3,SGO,115,3.0809249705412998,0.25946881831379764,3.0809249705412998,10.0,False,6.9190750294587
pendcart,3,SGO,116,3.080824451878658,0.2592982847436184,3.080824451878658,10.0,False,6.919175548121342
pendcart,3,SGO,117,3.08072394468604,0.2591323196171742,3.08072394468604,10.0,False,6.91927605531396
pendcart,3,SGO,118,3.0806014810632316,0.25893982916325053,3.0806014810632316,10.0,False,6.919398518936768
pendcart,3,SGO,119,3.0804591544227256,0.25872625866343024,3.0804591544227256,10.0,False,6.9195408455772744
pendcart,3,SGO,120,3.080397352312124,0.2586401207850183,3.080397352312124,10.0,False,6.919602647687876
pendcart,3,SGO,121,3.0803473093550204,0.25857581241093563,3.0803473093550204,10.0,False,6.91965269064498
pendcart,3,SGO,122,3.0803127206240197,0.25853841002992506,3.0803127206240197,10.0,False,6.91968727937598
pendcart,3,SGO,123,3.080289701609529,0.25852153984336623,3.080289701609529,10.0,False,6.919710298390471
pendcart,3,SGO,124,3.0802706216495426,0.25851351249477117,3.0802706216495426,10.0,False,6.919729378350457
pendcart,3,SGO,125,3.080257895115441,0.25851769847224904,3.080257895115441,10.0,False,6.919742104884559
pendcart,3,SGO,126,3.0802774641178363,0.25857148600410185,3.0802774641178363,10.0,False,6.919722535882164
pendcart,3,SGO,127,3.0803091682234616,0.25864305180951697,3.0803091682234616,10.0,False,6.919690831776538
pendcart,3,SGO,128,3.080354240018074,0.25873320919331366,3.080354240018074,10.0,False,6.919645759981925
pendcart,3,SGO,129,3.080394503710853,0.2588143202640134,3.080394503710853,10.0,False,6.919605496289147
pendcart,3,SGO,130,3.0804480301934536,0.25891290346000495,3.0804480301934536,10.0,False,6.919551969806546
pendcart,3,SGO,131,3.0804925743429683,0.2589953226065419,3.0804925743429683,10.0,False,6.919507425657032
pendcart,3,SGO,132,3.0805487080465244,0.25909201692539185,3.0805487080465244,10.0,False,6.919451291953475
pendcart,3,SGO,133,3.0805888093205134,0.2591616271558035,3.0805888093205134,10.0,False,6.919411190679487
pendcart,3,SGO,134,3.0806269772434014,0.25922567495324245,3.0806269772434014,10.0,False,6.919373022756599
pendcart,3,SGO,135,3.080661304985208,0.2592813119027514,3.080661304985208,10.0,False,6.919338695014792
pendcart,3,SGO,136,3.08069092267699,0.25932737272632655,3.08069092267699,10.0,False,6.91930907732301
pendcart,3,SGO,137,3.0807242735578564,0.25937638373348215,3.0807242735578564,10.0,False,6.919275726442144
pendcart,3,SGO,138,3.0807419500401414,0.2593996784290097,3.0807419500401414,10.0,False,6.919258049959859
pendcart,3,SGO,139,3.080754759881007,0.25941411621522725,3.080754759881007,10.0,False,6.919245240118993
pendcart,3,SGO,140,3.080766705251368,0.2594258692354219,3.080766705251368,10.0,False,6.919233294748632
pendcart,3,SGO,141,3.080776967897923,0.25943383252280716,3.080776967897923,10.0,False,6.919223032102077
pendcart,3,SGO,142,3.0807733619879976,0.259420415408519,3.0807733619879976,10.0,False,6.919226638012002
pendcart,3,SGO,143,3.080765948596314,0.25940137955344633,3.080765948596314,10.0,False,6.919234051403686
pendcart,3,SGO,144,3.080757614843589,0.25938129242728847,3.080757614843589,10.0,False,6.91924238515641
pendcart,3,SGO,145,3.080745193909994,0.2593556907249642,3.080745193909994,10.0,False,6.919254806090006
pendcart,3,SGO,146,3.0807286411113717,0.2593248958217508,3.0807286411113717,10.0,False,6.919271358888628
pendcart,3,SGO,147,3.080708084832644,0.2592894697142556,3.080708084832644,10.0,False,6.919291915167356
pendcart,3,SGO,148,3.080699915763696,0.2592736758712936,3.080699915763696,10.0,False,6.919300084236304
pendcart,3,SGO,149,3.08068944612016,0.25925525138750316,3.08068944612016,10.0,False,6.91931055387984
pendcart,3,SGO,150,3.080676933620961,0.25923480244622976,3.080676933620961,10.0,False,6.9193230663790395
pendcart,3,GWO,0,1.7829459755346273,-1.1613750380524777,1.7829459755346273,10.0,False,8.217054024465373
pendcart,3,GWO,1,1.8015379032885548,-1.1499131497614838,1.8015379032885548,10.0,False,8.198462096711445
pendcart,3,GWO,2,1.834348252650799,-1.1118770911205904,1.834348252650799,10.0,False,8.165651747349202
pendcart,3,GWO,3,1.8815137546792813,-1.04779553991448,1.8815137546792813,10.0,False,8.11848624532072
pendcart,3,GWO,4,1.9409281270440732,-0.9616740288919498,1.9409281270440732,10.0,False,8.059071872955927
pendcart,3,GWO,5,2.013363848020071,-0.9044950811078802,2.013363848020071,10.0,False,7.986636151979929
pendcart,3,GWO,6,2.103005800307094,-0.8647396134142207,2.103005800307094,10.0,False,7.896994199692906
pendcart,3,GWO,7,2.20362580728592,-0.8182286381485283,2.20362580728592,10.0,False,7.7963741927140795
pendcart,3,GWO,8,2.3113740877799707,-0.7655147105174396,2.3113740877799707,10.0,False,7.688625912220029
pendcart,3,GWO,9,2.4226598897609937,-0.7074226617897698,2.4226598897609937,10.0,False,7.577340110239007
pendcart,3,GWO,10,2.534176570300797,-0.6449364565937808,2.534176570300797,10.0,False,7.465823429699203
pendcart,3,GWO,11,2.642669461876119,-0.5791711781541775,2.642669461876119,10.0,False,7.357330538123881
pendcart,3,GWO,12,2.745638425111852,-0.5112723701565746,2.745638425111852,10.0,False,7.254361574888148
pendcart,3,GWO,13,2.840676476552218,-0.4424149026571538,2.840676476552218,10.0,False,7.159323523447782
pendcart,3,GWO,14,2.9259449391016794,-0.3737357540154922,2.9259449391016794,10.0,False,7.074055060898321
pendcart,3,GWO,15,3.0001291178246134,-0.3062954979136311,3.0001291178246134,10.0,False,6.9998708821753866
pendcart,3,GWO,16,3.062490930615532,-0.24103930702788245,3.062490930615532,10.0,False,6.937509069384468
pendcart,3,GWO,17,3.1126827196654636,-0.17878428560670462,3.1126827196654636,10.0,False,6.887317280334536
pendcart,3,GWO,18,3.150854279058405,-0.1201938738471891,3.150854279058405,10.0,False,6.8491457209415945
pendcart,3,GWO,19,3.1776105697649943,-0.0657646514883106,3.1776105697649943,10.0,False,6.822389430235006
pendcart,3,GWO,20,3.1937101359961715,-0.01584479509844243,3.1937101359961715,10.0,False,6.806289864003828
pendcart,3,GWO,21,3.2005824709264927,0.029408416491147144,3.2005824709264927,10.0,False,6.799417529073507
pendcart,3,GWO,22,3.199249758990691,0.06994258838647997,3.199249758990691,10.0,False,6.800750241009309
pendcart,3,GWO,23,3.1913214889056896,0.10586467295231874,3.1913214889056896,10.0,False,6.80867851109431
pendcart,3,GWO,24,3.1786688639337637,0.1374253499613906,3.1786688639337637,10.0,False,6.821331136066236
pendcart,3,GWO,25,3.1625876864997107,0.16493306066278685,3.1625876864997107,10.0,False,6.837412313500289
pendcart,3,GWO,26,3.1445670802395664,0.1887794420349391,3.1445670802395664,10.0,False,6.855432919760434
pendcart,3,GWO,27,3.1258871047776133,0.20939808495099443,3.1258871047776133,10.0,False,6.874112895222387
pendcart,3,GWO,28,3.107849724520251,0.22726390517285947,3.107849724520251,10.0,False,6.892150275479748
pendcart,3,GWO,29,3.091335621644343,0.24284229116542988,3.091335621644343,10.0,False,6.908664378355657
pendcart,3,GWO,30,3.0771299307272275,0.2565906276389883,3.0771299307272275,10.0,False,6.922870069272772
pendcart,3,GWO,31,3.0657717320755893,0.2689352569106156,3.0657717320755893,10.0,False,6.934228267924411
pendcart,3,GWO,32,3.057565131794319,0.2752024679917876,3.057565131794319,10.0,False,6.942434868205681
pendcart,3,GWO,33,3.0525902837622225,0.2637372516209253,3.0525902837622225,10.0,False,6.947409716237777
pendcart,3,GWO,34,3.0508221112494773,0.25796183771510883,3.0508221112494773,10.0,False,6.949177888750523
pendcart,3,GWO,35,3.0520383862817124,0.25732981349402284,3.0520383862817124,10.0,False,6.947961613718288
pendcart,3,GWO,36,3.055894576683678,0.2611253632237981,3.055894576683678,10.0,False,6.944105423316322
pendcart,3,GWO,37,3.061956276888731,0.26851763547417173,3.061956276888731,10.0,False,6.938043723111269
pendcart,3,GWO,38,3.0697163202831277,0.27859283444867544,3.0697163202831277,10.0,False,6.930283679716872
pendcart,3,GWO,39,3.0786461692008595,0.2904318377727577,3.0786461692008595,10.0,False,6.9213538307991405
pendcart,3,GWO,40,3.0882101306456313,0.3031344729583174,3.0882101306456313,10.0,False,6.911789869354369
pendcart,3,GWO,41,3.0978882187183183,0.3158544269974244,3.0978882187183183,10.0,False,6.902111781281682
pendcart,3,GWO,42,3.107218889304498,0.32785936203240873,3.107218889304498,10.0,False,6.892781110695502
pendcart,3,GWO,43,3.1158009771372934,0.33853288777391344,3.1158009771372934,10.0,False,6.884199022862706
pendcart,3,GWO,44,3.1232994119721655,0.3473809852424691,3.1232994119721655,10.0,False,6.876700588027834
pendcart,3,GWO,45,3.1294583285588335,0.3540475099486987,3.1294583285588335,10.0,False,6.870541671441167
pendcart,3,GWO,46,3.134106383531101,0.35831779248972084,3.134106383531101,10.0,False,6.865893616468899
pendcart,3,GWO,47,3.13716413769979,0.3601241635917274,3.13716413769979,10.0,False,6.86283586230021
pendcart,3,GWO,48,3.138616568321795,0.35950332434214793,3.138616568321795,10.0,False,6.861383431678205
pendcart,3,GWO,49,3.1385145405403607,0.3565940012321537,3.1385145405403607,10.0,False,6.861485459459639
pendcart,3,GWO,50,3.137027311648559,0.3517032481673118,3.137027311648559,10.0,False,6.862972688351441
pendcart,3,GWO,51,3.1342775576299124,0.3450750403524404,3.1342775576299124,10.0,False,6.865722442370087
pendcart,3,GWO,52,3.130494324861331,0.3370984153295704,3.130494324861331,10.0,False,6.869505675138669
pendcart,3,GWO,53,3.125903461292418,0.3281513901626596,3.125903461292418,10.0,False,6.874096538707581
pendcart,3,GWO,54,3.1207414882746565,0.31861820123885576,3.1207414882746565,10.0,False,6.879258511725343
pendcart,3,GWO,55,3.115255323784352,0.3088866283498173,3.115255323784352,10.0,False,6.884744676215648
pendcart,3,GWO,56,3.1096465932899826,0.29927040698155083,3.1096465932899826,10.0,False,6.890353406710018
pendcart,3,GWO,57,3.104136353394563,0.29009797186481967,3.104136353394563,10.0,False,6.895863646605437
pendcart,3,GWO,58,3.0994113437743303,0.28163462333394007,3.0994113437743303,10.0,False,6.90058865622567
pendcart,3,GWO,59,3.0950812662477953,0.2740932665334752,3.0950812662477953,10.0,False,6.904918733752204
pendcart,3,GWO,60,3.0912261934377327,0.2676046412742342,3.0912261934377327,10.0,False,6.908773806562268
pendcart,3,GWO,61,3.0879323482333336,0.2622731676752893,3.0879323482333336,10.0,False,6.912067651766666
pendcart,3,GWO,62,3.0852388258658068,0.25812443149653197,3.0852388258658068,10.0,False,6.914761174134194
pendcart,3,GWO,63,3.0831629794189963,0.25514545792297505,3.0831629794189963,10.0,False,6.916837020581004
pendcart,3,GWO,64,3.0816914695591238,0.2532732666448586,3.0816914695591238,10.0,False,6.918308530440877
pendcart,3,GWO,65,3.080787615857819,0.2524080617831078,3.080787615857819,10.0,False,6.919212384142181
pendcart,3,GWO,66,3.0803963725193353,0.2524225799570958,3.0803963725193353,10.0,False,6.919603627480665
pendcart,3,GWO,67,3.080446174733495,0.25316663655811555,3.080446174733495,10.0,False,6.9195538252665045
pendcart,3,GWO,68,3.0808612052338487,0.2544868264596093,3.0808612052338487,10.0,False,6.919138794766152
pendcart,3,GWO,69,3.0815445337585166,0.2562028863618887,3.0815445337585166,10.0,False,6.918455466241483
pendcart,3,GWO,70,3.0824142028074575,0.2581625218898356,3.0824142028074575,10.0,False,6.917585797192542
pendcart,3,GWO,71,3.0833892247076053,0.26022052294121756,3.0833892247076053,10.0,False,6.916610775292394
pendcart,3,GWO,72,3.0843904229353654,0.2622405221556895,3.0843904229353654,10.0,False,6.915609577064634
pendcart,3,GWO,73,3.0853501262437493,0.2641095286322207,3.0853501262437493,10.0,False,6.91464987375625
pendcart,3,GWO,74,3.0862102294164298,0.2657346967441627,3.0862102294164298,10.0,False,6.91378977058357
pendcart,3,GWO,75,3.0869253636431364,0.2670475946993581,3.0869253636431364,10.0,False,6.913074636356864
pendcart,3,GWO,76,3.087462572537271,0.2680030417713547,3.087462572537271,10.0,False,6.912537427462729
pendcart,3,GWO,77,3.0878020000422857,0.26857934377503556,3.0878020000422857,10.0,False,6.912197999957714
pendcart,3,GWO,78,3.087934343707848,0.2687736616535813,3.087934343707848,10.0,False,6.912065656292151
pendcart,3,GWO,79,3.0878650478262846,0.26860730878522543,3.0878650478262846,10.0,False,6.912134952173716
pendcart,3,GWO,80,3.087605515557515,0.26811173160361645,3.087605515557515,10.0,False,6.912394484442485
pendcart,3,GWO,81,3.0871798684254697,0.2673377490866784,3.0871798684254697,10.0,False,6.912820131574531
pendcart,3,GWO,82,3.0866100715088742,0.26633269037247465,3.0866100715088742,10.0,False,6.913389928491126
pendcart,3,GWO,83,3.085928675287593,0.265158864751887,3.085928675287593,10.0,False,6.914071324712407
pendcart,3,GWO,84,3.085169049657771,0.2638782508219354,3.085169049657771,10.0,False,6.914830950342229
pendcart,3,GWO,85,3.0843657799868702,0.2625527245153362,3.0843657799868702,10.0,False,6.91563422001313
pendcart,3,GWO,86,3.083549066393358,0.261235517221841,3.083549066393358,10.0,False,6.916450933606642
pendcart,3,GWO,87,3.0827509222414977,0.25998031247597786,3.0827509222414977,10.0,False,6.917249077758502
pendcart,3,GWO,88,3.0819965053172926,0.258828233516353,3.0819965053172926,10.0,False,6.918003494682708
pendcart,3,GWO,89,3.0813084575467578,0.2578144760868052,3.0813084575467578,10.0,False,6.918691542453242
pendcart,3,GWO,90,3.0807046005398298,0.2569649723177828,3.0807046005398298,10.0,False,6.91929539946017
pendcart,3,GWO,91,3.0801967804655246,0.256294944111769,3.0801967804655246,10.0,False,6.919803219534476
pendcart,3,GWO,92,3.0797924123453813,0.255811520565423,3.0797924123453813,10.0,False,6.920207587654619
pendcart,3,GWO,93,3.07949360708254,0.25551275762684655,3.07949360708254,10.0,False,6.92050639291746
pendcart,3,GWO,94,3.0792959058275957,0.255386184781186,3.0792959058275957,10.0,False,6.920704094172404
pendcart,3,GWO,95,3.0791967229474673,0.25542163881834234,3.0791967229474673,10.0,False,6.920803277052533
pendcart,3,GWO,96,3.0791855742502463,0.25559694371079433,3.0791855742502463,10.0,False,6.920814425749754
pendcart,3,GWO,97,3.07925031638511,0.25588768067791223,3.07925031638511,10.0,False,6.92074968361489
pendcart,3,GWO,98,3.07937631674454,0.25626620022402913,3.07937631674454,10.0,False,6.92062368325546
pendcart,3,GWO,99,3.079549790808489,0.25670678294636495,3.079549790808489,10.0,False,6.920450209191511
pendcart,3,GWO,100,3.0797562955856788,0.2571834954366644,3.0797562955856788,10.0,False,6.920243704414322
pendcart,3,GWO,101,3.0799809852408773,0.2576707249380026,3.0799809852408773,10.0,False,6.920019014759123
pendcart,3,GWO,102,3.0802112050494745,0.25814709772795175,3.0802112050494745,10.0,False,6.9197887949505255
pendcart,3,GWO,103,3.080434333229664,0.25859226506400357,3.080434333229664,10.0,False,6.919565666770335
pendcart,3,GWO,104,3.080641240576915,0.25899202749865236,3.080641240576915,10.0,False,6.919358759423085
pendcart,3,GWO,105,3.0808236825670963,0.2593343404974763,3.0808236825670963,10.0,False,6.919176317432903
pendcart,3,GWO,106,3.080975172861181,0.2596105716575572,3.080975172861181,10.0,False,6.919024827138819
pendcart,3,GWO,107,3.0810922774794247,0.25981728909258006,3.0810922774794247,10.0,False,6.918907722520576
pendcart,3,GWO,108,3.0811733980649967,0.2599542771508899,3.0811733980649967,10.0,False,6.918826601935003
pendcart,3,GWO,109,3.0812186831616466,0.2600242719655457,3.0812186831616466,10.0,False,6.918781316838354
pendcart,3,GWO,110,3.081230012160391,0.2600327957369458,3.081230012160391,10.0,False,6.9187699878396085
pendcart,3,GWO,111,3.0812102868973676,0.25998697080736255,3.0812102868973676,10.0,False,6.918789713102632
pendcart,3,GWO,112,3.0811640510348557,0.2598963134198645,3.0811640510348557,10.0,False,6.918835948965144
pendcart,3,GWO,113,3.08109625777816,0.2597707754339502,3.08109625777816,10.0,False,6.91890374222184
pendcart,3,GWO,114,3.0810123768052664,0.25962082610364534,3.0810123768052664,10.0,False,6.918987623194734
pendcart,3,GWO,115,3.080917803939206,0.259456507299468,3.080917803939206,10.0,False,6.919082196060794
pendcart,3,GWO,116,3.0808183426536457,0.25928809638112627,3.0808183426536457,10.0,False,6.919181657346354
pendcart,3,GWO,117,3.0807189368309813,0.2591241862796855,3.0807189368309813,10.0,False,6.919281063169018
pendcart,3,GWO,118,3.0806240354317587,0.25897224283835696,3.0806240354317587,10.0,False,6.919375964568241
pendcart,3,GWO,119,3.0805375552463343,0.2588385544239039,3.0805375552463343,10.0,False,6.919462444753666
pendcart,3,GWO,120,3.0804625353134627,0.2587277411869342,3.0804625353134627,10.0,False,6.919537464686537
pendcart,3,GWO,121,3.0804012827901657,0.2586430134182417,3.0804012827901657,10.0,False,6.919598717209834
pendcart,3,GWO,122,3.080355020785249,0.2585856996137439,3.080355020785249,10.0,False,6.919644979214751
pendcart,3,GWO,123,3.0803246713747776,0.2585564629289121,3.0803246713747776,10.0,False,6.919675328625223
pendcart,3,GWO,124,3.080309529440903,0.25855338999637345,3.080309529440903,10.0,False,6.919690470559097
pendcart,3,GWO,125,3.0803094595647535,0.25857532106948034,3.0803094595647535,10.0,False,6.919690540435246
pendcart,3,GWO,126,3.0803224301711323,0.25861822296956527,3.0803224301711323,10.0,False,6.919677569828868
pendcart,3,GWO,127,3.0803468870041346,0.2586788045309746,3.0803468870041346,10.0,False,6.919653112995865
pendcart,3,GWO,128,3.080380517700454,0.2587526965552138,3.080380517700454,10.0,False,6.919619482299546
pendcart,3,GWO,129,3.080420868735859,0.258835425805911,3.080420868735859,10.0,False,6.9195791312641415
pendcart,3,GWO,130,3.0804661878905866,0.2589236734964513,3.0804661878905866,10.0,False,6.919533812109414
pendcart,3,GWO,131,3.0805137894737356,0.25901285914340244,3.0805137894737356,10.0,False,6.919486210526264
pendcart,3,GWO,132,3.080561631307018,0.25909952720353835,3.080561631307018,10.0,False,6.9194383686929815
pendcart,3,GWO,133,3.0806077546504875,0.2591804989917156,3.0806077546504875,10.0,False,6.9193922453495125
pendcart,3,GWO,134,3.0806505825593677,0.2592533158359246,3.0806505825593677,10.0,False,6.919349417440632
pendcart,3,GWO,135,3.0806887584493654,0.25931598707191506,3.0806887584493654,10.0,False,6.919311241550634
pendcart,3,GWO,136,3.0807213050990385,0.2593672144006157,3.0807213050990385,10.0,False,6.919278694900962
pendcart,3,GWO,137,3.080747640371509,0.259406392745421,3.080747640371509,10.0,False,6.919252359628491
pendcart,3,GWO,138,3.080767494322556,0.2594334634678306,3.080767494322556,10.0,False,6.919232505677444
pendcart,3,GWO,139,3.0807808066998494,0.259448742406706,3.0807808066998494,10.0,False,6.919219193300151
pendcart,3,GWO,140,3.080787896509734,0.2594531498247973,3.080787896509734,10.0,False,6.919212103490266
pendcart,3,GWO,141,3.0807893483057684,0.2594480129028063,3.0807893483057684,10.0,False,6.9192106516942316
pendcart,3,GWO,142,3.080785839318851,0.25943478884987536,3.080785839318851,10.0,False,6.919214160681149
pendcart,3,GWO,143,3.080778047155924,0.25941491682063933,3.080778047155924,10.0,False,6.919221952844076
pendcart,3,GWO,144,3.080767170620086,0.2593905701948761,3.080767170620086,10.0,False,6.919232829379914
pendcart,3,GWO,145,3.08075414020514,0.2593634596393376,3.08075414020514,10.0,False,6.919245859794859
pendcart,3,GWO,146,3.080739835370603,0.25933516253500033,3.080739835370603,10.0,False,6.919260164629398
pendcart,3,GWO,147,3.080725041652092,0.2593070569695892,3.080725041652092,10.0,False,6.919274958347907
pendcart,3,GWO,148,3.0807106266640982,0.2592805788033278,3.0807106266640982,10.0,False,6.919289373335902
pendcart,3,GWO,149,3.080697249966912,0.2592567869922582,3.080697249966912,10.0,False,6.919302750033088
pendcart,3,GWO,150,3.0806854803251422,0.25923654546034136,3.0806854803251422,10.0,False,6.919314519674858
pendcart,3,PSO,0,1.7829459755346273,-1.1613750380524777,1.7829459755346273,10.0,False,8.217054024465373
pendcart,3,PSO,1,1.8016240671103843,-1.1497874829428734,1.8016240671103843,10.0,False,8.198375932889615
pendcart,3,PSO,2,1.8344225844127497,-1.1117745722034469,1.8344225844127497,10.0,False,8.16557741558725
pendcart,3,PSO,3,1.8818011142391553,-1.0473869179436632,1.8818011142391553,10.0,False,8.118198885760844
pendcart,3,PSO,4,1.9412298063773783,-0.9612633082386388,1.9412298063773783,10.0,False,8.058770193622621
pendcart,3,PSO,5,2.0136745931819684,-0.9044186195359588,2.0136745931819684,10.0,False,7.986325406818032
pendcart,3,PSO,6,2.1033021340021225,-0.8646497835518492,2.1033021340021225,10.0,False,7.8966978659978775
pendcart,3,PSO,7,2.2041963093409516,-0.8180976847158137,2.2041963093409516,10.0,False,7.795803690659048
pendcart,3,PSO,8,2.3118503917461553,-0.7653635797343973,2.3118503917461553,10.0,False,7.688149608253845
pendcart,3,PSO,9,2.4230185626543226,-0.7072604529338333,2.4230185626543226,10.0,False,7.576981437345678
pendcart,3,PSO,10,2.5344308656516668,-0.6447693463870126,2.5344308656516668,10.0,False,7.465569134348334
pendcart,3,PSO,11,2.6429054670873193,-0.5789967904929284,2.6429054670873193,10.0,False,7.357094532912681
pendcart,3,PSO,12,2.7458745452111573,-0.5110896659999611,2.7458745452111573,10.0,False,7.254125454788843
pendcart,3,PSO,13,2.8409044595336064,-0.4422244988288854,2.8409044595336064,10.0,False,7.159095540466394
pendcart,3,PSO,14,2.925780106650117,-0.37357616478476474,2.925780106650117,10.0,False,7.074219893349883
pendcart,3,PSO,15,3.00005299315594,-0.3061419911146941,3.00005299315594,10.0,False,6.99994700684406
pendcart,3,PSO,16,3.0625120687811966,-0.24088477740477426,3.0625120687811966,10.0,False,6.937487931218803
pendcart,3,PSO,17,3.112972510633466,-0.17860590427222445,3.112972510633466,10.0,False,6.887027489366535
pendcart,3,PSO,18,3.1511926111652326,-0.11999838790335976,3.1511926111652326,10.0,False,6.848807388834768
pendcart,3,PSO,19,3.1779554093567257,-0.06555520087515274,3.1779554093567257,10.0,False,6.822044590643275
pendcart,3,PSO,20,3.1941532214421833,-0.015613857997252525,3.1941532214421833,10.0,False,6.805846778557816
pendcart,3,PSO,21,3.200967748735682,0.029649264863232903,3.200967748735682,10.0,False,6.799032251264318
pendcart,3,PSO,22,3.199686118159971,0.07019872344922105,3.199686118159971,10.0,False,6.8003138818400295
pendcart,3,PSO,23,3.1918826107225557,0.10614476882307428,3.1918826107225557,10.0,False,6.808117389277444
pendcart,3,PSO,24,3.1791825529846887,0.1377180576680324,3.1791825529846887,10.0,False,6.820817447015312
pendcart,3,PSO,25,3.1630193657550563,0.16523047067097682,3.1630193657550563,10.0,False,6.836980634244943
pendcart,3,PSO,26,3.1449322895332803,0.1890771524865168,3.1449322895332803,10.0,False,6.85506771046672
pendcart,3,PSO,27,3.1262275104129507,0.20969579238219666,3.1262275104129507,10.0,False,6.873772489587049
pendcart,3,PSO,28,3.1081360984644713,0.22755716733259976,3.1081360984644713,10.0,False,6.891863901535529
pendcart,3,PSO,29,3.091620247557661,0.24313325281274137,3.091620247557661,10.0,False,6.90837975244234
pendcart,3,PSO,30,3.0771996323659305,0.25685850896970763,3.0771996323659305,10.0,False,6.9228003676340695
pendcart,3,PSO,31,3.065618095327283,0.26916721982744685,3.065618095327283,10.0,False,6.934381904672717
pendcart,3,PSO,32,3.0572983842641293,0.2747557223806284,3.0572983842641293,10.0,False,6.942701615735871
pendcart,3,PSO,33,3.0519643917119033,0.2628304451812463,3.0519643917119033,10.0,False,6.948035608288096
pendcart,3,PSO,34,3.050325093207838,0.2572731208796253,3.050325093207838,10.0,False,6.949674906792162
pendcart,3,PSO,35,3.0516483913159322,0.25681883607665246,3.0516483913159322,10.0,False,6.948351608684067
pendcart,3,PSO,36,3.055594587137816,0.26075950703016204,3.055594587137816,10.0,False,6.944405412862184
pendcart,3,PSO,37,3.061720800028075,0.2682538217628645,3.061720800028075,10.0,False,6.938279199971925
pendcart,3,PSO,38,3.0696365845599676,0.27854769112608857,3.0696365845599676,10.0,False,6.930363415440032
pendcart,3,PSO,39,3.0786000115643226,0.290428334483103,3.0786000115643226,10.0,False,6.921399988435677
pendcart,3,PSO,40,3.088188676302276,0.30315637012280083,3.088188676302276,10.0,False,6.911811323697724
pendcart,3,PSO,41,3.098089609572738,0.316166919072996,3.098089609572738,10.0,False,6.901910390427262
pendcart,3,PSO,42,3.1073405585787373,0.3280393330700655,3.1073405585787373,10.0,False,6.892659441421262
pendcart,3,PSO,43,3.1158586378728548,0.3386059614589122,3.1158586378728548,10.0,False,6.884141362127146
pendcart,3,PSO,44,3.1230782905662315,0.34706008803207133,3.1230782905662315,10.0,False,6.876921709433768
pendcart,3,PSO,45,3.128891488940651,0.35325766678579473,3.128891488940651,10.0,False,6.871108511059349
pendcart,3,PSO,46,3.1338672437114075,0.3579899899565878,3.1338672437114075,10.0,False,6.866132756288593
pendcart,3,PSO,47,3.1369071199004495,0.3597719642957814,3.1369071199004495,10.0,False,6.8630928800995505
pendcart,3,PSO,48,3.1383599398616338,0.3591529695688733,3.1383599398616338,10.0,False,6.861640060138367
pendcart,3,PSO,49,3.138277673421998,0.35627240548781713,3.138277673421998,10.0,False,6.861722326578002
pendcart,3,PSO,50,3.136843205247811,0.35145491509645077,3.136843205247811,10.0,False,6.863156794752189
pendcart,3,PSO,51,3.1340416045042323,0.34475647995718495,3.1340416045042323,10.0,False,6.865958395495768
pendcart,3,PSO,52,3.1305648292914956,0.33719910189853464,3.1305648292914956,10.0,False,6.869435170708504
pendcart,3,PSO,53,3.1259328160566744,0.3281852184725116,3.1259328160566744,10.0,False,6.874067183943326
pendcart,3,PSO,54,3.1204373066038227,0.3181935777573217,3.1204373066038227,10.0,False,6.879562693396178
pendcart,3,PSO,55,3.114968076133476,0.3084983543262637,3.114968076133476,10.0,False,6.885031923866524
pendcart,3,PSO,56,3.1094215970737342,0.298979841514354,3.1094215970737342,10.0,False,6.890578402926266
pendcart,3,PSO,57,3.1039944053109383,0.28993059430635915,3.1039944053109383,10.0,False,6.896005594689061
pendcart,3,PSO,58,3.0993584210798497,0.2815972815607283,3.0993584210798497,10.0,False,6.90064157892015
pendcart,3,PSO,59,3.0948006139879,0.27372563397160976,3.0948006139879,10.0,False,6.9051993860121
pendcart,3,PSO,60,3.091043007010838,0.2673979406079068,3.091043007010838,10.0,False,6.908956992989162
pendcart,3,PSO,61,3.0875007465233573,0.26171526168862524,3.0875007465233573,10.0,False,6.912499253476643
pendcart,3,PSO,62,3.085430425604304,0.2585041110873494,3.085430425604304,10.0,False,6.914569574395696
pendcart,3,PSO,63,3.083318052624328,0.2554546457062965,3.083318052624328,10.0,False,6.916681947375672
pendcart,3,PSO,64,3.0818370870780476,0.2535545289904464,3.0818370870780476,10.0,False,6.918162912921952
pendcart,3,PSO,65,3.080693613718451,0.2523265018239993,3.080693613718451,10.0,False,6.91930638628155
pendcart,3,PSO,66,3.080342504777787,0.2524034347915767,3.080342504777787,10.0,False,6.9196574952222125
pendcart,3,PSO,67,3.0804163885520603,0.25318291896617806,3.0804163885520603,10.0,False,6.91958361144794
pendcart,3,PSO,68,3.080837275578509,0.2545095873639561,3.080837275578509,10.0,False,6.919162724421491
pendcart,3,PSO,69,3.081457899327479,0.2561310513016375,3.081457899327479,10.0,False,6.918542100672521
pendcart,3,PSO,70,3.0824716474843328,0.25830167742916466,3.0824716474843328,10.0,False,6.917528352515667
pendcart,3,PSO,71,3.083483680905565,0.26040363172489767,3.083483680905565,10.0,False,6.916516319094435
pendcart,3,PSO,72,3.084485480120471,0.2624118377898671,3.084485480120471,10.0,False,6.91551451987953
pendcart,3,PSO,73,3.085176956386732,0.26387695384947907,3.085176956386732,10.0,False,6.914823043613268
pendcart,3,PSO,74,3.086115273044673,0.26562292569940993,3.086115273044673,10.0,False,6.913884726955327
pendcart,3,PSO,75,3.0868226293306567,0.26692508973730755,3.0868226293306567,10.0,False,6.913177370669343
pendcart,3,PSO,76,3.0874063553504785,0.26794935436675327,3.0874063553504785,10.0,False,6.9125936446495215
pendcart,3,PSO,77,3.08806950513022,0.26899565464000996,3.08806950513022,10.0,False,6.911930494869781
pendcart,3,PSO,78,3.0883174699010425,0.2693339876940676,3.0883174699010425,10.0,False,6.9116825300989575
pendcart,3,PSO,79,3.088521920914872,0.2695363199995281,3.088521920914872,10.0,False,6.9114780790851285
pendcart,3,PSO,80,3.08816463293382,0.2688510967634422,3.08816463293382,10.0,False,6.91183536706618
pendcart,3,PSO,81,3.0876559666989536,0.26792030708329706,3.0876559666989536,10.0,False,6.912344033301046
pendcart,3,PSO,82,3.0869717424731165,0.2667229359459634,3.0869717424731165,10.0,False,6.913028257526884
pendcart,3,PSO,83,3.08609446359308,0.2652503193493444,3.08609446359308,10.0,False,6.91390553640692
pendcart,3,PSO,84,3.0850143769650145,0.26350666406367473,3.0850143769650145,10.0,False,6.914985623034985
pendcart,3,PSO,85,3.084230036894801,0.2622385386304654,3.084230036894801,10.0,False,6.915769963105199
pendcart,3,PSO,86,3.083406021502253,0.26094009185166,3.083406021502253,10.0,False,6.9165939784977475
pendcart,3,PSO,87,3.0826670687731457,0.25980153768672887,3.0826670687731457,10.0,False,6.917332931226854
pendcart,3,PSO,88,3.081798845891113,0.25850907480807006,3.081798845891113,10.0,False,6.918201154108887
pendcart,3,PSO,89,3.081260955433171,0.2577471461933154,3.081260955433171,10.0,False,6.918739044566829
pendcart,3,PSO,90,3.080651679111417,0.25690984065327904,3.080651679111417,10.0,False,6.919348320888583
pendcart,3,PSO,91,3.0799856556892076,0.2560272245227576,3.0799856556892076,10.0,False,6.920014344310792
pendcart,3,PSO,92,3.080000263400251,0.25618183505042036,3.080000263400251,10.0,False,6.919999736599749
pendcart,3,PSO,93,3.0795297247669895,0.25562604417650303,3.0795297247669895,10.0,False,6.9204702752330105
pendcart,3,PSO,94,3.0793784634659356,0.2555704727261855,3.0793784634659356,10.0,False,6.920621536534064
pendcart,3,PSO,95,3.079267567011167,0.2555857359436393,3.079267567011167,10.0,False,6.920732432988833
pendcart,3,PSO,96,3.079208890726791,0.25568653343904857,3.079208890726791,10.0,False,6.920791109273209
pendcart,3,PSO,97,3.0792799803507265,0.255981944040542,3.0792799803507265,10.0,False,6.9207200196492735
pendcart,3,PSO,98,3.079426295254015,0.256382392299371,3.079426295254015,10.0,False,6.920573704745985
pendcart,3,PSO,99,3.079569839427592,0.2567678553917594,3.079569839427592,10.0,False,6.920430160572408
pendcart,3,PSO,100,3.0797901685992732,0.2572536103487526,3.0797901685992732,10.0,False,6.920209831400727
pendcart,3,PSO,101,3.0800877234926696,0.25783371030610347,3.0800877234926696,10.0,False,6.919912276507331
pendcart,3,PSO,102,3.080242522565949,0.25818072211965704,3.080242522565949,10.0,False,6.919757477434051
pendcart,3,PSO,103,3.080453615425436,0.2585944374157719,3.080453615425436,10.0,False,6.919546384574565
pendcart,3,PSO,104,3.080521041352406,0.2587780060815952,3.080521041352406,10.0,False,6.919478958647594
pendcart,3,PSO,105,3.080623369864788,0.25900133432863015,3.080623369864788,10.0,False,6.919376630135212
pendcart,3,PSO,106,3.0807566173344334,0.2592551218757896,3.0807566173344334,10.0,False,6.919243382665567
pendcart,3,PSO,107,3.0809153032536893,0.25952858677177004,3.0809153032536893,10.0,False,6.91908469674631
pendcart,3,PSO,108,3.080997239476755,0.2596706618289607,3.080997239476755,10.0,False,6.919002760523245
pendcart,3,PSO,109,3.081084787487481,0.25980721064659207,3.081084787487481,10.0,False,6.918915212512519
pendcart,3,PSO,110,3.081171988059602,0.2599295298406754,3.081171988059602,10.0,False,6.918828011940398
pendcart,3,PSO,111,3.081025791613171,0.2596982563499216,3.081025791613171,10.0,False,6.918974208386829
pendcart,3,PSO,112,3.081081369832444,0.2597657563075153,3.081081369832444,10.0,False,6.918918630167556
pendcart,3,PSO,113,3.0811247797996097,0.25980604849650746,3.0811247797996097,10.0,False,6.91887522020039
pendcart,3,PSO,114,3.0809964780924037,0.2595884285551243,3.0809964780924037,10.0,False,6.919003521907596
pendcart,3,PSO,115,3.080839867371692,0.25933550551505147,3.080839867371692,10.0,False,6.919160132628308
pendcart,3,PSO,116,3.080811819161374,0.25927890323681835,3.080811819161374,10.0,False,6.919188180838626
pendcart,3,PSO,117,3.0807684048650006,0.2592001815409879,3.0807684048650006,10.0,False,6.919231595134999
pendcart,3,PSO,118,3.0807100515619243,0.2591020658652252,3.0807100515619243,10.0,False,6.919289948438076
pendcart,3,PSO,119,3.0806380933913493,0.2589884378251036,3.0806380933913493,10.0,False,6.919361906608651
pendcart,3,PSO,120,3.0805546900161707,0.2588641040874049,3.0805546900161707,10.0,False,6.919445309983829
pendcart,3,PSO,121,3.0804626971395823,0.25873451197634045,3.0804626971395823,10.0,False,6.919537302860418
pendcart,3,PSO,122,3.0804479873318216,0.25872582911912156,3.0804479873318216,10.0,False,6.919552012668179
pendcart,3,PSO,123,3.0804367209139594,0.25872492652158463,3.0804367209139594,10.0,False,6.919563279086041
pendcart,3,PSO,124,3.080431123631885,0.2587349609854621,3.080431123631885,10.0,False,6.919568876368115
pendcart,3,PSO,125,3.080433342467325,0.25875867405421127,3.080433342467325,10.0,False,6.919566657532675
pendcart,3,PSO,126,3.0804453161737353,0.258798229353546,3.0804453161737353,10.0,False,6.919554683826265
pendcart,3,PSO,127,3.080468658476805,0.2588550842967847,3.080468658476805,10.0,False,6.919531341523195
pendcart,3,PSO,128,3.0805045607199024,0.2589299035351693,3.0805045607199024,10.0,False,6.919495439280098
pendcart,3,PSO,129,3.080553719576374,0.259022519070079,3.080553719576374,10.0,False,6.919446280423626
pendcart,3,PSO,130,3.080616293967593,0.2591319392018182,3.080616293967593,10.0,False,6.9193837060324075
pendcart,3,PSO,131,3.080691893605746,0.25925640562941676,3.080691893605746,10.0,False,6.919308106394254
pendcart,3,PSO,132,3.080697109190267,0.25927309468878224,3.080697109190267,10.0,False,6.919302890809734
pendcart,3,PSO,133,3.0807080932410957,0.2592979361136655,3.0807080932410957,10.0,False,6.919291906758904
pendcart,3,PSO,134,3.0807246434912265,0.25932986490815024,3.0807246434912265,10.0,False,6.9192753565087735
pendcart,3,PSO,135,3.080746225579862,0.25936739872228964,3.080746225579862,10.0,False,6.919253774420138
pendcart,3,PSO,136,3.0807720054952616,0.2594087259465555,3.0807720054952616,10.0,False,6.919227994504738
pendcart,3,PSO,137,3.0808008994135787,0.25945181274791884,3.0808008994135787,10.0,False,6.919199100586422
pendcart,3,PSO,138,3.080831637964949,0.2594945227322141,3.080831637964949,10.0,False,6.919168362035051
pendcart,3,PSO,139,3.080862841124018,0.2595347421996266,3.080862841124018,10.0,False,6.919137158875982
pendcart,3,PSO,140,3.080893099315058,0.25957050365793866,3.080893099315058,10.0,False,6.919106900684942
pendcart,3,PSO,141,3.0809210559728837,0.25960010038330106,3.0809210559728837,10.0,False,6.919078944027117
pendcart,3,PSO,142,3.0809454867314088,0.2596221853658355,3.0809454867314088,10.0,False,6.919054513268591
pendcart,3,PSO,143,3.080965370625061,0.2596358489113132,3.080965370625061,10.0,False,6.91903462937494
pendcart,3,PSO,144,3.080979949169815,0.2596406704360995,3.080979949169815,10.0,False,6.919020050830185
pendcart,3,PSO,145,3.0809042058865623,0.25951331459764937,3.0809042058865623,10.0,False,6.919095794113438
pendcart,3,PSO,146,3.080836031613954,0.2594032665994247,3.080836031613954,10.0,False,6.919163968386046
pendcart,3,PSO,147,3.0808259186453357,0.2593836078528816,3.0808259186453357,10.0,False,6.919174081354664
pendcart,3,PSO,148,3.0808135512277763,0.25936215487651215,3.0808135512277763,10.0,False,6.919186448772224
pendcart,3,PSO,149,3.080799604894398,0.2593401178347302,3.080799604894398,10.0,False,6.919200395105602
pendcart,3,PSO,150,3.0807848460818454,0.2593187378164856,3.0807848460818454,10.0,False,6.919215153918154
pendcart,3,WOA,0,1.7829459755346273,-1.1613750380524777,1.7829459755346273,10.0,False,8.217054024465373
pendcart,3,WOA,1,1.801623865612289,-1.1497877768205584,1.801623865612289,10.0,False,8.198376134387711
pendcart,3,WOA,2,1.8344291095921748,-1.111765041090909,1.8344291095921748,10.0,False,8.165570890407825
pendcart,3,WOA,3,1.881806727756185,-1.047379164187519,1.881806727756185,10.0,False,8.118193272243815
pendcart,3,WOA,4,1.9412356220530949,-0.9612556114732032,1.9412356220530949,10.0,False,8.058764377946906
pendcart,3,WOA,5,2.0136805117263337,-0.9044169710094042,2.0136805117263337,10.0,False,7.986319488273667
pendcart,3,WOA,6,2.103307649733402,-0.8646479015850174,2.103307649733402,10.0,False,7.896692350266598
pendcart,3,WOA,7,2.2042030572855618,-0.8180954285301906,2.2042030572855618,10.0,False,7.795796942714438
pendcart,3,WOA,8,2.3118583084376714,-0.7653608892611725,2.3118583084376714,10.0,False,7.688141691562329
pendcart,3,WOA,9,2.423026296346522,-0.7072574026236255,2.423026296346522,10.0,False,7.576973703653477
pendcart,3,WOA,10,2.5344422323324953,-0.6447655810022992,2.5344422323324953,10.0,False,7.465557767667505
pendcart,3,WOA,11,2.6430075982918892,-0.5789834956658045,2.6430075982918892,10.0,False,7.35699240170811
pendcart,3,WOA,12,2.7459600698722637,-0.5110722308537027,2.7459600698722637,10.0,False,7.254039930127736
pendcart,3,WOA,13,2.84097459712387,-0.4422041309760608,2.84097459712387,10.0,False,7.15902540287613
pendcart,3,WOA,14,2.9262306111163054,-0.37351483951968534,2.9262306111163054,10.0,False,7.0737693888836946
pendcart,3,WOA,15,3.000427764375366,-0.3060629294841579,3.000427764375366,10.0,False,6.999572235624634
pendcart,3,WOA,16,3.0627815871626396,-0.24079682537766292,3.0627815871626396,10.0,False,6.93721841283736
pendcart,3,WOA,17,3.112992641297075,-0.17853031800154073,3.112992641297075,10.0,False,6.887007358702925
pendcart,3,WOA,18,3.1512116176728053,-0.11992532404887685,3.1512116176728053,10.0,False,6.848788382327195
pendcart,3,WOA,19,3.1779798330832247,-0.06548332570487958,3.1779798330832247,10.0,False,6.822020166916776
pendcart,3,WOA,20,3.194184764616368,-0.015542104124193441,3.194184764616368,10.0,False,6.805815235383632
pendcart,3,WOA,21,3.2009855258384126,0.029719634455437488,3.2009855258384126,10.0,False,6.799014474161588
pendcart,3,WOA,22,3.199756343154349,0.07027365482634854,3.199756343154349,10.0,False,6.800243656845651
pendcart,3,WOA,23,3.191997671968378,0.10622663669070781,3.191997671968378,10.0,False,6.8080023280316215
pendcart,3,WOA,24,3.1792725867154963,0.1378022877441501,3.1792725867154963,10.0,False,6.820727413284503
pendcart,3,WOA,25,3.1631334209731174,0.16531994077356252,3.1631334209731174,10.0,False,6.836866579026882
pendcart,3,WOA,26,3.145054461677652,0.189171214036851,3.145054461677652,10.0,False,6.854945538322347
pendcart,3,WOA,27,3.1263768294849994,0.2097961916916199,3.1263768294849994,10.0,False,6.873623170515001
pendcart,3,WOA,28,3.108276365017474,0.22766125198262271,3.108276365017474,10.0,False,6.891723634982526
pendcart,3,WOA,29,3.091723549445123,0.2432370063361814,3.091723549445123,10.0,False,6.908276450554877
pendcart,3,WOA,30,3.0774735605552688,0.25697966547535356,3.0774735605552688,10.0,False,6.922526439444731
pendcart,3,WOA,31,3.066060746294404,0.2693150042372869,3.066060746294404,10.0,False,6.933939253705596
pendcart,3,WOA,32,3.057802951080455,0.2753953535484268,3.057802951080455,10.0,False,6.942197048919545
pendcart,3,WOA,33,3.0528143435812196,0.26391725576620184,3.0528143435812196,10.0,False,6.94718565641878
pendcart,3,WOA,34,3.05103237314448,0.258128928447926,3.05103237314448,10.0,False,6.94896762685552
pendcart,3,WOA,35,3.0522369986276363,0.2574868516617671,3.0522369986276363,10.0,False,6.947763001372364
pendcart,3,WOA,36,3.0560827927610474,0.2612738163270806,3.0560827927610474,10.0,False,6.943917207238952
pendcart,3,WOA,37,3.062130525887207,0.26865231933068523,3.062130525887207,10.0,False,6.937869474112793
pendcart,3,WOA,38,3.0698790997898593,0.27871694308085815,3.0698790997898593,10.0,False,6.930120900210141
pendcart,3,WOA,39,3.0787958341958577,0.29054278621156493,3.0787958341958577,10.0,False,6.921204165804142
pendcart,3,WOA,40,3.088344816464624,0.3032294547546618,3.088344816464624,10.0,False,6.911655183535376
pendcart,3,WOA,41,3.0980145364610667,0.3159422134254187,3.0980145364610667,10.0,False,6.901985463538933
pendcart,3,WOA,42,3.1073374073605127,0.3279401874124066,3.1073374073605127,10.0,False,6.892662592639487
pendcart,3,WOA,43,3.1159071167367416,0.3386000226383934,3.1159071167367416,10.0,False,6.884092883263259
pendcart,3,WOA,44,3.1233906105740976,0.347430731904001,3.1233906105740976,10.0,False,6.876609389425902
pendcart,3,WOA,45,3.1295368457568857,0.3540828907852186,3.1295368457568857,10.0,False,6.870463154243114
pendcart,3,WOA,46,3.1341763800962856,0.35834433308345004,3.1341763800962856,10.0,False,6.865823619903715
pendcart,3,WOA,47,3.1372255484515295,0.3601415034081177,3.1372255484515295,10.0,False,6.8627744515484705
pendcart,3,WOA,48,3.1386749620838543,0.35951881868446967,3.1386749620838543,10.0,False,6.861325037916146
pendcart,3,WOA,49,3.13858595516771,0.35662897355981815,3.13858595516771,10.0,False,6.86141404483229
pendcart,3,WOA,50,3.137082858375366,0.3517174088501397,3.137082858375366,10.0,False,6.862917141624634
pendcart,3,WOA,51,3.134334390271214,0.3450921837004366,3.134334390271214,10.0,False,6.8656656097287865
pendcart,3,WOA,52,3.130541919691925,0.33710398673157616,3.130541919691925,10.0,False,6.869458080308075
pendcart,3,WOA,53,3.1259386411275623,0.328141461890499,3.1259386411275623,10.0,False,6.874061358872438
pendcart,3,WOA,54,3.1207614547945886,0.3185895918394135,3.1207614547945886,10.0,False,6.8792385452054114
pendcart,3,WOA,55,3.1152520209739167,0.3088292162016232,3.1152520209739167,10.0,False,6.884747979026083
pendcart,3,WOA,56,3.1096385602695906,0.2992105296360007,3.1096385602695906,10.0,False,6.890361439730409
pendcart,3,WOA,57,3.104126797727192,0.2900401534343704,3.104126797727192,10.0,False,6.895873202272808
pendcart,3,WOA,58,3.099409017906221,0.2815806786430337,3.099409017906221,10.0,False,6.900590982093779
pendcart,3,WOA,59,3.09507411620141,0.2740371017712502,3.09507411620141,10.0,False,6.90492588379859
pendcart,3,WOA,60,3.09122170872719,0.26755735400621095,3.09122170872719,10.0,False,6.90877829127281
pendcart,3,WOA,61,3.0879277476510265,0.262230308804166,3.0879277476510265,10.0,False,6.912072252348974
pendcart,3,WOA,62,3.0852370532127162,0.25809008828213686,3.0852370532127162,10.0,False,6.914762946787284
pendcart,3,WOA,63,3.0831636768173514,0.2551186671526898,3.0831636768173514,10.0,False,6.916836323182649
pendcart,3,WOA,64,3.0816945505901194,0.25325347040942126,3.0816945505901194,10.0,False,6.91830544940988
pendcart,3,WOA,65,3.0807928472555366,0.2523944785658667,3.0807928472555366,10.0,False,6.919207152744463
pendcart,3,WOA,66,3.080402471526852,0.2524129006995368,3.080402471526852,10.0,False,6.9195975284731475
pendcart,3,WOA,67,3.080453287936051,0.2531607193093669,3.080453287936051,10.0,False,6.91954671206395
pendcart,3,WOA,68,3.080863649531883,0.25447600266063475,3.080863649531883,10.0,False,6.919136350468117
pendcart,3,WOA,69,3.0815481495369683,0.2561956983852969,3.0815481495369683,10.0,False,6.918451850463032
pendcart,3,WOA,70,3.0824201445982555,0.2581602473890915,3.0824201445982555,10.0,False,6.917579855401744
pendcart,3,WOA,71,3.0833954221860735,0.2602196638399703,3.0833954221860735,10.0,False,6.916604577813926
pendcart,3,WOA,72,3.0843966290543676,0.2622404094121842,3.0843966290543676,10.0,False,6.915603370945632
pendcart,3,WOA,73,3.0853553748106104,0.26410848385655994,3.0853553748106104,10.0,False,6.914644625189389
pendcart,3,WOA,74,3.0862141138009718,0.2657319534929373,3.0862141138009718,10.0,False,6.913785886199028
pendcart,3,WOA,75,3.0869273783227134,0.2670422993414714,3.0869273783227134,10.0,False,6.913072621677287
pendcart,3,WOA,76,3.0874625680979015,0.26799492595896823,3.0874625680979015,10.0,False,6.9125374319020985
pendcart,3,WOA,77,3.0877998949249927,0.26856827865543365,3.0877998949249927,10.0,False,6.912200105075007
pendcart,3,WOA,78,3.0879315022051577,0.26876166414827884,3.0879315022051577,10.0,False,6.912068497794842
pendcart,3,WOA,79,3.087860693590542,0.2685932057946969,3.087860693590542,10.0,False,6.912139306409458
pendcart,3,WOA,80,3.0876004624808955,0.2680967580543352,3.0876004624808955,10.0,False,6.9123995375191045
pendcart,3,WOA,81,3.087171131657526,0.26731756648706584,3.087171131657526,10.0,False,6.912828868342475
pendcart,3,WOA,82,3.0865999091784353,0.26631084626155077,3.0865999091784353,10.0,False,6.913400090821565
pendcart,3,WOA,83,3.085917636044502,0.2651362639671908,3.085917636044502,10.0,False,6.914082363955497
pendcart,3,WOA,84,3.085157393672539,0.2638553520153486,3.085157393672539,10.0,False,6.914842606327461
pendcart,3,WOA,85,3.084352575252098,0.2625282382743984,3.084352575252098,10.0,False,6.9156474247479025
pendcart,3,WOA,86,3.0835361110658583,0.26121220925009614,3.0835361110658583,10.0,False,6.916463888934142
pendcart,3,WOA,87,3.0827377767771558,0.25995755439142354,3.0827377767771558,10.0,False,6.917262223222844
pendcart,3,WOA,88,3.0819840263019347,0.25880731872869356,3.0819840263019347,10.0,False,6.918015973698065
pendcart,3,WOA,89,3.081297086043097,0.2577960260730938,3.081297086043097,10.0,False,6.918702913956903
pendcart,3,WOA,90,3.080694424181685,0.2569490567226982,3.080694424181685,10.0,False,6.919305575818315
pendcart,3,WOA,91,3.0801881214192184,0.2562819632653537,3.0801881214192184,10.0,False,6.919811878580782
pendcart,3,WOA,92,3.0797849626013893,0.25580092633661966,3.0797849626013893,10.0,False,6.920215037398611
pendcart,3,WOA,93,3.0794873498758664,0.2555044428205534,3.0794873498758664,10.0,False,6.920512650124134
pendcart,3,WOA,94,3.0792929106281295,0.25538308161882606,3.0792929106281295,10.0,False,6.92070708937187
pendcart,3,WOA,95,3.0791951856473556,0.25542087674309055,3.0791951856473556,10.0,False,6.920804814352644
pendcart,3,WOA,96,3.079184801315597,0.25559740306755163,3.079184801315597,10.0,False,6.920815198684403
pendcart,3,WOA,97,3.0792498287702466,0.2558886020063291,3.0792498287702466,10.0,False,6.920750171229754
pendcart,3,WOA,98,3.079376712454783,0.25626842669941385,3.079376712454783,10.0,False,6.920623287545217
pendcart,3,WOA,99,3.0795508994058416,0.2567099914350205,3.0795508994058416,10.0,False,6.920449100594158
pendcart,3,WOA,100,3.079757674286257,0.25718697788110734,3.079757674286257,10.0,False,6.920242325713743
pendcart,3,WOA,101,3.0799826336416496,0.2576744512148349,3.0799826336416496,10.0,False,6.92001736635835
pendcart,3,WOA,102,3.0802127543281292,0.2581505010266487,3.0802127543281292,10.0,False,6.919787245671871
pendcart,3,WOA,103,3.0804360234673536,0.25859569493944135,3.0804360234673536,10.0,False,6.919563976532647
pendcart,3,WOA,104,3.08064268229106,0.2589948993982013,3.08064268229106,10.0,False,6.91935731770894
pendcart,3,WOA,105,3.0808245476759515,0.25933618957037696,3.0808245476759515,10.0,False,6.9191754523240485
pendcart,3,WOA,106,3.0809758155685456,0.2596119534027165,3.0809758155685456,10.0,False,6.919024184431454
pendcart,3,WOA,107,3.0810927083702726,0.2598182334039768,3.0810927083702726,10.0,False,6.918907291629727
pendcart,3,WOA,108,3.0811735672044525,0.2599547268238733,3.0811735672044525,10.0,False,6.918826432795548
pendcart,3,WOA,109,3.0812185918077777,0.26002424990860185,3.0812185918077777,10.0,False,6.918781408192222
pendcart,3,WOA,110,3.0812296051151136,0.26003224387053125,3.0812296051151136,10.0,False,6.918770394884886
pendcart,3,WOA,111,3.0812098018641794,0.25998626353117793,3.0812098018641794,10.0,False,6.91879019813582
pendcart,3,WOA,112,3.081163313031342,0.2598952068322984,3.081163313031342,10.0,False,6.918836686968659
pendcart,3,WOA,113,3.0810954869155984,0.25976961548886734,3.0810954869155984,10.0,False,6.918904513084401
pendcart,3,WOA,114,3.081011263165427,0.2596191697688023,3.081011263165427,10.0,False,6.918988736834573
pendcart,3,WOA,115,3.0809168709983017,0.25945514969382233,3.0809168709983017,10.0,False,6.919083129001699
pendcart,3,WOA,116,3.0808174265839954,0.25928679172061975,3.0808174265839954,10.0,False,6.919182573416005
pendcart,3,WOA,117,3.0807180220055144,0.259122916835288,3.0807180220055144,10.0,False,6.919281977994485
pendcart,3,WOA,118,3.080623197168725,0.2589711241262006,3.080623197168725,10.0,False,6.919376802831275
pendcart,3,WOA,119,3.080536867157264,0.25883769334517504,3.080536867157264,10.0,False,6.919463132842736
pendcart,3,WOA,120,3.0804619452930573,0.2587270552937899,3.0804619452930573,10.0,False,6.919538054706942
pendcart,3,WOA,121,3.080400557865579,0.2586421593453674,3.080400557865579,10.0,False,6.919599442134421
pendcart,3,WOA,122,3.0803544866022814,0.2585851646031151,3.0803544866022814,10.0,False,6.919645513397718
pendcart,3,WOA,123,3.0803241819446634,0.2585560213583572,3.0803241819446634,10.0,False,6.919675818055337
pendcart,3,WOA,124,3.0803092485662193,0.2585532780008958,3.0803092485662193,10.0,False,6.91969075143378
pendcart,3,WOA,125,3.080308928024411,0.25857485309250605,3.080308928024411,10.0,False,6.919691071975588
pendcart,3,WOA,126,3.080321847408967,0.2586177064080406,3.080321847408967,10.0,False,6.9196781525910325
pendcart,3,WOA,127,3.080346304704059,0.25867831517138495,3.080346304704059,10.0,False,6.919653695295941
pendcart,3,WOA,128,3.080380041073215,0.25875238352558894,3.080380041073215,10.0,False,6.919619958926785
pendcart,3,WOA,129,3.080420626042356,0.25883546381121003,3.080420626042356,10.0,False,6.919579373957644
pendcart,3,WOA,130,3.080465818738256,0.2589235151240121,3.080465818738256,10.0,False,6.919534181261744
pendcart,3,WOA,131,3.0805133646362237,0.2590126120968146,3.0805133646362237,10.0,False,6.919486635363777
pendcart,3,WOA,132,3.0805612551302883,0.2590993428047963,3.0805612551302883,10.0,False,6.919438744869712
pendcart,3,WOA,133,3.0806074359152347,0.25918038185990677,3.0806074359152347,10.0,False,6.919392564084765
pendcart,3,WOA,134,3.0806502316657864,0.2592531270711138,3.0806502316657864,10.0,False,6.919349768334214
pendcart,3,WOA,135,3.080688520360641,0.25931593726604873,3.080688520360641,10.0,False,6.919311479639359
pendcart,3,WOA,136,3.080721062375124,0.2593671218361788,3.080721062375124,10.0,False,6.919278937624876
pendcart,3,WOA,137,3.080747270603983,0.25940607807661153,3.080747270603983,10.0,False,6.9192527293960175
pendcart,3,WOA,138,3.0807670479835862,0.25943300920018353,3.0807670479835862,10.0,False,6.919232952016413
pendcart,3,WOA,139,3.080780319676581,0.2594482067335807,3.080780319676581,10.0,False,6.919219680323419
pendcart,3,WOA,140,3.080787404491766,0.2594525887637993,3.080787404491766,10.0,False,6.919212595508235
pendcart,3,WOA,141,3.0807888096145137,0.25944736773556076,3.0807888096145137,10.0,False,6.919211190385486
pendcart,3,WOA,142,3.080785272522302,0.2594340923770212,3.080785272522302,10.0,False,6.919214727477698
pendcart,3,WOA,143,3.080777683734037,0.2594145116935307,3.080777683734037,10.0,False,6.919222316265963
pendcart,3,WOA,144,3.080766860828124,0.25939022696386227,3.080766860828124,10.0,False,6.919233139171876
pendcart,3,WOA,145,3.080753796031698,0.259363050601482,3.080753796031698,10.0,False,6.919246203968302
pendcart,3,WOA,146,3.0807393029465993,0.2593344704757349,3.0807393029465993,10.0,False,6.919260697053401
pendcart,3,WOA,147,3.0807245472945572,0.25930643014489485,3.0807245472945572,10.0,False,6.919275452705443
pendcart,3,WOA,148,3.0807101625849507,0.25928000710336696,3.0807101625849507,10.0,False,6.919289837415049
pendcart,3,WOA,149,3.080696856355497,0.2592563306503143,3.080696856355497,10.0,False,6.919303143644504
pendcart,3,WOA,150,3.0806851302281895,0.25923616355725765,3.0806851302281895,10.0,False,6.91931486977181
