system,condition,k,J_star,warm_gap_norm
hvac,nominal,0,-160.35966334536283,
hvac,nominal,1,-159.25549131437361,0.0
hvac,nominal,2,-158.15140575683975,0.0
hvac,nominal,3,-157.04740666409543,0.0
hvac,nominal,4,-155.94349402747514,0.0
hvac,nominal,5,-154.83966783831536,0.0
hvac,nominal,6,-153.7359280879517,0.0
hvac,nominal,7,-152.63227476772212,0.0
hvac,nominal,8,-151.52870786896526,0.0
hvac,nominal,9,-150.42522738301992,0.0
hvac,nominal,10,-149.32183330122595,0.0
hvac,nominal,11,-148.21852561492443,0.0
hvac,nominal,12,-147.11530431545694,0.0
hvac,nominal,13,-146.0121693941661,0.0
hvac,nominal,14,-144.90912084239528,0.0
hvac,nominal,15,-143.80615865148835,0.0
hvac,nominal,16,-142.70328281279075,0.0
hvac,nominal,17,-141.6004933176486,0.0
hvac,nominal,18,-140.49779015740853,0.0
hvac,nominal,19,-139.3951733234179,0.0
hvac,nominal,20,-138.29264280702532,0.0
hvac,nominal,21,-137.19019859958024,0.0
hvac,nominal,22,-136.08784069243282,0.0
hvac,nominal,23,-134.98556907693413,0.0
hvac,nominal,24,-133.88338374443578,0.0
hvac,nominal,25,-132.7812846862907,0.0
hvac,nominal,26,-131.6792718938523,0.0
hvac,nominal,27,-130.577345358475,0.0
hvac,nominal,28,-129.47550507151408,0.0
hvac,nominal,29,-128.37375102432594,0.0
hvac,nominal,30,-127.27208320826702,0.0
hvac,nominal,31,-126.17050161469535,0.0
hvac,nominal,32,-125.06900623496966,0.0
hvac,nominal,33,-123.9675970604494,0.0
hvac,nominal,34,-122.86627408249467,0.0
hvac,nominal,35,-121.76503729246721,0.0
hvac,nominal,36,-120.6638866817286,0.0
hvac,nominal,37,-119.56282224164164,0.0
hvac,nominal,38,-118.46184396357029,0.0
hvac,nominal,39,-117.36095183887917,0.0
hvac,nominal,40,-116.26014585893353,0.0
hvac,nominal,41,-115.15942601509957,0.0
hvac,nominal,42,-114.0587922987443,0.0
hvac,nominal,43,-112.9582447012362,0.0
hvac,nominal,44,-111.8577832139436,0.0
hvac,nominal,45,-110.75740782823618,0.0
hvac,nominal,46,-109.65711853548481,0.0
hvac,nominal,47,-108.55691532706032,0.0
hvac,nominal,48,-107.45679819433519,0.0
hvac,nominal,49,-106.35676712868221,0.0
hvac,nominal,50,-105.25682212147541,0.0
hvac,nominal,51,-104.15696316408946,0.0
hvac,nominal,52,-103.05719024790002,0.0
hvac,nominal,53,-101.95750336428333,0.0
hvac,nominal,54,-100.85790250461667,0.0
hvac,nominal,55,-99.75838766027857,0.0
hvac,nominal,56,-98.65895882264726,0.0
hvac,nominal,57,-97.5596159831029,0.0
hvac,nominal,58,-96.46035913302597,0.0
hvac,nominal,59,-95.36118826379834,0.0
hvac,nominal,60,-94.26210336680185,0.0
hvac,nominal,61,-93.16310443341987,0.0
hvac,nominal,62,-92.06419145503662,0.0
hvac,nominal,63,-90.96536442303633,0.0
hvac,nominal,64,-89.86662332880545,0.0
hvac,nominal,65,-88.76796816372999,0.0
hvac,nominal,66,-87.66939891919753,0.0
hvac,nominal,67,-86.57091558659621,0.0
hvac,nominal,68,-85.47251815731522,0.0
hvac,nominal,69,-84.37420662274448,0.0
hvac,nominal,70,-83.2759809742746,0.0
hvac,nominal,71,-82.17784120329739,0.0
hvac,nominal,72,-81.07978730120536,0.0
hvac,nominal,73,-79.98181925939119,0.0
hvac,nominal,74,-78.88393706924953,0.0
hvac,nominal,75,-77.78614072217528,0.0
hvac,nominal,76,-76.68843020956413,0.0
hvac,nominal,77,-75.59080552281307,0.0
hvac,nominal,78,-74.4932666533191,0.0
hvac,nominal,79,-73.3958135924812,0.0
hvac,nominal,80,-72.29844633169793,0.0
hvac,nominal,81,-71.20116486236981,0.0
hvac,nominal,82,-70.10396917589725,0.0
hvac,nominal,83,-69.0084473179604,2.301246209425164e-05
hvac,nominal,84,-67.92618382772527,6.296399707494626e-05
hvac,nominal,85,-66.86103210961942,6.294742223595303e-05
hvac,nominal,86,-65.81272050009493,6.293072239948646e-05
hvac,nominal,87,-64.78098165755293,6.291389667325436e-05
hvac,nominal,88,-63.765552493510626,6.289694416318935e-05
hvac,nominal,89,-62.766174104866224,6.287986396828723e-05
hvac,nominal,90,-61.78259170724191,6.286265518220028e-05
hvac,nominal,91,-60.81455456938883,6.284531689326986e-05
hvac,nominal,92,-59.86181594863992,6.282784818366196e-05
hvac,nominal,93,-58.92413302738778,6.281024812921892e-05
hvac,nominal,94,-58.00126685057673,6.279251580306361e-05
hvac,nominal,95,-57.09298226419105,6.277465026995474e-05
hvac,nominal,96,-56.19904785472221,6.275665058882228e-05
hvac,nominal,97,-55.319235889601856,6.273851581493571e-05
hvac,nominal,98,-54.45332225858348,6.272024499684179e-05
hvac,nominal,99,-53.60108641605695,6.270183717690978e-05
hvac,nominal,100,-52.76231132428458,6.268329139281798e-05
hvac,nominal,101,-51.93678339754044,6.266460667436077e-05
hvac,nominal,102,-51.12429244713904,6.264578204812879e-05
hvac,nominal,103,-50.32463162734129,6.262681653431094e-05
hvac,nominal,104,-49.537597382120545,6.26077091454959e-05
hvac,nominal,105,-48.7629893927797,6.258845889064008e-05
hvac,nominal,106,-48.000610526400536,6.256906477148497e-05
hvac,nominal,107,-47.25026678511503,6.254952578456248e-05
hvac,nominal,108,-46.511767256185706,6.252984091997546e-05
hvac,nominal,109,-45.784924062879725,6.251000916250281e-05
hvac,nominal,110,-45.06955231612842,6.249002949089182e-05
hvac,nominal,111,-44.36547006695413,6.246990087771916e-05
hvac,nominal,112,-43.672498259657246,6.244962228973543e-05
hvac,nominal,113,-42.99046068574753,6.242919268728417e-05
hvac,nominal,114,-42.31918393861058,6.240861102572693e-05
hvac,nominal,115,-41.65849736889602,6.238787625298057e-05
hvac,nominal,116,-41.00823304061687,6.236698731279405e-05
hvac,nominal,117,-40.368225687948154,6.234594314140864e-05
hvac,nominal,118,-39.73831267271302,6.23247426693855e-05
hvac,nominal,119,-39.11833394254835,6.230338482084964e-05
hvac,nominal,120,-38.50813198973411,6.228186851615374e-05
hvac,nominal,121,-37.90755181068153,6.22601926667325e-05
hvac,nominal,122,-37.31644086606439,6.223835617824073e-05
hvac,nominal,123,-36.73464904158616,6.221635795190897e-05
hvac,nominal,124,-36.16202860937362,6.219419688234708e-05
hvac,nominal,125,-35.598434189983315,6.217187185640916e-05
hvac,nominal,126,-35.04372271501498,6.214938175691044e-05
hvac,nominal,127,-34.49775339031987,6.212672545940387e-05
hvac,nominal,128,-33.960387659795124,6.2103901832752e-05
hvac,nominal,129,-33.43148916975568,6.208090974161075e-05
hvac,nominal,130,-32.91092373387331,6.205774804284959e-05
hvac,nominal,131,-32.39855929867363,6.203441558730423e-05
hvac,nominal,132,-31.894265909584444,6.201091122069018e-05
hvac,nominal,133,-31.397915677523258,6.198723378065747e-05
hvac,nominal,134,-30.9093827460177,6.196338210002793e-05
hvac,nominal,135,-30.428543258850212,6.193935500502366e-05
hvac,nominal,136,-29.955275328217887,6.191515131647437e-05
hvac,nominal,137,-29.48945900339922,6.189076984689126e-05
hvac,nominal,138,-29.030976239920427,6.18662094054428e-05
hvac,nominal,139,-28.579710869212434,6.184146879259806e-05
hvac,nominal,140,-28.135548568752334,6.181654680336065e-05
hvac,nominal,141,-27.698376832679365,6.179144222624163e-05
hvac,nominal,142,-27.268084942879575,6.176615384596615e-05
hvac,nominal,143,-26.84456394053074,6.174068043685278e-05
hvac,nominal,144,-26.427706598100684,6.171502076949818e-05
hvac,nominal,145,-26.0174073917928,6.168917360934612e-05
hvac,nominal,146,-25.613562474427773,6.166313771150748e-05
hvac,nominal,147,-25.216069648760694,6.163691182861675e-05
hvac,nominal,148,-24.824828341220545,6.161049470603327e-05
hvac,nominal,149,-24.439739576069424,6.158388508316221e-05
hvac,nominal,150,-24.060705949972252,6.155708169128512e-05
hvac,nominal,151,-23.687631606973365,6.15300832584668e-05
hvac,nominal,152,-23.320422213869726,6.150288850285813e-05
hvac,nominal,153,-22.958984935978368,6.147549614017697e-05
hvac,nominal,154,-22.603228413287304,6.144790486330009e-05
hvac,nominal,155,-22.253062736988852,6.142011340484838e-05
hvac,nominal,156,-21.90839942638507,6.139212044215103e-05
hvac,nominal,157,-21.569151406162717,6.136392466572503e-05
hvac,nominal,158,-21.235232984028023,6.133552475676684e-05
hvac,nominal,159,-20.906559828699617,6.130691939311013e-05
hvac,nominal,160,-20.583048948250948,6.12781072448142e-05
hvac,nominal,161,-20.26461866879768,6.124908697663372e-05
hvac,nominal,162,-19.951188613525257,6.121985724623511e-05
hvac,nominal,163,-19.64267968204955,6.119041670584075e-05
hvac,nominal,164,-19.33901403010731,6.116076400182036e-05
hvac,nominal,165,-19.040115049569145,6.113089777351213e-05
hvac,nominal,166,-18.74590734877144,6.110081665385731e-05
hvac,nominal,167,-18.456316733161074,6.107051927149769e-05
hvac,nominal,168,-18.171270186249206,6.104000424649065e-05
hvac,nominal,169,-17.8906958508672,6.1009270195834116e-05
hvac,nominal,170,-17.61452301072231,6.097831572711883e-05
hvac,nominal,171,-17.342682072246287,6.094713944522241e-05
hvac,nominal,172,-17.075104546733392,6.0915739945850715e-05
hvac,nominal,173,-16.811723032762938,6.088411582172802e-05
hvac,nominal,174,-16.552471198901827,6.0852265657119e-05
hvac,nominal,175,-16.29728376668206,6.082018803228004e-05
hvac,nominal,176,-16.046096493850172,6.078788152015014e-05
hvac,nominal,177,-15.798846157882462,6.075534468747496e-05
hvac,nominal,178,-15.555470539763906,6.072257609790749e-05
hvac,nominal,179,-15.315908408024622,6.068957430502729e-05
hvac,nominal,180,-15.080099503030045,6.065633786008995e-05
hvac,nominal,181,-14.847984521522793,6.062286530817024e-05
hvac,nominal,182,-14.619505101409684,6.0589155185875806e-05
hvac,nominal,183,-14.39460380679091,6.0555206027377916e-05
hvac,nominal,184,-14.17322411322829,6.0521016358639404e-05
hvac,nominal,185,-13.955310393247295,6.04865847024723e-05
hvac,nominal,186,-13.740807902070962,6.045190957263764e-05
hvac,nominal,187,-13.529662763580024,6.041698948178654e-05
hvac,nominal,188,-13.321821956497221,6.0381822933060214e-05
hvac,nominal,189,-13.117233300791355,6.0346408426317114e-05
hvac,nominal,190,-12.915845444297814,6.031074445478814e-05
hvac,nominal,191,-12.717607849552317,6.0274829506743404e-05
hvac,nominal,192,-12.522470780834347,6.023866206509302e-05
hvac,nominal,193,-12.330385291416565,6.02022406078768e-05
hvac,nominal,194,-12.141303211017668,6.0165563606244585e-05
hvac,nominal,195,-11.955177133454685,6.012862952754757e-05
hvac,nominal,196,-11.771960404491947,6.009143683491902e-05
hvac,nominal,197,-11.59160710988404,6.005398398342088e-05
hvac,nominal,198,-11.414072063608582,6.0016269425325145e-05
hvac,nominal,199,-11.23931079628609,5.9978291606594795e-05
hvac,nominal,200,-11.067279543785393,5.994004896835514e-05
hvac,nominal,201,-10.897935236009033,5.9901539948733234e-05
hvac,nominal,202,-10.731235485858296,5.9862762977817574e-05
hvac,nominal,203,-10.56713857837363,5.982371648332947e-05
hvac,nominal,204,-10.40560346004771,5.978439888704563e-05
hvac,nominal,205,-10.246589728308662,5.974480860620906e-05
hvac,nominal,206,-10.090057621171564,5.9704944052755704e-05
hvac,nominal,207,-9.93596800705348,5.96648036369357e-05
hvac,nominal,208,-9.784282374751383,5.962438576002083e-05
hvac,nominal,209,-9.6349628235794,5.958368882220521e-05
hvac,nominal,210,-9.487972053663503,5.954271121837901e-05
hvac,nominal,211,-9.34327335638988,5.9501451337935895e-05
hvac,nominal,212,-9.200830605006084,5.945990756908105e-05
hvac,nominal,213,-9.060608245371519,5.941807829109622e-05
hvac,nominal,214,-8.922571286855364,5.937596188450554e-05
hvac,nominal,215,-8.786685293379232,5.9333556722122974e-05
hvac,nominal,216,-8.652916374602142,5.929086117357159e-05
hvac,nominal,217,-8.521231177246651,5.924787360519305e-05
hvac,nominal,218,-8.391596876562064,5.920459238035957e-05
hvac,nominal,219,-8.263981167924442,5.916101585550732e-05
hvac,nominal,220,-8.138352258569478,5.9117142388482654e-05
hvac,nominal,221,-8.014678859457865,5.9072970328418966e-05
hvac,nominal,222,-7.892930177269337,5.902849802474685e-05
hvac,nominal,223,-7.773075906524518,5.898372382204227e-05
hvac,nominal,224,-7.6550862218324,5.8938646061897276e-05
hvac,nominal,225,-7.538931770260707,5.8893263081782135e-05
hvac,nominal,226,-7.424583663828114,5.884757321847026e-05
hvac,nominal,227,-7.312013472115842,5.880157480294103e-05
hvac,nominal,228,-7.201193214996802,5.875526616594545e-05
hvac,nominal,229,-7.092095355480369,5.870864563413752e-05
hvac,nominal,230,-6.984692792671413,5.8661711530363735e-05
hvac,nominal,231,-6.8789588548409935,5.861446217834416e-05
hvac,nominal,232,-6.774867292607426,5.856689589505512e-05
hvac,nominal,233,-6.672392272226269,5.851901099863355e-05
hvac,nominal,234,-6.57150836898634,5.8470805804074245e-05
hvac,nominal,235,-6.472190560711812,5.842227862266035e-05
hvac,nominal,236,-6.374414221366757,5.8373427766422e-05
hvac,nominal,237,-6.278155114762151,5.8324251543029705e-05
hvac,nominal,238,-6.183389388362571,5.827474826035528e-05
hvac,nominal,239,-6.090093567191987,5.822491622281165e-05
hvac,nominal,240,-5.998244547836067,5.817475373488246e-05
hvac,nominal,241,-5.907819592539893,5.812425909986452e-05
hvac,nominal,242,-5.818796323400147,5.807343061773064e-05
hvac,nominal,243,-5.731152716649287,5.802226657616371e-05
hvac,nominal,244,-5.644867097030329,5.797076530486256e-05
hvac,nominal,245,-5.559918132262325,5.791892508507405e-05
hvac,nominal,246,-5.476284827592648,5.7866744213932435e-05
hvac,nominal,247,-5.393946520436566,5.78142209893328e-05
hvac,nominal,248,-5.312882875102197,5.776135370868719e-05
hvac,nominal,249,-5.233073877598917,5.770814066821178e-05
hvac,nominal,250,-5.154499830528991,5.76545801653981e-05
hvac,nominal,251,-5.077141348060115,5.760067049594296e-05
hvac,nominal,252,-5.000979350977687,5.7546409957160085e-05
hvac,nominal,253,-4.925995061816737,5.749179684596118e-05
hvac,nominal,254,-4.8521700000702515,5.743682946165197e-05
hvac,nominal,255,-4.779485977474302,5.73815061006837e-05
hvac,nominal,256,-4.707925093368078,5.732582506345648e-05
hvac,nominal,257,-4.637469730127762,5.7269784650366745e-05
hvac,nominal,258,-4.568102548672912,5.72133831620778e-05
hvac,nominal,259,-4.4998064840447745,5.715661890271603e-05
hvac,nominal,260,-4.4325647410541,5.7099490176116565e-05
hvac,nominal,261,-4.366360789999234,5.704199528778252e-05
hvac,nominal,262,-4.301178362451444,5.698413254703099e-05
hvac,nominal,263,-4.237001447107756,5.6925900263045794e-05
hvac,nominal,264,-4.173814285709814,5.6867296748248407e-05
hvac,nominal,265,-4.111601369027239,5.680832031857263e-05
hvac,nominal,266,-4.050347432905402,5.674896928854823e-05
hvac,nominal,267,-3.9900374543755928,5.6689241981932395e-05
hvac,nominal,268,-3.9306566478274654,5.6629136719567324e-05
hvac,nominal,269,-3.872190461242159,5.656865182882186e-05
hvac,nominal,270,-3.814624572485231,5.6507785639487514e-05
hvac,nominal,271,-3.757944885658888,5.644653648534229e-05
hvac,nominal,272,-3.702137527511851,5.638490270255274e-05
hvac,nominal,273,-3.6471888439065183,5.6322882634443886e-05
hvac,nominal,274,-3.593085396342535,5.626047462429948e-05
hvac,nominal,275,-3.5398139585351784,5.619767702404158e-05
hvac,nominal,276,-3.4873615130485036,5.613448818701028e-05
hvac,nominal,277,-3.4357152479818716,5.607090647469119e-05
hvac,nominal,278,-3.3848625537092696,5.600693024899324e-05
hvac,nominal,279,-3.3347910196706456,5.594255788303126e-05
hvac,nominal,280,-3.2854884312138797,5.5877787750385194e-05
hvac,nominal,281,-3.2369427664870973,5.581261823306116e-05
hvac,nominal,282,-3.1891421933807216,5.574704771815609e-05
hvac,nominal,283,-3.1420750665178243,5.568107460054563e-05
hvac,nominal,284,-3.095729924292446,5.561469727819386e-05
hvac,nominal,285,-3.0500954859547833,5.5547914160725154e-05
hvac,nominal,286,-3.0051606487433262,5.548072366030828e-05
hvac,nominal,287,-2.96091448506193,5.5413124198097566e-05
hvac,nominal,288,-2.9173462397022085,5.534511420323806e-05
hvac,nominal,289,-2.874445327109627,5.5276692112466924e-05
hvac,nominal,290,-2.832201328693719,5.520785636974589e-05
hvac,nominal,291,-2.790603990180617,5.5138605427401774e-05
hvac,nominal,292,-2.7496432190077202,5.50689377465182e-05
hvac,nominal,293,-2.709309081759832,5.4998851797331445e-05
hvac,nominal,294,-2.6695918016460523,5.492834605881533e-05
hvac,nominal,295,-2.6304817560169034,5.485741901890277e-05
hvac,nominal,296,-2.5919694739207455,5.4786069176292224e-05
hvac,nominal,297,-2.554045633699129,5.4714295036363347e-05
hvac,nominal,298,-2.5167010606202607,5.4642095119836286e-05
hvac,nominal,299,-2.4799267245503223,5.4569467952935325e-05
hvac,nominal,300,-2.4437137376616516,5.4496412074557624e-05
hvac,nominal,301,-2.4080533521773173,5.442292603571591e-05
hvac,nominal,302,-2.3729369581515583,5.4349008397546924e-05
hvac,nominal,303,-2.338356081285609,5.4274657731173476e-05
hvac,nominal,304,-2.3043023807781586,5.419987262234103e-05
hvac,nominal,305,-2.2707676472100697,5.41246516668636e-05
hvac,nominal,306,-2.2377438004624333,5.40489934755801e-05
hvac,nominal,307,-2.205222887668154,5.397289666908185e-05
hvac,nominal,308,-2.1731970811956303,5.389635988181092e-05
hvac,nominal,309,-2.141658676664931,5.381938176282865e-05
hvac,nominal,310,-2.1106000909949834,5.374196097398544e-05
hvac,nominal,311,-2.0800138604823912,5.36640961922541e-05
hvac,nominal,312,-2.0498926389102823,5.358578610544453e-05
hvac,nominal,313,-2.020229195687433,5.35070294203894e-05
hvac,nominal,314,-1.9910164140169793,5.342782485693247e-05
hvac,nominal,315,-1.9622472890939877,5.3348171148765446e-05
hvac,nominal,316,-1.933914926332172,5.326806704701859e-05
hvac,nominal,317,-1.9060125396182113,5.318751131935811e-05
hvac,nominal,318,-1.878533449594165,5.310650274717612e-05
hvac,nominal,319,-1.8514710819670324,5.302504013030851e-05
hvac,nominal,320,-1.8248189658452945,5.294312228474051e-05
hvac,nominal,321,-1.7985707321016209,5.286074804394751e-05
hvac,nominal,322,-1.772720111761968,5.2777916259991714e-05
hvac,nominal,323,-1.7472609344199364,5.2694625800696556e-05
hvac,nominal,324,-1.7221871266765643,5.2610875554096556e-05
hvac,nominal,325,-1.6974927106047066,5.252666442511991e-05
hvac,nominal,326,-1.6731718022378552,5.244199133989159e-05
hvac,nominal,327,-1.649218610083057,5.2356855241363906e-05
hvac,nominal,328,-1.6256274336574918,5.2271255093967944e-05
hvac,nominal,329,-1.6023926620479714,5.2185189882037884e-05
hvac,nominal,330,-1.5795087724937353,5.209865860795372e-05
hvac,nominal,331,-1.5569703289914831,5.2011660298863486e-05
hvac,nominal,332,-1.534771980922723,5.1924193999281645e-05
hvac,nominal,333,-1.5129084617027135,5.1836258777339356e-05
hvac,nominal,334,-1.4913745874511952,5.1747853721681556e-05
hvac,nominal,335,-1.4701652556837772,5.165897794469514e-05
hvac,nominal,336,-1.4492754440244713,5.1569630580298515e-05
hvac,nominal,337,-1.428700208938683,5.147981078446212e-05
hvac,nominal,338,-1.408434684485939,5.138951773798795e-05
hvac,nominal,339,-1.3884740810928826,5.1298750646000717e-05
hvac,nominal,340,-1.3688136843454832,5.120750873433798e-05
hvac,nominal,341,-1.349448853800383,5.111579125685318e-05
hvac,nominal,342,-1.330375021815455,5.102359749021039e-05
hvac,nominal,343,-1.3115876923983603,5.0930926737112365e-05
hvac,nominal,344,-1.2930824400740877,5.0837778324028865e-05
hvac,nominal,345,-1.2748549087697618,5.0744151606519e-05
hvac,nominal,346,-1.256900810717734,5.0650045963447964e-05
hvac,nominal,347,-1.2392159253756576,5.055546080195782e-05
hvac,nominal,348,-1.2217960983640195,5.046039555683067e-05
hvac,nominal,349,-1.2046372404203862,5.036484968775337e-05
hvac,nominal,350,-1.1877353263702572,5.026882268513022e-05
hvac,nominal,351,-1.171086394114307,5.017231406617075e-05
hvac,nominal,352,-1.1546865436315696,5.007532337605202e-05
hvac,nominal,353,-1.138531935998612,4.9977850190194775e-05
hvac,nominal,354,-1.1226187924241886,4.9879894113632336e-05
hvac,nominal,355,-1.1069433932992665,4.978145477979166e-05
hvac,nominal,356,-1.0915020772619564,4.9682531852929295e-05
hvac,nominal,357,-1.0762912402775906,4.958312502798156e-05
hvac,nominal,358,-1.0613073347330404,4.948323403179414e-05
hvac,nominal,359,-1.046546868545694,4.938285862076106e-05
hvac,nominal,360,-1.032006404286438,4.928199858337145e-05
hvac,nominal,361,-1.0176825583166038,4.918065374074703e-05
hvac,nominal,362,-1.0035719999385166,4.907882394697498e-05
hvac,nominal,363,-0.989671450559674,4.847065279189877e-05
hvac,nominal,364,-0.9759776828699855,4.769964934436821e-05
hvac,nominal,365,-0.9624875200322978,4.6940924337102174e-05
hvac,nominal,366,-0.949197834885515,4.6194282118605656e-05
hvac,nominal,367,-0.9361055491605933,4.5459530153890704e-05
hvac,nominal,368,-0.9232076327087826,4.473647897851318e-05
hvac,nominal,369,-0.9105011027422427,4.40249421473915e-05
hvac,nominal,370,-0.8979830230866099,4.332473618640087e-05
hvac,nominal,371,-0.8856505034454528,4.263568054729827e-05
hvac,nominal,372,-0.8735006986764337,4.195759755853956e-05
hvac,nominal,373,-0.8615308080789374,4.129031238020442e-05
hvac,nominal,374,-0.8497380746928316,4.063365296103072e-05
hvac,nominal,375,-0.8381197846086788,3.998744998923165e-05
hvac,nominal,376,-0.8266732662885947,3.935153685485915e-05
hvac,nominal,377,-0.8153958898979314,3.872574960128716e-05
hvac,nominal,378,-0.8042850666476828,3.810992688602077e-05
hvac,nominal,379,-0.7933382481472309,3.750390993806363e-05
hvac,nominal,380,-0.7825529257673081,3.69075425168397e-05
hvac,nominal,381,-0.7719266300131351,3.6320670872225236e-05
hvac,nominal,382,-0.7614569299075057,3.574314370491383e-05
hvac,nominal,383,-0.7511414323835152,3.517481212744755e-05
hvac,nominal,384,-0.7409777816870993,3.46155296239159e-05
hvac,nominal,385,-0.7309636587889388,3.406515201542781e-05
hvac,nominal,386,-0.7210967808056985,3.3523537419366534e-05
hvac,nominal,387,-0.7113749004304425,3.299054621674902e-05
hvac,nominal,388,-0.701795805372063,3.246604101148076e-05
hvac,nominal,389,-0.692357317803638,3.194988659926956e-05
hvac,nominal,390,-0.6830572938194884,3.14419499297669e-05
hvac,nominal,391,-0.6738936229008246,3.0942100073150236e-05
hvac,nominal,392,-0.6648642273899034,3.0450208187482453e-05
hvac,nominal,393,-0.6559670619725512,2.996614748296267e-05
hvac,nominal,394,-0.6472001131687224,2.9489793191284086e-05
hvac,nominal,395,-0.6385613988313702,2.9021022532549345e-05
hvac,nominal,396,-0.6300489676530323,2.8559714683962234e-05
hvac,nominal,397,-0.6216608986803165,2.8105750748297353e-05
hvac,nominal,398,-0.613395300836148,2.7659013723257964e-05
hvac,nominal,399,-0.6052503124495567,2.7219388471055872e-05
hvac,process_disturbance,0,-160.35966334536283,
hvac,process_disturbance,1,-159.8360583778766,0.0
hvac,process_disturbance,2,-159.38065615607917,0.0
hvac,process_disturbance,3,-161.56540396170982,0.0
hvac,process_disturbance,4,-160.59024904477525,0.0
hvac,process_disturbance,5,-156.92835964402076,0.0
hvac,process_disturbance,6,-157.61174577994757,0.0
hvac,process_disturbance,7,-163.53517894657438,0.0
hvac,process_disturbance,8,-157.4658690186124,0.0
hvac,process_disturbance,9,-152.6920197333088,0.0
hvac,process_disturbance,10,-152.8014719952236,0.0
hvac,process_disturbance,11,-150.38514380831325,0.0
hvac,process_disturbance,12,-142.5408202523281,0.0
hvac,process_disturbance,13,-134.05253325125022,0.0
hvac,process_disturbance,14,-135.50996958782576,0.0
hvac,process_disturbance,15,-132.9055675706831,0.0
hvac,process_disturbance,16,-131.8662304597078,0.0
hvac,process_disturbance,17,-130.66543057695634,0.0
hvac,process_disturbance,18,-128.73657858729905,0.0
hvac,process_disturbance,19,-131.483544470656,0.0
hvac,process_disturbance,20,-131.4065730120149,0.0
hvac,process_disturbance,21,-131.45965683099854,0.0
hvac,process_disturbance,22,-130.35160631415886,0.0
hvac,process_disturbance,23,-133.5756979992205,0.0
hvac,process_disturbance,24,-134.32896790793646,0.0
hvac,process_disturbance,25,-133.19004236624525,0.0
hvac,process_disturbance,26,-129.28914646454933,0.0
hvac,process_disturbance,27,-126.18572049587993,0.0
hvac,process_disturbance,28,-128.0810034186435,0.0
hvac,process_disturbance,29,-125.61594145236762,0.0
hvac,process_disturbance,30,-121.37172789353377,0.0
hvac,process_disturbance,31,-122.50083345048202,0.0
hvac,process_disturbance,32,-118.13887471633069,0.0
hvac,process_disturbance,33,-111.99299879060737,0.0
hvac,process_disturbance,34,-108.64027332968305,0.0
hvac,process_disturbance,35,-104.97360067063192,0.0
hvac,process_disturbance,36,-104.62612392072862,0.0
hvac,process_disturbance,37,-107.32216608300507,0.0
hvac,process_disturbance,38,-108.15098195041776,0.0
hvac,process_disturbance,39,-105.08096742950863,0.0
hvac,process_disturbance,40,-104.6515371484906,0.0
hvac,process_disturbance,41,-101.35495837536783,0.0
hvac,process_disturbance,42,-100.03754596968736,0.0
hvac,process_disturbance,43,-93.85451071829394,0.0
hvac,process_disturbance,44,-93.02191369567026,3.4925839378248457e-06
hvac,process_disturbance,45,-93.53434310847211,0.00014142677802445887
hvac,process_disturbance,46,-93.19297509351614,8.783412266272565e-06
hvac,process_disturbance,47,-93.00105237864045,0.00022140330725979636
hvac,process_disturbance,48,-92.23984428002885,0.0
hvac,process_disturbance,49,-90.12411853208954,0.0
hvac,process_disturbance,50,-87.6202228513597,0.0
hvac,process_disturbance,51,-83.0011476225319,0.0
hvac,process_disturbance,52,-81.58571710053249,2.5476561639422773e-08
hvac,process_disturbance,53,-77.07909620151096,0.0003163437604950268
hvac,process_disturbance,54,-75.65936831177245,0.0004277344385857756
hvac,process_disturbance,55,-74.8597473109758,0.0001901660317265137
hvac,process_disturbance,56,-75.92312443010633,8.503805998818812e-05
hvac,process_disturbance,57,-74.57341968918271,0.0010373860669312606
hvac,process_disturbance,58,-70.06538143585887,0.0006942202361999149
hvac,process_disturbance,59,-64.33775995555527,0.0006753070720622838
hvac,process_disturbance,60,-65.77766514747125,0.00114238271402237
hvac,process_disturbance,61,-62.40046936052035,0.0026617740003383695
hvac,process_disturbance,62,-58.591278798887544,0.003420484931049058
hvac,process_disturbance,63,-63.81289158242424,0.005619136562070661
hvac,process_disturbance,64,-62.6752838925508,0.0020901216551623865
hvac,process_disturbance,65,-60.24339284387795,6.916256433941647e-05
hvac,process_disturbance,66,-59.16466490898983,0.0005139305486007447
hvac,process_disturbance,67,-57.94891360286094,1.6800190492550938e-05
hvac,process_disturbance,68,-57.81347050988455,0.00013607238481277772
hvac,process_disturbance,69,-52.04110329335313,0.002516384695704416
hvac,process_disturbance,70,-54.61825386231909,0.0016766030328004525
hvac,process_disturbance,71,-49.609181206558034,0.00216778632984045
hvac,process_disturbance,72,-45.2328201284708,0.003557505895322385
hvac,process_disturbance,73,-42.47602252700918,0.005188567521956503
hvac,process_disturbance,74,-37.24988573614671,0.009877739829030608
hvac,process_disturbance,75,-33.91996957670999,0.004289829013494384
hvac,process_disturbance,76,-36.07085593791758,0.0009617402513629152
hvac,process_disturbance,77,-34.38196958843021,0.001150972347169104
hvac,process_disturbance,78,-34.111363322022235,0.0026968266606193793
hvac,process_disturbance,79,-35.9480977932723,0.0013202937417968784
hvac,process_disturbance,80,-34.93753403635588,0.0006921343221646291
hvac,process_disturbance,81,-32.38042689188083,0.001784735818165364
hvac,process_disturbance,82,-29.016865616785363,0.00742187639135937
hvac,process_disturbance,83,-30.92782124555949,0.0012964268215411457
hvac,process_disturbance,84,-30.673660065222577,0.0007001638537873387
hvac,process_disturbance,85,-30.830638444410177,0.00025887393051393344
hvac,process_disturbance,86,-33.050894228198885,0.002624374470699842
hvac,process_disturbance,87,-30.733948866906466,0.0017514724954742938
hvac,process_disturbance,88,-34.701139454173656,0.006292238367223469
hvac,process_disturbance,89,-39.23466830720626,0.00355496358876271
hvac,process_disturbance,90,-37.74317292047878,0.0005209117335291421
hvac,process_disturbance,91,-36.6658958552305,0.0007145368289019333
hvac,process_disturbance,92,-35.96163506413872,0.0008350632139285855
hvac,process_disturbance,93,-31.718360887857692,0.005275468758562059
hvac,process_disturbance,94,-31.622468880434145,0.013386649113374333
hvac,process_disturbance,95,-29.02361363587137,0.006318933892212978
hvac,process_disturbance,96,-34.10837284219656,0.0072775559529772525
hvac,process_disturbance,97,-35.84479464474488,0.0037833885036775918
hvac,process_disturbance,98,-27.719788762731014,0.007047587697658601
hvac,process_disturbance,99,-31.259875633893806,0.0038552747219157872
hvac,process_disturbance,100,-32.65539962653318,0.001591539329292051
hvac,process_disturbance,101,-35.40111178874346,0.0010788234831370788
hvac,process_disturbance,102,-36.73626490462315,0.00027938514595269844
hvac,process_disturbance,103,-39.13866239184938,0.0005463473053224909
hvac,process_disturbance,104,-39.48571985401496,0.0029773711192246687
hvac,process_disturbance,105,-41.12039393493174,0.00423057687000207
hvac,process_disturbance,106,-42.11248527840741,0.00040021618440890335
hvac,process_disturbance,107,-40.59324564384009,0.0014999507229815554
hvac,process_disturbance,108,-41.904687194773146,0.0012735506674732958
hvac,process_disturbance,109,-41.13026457965097,0.00709691958077786
hvac,process_disturbance,110,-39.549879185951845,0.007886579699046837
hvac,process_disturbance,111,-36.92815105631219,0.0015567392585627785
hvac,process_disturbance,112,-33.60717405688858,0.003907825751096306
hvac,process_disturbance,113,-29.840931361532505,0.006851442109897921
hvac,process_disturbance,114,-24.08372845828061,0.019721305170300376
hvac,process_disturbance,115,-25.802933723923857,0.004884270509581719
hvac,process_disturbance,116,-24.593940685956934,0.0020177675679614645
hvac,process_disturbance,117,-24.560895635336824,0.0076861515337744955
hvac,process_disturbance,118,-22.989797728488863,0.00284383044418676
hvac,process_disturbance,119,-23.93122458667867,0.0022505773468753398
hvac,process_disturbance,120,-23.074428975939487,0.00830499271750695
hvac,process_disturbance,121,-21.849935271751836,0.002225347168056423
hvac,process_disturbance,122,-21.267959915694643,0.006514558281108725
hvac,process_disturbance,123,-25.142349449118385,0.010038117337377136
hvac,process_disturbance,124,-26.505219383141227,0.0017880525288636138
hvac,process_disturbance,125,-26.03253303883822,0.004296728071734997
hvac,process_disturbance,126,-24.26764029556146,0.0038063780203430576
hvac,process_disturbance,127,-23.234319615252225,0.0027918141933600234
hvac,process_disturbance,128,-20.432911019832314,0.01224402859981142
hvac,process_disturbance,129,-20.588074694840888,0.0028031407854331
hvac,process_disturbance,130,-21.204474320394283,0.0027641102487485627
hvac,process_disturbance,131,-21.378327164945308,0.009214423670927181
hvac,process_disturbance,132,-19.024751145887887,0.007263185793428897
hvac,process_disturbance,133,-16.14828207980797,0.013471079226724412
hvac,process_disturbance,134,-13.276856269288142,0.016044269303103067
hvac,process_disturbance,135,-10.726535097145186,0.020122679422963804
hvac,process_disturbance,136,-9.77400391411415,0.011809369648911432
hvac,process_disturbance,137,-10.578859847711183,0.009676691783360628
hvac,process_disturbance,138,-9.491354411555548,0.010028458180944605
hvac,process_disturbance,139,-8.104199778496135,0.012247102883208688
hvac,process_disturbance,140,-7.90505308867334,0.030886059137171667
hvac,process_disturbance,141,-8.17378488980113,0.004799416061668555
hvac,process_disturbance,142,-9.385827632190638,0.004832472144886675
hvac,process_disturbance,143,-8.651683233146594,0.015030636738705925
hvac,process_disturbance,144,-7.897355350228719,0.021103869660866626
hvac,process_disturbance,145,-7.794557069684628,0.006850289689971624
hvac,process_disturbance,146,-8.901686735814469,0.009192641062446582
hvac,process_disturbance,147,-9.455521394327722,0.007800812256563054
hvac,process_disturbance,148,-9.733089271755905,0.01984488572470028
hvac,process_disturbance,149,-8.402984025878077,0.024286695957967
hvac,process_disturbance,150,-9.731773877702055,0.007397322548979185
hvac,process_disturbance,151,-9.002038537216386,0.020492067607633828
hvac,process_disturbance,152,-7.111185479977126,0.02514942232951427
hvac,process_disturbance,153,-6.78218103807014,0.001970415641808863
hvac,process_disturbance,154,-6.707515796283044,0.00891181053869066
hvac,process_disturbance,155,-6.4420729311222695,0.0011852147600866316
hvac,process_disturbance,156,-3.8695340654233132,0.09918297911859401
hvac,process_disturbance,157,-4.360374579568094,0.009782201630787203
hvac,process_disturbance,158,-4.6765930084523,0.0165158588485737
hvac,process_disturbance,159,-4.655496590102346,0.0012681633368438075
hvac,process_disturbance,160,-4.706691651508943,0.05938822648228121
hvac,process_disturbance,161,-3.783017282734214,0.03069616278482413
hvac,process_disturbance,162,-2.8985877149362262,0.03953116848181891
hvac,process_disturbance,163,-2.7506346833648414,0.00255125501235568
hvac,process_disturbance,164,-3.6735772669415323,0.08581035236795388
hvac,process_disturbance,165,-4.100577841493738,0.007474357139664324
hvac,process_disturbance,166,-4.633133083461825,0.028262185790610322
hvac,process_disturbance,167,-3.5037901801456575,0.029603389646588152
hvac,process_disturbance,168,-4.529512361473264,0.015205585485458544
hvac,process_disturbance,169,-4.262568794096057,0.02901619045965929
hvac,process_disturbance,170,-4.976674264096264,0.026117046920971956
hvac,process_disturbance,171,-5.14735001816292,0.004218679411685716
hvac,process_disturbance,172,-5.235771313001649,0.0063664420182651385
hvac,process_disturbance,173,-4.363585854339231,0.07015458652405071
hvac,process_disturbance,174,-3.4993540299009744,0.0226873200206455
hvac,process_disturbance,175,-6.24614650454685,0.0662160749532749
hvac,process_disturbance,176,-7.155107420568959,0.007119623539991386
hvac,process_disturbance,177,-6.508046001736064,0.010251477290338026
hvac,process_disturbance,178,-6.691897340726211,0.017737543549172022
hvac,process_disturbance,179,-7.170443661743523,0.016109045854930802
hvac,process_disturbance,180,-6.8731151032700275,0.005880250392207114
hvac,process_disturbance,181,-9.175165545456498,0.021570612335073135
hvac,process_disturbance,182,-10.126902928826231,0.017129301714841824
hvac,process_disturbance,183,-8.895891314421746,0.014860395236272762
hvac,process_disturbance,184,-10.395169767170831,0.01066276075253656
hvac,process_disturbance,185,-10.751787803904932,0.004161713787048891
hvac,process_disturbance,186,-11.728437419189468,0.005081182487751154
hvac,process_disturbance,187,-12.787817781470107,0.009440351097238384
hvac,process_disturbance,188,-10.956716165957925,0.007152160309404934
hvac,process_disturbance,189,-11.376900329722238,0.008584301517304476
hvac,process_disturbance,190,-11.57321835814935,0.004552649669073397
hvac,process_disturbance,191,-13.012684064684747,0.007318373233922251
hvac,process_disturbance,192,-12.961616769428085,0.006356280934991699
hvac,process_disturbance,193,-13.79662236742328,0.01721516743331651
hvac,process_disturbance,194,-11.397243961342973,0.016150745479484793
hvac,process_disturbance,195,-12.128495554507165,0.00819831829147602
hvac,process_disturbance,196,-14.55098969830581,0.01660977520259185
hvac,process_disturbance,197,-15.240109751344756,0.0006416665396273626
hvac,process_disturbance,198,-16.170557775909437,0.000991005450831737
hvac,process_disturbance,199,-16.977385465179943,0.0040290501983944755
hvac,process_disturbance,200,-17.29277952679644,0.00032442951824766103
hvac,process_disturbance,201,-15.454354837690914,0.008574553960301715
hvac,process_disturbance,202,-16.240432573816356,0.004152492908013812
hvac,process_disturbance,203,-16.13678235745128,0.0005342977703200702
hvac,process_disturbance,204,-14.974210873058574,0.004633626782223922
hvac,process_disturbance,205,-14.645248668161587,0.0022602841865407303
hvac,process_disturbance,206,-15.222487996309368,0.003489999443552044
hvac,process_disturbance,207,-13.974691313032341,0.01243419315561151
hvac,process_disturbance,208,-14.643033911027915,0.021987274673904465
hvac,process_disturbance,209,-15.724788733572899,0.0015722153876577209
hvac,process_disturbance,210,-14.297252408081564,0.002606495549073839
hvac,process_disturbance,211,-13.362198491928002,0.006745502463460564
hvac,process_disturbance,212,-13.889177328335489,0.011774402224929183
hvac,process_disturbance,213,-11.111851701339171,0.022649204916910946
hvac,process_disturbance,214,-10.428318902497246,0.006897593601460999
hvac,process_disturbance,215,-9.858593501421733,0.00633434620196196
hvac,process_disturbance,216,-10.1902842072631,0.0011287692918141659
hvac,process_disturbance,217,-10.875978045744237,0.010406742535553546
hvac,process_disturbance,218,-12.831922033676822,0.011812628112504674
hvac,process_disturbance,219,-13.636725159065469,0.0016238481833992947
hvac,process_disturbance,220,-15.432375653677159,0.008384798087367026
hvac,process_disturbance,221,-15.134817028268145,0.0002870182222520415
hvac,process_disturbance,222,-14.124582256965153,0.017179471725327064
hvac,process_disturbance,223,-15.56686780355981,0.010086201212366695
hvac,process_disturbance,224,-15.031584076907382,0.004810556462783592
hvac,process_disturbance,225,-12.99523769088891,0.01754818873720473
hvac,process_disturbance,226,-12.438320885301884,0.0007120019245771052
hvac,process_disturbance,227,-13.565535845277786,0.006139904745589126
hvac,process_disturbance,228,-12.34691191852113,0.003796402294069451
hvac,process_disturbance,229,-10.777807437376772,0.005429320782379871
hvac,process_disturbance,230,-8.085458968316335,0.031882639512928405
hvac,process_disturbance,231,-8.049998078917469,0.014663735661019582
hvac,process_disturbance,232,-6.966925837267978,0.01545770913520224
hvac,process_disturbance,233,-6.383202943664787,0.010412210866301263
hvac,process_disturbance,234,-5.57959385029741,0.005932052787814606
hvac,process_disturbance,235,-6.367355690790868,0.01652044070982973
hvac,process_disturbance,236,-4.9139515416198165,0.03695336894210661
hvac,process_disturbance,237,-4.466939231467942,0.025010251356991763
hvac,process_disturbance,238,-4.987845000205075,0.01084262765609216
hvac,process_disturbance,239,-4.323815260261846,0.02028201109627152
hvac,process_disturbance,240,-4.684771029297427,0.017033479207758887
hvac,process_disturbance,241,-4.836532202402778,0.019787765475843357
hvac,process_disturbance,242,-5.171823076973649,0.009166056634245136
hvac,process_disturbance,243,-4.209668804671657,0.046845544023106325
hvac,process_disturbance,244,-3.9034584498073874,0.015031686598882236
hvac,process_disturbance,245,-3.371814327803488,0.04575988862105271
hvac,process_disturbance,246,-3.280530118223402,0.005788532019685691
hvac,process_disturbance,247,-2.7785658407085085,0.06416073409987662
hvac,process_disturbance,248,-2.4000284887575742,0.18106343531336944
hvac,process_disturbance,249,-2.8878321391997295,0.027332926181820382
hvac,process_disturbance,250,-3.1870762924449125,0.028360306927050764
hvac,process_disturbance,251,-3.4749720822406744,0.020496628502737316
hvac,process_disturbance,252,-3.961113630905342,0.010911554053639017
hvac,process_disturbance,253,-3.9211240676191768,0.008531569588426456
hvac,process_disturbance,254,-3.231549009526722,0.02446610116202669
hvac,process_disturbance,255,-3.207921555594109,0.04082109839966178
hvac,process_disturbance,256,-2.322614267786273,0.17717560951504083
hvac,process_disturbance,257,-1.5579080538435344,0.08819566350476296
hvac,process_disturbance,258,-1.7523000369250292,0.09887453783325324
hvac,process_disturbance,259,-1.865525588248362,0.032252148469954826
hvac,process_disturbance,260,-2.1449096462406887,0.015617570431104353
hvac,process_disturbance,261,-1.7014192376391089,0.049803028407616134
hvac,process_disturbance,262,-0.5729712298461364,0.3102952034374956
hvac,process_disturbance,263,-1.2988609885044957,0.15303113363335255
hvac,process_disturbance,264,-2.1146201416571113,0.07962162467156945
hvac,process_disturbance,265,-1.9219971225720924,0.026836974406126736
hvac,process_disturbance,266,-2.0048297931866985,0.01625268507271582
hvac,process_disturbance,267,-2.217716902380733,0.003845479197441214
hvac,process_disturbance,268,-1.6146299478879245,0.06321540193046185
hvac,process_disturbance,269,-2.0421323207248014,0.05238149045381734
hvac,process_disturbance,270,-2.1110365705034337,0.03537695778986948
hvac,process_disturbance,271,-2.501150974903993,0.05073928134668828
hvac,process_disturbance,272,-2.933088507968226,0.010609627815131868
hvac,process_disturbance,273,-2.150017351223125,0.028529803606523674
hvac,process_disturbance,274,-1.4243543089433057,0.0727782391820801
hvac,process_disturbance,275,-1.0419982242903665,0.11981523247656732
hvac,process_disturbance,276,-0.8913691882762669,0.17560186464041627
hvac,process_disturbance,277,-1.351181814826561,0.039757182479589225
hvac,process_disturbance,278,-1.135074556647022,0.008630057610803685
hvac,process_disturbance,279,-1.1273356275444422,0.06061560791966128
hvac,process_disturbance,280,-1.132747580667226,0.11936260316613698
hvac,process_disturbance,281,-1.0813852213653388,0.20156223760639322
hvac,process_disturbance,282,-0.9341756508011534,0.15037822073948148
hvac,process_disturbance,283,-0.5415278217232938,0.05375661681624988
hvac,process_disturbance,284,-0.41919237303268325,0.01989019663619679
hvac,process_disturbance,285,-0.3582809915365447,0.27677098142832474
hvac,process_disturbance,286,-0.10110484892141317,0.12078204931724099
hvac,process_disturbance,287,-0.19834601321152584,0.22066910706750037
hvac,process_disturbance,288,-0.28272073149974497,0.3157215377785517
hvac,process_disturbance,289,-0.7574682559969006,0.45410583590441456
hvac,process_disturbance,290,-0.82165499521954,0.08784281483776546
hvac,process_disturbance,291,-1.155350513239307,0.1673169933366053
hvac,process_disturbance,292,-0.9022201458742846,0.020529861005788352
hvac,process_disturbance,293,-1.0350969609516485,0.147535956307494
hvac,process_disturbance,294,-1.596424964373307,0.14771587599877634
hvac,process_disturbance,295,-1.894949183066097,0.01747221986418127
hvac,process_disturbance,296,-2.334840225722341,0.06410213599500952
hvac,process_disturbance,297,-1.7216234667888004,0.041763285044773266
hvac,process_disturbance,298,-1.5719400923560867,0.0037699125092885153
hvac,process_disturbance,299,-1.1679093436226535,0.07103858272536573
hvac,process_disturbance,300,-1.1713633219771207,0.005050662035984522
hvac,process_disturbance,301,-0.6950923649529595,0.06180623254918993
hvac,process_disturbance,302,-0.8130895593715886,0.09078679814331614
hvac,process_disturbance,303,-1.339040933025212,0.09594692492918751
hvac,process_disturbance,304,-1.622129040272995,0.010490192102629354
hvac,process_disturbance,305,-1.2185813501732259,0.195400115124887
hvac,process_disturbance,306,-1.5519300887564864,0.14686810987377044
hvac,process_disturbance,307,-2.03166463365232,0.019730718639144197
hvac,process_disturbance,308,-1.968833168650647,0.05549423438456234
hvac,process_disturbance,309,-1.536803859394686,0.04620684654186939
hvac,process_disturbance,310,-1.3606887843617346,0.01580270261209754
hvac,process_disturbance,311,-2.114870017218091,0.05659545371899763
hvac,process_disturbance,312,-2.2763619992187047,0.021811130740637643
hvac,process_disturbance,313,-2.3864154953880607,0.036883621860152156
hvac,process_disturbance,314,-1.7789850275528085,0.04387559356310399
hvac,process_disturbance,315,-1.823706289049174,0.017484802704530684
hvac,process_disturbance,316,-2.6447997811412693,0.06952351389426786
hvac,process_disturbance,317,-3.1886678482777513,0.02381272715309793
hvac,process_disturbance,318,-3.8304452349289217,0.01344589181415723
hvac,process_disturbance,319,-4.66953750787645,0.03295206113968632
hvac,process_disturbance,320,-5.8309712444863635,0.013332619858815066
hvac,process_disturbance,321,-4.509846115342863,0.027323706316554966
hvac,process_disturbance,322,-4.296455940965424,0.004679247933251887
hvac,process_disturbance,323,-3.4810205874589615,0.01339312781924425
hvac,process_disturbance,324,-2.9386195293082933,0.04803276046365151
hvac,process_disturbance,325,-3.6992043984684577,0.02970632975023114
hvac,process_disturbance,326,-5.089568382160569,0.02196692904029551
hvac,process_disturbance,327,-4.959486921243755,0.04077663739278786
hvac,process_disturbance,328,-4.043741697448787,0.012617207631741829
hvac,process_disturbance,329,-4.007300953374735,0.0664119908541887
hvac,process_disturbance,330,-5.181215700243778,0.018864798957884125
hvac,process_disturbance,331,-4.423719142865367,0.08701908301420753
hvac,process_disturbance,332,-5.332132632617926,0.045393236320203034
hvac,process_disturbance,333,-4.168161162104213,0.023041233938539126
hvac,process_disturbance,334,-3.7235337436628613,0.013032290067545613
hvac,process_disturbance,335,-4.104321428063936,0.022598685581658392
hvac,process_disturbance,336,-4.823824318794472,0.03185257359342711
hvac,process_disturbance,337,-4.095466133980241,0.008521355430073183
hvac,process_disturbance,338,-3.953186122315867,0.010547276589876729
hvac,process_disturbance,339,-4.102544809984812,0.0046980451402797415
hvac,process_disturbance,340,-5.991788136054216,0.061585349349632376
hvac,process_disturbance,341,-5.495687488654557,0.031254387961204
hvac,process_disturbance,342,-4.91992108325368,0.012881792944249687
hvac,process_disturbance,343,-6.006663573011113,0.024070915692045405
hvac,process_disturbance,344,-6.47335319644852,0.008354524268149026
hvac,process_disturbance,345,-7.763743326992433,0.0077702184600128305
hvac,process_disturbance,346,-7.956885997586942,0.00352804164198455
hvac,process_disturbance,347,-9.009621883570885,0.019089840605628988
hvac,process_disturbance,348,-8.27835837683485,0.009063575129633124
hvac,process_disturbance,349,-9.692524380614474,0.008214821591876104
hvac,process_disturbance,350,-10.405230666299348,0.002028858535374645
hvac,process_disturbance,351,-8.236532800828346,0.015950732674149235
hvac,process_disturbance,352,-7.703000198883409,0.01108025559501252
hvac,process_disturbance,353,-8.284134258452706,0.011107336066855827
hvac,process_disturbance,354,-6.883346811042064,0.021965988115818163
hvac,process_disturbance,355,-5.072148516950546,0.04725605380504
hvac,process_disturbance,356,-4.5650189034649,0.023870262883920332
hvac,process_disturbance,357,-4.927041768117675,0.017206729289127188
hvac,process_disturbance,358,-4.246080019661097,0.019105174398442653
hvac,process_disturbance,359,-4.575470218020074,0.040635081123746156
hvac,process_disturbance,360,-4.033978696320773,0.04255034733416214
hvac,process_disturbance,361,-3.620304566791923,0.010631254008302053
hvac,process_disturbance,362,-4.361489458464758,0.019839704041761066
hvac,process_disturbance,363,-4.178492388532214,0.026585898894809955
hvac,process_disturbance,364,-6.498636371360408,0.040969679135885
hvac,process_disturbance,365,-6.45723936456222,0.04714010089668901
hvac,process_disturbance,366,-7.0857083283166755,0.01665863770194821
hvac,process_disturbance,367,-6.145023550137071,0.014389550382872924
hvac,process_disturbance,368,-6.276636128449885,0.002277231140493578
hvac,process_disturbance,369,-5.518609069731774,0.0050366553014037805
hvac,process_disturbance,370,-6.287744974873528,0.025680729961123736
hvac,process_disturbance,371,-6.548671208644259,0.006104893018056859
hvac,process_disturbance,372,-7.749002139022119,0.015571483732972758
hvac,process_disturbance,373,-7.396304038051424,0.009211668027699951
hvac,process_disturbance,374,-5.9539013005152714,0.02412105451385911
hvac,process_disturbance,375,-6.736230998673136,0.03962545581782855
hvac,process_disturbance,376,-6.927381573100431,0.0019436350372917383
hvac,process_disturbance,377,-8.74355610515058,0.0267108187703631
hvac,process_disturbance,378,-9.981034464254966,0.0048988822292676025
hvac,process_disturbance,379,-9.16126270107226,0.007517663472510639
hvac,process_disturbance,380,-12.496998547513407,0.05213967214736393
hvac,process_disturbance,381,-13.292914533908949,0.0011425524943077707
hvac,process_disturbance,382,-12.453545503364687,0.001452682506130565
hvac,process_disturbance,383,-13.262975354268807,0.00501699557297212
hvac,process_disturbance,384,-13.937266559833088,0.004365763559710551
hvac,process_disturbance,385,-13.16694688829993,0.0023742061918228235
hvac,process_disturbance,386,-15.182712001126585,0.006118754968290276
hvac,process_disturbance,387,-14.436517787013747,0.026299111806787
hvac,process_disturbance,388,-12.14635484140752,0.011584217343795191
hvac,process_disturbance,389,-11.233221106516261,0.015205611756117227
hvac,process_disturbance,390,-12.019274751375555,0.006154906923394519
hvac,process_disturbance,391,-11.189133854572306,0.009850962981113322
hvac,process_disturbance,392,-9.793753139833772,0.005208185046906165
hvac,process_disturbance,393,-13.028058870597018,0.02559418250090236
hvac,process_disturbance,394,-13.618796555415189,0.016769052520720727
hvac,process_disturbance,395,-13.44908225827939,0.003896633073895804
hvac,process_disturbance,396,-12.605322452030801,0.002380442433074106
hvac,process_disturbance,397,-11.82195640877022,0.0012957870994875222
hvac,process_disturbance,398,-14.83890511783017,0.014096089937940159
hvac,process_disturbance,399,-15.513106285888442,0.010073842795253665
hvac,measurement_noise,0,-160.94023040886572,
hvac,measurement_noise,1,-159.90422102113882,0.0
hvac,measurement_noise,2,-161.44025099835602,0.0
hvac,measurement_noise,3,-157.1765258076842,0.0
hvac,measurement_noise,4,-153.3858026522512,0.0
hvac,measurement_noise,5,-156.6269609809264,0.0
hvac,measurement_noise,6,-160.7633247408047,0.0
hvac,measurement_noise,7,-147.6674040408554,0.0
hvac,measurement_noise,8,-147.8588141642828,0.0
hvac,measurement_noise,9,-151.63825530655032,0.0
hvac,measurement_noise,10,-148.00909145451138,0.0
hvac,measurement_noise,11,-141.47759703256173,0.0
hvac,measurement_noise,12,-139.72978685876495,0.0
hvac,measurement_noise,13,-148.5716982559176,0.0
hvac,measurement_noise,14,-143.40692979589585,0.0
hvac,measurement_noise,15,-143.8688261034037,0.0
hvac,measurement_noise,16,-142.60440621650167,0.0
hvac,measurement_noise,17,-140.7734703897115,0.0
hvac,measurement_noise,18,-144.3464327581541,0.0
hvac,measurement_noise,19,-140.42010023666302,0.0
hvac,measurement_noise,20,-139.44762073292333,0.0
hvac,measurement_noise,21,-137.18404836907166,0.0
hvac,measurement_noise,22,-140.41374604873454,0.0
hvac,measurement_noise,23,-136.84091241590414,0.0
hvac,measurement_noise,24,-133.84659380804953,0.0
hvac,measurement_noise,25,-129.98243518730587,0.0
hvac,measurement_noise,26,-129.67758217204073,0.0
hvac,measurement_noise,27,-133.5741182495451,0.0
hvac,measurement_noise,28,-128.1120865587335,0.0
hvac,measurement_noise,29,-125.23098566335358,0.0
hvac,measurement_noise,30,-129.50229937370236,0.0
hvac,measurement_noise,31,-122.90974555367484,0.0
hvac,measurement_noise,32,-120.02398589948965,0.0
hvac,measurement_noise,33,-121.71523751453731,0.0
hvac,measurement_noise,34,-120.29970113690194,0.0
hvac,measurement_noise,35,-122.51736898787206,0.0
hvac,measurement_noise,36,-124.45971149438196,0.0
hvac,measurement_noise,37,-121.49163844299721,0.0
hvac,measurement_noise,38,-116.49189808686589,0.0
hvac,measurement_noise,39,-118.03134663567485,0.0
hvac,measurement_noise,40,-114.06335969347955,0.0
hvac,measurement_noise,41,-114.94154442789005,0.0
hvac,measurement_noise,42,-108.97518445857827,0.0
hvac,measurement_noise,43,-113.22425752601754,0.0
hvac,measurement_noise,44,-113.46803081730422,0.0
hvac,measurement_noise,45,-111.51413406528309,0.0
hvac,measurement_noise,46,-110.56271657795796,0.0
hvac,measurement_noise,47,-108.89458122096772,0.0
hvac,measurement_noise,48,-106.43988748754288,0.0
hvac,measurement_noise,49,-104.95151929825582,0.0
hvac,measurement_noise,50,-101.73619639853888,0.0
hvac,measurement_noise,51,-103.83961250319828,0.0
hvac,measurement_noise,52,-99.62359611092583,0.0
hvac,measurement_noise,53,-101.53428701196486,0.0
hvac,measurement_noise,54,-101.03522806882114,0.0
hvac,measurement_noise,55,-101.80443335412477,0.0
hvac,measurement_noise,56,-97.98956388133212,0.0
hvac,measurement_noise,57,-93.81020182099735,0.0
hvac,measurement_noise,58,-91.56413874359461,0.0
hvac,measurement_noise,59,-97.77206317706921,0.0
hvac,measurement_noise,60,-90.93177613756012,0.0
hvac,measurement_noise,61,-90.00177009980828,0.0
hvac,measurement_noise,62,-98.90337092214645,0.0
hvac,measurement_noise,63,-89.72858110729189,0.0
hvac,measurement_noise,64,-88.61604421355787,0.0
hvac,measurement_noise,65,-88.06292546370642,0.0
hvac,measurement_noise,66,-87.30132992964582,0.0
hvac,measurement_noise,67,-87.10029348114307,0.0
hvac,measurement_noise,68,-79.33618339340532,0.0
hvac,measurement_noise,69,-88.42809357627601,0.0
hvac,measurement_noise,70,-79.232107861717,0.0
hvac,measurement_noise,71,-77.9841255409273,0.0
hvac,measurement_noise,72,-76.90601126972639,3.5238578189725546e-05
hvac,measurement_noise,73,-72.05036769761432,0.000159125798279035
hvac,measurement_noise,74,-74.11196562676238,0.0007244780300136133
hvac,measurement_noise,75,-81.41463384877795,0.0
hvac,measurement_noise,76,-74.87748148024093,0.0
hvac,measurement_noise,77,-74.92349051491038,0.0
hvac,measurement_noise,78,-76.52472956224824,0.0
hvac,measurement_noise,79,-73.72549747805607,0.0
hvac,measurement_noise,80,-70.0175007382246,0.00014985117685897587
hvac,measurement_noise,81,-65.68959343596244,0.001385462284595722
hvac,measurement_noise,82,-73.77460605722501,0.003972477536195769
hvac,measurement_noise,83,-68.68874026313105,0.00026341672682180927
hvac,measurement_noise,84,-69.28383071951842,0.00042627836984231263
hvac,measurement_noise,85,-69.21877366296803,0.0006525511064245778
hvac,measurement_noise,86,-64.24874116321323,0.002117707330401557
hvac,measurement_noise,87,-68.37937373511073,0.005541162232018218
hvac,measurement_noise,88,-69.71064471510086,0.0008891214938903896
hvac,measurement_noise,89,-61.685636411990046,0.0030986701512445186
hvac,measurement_noise,90,-60.32899084617676,0.0005873805063823384
hvac,measurement_noise,91,-59.40819748181668,0.00016973201770920416
hvac,measurement_noise,92,-56.31155723155405,0.0034384380093607446
hvac,measurement_noise,93,-56.88353800252102,0.006515006256694581
hvac,measurement_noise,94,-53.0183596398344,0.010680698090971144
hvac,measurement_noise,95,-63.28748667797963,0.010518012884890963
hvac,measurement_noise,96,-55.10671688509373,0.005417505166816409
hvac,measurement_noise,97,-48.58270479554793,0.020828298679128
hvac,measurement_noise,98,-59.928828278206055,0.017440629488784026
hvac,measurement_noise,99,-54.99874875000897,0.0028219780858663147
hvac,measurement_noise,100,-54.67828767736131,0.005079708455369167
hvac,measurement_noise,101,-54.63896085345162,0.002197062976497481
hvac,measurement_noise,102,-53.57561356849469,0.0009363503135035289
hvac,measurement_noise,103,-50.94664824154207,0.0035481008892158474
hvac,measurement_noise,104,-49.514867730341535,0.0008798601336824233
hvac,measurement_noise,105,-51.41496765284495,0.005588363107248752
hvac,measurement_noise,106,-46.32645947318071,0.0031019200115412864
hvac,measurement_noise,107,-51.10678331815657,0.0026591857579975056
hvac,measurement_noise,108,-42.214693851020186,0.014755665950732114
hvac,measurement_noise,109,-39.59435634011953,0.0029902932314085262
hvac,measurement_noise,110,-45.881787318817906,0.013219210993915612
hvac,measurement_noise,111,-45.912474443545534,0.0004511215700683965
hvac,measurement_noise,112,-39.837196355291645,0.015374586924617857
hvac,measurement_noise,113,-35.46202127610426,0.008635313415341718
hvac,measurement_noise,114,-41.33154153264909,0.01098210243157769
hvac,measurement_noise,115,-41.4814544386016,0.006693373443415706
hvac,measurement_noise,116,-36.89997170400167,0.007701352888956122
hvac,measurement_noise,117,-38.53349227306457,0.0037050338540123465
hvac,measurement_noise,118,-42.84374665204705,0.0028793942156649837
hvac,measurement_noise,119,-41.73555742406949,0.006286718009055652
hvac,measurement_noise,120,-37.38544738950431,0.004425368125199857
hvac,measurement_noise,121,-35.73756274556902,0.006885540600029058
hvac,measurement_noise,122,-43.31444112123803,0.009361815366272331
hvac,measurement_noise,123,-36.98860720363769,0.008902784815517945
hvac,measurement_noise,124,-39.67351189724314,0.005153015207912094
hvac,measurement_noise,125,-33.509193986976115,0.010443929818955682
hvac,measurement_noise,126,-33.567052931457134,4.144234447110878e-05
hvac,measurement_noise,127,-35.675734218122194,0.00517401501241687
hvac,measurement_noise,128,-35.3168107588107,0.0034863612223227985
hvac,measurement_noise,129,-36.08223442869158,0.0037700215831209466
hvac,measurement_noise,130,-30.92812289166056,0.01597739565768584
hvac,measurement_noise,131,-28.849446862120743,0.0060338626230091695
hvac,measurement_noise,132,-31.600922936828045,0.008352992407793913
hvac,measurement_noise,133,-27.413728852463343,0.007214408076197843
hvac,measurement_noise,134,-31.111433907774035,0.005353050224152005
hvac,measurement_noise,135,-32.438049407249046,0.004670957440365653
hvac,measurement_noise,136,-33.24359558770771,0.0016807125663882466
hvac,measurement_noise,137,-26.568901299140666,0.015555094645588453
hvac,measurement_noise,138,-28.99771269427228,0.005593046551526622
hvac,measurement_noise,139,-25.496898814226505,0.02132459503707488
hvac,measurement_noise,140,-30.458644063185417,0.01252293339992509
hvac,measurement_noise,141,-29.066215124231682,0.0027600145208899205
hvac,measurement_noise,142,-29.536961348354918,0.008703278733814143
hvac,measurement_noise,143,-26.5270088286889,0.013330384874388663
hvac,measurement_noise,144,-27.010666381338652,0.001222784047914922
hvac,measurement_noise,145,-26.96032136716699,0.0020253972594704937
hvac,measurement_noise,146,-27.5109500299817,0.008140080033461342
hvac,measurement_noise,147,-25.37716179766354,0.0192826297183572
hvac,measurement_noise,148,-26.36026659456102,0.015160170402427538
hvac,measurement_noise,149,-26.75797201656215,0.010054113176816216
hvac,measurement_noise,150,-25.99968904169021,0.01148250323611945
hvac,measurement_noise,151,-21.477679465877507,0.01473305398210304
hvac,measurement_noise,152,-22.776733497946665,0.00418311966372844
hvac,measurement_noise,153,-21.898341993616043,0.0029703233586247228
hvac,measurement_noise,154,-22.056089620353575,0.0014688045220168009
hvac,measurement_noise,155,-17.40252708761256,0.019589716032540422
hvac,measurement_noise,156,-23.957962609007794,0.024506914179747763
hvac,measurement_noise,157,-20.867879176659553,0.010375504643555593
hvac,measurement_noise,158,-20.925127119068364,0.0025093090675353874
hvac,measurement_noise,159,-23.983209082409246,0.012997371200808822
hvac,measurement_noise,160,-20.524965661859653,0.019378641006169733
hvac,measurement_noise,161,-17.668744888158646,0.011868636398307934
hvac,measurement_noise,162,-20.285215374802576,0.005495492436984571
hvac,measurement_noise,163,-23.671915610097447,0.01078939876185109
hvac,measurement_noise,164,-20.0879390017575,0.021560444216204032
hvac,measurement_noise,165,-21.656486921871437,0.008954031124312216
hvac,measurement_noise,166,-16.783910995411098,0.02205334416756637
hvac,measurement_noise,167,-20.97580929133488,0.013525088427016597
hvac,measurement_noise,168,-16.905593209242618,0.01800585268716175
hvac,measurement_noise,169,-19.020201793809818,0.0066058330641452475
hvac,measurement_noise,170,-17.59803311298762,0.009634831749759551
hvac,measurement_noise,171,-18.35360152507296,0.0034892368129583466
hvac,measurement_noise,172,-17.05462227414983,0.02102466808216004
hvac,measurement_noise,173,-15.290257762025348,0.0112383256372427
hvac,measurement_noise,174,-21.882691807230884,0.03487282348651852
hvac,measurement_noise,175,-18.258991765126652,0.015478778436828633
hvac,measurement_noise,176,-15.249626090843883,0.01415416375137818
hvac,measurement_noise,177,-16.42341172251157,0.020585952820777628
hvac,measurement_noise,178,-15.653351980128944,0.003790800122758189
hvac,measurement_noise,179,-15.764032806390187,0.016131608888884038
hvac,measurement_noise,180,-18.90553972729141,0.009446446761678062
hvac,measurement_noise,181,-16.977244753769547,0.009162373909310278
hvac,measurement_noise,182,-13.621796232326671,0.01367380596096806
hvac,measurement_noise,183,-16.74484669745594,0.012641408760262847
hvac,measurement_noise,184,-14.939460766316213,0.007940761800955074
hvac,measurement_noise,185,-15.375512034380078,0.002604777064058181
hvac,measurement_noise,186,-14.983016641532856,0.011361262965631351
hvac,measurement_noise,187,-11.842510658083754,0.027259587874243114
hvac,measurement_noise,188,-13.86401880572784,0.010220375826022834
hvac,measurement_noise,189,-13.27702093633003,0.0101633993428364
hvac,measurement_noise,190,-14.423491188769685,0.009781754049231307
hvac,measurement_noise,191,-13.057137462249543,0.01074471551860947
hvac,measurement_noise,192,-13.898048380258743,0.036298402048629545
hvac,measurement_noise,193,-9.9407757241601,0.06246564815963219
hvac,measurement_noise,194,-13.261225848130042,0.02731010277287004
hvac,measurement_noise,195,-14.132842289403806,0.03252987308266521
hvac,measurement_noise,196,-12.556219947722287,0.01581493567474841
hvac,measurement_noise,197,-12.417810805906651,0.0006360172863485344
hvac,measurement_noise,198,-12.20729449088978,0.005106191869254409
hvac,measurement_noise,199,-11.64874044122766,0.003568816583855358
hvac,measurement_noise,200,-9.980860042138024,0.013459146275532118
hvac,measurement_noise,201,-11.973535628347195,0.009183800522391941
hvac,measurement_noise,202,-10.734666066471842,0.0053867527653692964
hvac,measurement_noise,203,-9.678444818212753,0.004438380096004855
hvac,measurement_noise,204,-10.568773808586537,0.011105734238576012
hvac,measurement_noise,205,-11.14409852868607,0.0011971897753086723
hvac,measurement_noise,206,-9.577753449886607,0.01896393105753964
hvac,measurement_noise,207,-10.368087138549054,0.040068007088950815
hvac,measurement_noise,208,-10.795891630644606,0.02844423073232156
hvac,measurement_noise,209,-8.577832611498453,0.015298204666152171
hvac,measurement_noise,210,-9.197028207328112,0.01047441299149633
hvac,measurement_noise,211,-10.280813331301026,0.0037010471575593955
hvac,measurement_noise,212,-6.8849232532260505,0.09837151917460077
hvac,measurement_noise,213,-8.845978871485498,0.0387616892425547
hvac,measurement_noise,214,-8.654380951415275,0.01133059655348569
hvac,measurement_noise,215,-9.156467363528993,0.012903438575573658
hvac,measurement_noise,216,-9.352034379316065,0.015209520130609241
hvac,measurement_noise,217,-10.33184297149592,0.005297564683737391
hvac,measurement_noise,218,-9.245635382846286,0.014602736529429396
hvac,measurement_noise,219,-10.023767714025082,0.00465392803023003
hvac,measurement_noise,220,-8.005337463362963,0.02360148095102805
hvac,measurement_noise,221,-7.3411955517824605,0.02603828392942934
hvac,measurement_noise,222,-9.465579161694729,0.07161186518123769
hvac,measurement_noise,223,-7.631120668351652,0.013512043363541512
hvac,measurement_noise,224,-6.24087740098963,0.06669368233324564
hvac,measurement_noise,225,-7.195042280677219,0.024320120581430495
hvac,measurement_noise,226,-8.233756212786728,0.014455591172362597
hvac,measurement_noise,227,-6.431057941713556,0.021904395251692726
hvac,measurement_noise,228,-6.195849841364405,0.005217680183915779
hvac,measurement_noise,229,-5.29481556912636,0.015545016491943727
hvac,measurement_noise,230,-6.751139726593939,0.05579977415155966
hvac,measurement_noise,231,-5.630817409482383,0.011882414734672797
hvac,measurement_noise,232,-6.27400849571897,0.01536388619449976
hvac,measurement_noise,233,-6.038354017855738,0.01697156615375145
hvac,measurement_noise,234,-7.346000981184506,0.03023991094326065
hvac,measurement_noise,235,-5.764383251555229,0.07426690046224535
hvac,measurement_noise,236,-6.101577350743961,0.03937157599463261
hvac,measurement_noise,237,-7.13727539672011,0.012851181089702887
hvac,measurement_noise,238,-5.6274439951026585,0.045994075981533836
hvac,measurement_noise,239,-6.331086420702156,0.04065693793101368
hvac,measurement_noise,240,-6.660632995729783,0.04019487164648246
hvac,measurement_noise,241,-6.432576885806756,0.027037133602786943
hvac,measurement_noise,242,-4.846364784739762,0.09210462794828014
hvac,measurement_noise,243,-5.34934675877119,0.056321013727269394
hvac,measurement_noise,244,-5.260102362042602,0.06650724115976878
hvac,measurement_noise,245,-5.382283967060237,0.04214512114534521
hvac,measurement_noise,246,-5.058017061732914,0.028943107121012814
hvac,measurement_noise,247,-4.503254086743714,0.015135090502437434
hvac,measurement_noise,248,-5.315633478084235,0.03485791258796006
hvac,measurement_noise,249,-5.927031977347347,0.03822292612315769
hvac,measurement_noise,250,-4.844605832225629,0.020749380126543326
hvac,measurement_noise,251,-6.032517889063447,0.02767714937919317
hvac,measurement_noise,252,-5.551086274604536,0.004969287563404507
hvac,measurement_noise,253,-4.732751710254977,0.010989284078031715
hvac,measurement_noise,254,-4.487105271578608,0.07973167228261939
hvac,measurement_noise,255,-2.69514129250145,0.191261257401086
hvac,measurement_noise,256,-4.013858462331468,0.11697967261057016
hvac,measurement_noise,257,-6.463280906341411,0.05311740739335989
hvac,measurement_noise,258,-5.301972486414307,0.01271760276051997
hvac,measurement_noise,259,-4.49594723510387,0.034308095004616984
hvac,measurement_noise,260,-4.420130715746862,0.04832796878619146
hvac,measurement_noise,261,-2.875699111059118,0.0778150924772852
hvac,measurement_noise,262,-5.7165523476333195,0.1638384787419887
hvac,measurement_noise,263,-5.476050536063953,0.006743244158056703
hvac,measurement_noise,264,-3.5886497078795245,0.09721880594655424
hvac,measurement_noise,265,-4.34429494400961,0.03179669549926064
hvac,measurement_noise,266,-4.148898675440079,0.010792556627497481
hvac,measurement_noise,267,-3.7432283629328675,0.04019245034218918
hvac,measurement_noise,268,-5.073613040237625,0.02449034390992826
hvac,measurement_noise,269,-3.9939629958442477,0.018340909635203663
hvac,measurement_noise,270,-3.443999603243252,0.03786392738437248
hvac,measurement_noise,271,-3.9150494156681126,0.01792049195770755
hvac,measurement_noise,272,-3.156761704621018,0.05144272483554246
hvac,measurement_noise,273,-2.6716342759075973,0.00799774500335301
hvac,measurement_noise,274,-3.8627718193053044,0.042307526663732054
hvac,measurement_noise,275,-2.9008962550115283,0.18029704738974195
hvac,measurement_noise,276,-3.6158085111661613,0.05285987423107916
hvac,measurement_noise,277,-3.4269650688961986,0.03207940551717715
hvac,measurement_noise,278,-2.563693076023425,0.034308889383692476
hvac,measurement_noise,279,-2.55241412650497,0.04025370067032497
hvac,measurement_noise,280,-4.480586018360751,0.15053521523861643
hvac,measurement_noise,281,-4.626882809727169,0.05866846166727638
hvac,measurement_noise,282,-2.8312645090171777,0.0821334119929083
hvac,measurement_noise,283,-2.7634297838559396,0.00967870640652278
hvac,measurement_noise,284,-2.3802689076990298,0.07106870581789247
hvac,measurement_noise,285,-3.638117609059211,0.17707487810769812
hvac,measurement_noise,286,-2.8947039561710692,0.1652137218896271
hvac,measurement_noise,287,-3.7530044745227826,0.27184496803790503
hvac,measurement_noise,288,-1.1336143829264906,0.720920860247845
hvac,measurement_noise,289,-3.3140043972744624,0.1794832598310751
hvac,measurement_noise,290,-2.1727345799210607,0.2408300949330006
hvac,measurement_noise,291,-3.2955982331677545,0.08850075498568197
hvac,measurement_noise,292,-3.852362430288368,0.028723513878983906
hvac,measurement_noise,293,-1.9739012984383102,0.3183662379332657
hvac,measurement_noise,294,-2.9719245260552993,0.08188589475412437
hvac,measurement_noise,295,-3.0483195442647775,0.039679686075060686
hvac,measurement_noise,296,-2.6111830160519482,0.10649766232648777
hvac,measurement_noise,297,-2.803956893607095,0.02330226834772643
hvac,measurement_noise,298,-2.891994271616115,0.020801221224229036
hvac,measurement_noise,299,-2.4468864995119057,0.052550129536382696
hvac,measurement_noise,300,-2.825009870664015,0.02374025759117296
hvac,measurement_noise,301,-3.082443073199827,0.05162754919438059
hvac,measurement_noise,302,-1.9193594153281706,0.0797718888863633
hvac,measurement_noise,303,-2.378081985735591,0.04343593858028748
hvac,measurement_noise,304,-2.9984771348999093,0.08931704113391221
hvac,measurement_noise,305,-1.1103877921508762,0.46512920524250534
hvac,measurement_noise,306,-1.9904309056122107,0.07547924768134033
hvac,measurement_noise,307,-3.062711571557758,0.06619639136126589
hvac,measurement_noise,308,-2.651367226695997,0.08417914617728818
hvac,measurement_noise,309,-2.5837409727745104,0.012507134341378796
hvac,measurement_noise,310,-1.688857201930849,0.12197936254645984
hvac,measurement_noise,311,-2.596432861717776,0.05406962578121271
hvac,measurement_noise,312,-1.5631570788405373,0.17177551835503335
hvac,measurement_noise,313,-1.8663549724793793,0.060770883323178836
hvac,measurement_noise,314,-2.3130092858706366,0.06928731973409667
hvac,measurement_noise,315,-2.561188976135953,0.08580860377304503
hvac,measurement_noise,316,-2.1766548576150098,0.020605743676135324
hvac,measurement_noise,317,-1.6047509626417056,0.08451536490032206
hvac,measurement_noise,318,-2.7618710899969723,0.08381763083680396
hvac,measurement_noise,319,-2.2241146714479534,0.02106519862024962
hvac,measurement_noise,320,-1.8855386043159,0.1902750248216858
hvac,measurement_noise,321,-1.5558750974572966,0.04757094813818731
hvac,measurement_noise,322,-1.7769377927628762,0.023953507812490952
hvac,measurement_noise,323,-1.655817332166908,0.04578123412499648
hvac,measurement_noise,324,-2.426832090317633,0.12065637899688213
hvac,measurement_noise,325,-1.7208530216712408,0.04829420149322002
hvac,measurement_noise,326,-3.031636621626599,0.12121826732571363
hvac,measurement_noise,327,-1.7615022934811448,0.12452584963508687
hvac,measurement_noise,328,-3.096590832240512,0.06820324354788702
hvac,measurement_noise,329,-1.961792948559363,0.2074765141413798
hvac,measurement_noise,330,-1.6677602525032647,0.28046015348644565
hvac,measurement_noise,331,-3.0409227509749535,0.22010217299669063
hvac,measurement_noise,332,-1.0110710579642666,0.596851054590608
hvac,measurement_noise,333,-1.672848982943632,0.05147374759278964
hvac,measurement_noise,334,-1.2686988377545882,0.21528733818356718
hvac,measurement_noise,335,-2.4253744893185916,0.1694576820599807
hvac,measurement_noise,336,-1.3826536896650348,0.15780229845145127
hvac,measurement_noise,337,-1.1656250226007403,0.0782282380314353
hvac,measurement_noise,338,-1.5684794342766493,0.06935491149499091
hvac,measurement_noise,339,-2.2141458933242193,0.21574644343645838
hvac,measurement_noise,340,-1.565235904826638,0.6250074968628933
hvac,measurement_noise,341,-0.8719163717859004,0.17282723241096098
hvac,measurement_noise,342,-1.118577029666981,0.10253547047536453
hvac,measurement_noise,343,-1.1021608131728027,0.08918640324228265
hvac,measurement_noise,344,-1.5747560821479272,0.049767854879637745
hvac,measurement_noise,345,-1.6636330189172215,0.03788062377051945
hvac,measurement_noise,346,-1.679962702065056,0.1326698514378078
hvac,measurement_noise,347,-1.6693809693613288,0.21373903122207724
hvac,measurement_noise,348,-1.8284224803245601,0.08528201468329191
hvac,measurement_noise,349,-1.5267071887752524,0.014059007338069135
hvac,measurement_noise,350,-0.8745482569057546,0.24119227398563514
hvac,measurement_noise,351,-1.0211133663756935,0.09849457515337834
hvac,measurement_noise,352,-1.0397264989283905,0.033455514642216994
hvac,measurement_noise,353,-1.3677636696303972,0.18406256710461655
hvac,measurement_noise,354,-1.0280115030866157,0.3439877290267729
hvac,measurement_noise,355,-0.8770678161255291,0.06332269509832955
hvac,measurement_noise,356,-1.2033135939799318,0.030108109583848026
hvac,measurement_noise,357,-1.0251710765624817,0.3168182411596858
hvac,measurement_noise,358,-1.871902388540355,0.2265726965934153
hvac,measurement_noise,359,-1.2373788213985275,0.09429033454174911
hvac,measurement_noise,360,-0.7494217320048914,0.29370287542067597
hvac,measurement_noise,361,-1.009404559633487,0.15098891106366563
hvac,measurement_noise,362,-1.49980993754782,0.15499917225368273
hvac,measurement_noise,363,-1.9374340593914063,0.16258800415090843
hvac,measurement_noise,364,-1.0458722521844535,0.551608716232344
hvac,measurement_noise,365,-0.8231794833520694,0.5881366389177234
hvac,measurement_noise,366,-0.5954150694887753,0.26074026517123816
hvac,measurement_noise,367,-1.1784373148916412,0.11429600131326843
hvac,measurement_noise,368,-0.8598168936933162,0.053530043907099145
hvac,measurement_noise,369,-0.9606385552569678,0.2754536744722542
hvac,measurement_noise,370,-1.240668834209179,0.24788746542455678
hvac,measurement_noise,371,-1.017104074639502,0.22802325732473894
hvac,measurement_noise,372,-0.46416242772737604,0.17042573093190783
hvac,measurement_noise,373,-0.736111152226463,0.14264178462426425
hvac,measurement_noise,374,-1.9555100105327794,0.33603294894210267
hvac,measurement_noise,375,-1.046334655900129,0.15832575748309355
hvac,measurement_noise,376,-0.8132556266536496,0.2652799809673937
hvac,measurement_noise,377,-0.8868096690769054,0.11710465760840216
hvac,measurement_noise,378,-0.44611056867155086,0.14110831033981797
hvac,measurement_noise,379,-1.0401741377078262,0.7361146929516449
hvac,measurement_noise,380,-0.8514509311169733,0.59360738503344
hvac,measurement_noise,381,-0.8310235022334514,0.053797784501273704
hvac,measurement_noise,382,-0.6382548868369032,0.14243168947328533
hvac,measurement_noise,383,-1.2391411004861312,0.14037718970451435
hvac,measurement_noise,384,-0.5830526791917873,0.15351329594180962
hvac,measurement_noise,385,-0.8159892754872807,0.1352851281285543
hvac,measurement_noise,386,-0.2581235410155033,0.5917068211295826
hvac,measurement_noise,387,-1.0323484775062008,0.47364319069024574
hvac,measurement_noise,388,-1.0184983112530122,0.3105105071249222
hvac,measurement_noise,389,-0.7229103292292339,0.4684525121205042
hvac,measurement_noise,390,-0.4022084532533472,0.10483251383307957
hvac,measurement_noise,391,-0.7848826888688107,0.15199507853741268
hvac,measurement_noise,392,-0.7321567125374879,0.5703664235060701
hvac,measurement_noise,393,-0.7663136693658894,0.2523166279342963
hvac,measurement_noise,394,-0.4176559838142057,0.39017229522407887
hvac,measurement_noise,395,-0.836709286865813,0.13284023455257787
hvac,measurement_noise,396,-0.6532502259758187,0.012381527085307709
hvac,measurement_noise,397,-1.0255882224593327,0.29198765586359804
hvac,measurement_noise,398,-0.8552307626003423,0.40181792956284623
hvac,measurement_noise,399,-0.47092346677769437,0.2422525773085742
hvac,reference_event,0,-160.35966334536283,
hvac,reference_event,1,-159.25549131437361,0.0
hvac,reference_event,2,-158.15140575683975,0.0
hvac,reference_event,3,-157.04740666409543,0.0
hvac,reference_event,4,-155.94349402747514,0.0
hvac,reference_event,5,-154.83966783831536,0.0
hvac,reference_event,6,-153.7359280879517,0.0
hvac,reference_event,7,-152.63227476772212,0.0
hvac,reference_event,8,-151.52870786896526,0.0
hvac,reference_event,9,-150.42522738301992,0.0
hvac,reference_event,10,-149.32183330122595,0.0
hvac,reference_event,11,-148.21852561492443,0.0
hvac,reference_event,12,-147.11530431545694,0.0
hvac,reference_event,13,-146.0121693941661,0.0
hvac,reference_event,14,-144.90912084239528,0.0
hvac,reference_event,15,-143.80615865148835,0.0
hvac,reference_event,16,-142.70328281279075,0.0
hvac,reference_event,17,-141.6004933176486,0.0
hvac,reference_event,18,-140.49779015740853,0.0
hvac,reference_event,19,-139.3951733234179,0.0
hvac,reference_event,20,-138.29264280702532,0.0
hvac,reference_event,21,-137.19019859958024,0.0
hvac,reference_event,22,-136.08784069243282,0.0
hvac,reference_event,23,-134.98556907693413,0.0
hvac,reference_event,24,-133.88338374443578,0.0
hvac,reference_event,25,-132.7812846862907,0.0
hvac,reference_event,26,-131.6792718938523,0.0
hvac,reference_event,27,-130.577345358475,0.0
hvac,reference_event,28,-129.47550507151408,0.0
hvac,reference_event,29,-128.37375102432594,0.0
hvac,reference_event,30,-127.27208320826702,0.0
hvac,reference_event,31,-126.17050161469535,0.0
hvac,reference_event,32,-125.06900623496966,0.0
hvac,reference_event,33,-123.9675970604494,0.0
hvac,reference_event,34,-122.86627408249467,0.0
hvac,reference_event,35,-121.76503729246721,0.0
hvac,reference_event,36,-120.6638866817286,0.0
hvac,reference_event,37,-119.56282224164164,0.0
hvac,reference_event,38,-118.46184396357029,0.0
hvac,reference_event,39,-117.36095183887917,0.0
hvac,reference_event,40,-116.26014585893353,0.0
hvac,reference_event,41,-115.15942601509957,0.0
hvac,reference_event,42,-114.0587922987443,0.0
hvac,reference_event,43,-112.9582447012362,0.0
hvac,reference_event,44,-111.8577832139436,0.0
hvac,reference_event,45,-110.75740782823618,0.0
hvac,reference_event,46,-109.65711853548481,0.0
hvac,reference_event,47,-108.55691532706032,0.0
hvac,reference_event,48,-107.45679819433519,0.0
hvac,reference_event,49,-106.35676712868221,0.0
hvac,reference_event,50,-105.25682212147541,0.0
hvac,reference_event,51,-104.15696316408946,0.0
hvac,reference_event,52,-103.05719024790002,0.0
hvac,reference_event,53,-101.95750336428333,0.0
hvac,reference_event,54,-100.85790250461667,0.0
hvac,reference_event,55,-99.75838766027857,0.0
hvac,reference_event,56,-98.65895882264726,0.0
hvac,reference_event,57,-97.5596159831029,0.0
hvac,reference_event,58,-96.46035913302597,0.0
hvac,reference_event,59,-95.36118826379834,0.0
hvac,reference_event,60,-94.26210336680185,0.0
hvac,reference_event,61,-93.16310443341987,0.0
hvac,reference_event,62,-92.06419145503662,0.0
hvac,reference_event,63,-90.96536442303633,0.0
hvac,reference_event,64,-89.86662332880545,0.0
hvac,reference_event,65,-88.76796816372999,0.0
hvac,reference_event,66,-87.66939891919753,0.0
hvac,reference_event,67,-86.57091558659621,0.0
hvac,reference_event,68,-85.47251815731522,0.0
hvac,reference_event,69,-84.37420662274448,0.0
hvac,reference_event,70,-83.2759809742746,0.0
hvac,reference_event,71,-82.17784120329739,0.0
hvac,reference_event,72,-81.07978730120536,0.0
hvac,reference_event,73,-79.98181925939119,0.0
hvac,reference_event,74,-78.88393706924953,0.0
hvac,reference_event,75,-77.78614072217528,0.0
hvac,reference_event,76,-76.68843020956413,0.0
hvac,reference_event,77,-75.59080552281307,0.0
hvac,reference_event,78,-74.4932666533191,0.0
hvac,reference_event,79,-73.3958135924812,0.0
hvac,reference_event,80,-72.29844633169793,0.0
hvac,reference_event,81,-71.20116486236981,0.0
hvac,reference_event,82,-70.10396917589725,0.0
hvac,reference_event,83,-69.0084473179604,2.301246209425164e-05
hvac,reference_event,84,-67.92618382772527,6.296399707494626e-05
hvac,reference_event,85,-66.86103210961942,6.294742223595303e-05
hvac,reference_event,86,-65.81272050009493,6.293072239948646e-05
hvac,reference_event,87,-64.78098165755293,6.291389667325436e-05
hvac,reference_event,88,-63.765552493510626,6.289694416318935e-05
hvac,reference_event,89,-62.766174104866224,6.287986396828723e-05
hvac,reference_event,90,-61.78259170724191,6.286265518220028e-05
hvac,reference_event,91,-60.81455456938883,6.284531689326986e-05
hvac,reference_event,92,-59.86181594863992,6.282784818366196e-05
hvac,reference_event,93,-58.92413302738778,6.281024812921892e-05
hvac,reference_event,94,-58.00126685057673,6.279251580306361e-05
hvac,reference_event,95,-57.09298226419105,6.277465026995474e-05
hvac,reference_event,96,-56.19904785472221,6.275665058882228e-05
hvac,reference_event,97,-55.319235889601856,6.273851581493571e-05
hvac,reference_event,98,-54.45332225858348,6.272024499684179e-05
hvac,reference_event,99,-53.60108641605695,6.270183717690978e-05
hvac,reference_event,100,-52.76231132428458,6.268329139281798e-05
hvac,reference_event,101,-51.93678339754044,6.266460667436077e-05
hvac,reference_event,102,-51.12429244713904,6.264578204812879e-05
hvac,reference_event,103,-50.32463162734129,6.262681653431094e-05
hvac,reference_event,104,-49.537597382120545,6.26077091454959e-05
hvac,reference_event,105,-48.7629893927797,6.258845889064008e-05
hvac,reference_event,106,-48.000610526400536,6.256906477148497e-05
hvac,reference_event,107,-47.25026678511503,6.254952578456248e-05
hvac,reference_event,108,-46.511767256185706,6.252984091997546e-05
hvac,reference_event,109,-45.784924062879725,6.251000916250281e-05
hvac,reference_event,110,-45.06955231612842,6.249002949089182e-05
hvac,reference_event,111,-44.36547006695413,6.246990087771916e-05
hvac,reference_event,112,-43.672498259657246,6.244962228973543e-05
hvac,reference_event,113,-42.99046068574753,6.242919268728417e-05
hvac,reference_event,114,-42.31918393861058,6.240861102572693e-05
hvac,reference_event,115,-41.65849736889602,6.238787625298057e-05
hvac,reference_event,116,-41.00823304061687,6.236698731279405e-05
hvac,reference_event,117,-40.368225687948154,6.234594314140864e-05
hvac,reference_event,118,-39.73831267271302,6.23247426693855e-05
hvac,reference_event,119,-39.11833394254835,6.230338482084964e-05
hvac,reference_event,120,-38.50813198973411,6.228186851615374e-05
hvac,reference_event,121,-37.90755181068153,6.22601926667325e-05
hvac,reference_event,122,-37.31644086606439,6.223835617824073e-05
hvac,reference_event,123,-36.73464904158616,6.221635795190897e-05
hvac,reference_event,124,-36.16202860937362,6.219419688234708e-05
hvac,reference_event,125,-35.598434189983315,6.217187185640916e-05
hvac,reference_event,126,-35.04372271501498,6.214938175691044e-05
hvac,reference_event,127,-34.49775339031987,6.212672545940387e-05
hvac,reference_event,128,-33.960387659795124,6.2103901832752e-05
hvac,reference_event,129,-33.43148916975568,6.208090974161075e-05
hvac,reference_event,130,-32.91092373387331,6.205774804284959e-05
hvac,reference_event,131,-32.39855929867363,6.203441558730423e-05
hvac,reference_event,132,-31.894265909584444,6.201091122069018e-05
hvac,reference_event,133,-31.397915677523258,6.198723378065747e-05
hvac,reference_event,134,-30.9093827460177,6.196338210002793e-05
hvac,reference_event,135,-30.428543258850212,6.193935500502366e-05
hvac,reference_event,136,-29.955275328217887,6.191515131647437e-05
hvac,reference_event,137,-29.48945900339922,6.189076984689126e-05
hvac,reference_event,138,-29.030976239920427,6.18662094054428e-05
hvac,reference_event,139,-28.579710869212434,6.184146879259806e-05
hvac,reference_event,140,-28.135548568752334,6.181654680336065e-05
hvac,reference_event,141,-27.698376832679365,6.179144222624163e-05
hvac,reference_event,142,-27.268084942879575,6.176615384596615e-05
hvac,reference_event,143,-26.84456394053074,6.174068043685278e-05
hvac,reference_event,144,-26.427706598100684,6.171502076949818e-05
hvac,reference_event,145,-26.0174073917928,6.168917360934612e-05
hvac,reference_event,146,-25.613562474427773,6.166313771150748e-05
hvac,reference_event,147,-25.216069648760694,6.163691182861675e-05
hvac,reference_event,148,-24.824828341220545,6.161049470603327e-05
hvac,reference_event,149,-24.439739576069424,6.158388508316221e-05
hvac,reference_event,150,-24.060705949972252,6.155708169128512e-05
hvac,reference_event,151,-23.687631606973365,6.15300832584668e-05
hvac,reference_event,152,-23.320422213869726,6.150288850285813e-05
hvac,reference_event,153,-22.958984935978368,6.147549614017697e-05
hvac,reference_event,154,-22.603228413287304,6.144790486330009e-05
hvac,reference_event,155,-22.253062736988852,6.142011340484838e-05
hvac,reference_event,156,-21.90839942638507,6.139212044215103e-05
hvac,reference_event,157,-21.569151406162717,6.136392466572503e-05
hvac,reference_event,158,-21.235232984028023,6.133552475676684e-05
hvac,reference_event,159,-20.906559828699617,6.130691939311013e-05
hvac,reference_event,160,-20.583048948250948,6.12781072448142e-05
hvac,reference_event,161,-20.26461866879768,6.124908697663372e-05
hvac,reference_event,162,-19.951188613525257,6.121985724623511e-05
hvac,reference_event,163,-19.64267968204955,6.119041670584075e-05
hvac,reference_event,164,-19.33901403010731,6.116076400182036e-05
hvac,reference_event,165,-19.040115049569145,6.113089777351213e-05
hvac,reference_event,166,-18.74590734877144,6.110081665385731e-05
hvac,reference_event,167,-18.456316733161074,6.107051927149769e-05
hvac,reference_event,168,-18.171270186249206,6.104000424649065e-05
hvac,reference_event,169,-17.8906958508672,6.1009270195834116e-05
hvac,reference_event,170,-17.61452301072231,6.097831572711883e-05
hvac,reference_event,171,-17.342682072246287,6.094713944522241e-05
hvac,reference_event,172,-17.075104546733392,6.0915739945850715e-05
hvac,reference_event,173,-16.811723032762938,6.088411582172802e-05
hvac,reference_event,174,-16.552471198901827,6.0852265657119e-05
hvac,reference_event,175,-16.29728376668206,6.082018803228004e-05
hvac,reference_event,176,-16.046096493850172,6.078788152015014e-05
hvac,reference_event,177,-15.798846157882462,6.075534468747496e-05
hvac,reference_event,178,-15.555470539763906,6.072257609790749e-05
hvac,reference_event,179,-15.315908408024622,6.068957430502729e-05
hvac,reference_event,180,-15.080099503030045,6.065633786008995e-05
hvac,reference_event,181,-14.847984521522793,6.062286530817024e-05
hvac,reference_event,182,-14.619505101409684,6.0589155185875806e-05
hvac,reference_event,183,-14.39460380679091,6.0555206027377916e-05
hvac,reference_event,184,-14.17322411322829,6.0521016358639404e-05
hvac,reference_event,185,-13.955310393247295,6.04865847024723e-05
hvac,reference_event,186,-13.740807902070962,6.045190957263764e-05
hvac,reference_event,187,-13.529662763580024,6.041698948178654e-05
hvac,reference_event,188,-13.321821956497221,6.0381822933060214e-05
hvac,reference_event,189,-13.117233300791355,6.0346408426317114e-05
hvac,reference_event,190,-12.915845444297814,6.031074445478814e-05
hvac,reference_event,191,-12.717607849552317,6.0274829506743404e-05
hvac,reference_event,192,-12.522470780834347,6.023866206509302e-05
hvac,reference_event,193,-12.330385291416565,6.02022406078768e-05
hvac,reference_event,194,-12.141303211017668,6.0165563606244585e-05
hvac,reference_event,195,-11.955177133454685,6.012862952754757e-05
hvac,reference_event,196,-11.771960404491947,6.009143683491902e-05
hvac,reference_event,197,-11.59160710988404,6.005398398342088e-05
hvac,reference_event,198,-11.414072063608582,6.0016269425325145e-05
hvac,reference_event,199,-11.23931079628609,5.9978291606594795e-05
hvac,reference_event,200,-100.88045602463762,0.43237808911309433
hvac,reference_event,201,-99.7898406724477,0.0
hvac,reference_event,202,-98.69931043401573,0.0
hvac,reference_event,203,-97.60886530080944,0.0
hvac,reference_event,204,-96.51850526429638,0.0
hvac,reference_event,205,-95.42823031594602,0.0
hvac,reference_event,206,-94.33804044722768,0.0
hvac,reference_event,207,-93.24793564961234,0.0
hvac,reference_event,208,-92.1579159145715,0.0
hvac,reference_event,209,-91.06798123357737,0.0
hvac,reference_event,210,-89.97813159810289,0.0
hvac,reference_event,211,-88.88836699962232,0.0
hvac,reference_event,212,-87.79868742961011,0.0
hvac,reference_event,213,-86.70909287954197,0.0
hvac,reference_event,214,-85.61958334089434,0.0
hvac,reference_event,215,-84.53015880514474,0.0
hvac,reference_event,216,-83.44081926377109,0.0
hvac,reference_event,217,-82.35156470825248,0.0
hvac,reference_event,218,-81.26239513006877,0.0
hvac,reference_event,219,-80.17331052070026,0.0
hvac,reference_event,220,-79.08431087162876,0.0
hvac,reference_event,221,-77.99539617433643,0.0
hvac,reference_event,222,-76.90656642030632,0.0
hvac,reference_event,223,-75.81782160102273,0.0
hvac,reference_event,224,-74.72916170797015,0.0
hvac,reference_event,225,-73.64058673263435,0.0
hvac,reference_event,226,-72.55209666650185,0.0
hvac,reference_event,227,-71.46369150105977,0.0
hvac,reference_event,228,-70.37537122779662,0.0
hvac,reference_event,229,-69.28766766192348,7.67558990531263e-06
hvac,reference_event,230,-68.20979062143728,6.194036109160953e-05
hvac,reference_event,231,-67.14888737728745,6.191605878912421e-05
hvac,reference_event,232,-66.10468901133416,6.189157715315832e-05
hvac,reference_event,233,-65.07693087923703,6.186691497400351e-05
hvac,reference_event,234,-64.06535254242485,6.184207103653232e-05
hvac,reference_event,235,-63.06969770115033,6.181704411985898e-05
hvac,reference_event,236,-62.08971412860991,6.179183299493391e-05
hvac,reference_event,237,-61.12515360611349,6.176643642788292e-05
hvac,reference_event,238,-60.17577185928768,6.174085317794788e-05
hvac,reference_event,239,-59.24132849529457,6.171508199639138e-05
hvac,reference_event,240,-58.32158694105068,6.168912163210398e-05
hvac,reference_event,241,-57.41631438242989,6.166297082314496e-05
hvac,reference_event,242,-56.52528170443693,6.163662830344739e-05
hvac,reference_event,243,-55.64826343232948,6.161009280127711e-05
hvac,reference_event,244,-54.78503767368318,6.158336303654849e-05
hvac,reference_event,245,-53.935386061376235,6.155643772415258e-05
hvac,reference_event,246,-53.09909369748344,6.152931557221181e-05
hvac,reference_event,247,-52.27594909806365,6.150199528150006e-05
hvac,reference_event,248,-51.46574413882692,6.147447554949666e-05
hvac,reference_event,249,-50.6682740016674,6.144675506305824e-05
hvac,reference_event,250,-49.883337122047394,6.141883250594297e-05
hvac,reference_event,251,-49.11073513721975,6.139070655524482e-05
hvac,reference_event,252,-48.350272835274275,6.136237587828103e-05
hvac,reference_event,253,-47.601758104997884,6.13338391413605e-05
hvac,reference_event,254,-46.86500188653073,6.13050950003968e-05
hvac,reference_event,255,-46.13981812281022,6.12761421069071e-05
hvac,reference_event,256,-45.426023711788126,6.124697910503865e-05
hvac,reference_event,257,-44.723438459407674,6.121760463355725e-05
hvac,reference_event,258,-44.03188503333098,6.118801732401407e-05
hvac,reference_event,259,-43.35118891740276,6.115821580271252e-05
hvac,reference_event,260,-42.681178366839845,6.112819868942678e-05
hvac,reference_event,261,-42.02168436413386,6.109796459624458e-05
hvac,reference_event,262,-41.372540575656416,6.106751213120808e-05
hvac,reference_event,263,-40.73358330895601,6.103683989509289e-05
hvac,reference_event,264,-40.104651470734424,6.100594648208827e-05
hvac,reference_event,265,-39.48558652549268,6.0974830481961306e-05
hvac,reference_event,266,-38.876232454835645,6.094349047474366e-05
hvac,reference_event,267,-38.27643571742472,6.09119250384755e-05
hvac,reference_event,268,-37.686045209568334,6.088013274169431e-05
hvac,reference_event,269,-37.104912226440774,6.084811214999431e-05
hvac,reference_event,270,-36.53289042391738,6.081586181986326e-05
hvac,reference_event,271,-35.96983578101843,6.0783380303469635e-05
hvac,reference_event,272,-35.41560656295133,6.07506661465914e-05
hvac,reference_event,273,-34.87006328474052,6.071771788891417e-05
hvac,reference_event,274,-34.33306867543811,6.06845340653272e-05
hvac,reference_event,275,-33.804487642901904,6.065111320246473e-05
hvac,reference_event,276,-33.2841872391375,6.0617453821713837e-05
hvac,reference_event,277,-32.772036626190314,6.058355444076973e-05
hvac,reference_event,278,-32.267907042580916,6.0549413569172926e-05
hvac,reference_event,279,-31.771671770275674,6.051502971059747e-05
hvac,reference_event,280,-31.283206102182927,6.0480401364381445e-05
hvac,reference_event,281,-30.802387310166708,6.0445527023222916e-05
hvac,reference_event,282,-30.3290946135702,6.0410405174362587e-05
hvac,reference_event,283,-29.86320914823981,6.037503429871742e-05
hvac,reference_event,284,-29.404613936043283,6.033941287306649e-05
hvac,reference_event,285,-28.953193854872723,6.0303539367057495e-05
hvac,reference_event,286,-28.50883560912534,6.026741224519124e-05
hvac,reference_event,287,-28.071427700654667,6.0231029967525545e-05
hvac,reference_event,288,-27.640860400183456,6.0194390986526785e-05
hvac,reference_event,289,-27.217025719172803,6.015749375114604e-05
hvac,reference_event,290,-26.799817382138745,6.012033670369957e-05
hvac,reference_event,291,-26.389130799409525,6.0082918283170605e-05
hvac,reference_event,292,-25.984863040316974,6.0045236920351744e-05
hvac,reference_event,293,-25.586912806814116,6.0007291042964716e-05
hvac,reference_event,294,-25.19518040751381,5.996907907355171e-05
hvac,reference_event,295,-24.8095677321407,5.993059942822336e-05
hvac,reference_event,296,-24.4299782263884,5.98918505187159e-05
hvac,reference_event,297,-24.05631686717932,5.98528307513385e-05
hvac,reference_event,298,-23.688490138316528,5.981353852908885e-05
hvac,reference_event,299,-23.32640600652421,5.977397224831173e-05
hvac,reference_event,300,-22.96997389786922,5.973413030029887e-05
hvac,reference_event,301,-22.61910467455932,5.9694011059863726e-05
hvac,reference_event,302,-22.27371061210778,5.965361293972783e-05
hvac,reference_event,303,-21.933705376864665,5.9612934299901135e-05
hvac,reference_event,304,-21.599004003905023,5.95719735151747e-05
hvac,reference_event,305,-21.269522875268233,5.95307289539481e-05
hvac,reference_event,306,-20.945179698544266,5.9489198981414054e-05
hvac,reference_event,307,-20.625893485801004,5.944738195697096e-05
hvac,reference_event,308,-20.311584532847057,5.940527623730838e-05
hvac,reference_event,309,-20.002174398824852,5.936288017479816e-05
hvac,reference_event,310,-19.69758588612805,5.9320192115376146e-05
hvac,reference_event,311,-19.39774302063893,5.927721040375837e-05
hvac,reference_event,312,-19.102571032280732,5.923393338026096e-05
hvac,reference_event,313,-18.81199633587923,5.9190359379451004e-05
hvac,reference_event,314,-18.52594651232892,5.914648673431136e-05
hvac,reference_event,315,-18.244350290059316,5.910231377349164e-05
hvac,reference_event,316,-17.967137526796197,5.90578388197937e-05
hvac,reference_event,317,-17.694239191612937,5.901306019708513e-05
hvac,reference_event,318,-17.42558734726798,5.8967976220884105e-05
hvac,reference_event,319,-17.161115132822868,5.892258520810353e-05
hvac,reference_event,320,-16.900756746537603,5.887688546793213e-05
hvac,reference_event,321,-16.644447429037765,5.883087530957067e-05
hvac,reference_event,322,-16.392123446750098,5.8784553037924285e-05
hvac,reference_event,323,-16.143722075601154,5.873791695530119e-05
hvac,reference_event,324,-15.899181584975967,5.8690965361308885e-05
hvac,reference_event,325,-15.658441221931385,5.864369655201509e-05
hvac,reference_event,326,-15.421441195661373,5.859610882222334e-05
hvac,reference_event,327,-15.18812266220942,5.854820046327043e-05
hvac,reference_event,328,-14.958427709423596,5.8499969764897146e-05
hvac,reference_event,329,-14.732299342152332,5.845141501309039e-05
hvac,reference_event,330,-14.509681467674325,5.840253449315457e-05
hvac,reference_event,331,-14.290518881361658,5.835332648926777e-05
hvac,reference_event,332,-14.074757252570272,5.830378928066115e-05
hvac,reference_event,333,-13.862343110755091,5.825392114727379e-05
hvac,reference_event,334,-13.653223831806828,5.82037203662876e-05
hvac,reference_event,335,-13.447347624605044,5.815318521467718e-05
hvac,reference_event,336,-13.244663517786385,5.810231396610499e-05
hvac,reference_event,337,-13.04512134672266,5.805110489450552e-05
hvac,reference_event,338,-12.848671740706141,5.799955627141718e-05
hvac,reference_event,339,-12.655266110339104,5.7947666369585237e-05
hvac,reference_event,340,-12.464856635124413,5.789543345928599e-05
hvac,reference_event,341,-12.277396251252458,5.7842855809622096e-05
hvac,reference_event,342,-12.09283863958338,5.778993168991147e-05
hvac,reference_event,343,-11.911138213820314,5.773665936955535e-05
hvac,reference_event,344,-11.73225010887055,5.7683037116991036e-05
hvac,reference_event,345,-11.556130169392492,5.7629063200719696e-05
hvac,reference_event,346,-11.38273493852371,5.757473588938476e-05
hvac,reference_event,347,-11.212021646789696,5.752005345270026e-05
hvac,reference_event,348,-11.043948201188792,5.746501415803741e-05
hvac,reference_event,349,-10.878473174449638,5.740961627724714e-05
hvac,reference_event,350,-10.715555794461084,5.7353858079796004e-05
hvac,reference_event,351,-10.555155933869155,5.729773783717906e-05
hvac,reference_event,352,-10.397234099840329,5.724125382191122e-05
hvac,reference_event,353,-10.241751423987452,5.718440430745889e-05
hvac,reference_event,354,-10.088669652455197,5.712718756958978e-05
hvac,reference_event,355,-9.937951136164129,5.706960188429445e-05
hvac,reference_event,356,-9.789558821210266,5.701164553064003e-05
hvac,reference_event,357,-9.643456239416087,5.695331678787966e-05
hvac,reference_event,358,-9.499607499033193,5.689461393947243e-05
hvac,reference_event,359,-9.357977275591665,5.6835535270746334e-05
hvac,reference_event,360,-9.218530802896115,5.6776079067607076e-05
hvac,reference_event,361,-9.081233864164544,5.671624362094105e-05
hvac,reference_event,362,-8.946052783307515,5.6656027224036184e-05
hvac,reference_event,363,-8.812954416347242,5.65954281717392e-05
hvac,reference_event,364,-8.68190614297221,5.653444476546471e-05
hvac,reference_event,365,-8.552875858226487,5.6473075306409776e-05
hvac,reference_event,366,-8.425831964331461,5.6411318101021116e-05
hvac,reference_event,367,-8.300743362637238,5.6349171460374875e-05
hvac,reference_event,368,-8.177579445702039,5.628663369954818e-05
hvac,reference_event,369,-8.056310089498357,5.6223703137657873e-05
hvac,reference_event,370,-7.936905645742196,5.6160378098109466e-05
hvac,reference_event,371,-7.819336934344335,5.6096656908634456e-05
hvac,reference_event,372,-7.703575235982438,5.603253790340995e-05
hvac,reference_event,373,-7.5895922847904655,5.5968019421774366e-05
hvac,reference_event,374,-7.477360261164791,5.590309980662316e-05
hvac,reference_event,375,-7.366851784684793,5.583777740886764e-05
hvac,reference_event,376,-7.258039907145545,5.577205058393763e-05
hvac,reference_event,377,-7.1508981057018985,5.570591769463323e-05
hvac,reference_event,378,-7.045400276121118,5.5639377108049574e-05
hvac,reference_event,379,-6.941520726143336,5.5572427201302724e-05
hvac,reference_event,380,-6.839234168946884,5.550506635520331e-05
hvac,reference_event,381,-6.738515716718125,5.5437292959901575e-05
hvac,reference_event,382,-6.639340874323471,5.536910541066667e-05
hvac,reference_event,383,-6.541685533081415,5.530050211462217e-05
hvac,reference_event,384,-6.445525964634693,5.523148148245907e-05
hvac,reference_event,385,-6.350838814918829,5.516204193544774e-05
hvac,reference_event,386,-6.257601098227153,5.509218190227789e-05
hvac,reference_event,387,-6.16579019136992,5.502189982050203e-05
hvac,reference_event,388,-6.075383827926647,5.4951194138118365e-05
hvac,reference_event,389,-5.986360092589262,5.4880063311616715e-05
hvac,reference_event,390,-5.898697415595765,5.4808505805689705e-05
hvac,reference_event,391,-5.8123745672520695,5.473652009695645e-05
hvac,reference_event,392,-5.727370652541129,5.466410465654165e-05
hvac,reference_event,393,-5.643665105817223,5.4591258011143185e-05
hvac,reference_event,394,-5.561237685585465,5.45179786509363e-05
hvac,reference_event,395,-5.480068469363671,5.4444265093939255e-05
hvac,reference_event,396,-5.40013784862608,5.437011586972736e-05
hvac,reference_event,397,-5.3214265238274265,5.4295529518665157e-05
hvac,reference_event,398,-5.243915499506064,5.4220504593624384e-05
hvac,reference_event,399,-5.1675860794652095,5.41450396599934e-05
uav,nominal,0,-1866.5028362955595,
uav,nominal,1,-190.33515255331093,12.449478188524942
uav,nominal,2,-121.97942401326472,0.39017719447637644
uav,nominal,3,-85.555214814467,0.03765305043322479
uav,nominal,4,-51.625190798303336,0.08259424550449251
uav,nominal,5,-25.332480833566642,0.1830375218340878
uav,nominal,6,-8.750431161458692,0.4939346148903667
uav,nominal,7,-1.2174467477628526,2.878059185586336
uav,nominal,8,-0.3011838506835367,2.459470406546523
uav,nominal,9,-2.9424433692600243,0.4946877486064833
uav,nominal,10,-6.412581615545756,0.10567808509073233
uav,nominal,11,-8.882517871965838,0.022885193455323888
uav,nominal,12,-9.571751189842704,0.0014178606260406763
uav,nominal,13,-8.571498658302257,0.0032370407351207
uav,nominal,14,-6.495639391737853,0.022121534414260728
uav,nominal,15,-4.110900425896261,0.06606418336943982
uav,nominal,16,-2.0541186252602683,0.17201288535487913
uav,nominal,17,-0.685003471494593,0.3671261846752516
uav,nominal,18,-0.0693433753900993,0.32054638622878473
uav,nominal,19,-0.0530594699010259,0.23799271162435917
uav,nominal,20,-0.3753794236196381,0.14769220863397164
uav,nominal,21,-0.7757277676027228,0.07207358587279766
uav,nominal,22,-1.0658730289406138,0.0216313276015901
uav,nominal,23,-1.1581890337932546,0.0016692300882568054
uav,nominal,24,-1.0563730606273007,0.0022206486453240997
uav,nominal,25,-0.8235285585975445,0.014476193494179057
uav,nominal,26,-0.5440383730064982,0.028864533469746823
uav,nominal,27,-0.2920238487678899,0.03888854312701351
uav,nominal,28,-0.11312868905485066,0.041640857445259055
uav,nominal,29,-0.020393828125624555,0.037479915290946034
uav,nominal,30,-0.0007606126871332579,0.02881463492051835
uav,nominal,31,-0.026875851141800924,0.018715998457586674
uav,nominal,32,-0.06912337005617086,0.009803057758227623
uav,nominal,33,-0.10440755920585884,0.0036267332907257976
uav,nominal,34,-0.12027028353585824,0.0005611595445244727
uav,nominal,35,-0.11470415123961006,6.606419195694102e-05
uav,nominal,36,-0.09311991972634923,0.0011239075111395547
uav,nominal,37,-0.06425040914525781,0.0026707115702438444
uav,nominal,38,-0.03648888584786836,0.0039007780872900993
uav,nominal,39,-0.015546511923859845,0.004400428029891389
uav,nominal,40,-0.0036520117883771614,0.004128878026119325
uav,nominal,41,-9.424320620119851e-06,0.003301562819516886
uav,nominal,42,-0.0019690816659723165,0.002240598015975774
uav,nominal,43,-0.006345338188274109,0.0012451370742877855
uav,nominal,44,-0.010459657433407984,0.0005114789679734714
uav,nominal,45,-0.01270382273501813,0.0001089816873726425
uav,nominal,46,-0.012621002680393907,1.3924569514794927e-07
uav,nominal,47,-0.010639298759951916,8.457189991173397e-05
uav,nominal,48,-0.0076463408667942516,0.0002466036352086606
uav,nominal,49,-0.004576521285622255,0.00039177772411000834
uav,nominal,50,-0.0021226501181085206,0.00046560143245153937
uav,nominal,51,-0.0006121089808957345,0.00045503320607401124
uav,nominal,52,-2.810463281307117e-05,0.00037792984553464587
uav,nominal,53,-0.0001221361228579972,0.0002673581648501515
uav,nominal,54,-0.0005558095000418573,0.00015686084552595284
uav,nominal,55,-0.0010222102064329523,7.050111053595598e-05
uav,nominal,56,-0.0013191859197427013,1.8910511563000314e-05
uav,nominal,57,-0.001369554294187865,4.7193048257590693e-07
uav,nominal,58,-0.001199871793012263,5.608983413873383e-06
uav,nominal,59,-0.0008972791916659149,2.194497908096461e-05
uav,nominal,60,-0.0005637260937327545,3.858524780950344e-05
uav,nominal,61,-0.0002812889236207315,4.859830100729706e-05
uav,nominal,62,-9.4675106315239e-05,4.958360101836713e-05
uav,nominal,63,-1.0167652921794287e-05,4.279078177658235e-05
uav,nominal,64,-5.880322061258356e-06,3.151154074455168e-05
uav,nominal,65,-4.669426490115266e-05,1.9434161502291183e-05
uav,nominal,66,-9.81082207418416e-05,9.435009599218888e-06
uav,nominal,67,-0.00013543818347661523,3.0027170455256534e-06
uav,nominal,68,-0.00014728687455629164,2.48395031636798e-07
uav,nominal,69,-0.000134175848344641,3.0553388519790996e-07
uav,nominal,70,-0.0001043056795447566,1.8780365262955495e-06
uav,nominal,71,-6.857558460613284e-05,3.7325372923771452e-06
uav,nominal,72,-3.650403940781692e-05,5.013929102832147e-06
uav,nominal,73,-1.3899931439099319e-05,5.352728142599e-06
uav,nominal,74,-2.362123090155917e-06,4.801980934813353e-06
uav,nominal,75,-1.44919714440086e-07,3.677165969506248e-06
uav,nominal,76,-3.694274507021815e-06,2.3758289277791655e-06
uav,nominal,77,-9.199196558527102e-06,1.234251581115297e-06
uav,nominal,78,-1.3714188612049623e-05,4.4923478531865904e-07
uav,nominal,79,-1.5675660211217803e-05,6.552721762694371e-08
uav,nominal,80,-1.486452952065802e-05,1.0773517464559808e-08
uav,nominal,81,-1.2006441371407365e-05,1.5243035125415912e-07
uav,nominal,82,-8.240518378693102e-06,3.53312444265618e-07
uav,nominal,83,-4.648946074520422e-06,5.104942964349735e-07
uav,nominal,84,-1.9595127974146694e-06,5.720131401492163e-07
uav,nominal,85,-4.477403285012031e-07,5.339108288883961e-07
uav,nominal,86,-2.998727191821703e-10,4.2487007563149226e-07
uav,nominal,87,-2.68577291167459e-07,2.868220006888762e-07
uav,nominal,88,-8.392463832658947e-07,1.5829221041703926e-07
uav,nominal,89,-1.3679746912497825e-06,6.42625566866177e-08
uav,nominal,90,-1.650507884072944e-06,1.3251796030242669e-08
uav,nominal,91,-1.631520845453262e-06,5.492264144149852e-11
uav,nominal,92,-1.3690666446266397e-06,1.1500158249088416e-08
uav,nominal,93,-9.791380416479157e-07,3.2600891749289226e-08
uav,nominal,94,-5.824295937278535e-07,5.123128641764592e-08
uav,nominal,95,-2.675280964386799e-07,6.048627106098347e-08
uav,nominal,96,-7.546600262100602e-08,5.881615562879337e-08
uav,nominal,97,-2.9376961258813017e-09,4.8624776011937555e-08
uav,nominal,98,-1.7110464795507352e-08,3.422776022237068e-08
uav,nominal,99,-7.401985154625881e-08,1.9954084014753946e-08
uav,nominal,100,-1.3416369731103902e-07,8.87698166594632e-09
uav,nominal,101,-1.7179988422645033e-07,2.3236127967630872e-09
uav,nominal,102,-1.773789458429564e-07,4.457304868667058e-11
uav,nominal,103,-1.5466779003680387e-07,7.77603289105816e-10
uav,nominal,104,-1.151087849922283e-07,2.91615167220351e-09
uav,nominal,105,-7.190428310809923e-08,5.059066613882239e-09
uav,nominal,106,-3.557788094548276e-08,6.324820797799416e-09
uav,nominal,107,-1.1773487243147645e-08,6.418460785044038e-09
uav,nominal,108,-1.1734042133750866e-09,5.513168501498008e-09
uav,nominal,109,-8.590017410252404e-10,4.040346238311415e-09
uav,nominal,110,-6.253610570053587e-09,2.4771566773056323e-09
uav,nominal,111,-1.2906175489821759e-08,1.1920154256492826e-09
uav,nominal,112,-1.7663027866967414e-08,3.7237323830967047e-10
uav,nominal,113,-1.909665655597786e-08,2.7966417767218705e-11
uav,nominal,114,-1.7313200429695786e-08,4.370555398877563e-11
uav,nominal,115,-1.3395830077876244e-08,2.5088275954105017e-10
uav,nominal,116,-8.75960182053706e-09,4.905167093171381e-10
uav,nominal,117,-4.627999225636085e-09,6.53484595967616e-10
uav,nominal,118,-1.738174978618059e-09,6.936888743985152e-10
uav,nominal,119,-2.823958227486974e-10,6.193522567035927e-10
uav,nominal,120,-2.4223938743207537e-11,4.720372766410821e-10
uav,nominal,121,-4.989599288103238e-10,3.033041330846638e-10
uav,nominal,122,-1.213886193677185e-09,1.5633647768354804e-10
uav,nominal,123,-1.791690197847731e-09,5.606253705590792e-11
uav,nominal,124,-2.035101318823185e-09,7.749184080542518e-12
uav,nominal,125,-1.920235171608673e-09,1.6682543844446937e-12
uav,nominal,126,-1.5438071206987115e-09,2.051344454407532e-11
uav,nominal,127,-1.0541431432202354e-09,4.656343261400372e-11
uav,nominal,128,-5.906757017864456e-10,6.664681268052885e-11
uav,nominal,129,-2.461283332584313e-10,7.422413503325648e-11
uav,nominal,130,-5.454401691159766e-11,6.894123037752202e-11
uav,nominal,131,-1.7406653943358178e-17,5.460561785037001e-11
uav,nominal,132,-3.67212161424043e-11,3.667070343194315e-11
uav,nominal,133,-1.1114698295543993e-10,2.0095707783226507e-11
uav,nominal,134,-1.7906287354030489e-10,8.058846197402015e-12
uav,nominal,135,-2.1456660301275985e-10,1.60441357290318e-12
uav,nominal,136,-2.1100457382212415e-10,1.490734686583777e-14
uav,nominal,137,-1.762375525106346e-10,1.5638684080680509e-12
uav,nominal,138,-1.2542092123713945e-10,4.3110258524707805e-12
uav,nominal,139,-7.414182168960287e-11,6.700765559420887e-12
uav,nominal,140,-3.3723231247887274e-11,7.8590171601449e-12
uav,nominal,141,-9.30108188231717e-12,7.603272198618557e-12
uav,nominal,142,-3.007938451095287e-13,6.256605526112469e-12
uav,nominal,143,-2.3867089638034737e-12,4.382091094250834e-12
uav,nominal,144,-9.847650841945215e-12,2.5382829629052527e-12
uav,nominal,145,-1.7599931552669713e-11,1.117524986991846e-12
uav,nominal,146,-2.23663463289224e-11,2.8524137940115025e-13
uav,nominal,147,-2.2967398610018204e-11,3.9846666432564225e-15
uav,nominal,148,-1.9932600112450688e-11,1.074773143193958e-13
uav,nominal,149,-1.4763402899418956e-11,3.8722825711555864e-13
uav,nominal,150,-9.168932175457128e-12,6.630729581936723e-13
uav,nominal,151,-4.49805596540836e-12,8.229435959047578e-13
uav,nominal,152,-1.462743497552578e-12,8.306914270534746e-13
uav,nominal,153,-1.3447742836796535e-13,7.101899593693843e-13
uav,nominal,154,-1.2458992386970218e-13,5.179459535711259e-13
uav,nominal,155,-8.368950010147523e-13,3.1567168729926125e-13
uav,nominal,156,-1.6973250473824944e-12,1.5053982886303583e-13
uav,nominal,157,-2.3031157120633152e-12,4.613374804446998e-14
uav,nominal,158,-2.475681581285196e-12,3.1167563262282845e-15
uav,nominal,159,-2.2337212135065405e-12,6.219844489203874e-15
uav,nominal,160,-1.7201860421662627e-12,3.3490923921993245e-14
uav,nominal,161,-1.1187345431829439e-12,6.444294364975116e-14
uav,nominal,162,-5.865842741923576e-13,8.515575147498943e-14
uav,nominal,163,-2.1722813443490669e-13,8.988634082572695e-14
uav,nominal,164,-3.3657436066573095e-14,7.987279850367306e-14
uav,nominal,165,-3.9293334023495185e-15,6.058688144795189e-14
uav,nominal,166,-6.731013595125792e-14,3.871354327718761e-14
uav,nominal,167,-1.6011384082077342e-13,1.979657594719422e-14
uav,nominal,168,-2.3402216414835753e-13,6.991651844964254e-15
uav,nominal,169,-2.641648205295259e-13,9.12722355046927e-16
uav,nominal,170,-2.4802524138473443e-13,2.5434963316181757e-16
uav,nominal,171,-1.984764754637741e-13,2.7577558255275508e-15
uav,nominal,172,-1.3482478208984208e-13,6.134342634871352e-15
uav,nominal,173,-7.502995228024706e-14,8.69910341340625e-15
uav,nominal,174,-3.09002348586402e-14,9.629758336267288e-15
uav,nominal,175,-6.632570216946003e-15,8.900796594170815e-15
uav,nominal,176,-5.416480490154662e-18,7.017065556827737e-15
uav,nominal,177,-5.011702937911731e-15,4.687599820584517e-15
uav,nominal,178,-1.4712797664666093e-14,2.5505468962471664e-15
uav,nominal,179,-2.34328844113715e-14,1.0100772179510716e-15
uav,nominal,180,-2.788902500996026e-14,1.9382322972568927e-16
uav,nominal,181,-2.728539002179627e-14,3.3021292841216318e-18
uav,nominal,182,-2.2683623405622188e-14,2.123450610609332e-16
uav,nominal,183,-1.6063015172063324e-14,5.698190704568992e-16
uav,nominal,184,-9.43598331806239e-15,8.762169087228212e-16
uav,nominal,185,-4.249282854524298e-15,1.0209600914798832e-15
uav,nominal,186,-1.1449928897652937e-15,9.82746020378811e-16
uav,nominal,187,-2.98806823881412e-17,8.049375358336434e-16
uav,nominal,188,-3.318873191469721e-16,5.609364694644434e-16
uav,nominal,189,-1.30933036643847e-15,3.228093321969097e-16
uav,nominal,190,-2.3081514930927694e-15,1.4062532236913876e-16
uav,nominal,191,-2.9113138180589092e-15,3.496790418452829e-17
uav,nominal,192,-2.9734318343933075e-15,3.278606586650711e-19
uav,nominal,193,-2.568435628101679e-15,1.4818247056365958e-17
uav,nominal,194,-1.893193803627257e-15,5.139297048742186e-17
uav,nominal,195,-1.1689440271760798e-15,8.68814820612378e-17
uav,nominal,196,-5.684935417397821e-16,1.070546344343812e-16
uav,nominal,197,-1.8157771324747403e-16,1.0749594641094255e-16
uav,nominal,198,-1.529653766386804e-17,9.147007098942068e-17
uav,nominal,199,-1.7949439376612558e-17,6.638593955289917e-17
uav,nominal,200,-1.1190780132929919e-16,4.0220589645055717e-17
uav,nominal,201,-2.231492183887756e-16,1.9005514782773893e-17
uav,nominal,202,-3.002442610630766e-16,5.709126824218763e-18
uav,nominal,203,-3.2089996062243014e-16,3.4354010674173076e-19
uav,nominal,204,-2.8814980082869167e-16,8.811673715641887e-19
uav,nominal,205,-2.2085900921791332e-16,4.467515593501775e-18
uav,nominal,206,-1.428539245247661e-16,8.463296554741495e-18
uav,nominal,207,-7.432755224589051e-17,1.109428637156077e-17
uav,nominal,208,-2.7131004099245e-17,1.1645837515077677e-17
uav,nominal,209,-3.997641097244598e-18,1.0299817519417455e-17
uav,nominal,210,-6.223932678448081e-19,7.774779960732883e-18
uav,nominal,211,-9.069660187798854e-18,4.9402557159583025e-18
uav,nominal,212,-2.1111660118678727e-17,2.506379753060635e-18
uav,nominal,213,-3.0559191985976695e-17,8.710381357742256e-19
uav,nominal,214,-3.428480066501569e-17,1.0711580351573949e-19
uav,nominal,215,-3.2031301477482845e-17,3.829935424087966e-20
uav,nominal,216,-2.5513090628466463e-17,3.7035965198263197e-19
uav,nominal,217,-1.7241065287418547e-17,8.078635786145177e-19
uav,nominal,218,-9.528416084413858e-18,1.1351260368299118e-18
uav,nominal,219,-3.877507259382972e-18,1.249196431383869e-18
uav,nominal,220,-8.049491802125256e-19,1.1490749208886078e-18
uav,nominal,221,-2.7460549413403664e-21,9.017256622217071e-19
uav,nominal,222,-6.828315617478595e-19,5.989730248874555e-19
uav,nominal,223,-1.946752938318889e-18,3.236752886773121e-19
uav,nominal,224,-3.065744839292987e-18,1.264982806112372e-19
uav,nominal,225,-3.624011477162326e-18,2.333466081728873e-20
uav,nominal,226,-3.527766648420436e-18,6.4764332052557355e-22
uav,nominal,227,-2.9187773869716005e-18,2.8829348208755145e-20
uav,nominal,228,-2.0571419547812167e-18,7.516865247915333e-20
uav,nominal,229,-1.200925330455622e-18,1.1451906010293375e-19
uav,nominal,230,-5.351292636225845e-19,1.327451803884269e-19
uav,nominal,231,-1.4076070447893696e-19,1.2698134820235475e-19
uav,nominal,232,-2.8459966141349273e-21,1.0357650132392548e-19
uav,nominal,233,-4.597215692397495e-20,7.169491727550554e-20
uav,nominal,234,-1.7399453884150968e-19,4.109351482193647e-20
uav,nominal,235,-3.0263963966819036e-19,1.7689110831123944e-20
uav,nominal,236,-3.788754940360091e-19,4.2774047428073836e-21
uav,nominal,237,-3.84924855618208e-19,2.3960553581648708e-23
uav,nominal,238,-3.309184076605365e-19,2.0401631759318728e-21
uav,nominal,239,-2.427323155766696e-19,6.81885671422171e-21
uav,nominal,240,-1.4894144722664488e-19,1.1395444536237435e-20
uav,nominal,241,-7.184830302119071e-20,1.389664648953293e-20
uav,nominal,242,-2.2526869416030172e-20,1.3913579660204146e-20
uav,nominal,243,-1.732744135805434e-21,1.1764339599803703e-20
uav,nominal,244,-2.583622298737806e-21,8.548015622103671e-21
uav,nominal,245,-1.4964625048058604e-20,5.112347175902176e-21
uav,nominal,246,-2.931163279924762e-20,2.388905347811648e-21
uav,nominal,247,-3.91630693832105e-20,7.12412495722984e-22
uav,nominal,248,-4.161272941165288e-20,3.7177179051672804e-23
uav,nominal,249,-3.715560799521355e-20,1.262207233077177e-22
uav,nominal,250,-2.8284079125644164e-20,6.04159369776573e-22
uav,nominal,251,-1.8233762387359868e-20,1.0987513939945213e-21
uav,nominal,252,-9.425718587241888e-21,1.439931755497556e-21
uav,nominal,253,-3.3767730725515755e-21,1.5191591569300366e-21
uav,nominal,254,-4.75531732120769e-22,1.3179345602639395e-21
uav,nominal,255,-9.74229130193033e-23,1.0034211112992306e-21
uav,nominal,256,-1.2254744945734873e-21,6.318791361935291e-22
uav,nominal,257,-2.7760598230788294e-21,3.1267409620977373e-22
uav,nominal,258,-3.990672854446411e-21,1.0992279696228475e-22
uav,nominal,259,-4.44818721716002e-21,1.2438826674522882e-23
uav,nominal,260,-4.1288174497807456e-21,5.950464449392962e-24
uav,nominal,261,-3.2779737996174876e-21,4.90574359931838e-23
uav,nominal,262,-2.191532854015349e-21,1.090117128645876e-22
uav,nominal,263,-1.2102178532902219e-21,1.4463698289796675e-22
uav,nominal,264,-4.841851849855811e-22,1.634322550720117e-22
uav,nominal,265,-9.555217286238896e-23,1.4957781809978703e-22
uav,nominal,266,-6.191475337964203e-25,1.1148014631488254e-22
uav,nominal,267,-9.334367081401306e-23,7.884042290510325e-23
uav,nominal,268,-2.5630808621749045e-22,4.0301393493009957e-23
uav,nominal,269,-4.029257800237377e-22,1.653239098351189e-23
uav,nominal,270,-4.65063945499155e-22,2.2411940171723334e-24
uav,nominal,271,-4.581706695732638e-22,3.5052795695321256e-26
uav,nominal,272,-3.7119591044981767e-22,4.5836101754558304e-24
uav,nominal,273,-2.6438972072674255e-22,9.062237872213774e-24
uav,nominal,274,-1.5305806209756042e-22,1.5137144877452948e-23
uav,nominal,275,-6.518930422126327e-23,1.84786843670221e-23
uav,nominal,276,-1.669787443522232e-23,1.5938616791875753e-23
uav,nominal,277,-2.185364244993243e-25,1.3109018498917893e-23
uav,nominal,278,-6.12747149673348e-24,8.653428973855216e-24
uav,nominal,279,-2.329440504810759e-23,5.53193779896947e-24
uav,nominal,280,-3.9413165835295325e-23,2.1169985761461015e-24
uav,nominal,281,-4.691011174863348e-23,3.520182071690453e-25
uav,nominal,282,-4.789095128510428e-23,1.9097645609494333e-26
uav,nominal,283,-4.211095519449151e-23,1.8582029918351672e-25
uav,nominal,284,-3.0839120852180555e-23,8.946505491843262e-25
uav,nominal,285,-1.9230307192888398e-23,1.3681960317922606e-24
uav,nominal,286,-8.87568206739632e-24,1.989072175550463e-24
uav,nominal,287,-3.1646338210909936e-24,1.4563365546168874e-24
uav,nominal,288,-2.2845073912155613e-25,1.746051126257781e-24
uav,nominal,289,-2.6387140629759044e-25,9.642600316368779e-25
uav,nominal,290,-2.1176854849962137e-24,8.967384752399184e-25
uav,nominal,291,-3.335436267907083e-24,1.379463567431063e-25
uav,nominal,292,-5.21978174961025e-24,2.302149654262056e-25
uav,nominal,293,-5.06870453069645e-24,1.810308399115934e-26
uav,nominal,294,-4.817115512965655e-24,1.5083602897615858e-26
uav,nominal,295,-3.77738249976119e-24,6.317224815898188e-26
uav,nominal,296,-2.4572617505407385e-24,1.600487071557746e-25
uav,nominal,297,-1.386243091826701e-24,1.5446094996683367e-25
uav,nominal,298,-4.001297438061227e-25,3.106177499402118e-25
uav,nominal,299,-1.203089199497199e-25,9.034732396106585e-26
uav,nominal,300,-8.764625578778915e-27,1.8558474440962804e-25
uav,nominal,301,-1.3623220423872929e-25,8.962816661208248e-26
uav,nominal,302,-3.5321566448715532e-25,5.180876022380716e-26
uav,nominal,303,-6.1230431204406275e-25,6.377384263469811e-26
uav,nominal,304,-7.167519319535449e-25,9.499165068069465e-27
uav,nominal,305,-6.002646174809598e-25,4.6803742654239746e-26
uav,nominal,306,-4.687807138726401e-25,2.6737076280406044e-26
uav,nominal,307,-2.0348502585120156e-25,9.258631712742475e-26
uav,nominal,308,-2.2299830945112116e-25,1.7921087057747957e-26
uav,nominal,309,-5.73812130890911e-26,8.57894000883985e-26
uav,nominal,310,-7.221576230096133e-26,3.326569105968224e-27
uav,nominal,311,-1.2668622045866894e-26,1.309688578028898e-25
uav,nominal,312,-1.1311682473736979e-26,1.3840523254206943e-26
uav,nominal,313,-1.0734651418004025e-25,6.777107722924774e-26
uav,nominal,314,-4.560487438625885e-26,1.4062202655580836e-26
uav,nominal,315,-5.618489722779961e-26,2.364350468280069e-26
uav,nominal,316,-2.2958073335613334e-26,8.637435344489731e-27
uav,nominal,317,-4.849346128157781e-26,1.2896303374723527e-26
uav,nominal,318,-4.567282507460709e-26,2.7890722581694e-27
uav,nominal,319,-9.170246165248761e-26,2.252518534607821e-26
uav,nominal,320,-1.2362293314891426e-26,8.284436891267507e-26
uav,nominal,321,-6.899880210597622e-27,1.195180629689569e-26
uav,nominal,322,-1.1813568132176177e-26,1.126229940906827e-26
uav,nominal,323,-5.89002227313805e-27,6.47061396413776e-27
uav,nominal,324,-1.2255565673956259e-26,6.082343604274313e-27
uav,nominal,325,-1.815074592556021e-26,1.736666328335593e-26
uav,nominal,326,-4.674482962702209e-26,4.8950636479911873e-26
uav,nominal,327,-7.174617125581977e-27,2.1600389907588836e-26
uav,nominal,328,-2.2581200401830754e-26,7.824770547770703e-27
uav,nominal,329,-3.1329213928607577e-26,5.3105762057250445e-27
uav,nominal,330,-9.574872832362503e-27,5.793007437270458e-26
uav,nominal,331,-4.8754590998656464e-27,7.747090296255337e-27
uav,nominal,332,-1.899176716280881e-26,3.652307892459351e-26
uav,nominal,333,-1.4508042885224904e-26,9.187032097664313e-27
uav,nominal,334,-4.270348854794147e-27,8.618188779037891e-27
uav,nominal,335,-2.1242562166484225e-26,2.355987028999035e-26
uav,nominal,336,-1.1538223909855954e-26,3.31573444338611e-26
uav,nominal,337,-6.844925765577714e-27,1.903421757024396e-26
uav,nominal,338,-7.836175351208844e-27,2.1885592666845822e-26
uav,nominal,339,-1.225378167236039e-26,6.11197739128848e-27
uav,nominal,340,-6.354996468240525e-27,1.1233577010492727e-26
uav,nominal,341,-3.420764058543134e-27,2.095596357940285e-27
uav,nominal,342,-9.737010982379928e-27,2.161624449401919e-26
uav,nominal,343,-7.656892324785055e-27,9.038534966720939e-27
uav,nominal,344,-2.168809846391323e-26,1.186782264574387e-26
uav,nominal,345,-1.4583965427482117e-26,4.276075265838735e-26
uav,nominal,346,-1.0161993817827976e-26,2.2907665431823634e-26
uav,nominal,347,-2.30568857135933e-27,1.0873156895612392e-26
uav,nominal,348,-1.706200362731879e-26,3.091664422756611e-26
uav,nominal,349,-1.4085278412969876e-26,3.8463319454432575e-26
uav,nominal,350,-3.0355910888492145e-26,5.783127418274837e-26
uav,nominal,351,-7.112625756918305e-27,1.6909978994574173e-26
uav,nominal,352,-1.2710627626751874e-26,2.0423604944818352e-27
uav,nominal,353,-1.2137234990913234e-26,4.060119324809828e-26
uav,nominal,354,-4.1616357430003995e-26,4.884099670470516e-26
uav,nominal,355,-2.1865337643666012e-26,1.0959133806908399e-25
uav,nominal,356,-3.117907508135994e-26,8.373744925012787e-26
uav,nominal,357,-1.9349353371249425e-26,3.9444444614618404e-26
uav,nominal,358,-3.6940839728811696e-27,1.4370002270910884e-26
uav,nominal,359,-4.14216641901587e-26,4.6732972902259884e-26
uav,nominal,360,-1.7048767324772802e-26,5.8361655599505e-26
uav,nominal,361,-2.3331381648023532e-26,5.1428526576289107e-26
uav,nominal,362,-5.449023959347413e-27,2.961327016219386e-26
uav,nominal,363,-1.5232543811936017e-26,5.2278348409289754e-27
uav,nominal,364,-6.802005813524532e-27,5.9226379824021936e-27
uav,nominal,365,-2.538252831156418e-26,4.8772183370522566e-26
uav,nominal,366,-1.2941392811722208e-27,2.0268565020443082e-26
uav,nominal,367,-1.8564239708471864e-26,2.2284725073261318e-26
uav,nominal,368,-1.4624626303261516e-26,1.9732109937742345e-26
uav,nominal,369,-4.152821492095203e-27,3.289804640718521e-26
uav,nominal,370,-1.9597596579286487e-26,1.45428328546599e-26
uav,nominal,371,-1.0651310243506271e-27,1.2797847250458296e-26
uav,nominal,372,-2.264651593152108e-26,2.7744109340028256e-26
uav,nominal,373,-7.654704958373368e-27,1.3897645121188607e-26
uav,nominal,374,-1.3885244974549568e-26,2.085610302052378e-26
uav,nominal,375,-4.5824604905610005e-26,6.825038634131489e-26
uav,nominal,376,-8.818844652256998e-27,5.588826463635699e-26
uav,nominal,377,-3.2694727558783134e-26,3.1035656427942547e-26
uav,nominal,378,-1.158843338808243e-26,1.9975441230382164e-26
uav,nominal,379,-2.954233640395031e-27,2.9536591289030947e-27
uav,nominal,380,-2.4789527727167744e-26,3.182255329745747e-26
uav,nominal,381,-1.6176622350914996e-26,3.0683720975396404e-26
uav,nominal,382,-1.627582081471955e-26,2.5666821231250487e-26
uav,nominal,383,-1.3924014485674806e-26,9.183628584738183e-27
uav,nominal,384,-4.363233894094062e-27,1.0943366319823482e-26
uav,nominal,385,-7.301641948689195e-27,1.814651807626166e-26
uav,nominal,386,-1.2504141712637378e-26,1.0021773293602513e-26
uav,nominal,387,-2.1492993237913092e-26,1.2562071853646057e-26
uav,nominal,388,-2.8472586731404176e-26,6.29509456420365e-26
uav,nominal,389,-1.2985872151889726e-26,4.7326316468214474e-26
uav,nominal,390,-8.875664566399216e-27,3.2573386028753985e-26
uav,nominal,391,-9.803640306791412e-27,1.334575735039221e-26
uav,nominal,392,-4.728614434357924e-26,7.051410013496196e-26
uav,nominal,393,-7.83871543084121e-27,4.333135336241262e-26
uav,nominal,394,-2.9472519783485e-26,6.136417708787602e-26
uav,nominal,395,-1.8309076963784384e-26,4.259919066883854e-26
uav,nominal,396,-1.335120825471458e-25,2.4494661708111024e-25
uav,nominal,397,-1.551782528983137e-27,1.1392696913434927e-25
uav,nominal,398,-2.114045941541858e-26,3.38277446530502e-26
uav,nominal,399,-2.1880264768156275e-26,2.3776429370328488e-27
uav,process_disturbance,0,-1866.5028362955595,
uav,process_disturbance,1,-162.94771537083224,14.176458944611174
uav,process_disturbance,2,-151.15177445827425,0.39465575936644154
uav,process_disturbance,3,-104.34055717381776,0.47148124268069935
uav,process_disturbance,4,-75.22103312061408,0.835785787068314
uav,process_disturbance,5,-133.80179390353393,0.7730525843702197
uav,process_disturbance,6,-8.749719127011936,12.734741450797427
uav,process_disturbance,7,-60.77224212509177,1.287014142612654
uav,process_disturbance,8,-43.61318807489433,4.671945863028761
uav,process_disturbance,9,-31.171854311497476,1.3519860223043145
uav,process_disturbance,10,-40.41106846345657,0.9516288039333162
uav,process_disturbance,11,-10.22225144168755,1.6471882973426755
uav,process_disturbance,12,-16.7813236260604,1.606753120453129
uav,process_disturbance,13,-50.93061713055272,0.65911111332189
uav,process_disturbance,14,-147.3884311048706,0.6916399572862342
uav,process_disturbance,15,-28.652193814609234,6.60297657518062
uav,process_disturbance,16,-24.772489883504626,2.2704578987806805
uav,process_disturbance,17,-11.5018885180245,2.573166346584709
uav,process_disturbance,18,-46.75326480380329,2.1714445847945543
uav,process_disturbance,19,-17.268050656269278,2.5362028431475196
uav,process_disturbance,20,-21.854037927627605,2.0758193347424734
uav,process_disturbance,21,-31.22779626882268,0.12930087652274852
uav,process_disturbance,22,-52.177767296037324,0.10374947052387248
uav,process_disturbance,23,-5.392754659214958,14.72573382963232
uav,process_disturbance,24,-5.053963487345298,3.520411895491008
uav,process_disturbance,25,-12.402365151849246,0.40782101587414227
uav,process_disturbance,26,-32.246292967688554,0.6997943333678849
uav,process_disturbance,27,-14.512662634778524,1.4161173752286307
uav,process_disturbance,28,-12.600661019810062,3.0229728824290105
uav,process_disturbance,29,-2.958633227429168,8.21906911113367
uav,process_disturbance,30,-11.971041413206027,0.5145433426240151
uav,process_disturbance,31,-79.48169480880901,1.354851951934353
uav,process_disturbance,32,-13.95150247321642,8.732426848278942
uav,process_disturbance,33,-38.57125808823139,1.6441859224796331
uav,process_disturbance,34,-39.2137880992891,2.6353501035122644
uav,process_disturbance,35,-38.09426474704288,0.02255208244940573
uav,process_disturbance,36,-46.22014659730587,1.5192246233745668
uav,process_disturbance,37,-59.023282076928936,0.382951902692305
uav,process_disturbance,38,-14.979323225824619,1.4134038191887885
uav,process_disturbance,39,-57.64609300936597,0.9319340996443891
uav,process_disturbance,40,-42.4338510757233,2.865122446726299
uav,process_disturbance,41,-21.643525865425566,2.1444973056154866
uav,process_disturbance,42,-3.0157959280297577,13.257578723488136
uav,process_disturbance,43,-69.48293557725445,1.0134269285584212
uav,process_disturbance,44,-23.806327573443596,2.014400501788114
uav,process_disturbance,45,-109.9931175221637,1.0600268769667844
uav,process_disturbance,46,-62.56196463718178,5.321585635592381
uav,process_disturbance,47,-96.82594819158501,2.552678324360662
uav,process_disturbance,48,-8.281830306122865,9.396110933997136
uav,process_disturbance,49,-30.231983768005335,0.3144877099076165
uav,process_disturbance,50,-15.580925389582637,2.7465911282837516
uav,process_disturbance,51,-54.013750340979975,0.2824053509979154
uav,process_disturbance,52,-12.157728205676813,5.704485253931354
uav,process_disturbance,53,-4.799641679968298,6.475214116689963
uav,process_disturbance,54,-12.518345283590389,2.1284644770037273
uav,process_disturbance,55,-31.14405232086337,0.7350743491961577
uav,process_disturbance,56,-24.197624670280142,2.3228927923306815
uav,process_disturbance,57,-2.899107829954752,6.643607382460422
uav,process_disturbance,58,-37.996025819577724,1.5360437139714835
uav,process_disturbance,59,-53.649040483202185,0.7904353603809798
uav,process_disturbance,60,-57.88819818111879,2.358771149080399
uav,process_disturbance,61,-25.125102782426374,1.6823686180419533
uav,process_disturbance,62,-84.86043632838339,2.302905475237048
uav,process_disturbance,63,-194.74109494714867,2.4174312512527742
uav,process_disturbance,64,-32.237025913854,6.623291270726163
uav,process_disturbance,65,-14.766900040794402,5.956673563839324
uav,process_disturbance,66,-7.436249893504401,5.190189870403187
uav,process_disturbance,67,-19.7286155613575,1.135390710019339
uav,process_disturbance,68,-11.967911014537112,5.108207053947816
uav,process_disturbance,69,-54.639989877849175,1.6883807539660218
uav,process_disturbance,70,-53.59510330142933,3.9639950126248333
uav,process_disturbance,71,-37.2012956016034,4.048416510789496
uav,process_disturbance,72,-49.17955922483506,0.5883676588981177
uav,process_disturbance,73,-43.66917548713195,1.9845101596791346
uav,process_disturbance,74,-32.609107704764604,0.9572402983982436
uav,process_disturbance,75,-18.301239188062933,2.505001445212611
uav,process_disturbance,76,-72.09063022666736,1.1538080443135044
uav,process_disturbance,77,-18.036231677312756,3.2014808366556524
uav,process_disturbance,78,-16.542580900411643,3.1513765452031866
uav,process_disturbance,79,-15.950272150345981,2.6753234960239847
uav,process_disturbance,80,-26.10205268341985,1.4473564104933685
uav,process_disturbance,81,-19.67874492970019,0.6776597197918682
uav,process_disturbance,82,-44.0987961702629,0.6629668710907745
uav,process_disturbance,83,-31.77469986371957,4.139602264618639
uav,process_disturbance,84,-7.7685837816395695,5.026826395221642
uav,process_disturbance,85,-3.8222068839672385,4.165977805250221
uav,process_disturbance,86,-25.898337071412136,0.7627886361080848
uav,process_disturbance,87,-19.02478715230043,4.461452474572403
uav,process_disturbance,88,-69.8059836126037,1.9667746026479758
uav,process_disturbance,89,-24.159651222079994,1.534269295832836
uav,process_disturbance,90,-25.72193278189664,3.7207051547610233
uav,process_disturbance,91,-13.622767142820486,0.7334521712984661
uav,process_disturbance,92,-4.289126278415909,1.0872174556848468
uav,process_disturbance,93,-65.99185004021739,0.7604869012718898
uav,process_disturbance,94,-110.72667190188268,0.8966408672337592
uav,process_disturbance,95,-26.045327606186483,7.466333166207801
uav,process_disturbance,96,-91.76898328505625,2.2654025370634754
uav,process_disturbance,97,-8.155410579184304,14.910453289551205
uav,process_disturbance,98,-188.02284790286578,1.1971912573274355
uav,process_disturbance,99,-78.88586076220687,5.379950779824211
uav,process_disturbance,100,-25.297488759580503,2.0872731521480867
uav,process_disturbance,101,-39.6283123982774,2.1983720078712685
uav,process_disturbance,102,-4.458993099509632,11.773140944366409
uav,process_disturbance,103,-13.821210411158711,1.3033561509050584
uav,process_disturbance,104,-75.85967464004098,0.4804117040346783
uav,process_disturbance,105,-45.97630600615807,0.3351689977574063
uav,process_disturbance,106,-15.864988273388626,6.861502939252816
uav,process_disturbance,107,-33.45828520148873,1.1575788767881823
uav,process_disturbance,108,-14.849660575139378,4.031604124051669
uav,process_disturbance,109,-105.27987799691489,1.6136506088167282
uav,process_disturbance,110,-57.64303649398357,0.522543426880938
uav,process_disturbance,111,-76.48764211606375,2.891059451659718
uav,process_disturbance,112,-65.91109704510286,0.019084887554251122
uav,process_disturbance,113,-74.54857761003213,3.222393942044387
uav,process_disturbance,114,-42.37149358243649,1.5026719908440165
uav,process_disturbance,115,-85.32432527492622,2.0400022792123536
uav,process_disturbance,116,-53.39385175298809,1.964542173892243
uav,process_disturbance,117,-22.59839984293017,3.3087432004011093
uav,process_disturbance,118,-21.756086868479475,2.5542669513240113
uav,process_disturbance,119,-42.92593665970404,0.8944408364058675
uav,process_disturbance,120,-93.5016635578135,1.0123616251195036
uav,process_disturbance,121,-15.084541942352459,4.588517561149389
uav,process_disturbance,122,-46.240766902832846,1.6851397035313476
uav,process_disturbance,123,-48.82869359572936,2.9431235493328343
uav,process_disturbance,124,-39.21506700047769,2.915971802417443
uav,process_disturbance,125,-42.94612239220068,1.372306660229497
uav,process_disturbance,126,-57.43069440164618,2.0942595777459223
uav,process_disturbance,127,-26.744324216111966,0.23336229597439476
uav,process_disturbance,128,-40.68937013042791,1.0620830249779607
uav,process_disturbance,129,-4.537058152492613,12.926204990166449
uav,process_disturbance,130,-42.12340503955436,1.230934199717219
uav,process_disturbance,131,-72.10261835841747,2.427277905019892
uav,process_disturbance,132,-30.10442602119967,1.595280171631297
uav,process_disturbance,133,-57.1037265716579,1.8378423365996694
uav,process_disturbance,134,-5.660206379365799,12.662199211266591
uav,process_disturbance,135,-39.38722119281291,1.8373190120574965
uav,process_disturbance,136,-76.36853637647911,0.6769333535452328
uav,process_disturbance,137,-84.33149454309627,0.14809387127162518
uav,process_disturbance,138,-35.333673157802906,3.6210255404397196
uav,process_disturbance,139,-11.808776902225546,6.261788316371244
uav,process_disturbance,140,-88.20759504486229,1.8504594676431085
uav,process_disturbance,141,-26.393278452937086,6.723090994615479
uav,process_disturbance,142,-6.370552243211749,3.091638419275619
uav,process_disturbance,143,-66.02848830958618,1.2971272590491367
uav,process_disturbance,144,-47.64838386592072,2.915681019341737
uav,process_disturbance,145,-6.86723572389716,3.4790054316725687
uav,process_disturbance,146,-8.539932385457647,1.4395862336466945
uav,process_disturbance,147,-61.9816946752753,1.3871484562096272
uav,process_disturbance,148,-45.70200821728988,4.171969997831532
uav,process_disturbance,149,-69.60576425799256,1.9671682639945995
uav,process_disturbance,150,-7.124922530046906,15.589267882483634
uav,process_disturbance,151,-61.07589624181076,1.3385807700688488
uav,process_disturbance,152,-33.717648258289515,3.4041072983672858
uav,process_disturbance,153,-19.417160786697202,2.62250713040713
uav,process_disturbance,154,-46.65616297146654,0.12733460765900806
uav,process_disturbance,155,-6.069385690563706,4.354468143478751
uav,process_disturbance,156,-31.89492349720255,1.784595947973302
uav,process_disturbance,157,-85.31859529111924,2.559803628800432
uav,process_disturbance,158,-27.85459215338548,2.2443660695011047
uav,process_disturbance,159,-12.058807486447074,2.413206470082973
uav,process_disturbance,160,-113.15653417532467,0.5923743876922771
uav,process_disturbance,161,-36.962600070192515,4.03737410433124
uav,process_disturbance,162,-25.884075977816103,2.8843248149057787
uav,process_disturbance,163,-4.045685692672525,12.375593035786183
uav,process_disturbance,164,-70.09878501822647,0.623123412316129
uav,process_disturbance,165,-24.255429720488706,6.569898657435175
uav,process_disturbance,166,-35.03583206922394,2.143766572354341
uav,process_disturbance,167,-68.67331062232515,1.477442044136906
uav,process_disturbance,168,-7.291588816470983,14.89301603329358
uav,process_disturbance,169,-51.0132258792386,1.5895208299551618
uav,process_disturbance,170,-15.437230837717813,4.276707519860608
uav,process_disturbance,171,-19.60679792406009,3.4622714727042307
uav,process_disturbance,172,-32.266589241106864,0.601277330691801
uav,process_disturbance,173,-96.32244254917677,0.9921980658743174
uav,process_disturbance,174,-5.448740888449825,16.69429493259747
uav,process_disturbance,175,-147.733366476711,1.3991735890603605
uav,process_disturbance,176,-7.910707199770149,15.585722784311066
uav,process_disturbance,177,-46.12722877639407,1.6111383148993512
uav,process_disturbance,178,-34.96406898027921,4.049770343258147
uav,process_disturbance,179,-20.78342047758789,0.8674880339954223
uav,process_disturbance,180,-18.79224228196368,4.207626797377071
uav,process_disturbance,181,-45.69045484748131,1.3334439442230948
uav,process_disturbance,182,-17.801047393861783,2.62348654355643
uav,process_disturbance,183,-30.647899990073988,1.790256242173909
uav,process_disturbance,184,-14.464363358726176,5.437719272827989
uav,process_disturbance,185,-45.832196521267456,0.7623183865266594
uav,process_disturbance,186,-4.446757544809559,5.028595457951366
uav,process_disturbance,187,-37.45143942716312,1.5165091503173782
uav,process_disturbance,188,-57.81555150952288,1.9964644629025021
uav,process_disturbance,189,-6.44149521207579,10.344376942623846
uav,process_disturbance,190,-14.58561978198357,2.5459332389522458
uav,process_disturbance,191,-15.756772163485325,3.236837698684474
uav,process_disturbance,192,-39.79339082013363,1.035283394025786
uav,process_disturbance,193,-74.51524773655403,2.242539944167549
uav,process_disturbance,194,-59.91756759834154,3.665851749207124
uav,process_disturbance,195,-55.88915690005301,2.206394545661693
uav,process_disturbance,196,-86.35812072343242,2.146926329571649
uav,process_disturbance,197,-2.0455084350723225,42.94451085002764
uav,process_disturbance,198,-2.868825740733649,0.9890576812431626
uav,process_disturbance,199,-20.384240431351124,0.7413992047057052
uav,process_disturbance,200,-2.632129543122148,7.431491394173313
uav,process_disturbance,201,-62.34874147222762,0.6454884807691196
uav,process_disturbance,202,-7.70304843462082,6.568524648988127
uav,process_disturbance,203,-5.6112035288717905,3.3920136139448127
uav,process_disturbance,204,-23.956323771138713,0.44980950385836177
uav,process_disturbance,205,-13.416673920220296,3.4692243131288767
uav,process_disturbance,206,-17.87462218659351,0.4468548101186619
uav,process_disturbance,207,-21.330923236583324,2.7279460890287566
uav,process_disturbance,208,-108.97077498443512,1.0923734620049939
uav,process_disturbance,209,-10.093163769391976,14.51212247854118
uav,process_disturbance,210,-19.48495144844574,1.5936837079149762
uav,process_disturbance,211,-21.50983772416245,1.598900979714346
uav,process_disturbance,212,-42.42394310191512,0.3835293639767416
uav,process_disturbance,213,-83.51342754704002,2.9235468071755895
uav,process_disturbance,214,-31.819961984709124,4.934216346709193
uav,process_disturbance,215,-15.004947343438703,2.6210633985309455
uav,process_disturbance,216,-26.921786182890116,1.2778195711342586
uav,process_disturbance,217,-35.5346025172256,1.181168169037139
uav,process_disturbance,218,-44.360070079364775,0.5446860054315573
uav,process_disturbance,219,-12.212737873864448,3.9762975945490413
uav,process_disturbance,220,-23.587416248103594,0.0993900700752648
uav,process_disturbance,221,-18.050361944101507,4.044519395879923
uav,process_disturbance,222,-85.16455960916399,0.4197394389424501
uav,process_disturbance,223,-35.05743785673785,6.0181776811735075
uav,process_disturbance,224,-10.96326340310611,3.720952229953438
uav,process_disturbance,225,-84.97467405103339,1.1197346914574615
uav,process_disturbance,226,-9.146109012901091,9.72634609188633
uav,process_disturbance,227,-24.452908614200563,2.072934432458526
uav,process_disturbance,228,-5.013776951142615,10.037671674047603
uav,process_disturbance,229,-22.854045466387348,0.4719041165022651
uav,process_disturbance,230,-65.46354444846995,0.20767623113390693
uav,process_disturbance,231,-25.069718637460255,6.743089669015814
uav,process_disturbance,232,-1.4483487866693687,18.140313776741863
uav,process_disturbance,233,-21.62047068959487,1.2790324708573728
uav,process_disturbance,234,-26.03650620729418,1.0854925592546079
uav,process_disturbance,235,-31.201385481876738,2.2049986754214674
uav,process_disturbance,236,-72.66831043090576,2.0723585618562486
uav,process_disturbance,237,-32.755229237033966,2.90213878860144
uav,process_disturbance,238,-5.154045300678878,7.049939847636472
uav,process_disturbance,239,-52.90928040596974,1.5062036630844773
uav,process_disturbance,240,-46.44767055980799,2.1040099369383825
uav,process_disturbance,241,-8.987090135093771,10.550013943177605
uav,process_disturbance,242,-28.30794251313695,1.905924130872726
uav,process_disturbance,243,-56.586940597742284,2.045242452323444
uav,process_disturbance,244,-34.94680282192894,2.9821835468135713
uav,process_disturbance,245,-30.762982507796206,3.9011589060534644
uav,process_disturbance,246,-13.198627485008512,6.347090633018152
uav,process_disturbance,247,-44.310901553050556,0.459441842532921
uav,process_disturbance,248,-40.61777339624567,0.11016371821247829
uav,process_disturbance,249,-20.47367627415842,5.149798690319848
uav,process_disturbance,250,-123.93884757637551,0.4299200592021856
uav,process_disturbance,251,-23.28983511514744,2.0406923165827417
uav,process_disturbance,252,-39.491950415155046,1.130328866770118
uav,process_disturbance,253,-21.33374552219339,0.6274923354120662
uav,process_disturbance,254,-30.369507843397006,0.7439838485930258
uav,process_disturbance,255,-50.47370373938605,2.38912943935934
uav,process_disturbance,256,-114.28720560515042,1.471800649240141
uav,process_disturbance,257,-22.446375929350694,7.115894730586866
uav,process_disturbance,258,-69.98614367586303,1.4465743130077167
uav,process_disturbance,259,-4.411158795019009,9.944565538105957
uav,process_disturbance,260,-46.58468141775525,0.9636595763853217
uav,process_disturbance,261,-9.418965914989691,7.984246274377006
uav,process_disturbance,262,-109.85183754276571,0.5671701888948545
uav,process_disturbance,263,-118.3370997187346,3.1314667626146506
uav,process_disturbance,264,-44.1370009479741,0.4897353942888746
uav,process_disturbance,265,-31.84639637913037,3.78039436024582
uav,process_disturbance,266,-2.5285217050102378,18.658639018987046
uav,process_disturbance,267,-9.215786599420433,1.8730145156974785
uav,process_disturbance,268,-54.452855702426056,0.6598582187052937
uav,process_disturbance,269,-32.39404956433404,1.682451126129281
uav,process_disturbance,270,-8.40468744009423,3.101538228180221
uav,process_disturbance,271,-28.746380635968976,1.2249022062030754
uav,process_disturbance,272,-18.482964731621244,1.7424264516711954
uav,process_disturbance,273,-39.674726837994754,1.5763062637738126
uav,process_disturbance,274,-32.34146025633277,0.12625835030776317
uav,process_disturbance,275,-45.18950134041252,0.8901998635595157
uav,process_disturbance,276,-44.865000090601,3.4714171807310694
uav,process_disturbance,277,-23.124249389654516,3.5748859232571215
uav,process_disturbance,278,-8.475741117565594,5.019775490676906
uav,process_disturbance,279,-7.499051942346507,3.26505408591708
uav,process_disturbance,280,-19.267214577292687,1.0980545177702266
uav,process_disturbance,281,-86.82526743507002,2.0862346463127226
uav,process_disturbance,282,-36.14924179713314,2.6135345602883993
uav,process_disturbance,283,-23.088558768272684,4.2730970379319215
uav,process_disturbance,284,-16.146973169557228,0.6986562521932926
uav,process_disturbance,285,-55.668602151345304,0.48278347649507714
uav,process_disturbance,286,-55.57909881204977,3.6442363728141394
uav,process_disturbance,287,-26.997415386276245,5.337753073173134
uav,process_disturbance,288,-176.9183122861833,1.8166944204000244
uav,process_disturbance,289,-96.67602264833552,3.052627187316866
uav,process_disturbance,290,-41.398302463120395,5.791621209694958
uav,process_disturbance,291,-56.526105491239164,2.71459881714571
uav,process_disturbance,292,-40.1870154430789,2.5545421002227626
uav,process_disturbance,293,-70.00561703245958,0.5690584549045684
uav,process_disturbance,294,-55.08354039075368,3.635709262481433
uav,process_disturbance,295,-14.54194980172519,7.178292584802539
uav,process_disturbance,296,-43.903227364176914,0.547674176182873
uav,process_disturbance,297,-36.77777816159659,3.005799152094592
uav,process_disturbance,298,-3.7934089634349135,9.285915574172762
uav,process_disturbance,299,-22.72576214893447,0.4180136585888925
uav,process_disturbance,300,-9.455000329937015,5.306176147071209
uav,process_disturbance,301,-7.009954944039746,2.531377746592214
uav,process_disturbance,302,-24.67493377548636,2.1713902626996227
uav,process_disturbance,303,-46.437872731911526,0.815954639711385
uav,process_disturbance,304,-17.059686197446098,2.9926174884324004
uav,process_disturbance,305,-85.26512379186893,0.5944589168980744
uav,process_disturbance,306,-65.24574537692085,2.664254180742035
uav,process_disturbance,307,-2.497503725087203,34.57551205024996
uav,process_disturbance,308,-70.51636561417915,0.7801526171120543
uav,process_disturbance,309,-24.759892401595074,3.147741816257342
uav,process_disturbance,310,-7.1852437641565405,2.432311994994341
uav,process_disturbance,311,-21.229141128551497,2.374057513133119
uav,process_disturbance,312,-10.900283359047483,4.70665907904653
uav,process_disturbance,313,-42.03510412741348,1.7120695442583045
uav,process_disturbance,314,-36.85753784454671,1.20863296945804
uav,process_disturbance,315,-11.093257802847361,6.259684423609176
uav,process_disturbance,316,-61.02835432564301,1.0150147980941584
uav,process_disturbance,317,-7.476311673290176,3.583876475188641
uav,process_disturbance,318,-22.42864362426605,1.8618395666807142
uav,process_disturbance,319,-33.28299823260039,2.323043458683435
uav,process_disturbance,320,-13.461057483597884,1.48347117247268
uav,process_disturbance,321,-66.77460679085641,1.919638032939363
uav,process_disturbance,322,-17.51044863715785,2.0488845092922023
uav,process_disturbance,323,-28.420097965111637,0.2560192776636303
uav,process_disturbance,324,-41.371336007978584,0.2170224122571035
uav,process_disturbance,325,-41.69182231175635,3.1734924909609274
uav,process_disturbance,326,-38.13025129565951,0.5453869955112214
uav,process_disturbance,327,-44.323131671099006,2.3047097925401188
uav,process_disturbance,328,-30.779271895893043,3.0634697900326104
uav,process_disturbance,329,-19.46907065777808,3.256184672928166
uav,process_disturbance,330,-72.24540354650624,1.6938367332136395
uav,process_disturbance,331,-129.19873150881048,0.9753983971345742
uav,process_disturbance,332,-35.1756166652371,7.866612318594041
uav,process_disturbance,333,-92.89013594577,2.1360538481297264
uav,process_disturbance,334,-25.281004313337192,1.8648383117575218
uav,process_disturbance,335,-21.746704547969497,3.2184397385228487
uav,process_disturbance,336,-58.03571184838325,2.251819643654361
uav,process_disturbance,337,-17.932497209291952,5.165605993978014
uav,process_disturbance,338,-10.096306252326222,2.426329430646735
uav,process_disturbance,339,-8.776654955942426,4.280542086222926
uav,process_disturbance,340,-95.8293052370521,1.2778041076369475
uav,process_disturbance,341,-73.66490423356619,4.194759267371132
uav,process_disturbance,342,-14.810232118506018,5.01220490820762
uav,process_disturbance,343,-14.202288921654027,3.0210957249219925
uav,process_disturbance,344,-16.51727191651299,2.2314666038601843
uav,process_disturbance,345,-23.986802037478665,1.2395218553467862
uav,process_disturbance,346,-25.19026257966251,0.6617436447317541
uav,process_disturbance,347,-42.606366329449,1.305746470094165
uav,process_disturbance,348,-31.908255213056023,3.6876579821606565
uav,process_disturbance,349,-12.515564698146964,5.607074404074031
uav,process_disturbance,350,-4.1912593878064115,2.812671215104481
uav,process_disturbance,351,-85.85689978492621,0.9982747069948266
uav,process_disturbance,352,-27.66550871834749,1.443714098624007
uav,process_disturbance,353,-17.62115765329951,0.7582316639651601
uav,process_disturbance,354,-39.95803228714185,2.127704985487959
uav,process_disturbance,355,-100.89762548194895,0.7296376653374365
uav,process_disturbance,356,-21.605747145615197,2.153400283808363
uav,process_disturbance,357,-12.059887912160171,2.045122969415462
uav,process_disturbance,358,-62.454676663106774,1.6909638700096021
uav,process_disturbance,359,-39.87924479739462,3.3315426189784723
uav,process_disturbance,360,-7.620229845557686,6.87591616759239
uav,process_disturbance,361,-56.29478624283209,1.4275633164589054
uav,process_disturbance,362,-17.960671033504504,3.3998216083090678
uav,process_disturbance,363,-28.460109961072032,2.5180582439898016
uav,process_disturbance,364,-87.27558870806057,1.4099988501198886
uav,process_disturbance,365,-41.11864933261788,5.62142037433139
uav,process_disturbance,366,-69.14516757010878,2.61877212511744
uav,process_disturbance,367,-33.62702713745851,3.616809100297429
uav,process_disturbance,368,-13.876408281250463,3.9169567645338113
uav,process_disturbance,369,-8.244955480052065,1.7007230553936727
uav,process_disturbance,370,-48.37394307863231,1.704880798761515
uav,process_disturbance,371,-18.01823212900574,5.492272562768505
uav,process_disturbance,372,-32.83018654822477,2.1601510783266273
uav,process_disturbance,373,-18.098074586470833,3.012619985169268
uav,process_disturbance,374,-47.43541876863501,0.9490375699771716
uav,process_disturbance,375,-104.86714482454353,2.4239816019766627
uav,process_disturbance,376,-4.080825138494374,21.40872102075717
uav,process_disturbance,377,-86.22638185477606,0.6597140285057004
uav,process_disturbance,378,-9.79354186099653,6.337866154462837
uav,process_disturbance,379,-28.781757267518483,1.840759662804303
uav,process_disturbance,380,-131.1857790908848,1.8701069065464984
uav,process_disturbance,381,-30.20480548651104,8.139492107462555
uav,process_disturbance,382,-47.001711945275964,0.30924360608041684
uav,process_disturbance,383,-5.011203065869973,11.129681508112636
uav,process_disturbance,384,-34.485751627452444,1.162485016583338
uav,process_disturbance,385,-22.44200937213204,3.0512087530029706
uav,process_disturbance,386,-12.905030381711928,3.7339610526054208
uav,process_disturbance,387,-103.85040567565937,1.4476975704543966
uav,process_disturbance,388,-47.31782299339776,3.382784242873929
uav,process_disturbance,389,-65.34713739215198,1.4644428330690984
uav,process_disturbance,390,-32.89002751222733,5.364258865093029
uav,process_disturbance,391,-22.86818944208177,1.7618845927194347
uav,process_disturbance,392,-15.069067924721352,3.2025322178687237
uav,process_disturbance,393,-113.45350688970846,1.2053041799545048
uav,process_disturbance,394,-37.11752249130993,3.1659379157224463
uav,process_disturbance,395,-39.49805741661765,3.3963663010611826
uav,process_disturbance,396,-20.47762993391398,2.1028604647432667
uav,process_disturbance,397,-8.762083138437452,0.8544008574366829
uav,process_disturbance,398,-46.86864967281537,1.8807472640326135
uav,process_disturbance,399,-80.23196987408944,1.3859492694163946
uav,measurement_noise,0,-1903.4589433665262,
uav,measurement_noise,1,-284.6503586331238,9.216241837724759
uav,measurement_noise,2,-144.4891958293191,1.1255120466129367
uav,measurement_noise,3,-166.50310741178617,1.2078521845263066
uav,measurement_noise,4,-231.43716257923845,1.3071919144678106
uav,measurement_noise,5,-23.05795184684717,16.59254249099813
uav,measurement_noise,6,-70.74276864236217,1.879084417710099
uav,measurement_noise,7,-250.58206325578408,1.9472408334223181
uav,measurement_noise,8,-36.20166481729233,10.757753918036272
uav,measurement_noise,9,-46.46550516872783,0.9362110111274892
uav,measurement_noise,10,-8.903089099158162,7.293993223979405
uav,measurement_noise,11,-13.140018777937264,2.493234889092381
uav,measurement_noise,12,-65.9961884531486,1.4625554326152728
uav,measurement_noise,13,-175.02988432729364,0.5900225516732092
uav,measurement_noise,14,-127.61616119427772,3.7549300559445897
uav,measurement_noise,15,-85.4319924177134,4.9379908373628085
uav,measurement_noise,16,-17.636167941313257,9.945141036400647
uav,measurement_noise,17,-105.79624351274533,1.8584550327944334
uav,measurement_noise,18,-44.29447509942625,5.692321467829621
uav,measurement_noise,19,-43.76409179223684,1.694788832542573
uav,measurement_noise,20,-4.498300682821971,11.722091730593892
uav,measurement_noise,21,-7.652658115360449,0.16107565676086807
uav,measurement_noise,22,-65.93763400489367,1.7461457054743161
uav,measurement_noise,23,-28.12427968555147,6.05566304120698
uav,measurement_noise,24,-8.84354880942693,2.112296340255664
uav,measurement_noise,25,-22.32504965799043,0.8840639129399287
uav,measurement_noise,26,-19.285818679874506,3.193716656499047
uav,measurement_noise,27,-31.363104270335683,1.790652528155276
uav,measurement_noise,28,-29.669419980901193,3.727906740349228
uav,measurement_noise,29,-6.935584737337106,3.2553515288348596
uav,measurement_noise,30,-105.7004749986163,1.3767095548009918
uav,measurement_noise,31,-120.49592983625647,3.7499847880196726
uav,measurement_noise,32,-64.18802976902747,4.079191538200539
uav,measurement_noise,33,-102.89350600948134,2.7189532696094796
uav,measurement_noise,34,-1.6116841140846945,65.95713173728986
uav,measurement_noise,35,-75.45934053363058,0.7801794805489779
uav,measurement_noise,36,-22.189584362824593,6.702857072619831
uav,measurement_noise,37,-19.479449291062956,2.6824855186364562
uav,measurement_noise,38,-50.836717027659816,0.4575730118085169
uav,measurement_noise,39,-124.52628393523891,2.3415455576836046
uav,measurement_noise,40,-44.99613577417522,6.941179874905609
uav,measurement_noise,41,-40.218222434441806,2.930209038868226
uav,measurement_noise,42,-70.4509962416169,2.0189958052513486
uav,measurement_noise,43,-47.580366717161255,4.237837057964989
uav,measurement_noise,44,-116.24662873151158,2.159944116334644
uav,measurement_noise,45,-334.99571107875005,2.344726431076373
uav,measurement_noise,46,-246.17391107313085,4.4917963832493495
uav,measurement_noise,47,-78.29131985053516,7.553007818021892
uav,measurement_noise,48,-9.943131048325062,10.043212554908099
uav,measurement_noise,49,-42.41127549910641,2.059378244937579
uav,measurement_noise,50,-15.510903570844672,2.6055472521544134
uav,measurement_noise,51,-68.76419670624172,2.0946847826976414
uav,measurement_noise,52,-31.269422755338887,4.77032649382938
uav,measurement_noise,53,-26.633073884146015,3.7732473300783913
uav,measurement_noise,54,-22.975058335412392,1.6986328536752109
uav,measurement_noise,55,-56.07890784382718,2.5540449615010585
uav,measurement_noise,56,-19.123465228678718,6.386746438093282
uav,measurement_noise,57,-58.394375189715475,0.8752505083524853
uav,measurement_noise,58,-42.19069141756806,2.893858983993354
uav,measurement_noise,59,-136.83009947312414,1.3449672841821547
uav,measurement_noise,60,-41.9682363734568,6.183639080549673
uav,measurement_noise,61,-195.784551583684,1.1704324189374558
uav,measurement_noise,62,-470.718139265819,2.508954714477133
uav,measurement_noise,63,-213.42910665762201,5.61472854566793
uav,measurement_noise,64,-87.97372638296332,3.9647612646975574
uav,measurement_noise,65,-38.6051070890076,6.263659083924816
uav,measurement_noise,66,-22.362906215497315,4.558523242882948
uav,measurement_noise,67,-61.21091019561456,2.4416062153547893
uav,measurement_noise,68,-92.30724567287353,2.9305488821263186
uav,measurement_noise,69,-212.30459600622407,2.725909824416677
uav,measurement_noise,70,-150.69294758529244,4.6345480729147095
uav,measurement_noise,71,-28.903962699788245,5.427295587341941
uav,measurement_noise,72,-86.7210347197553,1.3721096578318115
uav,measurement_noise,73,-31.209596131235134,6.943628502877267
uav,measurement_noise,74,-45.806859677811126,1.2026147326273882
uav,measurement_noise,75,-83.16769388725038,0.759466828213304
uav,measurement_noise,76,-57.73095417158925,4.109858760969069
uav,measurement_noise,77,-52.14784874764674,2.8867828110617033
uav,measurement_noise,78,-42.65986008573435,4.01127436044326
uav,measurement_noise,79,-37.767389942900174,2.8423137098348743
uav,measurement_noise,80,-13.30969601464458,4.337478668086562
uav,measurement_noise,81,-29.208793882333016,0.28338102290188666
uav,measurement_noise,82,-131.61634140013717,1.723366377347606
uav,measurement_noise,83,-39.01507243148973,8.035275844595196
uav,measurement_noise,84,-15.936484027345012,5.854090427498813
uav,measurement_noise,85,-19.753277662118712,2.624072673943752
uav,measurement_noise,86,-84.87394213756187,2.0429573373145318
uav,measurement_noise,87,-137.2921085718856,3.0103547893769576
uav,measurement_noise,88,-37.06318556909324,7.440697523295339
uav,measurement_noise,89,-95.7144868752641,1.024502415986627
uav,measurement_noise,90,-9.993965759032585,14.725025277180714
uav,measurement_noise,91,-4.658516468852582,3.712801738579583
uav,measurement_noise,92,-50.18162754560928,1.0477826152276124
uav,measurement_noise,93,-99.27468710662154,1.9503033252956947
uav,measurement_noise,94,-194.47899222337327,2.544410259065598
uav,measurement_noise,95,-207.87265788110366,3.0973617672898923
uav,measurement_noise,96,-121.61171973186785,5.280660000259768
uav,measurement_noise,97,-225.10074236201766,1.0939616041696212
uav,measurement_noise,98,-424.4017991393595,2.839704314895461
uav,measurement_noise,99,-52.80019978768729,12.786240357013904
uav,measurement_noise,100,-87.12036525502252,2.2556648044768326
uav,measurement_noise,101,-52.49428170235136,4.87891452248711
uav,measurement_noise,102,-18.011542906680415,3.6965960693366924
uav,measurement_noise,103,-36.440108644817414,0.919957889108645
uav,measurement_noise,104,-15.41089111417692,5.976356552618145
uav,measurement_noise,105,-108.86327536263516,0.9554730982508575
uav,measurement_noise,106,-38.72843253512712,4.199745694400217
uav,measurement_noise,107,-59.86942505981969,3.232078422347828
uav,measurement_noise,108,-169.88348023335743,2.4558535676563915
uav,measurement_noise,109,-30.120898591707864,9.079543908526848
uav,measurement_noise,110,-221.1296288660771,0.7198387654127052
uav,measurement_noise,111,-1.2578081154805676,183.71602078934706
uav,measurement_noise,112,-240.22508316487963,0.9455252256718694
uav,measurement_noise,113,-63.67236176034935,6.760666227846114
uav,measurement_noise,114,-174.05945726662281,1.751638833688983
uav,measurement_noise,115,-104.89339695192625,3.9468332242259385
uav,measurement_noise,116,-74.77416854969972,4.0528398931106935
uav,measurement_noise,117,-55.57001267844608,4.388266916199288
uav,measurement_noise,118,-38.394384646309184,2.502343370960336
uav,measurement_noise,119,-94.65802336327711,1.1809202908780303
uav,measurement_noise,120,-69.21574845362298,3.433668625215018
uav,measurement_noise,121,-77.92220511287906,0.35156848124405266
uav,measurement_noise,122,-143.70917759323254,2.4509098798473774
uav,measurement_noise,123,-114.34922301084185,3.512074694919932
uav,measurement_noise,124,-58.93573091219011,4.185375899181439
uav,measurement_noise,125,-120.27437337750557,2.3034463023601646
uav,measurement_noise,126,-6.241261884192191,26.076495338436754
uav,measurement_noise,127,-43.21584424844083,0.969310680517705
uav,measurement_noise,128,-58.646859196865655,3.038589105446039
uav,measurement_noise,129,-51.85105075430161,1.4492822203086266
uav,measurement_noise,130,-175.0130871361554,2.3258149217112556
uav,measurement_noise,131,-48.02496247666818,7.314162107266327
uav,measurement_noise,132,-104.94763798865928,0.6066781210855866
uav,measurement_noise,133,-71.67066284037065,4.787687336923624
uav,measurement_noise,134,-72.36674423422336,3.416664557665093
uav,measurement_noise,135,-51.696272264572045,2.5308141494364604
uav,measurement_noise,136,-12.489003012313264,4.131327584869429
uav,measurement_noise,137,-127.94446414504328,1.0090711236391916
uav,measurement_noise,138,-73.94398361863897,4.037459485921833
uav,measurement_noise,139,-163.22457148830586,2.6709446639382906
uav,measurement_noise,140,-177.44435361029343,3.757206597236884
uav,measurement_noise,141,-19.695471715180325,15.33140364925172
uav,measurement_noise,142,-85.64736287209954,1.8668499733724335
uav,measurement_noise,143,-138.92748837931072,2.6493910993438927
uav,measurement_noise,144,-23.891145896735125,10.742533654639145
uav,measurement_noise,145,-12.293971440014317,2.287770379346496
uav,measurement_noise,146,-85.97778242740193,1.3448029098989462
uav,measurement_noise,147,-190.6674480166632,2.68957873728432
uav,measurement_noise,148,-136.92621882790803,4.429424659769231
uav,measurement_noise,149,-111.07236670124058,3.835060338150843
uav,measurement_noise,150,-81.75498405086705,4.453971577666084
uav,measurement_noise,151,-114.778488713266,2.935002914058264
uav,measurement_noise,152,-50.92166073420131,4.179331524134379
uav,measurement_noise,153,-5.940944704921893,5.65368820095182
uav,measurement_noise,154,-26.428947120617597,2.1152365450698425
uav,measurement_noise,155,-56.919558261498636,1.40708353236693
uav,measurement_noise,156,-218.39881966710786,2.2252622253577763
uav,measurement_noise,157,-62.51591751978531,7.462267610377461
uav,measurement_noise,158,-29.100392856283996,4.857659253310078
uav,measurement_noise,159,-67.03102347463908,0.2899289770986504
uav,measurement_noise,160,-149.2318728920769,2.417737740737849
uav,measurement_noise,161,-74.65808279007989,2.8131078938642644
uav,measurement_noise,162,-50.06774973950084,4.257706339044654
uav,measurement_noise,163,-43.68018713549092,0.2420049124765562
uav,measurement_noise,164,-159.355721310807,2.3042087166207366
uav,measurement_noise,165,-75.1086457576267,5.170623786249431
uav,measurement_noise,166,-101.46083498744771,3.0209634837209083
uav,measurement_noise,167,-108.5937553641358,3.543439644105203
uav,measurement_noise,168,-81.08657999951484,4.305549758295048
uav,measurement_noise,169,-66.02052355994134,4.205036354015627
uav,measurement_noise,170,-67.88405852625384,3.0027094595859687
uav,measurement_noise,171,-19.401169207753078,5.172215932261337
uav,measurement_noise,172,-95.57093538590706,0.8977157748416317
uav,measurement_noise,173,-90.96289036530678,3.7824127281121958
uav,measurement_noise,174,-206.70463171663033,1.159745375101838
uav,measurement_noise,175,-123.29408619693461,5.200134981534143
uav,measurement_noise,176,-74.317345318516,1.8649811500069757
uav,measurement_noise,177,-141.5964497320861,2.757050323983754
uav,measurement_noise,178,-18.029368324966676,12.421962994953397
uav,measurement_noise,179,-79.07074120950463,1.340422998710606
uav,measurement_noise,180,-60.925659017878246,3.4356804826561933
uav,measurement_noise,181,-46.700810288169805,4.181663871390556
uav,measurement_noise,182,-54.867595860302046,0.9672682006287422
uav,measurement_noise,183,-78.65314497999591,2.8062531440803395
uav,measurement_noise,184,-34.93872682066119,4.508919050524735
uav,measurement_noise,185,-22.36094482969405,4.614095456712355
uav,measurement_noise,186,-56.79545110789314,0.7115034582566135
uav,measurement_noise,187,-115.42669400268286,2.6414861516282726
uav,measurement_noise,188,-66.6332545501529,4.569501925691887
uav,measurement_noise,189,-37.134014098245345,3.413033356846437
uav,measurement_noise,190,-51.00211461343412,3.238735000160291
uav,measurement_noise,191,-41.19743659832319,2.431648380100824
uav,measurement_noise,192,-167.10341898869197,1.7605562531796524
uav,measurement_noise,193,-219.64891963218878,3.072240957474232
uav,measurement_noise,194,-123.31353210175881,3.7437341943019304
uav,measurement_noise,195,-185.40452263695022,2.2453551029555254
uav,measurement_noise,196,-87.84335926004142,5.7613534101989
uav,measurement_noise,197,-2.837434103356024,38.17762011128917
uav,measurement_noise,198,-15.112859671271952,1.2453917777735783
uav,measurement_noise,199,-19.560648037813483,3.0751017944441705
uav,measurement_noise,200,-40.24539442286944,1.7676156016715519
uav,measurement_noise,201,-50.597663435291324,3.4624596618565975
uav,measurement_noise,202,-19.033278886048976,4.840333963736705
uav,measurement_noise,203,-10.775782121292867,2.857753399630822
uav,measurement_noise,204,-46.54545133842161,2.0816335472412693
uav,measurement_noise,205,-7.98736085508912,4.294539481933884
uav,measurement_noise,206,-58.189608625235415,1.7632214958286851
uav,measurement_noise,207,-119.03678260702596,1.2533198471471596
uav,measurement_noise,208,-146.47322888759177,3.221136205677383
uav,measurement_noise,209,-31.052849713500105,7.131159942667778
uav,measurement_noise,210,-34.39210060605532,3.2240984294567028
uav,measurement_noise,211,-16.27082792328171,1.2319850707260154
uav,measurement_noise,212,-244.15541444799683,1.443414050946904
uav,measurement_noise,213,-157.00657659633606,4.8555888044575255
uav,measurement_noise,214,-39.328918289847856,5.773048490992328
uav,measurement_noise,215,-34.40118532085109,2.7832374621800384
uav,measurement_noise,216,-41.972341367650735,3.408182915079021
uav,measurement_noise,217,-24.16230937005274,3.3348584451169705
uav,measurement_noise,218,-48.56148021458351,1.5945365826186808
uav,measurement_noise,219,-2.3443549605077507,20.169063241781853
uav,measurement_noise,220,-73.00503896418338,1.3879118649266624
uav,measurement_noise,221,-35.74692446320385,1.2704586370620115
uav,measurement_noise,222,-210.98189006328357,1.894429226720838
uav,measurement_noise,223,-40.79377941797367,10.045278487118267
uav,measurement_noise,224,-95.14909044236788,0.4656960430195405
uav,measurement_noise,225,-88.95822162532076,3.876895512092596
uav,measurement_noise,226,-50.68927624064618,3.0814259097123227
uav,measurement_noise,227,-50.32664689070616,3.8133422848765117
uav,measurement_noise,228,-10.784918127409629,3.13419871290529
uav,measurement_noise,229,-13.595222190901975,0.8698451450694318
uav,measurement_noise,230,-169.04736074902763,1.6079915377748175
uav,measurement_noise,231,-26.273501448906394,12.12430885332138
uav,measurement_noise,232,-27.65328404454995,1.5254228277324042
uav,measurement_noise,233,-28.26243375697608,3.2733338282884943
uav,measurement_noise,234,-68.79901365942642,2.5092671130469175
uav,measurement_noise,235,-150.5947952950981,2.7211948101455823
uav,measurement_noise,236,-95.06022129367997,4.061443859107134
uav,measurement_noise,237,-36.335709346672864,4.725268573472546
uav,measurement_noise,238,-79.6921519522227,1.1219293305534621
uav,measurement_noise,239,-97.72636040461504,3.1394490723545303
uav,measurement_noise,240,-94.81392623968775,3.2812661742357134
uav,measurement_noise,241,-53.95279072866959,4.510400780880925
uav,measurement_noise,242,-115.73401315519271,2.2758948346670946
uav,measurement_noise,243,-104.2177803901321,4.192201165178083
uav,measurement_noise,244,-120.01128318722932,3.2282289216012185
uav,measurement_noise,245,-83.77288487907732,4.74627121518594
uav,measurement_noise,246,-20.35828225375485,4.1496068179065775
uav,measurement_noise,247,-4.474604943136373,4.936273836968313
uav,measurement_noise,248,-105.43531126102971,1.1622905356541533
uav,measurement_noise,249,-53.28379668691701,0.2911810565998217
uav,measurement_noise,250,-47.52738757553894,4.043246233566884
uav,measurement_noise,251,-44.638891557231545,2.4104499890766697
uav,measurement_noise,252,-13.386761801476716,5.987210276022052
uav,measurement_noise,253,-22.594423325763238,0.19727350868519733
uav,measurement_noise,254,-120.58821151791817,1.4502133129664891
uav,measurement_noise,255,-168.20798340953425,2.8945071769499022
uav,measurement_noise,256,-159.7260481966817,3.6573231790795013
uav,measurement_noise,257,-101.2401577085703,1.9647284806338343
uav,measurement_noise,258,-43.867057735297315,5.769140635066802
uav,measurement_noise,259,-44.8917743604312,0.7037773765956538
uav,measurement_noise,260,-75.20334351569988,2.8756597563531208
uav,measurement_noise,261,-62.30468744908083,1.91037703595164
uav,measurement_noise,262,-370.5686945539985,1.8339865538340538
uav,measurement_noise,263,-21.61545156203035,25.813964957522778
uav,measurement_noise,264,-120.39193726542021,0.6925983117226445
uav,measurement_noise,265,-47.17877374569734,6.051106317347232
uav,measurement_noise,266,-17.26130207425384,6.49269889659241
uav,measurement_noise,267,-35.9311643672151,1.4313859500937844
uav,measurement_noise,268,-54.50140516931865,2.9580397816204878
uav,measurement_noise,269,-26.067459391514642,5.211554683110383
uav,measurement_noise,270,-35.211505061503544,1.2057274971023368
uav,measurement_noise,271,-32.20520665345063,2.7009927465334536
uav,measurement_noise,272,-62.5395204282073,1.2544220597017957
uav,measurement_noise,273,-4.083379418584295,17.52219569042817
uav,measurement_noise,274,-40.22768792739839,1.6103800777627435
uav,measurement_noise,275,-155.74513212816646,1.9848900272588108
uav,measurement_noise,276,-82.66655362893415,4.687311929260308
uav,measurement_noise,277,-42.546317527260165,4.1882729520833415
uav,measurement_noise,278,-24.484810184862944,3.626517919693554
uav,measurement_noise,279,-21.156452011449403,3.1852224214248115
uav,measurement_noise,280,-181.13788109849799,1.56543068170275
uav,measurement_noise,281,-94.4772927650042,5.299757074655128
uav,measurement_noise,282,-98.65965208271356,2.203667988981037
uav,measurement_noise,283,-11.281183758889696,11.515060717221486
uav,measurement_noise,284,-26.875881278240474,1.9753247937973417
uav,measurement_noise,285,-202.54337345919254,1.7851908937733991
uav,measurement_noise,286,-144.10553694579446,4.719706091405247
uav,measurement_noise,287,-321.4065107968923,2.4411041667400033
uav,measurement_noise,288,-295.1158550979561,3.886986633681351
uav,measurement_noise,289,-239.76328659078052,3.918407351906522
uav,measurement_noise,290,-153.44569910438355,4.101544725925783
uav,measurement_noise,291,-102.65942283163153,4.849065798873344
uav,measurement_noise,292,-39.83728826314428,2.9220607413930244
uav,measurement_noise,293,-200.2677380089578,1.6990664486396025
uav,measurement_noise,294,-104.38637043026809,5.635084595138364
uav,measurement_noise,295,-24.044663878449523,2.796657711529155
uav,measurement_noise,296,-110.54661441403735,1.7924265095193104
uav,measurement_noise,297,-35.225275372772224,6.41108462274432
uav,measurement_noise,298,-9.499678980095688,5.552451693810346
uav,measurement_noise,299,-50.16989722126503,1.9142083971212023
uav,measurement_noise,300,-17.744843949956035,6.454968420880558
uav,measurement_noise,301,-53.578910932848885,1.9963558968622586
uav,measurement_noise,302,-37.89119771392402,3.231067372643923
uav,measurement_noise,303,-51.05311526165338,2.7142785720269216
uav,measurement_noise,304,-50.68661313849942,0.23194715257086224
uav,measurement_noise,305,-173.8312498960847,2.1318660521114987
uav,measurement_noise,306,-86.35247014230666,4.95290207209903
uav,measurement_noise,307,-55.01352718314037,0.6335327316230629
uav,measurement_noise,308,-77.93774867853293,3.0048570364078744
uav,measurement_noise,309,-17.476754594514237,8.818558923688826
uav,measurement_noise,310,-50.39920199359737,1.055502600903011
uav,measurement_noise,311,-51.30391763604433,3.898375640588738
uav,measurement_noise,312,-71.96702156627188,2.6031309895955683
uav,measurement_noise,313,-44.54723541196762,3.9520944202862323
uav,measurement_noise,314,-69.44029307556585,1.9101735217142268
uav,measurement_noise,315,-61.9446827438645,1.4371546067989849
uav,measurement_noise,316,-26.79417752708332,5.926263512041334
uav,measurement_noise,317,-41.75853612664174,0.7394357572489346
uav,measurement_noise,318,-77.31785132961603,2.8443244840434603
uav,measurement_noise,319,-19.969090727916935,8.733226332756017
uav,measurement_noise,320,-128.18307483029872,1.009106787739913
uav,measurement_noise,321,-35.87688696343195,7.907087670808167
uav,measurement_noise,322,-7.2760929521580415,8.19820444246702
uav,measurement_noise,323,-8.97850713875106,2.086572849847038
uav,measurement_noise,324,-132.30868504083668,1.1653272820876828
uav,measurement_noise,325,-20.79574319222784,9.021074496447099
uav,measurement_noise,326,-102.15195559842866,1.89066842407459
uav,measurement_noise,327,-94.29136961226541,3.128412140791417
uav,measurement_noise,328,-63.39488947201264,4.886318534711618
uav,measurement_noise,329,-122.37191833291097,2.0386327978676033
uav,measurement_noise,330,-126.0202356255174,2.477272155450678
uav,measurement_noise,331,-276.71293937289613,2.413442163446451
uav,measurement_noise,332,-198.41833234026,3.7699988947801697
uav,measurement_noise,333,-47.14498540322164,9.205434825647263
uav,measurement_noise,334,-69.99045809910231,1.8908089636471803
uav,measurement_noise,335,-130.68595597365874,2.6499164240350677
uav,measurement_noise,336,-92.63221507131658,4.221760881285424
uav,measurement_noise,337,-24.496965000843574,4.830429197218587
uav,measurement_noise,338,-37.56884091516846,2.5727693210673714
uav,measurement_noise,339,-122.45107986390082,1.8810231117875345
uav,measurement_noise,340,-309.0065397137631,2.654105560015572
uav,measurement_noise,341,-74.23191811607371,8.101295181332228
uav,measurement_noise,342,-42.906474345314244,2.974516496160353
uav,measurement_noise,343,-36.85774066857546,3.27649965982855
uav,measurement_noise,344,-29.732165365331817,3.466136276852499
uav,measurement_noise,345,-16.669496171215705,3.7501217975644283
uav,measurement_noise,346,-55.6331124382213,1.8591102458537268
uav,measurement_noise,347,-117.66673203324738,2.756276135391105
uav,measurement_noise,348,-70.17570247151392,4.7870490664116545
uav,measurement_noise,349,-11.788634635121161,9.94507073506753
uav,measurement_noise,350,-85.70877147627803,0.4542931145522362
uav,measurement_noise,351,-39.94108498228291,5.631858273296736
uav,measurement_noise,352,-13.36091968845342,1.7043535157421006
uav,measurement_noise,353,-85.01890450764132,1.6281445496420837
uav,measurement_noise,354,-73.61870789473744,2.586818206724994
uav,measurement_noise,355,-46.52582203525931,3.809892618647141
uav,measurement_noise,356,-24.663953777735124,0.9370393665742658
uav,measurement_noise,357,-105.60860175044361,1.0984117791082268
uav,measurement_noise,358,-132.8594036551961,3.386048076208418
uav,measurement_noise,359,-52.396061595839214,5.72726581738708
uav,measurement_noise,360,-80.36437174816263,1.3756995554323879
uav,measurement_noise,361,-61.063077479437645,3.8453376434524267
uav,measurement_noise,362,-71.66421451233721,2.354942308011727
uav,measurement_noise,363,-123.05847972190524,2.8482597025248246
uav,measurement_noise,364,-231.1452131233694,2.7377541992253294
uav,measurement_noise,365,-181.07543741918118,4.014418682553875
uav,measurement_noise,366,-121.62253776671427,4.766737623720128
uav,measurement_noise,367,-54.35329128467465,4.823673770927254
uav,measurement_noise,368,-14.022385875617823,8.5885719078333
uav,measurement_noise,369,-82.47180671514182,1.3338330698329173
uav,measurement_noise,370,-98.9610419517322,3.386857504318377
uav,measurement_noise,371,-70.91816287381293,4.736616502290151
uav,measurement_noise,372,-54.522621192285435,3.453197348170406
uav,measurement_noise,373,-45.017994559036175,2.2998756510105047
uav,measurement_noise,374,-254.19602970651573,1.592731220535118
uav,measurement_noise,375,-87.36524692451472,6.9288910316595045
uav,measurement_noise,376,-56.884753736885635,2.161181302959856
uav,measurement_noise,377,-62.070157493127184,3.7509397057687988
uav,measurement_noise,378,-52.98029780267373,1.2779320993088723
uav,measurement_noise,379,-245.3314315185437,1.904635013028051
uav,measurement_noise,380,-245.85177586489192,3.7417955822604023
uav,measurement_noise,381,-14.534978893910411,14.330193928353935
uav,measurement_noise,382,-55.77309409561105,1.7664681300528287
uav,measurement_noise,383,-40.089169552527856,4.000509684268028
uav,measurement_noise,384,-68.4752554312242,2.6074847138591446
uav,measurement_noise,385,-48.18688082800375,3.7397276979466025
uav,measurement_noise,386,-150.34397998735588,1.9762329981225255
uav,measurement_noise,387,-160.06598602916247,3.2400225055105216
uav,measurement_noise,388,-95.6971470155201,2.56034483254112
uav,measurement_noise,389,-176.43062165562083,2.3426099656540296
uav,measurement_noise,390,-40.291110641390745,7.849479840866788
uav,measurement_noise,391,-48.259175522171546,1.7823388288001707
uav,measurement_noise,392,-136.7459860846642,1.6323056145439152
uav,measurement_noise,393,-117.51177179292148,4.25560076992876
uav,measurement_noise,394,-134.1498711671826,1.9967992939739325
uav,measurement_noise,395,-43.06159839966736,6.675311438784933
uav,measurement_noise,396,-7.486331346411215,10.683555557575735
uav,measurement_noise,397,-88.14808464104728,1.064460003825676
uav,measurement_noise,398,-111.1974400308323,2.9686377861629527
uav,measurement_noise,399,-114.90092497567093,2.9421601183350994
uav,reference_event,0,-1866.5028362955595,
uav,reference_event,1,-190.33515255331093,12.449478188524942
uav,reference_event,2,-121.97942401326472,0.39017719447637644
uav,reference_event,3,-85.555214814467,0.03765305043322479
uav,reference_event,4,-51.625190798303336,0.08259424550449251
uav,reference_event,5,-25.332480833566642,0.1830375218340878
uav,reference_event,6,-8.750431161458692,0.4939346148903667
uav,reference_event,7,-1.2174467477628526,2.878059185586336
uav,reference_event,8,-0.3011838506835367,2.459470406546523
uav,reference_event,9,-2.9424433692600243,0.4946877486064833
uav,reference_event,10,-6.412581615545756,0.10567808509073233
uav,reference_event,11,-8.882517871965838,0.022885193455323888
uav,reference_event,12,-9.571751189842704,0.0014178606260406763
uav,reference_event,13,-8.571498658302257,0.0032370407351207
uav,reference_event,14,-6.495639391737853,0.022121534414260728
uav,reference_event,15,-4.110900425896261,0.06606418336943982
uav,reference_event,16,-2.0541186252602683,0.17201288535487913
uav,reference_event,17,-0.685003471494593,0.3671261846752516
uav,reference_event,18,-0.0693433753900993,0.32054638622878473
uav,reference_event,19,-0.0530594699010259,0.23799271162435917
uav,reference_event,20,-0.3753794236196381,0.14769220863397164
uav,reference_event,21,-0.7757277676027228,0.07207358587279766
uav,reference_event,22,-1.0658730289406138,0.0216313276015901
uav,reference_event,23,-1.1581890337932546,0.0016692300882568054
uav,reference_event,24,-1.0563730606273007,0.0022206486453240997
uav,reference_event,25,-0.8235285585975445,0.014476193494179057
uav,reference_event,26,-0.5440383730064982,0.028864533469746823
uav,reference_event,27,-0.2920238487678899,0.03888854312701351
uav,reference_event,28,-0.11312868905485066,0.041640857445259055
uav,reference_event,29,-0.020393828125624555,0.037479915290946034
uav,reference_event,30,-0.0007606126871332579,0.02881463492051835
uav,reference_event,31,-0.026875851141800924,0.018715998457586674
uav,reference_event,32,-0.06912337005617086,0.009803057758227623
uav,reference_event,33,-0.10440755920585884,0.0036267332907257976
uav,reference_event,34,-0.12027028353585824,0.0005611595445244727
uav,reference_event,35,-0.11470415123961006,6.606419195694102e-05
uav,reference_event,36,-0.09311991972634923,0.0011239075111395547
uav,reference_event,37,-0.06425040914525781,0.0026707115702438444
uav,reference_event,38,-0.03648888584786836,0.0039007780872900993
uav,reference_event,39,-0.015546511923859845,0.004400428029891389
uav,reference_event,40,-0.0036520117883771614,0.004128878026119325
uav,reference_event,41,-9.424320620119851e-06,0.003301562819516886
uav,reference_event,42,-0.0019690816659723165,0.002240598015975774
uav,reference_event,43,-0.006345338188274109,0.0012451370742877855
uav,reference_event,44,-0.010459657433407984,0.0005114789679734714
uav,reference_event,45,-0.01270382273501813,0.0001089816873726425
uav,reference_event,46,-0.012621002680393907,1.3924569514794927e-07
uav,reference_event,47,-0.010639298759951916,8.457189991173397e-05
uav,reference_event,48,-0.0076463408667942516,0.0002466036352086606
uav,reference_event,49,-0.004576521285622255,0.00039177772411000834
uav,reference_event,50,-0.0021226501181085206,0.00046560143245153937
uav,reference_event,51,-0.0006121089808957345,0.00045503320607401124
uav,reference_event,52,-2.810463281307117e-05,0.00037792984553464587
uav,reference_event,53,-0.0001221361228579972,0.0002673581648501515
uav,reference_event,54,-0.0005558095000418573,0.00015686084552595284
uav,reference_event,55,-0.0010222102064329523,7.050111053595598e-05
uav,reference_event,56,-0.0013191859197427013,1.8910511563000314e-05
uav,reference_event,57,-0.001369554294187865,4.7193048257590693e-07
uav,reference_event,58,-0.001199871793012263,5.608983413873383e-06
uav,reference_event,59,-0.0008972791916659149,2.194497908096461e-05
uav,reference_event,60,-0.0005637260937327545,3.858524780950344e-05
uav,reference_event,61,-0.0002812889236207315,4.859830100729706e-05
uav,reference_event,62,-9.4675106315239e-05,4.958360101836713e-05
uav,reference_event,63,-1.0167652921794287e-05,4.279078177658235e-05
uav,reference_event,64,-5.880322061258356e-06,3.151154074455168e-05
uav,reference_event,65,-4.669426490115266e-05,1.9434161502291183e-05
uav,reference_event,66,-9.81082207418416e-05,9.435009599218888e-06
uav,reference_event,67,-0.00013543818347661523,3.0027170455256534e-06
uav,reference_event,68,-0.00014728687455629164,2.48395031636798e-07
uav,reference_event,69,-0.000134175848344641,3.0553388519790996e-07
uav,reference_event,70,-0.0001043056795447566,1.8780365262955495e-06
uav,reference_event,71,-6.857558460613284e-05,3.7325372923771452e-06
uav,reference_event,72,-3.650403940781692e-05,5.013929102832147e-06
uav,reference_event,73,-1.3899931439099319e-05,5.352728142599e-06
uav,reference_event,74,-2.362123090155917e-06,4.801980934813353e-06
uav,reference_event,75,-1.44919714440086e-07,3.677165969506248e-06
uav,reference_event,76,-3.694274507021815e-06,2.3758289277791655e-06
uav,reference_event,77,-9.199196558527102e-06,1.234251581115297e-06
uav,reference_event,78,-1.3714188612049623e-05,4.4923478531865904e-07
uav,reference_event,79,-1.5675660211217803e-05,6.552721762694371e-08
uav,reference_event,80,-1.486452952065802e-05,1.0773517464559808e-08
uav,reference_event,81,-1.2006441371407365e-05,1.5243035125415912e-07
uav,reference_event,82,-8.240518378693102e-06,3.53312444265618e-07
uav,reference_event,83,-4.648946074520422e-06,5.104942964349735e-07
uav,reference_event,84,-1.9595127974146694e-06,5.720131401492163e-07
uav,reference_event,85,-4.477403285012031e-07,5.339108288883961e-07
uav,reference_event,86,-2.998727191821703e-10,4.2487007563149226e-07
uav,reference_event,87,-2.68577291167459e-07,2.868220006888762e-07
uav,reference_event,88,-8.392463832658947e-07,1.5829221041703926e-07
uav,reference_event,89,-1.3679746912497825e-06,6.42625566866177e-08
uav,reference_event,90,-1.650507884072944e-06,1.3251796030242669e-08
uav,reference_event,91,-1.631520845453262e-06,5.492264144149852e-11
uav,reference_event,92,-1.3690666446266397e-06,1.1500158249088416e-08
uav,reference_event,93,-9.791380416479157e-07,3.2600891749289226e-08
uav,reference_event,94,-5.824295937278535e-07,5.123128641764592e-08
uav,reference_event,95,-2.675280964386799e-07,6.048627106098347e-08
uav,reference_event,96,-7.546600262100602e-08,5.881615562879337e-08
uav,reference_event,97,-2.9376961258813017e-09,4.8624776011937555e-08
uav,reference_event,98,-1.7110464795507352e-08,3.422776022237068e-08
uav,reference_event,99,-7.401985154625881e-08,1.9954084014753946e-08
uav,reference_event,100,-1.3416369731103902e-07,8.87698166594632e-09
uav,reference_event,101,-1.7179988422645033e-07,2.3236127967630872e-09
uav,reference_event,102,-1.773789458429564e-07,4.457304868667058e-11
uav,reference_event,103,-1.5466779003680387e-07,7.77603289105816e-10
uav,reference_event,104,-1.151087849922283e-07,2.91615167220351e-09
uav,reference_event,105,-7.190428310809923e-08,5.059066613882239e-09
uav,reference_event,106,-3.557788094548276e-08,6.324820797799416e-09
uav,reference_event,107,-1.1773487243147645e-08,6.418460785044038e-09
uav,reference_event,108,-1.1734042133750866e-09,5.513168501498008e-09
uav,reference_event,109,-8.590017410252404e-10,4.040346238311415e-09
uav,reference_event,110,-6.253610570053587e-09,2.4771566773056323e-09
uav,reference_event,111,-1.2906175489821759e-08,1.1920154256492826e-09
uav,reference_event,112,-1.7663027866967414e-08,3.7237323830967047e-10
uav,reference_event,113,-1.909665655597786e-08,2.7966417767218705e-11
uav,reference_event,114,-1.7313200429695786e-08,4.370555398877563e-11
uav,reference_event,115,-1.3395830077876244e-08,2.5088275954105017e-10
uav,reference_event,116,-8.75960182053706e-09,4.905167093171381e-10
uav,reference_event,117,-4.627999225636085e-09,6.53484595967616e-10
uav,reference_event,118,-1.738174978618059e-09,6.936888743985152e-10
uav,reference_event,119,-2.823958227486974e-10,6.193522567035927e-10
uav,reference_event,120,-2.4223938743207537e-11,4.720372766410821e-10
uav,reference_event,121,-4.989599288103238e-10,3.033041330846638e-10
uav,reference_event,122,-1.213886193677185e-09,1.5633647768354804e-10
uav,reference_event,123,-1.791690197847731e-09,5.606253705590792e-11
uav,reference_event,124,-2.035101318823185e-09,7.749184080542518e-12
uav,reference_event,125,-1.920235171608673e-09,1.6682543844446937e-12
uav,reference_event,126,-1.5438071206987115e-09,2.051344454407532e-11
uav,reference_event,127,-1.0541431432202354e-09,4.656343261400372e-11
uav,reference_event,128,-5.906757017864456e-10,6.664681268052885e-11
uav,reference_event,129,-2.461283332584313e-10,7.422413503325648e-11
uav,reference_event,130,-5.454401691159766e-11,6.894123037752202e-11
uav,reference_event,131,-1.7406653943358178e-17,5.460561785037001e-11
uav,reference_event,132,-3.67212161424043e-11,3.667070343194315e-11
uav,reference_event,133,-1.1114698295543993e-10,2.0095707783226507e-11
uav,reference_event,134,-1.7906287354030489e-10,8.058846197402015e-12
uav,reference_event,135,-2.1456660301275985e-10,1.60441357290318e-12
uav,reference_event,136,-2.1100457382212415e-10,1.490734686583777e-14
uav,reference_event,137,-1.762375525106346e-10,1.5638684080680509e-12
uav,reference_event,138,-1.2542092123713945e-10,4.3110258524707805e-12
uav,reference_event,139,-7.414182168960287e-11,6.700765559420887e-12
uav,reference_event,140,-3.3723231247887274e-11,7.8590171601449e-12
uav,reference_event,141,-9.30108188231717e-12,7.603272198618557e-12
uav,reference_event,142,-3.007938451095287e-13,6.256605526112469e-12
uav,reference_event,143,-2.3867089638034737e-12,4.382091094250834e-12
uav,reference_event,144,-9.847650841945215e-12,2.5382829629052527e-12
uav,reference_event,145,-1.7599931552669713e-11,1.117524986991846e-12
uav,reference_event,146,-2.23663463289224e-11,2.8524137940115025e-13
uav,reference_event,147,-2.2967398610018204e-11,3.9846666432564225e-15
uav,reference_event,148,-1.9932600112450688e-11,1.074773143193958e-13
uav,reference_event,149,-1.4763402899418956e-11,3.8722825711555864e-13
uav,reference_event,150,-9.168932175457128e-12,6.630729581936723e-13
uav,reference_event,151,-4.49805596540836e-12,8.229435959047578e-13
uav,reference_event,152,-1.462743497552578e-12,8.306914270534746e-13
uav,reference_event,153,-1.3447742836796535e-13,7.101899593693843e-13
uav,reference_event,154,-1.2458992386970218e-13,5.179459535711259e-13
uav,reference_event,155,-8.368950010147523e-13,3.1567168729926125e-13
uav,reference_event,156,-1.6973250473824944e-12,1.5053982886303583e-13
uav,reference_event,157,-2.3031157120633152e-12,4.613374804446998e-14
uav,reference_event,158,-2.475681581285196e-12,3.1167563262282845e-15
uav,reference_event,159,-2.2337212135065405e-12,6.219844489203874e-15
uav,reference_event,160,-1.7201860421662627e-12,3.3490923921993245e-14
uav,reference_event,161,-1.1187345431829439e-12,6.444294364975116e-14
uav,reference_event,162,-5.865842741923576e-13,8.515575147498943e-14
uav,reference_event,163,-2.1722813443490669e-13,8.988634082572695e-14
uav,reference_event,164,-3.3657436066573095e-14,7.987279850367306e-14
uav,reference_event,165,-3.9293334023495185e-15,6.058688144795189e-14
uav,reference_event,166,-6.731013595125792e-14,3.871354327718761e-14
uav,reference_event,167,-1.6011384082077342e-13,1.979657594719422e-14
uav,reference_event,168,-2.3402216414835753e-13,6.991651844964254e-15
uav,reference_event,169,-2.641648205295259e-13,9.12722355046927e-16
uav,reference_event,170,-2.4802524138473443e-13,2.5434963316181757e-16
uav,reference_event,171,-1.984764754637741e-13,2.7577558255275508e-15
uav,reference_event,172,-1.3482478208984208e-13,6.134342634871352e-15
uav,reference_event,173,-7.502995228024706e-14,8.69910341340625e-15
uav,reference_event,174,-3.09002348586402e-14,9.629758336267288e-15
uav,reference_event,175,-6.632570216946003e-15,8.900796594170815e-15
uav,reference_event,176,-5.416480490154662e-18,7.017065556827737e-15
uav,reference_event,177,-5.011702937911731e-15,4.687599820584517e-15
uav,reference_event,178,-1.4712797664666093e-14,2.5505468962471664e-15
uav,reference_event,179,-2.34328844113715e-14,1.0100772179510716e-15
uav,reference_event,180,-2.788902500996026e-14,1.9382322972568927e-16
uav,reference_event,181,-2.728539002179627e-14,3.3021292841216318e-18
uav,reference_event,182,-2.2683623405622188e-14,2.123450610609332e-16
uav,reference_event,183,-1.6063015172063324e-14,5.698190704568992e-16
uav,reference_event,184,-9.43598331806239e-15,8.762169087228212e-16
uav,reference_event,185,-4.249282854524298e-15,1.0209600914798832e-15
uav,reference_event,186,-1.1449928897652937e-15,9.82746020378811e-16
uav,reference_event,187,-2.98806823881412e-17,8.049375358336434e-16
uav,reference_event,188,-3.318873191469721e-16,5.609364694644434e-16
uav,reference_event,189,-1.30933036643847e-15,3.228093321969097e-16
uav,reference_event,190,-2.3081514930927694e-15,1.4062532236913876e-16
uav,reference_event,191,-2.9113138180589092e-15,3.496790418452829e-17
uav,reference_event,192,-2.9734318343933075e-15,3.278606586650711e-19
uav,reference_event,193,-2.568435628101679e-15,1.4818247056365958e-17
uav,reference_event,194,-1.893193803627257e-15,5.139297048742186e-17
uav,reference_event,195,-1.1689440271760798e-15,8.68814820612378e-17
uav,reference_event,196,-5.684935417397821e-16,1.070546344343812e-16
uav,reference_event,197,-1.8157771324747403e-16,1.0749594641094255e-16
uav,reference_event,198,-1.529653766386804e-17,9.147007098942068e-17
uav,reference_event,199,-1.7949439376612558e-17,6.638593955289917e-17
uav,reference_event,200,-18346.646201637475,1.0000000000442346
uav,reference_event,201,-4232.100010771806,9.499304881823827
uav,reference_event,202,-2734.999489143385,0.05950658824389379
uav,reference_event,203,-1533.0751832893372,0.11266965476425195
uav,reference_event,204,-697.8082813719102,0.23253941386257493
uav,reference_event,205,-218.08715238881632,0.6221484712044283
uav,reference_event,206,-22.47299001206132,4.47403090512627
uav,reference_event,207,-10.994806943396679,5.903309446526932
uav,reference_event,208,-85.33020556609017,0.4109361477977116
uav,reference_event,209,-169.85265559468212,0.08480550393593024
uav,reference_event,210,-220.72585458872643,0.015074411347168387
uav,reference_event,211,-224.31167039302474,6.440276393010243e-05
uav,reference_event,212,-188.65022485287645,0.008177348679627236
uav,reference_event,213,-132.45690640652882,0.03740922145510554
uav,reference_event,214,-75.33255200419183,0.10628085686564476
uav,reference_event,215,-31.36036274796538,0.30237871802403177
uav,reference_event,216,-6.635228439425087,1.3783119583323207
uav,reference_event,217,-0.022763541757057373,7.435272624575392
uav,reference_event,218,-5.799360217281635,0.8786226427902413
uav,reference_event,219,-16.763667470152534,0.1696009877795643
uav,reference_event,220,-26.759267055874133,0.04347491557552398
uav,reference_event,221,-32.0757204055641,0.0075039718982084025
uav,reference_event,222,-31.69476796953861,3.590112594944886e-05
uav,reference_event,223,-26.689852380634264,0.008052281398527601
uav,reference_event,224,-19.227142846658786,0.03175204072312753
uav,reference_event,225,-11.582403576815214,0.08318707532764891
uav,reference_event,226,-5.447643470878968,0.20987929136594244
uav,reference_event,227,-1.6295257161169154,0.6862641130707632
uav,reference_event,228,-0.09712063150471079,0.9310068146610186
uav,reference_event,229,-0.2515669296768077,0.6613045093843473
uav,reference_event,230,-1.2691114481304373,0.30777831354844937
uav,reference_event,231,-2.3968060703881675,0.07416457575340805
uav,reference_event,232,-3.1329498566615053,0.015709883269820847
uav,reference_event,233,-3.279058648325363,0.0005077334950851347
uav,reference_event,234,-2.8906632663243146,0.004233367166256956
uav,reference_event,235,-2.1737922722623995,0.02345811741639365
uav,reference_event,236,-1.3739409222969887,0.0664808522558408
uav,reference_event,237,-0.6911072096620074,0.11616078062324564
uav,reference_event,238,-0.23613194265095533,0.11929735243484935
uav,reference_event,239,-0.026962225645392312,0.1035116790333966
uav,reference_event,240,-0.01268240485341058,0.07662818691967027
uav,reference_event,241,-0.10934219027677214,0.047547164330008815
uav,reference_event,242,-0.23354793063775728,0.02328635203474913
uav,reference_event,243,-0.3250361350827998,0.007543171662475978
uav,reference_event,244,-0.3554487521627043,0.0006799486845389668
uav,reference_event,245,-0.3253409771280769,0.0006660806868824531
uav,reference_event,246,-0.25410909249712355,0.00439494026752546
uav,reference_event,247,-0.16798703312625735,0.008879317935225228
uav,reference_event,248,-0.0901173619834822,0.012026779120229633
uav,reference_event,249,-0.0348045048526464,0.0129131142770217
uav,reference_event,250,-0.00618860619714153,0.011640675074589458
uav,reference_event,251,-0.0002551790782552899,0.008957112015056033
uav,reference_event,252,-0.008512617256683449,0.005820090905218497
uav,reference_event,253,-0.021748069996384296,0.0030479699355501766
uav,reference_event,254,-0.03277285235061694,0.0011263051313161326
uav,reference_event,255,-0.037711692261340045,0.00017324474137287577
uav,reference_event,256,-0.03594761542131673,2.1127088682335038e-05
uav,reference_event,257,-0.029177088254254212,0.0003528966086765173
uav,reference_event,258,-0.020132029244110672,0.0008366925954308643
uav,reference_event,259,-0.01143679582652185,0.0012211129302776152
uav,reference_event,260,-0.004876773288226685,0.0013770821931616082
uav,reference_event,261,-0.0011485445691078369,0.0012919505675658693
uav,reference_event,262,-3.0571925302130537e-06,0.0010330889458366591
uav,reference_event,263,-0.0006116491275906106,0.0007011916748112297
uav,reference_event,264,-0.0019779618453489604,0.0003897758544680039
uav,reference_event,265,-0.0032640517388556204,0.00016021476854832187
uav,reference_event,266,-0.003966533797165207,3.420546327128661e-05
uav,reference_event,267,-0.003942016795381065,3.8002211251962625e-08
uav,reference_event,268,-0.0033238831203790667,2.6341065548908353e-05
uav,reference_event,269,-0.002389340344667643,7.695234293716774e-05
uav,reference_event,270,-0.001430381567754303,0.00012233451691991896
uav,reference_event,271,-0.0006636085877390384,0.00014543839369137454
uav,reference_event,272,-0.0001914629193904708,0.00014217196991236604
uav,reference_event,273,-8.817334775447385e-06,0.00011810501075647493
uav,reference_event,274,-3.809460636276073e-05,8.356670330845534e-05
uav,reference_event,275,-0.0001735788977712622,4.903993092752779e-05
uav,reference_event,276,-0.00031935408638175054,2.2048156141352875e-05
uav,reference_event,277,-0.00041222115948679166,5.9182696735078015e-06
uav,reference_event,278,-0.0004280295631946905,1.4872212502524884e-07
uav,reference_event,279,-0.0003750542129385494,1.7491620339467524e-06
uav,reference_event,280,-0.0002805150957058106,6.852518550794597e-06
uav,reference_event,281,-0.00017627213626691054,1.2053625528683011e-05
uav,reference_event,282,-8.798315961113273e-05,1.5185189280186263e-05
uav,reference_event,283,-2.963130814836655e-05,1.5495789462051595e-05
uav,reference_event,284,-3.1907840423967222e-06,1.3375025039632324e-05
uav,reference_event,285,-1.828920174806688e-06,9.851138500556765e-06
uav,reference_event,286,-1.4573192209843322e-05,6.0767639171321976e-06
uav,reference_event,287,-3.064025793881048e-05,2.9511090728704114e-06
uav,reference_event,288,-4.231251210696167e-05,9.398188495783998e-07
uav,reference_event,289,-4.602403306913754e-05,7.800549978038127e-08
uav,reference_event,290,-4.1934414459238754e-05,9.512462724936208e-08
uav,reference_event,291,-3.260446057500164e-05,5.862155020226303e-07
uav,reference_event,292,-2.143982811487631e-05,1.1657852879737876e-06
uav,reference_event,293,-1.14158029191601e-05,1.5664730153171344e-06
uav,reference_event,294,-4.348947459325146e-06,1.6726636484884368e-06
uav,reference_event,295,-7.401756768148579e-07,1.5008170571449164e-06
uav,reference_event,296,-4.485643177915361e-08,1.1494584509549035e-06
uav,reference_event,297,-1.1527446709337965e-06,7.4281318426953e-07
uav,reference_event,298,-2.8728498722492766e-06,3.859998511173803e-07
uav,reference_event,299,-4.284360990398333e-06,1.405661020984134e-07
uav,reference_event,300,-4.898216223412066e-06,2.054108418879815e-08
uav,reference_event,301,-4.645571373582892e-06,3.3446158535874876e-09
uav,reference_event,302,-3.752955741404666e-06,4.756938342333201e-08
uav,reference_event,303,-2.5762744800009215e-06,1.1034154217879526e-07
uav,reference_event,304,-1.4537695535065496e-06,1.5948366038253716e-07
uav,reference_event,305,-6.130038130529938e-07,1.7874129098469946e-07
uav,reference_event,306,-1.4021706189238754e-07,1.6686400888130563e-07
uav,reference_event,307,-1.0057098603745314e-10,1.328071686653974e-07
uav,reference_event,308,-8.376661971694652e-08,8.967218563561144e-08
uav,reference_event,309,-2.620542867263923e-07,4.950079722760992e-08
uav,reference_event,310,-4.273279483193567e-07,2.0104652289291625e-08
uav,reference_event,311,-5.157114906395513e-07,4.150876413348897e-09
uav,reference_event,312,-5.098721740659054e-07,1.6623653226357818e-11
uav,reference_event,313,-4.27922139964752e-07,3.5875021634717858e-09
uav,reference_event,314,-3.060974266668956e-07,1.0180176001373258e-08
uav,reference_event,315,-1.8211852594477125e-07,1.6004084314976404e-08
uav,reference_event,316,-8.36813902768533e-08,1.889968174437954e-08
uav,reference_event,317,-2.3623783516625224e-08,1.8381137711649476e-08
uav,reference_event,318,-9.252268572561067e-10,1.5198639476513512e-08
uav,reference_event,319,-5.332717438889475e-09,1.0700454125788528e-08
uav,reference_event,320,-2.310895670226381e-08,6.239553845946884e-09
uav,reference_event,321,-4.1906865288287835e-08,2.776800935440378e-09
uav,reference_event,322,-5.367725444544377e-08,7.274811449567667e-10
uav,reference_event,323,-5.543104619958709e-08,1.4096013760275376e-11
uav,reference_event,324,-4.8341828483574546e-08,2.4243224142307285e-10
uav,reference_event,325,-3.598364060945517e-08,9.104828481859255e-10
uav,reference_event,326,-2.248224391749568e-08,1.580280540660116e-09
uav,reference_event,327,-1.1127435169835281e-08,1.9761707985333513e-09
uav,reference_event,328,-3.6845423364520837e-09,2.0058061847121333e-09
uav,reference_event,329,-3.682255259778743e-10,1.7231820281428306e-09
uav,reference_event,330,-2.6733223486053324e-10,1.263056136270123e-09
uav,reference_event,331,-1.9519604517849008e-09,7.745477957598024e-10
uav,reference_event,332,-4.030962342577372e-09,3.728322156477911e-10
uav,reference_event,333,-5.518339839226668e-09,1.1654646876510555e-10
uav,reference_event,334,-5.967461476297845e-09,8.784211118893282e-12
uav,reference_event,335,-5.411071888556662e-09,1.3611360645220086e-11
uav,reference_event,336,-4.187430819024639e-09,7.831590477117501e-11
uav,reference_event,337,-2.7387059585910605e-09,1.5320779961788831e-10
uav,reference_event,338,-1.4473383487403898e-09,2.0416828726620857e-10
uav,reference_event,339,-5.438550825742494e-10,2.1677260505376363e-10
uav,reference_event,340,-8.850217469926427e-11,1.9357550045553013e-10
uav,reference_event,341,-7.506329205586604e-12,1.4755756630963238e-10
uav,reference_event,342,-1.5569718121447437e-10,9.483058307077417e-11
uav,reference_event,343,-3.790909535311594e-10,4.8893525231558884e-11
uav,reference_event,344,-5.597316272779539e-10,1.7542609668207484e-11
uav,reference_event,345,-6.359146457004402e-10,2.429545895185923e-12
uav,reference_event,346,-6.001269001823785e-10,5.181991106409025e-13
uav,reference_event,347,-4.825619869007336e-10,6.401881968608792e-12
uav,reference_event,348,-3.295631288162879e-10,1.454217143897263e-11
uav,reference_event,349,-1.8471098801108776e-10,2.0821257333454245e-11
uav,reference_event,350,-7.69985660905028e-11,2.3193464765765653e-11
uav,reference_event,351,-1.708230057260133e-11,2.1546387975592328e-11
uav,reference_event,352,-2.6476996342005296e-18,1.706885274806071e-11
uav,reference_event,353,-1.1453789768958632e-11,1.1464806261600737e-11
uav,reference_event,354,-3.470626493934455e-11,6.284334663091125e-12
uav,reference_event,355,-5.593622331366692e-11,2.5212675163361446e-12
uav,reference_event,356,-6.704313557315587e-11,5.025887943927429e-13
uav,reference_event,357,-6.594213404090739e-11,4.5577421865901134e-15
uav,reference_event,358,-5.508596771656471e-11,4.878799733919655e-13
uav,reference_event,359,-3.9209238138300345e-11,1.346212825838452e-12
uav,reference_event,360,-2.318342253347972e-11,2.0932631631467507e-12
uav,reference_event,361,-1.0548601825301137e-11,2.4556631092114973e-12
uav,reference_event,362,-2.911720408716712e-12,2.376175136806359e-12
uav,reference_event,363,-9.482446955684724e-14,1.9556360463487966e-12
uav,reference_event,364,-7.439355020080287e-13,1.3699597056100041e-12
uav,reference_event,365,-3.0744974762569103e-12,7.937162487700505e-13
uav,reference_event,366,-5.497502537664564e-12,3.4957757822392354e-13
uav,reference_event,367,-6.988198054455365e-12,8.93081268789467e-14
uav,reference_event,368,-7.1773643123611206e-12,1.2631149990007972e-15
uav,reference_event,369,-6.230016056791555e-12,3.351108439407589e-14
uav,reference_event,370,-4.6151447664232716e-12,1.2090308680539465e-13
uav,reference_event,371,-2.8668609975172206e-12,2.071233514874807e-13
uav,reference_event,372,-1.4068409029303576e-12,2.571275817909878e-13
uav,reference_event,373,-4.577826345206198e-13,2.5959726365378413e-13
uav,reference_event,374,-4.221077346064231e-14,2.2197643670099345e-13
uav,reference_event,375,-3.87836334496196e-14,1.6191627454861856e-13
uav,reference_event,376,-2.6123062509499546e-13,9.870382354942319e-14
uav,reference_event,377,-5.301285038116441e-13,4.708552214260181e-14
uav,reference_event,378,-7.195519262816538e-13,1.4439585408404302e-14
uav,reference_event,379,-7.736230726919489e-13,9.79338650983839e-16
uav,reference_event,380,-6.981308777971909e-13,1.9374247655047146e-15
uav,reference_event,381,-5.377192697163481e-13,1.0454822280841625e-14
uav,reference_event,382,-3.4977673147384644e-13,2.0128285369801368e-14
uav,reference_event,383,-1.8344740143362573e-13,2.6605410510373902e-14
uav,reference_event,384,-6.79697817991437e-14,2.8088906052621167e-14
uav,reference_event,385,-1.0549361682100176e-14,2.4964020041882866e-14
uav,reference_event,386,-1.2187322817325016e-15,1.893938328544268e-14
uav,reference_event,387,-2.100455929074925e-14,1.2104213631249269e-14
uav,reference_event,388,-5.0003497207918046e-14,6.1913481019088575e-15
uav,reference_event,389,-7.311010605350231e-14,2.1878246380598835e-15
uav,reference_event,390,-8.254477829893219e-14,2.86193869480409e-16
uav,reference_event,391,-7.751516869136634e-14,7.904294943454614e-17
uav,reference_event,392,-6.204003481394389e-14,8.606648353512198e-16
uav,reference_event,393,-4.21513155440337e-14,1.9158580090230675e-15
uav,reference_event,394,-2.3462875040972393e-14,2.7177344234433188e-15
uav,reference_event,395,-9.666973790227702e-15,3.009091997120529e-15
uav,reference_event,396,-2.0773466523450677e-15,2.781808374856396e-15
uav,reference_event,397,-1.5777123688842257e-18,2.193422509197318e-15
uav,reference_event,398,-1.5632958754355602e-15,1.4655472319338241e-15
uav,reference_event,399,-4.594238626207746e-15,7.976261762383675e-16
