system,alg,regime,seed,trial,ic,NP,fe_budget,maxIter_derived,realized_nfe_total,realized_nfe_per_step_mean,realized_nfe_per_step_min,realized_nfe_per_step_max,nfe_exactly_on_budget,nrmse,deterministic_reference_nrmse,nrmse_minus_reference,mean_first_input_error_vs_reference,time_ms_mean,time_ms_median,time_ms_p95,time_ms_max,dt_s,p95_time_over_dt,max_time_over_dt,Nsim,P,Nc,Q_scale,termination
pendcart,SGO,A_tuned_NP,9000000,0,eval,20,1000,105,150000.0,1000.0,1000.0,1000.0,True,0.2150378980825946,0.21502249100609086,1.5407076503742845e-05,0.0011444030604766617,37.95460038624393,37.8755660058232,39.04701690480579,39.84775498975068,0.1,0.39047016904805787,0.39847754989750683,150,20,1,1.0,exact FE budget; early stopping and stagnation disabled
pendcart,SGO,A_tuned_NP,9000001,1,eval,20,1000,105,150000.0,1000.0,1000.0,1000.0,True,0.21505855066788132,0.21502249100609086,3.605966179046072e-05,0.000996565568428999,38.2948312726027,38.3177459880244,39.56184109556489,40.13693900196813,0.1,0.39561841095564887,0.4013693900196813,150,20,1,1.0,exact FE budget; early stopping and stagnation disabled
pendcart,SGO,A_tuned_NP,9000002,2,eval,20,1000,105,150000.0,1000.0,1000.0,1000.0,True,0.2150241502453461,0.21502249100609086,1.6592392552416957e-06,0.001257805953409029,37.874895653221756,37.73661650484428,39.053177743335254,39.95627598487772,0.1,0.39053177743335254,0.3995627598487772,150,20,1,1.0,exact FE budget; early stopping and stagnation disabled
pendcart,SGO,A_tuned_NP,9000003,3,eval,20,1000,105,150000.0,1000.0,1000.0,1000.0,True,0.21504197460401028,0.21502249100609086,1.9483597919423e-05,0.0012240848918394242,37.85527196654584,37.77490049833432,38.92938550125109,39.79284400702454,0.1,0.3892938550125109,0.3979284400702454,150,20,1,1.0,exact FE budget; early stopping and stagnation disabled
pendcart,SGO,A_tuned_NP,9000004,4,eval,20,1000,105,150000.0,1000.0,1000.0,1000.0,True,0.21500672193625017,0.21502249100609086,-1.57690698406876e-05,0.0007455333297600003,37.865147239450984,37.786720000440255,39.03677794878604,39.74702599225566,0.1,0.3903677794878604,0.3974702599225566,150,20,1,1.0,exact FE budget; early stopping and stagnation disabled
pendcart,SGO,A_tuned_NP,9000005,5,eval,20,1000,105,150000.0,1000.0,1000.0,1000.0,True,0.21505279454683077,0.21502249100609086,3.0303540739906598e-05,0.0011936645607987257,37.74793584016152,37.71293749741744,38.81566866475623,39.701920992229134,0.1,0.3881566866475623,0.39701920992229134,150,20,1,1.0,exact FE budget; early stopping and stagnation disabled
pendcart,SGO,A_tuned_NP,9000006,6,eval,20,1000,105,150000.0,1000.0,1000.0,1000.0,True,0.21507000412873153,0.21502249100609086,4.751312264067442e-05,0.0013532156522253487,37.77654670663954,37.70192099909764,38.95735465484904,39.71974700107239,0.1,0.3895735465484904,0.3971974700107239,150,20,1,1.0,exact FE budget; early stopping and stagnation disabled
pendcart,SGO,A_tuned_NP,9000007,7,eval,20,1000,105,150000.0,1000.0,1000.0,1000.0,True,0.21500507221526385,0.21502249100609086,-1.741879082700626e-05,0.0008805174955065788,38.329407746593155,38.27253050985746,39.3954393977765,42.75195801164955,0.1,0.393954393977765,0.4275195801164955,150,20,1,1.0,exact FE budget; early stopping and stagnation disabled
pendcart,SGO,A_tuned_NP,9000008,8,eval,20,1000,105,150000.0,1000.0,1000.0,1000.0,True,0.2150570238901999,0.21502249100609086,3.453288410903976e-05,0.0012155686536712707,38.20881766752185,38.22134500660468,39.3011760461377,39.741265994962305,0.1,0.393011760461377,0.39741265994962305,150,20,1,1.0,exact FE budget; early stopping and stagnation disabled
pendcart,SGO,A_tuned_NP,9000009,9,eval,20,1000,105,150000.0,1000.0,1000.0,1000.0,True,0.2150169507560976,0.21502249100609086,-5.540249993246649e-06,0.00074946484327267,37.96723277987136,37.952009501168504,38.94699160300661,39.79511500801891,0.1,0.3894699160300661,0.3979511500801891,150,20,1,1.0,exact FE budget; early stopping and stagnation disabled
pendcart,SGO,A_tuned_NP,9000010,10,eval,20,1000,105,150000.0,1000.0,1000.0,1000.0,True,0.21499173787751005,0.21502249100609086,-3.075312858080714e-05,0.0009953603104360697,37.80261053470895,37.71367800072767,38.73546359973261,39.43374799564481,0.1,0.3873546359973261,0.3943374799564481,150,20,1,1.0,exact FE budget; early stopping and stagnation disabled
pendcart,SGO,A_tuned_NP,9000011,11,eval,20,1000,105,150000.0,1000.0,1000.0,1000.0,True,0.21500027614537695,0.21502249100609086,-2.2214860713909435e-05,0.001402145200675377,38.07046741965072,38.01572950033005,39.345426713407505,39.85560001456179,0.1,0.39345426713407505,0.3985560001456179,150,20,1,1.0,exact FE budget; early stopping and stagnation disabled
pendcart,SGO,A_tuned_NP,9000012,12,eval,20,1000,105,150000.0,1000.0,1000.0,1000.0,True,0.21496484290020437,0.21502249100609086,-5.76481058864875e-05,0.0013092173633511492,38.015890706252925,37.97371451219078,39.331913346541114,39.815689000533894,0.1,0.39331913346541114,0.39815689000533894,150,20,1,1.0,exact FE budget; early stopping and stagnation disabled
pendcart,SGO,A_tuned_NP,9000013,13,eval,20,1000,105,150000.0,1000.0,1000.0,1000.0,True,0.21504713281443302,0.21502249100609086,2.4641808342162896e-05,0.0012347524719141384,37.85713434083542,37.78392748790793,38.8746447963058,39.113670005463064,0.1,0.388746447963058,0.39113670005463064,150,20,1,1.0,exact FE budget; early stopping and stagnation disabled
pendcart,SGO,A_tuned_NP,9000014,14,eval,20,1000,105,150000.0,1000.0,1000.0,1000.0,True,0.21499506713559394,0.21502249100609086,-2.7423870496923186e-05,0.001171787937840648,37.90742796593501,37.854382491786964,39.25897635781439,39.92211300646886,0.1,0.3925897635781439,0.3992211300646886,150,20,1,1.0,exact FE budget; early stopping and stagnation disabled
pendcart,SGO,A_tuned_NP,9000015,15,eval,20,1000,105,150000.0,1000.0,1000.0,1000.0,True,0.2150386665740261,0.21502249100609086,1.617556793523378e-05,0.0008300881537302557,37.8168095725899,37.778531506774016,38.99930703337304,39.451624994399026,0.1,0.38999307033373043,0.39451624994399026,150,20,1,1.0,exact FE budget; early stopping and stagnation disabled
pendcart,SGO,A_tuned_NP,9000016,16,eval,20,1000,105,150000.0,1000.0,1000.0,1000.0,True,0.21505434277958604,0.21502249100609086,3.185177349518398e-05,0.0012931191737135597,37.76040905931344,37.748318500234745,39.03824355365941,40.17374099930748,0.1,0.39038243553659413,0.40173740999307483,150,20,1,1.0,exact FE budget; early stopping and stagnation disabled
pendcart,SGO,A_tuned_NP,9000017,17,eval,20,1000,105,150000.0,1000.0,1000.0,1000.0,True,0.21502862647384316,0.21502249100609086,6.1354677522995615e-06,0.0009808081587224593,37.78657202647688,37.632546489476226,38.747121099731885,55.80168098094873,0.1,0.38747121099731885,0.5580168098094873,150,20,1,1.0,exact FE budget; early stopping and stagnation disabled
pendcart,SGO,A_tuned_NP,9000018,18,eval,20,1000,105,150000.0,1000.0,1000.0,1000.0,True,0.21497461695084222,0.21502249100609086,-4.78740552486423e-05,0.0015926981536696202,37.54150307077604,37.40800349623896,38.72028221085202,39.38519101939164,0.1,0.3872028221085202,0.3938519101939164,150,20,1,1.0,exact FE budget; early stopping and stagnation disabled
pendcart,SGO,A_tuned_NP,9000019,19,eval,20,1000,105,150000.0,1000.0,1000.0,1000.0,True,0.21498696591290758,0.21502249100609086,-3.5525093183275125e-05,0.0015741176146111886,38.001105641014874,37.70744349458255,39.414701104396954,54.25298499176279,0.1,0.39414701104396954,0.5425298499176279,150,20,1,1.0,exact FE budget; early stopping and stagnation disabled
pendcart,GWO,A_tuned_NP,9001000,0,eval,20,1000,55,150000.0,1000.0,1000.0,1000.0,True,0.2150230833075346,0.21502249100609086,5.92301443752552e-07,9.472281688403105e-05,31.950153357853804,31.85958950780332,32.94634325575316,33.26831798767671,0.1,0.32946343255753163,0.3326831798767671,150,20,1,1.0,exact FE budget; early stopping and stagnation disabled
pendcart,GWO,A_tuned_NP,9001001,1,eval,20,1000,55,150000.0,1000.0,1000.0,1000.0,True,0.21502522890012782,0.21502249100609086,2.7378940369582327e-06,0.00010709727119808293,31.875199577771127,31.75626849406399,33.37748806079617,34.154615976149216,0.1,0.3337748806079617,0.34154615976149216,150,20,1,1.0,exact FE budget; early stopping and stagnation disabled
pendcart,GWO,A_tuned_NP,9001002,2,eval,20,1000,55,150000.0,1000.0,1000.0,1000.0,True,0.21502225369057568,0.21502249100609086,-2.3731551518357819e-07,0.0001429568657313358,31.74142630052908,31.59430950472597,32.99056903924793,33.921472990186885,0.1,0.3299056903924793,0.33921472990186885,150,20,1,1.0,exact FE budget; early stopping and stagnation disabled
pendcart,GWO,A_tuned_NP,9001003,3,eval,20,1000,55,150000.0,1000.0,1000.0,1000.0,True,0.2150195517501911,0.21502249100609086,-2.9392558997531903e-06,0.00010628828052513868,31.974185166958097,32.002967011067085,32.93522880994715,33.669199008727446,0.1,0.3293522880994715,0.33669199008727446,150,20,1,1.0,exact FE budget; early stopping and stagnation disabled
pendcart,GWO,A_tuned_NP,9001004,4,eval,20,1000,55,150000.0,1000.0,1000.0,1000.0,True,0.21502401168843963,0.21502249100609086,1.5206823487656784e-06,9.419240968325091e-05,32.11099039957238,31.91131450876128,33.49017909204122,41.17141000460833,0.1,0.33490179092041217,0.41171410004608333,150,20,1,1.0,exact FE budget; early stopping and stagnation disabled
pendcart,GWO,A_tuned_NP,9001005,5,eval,20,1000,55,150000.0,1000.0,1000.0,1000.0,True,0.2150198855160736,0.21502249100609086,-2.6054900172656215e-06,0.00012234655501727,32.51132570071301,32.370270491810516,33.722237558686174,34.805257979314774,0.1,0.33722237558686174,0.34805257979314774,150,20,1,1.0,exact FE budget; early stopping and stagnation disabled
pendcart,GWO,A_tuned_NP,9001006,6,eval,20,1000,55,150000.0,1000.0,1000.0,1000.0,True,0.21502497247379518,0.21502249100609086,2.481467704318341e-06,0.00013427434239737885,32.042111728029944,31.843021002714522,33.30450560315512,33.88155100401491,0.1,0.3330450560315512,0.3388155100401491,150,20,1,1.0,exact FE budget; early stopping and stagnation disabled
pendcart,GWO,A_tuned_NP,9001007,7,eval,20,1000,55,150000.0,1000.0,1000.0,1000.0,True,0.21502836538325346,0.21502249100609086,5.874377162595756e-06,0.00015529997598725748,32.19250603307349,32.03147249587346,33.5477952947258,35.795219999272376,0.1,0.335477952947258,0.35795219999272376,150,20,1,1.0,exact FE budget; early stopping and stagnation disabled
pendcart,GWO,A_tuned_NP,9001008,8,eval,20,1000,55,150000.0,1000.0,1000.0,1000.0,True,0.21501859554871128,0.21502249100609086,-3.895457379582412e-06,0.0001450560296896723,31.98837739357259,31.867690500803292,33.533140709914726,34.27537201787345,0.1,0.33533140709914727,0.3427537201787345,150,20,1,1.0,exact FE budget; early stopping and stagnation disabled
pendcart,GWO,A_tuned_NP,9001009,9,eval,20,1000,55,150000.0,1000.0,1000.0,1000.0,True,0.21502202994635636,0.21502249100609086,-4.610597345022782e-07,0.00011083381440575413,32.211048195216186,31.89403802389279,33.63008771411841,47.841483989031985,0.1,0.3363008771411841,0.47841483989031985,150,20,1,1.0,exact FE budget; early stopping and stagnation disabled
pendcart,GWO,A_tuned_NP,9001010,10,eval,20,1000,55,150000.0,1000.0,1000.0,1000.0,True,0.21501354252015217,0.21502249100609086,-8.948485938686801e-06,0.000201539736336444,32.509024740429595,32.379036012571305,33.960870844020974,42.667833011364564,0.1,0.33960870844020974,0.42667833011364564,150,20,1,1.0,exact FE budget; early stopping and stagnation disabled
pendcart,GWO,A_tuned_NP,9001011,11,eval,20,1000,55,150000.0,1000.0,1000.0,1000.0,True,0.21502024612052237,0.21502249100609086,-2.2448855684920055e-06,0.00016635379691073548,32.43479568491845,32.33720801654272,33.864312994410284,34.91740400204435,0.1,0.33864312994410284,0.3491740400204435,150,20,1,1.0,exact FE budget; early stopping and stagnation disabled
pendcart,GWO,A_tuned_NP,9001012,12,eval,20,1000,55,150000.0,1000.0,1000.0,1000.0,True,0.21502591918674674,0.21502249100609086,3.4281806558789096e-06,0.00013056806171673718,32.231771826239616,32.24540498922579,33.460594930511434,34.07408398925327,0.1,0.33460594930511434,0.3407408398925327,150,20,1,1.0,exact FE budget; early stopping and stagnation disabled
pendcart,GWO,A_tuned_NP,9001013,13,eval,20,1000,55,150000.0,1000.0,1000.0,1000.0,True,0.21501769360409004,0.21502249100609086,-4.797402000822348e-06,0.00010577452934731,32.07691447207859,32.04795700730756,33.286248955118936,33.99968898156658,0.1,0.33286248955118936,0.3399968898156658,150,20,1,1.0,exact FE budget; early stopping and stagnation disabled
pendcart,GWO,A_tuned_NP,9001014,14,eval,20,1000,55,150000.0,1000.0,1000.0,1000.0,True,0.21502776213233282,0.21502249100609086,5.271126241962465e-06,0.00011173883094890247,32.2775703468748,32.20900251471903,33.65700010035653,34.403746016323566,0.1,0.33657000100356527,0.34403746016323566,150,20,1,1.0,exact FE budget; early stopping and stagnation disabled
pendcart,GWO,A_tuned_NP,9001015,15,eval,20,1000,55,150000.0,1000.0,1000.0,1000.0,True,0.21501992535923756,0.21502249100609086,-2.565646853303072e-06,0.00012226765871976893,32.13164434613039,31.91260500170756,33.4094099511276,34.44191100425087,0.1,0.334094099511276,0.3444191100425087,150,20,1,1.0,exact FE budget; early stopping and stagnation disabled
pendcart,GWO,A_tuned_NP,9001016,16,eval,20,1000,55,150000.0,1000.0,1000.0,1000.0,True,0.21502027698322757,0.21502249100609086,-2.2140228632949732e-06,0.0001126630413156326,32.20234959347484,32.0131559856236,33.73809638724197,34.54520399100147,0.1,0.33738096387241967,0.3454520399100147,150,20,1,1.0,exact FE budget; early stopping and stagnation disabled
pendcart,GWO,A_tuned_NP,9001017,17,eval,20,1000,55,150000.0,1000.0,1000.0,1000.0,True,0.21501768263410861,0.21502249100609086,-4.808371982245596e-06,0.00015175795318543052,32.22723267991872,32.21281249716412,33.48494394303998,34.41946400562301,0.1,0.3348494394303998,0.34419464005623013,150,20,1,1.0,exact FE budget; early stopping and stagnation disabled
pendcart,GWO,A_tuned_NP,9001018,18,eval,20,1000,55,150000.0,1000.0,1000.0,1000.0,True,0.21501761898816607,0.21502249100609086,-4.87201792478964e-06,0.00011329156256567446,32.31196096690837,32.165484997676685,33.84852644521743,35.14078402076848,0.1,0.3384852644521743,0.3514078402076848,150,20,1,1.0,exact FE budget; early stopping and stagnation disabled
pendcart,GWO,A_tuned_NP,9001019,19,eval,20,1000,55,150000.0,1000.0,1000.0,1000.0,True,0.21502331034615713,0.21502249100609086,8.193400662659389e-07,8.021975312181747e-05,31.790134980498504,31.616842505172826,33.169133760384284,34.08426299574785,0.1,0.33169133760384284,0.3408426299574785,150,20,1,1.0,exact FE budget; early stopping and stagnation disabled
pendcart,PSO,A_tuned_NP,9002000,0,eval,30,1000,39,150000.0,1000.0,1000.0,1000.0,True,0.21502202537226925,0.21502249100609086,-4.6563382161135536e-07,0.0003554347447901287,22.32379636785481,22.279285491094925,23.01592740259366,23.3334309887141,0.1,0.2301592740259366,0.233334309887141,150,20,1,1.0,exact FE budget; early stopping and stagnation disabled
pendcart,PSO,A_tuned_NP,9002001,1,eval,30,1000,39,150000.0,1000.0,1000.0,1000.0,True,0.21502218991210248,0.21502249100609086,-3.0109398838074064e-07,0.00037940120567123977,22.97070794661219,22.82765050767921,23.60538365173852,35.41556702111848,0.1,0.2360538365173852,0.35415567021118477,150,20,1,1.0,exact FE budget; early stopping and stagnation disabled
pendcart,PSO,A_tuned_NP,9002002,2,eval,30,1000,39,150000.0,1000.0,1000.0,1000.0,True,0.21498506037213075,0.21502249100609086,-3.743063396011159e-05,0.0012932244801213417,22.813795067486353,22.8201190038817,23.3159616109333,23.78311302163638,0.1,0.233159616109333,0.23783113021636382,150,20,1,1.0,exact FE budget; early stopping and stagnation disabled
pendcart,PSO,A_tuned_NP,9002003,3,eval,30,1000,39,150000.0,1000.0,1000.0,1000.0,True,0.21498891756607663,0.21502249100609086,-3.357344001422846e-05,0.0012727808552132236,22.872571012509678,22.732004494173452,23.329661901516374,34.40007197787054,0.1,0.23329661901516374,0.3440007197787054,150,20,1,1.0,exact FE budget; early stopping and stagnation disabled
pendcart,PSO,A_tuned_NP,9002004,4,eval,30,1000,39,150000.0,1000.0,1000.0,1000.0,True,0.21502195533473933,0.21502249100609086,-5.356713515258793e-07,0.0003993089355901611,22.617865398448583,22.595150003326125,23.16268473950913,23.568235978018492,0.1,0.23162684739509132,0.23568235978018492,150,20,1,1.0,exact FE budget; early stopping and stagnation disabled
pendcart,PSO,A_tuned_NP,9002005,5,eval,30,1000,39,150000.0,1000.0,1000.0,1000.0,True,0.21498319147271092,0.21502249100609086,-3.929953337994396e-05,0.0012669532876853646,22.865230777921777,22.844369988888502,23.379002396541182,24.442658002953976,0.1,0.23379002396541182,0.24442658002953976,150,20,1,1.0,exact FE budget; early stopping and stagnation disabled
pendcart,PSO,A_tuned_NP,9002006,6,eval,30,1000,39,150000.0,1000.0,1000.0,1000.0,True,0.21502598899010444,0.21502249100609086,3.4979840135840323e-06,0.0003972267493596,22.894056772541564,22.885662998305634,23.354243111680262,23.857927997596562,0.1,0.23354243111680262,0.23857927997596562,150,20,1,1.0,exact FE budget; early stopping and stagnation disabled
pendcart,PSO,A_tuned_NP,9002007,7,eval,30,1000,39,150000.0,1000.0,1000.0,1000.0,True,0.21494250036677312,0.21502249100609086,-7.999063931773964e-05,0.0020320132552462743,22.829220259639744,22.81870749720838,23.41961649362929,23.58733001165092,0.1,0.23419616493629292,0.2358733001165092,150,20,1,1.0,exact FE budget; early stopping and stagnation disabled
pendcart,PSO,A_tuned_NP,9002008,8,eval,30,1000,39,150000.0,1000.0,1000.0,1000.0,True,0.21494534282296884,0.21502249100609086,-7.714818312201666e-05,0.0020270531328965115,22.753893452657696,22.7393669920275,23.149316148192156,23.90588098205626,0.1,0.23149316148192156,0.2390588098205626,150,20,1,1.0,exact FE budget; early stopping and stagnation disabled
pendcart,PSO,A_tuned_NP,9002009,9,eval,30,1000,39,150000.0,1000.0,1000.0,1000.0,True,0.21489624428503884,0.21502249100609086,-0.00012624672105202017,0.003145067761211171,22.441359493338194,22.384284005966038,23.182411705784034,23.588156996993348,0.1,0.23182411705784034,0.23588156996993348,150,20,1,1.0,exact FE budget; early stopping and stagnation disabled
pendcart,PSO,A_tuned_NP,9002010,10,eval,30,1000,39,150000.0,1000.0,1000.0,1000.0,True,0.2149452289562043,0.21502249100609086,-7.726204988656171e-05,0.00199597348797328,22.663162779645063,22.663428506348282,23.13184350496158,23.476375004975125,0.1,0.2313184350496158,0.23476375004975125,150,20,1,1.0,exact FE budget; early stopping and stagnation disabled
pendcart,PSO,A_tuned_NP,9002011,11,eval,30,1000,39,150000.0,1000.0,1000.0,1000.0,True,0.21494247843107384,0.21502249100609086,-8.001257501702441e-05,0.0020072754349045718,22.775321499405738,22.698579501593485,23.459454398835078,23.92382998368703,0.1,0.23459454398835078,0.23923829983687028,150,20,1,1.0,exact FE budget; early stopping and stagnation disabled
pendcart,PSO,A_tuned_NP,9002012,12,eval,30,1000,39,150000.0,1000.0,1000.0,1000.0,True,0.21502196433615456,0.21502249100609086,-5.266699363015714e-07,0.00035188232480097006,22.862288686446846,22.862015990540385,23.495722997176927,23.794705019099638,0.1,0.23495722997176927,0.23794705019099638,150,20,1,1.0,exact FE budget; early stopping and stagnation disabled
pendcart,PSO,A_tuned_NP,9002013,13,eval,30,1000,39,150000.0,1000.0,1000.0,1000.0,True,0.21498901073068036,0.21502249100609086,-3.348027541050236e-05,0.0012723050720575369,22.972342994180508,22.976381005719304,23.56648958666483,23.918140010209754,0.1,0.2356648958666483,0.23918140010209754,150,20,1,1.0,exact FE budget; early stopping and stagnation disabled
pendcart,PSO,A_tuned_NP,9002014,14,eval,30,1000,39,150000.0,1000.0,1000.0,1000.0,True,0.2150213097069866,0.21502249100609086,-1.1812991042581267e-06,0.00031849296044731686,22.771703992427017,22.70061249146238,23.386783942987677,24.335152993444353,0.1,0.23386783942987677,0.24335152993444353,150,20,1,1.0,exact FE budget; early stopping and stagnation disabled
pendcart,PSO,A_tuned_NP,9002015,15,eval,30,1000,39,150000.0,1000.0,1000.0,1000.0,True,0.21498811619976427,0.21502249100609086,-3.437480632659251e-05,0.00122606059415328,22.961923433079694,22.96142900013365,23.507666763907764,23.954553005751222,0.1,0.23507666763907764,0.23954553005751222,150,20,1,1.0,exact FE budget; early stopping and stagnation disabled
pendcart,PSO,A_tuned_NP,9002016,16,eval,30,1000,39,150000.0,1000.0,1000.0,1000.0,True,0.21502447694037682,0.21502249100609086,1.9859342859640527e-06,0.00032931695214922575,22.78047008595119,22.792589996242896,23.2158144339337,24.045010999543592,0.1,0.232158144339337,0.24045010999543592,150,20,1,1.0,exact FE budget; early stopping and stagnation disabled
pendcart,PSO,A_tuned_NP,9002017,17,eval,30,1000,39,150000.0,1000.0,1000.0,1000.0,True,0.21501908235296713,0.21502249100609086,-3.408653123732064e-06,0.0003176146363638766,22.84030287254912,22.785592489526607,23.577415302861482,23.933349002618343,0.1,0.23577415302861482,0.23933349002618343,150,20,1,1.0,exact FE budget; early stopping and stagnation disabled
pendcart,PSO,A_tuned_NP,9002018,18,eval,30,1000,39,150000.0,1000.0,1000.0,1000.0,True,0.21499312711819818,0.21502249100609086,-2.9363887892680518e-05,0.0013137063017300283,22.658837520284578,22.642544994596392,23.12803469976643,23.46887200837955,0.1,0.2312803469976643,0.2346887200837955,150,20,1,1.0,exact FE budget; early stopping and stagnation disabled
pendcart,PSO,A_tuned_NP,9002019,19,eval,30,1000,39,150000.0,1000.0,1000.0,1000.0,True,0.21502548566130128,0.21502249100609086,2.994655210419861e-06,0.00038357236799660725,22.515815994314227,22.42964750621468,23.22679535864154,23.56738000526093,0.1,0.2322679535864154,0.2356738000526093,150,20,1,1.0,exact FE budget; early stopping and stagnation disabled
pendcart,WOA,A_tuned_NP,9003000,0,eval,8,1000,130,150000.0,1000.0,1000.0,1000.0,True,0.21502245813325865,0.21502249100609086,-3.287283220632098e-08,2.2923623589429153e-06,30.442146039567888,30.425360484514385,31.549814867321402,33.22707099141553,0.1,0.315498148673214,0.3322707099141553,150,20,1,1.0,exact FE budget; early stopping and stagnation disabled
pendcart,WOA,A_tuned_NP,9003001,1,eval,8,1000,130,150000.0,1000.0,1000.0,1000.0,True,0.21502243935883367,0.21502249100609086,-5.164725719319918e-08,3.831799996118274e-06,30.05065144059093,30.041928999708034,30.777700142061803,32.21403498901054,0.1,0.30777700142061803,0.3221403498901054,150,20,1,1.0,exact FE budget; early stopping and stagnation disabled
pendcart,WOA,A_tuned_NP,9003002,2,eval,8,1000,130,150000.0,1000.0,1000.0,1000.0,True,0.21502247678945813,0.21502249100609086,-1.4216632732155787e-08,3.4992253400549266e-06,30.275132786288548,30.22416699968744,31.301483997958712,31.856125977355987,0.1,0.3130148399795871,0.31856125977355987,150,20,1,1.0,exact FE budget; early stopping and stagnation disabled
pendcart,WOA,A_tuned_NP,9003003,3,eval,8,1000,130,150000.0,1000.0,1000.0,1000.0,True,0.21502247589153914,0.21502249100609086,-1.5114551721318037e-08,2.580764267436016e-06,30.436627895299655,30.415627494221553,31.255436938954517,32.0688700012397,0.1,0.3125543693895452,0.320688700012397,150,20,1,1.0,exact FE budget; early stopping and stagnation disabled
pendcart,WOA,A_tuned_NP,9003004,4,eval,8,1000,130,150000.0,1000.0,1000.0,1000.0,True,0.21502247339566272,0.21502249100609086,-1.7610428143521872e-08,2.3650057486338745e-06,30.080273320005897,30.057977011892945,30.94115249987226,31.35238101822324,0.1,0.3094115249987226,0.3135238101822324,150,20,1,1.0,exact FE budget; early stopping and stagnation disabled
pendcart,WOA,A_tuned_NP,9003005,5,eval,8,1000,130,150000.0,1000.0,1000.0,1000.0,True,0.21502253664973786,0.21502249100609086,4.5643647000881415e-08,3.308081242566073e-06,30.37839435952871,30.278378006187268,31.4875797892455,32.20270198653452,0.1,0.314875797892455,0.3220270198653452,150,20,1,1.0,exact FE budget; early stopping and stagnation disabled
pendcart,WOA,A_tuned_NP,9003006,6,eval,8,1000,130,150000.0,1000.0,1000.0,1000.0,True,0.21502250494900266,0.21502249100609086,1.3942911797348856e-08,3.5458838569686733e-06,30.407355952775106,30.38206799828913,31.499205304135103,32.08034698036499,0.1,0.31499205304135103,0.32080346980364993,150,20,1,1.0,exact FE budget; early stopping and stagnation disabled
pendcart,WOA,A_tuned_NP,9003007,7,eval,8,1000,130,150000.0,1000.0,1000.0,1000.0,True,0.21502245972139328,0.21502249100609086,-3.1284697582512067e-08,1.8891136796611071e-06,30.303650185427006,30.1870879920898,31.36412019812269,31.864271993981674,0.1,0.3136412019812269,0.31864271993981674,150,20,1,1.0,exact FE budget; early stopping and stagnation disabled
pendcart,WOA,A_tuned_NP,9003008,8,eval,8,1000,130,150000.0,1000.0,1000.0,1000.0,True,0.2150225261662064,0.21502249100609086,3.516011554127729e-08,1.9023464430776928e-06,30.274184886560153,30.208635987946764,31.40798769891262,32.128367020050064,0.1,0.3140798769891262,0.32128367020050064,150,20,1,1.0,exact FE budget; early stopping and stagnation disabled
pendcart,WOA,A_tuned_NP,9003009,9,eval,8,1000,130,150000.0,1000.0,1000.0,1000.0,True,0.21502252171203345,0.21502249100609086,3.070594259413362e-08,2.9913095511741323e-06,32.77013723311635,31.422869011294097,37.9220737318974,38.45861597801559,0.1,0.379220737318974,0.38458615978015587,150,20,1,1.0,exact FE budget; early stopping and stagnation disabled
pendcart,WOA,A_tuned_NP,9003010,10,eval,8,1000,130,150000.0,1000.0,1000.0,1000.0,True,0.21502240072203474,0.21502249100609086,-9.02840561201046e-08,2.9287013549032226e-06,30.469242271889623,30.454795516561717,31.487838360772002,31.70335601316765,0.1,0.31487838360772,0.3170335601316765,150,20,1,1.0,exact FE budget; early stopping and stagnation disabled
pendcart,WOA,A_tuned_NP,9003011,11,eval,8,1000,130,150000.0,1000.0,1000.0,1000.0,True,0.21502256770362552,0.21502249100609086,7.669753465666673e-08,4.142918850154339e-06,30.085570445711102,29.979042505146936,30.911489606660325,31.570803985232487,0.1,0.30911489606660325,0.3157080398523249,150,20,1,1.0,exact FE budget; early stopping and stagnation disabled
pendcart,WOA,A_tuned_NP,9003012,12,eval,8,1000,130,150000.0,1000.0,1000.0,1000.0,True,0.21502229752055477,0.21502249100609086,-1.9348553609299657e-07,7.263921802988296e-06,30.4287493727558,30.43859251192771,31.314447340264447,31.656751001719385,0.1,0.31314447340264445,0.31656751001719385,150,20,1,1.0,exact FE budget; early stopping and stagnation disabled
pendcart,WOA,A_tuned_NP,9003013,13,eval,8,1000,130,150000.0,1000.0,1000.0,1000.0,True,0.21502252411878992,0.21502249100609086,3.3112699054926864e-08,2.2161658456644056e-06,30.33391998615116,30.255539488280192,31.076106357795652,35.36734398221597,0.1,0.3107610635779565,0.3536734398221597,150,20,1,1.0,exact FE budget; early stopping and stagnation disabled
pendcart,WOA,A_tuned_NP,9003014,14,eval,8,1000,130,150000.0,1000.0,1000.0,1000.0,True,0.2150225408700464,0.21502249100609086,4.986395554795742e-08,3.776935729993901e-06,30.40517013325977,30.37417148880195,31.46132894762559,32.18039698549546,0.1,0.3146132894762559,0.32180396985495463,150,20,1,1.0,exact FE budget; early stopping and stagnation disabled
pendcart,WOA,A_tuned_NP,9003015,15,eval,8,1000,130,150000.0,1000.0,1000.0,1000.0,True,0.21502265146873462,0.21502249100609086,1.6046264375568775e-07,4.182844093230086e-06,30.09598714027864,30.071263507124968,30.752205588214565,31.42059000674635,0.1,0.30752205588214565,0.3142059000674635,150,20,1,1.0,exact FE budget; early stopping and stagnation disabled
pendcart,WOA,A_tuned_NP,9003016,16,eval,8,1000,130,150000.0,1000.0,1000.0,1000.0,True,0.215022487545906,0.21502249100609086,-3.4601848608595276e-09,4.084263474347748e-06,30.0110121742667,29.94641600525938,30.72856824437622,31.505468010436743,0.1,0.3072856824437622,0.31505468010436743,150,20,1,1.0,exact FE budget; early stopping and stagnation disabled
pendcart,WOA,A_tuned_NP,9003017,17,eval,8,1000,130,150000.0,1000.0,1000.0,1000.0,True,0.21502256994092414,0.21502249100609086,7.893483328080819e-08,3.540467974826478e-06,30.44905980020606,30.468099503195845,31.592125649331138,32.36586001003161,0.1,0.3159212564933114,0.3236586001003161,150,20,1,1.0,exact FE budget; early stopping and stagnation disabled
pendcart,WOA,A_tuned_NP,9003018,18,eval,8,1000,130,150000.0,1000.0,1000.0,1000.0,True,0.21502247601033564,0.21502249100609086,-1.4995755220903462e-08,3.300036154262585e-06,30.120564068007905,30.008604982867837,30.974775247159414,31.398057006299496,0.1,0.30974775247159414,0.31398057006299496,150,20,1,1.0,exact FE budget; early stopping and stagnation disabled
pendcart,WOA,A_tuned_NP,9003019,19,eval,8,1000,130,150000.0,1000.0,1000.0,1000.0,True,0.21502255426923322,0.21502249100609086,6.326314236360098e-08,3.625537694496999e-06,30.24920663893378,30.236632010200992,31.241128031979315,31.931812991388142,0.1,0.31241128031979315,0.3193181299138814,150,20,1,1.0,exact FE budget; early stopping and stagnation disabled
pendcart,SGO,B_common_NP,9010000,0,eval,20,1000,105,150000.0,1000.0,1000.0,1000.0,True,0.21499795830829305,0.21502249100609086,-2.4532697797813308e-05,0.0011830230289944735,37.990306235151365,37.98104700399563,39.19808156351792,39.86307402374223,0.1,0.39198081563517917,0.3986307402374223,150,20,1,1.0,exact FE budget; early stopping and stagnation disabled
pendcart,SGO,B_common_NP,9010001,1,eval,20,1000,105,150000.0,1000.0,1000.0,1000.0,True,0.21503821627752895,0.21502249100609086,1.572527143808844e-05,0.0009611575811621886,37.84082536721447,37.74959500879049,38.89827815582976,39.51462000259198,0.1,0.3889827815582976,0.3951462000259198,150,20,1,1.0,exact FE budget; early stopping and stagnation disabled
pendcart,SGO,B_common_NP,9010002,2,eval,20,1000,105,150000.0,1000.0,1000.0,1000.0,True,0.2149983038114149,0.21502249100609086,-2.4187194675950874e-05,0.0011463578067678428,37.70682559988927,37.54469548584893,39.12110383971594,39.93055198225193,0.1,0.3912110383971594,0.3993055198225193,150,20,1,1.0,exact FE budget; early stopping and stagnation disabled
pendcart,SGO,B_common_NP,9010003,3,eval,20,1000,105,150000.0,1000.0,1000.0,1000.0,True,0.21499963411642145,0.21502249100609086,-2.285688966940924e-05,0.0015682281584115565,37.56291387447467,37.51120199740399,38.3805240446236,39.22424197662622,0.1,0.383805240446236,0.3922424197662622,150,20,1,1.0,exact FE budget; early stopping and stagnation disabled
pendcart,SGO,B_common_NP,9010004,4,eval,20,1000,105,150000.0,1000.0,1000.0,1000.0,True,0.21504755855015398,0.21502249100609086,2.506754406311762e-05,0.0013925750840263792,38.01364953901308,38.030476003768854,38.920163092552684,39.827619009884074,0.1,0.38920163092552684,0.39827619009884074,150,20,1,1.0,exact FE budget; early stopping and stagnation disabled
pendcart,SGO,B_common_NP,9010005,5,eval,20,1000,105,150000.0,1000.0,1000.0,1000.0,True,0.215039534892494,0.21502249100609086,1.7043886403139696e-05,0.0008549201692661326,38.13221247342881,38.121318008052185,39.205121161649004,42.82212900579907,0.1,0.39205121161649004,0.4282212900579907,150,20,1,1.0,exact FE budget; early stopping and stagnation disabled
pendcart,SGO,B_common_NP,9010006,6,eval,20,1000,105,150000.0,1000.0,1000.0,1000.0,True,0.21502614788443322,0.21502249100609086,3.6568783423618356e-06,0.0009016265965604662,38.312986486513786,38.19778800243512,39.48848145810189,41.0899109847378,0.1,0.3948848145810189,0.410899109847378,150,20,1,1.0,exact FE budget; early stopping and stagnation disabled
pendcart,SGO,B_common_NP,9010007,7,eval,20,1000,105,150000.0,1000.0,1000.0,1000.0,True,0.21499291719834596,0.21502249100609086,-2.9573807744903702e-05,0.0011484462232337917,38.14288811350707,38.0664819967933,39.47407515661325,40.01909200451337,0.1,0.39474075156613253,0.4001909200451337,150,20,1,1.0,exact FE budget; early stopping and stagnation disabled
pendcart,SGO,B_common_NP,9010008,8,eval,20,1000,105,150000.0,1000.0,1000.0,1000.0,True,0.2149900381667975,0.21502249100609086,-3.245283929337317e-05,0.0013642379397845689,37.66269521380309,37.57589150336571,39.012500195531175,39.89976501907222,0.1,0.39012500195531175,0.3989976501907222,150,20,1,1.0,exact FE budget; early stopping and stagnation disabled
pendcart,SGO,B_common_NP,9010009,9,eval,20,1000,105,150000.0,1000.0,1000.0,1000.0,True,0.21504281987685459,0.21502249100609086,2.0328870763725027e-05,0.000905427870934199,38.12749109366754,38.0409405042883,39.31570969580207,43.696373992133886,0.1,0.3931570969580207,0.43696373992133886,150,20,1,1.0,exact FE budget; early stopping and stagnation disabled
pendcart,SGO,B_common_NP,9010010,10,eval,20,1000,105,150000.0,1000.0,1000.0,1000.0,True,0.21499654441032312,0.21502249100609086,-2.594659576773961e-05,0.0017224067012526726,38.28565988010572,38.31536750658415,39.340721745975316,39.69687098287977,0.1,0.39340721745975316,0.39696870982879773,150,20,1,1.0,exact FE budget; early stopping and stagnation disabled
pendcart,SGO,B_common_NP,9010011,11,eval,20,1000,105,150000.0,1000.0,1000.0,1000.0,True,0.21504917228313136,0.21502249100609086,2.668127704050227e-05,0.0012526204215896084,38.15860640723258,38.00550999585539,39.53795386769343,39.83101499034092,0.1,0.3953795386769343,0.3983101499034092,150,20,1,1.0,exact FE budget; early stopping and stagnation disabled
pendcart,SGO,B_common_NP,9010012,12,eval,20,1000,105,150000.0,1000.0,1000.0,1000.0,True,0.2150455132658496,0.21502249100609086,2.3022259758753716e-05,0.0010601979600807954,38.08108053771624,38.05413249938283,39.24113690300146,39.91322999354452,0.1,0.3924113690300146,0.3991322999354452,150,20,1,1.0,exact FE budget; early stopping and stagnation disabled
pendcart,SGO,B_common_NP,9010013,13,eval,20,1000,105,150000.0,1000.0,1000.0,1000.0,True,0.21504031786129604,0.21502249100609086,1.7826855205183012e-05,0.0009668433447726841,37.97717534723537,37.95229499519337,39.060401715687476,39.62939398479648,0.1,0.39060401715687476,0.3962939398479648,150,20,1,1.0,exact FE budget; early stopping and stagnation disabled
pendcart,SGO,B_common_NP,9010014,14,eval,20,1000,105,150000.0,1000.0,1000.0,1000.0,True,0.21498699204148586,0.21502249100609086,-3.5498964605001904e-05,0.0015305458530444419,38.27804041289104,38.251045494689606,39.30180503957672,40.151912020519376,0.1,0.3930180503957672,0.40151912020519376,150,20,1,1.0,exact FE budget; early stopping and stagnation disabled
pendcart,SGO,B_common_NP,9010015,15,eval,20,1000,105,150000.0,1000.0,1000.0,1000.0,True,0.21498538687800398,0.21502249100609086,-3.710412808688446e-05,0.0014282953529463293,38.15672145341523,38.10838201025035,39.03204909292981,44.01954100467265,0.1,0.3903204909292981,0.44019541004672647,150,20,1,1.0,exact FE budget; early stopping and stagnation disabled
pendcart,SGO,B_common_NP,9010016,16,eval,20,1000,105,150000.0,1000.0,1000.0,1000.0,True,0.21501001264052882,0.21502249100609086,-1.2478365562035298e-05,0.001076891119002286,38.105488653139524,38.112391499453224,39.08255178685067,39.49603400542401,0.1,0.3908255178685067,0.3949603400542401,150,20,1,1.0,exact FE budget; early stopping and stagnation disabled
pendcart,SGO,B_common_NP,9010017,17,eval,20,1000,105,150000.0,1000.0,1000.0,1000.0,True,0.21504966689588312,0.21502249100609086,2.7175889792258046e-05,0.000831208911436243,38.2979689592806,38.21145600522868,39.314233453478664,44.474202004494146,0.1,0.39314233453478664,0.44474202004494146,150,20,1,1.0,exact FE budget; early stopping and stagnation disabled
pendcart,SGO,B_common_NP,9010018,18,eval,20,1000,105,150000.0,1000.0,1000.0,1000.0,True,0.21504555749804521,0.21502249100609086,2.3066491954354396e-05,0.001348124238397802,38.17171361937653,38.18146699632052,39.18683014635462,39.529127010609955,0.1,0.39186830146354623,0.39529127010609955,150,20,1,1.0,exact FE budget; early stopping and stagnation disabled
pendcart,SGO,B_common_NP,9010019,19,eval,20,1000,105,150000.0,1000.0,1000.0,1000.0,True,0.2150253392364066,0.21502249100609086,2.8482303157384425e-06,0.0011685015581599535,38.190660092708036,38.19433048192877,39.27396378858248,39.752848009811714,0.1,0.3927396378858248,0.39752848009811714,150,20,1,1.0,exact FE budget; early stopping and stagnation disabled
pendcart,GWO,B_common_NP,9011000,0,eval,20,1000,55,150000.0,1000.0,1000.0,1000.0,True,0.21502025554908297,0.21502249100609086,-2.2354570078930713e-06,0.0001413408911968179,32.30288718516628,32.187600489123724,33.35032550239703,33.94567398936488,0.1,0.33350325502397027,0.3394567398936488,150,20,1,1.0,exact FE budget; early stopping and stagnation disabled
pendcart,GWO,B_common_NP,9011001,1,eval,20,1000,55,150000.0,1000.0,1000.0,1000.0,True,0.21502035569647793,0.21502249100609086,-2.1353096129328453e-06,0.00015453521558109835,32.49419773812406,32.35181148920674,34.08605443983106,34.50648402213119,0.1,0.3408605443983106,0.3450648402213119,150,20,1,1.0,exact FE budget; early stopping and stagnation disabled
pendcart,GWO,B_common_NP,9011002,2,eval,20,1000,55,150000.0,1000.0,1000.0,1000.0,True,0.21502580487362952,0.21502249100609086,3.3138675386568117e-06,9.998007490867911e-05,32.41850268677808,32.371907494962215,33.762668193958234,34.30559500702657,0.1,0.33762668193958234,0.3430559500702657,150,20,1,1.0,exact FE budget; early stopping and stagnation disabled
pendcart,GWO,B_common_NP,9011003,3,eval,20,1000,55,150000.0,1000.0,1000.0,1000.0,True,0.21502199614059536,0.21502249100609086,-4.948654954983756e-07,0.00014420065814581886,32.23666265180024,31.964961512130685,34.00660054321634,34.634758019819856,0.1,0.34006600543216337,0.34634758019819856,150,20,1,1.0,exact FE budget; early stopping and stagnation disabled
pendcart,GWO,B_common_NP,9011004,4,eval,20,1000,55,150000.0,1000.0,1000.0,1000.0,True,0.215024296422511,0.21502249100609086,1.8054164201419809e-06,0.00013768188526747297,32.46416263301702,32.31533948564902,33.96733475092333,34.56668698345311,0.1,0.3396733475092333,0.3456668698345311,150,20,1,1.0,exact FE budget; early stopping and stagnation disabled
pendcart,GWO,B_common_NP,9011005,5,eval,20,1000,55,150000.0,1000.0,1000.0,1000.0,True,0.21502148009415653,0.21502249100609086,-1.0109119343293393e-06,9.830947219809689e-05,32.16003797269271,31.96637349901721,33.644404337974265,34.3851950019598,0.1,0.33644404337974265,0.343851950019598,150,20,1,1.0,exact FE budget; early stopping and stagnation disabled
pendcart,GWO,B_common_NP,9011006,6,eval,20,1000,55,150000.0,1000.0,1000.0,1000.0,True,0.2150269251567072,0.21502249100609086,4.43415061635033e-06,0.00015160142861929437,32.046858187144004,31.895621999865398,33.42388314922573,36.8179090146441,0.1,0.3342388314922573,0.368179090146441,150,20,1,1.0,exact FE budget; early stopping and stagnation disabled
pendcart,GWO,B_common_NP,9011007,7,eval,20,1000,55,150000.0,1000.0,1000.0,1000.0,True,0.21502146172855455,0.21502249100609086,-1.0292775363129891e-06,0.00010883169758904128,32.01322464776846,31.904338524327613,33.41478381335037,36.7851440096274,0.1,0.3341478381335037,0.367851440096274,150,20,1,1.0,exact FE budget; early stopping and stagnation disabled
pendcart,GWO,B_common_NP,9011008,8,eval,20,1000,55,150000.0,1000.0,1000.0,1000.0,True,0.21502453632253019,0.21502249100609086,2.045316439325262e-06,0.00011497091745513539,32.02690464813107,31.91472150501795,33.08220825128956,33.796302013797686,0.1,0.3308220825128956,0.33796302013797686,150,20,1,1.0,exact FE budget; early stopping and stagnation disabled
pendcart,GWO,B_common_NP,9011009,9,eval,20,1000,55,150000.0,1000.0,1000.0,1000.0,True,0.21501939619213561,0.21502249100609086,-3.094813955245579e-06,0.00013232345814767,32.41996871385103,32.354601004044525,33.81234819389647,35.57776700472459,0.1,0.3381234819389647,0.3557776700472459,150,20,1,1.0,exact FE budget; early stopping and stagnation disabled
pendcart,GWO,B_common_NP,9011010,10,eval,20,1000,55,150000.0,1000.0,1000.0,1000.0,True,0.21502416767384924,0.21502249100609086,1.6766677583823775e-06,0.00015988270625423643,32.1994646533858,31.845292993239127,34.08384474023478,34.78496000752784,0.1,0.3408384474023478,0.34784960007527843,150,20,1,1.0,exact FE budget; early stopping and stagnation disabled
pendcart,GWO,B_common_NP,9011011,11,eval,20,1000,55,150000.0,1000.0,1000.0,1000.0,True,0.21501700460287937,0.21502249100609086,-5.4864032114909644e-06,0.0001429569123416932,32.0882990808847,32.15659000852611,33.52061468467582,34.65768200112507,0.1,0.3352061468467582,0.3465768200112507,150,20,1,1.0,exact FE budget; early stopping and stagnation disabled
pendcart,GWO,B_common_NP,9011012,12,eval,20,1000,55,150000.0,1000.0,1000.0,1000.0,True,0.21502402560376305,0.21502249100609086,1.5345976721869992e-06,8.024667068891011e-05,32.32070621995566,32.159797483473085,34.04112564021489,37.67368302214891,0.1,0.34041125640214887,0.37673683022148907,150,20,1,1.0,exact FE budget; early stopping and stagnation disabled
pendcart,GWO,B_common_NP,9011013,13,eval,20,1000,55,150000.0,1000.0,1000.0,1000.0,True,0.21502503580475751,0.21502249100609086,2.5447986666538025e-06,0.00014027994620616715,32.107250147964805,32.000246486859396,33.498426458390895,34.01829599170014,0.1,0.33498426458390895,0.3401829599170014,150,20,1,1.0,exact FE budget; early stopping and stagnation disabled
pendcart,GWO,B_common_NP,9011014,14,eval,20,1000,55,150000.0,1000.0,1000.0,1000.0,True,0.2150230739406593,0.21502249100609086,5.829345684493781e-07,0.00011552572088111857,32.196915300058514,32.077476993435994,34.09528781048721,35.066882002865896,0.1,0.34095287810487207,0.35066882002865896,150,20,1,1.0,exact FE budget; early stopping and stagnation disabled
pendcart,GWO,B_common_NP,9011015,15,eval,20,1000,55,150000.0,1000.0,1000.0,1000.0,True,0.21502103095455138,0.21502249100609086,-1.4600515394758151e-06,0.00012753194568025197,32.016527639546744,31.57858899794519,33.75928304012632,34.096236020559445,0.1,0.3375928304012632,0.34096236020559445,150,20,1,1.0,exact FE budget; early stopping and stagnation disabled
pendcart,GWO,B_common_NP,9011016,16,eval,20,1000,55,150000.0,1000.0,1000.0,1000.0,True,0.21502556163184533,0.21502249100609086,3.0706257544699245e-06,0.00015497292629050195,32.47669481963385,32.517644998733886,33.787045409553684,34.210164012620226,0.1,0.33787045409553684,0.34210164012620226,150,20,1,1.0,exact FE budget; early stopping and stagnation disabled
pendcart,GWO,B_common_NP,9011017,17,eval,20,1000,55,150000.0,1000.0,1000.0,1000.0,True,0.2150169537142077,0.21502249100609086,-5.537291883156437e-06,0.00011757256153745033,32.14752462595546,31.951161508914083,33.80855170544237,34.22903397586197,0.1,0.3380855170544237,0.34229033975861967,150,20,1,1.0,exact FE budget; early stopping and stagnation disabled
pendcart,GWO,B_common_NP,9011018,18,eval,20,1000,55,150000.0,1000.0,1000.0,1000.0,True,0.21502288728804705,0.21502249100609086,3.9628195619423323e-07,0.00015351406761050356,32.24706086097285,32.12512050231453,33.73417896218598,34.8131189821288,0.1,0.3373417896218598,0.348131189821288,150,20,1,1.0,exact FE budget; early stopping and stagnation disabled
pendcart,GWO,B_common_NP,9011019,19,eval,20,1000,55,150000.0,1000.0,1000.0,1000.0,True,0.21502476715377736,0.21502249100609086,2.2761476864974206e-06,0.0001322663393762402,32.46371265830627,31.977115009794943,34.33019638614496,44.04462900129147,0.1,0.3433019638614496,0.4404462900129147,150,20,1,1.0,exact FE budget; early stopping and stagnation disabled
pendcart,PSO,B_common_NP,9012000,0,eval,20,1000,55,150000.0,1000.0,1000.0,1000.0,True,0.21490010134012488,0.21502249100609086,-0.00012238966596597733,0.0029144437601184266,23.288500907559257,23.245632502948865,23.80767170834588,24.165994982467964,0.1,0.2380767170834588,0.24165994982467964,150,20,1,1.0,exact FE budget; early stopping and stagnation disabled
pendcart,PSO,B_common_NP,9012001,1,eval,20,1000,55,150000.0,1000.0,1000.0,1000.0,True,0.2148992444810841,0.21502249100609086,-0.00012324652500675382,0.0029117849719369846,22.93828623990218,22.94596249703318,23.57862850476522,23.82147600292228,0.1,0.2357862850476522,0.23821476002922282,150,20,1,1.0,exact FE budget; early stopping and stagnation disabled
pendcart,PSO,B_common_NP,9012002,2,eval,20,1000,55,150000.0,1000.0,1000.0,1000.0,True,0.21498789345552435,0.21502249100609086,-3.4597550566506374e-05,0.0010737701889351793,23.094234667369165,23.096568998880684,23.752527112083044,24.179966014344245,0.1,0.23752527112083044,0.24179966014344245,150,20,1,1.0,exact FE budget; early stopping and stagnation disabled
pendcart,PSO,B_common_NP,9012003,3,eval,20,1000,55,150000.0,1000.0,1000.0,1000.0,True,0.21502214800249778,0.21502249100609086,-3.430035930840347e-07,7.737050018662932e-05,22.728664026750874,22.72899700619746,23.215694694954436,23.667831992497668,0.1,0.23215694694954436,0.23667831992497668,150,20,1,1.0,exact FE budget; early stopping and stagnation disabled
pendcart,PSO,B_common_NP,9012004,4,eval,20,1000,55,150000.0,1000.0,1000.0,1000.0,True,0.21498922017627084,0.21502249100609086,-3.3270829820020165e-05,0.0010767289686653319,23.36392180644907,23.179601499577984,23.934880491287913,37.76090100291185,0.1,0.23934880491287913,0.3776090100291185,150,20,1,1.0,exact FE budget; early stopping and stagnation disabled
pendcart,PSO,B_common_NP,9012005,5,eval,20,1000,55,150000.0,1000.0,1000.0,1000.0,True,0.21502156694385088,0.21502249100609086,-9.240622399764309e-07,6.856520609629852e-05,23.070443239606295,23.015766986645758,23.623116451199166,24.04409198788926,0.1,0.23623116451199166,0.2404409198788926,150,20,1,1.0,exact FE budget; early stopping and stagnation disabled
pendcart,PSO,B_common_NP,9012006,6,eval,20,1000,55,150000.0,1000.0,1000.0,1000.0,True,0.2150230392581954,0.21502249100609086,5.482521045485633e-07,9.089453474200163e-05,23.29626341816038,23.26004499627743,24.01229318929836,24.463446985464543,0.1,0.24012293189298362,0.24463446985464543,150,20,1,1.0,exact FE budget; early stopping and stagnation disabled
pendcart,PSO,B_common_NP,9012007,7,eval,20,1000,55,150000.0,1000.0,1000.0,1000.0,True,0.21489918421355228,0.21502249100609086,-0.00012330679253858,0.0029096761021109984,23.052242773701437,22.951630497118458,23.802253130997997,24.142162990756333,0.1,0.23802253130997997,0.24142162990756333,150,20,1,1.0,exact FE budget; early stopping and stagnation disabled
pendcart,PSO,B_common_NP,9012008,8,eval,20,1000,55,150000.0,1000.0,1000.0,1000.0,True,0.21502242250735254,0.21502249100609086,-6.849873832037723e-08,7.328633064789768e-05,22.89365854036684,22.8259749856079,23.51920580404112,23.874283011537045,0.1,0.2351920580404112,0.23874283011537045,150,20,1,1.0,exact FE budget; early stopping and stagnation disabled
pendcart,PSO,B_common_NP,9012009,9,eval,20,1000,55,150000.0,1000.0,1000.0,1000.0,True,0.2150220646114121,0.21502249100609086,-4.263946787597117e-07,7.931211454718995e-05,23.04522682117143,23.018909501843154,23.704682855168357,24.05678600189276,0.1,0.23704682855168357,0.2405678600189276,150,20,1,1.0,exact FE budget; early stopping and stagnation disabled
pendcart,PSO,B_common_NP,9012010,10,eval,20,1000,55,150000.0,1000.0,1000.0,1000.0,True,0.2150227570441027,0.21502249100609086,2.660380118424399e-07,8.270602311932756e-05,23.023828679967362,22.966512988205068,23.6277527976199,24.541464023059234,0.1,0.23627752797619903,0.24541464023059234,150,20,1,1.0,exact FE budget; early stopping and stagnation disabled
pendcart,PSO,B_common_NP,9012011,11,eval,20,1000,55,150000.0,1000.0,1000.0,1000.0,True,0.21494440179097107,0.21502249100609086,-7.80892151197865e-05,0.0018528302208590914,23.10558823402971,23.055286510498263,23.66520799114369,23.964834021171555,0.1,0.23665207991143689,0.23964834021171555,150,20,1,1.0,exact FE budget; early stopping and stagnation disabled
pendcart,PSO,B_common_NP,9012012,12,eval,20,1000,55,150000.0,1000.0,1000.0,1000.0,True,0.21494402594513265,0.21502249100609086,-7.846506095821049e-05,0.0018480701923605887,23.1079133664025,23.10687401040923,23.784961698402185,24.267412984045222,0.1,0.23784961698402185,0.24267412984045222,150,20,1,1.0,exact FE budget; early stopping and stagnation disabled
pendcart,PSO,B_common_NP,9012013,13,eval,20,1000,55,150000.0,1000.0,1000.0,1000.0,True,0.21489957323561928,0.21502249100609086,-0.0001229177704715756,0.002907104779533778,22.79017030785326,22.8075990016805,23.195534458500333,23.311626981012523,0.1,0.23195534458500333,0.23311626981012523,150,20,1,1.0,exact FE budget; early stopping and stagnation disabled
pendcart,PSO,B_common_NP,9012014,14,eval,20,1000,55,150000.0,1000.0,1000.0,1000.0,True,0.21498873853152528,0.21502249100609086,-3.375247456557928e-05,0.0010820857906271187,23.182985100817557,23.128639018977992,23.82297264848603,24.427672993624583,0.1,0.2382297264848603,0.24427672993624583,150,20,1,1.0,exact FE budget; early stopping and stagnation disabled
pendcart,PSO,B_common_NP,9012015,15,eval,20,1000,55,150000.0,1000.0,1000.0,1000.0,True,0.2146092931193229,0.21502249100609086,-0.00041319788676796865,0.009343086358395394,23.220904207555577,23.163232501246966,23.91443180240458,24.357857007998973,0.1,0.2391443180240458,0.24357857007998973,150,20,1,1.0,exact FE budget; early stopping and stagnation disabled
pendcart,PSO,B_common_NP,9012016,16,eval,20,1000,55,150000.0,1000.0,1000.0,1000.0,True,0.21498823670776232,0.21502249100609086,-3.425429832853988e-05,0.0010803142305941948,23.15643717961696,23.109096495318227,23.55366780393524,31.66648099431768,0.1,0.2355366780393524,0.3166648099431768,150,20,1,1.0,exact FE budget; early stopping and stagnation disabled
pendcart,PSO,B_common_NP,9012017,17,eval,20,1000,55,150000.0,1000.0,1000.0,1000.0,True,0.21502259124052145,0.21502249100609086,1.0023443058893022e-07,8.243770621787221e-05,23.092971876030788,23.047469003358856,23.713819101976696,24.26433199434541,0.1,0.23713819101976696,0.24264331994345412,150,20,1,1.0,exact FE budget; early stopping and stagnation disabled
pendcart,PSO,B_common_NP,9012018,18,eval,20,1000,55,150000.0,1000.0,1000.0,1000.0,True,0.21489926317666405,0.21502249100609086,-0.00012322782942680854,0.0029042721876944497,22.87256791392186,22.843195489258505,23.501791547460016,23.75083600054495,0.1,0.23501791547460016,0.2375083600054495,150,20,1,1.0,exact FE budget; early stopping and stagnation disabled
pendcart,PSO,B_common_NP,9012019,19,eval,20,1000,55,150000.0,1000.0,1000.0,1000.0,True,0.21494417039962543,0.21502249100609086,-7.832060646542627e-05,0.0018430534120760732,23.031206457914475,22.964775504078716,23.6684366085683,24.41317800548859,0.1,0.236684366085683,0.2441317800548859,150,20,1,1.0,exact FE budget; early stopping and stagnation disabled
pendcart,WOA,B_common_NP,9013000,0,eval,20,1000,55,150000.0,1000.0,1000.0,1000.0,True,0.21502253756978673,0.21502249100609086,4.656369587130449e-08,3.852645746106879e-06,29.542598698753864,29.435952004860155,30.647157854400575,31.661352986702695,0.1,0.30647157854400575,0.31661352986702695,150,20,1,1.0,exact FE budget; early stopping and stagnation disabled
pendcart,WOA,B_common_NP,9013001,1,eval,20,1000,55,150000.0,1000.0,1000.0,1000.0,True,0.2150225379012107,0.21502249100609086,4.689511984290462e-08,4.683297774715247e-06,29.648169212353725,29.590574486064725,30.68753495317651,31.20435797609389,0.1,0.3068753495317651,0.3120435797609389,150,20,1,1.0,exact FE budget; early stopping and stagnation disabled
pendcart,WOA,B_common_NP,9013002,2,eval,20,1000,55,150000.0,1000.0,1000.0,1000.0,True,0.21502238586839262,0.21502249100609086,-1.0513769824194164e-07,4.667614302426685e-06,29.62220069874699,29.559752496425062,30.538461201649625,30.935305025195703,0.1,0.30538461201649625,0.30935305025195703,150,20,1,1.0,exact FE budget; early stopping and stagnation disabled
pendcart,WOA,B_common_NP,9013003,3,eval,20,1000,55,150000.0,1000.0,1000.0,1000.0,True,0.2150224392971613,0.21502249100609086,-5.170892955486117e-08,8.607091363563117e-06,29.78454393451102,29.733598508755676,30.797924249782227,31.315483996877447,0.1,0.30797924249782227,0.31315483996877447,150,20,1,1.0,exact FE budget; early stopping and stagnation disabled
pendcart,WOA,B_common_NP,9013004,4,eval,20,1000,55,150000.0,1000.0,1000.0,1000.0,True,0.2150225201997027,0.21502249100609086,2.9193611833511213e-08,5.1110601565700845e-06,29.362182199644547,29.25962151493877,30.24738399835769,31.029526988277212,0.1,0.3024738399835769,0.3102952698827721,150,20,1,1.0,exact FE budget; early stopping and stagnation disabled
pendcart,WOA,B_common_NP,9013005,5,eval,20,1000,55,150000.0,1000.0,1000.0,1000.0,True,0.2150225541777982,0.21502249100609086,6.317170733738386e-08,5.366382935528579e-06,29.2897630740966,29.237860508146696,30.271688985521905,31.012174993520603,0.1,0.30271688985521905,0.310121749935206,150,20,1,1.0,exact FE budget; early stopping and stagnation disabled
pendcart,WOA,B_common_NP,9013006,6,eval,20,1000,55,150000.0,1000.0,1000.0,1000.0,True,0.2150224289965033,0.21502249100609086,-6.200958754809527e-08,3.645830974007909e-06,29.319344740360975,29.226949001895264,30.388714448781684,30.951783002819866,0.1,0.30388714448781684,0.30951783002819866,150,20,1,1.0,exact FE budget; early stopping and stagnation disabled
pendcart,WOA,B_common_NP,9013007,7,eval,20,1000,55,150000.0,1000.0,1000.0,1000.0,True,0.2150226113424718,0.21502249100609086,1.2033638094322008e-07,6.156676193230056e-06,29.624407072163496,29.61460649385117,30.530371112399735,31.082285015145317,0.1,0.30530371112399735,0.31082285015145317,150,20,1,1.0,exact FE budget; early stopping and stagnation disabled
pendcart,WOA,B_common_NP,9013008,8,eval,20,1000,55,150000.0,1000.0,1000.0,1000.0,True,0.21502254961671716,0.21502249100609086,5.861062629675118e-08,5.447038125767237e-06,29.47998330113478,29.48273200308904,30.286541862005834,30.992668005637825,0.1,0.30286541862005834,0.30992668005637825,150,20,1,1.0,exact FE budget; early stopping and stagnation disabled
pendcart,WOA,B_common_NP,9013009,9,eval,20,1000,55,150000.0,1000.0,1000.0,1000.0,True,0.21502234966860145,0.21502249100609086,-1.4133748940658997e-07,4.3629280345654115e-06,29.328514025158558,29.29124399088323,30.29623979673488,30.52050099358894,0.1,0.3029623979673488,0.3052050099358894,150,20,1,1.0,exact FE budget; early stopping and stagnation disabled
pendcart,WOA,B_common_NP,9013010,10,eval,20,1000,55,150000.0,1000.0,1000.0,1000.0,True,0.21502246240170203,0.21502249100609086,-2.860438882978933e-08,2.964550666874561e-06,29.599265320187744,29.532980493968353,30.559185007587075,34.59905800991692,0.1,0.30559185007587075,0.34599058009916916,150,20,1,1.0,exact FE budget; early stopping and stagnation disabled
pendcart,WOA,B_common_NP,9013011,11,eval,20,1000,55,150000.0,1000.0,1000.0,1000.0,True,0.2150224898981664,0.21502249100609086,-1.1079244466305482e-09,3.1126610237711642e-06,29.649974680699717,29.587354001705535,30.37751273950562,31.060000008437783,0.1,0.3037751273950562,0.3106000000843778,150,20,1,1.0,exact FE budget; early stopping and stagnation disabled
pendcart,WOA,B_common_NP,9013012,12,eval,20,1000,55,150000.0,1000.0,1000.0,1000.0,True,0.21502258181761297,0.21502249100609086,9.081152210765886e-08,5.756339815006481e-06,29.47014269399612,29.36662151478231,30.32384081161581,31.73927401076071,0.1,0.3032384081161581,0.3173927401076071,150,20,1,1.0,exact FE budget; early stopping and stagnation disabled
pendcart,WOA,B_common_NP,9013013,13,eval,20,1000,55,150000.0,1000.0,1000.0,1000.0,True,0.21502229449398522,0.21502249100609086,-1.965121056435315e-07,5.188219517399555e-06,29.760102751703624,29.730141002801247,30.67508193780668,31.090297998161986,0.1,0.3067508193780668,0.31090297998161986,150,20,1,1.0,exact FE budget; early stopping and stagnation disabled
pendcart,WOA,B_common_NP,9013014,14,eval,20,1000,55,150000.0,1000.0,1000.0,1000.0,True,0.21502249086088723,0.21502249100609086,-1.4520362690007005e-10,4.254106136235486e-06,29.598131832511474,29.61235900875181,30.293873297341634,31.349664001027122,0.1,0.30293873297341634,0.3134966400102712,150,20,1,1.0,exact FE budget; early stopping and stagnation disabled
pendcart,WOA,B_common_NP,9013015,15,eval,20,1000,55,150000.0,1000.0,1000.0,1000.0,True,0.21502251193927924,0.21502249100609086,2.093318837714797e-08,6.016892731193934e-06,29.77537316813444,29.71443200658541,30.770236917305738,32.390641019446775,0.1,0.3077023691730574,0.32390641019446775,150,20,1,1.0,exact FE budget; early stopping and stagnation disabled
pendcart,WOA,B_common_NP,9013016,16,eval,20,1000,55,150000.0,1000.0,1000.0,1000.0,True,0.21502243212517302,0.21502249100609086,-5.888091783590177e-08,5.294750412341826e-06,29.682418320250388,29.547802507295273,30.791330519423354,31.137586978729814,0.1,0.30791330519423354,0.31137586978729814,150,20,1,1.0,exact FE budget; early stopping and stagnation disabled
pendcart,WOA,B_common_NP,9013017,17,eval,20,1000,55,150000.0,1000.0,1000.0,1000.0,True,0.2150225518685457,0.21502249100609086,6.086245485370512e-08,6.102002947597578e-06,29.68996449179637,29.584065501694568,30.763888150977436,31.60886201658286,0.1,0.30763888150977436,0.3160886201658286,150,20,1,1.0,exact FE budget; early stopping and stagnation disabled
pendcart,WOA,B_common_NP,9013018,18,eval,20,1000,55,150000.0,1000.0,1000.0,1000.0,True,0.21502246208753223,0.21502249100609086,-2.891855863107473e-08,5.279551486459866e-06,29.726732279135224,29.736015494563617,30.524458983563818,31.092970981262624,0.1,0.3052445898356382,0.31092970981262624,150,20,1,1.0,exact FE budget; early stopping and stagnation disabled
pendcart,WOA,B_common_NP,9013019,19,eval,20,1000,55,150000.0,1000.0,1000.0,1000.0,True,0.2150226153291974,0.21502249100609086,1.2432310653176515e-07,7.056572284936908e-06,29.486974015405092,29.363437497522682,30.40197164809797,30.873034003889188,0.1,0.3040197164809797,0.3087303400388919,150,20,1,1.0,exact FE budget; early stopping and stagnation disabled
cstr,SGO,A_tuned_NP,10000000,0,eval,30,1000,72,100000.0,1000.0,1000.0,1000.0,True,0.2942703365312668,0.2941525546770811,0.00011778185418565013,0.001244220448775992,11.536134700290859,11.56465950771235,11.806265203631483,11.905736988410354,0.1,0.11806265203631483,0.11905736988410354,100,20,1,1.0,exact FE budget; early stopping and stagnation disabled
cstr,SGO,A_tuned_NP,10000001,1,eval,30,1000,72,100000.0,1000.0,1000.0,1000.0,True,0.2943255196715665,0.2941525546770811,0.0001729649944853806,0.0011787530306550298,11.493982207612135,11.481827008537948,11.831415198685136,11.944127996684983,0.1,0.11831415198685136,0.11944127996684983,100,20,1,1.0,exact FE budget; early stopping and stagnation disabled
cstr,SGO,A_tuned_NP,10000002,2,eval,30,1000,72,100000.0,1000.0,1000.0,1000.0,True,0.29425426279500405,0.2941525546770811,0.00010170811792292733,0.0008392593277680563,11.610660251462832,11.628613006905653,11.853120935847983,12.038095010211691,0.1,0.11853120935847983,0.12038095010211691,100,20,1,1.0,exact FE budget; early stopping and stagnation disabled
cstr,SGO,A_tuned_NP,10000003,3,eval,30,1000,72,100000.0,1000.0,1000.0,1000.0,True,0.29408539935075084,0.2941525546770811,-6.715532633028154e-05,0.0010233234536128366,11.51979320042301,11.513257995829917,11.785175095428713,12.035955005558208,0.1,0.11785175095428713,0.12035955005558208,100,20,1,1.0,exact FE budget; early stopping and stagnation disabled
cstr,SGO,A_tuned_NP,10000004,4,eval,30,1000,72,100000.0,1000.0,1000.0,1000.0,True,0.2940743947976359,0.2941525546770811,-7.815987944520542e-05,0.0010318681503850087,11.497577681147959,11.502801993628964,11.810099564900156,12.738918012473732,0.1,0.11810099564900156,0.12738918012473732,100,20,1,1.0,exact FE budget; early stopping and stagnation disabled
cstr,SGO,A_tuned_NP,10000005,5,eval,30,1000,72,100000.0,1000.0,1000.0,1000.0,True,0.2944729907993684,0.2941525546770811,0.0003204361222872709,0.0018333460726201612,11.513348912994843,11.532471005921252,11.77272118802648,11.993330990662798,0.1,0.1177272118802648,0.11993330990662798,100,20,1,1.0,exact FE budget; early stopping and stagnation disabled
cstr,SGO,A_tuned_NP,10000006,6,eval,30,1000,72,100000.0,1000.0,1000.0,1000.0,True,0.29408448716484054,0.2941525546770811,-6.806751224058827e-05,0.0007849971498750459,11.463461238599848,11.459018991445191,11.767257291649003,11.954907997278497,0.1,0.11767257291649003,0.11954907997278497,100,20,1,1.0,exact FE budget; early stopping and stagnation disabled
cstr,SGO,A_tuned_NP,10000007,7,eval,30,1000,72,100000.0,1000.0,1000.0,1000.0,True,0.29422252534009946,0.2941525546770811,6.997066301833721e-05,0.001348520538926803,11.475056788185611,11.478578497190028,11.763874600001145,11.971895000897348,0.1,0.11763874600001145,0.11971895000897348,100,20,1,1.0,exact FE budget; early stopping and stagnation disabled
cstr,SGO,A_tuned_NP,10000008,8,eval,30,1000,72,100000.0,1000.0,1000.0,1000.0,True,0.2943698693755598,0.2941525546770811,0.00021731469847868778,0.0009968513612134348,11.57794002094306,11.568366986466572,11.818712911917828,12.371089978842065,0.1,0.11818712911917828,0.12371089978842065,100,20,1,1.0,exact FE budget; early stopping and stagnation disabled
cstr,SGO,A_tuned_NP,10000009,9,eval,30,1000,72,100000.0,1000.0,1000.0,1000.0,True,0.29401562429045275,0.2941525546770811,-0.00013693038662837553,0.001603274088982761,11.54230321146315,11.526912494446151,11.79460386338178,12.083815992809832,0.1,0.1179460386338178,0.12083815992809832,100,20,1,1.0,exact FE budget; early stopping and stagnation disabled
cstr,SGO,A_tuned_NP,10000010,10,eval,30,1000,72,100000.0,1000.0,1000.0,1000.0,True,0.29402744046854873,0.2941525546770811,-0.0001251142085323953,0.0006376938642513133,11.511201986577362,11.509101997944526,11.787362657196354,12.309673009440303,0.1,0.11787362657196354,0.12309673009440303,100,20,1,1.0,exact FE budget; early stopping and stagnation disabled
cstr,SGO,A_tuned_NP,10000011,11,eval,30,1000,72,100000.0,1000.0,1000.0,1000.0,True,0.2947030161783265,0.2941525546770811,0.0005504615012453806,0.0020800864070963493,11.471602859382983,11.4440809993539,11.827964650001377,11.90404299995862,0.1,0.11827964650001377,0.1190404299995862,100,20,1,1.0,exact FE budget; early stopping and stagnation disabled
cstr,SGO,A_tuned_NP,10000012,12,eval,30,1000,72,100000.0,1000.0,1000.0,1000.0,True,0.29417216748955,0.2941525546770811,1.9612812468872143e-05,0.0009322639956757274,11.531697226455435,11.52436199481599,11.876844905782491,12.054431979777291,0.1,0.11876844905782491,0.12054431979777291,100,20,1,1.0,exact FE budget; early stopping and stagnation disabled
cstr,SGO,A_tuned_NP,10000013,13,eval,30,1000,72,100000.0,1000.0,1000.0,1000.0,True,0.2940591894815603,0.2941525546770811,-9.336519552083367e-05,0.0010262903884304415,11.392491850128863,11.392587490263395,11.630168455303647,11.820478976005688,0.1,0.11630168455303647,0.11820478976005688,100,20,1,1.0,exact FE budget; early stopping and stagnation disabled
cstr,SGO,A_tuned_NP,10000014,14,eval,30,1000,72,100000.0,1000.0,1000.0,1000.0,True,0.2942890424578524,0.2941525546770811,0.00013648778077129942,0.0008666654980707232,11.455910039658193,11.44484399992507,11.774127990065608,11.915251991013065,0.1,0.11774127990065608,0.11915251991013065,100,20,1,1.0,exact FE budget; early stopping and stagnation disabled
cstr,SGO,A_tuned_NP,10000015,15,eval,30,1000,72,100000.0,1000.0,1000.0,1000.0,True,0.29407503535000556,0.2941525546770811,-7.75193270755592e-05,0.0014747822364786817,11.669618640444241,11.637032483122312,11.885395557328593,13.490073004504666,0.1,0.11885395557328593,0.13490073004504666,100,20,1,1.0,exact FE budget; early stopping and stagnation disabled
cstr,SGO,A_tuned_NP,10000016,16,eval,30,1000,72,100000.0,1000.0,1000.0,1000.0,True,0.29391488860355225,0.2941525546770811,-0.00023766607352887492,0.0016511232605641592,11.464034880627878,11.44725750782527,11.676588263071608,11.888504988746718,0.1,0.11676588263071608,0.11888504988746718,100,20,1,1.0,exact FE budget; early stopping and stagnation disabled
cstr,SGO,A_tuned_NP,10000017,17,eval,30,1000,72,100000.0,1000.0,1000.0,1000.0,True,0.2942903340110856,0.2941525546770811,0.00013777933400449527,0.001173510908172067,11.58347492251778,11.588139503146522,11.845969039131887,12.188518012408167,0.1,0.11845969039131887,0.12188518012408167,100,20,1,1.0,exact FE budget; early stopping and stagnation disabled
cstr,SGO,A_tuned_NP,10000018,18,eval,30,1000,72,100000.0,1000.0,1000.0,1000.0,True,0.2942176133561766,0.2941525546770811,6.505867909545326e-05,0.0007580444695932323,11.562696449400391,11.56296199769713,11.836112604942173,12.145849992521107,0.1,0.11836112604942173,0.12145849992521107,100,20,1,1.0,exact FE budget; early stopping and stagnation disabled
cstr,SGO,A_tuned_NP,10000019,19,eval,30,1000,72,100000.0,1000.0,1000.0,1000.0,True,0.294247343982252,0.2941525546770811,9.478930517087258e-05,0.0014237740588605185,11.534106491017155,11.547290501766838,11.894209111051168,12.009390018647537,0.1,0.11894209111051168,0.12009390018647537,100,20,1,1.0,exact FE budget; early stopping and stagnation disabled
cstr,GWO,A_tuned_NP,10001000,0,eval,20,1000,55,100000.0,1000.0,1000.0,1000.0,True,0.29415319040442733,0.2941525546770811,6.357273462098689e-07,0.00018272897865255882,12.531821350858081,12.532063003163785,12.70983789145248,12.79059800435789,0.1,0.1270983789145248,0.1279059800435789,100,20,1,1.0,exact FE budget; early stopping and stagnation disabled
cstr,GWO,A_tuned_NP,10001001,1,eval,20,1000,55,100000.0,1000.0,1000.0,1000.0,True,0.2941587577210217,0.2941525546770811,6.203043940555819e-06,0.00012699026650798154,12.56046352093108,12.529242492746562,12.842534350056667,13.124315009918064,0.1,0.12842534350056667,0.13124315009918064,100,20,1,1.0,exact FE budget; early stopping and stagnation disabled
cstr,GWO,A_tuned_NP,10001002,2,eval,20,1000,55,100000.0,1000.0,1000.0,1000.0,True,0.2941521822637979,0.2941525546770811,-3.724132832116922e-07,0.00018821810287839025,12.611677049135324,12.608357996214181,12.79139300895622,13.09959398349747,0.1,0.1279139300895622,0.1309959398349747,100,20,1,1.0,exact FE budget; early stopping and stagnation disabled
cstr,GWO,A_tuned_NP,10001003,3,eval,20,1000,55,100000.0,1000.0,1000.0,1000.0,True,0.2941571195562341,0.2941525546770811,4.564879152957335e-06,0.0001308399130014871,12.610830750491004,12.607760494574904,12.835051488946192,13.00871602143161,0.1,0.12835051488946192,0.1300871602143161,100,20,1,1.0,exact FE budget; early stopping and stagnation disabled
cstr,GWO,A_tuned_NP,10001004,4,eval,20,1000,55,100000.0,1000.0,1000.0,1000.0,True,0.2941541928773167,0.2941525546770811,1.6382002355763703e-06,0.000159648450433772,12.591398040240165,12.603644499904476,12.74385813594563,12.91719000437297,0.1,0.1274385813594563,0.1291719000437297,100,20,1,1.0,exact FE budget; early stopping and stagnation disabled
cstr,GWO,A_tuned_NP,10001005,5,eval,20,1000,55,100000.0,1000.0,1000.0,1000.0,True,0.2941528695481206,0.2941525546770811,3.148710394640375e-07,6.00807644140439e-05,12.534246730501764,12.547304984764196,12.68126229988411,12.878616020316258,0.1,0.1268126229988411,0.12878616020316258,100,20,1,1.0,exact FE budget; early stopping and stagnation disabled
cstr,GWO,A_tuned_NP,10001006,6,eval,20,1000,55,100000.0,1000.0,1000.0,1000.0,True,0.29415438768559443,0.2941525546770811,1.83300851330781e-06,9.957122924793761e-05,12.642670791829005,12.638651503948495,12.88440414937213,12.981752021005377,0.1,0.1288440414937213,0.12981752021005377,100,20,1,1.0,exact FE budget; early stopping and stagnation disabled
cstr,GWO,A_tuned_NP,10001007,7,eval,20,1000,55,100000.0,1000.0,1000.0,1000.0,True,0.2941612409340697,0.2941525546770811,8.686256988577057e-06,0.00017300802329642397,12.566020739614032,12.568581500090659,12.73411071015289,12.839969014748931,0.1,0.1273411071015289,0.1283996901474893,100,20,1,1.0,exact FE budget; early stopping and stagnation disabled
cstr,GWO,A_tuned_NP,10001008,8,eval,20,1000,55,100000.0,1000.0,1000.0,1000.0,True,0.29416167909024243,0.2941525546770811,9.124413161309963e-06,0.00020453153484394402,12.472269777208567,12.467991997255012,12.644853412348311,12.846953992266208,0.1,0.12644853412348311,0.12846953992266208,100,20,1,1.0,exact FE budget; early stopping and stagnation disabled
cstr,GWO,A_tuned_NP,10001009,9,eval,20,1000,55,100000.0,1000.0,1000.0,1000.0,True,0.2941456714339885,0.2941525546770811,-6.883243092614677e-06,0.00017328917888183214,12.399954950087704,12.395736994221807,12.55798590136692,12.874108011601493,0.1,0.1255798590136692,0.12874108011601493,100,20,1,1.0,exact FE budget; early stopping and stagnation disabled
cstr,GWO,A_tuned_NP,10001010,10,eval,20,1000,55,100000.0,1000.0,1000.0,1000.0,True,0.2941492727150008,0.2941525546770811,-3.2819620803259397e-06,0.00018423595360547766,12.518409860495012,12.516604518168606,12.642235380189959,12.996170000405982,0.1,0.1264223538018996,0.12996170000405982,100,20,1,1.0,exact FE budget; early stopping and stagnation disabled
cstr,GWO,A_tuned_NP,10001011,11,eval,20,1000,55,100000.0,1000.0,1000.0,1000.0,True,0.29416867465103286,0.2941525546770811,1.61199739517337e-05,0.00022928906604307304,12.711885649769101,12.701525003649294,12.877950102847535,13.007583998842165,0.1,0.12877950102847535,0.13007583998842165,100,20,1,1.0,exact FE budget; early stopping and stagnation disabled
cstr,GWO,A_tuned_NP,10001012,12,eval,20,1000,55,100000.0,1000.0,1000.0,1000.0,True,0.2941531880293709,0.2941525546770811,6.333522897805643e-07,8.891312079841572e-05,12.63639586919453,12.622889000340365,12.902376920101233,13.157526002032682,0.1,0.12902376920101233,0.13157526002032682,100,20,1,1.0,exact FE budget; early stopping and stagnation disabled
cstr,GWO,A_tuned_NP,10001013,13,eval,20,1000,55,100000.0,1000.0,1000.0,1000.0,True,0.2941503754613556,0.2941525546770811,-2.179215725539585e-06,4.162596357933144e-05,12.572870860458352,12.58704048814252,12.737778862356208,12.957522994838655,0.1,0.12737778862356208,0.12957522994838655,100,20,1,1.0,exact FE budget; early stopping and stagnation disabled
cstr,GWO,A_tuned_NP,10001014,14,eval,20,1000,55,100000.0,1000.0,1000.0,1000.0,True,0.29415449501451585,0.2941525546770811,1.9403374347248814e-06,0.00010618589323509369,12.60078618011903,12.590559010277502,12.868097558384761,12.9315719823353,0.1,0.1286809755838476,0.129315719823353,100,20,1,1.0,exact FE budget; early stopping and stagnation disabled
cstr,GWO,A_tuned_NP,10001015,15,eval,20,1000,55,100000.0,1000.0,1000.0,1000.0,True,0.2941478318255505,0.2941525546770811,-4.7228515306363406e-06,7.948342155500345e-05,12.6014164701337,12.56624999223277,12.870898166147526,12.984982982743531,0.1,0.12870898166147526,0.12984982982743531,100,20,1,1.0,exact FE budget; early stopping and stagnation disabled
cstr,GWO,A_tuned_NP,10001016,16,eval,20,1000,55,100000.0,1000.0,1000.0,1000.0,True,0.2941476976036151,0.2941525546770811,-4.857073466035811e-06,0.00015176377130572623,12.604437740228605,12.61176000116393,12.79884841205785,12.904463015729561,0.1,0.1279884841205785,0.12904463015729561,100,20,1,1.0,exact FE budget; early stopping and stagnation disabled
cstr,GWO,A_tuned_NP,10001017,17,eval,20,1000,55,100000.0,1000.0,1000.0,1000.0,True,0.29415043228097193,0.2941525546770811,-2.122396109194291e-06,0.000140603467678948,12.907343800470699,12.898981003672816,13.100765449053142,13.24671201291494,0.1,0.13100765449053142,0.1324671201291494,100,20,1,1.0,exact FE budget; early stopping and stagnation disabled
cstr,GWO,A_tuned_NP,10001018,18,eval,20,1000,55,100000.0,1000.0,1000.0,1000.0,True,0.29415247942295675,0.2941525546770811,-7.525412437647816e-08,4.914111279032754e-05,12.778709439153317,12.74091649975162,13.138929108390585,13.235310005256906,0.1,0.13138929108390585,0.13235310005256906,100,20,1,1.0,exact FE budget; early stopping and stagnation disabled
cstr,GWO,A_tuned_NP,10001019,19,eval,20,1000,55,100000.0,1000.0,1000.0,1000.0,True,0.2941446626502985,0.2941525546770811,-7.892026782641004e-06,0.00012635790370626548,12.54426476021763,12.524665507953614,12.762179369747173,12.898201995994896,0.1,0.12762179369747173,0.12898201995994896,100,20,1,1.0,exact FE budget; early stopping and stagnation disabled
cstr,PSO,A_tuned_NP,10002000,0,eval,8,1000,130,100000.0,1000.0,1000.0,1000.0,True,0.29415623375115335,0.2941525546770811,3.6790740722270066e-06,0.0163152881781712,4.204571779409889,4.200497001875192,4.276412546460051,4.706884996267036,0.1,0.04276412546460051,0.047068849962670356,100,20,1,1.0,exact FE budget; early stopping and stagnation disabled
cstr,PSO,A_tuned_NP,10002001,1,eval,8,1000,130,100000.0,1000.0,1000.0,1000.0,True,0.29415246871975853,0.2941525546770811,-8.595732259308875e-08,0.001054415948781703,4.173013209947385,4.1756309947231784,4.302779039426241,4.370050999568775,0.1,0.04302779039426241,0.04370050999568775,100,20,1,1.0,exact FE budget; early stopping and stagnation disabled
cstr,PSO,A_tuned_NP,10002002,2,eval,8,1000,130,100000.0,1000.0,1000.0,1000.0,True,0.2941525557791507,0.2941525546770811,1.1020696022434606e-09,1.092747932536883e-05,4.248501800757367,4.229409998515621,4.367217775143217,4.4050029828213155,0.1,0.04367217775143217,0.044050029828213155,100,20,1,1.0,exact FE budget; early stopping and stagnation disabled
cstr,PSO,A_tuned_NP,10002003,3,eval,8,1000,130,100000.0,1000.0,1000.0,1000.0,True,0.29415246990612687,0.2941525546770811,-8.477095425618586e-08,0.0010083828947697155,4.2452840600162745,4.234452499076724,4.313783622637857,4.434573987964541,0.1,0.04313783622637857,0.04434573987964541,100,20,1,1.0,exact FE budget; early stopping and stagnation disabled
cstr,PSO,A_tuned_NP,10002004,4,eval,8,1000,130,100000.0,1000.0,1000.0,1000.0,True,0.29415255491210585,0.2941525546770811,2.350247219062851e-10,2.1438170982862407e-05,4.269232718797866,4.267585507477634,4.354626733402256,4.514300002483651,0.1,0.04354626733402256,0.04514300002483651,100,20,1,1.0,exact FE budget; early stopping and stagnation disabled
cstr,PSO,A_tuned_NP,10002005,5,eval,8,1000,130,100000.0,1000.0,1000.0,1000.0,True,0.2941524697582724,0.2941525546770811,-8.491880870709068e-08,0.001015534257962196,4.2105898493900895,4.202917494694702,4.283016575209331,4.430770000908524,0.1,0.04283016575209331,0.04430770000908524,100,20,1,1.0,exact FE budget; early stopping and stagnation disabled
cstr,PSO,A_tuned_NP,10002006,6,eval,8,1000,130,100000.0,1000.0,1000.0,1000.0,True,0.2941524683087074,0.2941525546770811,-8.636837373066086e-08,0.0010232456382805576,4.203785601421259,4.200932497042231,4.2940186118357815,4.466629005037248,0.1,0.042940186118357815,0.04466629005037248,100,20,1,1.0,exact FE budget; early stopping and stagnation disabled
cstr,PSO,A_tuned_NP,10002007,7,eval,8,1000,130,100000.0,1000.0,1000.0,1000.0,True,0.29415246936056105,0.2941525546770811,-8.531652007093271e-08,0.0010018605539389002,4.169035209051799,4.170502492343076,4.238676269596908,4.6310620091389865,0.1,0.04238676269596908,0.046310620091389865,100,20,1,1.0,exact FE budget; early stopping and stagnation disabled
cstr,PSO,A_tuned_NP,10002008,8,eval,8,1000,130,100000.0,1000.0,1000.0,1000.0,True,0.29415246825023894,0.2941525546770811,-8.642684218296282e-08,0.0010129358788629895,4.200193998985924,4.201353993266821,4.269878902414348,4.5917600218672305,0.1,0.04269878902414348,0.045917600218672305,100,20,1,1.0,exact FE budget; early stopping and stagnation disabled
cstr,PSO,A_tuned_NP,10002009,9,eval,8,1000,130,100000.0,1000.0,1000.0,1000.0,True,0.2941525528214801,0.2941525546770811,-1.8556010061843153e-09,3.655886523316314e-05,4.1862539207795635,4.1925404948415235,4.243766047875397,4.506077995756641,0.1,0.04243766047875397,0.04506077995756641,100,20,1,1.0,exact FE budget; early stopping and stagnation disabled
cstr,PSO,A_tuned_NP,10002010,10,eval,8,1000,130,100000.0,1000.0,1000.0,1000.0,True,0.294152468836783,0.2941525546770811,-8.584029814739935e-08,0.0010149551427771546,4.231340139231179,4.227626995998435,4.287903709337115,4.332378011895344,0.1,0.04287903709337115,0.04332378011895344,100,20,1,1.0,exact FE budget; early stopping and stagnation disabled
cstr,PSO,A_tuned_NP,10002011,11,eval,8,1000,130,100000.0,1000.0,1000.0,1000.0,True,0.2941524688343773,0.2941525546770811,-8.584270383416026e-08,0.0010023164956105078,4.21554516942706,4.216675006318837,4.265423784090672,4.3118099856656045,0.1,0.04265423784090672,0.043118099856656045,100,20,1,1.0,exact FE budget; early stopping and stagnation disabled
cstr,PSO,A_tuned_NP,10002012,12,eval,8,1000,130,100000.0,1000.0,1000.0,1000.0,True,0.29415255749681224,0.2941525546770811,2.819731115266677e-09,1.6716774265399327e-05,4.198303288721945,4.205919482046738,4.2718083001091145,4.326476977439597,0.1,0.042718083001091145,0.04326476977439597,100,20,1,1.0,exact FE budget; early stopping and stagnation disabled
cstr,PSO,A_tuned_NP,10002013,13,eval,8,1000,130,100000.0,1000.0,1000.0,1000.0,True,0.29415623007214764,0.2941525546770811,3.6753950665158186e-06,0.01630431329573957,4.2013500310713425,4.206462996080518,4.248578826081939,4.252181010087952,0.1,0.04248578826081939,0.04252181010087952,100,20,1,1.0,exact FE budget; early stopping and stagnation disabled
cstr,PSO,A_tuned_NP,10002014,14,eval,8,1000,130,100000.0,1000.0,1000.0,1000.0,True,0.2941701894557155,0.2941525546770811,1.7634778634367798e-05,0.031835793224310176,4.209335698978975,4.214353000861593,4.254126301384531,4.3124470103066415,0.1,0.04254126301384531,0.043124470103066415,100,20,1,1.0,exact FE budget; early stopping and stagnation disabled
cstr,PSO,A_tuned_NP,10002015,15,eval,8,1000,130,100000.0,1000.0,1000.0,1000.0,True,0.30449204394466206,0.2941525546770811,0.010339489267580937,0.022263571742378786,4.215136251004878,4.2099194979527965,4.292421179707162,4.342027998063713,0.1,0.04292421179707162,0.04342027998063713,100,20,1,1.0,exact FE budget; early stopping and stagnation disabled
cstr,PSO,A_tuned_NP,10002016,16,eval,8,1000,130,100000.0,1000.0,1000.0,1000.0,True,0.2941524676802593,0.2941525546770811,-8.699682180202117e-08,0.0010117645713216535,4.200748780858703,4.207973513985053,4.262619621295016,4.3462660105433315,0.1,0.04262619621295016,0.043462660105433315,100,20,1,1.0,exact FE budget; early stopping and stagnation disabled
cstr,PSO,A_tuned_NP,10002017,17,eval,8,1000,130,100000.0,1000.0,1000.0,1000.0,True,0.29415246830476377,0.2941525546770811,-8.637231735386663e-08,0.0010025005714081904,4.1711572400527075,4.177017501206137,4.2331671036663465,4.2412650072947145,0.1,0.042331671036663465,0.042412650072947145,100,20,1,1.0,exact FE budget; early stopping and stagnation disabled
cstr,PSO,A_tuned_NP,10002018,18,eval,8,1000,130,100000.0,1000.0,1000.0,1000.0,True,0.29415255766422854,0.2941525546770811,2.9871474183096325e-09,4.629781975098363e-05,4.166955130931456,4.176337490207516,4.227257544698659,4.260072018951178,0.1,0.04227257544698659,0.042600720189511776,100,20,1,1.0,exact FE budget; early stopping and stagnation disabled
cstr,PSO,A_tuned_NP,10002019,19,eval,8,1000,130,100000.0,1000.0,1000.0,1000.0,True,0.2941524689468931,0.2941525546770811,-8.573018800417387e-08,0.0010160723888415094,4.2554801277583465,4.250415993737988,4.3444444323540665,4.398449993459508,0.1,0.043444444323540665,0.04398449993459508,100,20,1,1.0,exact FE budget; early stopping and stagnation disabled
cstr,WOA,A_tuned_NP,10003000,0,eval,10,1000,105,100000.0,1000.0,1000.0,1000.0,True,0.2950050944856417,0.2941525546770811,0.0008525398085605929,0.007126086610677894,7.507415530271828,7.510157985961996,7.640667335363105,7.973283005412668,0.1,0.07640667335363105,0.07973283005412668,100,20,1,1.0,exact FE budget; early stopping and stagnation disabled
cstr,WOA,A_tuned_NP,10003001,1,eval,10,1000,105,100000.0,1000.0,1000.0,1000.0,True,0.29415621766024436,0.2941525546770811,3.66298316323288e-06,0.008713014261477593,7.481075398973189,7.472928497008979,7.608221207919996,7.711871003266424,0.1,0.07608221207919996,0.07711871003266424,100,20,1,1.0,exact FE budget; early stopping and stagnation disabled
cstr,WOA,A_tuned_NP,10003002,2,eval,10,1000,105,100000.0,1000.0,1000.0,1000.0,True,0.29460582098687477,0.2941525546770811,0.0004532663097936429,0.006296385515162397,7.4459380394546315,7.440176006639376,7.573341413808521,7.608775980770588,0.1,0.07573341413808521,0.07608775980770588,100,20,1,1.0,exact FE budget; early stopping and stagnation disabled
cstr,WOA,A_tuned_NP,10003003,3,eval,10,1000,105,100000.0,1000.0,1000.0,1000.0,True,0.2948303351938051,0.2941525546770811,0.0006777805167239581,0.008284321001695861,7.474314149003476,7.463442991138436,7.6064916589530185,7.785144000081345,0.1,0.07606491658953018,0.07785144000081345,100,20,1,1.0,exact FE budget; early stopping and stagnation disabled
cstr,WOA,A_tuned_NP,10003004,4,eval,10,1000,105,100000.0,1000.0,1000.0,1000.0,True,0.29415428935026944,0.2941525546770811,1.7346731883138844e-06,0.005263849668314062,7.473129721474834,7.452262012520805,7.655174123647157,7.910740998340771,0.1,0.07655174123647157,0.0791074099834077,100,20,1,1.0,exact FE budget; early stopping and stagnation disabled
cstr,WOA,A_tuned_NP,10003005,5,eval,10,1000,105,100000.0,1000.0,1000.0,1000.0,True,0.2941581626189286,0.2941525546770811,5.607941847451947e-06,0.012348313973326419,7.549437010893598,7.558184006484225,7.702003001759294,7.869877998018637,0.1,0.07702003001759294,0.07869877998018637,100,20,1,1.0,exact FE budget; early stopping and stagnation disabled
cstr,WOA,A_tuned_NP,10003006,6,eval,10,1000,105,100000.0,1000.0,1000.0,1000.0,True,0.29490366040286564,0.2941525546770811,0.0007511057257845177,0.010227575506851352,7.541102372924797,7.495407990063541,7.781736871402245,8.627813018392771,0.1,0.07781736871402245,0.08627813018392771,100,20,1,1.0,exact FE budget; early stopping and stagnation disabled
cstr,WOA,A_tuned_NP,10003007,7,eval,10,1000,105,100000.0,1000.0,1000.0,1000.0,True,0.2960002162207537,0.2941525546770811,0.0018476615436725519,0.01545824154716292,7.626303049328271,7.599972494062968,7.784829483716749,7.981026981724426,0.1,0.07784829483716749,0.07981026981724426,100,20,1,1.0,exact FE budget; early stopping and stagnation disabled
cstr,WOA,A_tuned_NP,10003008,8,eval,10,1000,105,100000.0,1000.0,1000.0,1000.0,True,0.29559507318166295,0.2941525546770811,0.0014425185045818245,0.018924564943191658,7.598517220467329,7.603671503602527,7.749052716826554,7.797809987096116,0.1,0.07749052716826554,0.07797809987096116,100,20,1,1.0,exact FE budget; early stopping and stagnation disabled
cstr,WOA,A_tuned_NP,10003009,9,eval,10,1000,105,100000.0,1000.0,1000.0,1000.0,True,0.2955867952024077,0.2941525546770811,0.001434240525326591,0.013165405723734236,7.497394080855884,7.495708006899804,7.606977551768068,7.6258250046521425,0.1,0.07606977551768068,0.07625825004652143,100,20,1,1.0,exact FE budget; early stopping and stagnation disabled
cstr,WOA,A_tuned_NP,10003010,10,eval,10,1000,105,100000.0,1000.0,1000.0,1000.0,True,0.2959818362335635,0.2941525546770811,0.0018292815564823761,0.02021860721332668,7.507965700060595,7.498011516872793,7.648499563219957,7.757185987429693,0.1,0.07648499563219957,0.07757185987429693,100,20,1,1.0,exact FE budget; early stopping and stagnation disabled
cstr,WOA,A_tuned_NP,10003011,11,eval,10,1000,105,100000.0,1000.0,1000.0,1000.0,True,0.2941536352293157,0.2941525546770811,1.080552234578036e-06,0.007917399996678209,7.515212961297948,7.52270600060001,7.629213166364934,7.681747025344521,0.1,0.07629213166364934,0.07681747025344521,100,20,1,1.0,exact FE budget; early stopping and stagnation disabled
cstr,WOA,A_tuned_NP,10003012,12,eval,10,1000,105,100000.0,1000.0,1000.0,1000.0,True,0.2941561521658272,0.2941525546770811,3.597488746065469e-06,0.009194343742735867,7.456350389111321,7.439530003466643,7.648590693133883,7.790650997776538,0.1,0.07648590693133883,0.07790650997776538,100,20,1,1.0,exact FE budget; early stopping and stagnation disabled
cstr,WOA,A_tuned_NP,10003013,13,eval,10,1000,105,100000.0,1000.0,1000.0,1000.0,True,0.2941527856498094,0.2941525546770811,2.3097272827676818e-07,0.002820876485016172,7.523042792163324,7.5159889966016635,7.678849357762374,7.818676996976137,0.1,0.07678849357762374,0.07818676996976137,100,20,1,1.0,exact FE budget; early stopping and stagnation disabled
cstr,WOA,A_tuned_NP,10003014,14,eval,10,1000,105,100000.0,1000.0,1000.0,1000.0,True,0.2947548086495863,0.2941525546770811,0.0006022539725051845,0.006881068506140469,7.544317620340735,7.551655013230629,7.672649365849793,7.858638011384755,0.1,0.07672649365849793,0.07858638011384755,100,20,1,1.0,exact FE budget; early stopping and stagnation disabled
cstr,WOA,A_tuned_NP,10003015,15,eval,10,1000,105,100000.0,1000.0,1000.0,1000.0,True,0.2941526223546461,0.2941525546770811,6.767756499659328e-08,0.002235194739514351,7.573778840305749,7.5804200023412704,7.7141155692515895,7.804190012393519,0.1,0.0771411556925159,0.07804190012393519,100,20,1,1.0,exact FE budget; early stopping and stagnation disabled
cstr,WOA,A_tuned_NP,10003016,16,eval,10,1000,105,100000.0,1000.0,1000.0,1000.0,True,0.29415400896814314,0.2941525546770811,1.4542910620196636e-06,0.007466905264449771,7.5042872814810835,7.495333513361402,7.66171395953279,7.79309100471437,0.1,0.0766171395953279,0.0779309100471437,100,20,1,1.0,exact FE budget; early stopping and stagnation disabled
cstr,WOA,A_tuned_NP,10003017,17,eval,10,1000,105,100000.0,1000.0,1000.0,1000.0,True,0.29415557999954617,0.2941525546770811,3.0253224650445e-06,0.010756115312103576,7.542216140136588,7.533358511864208,7.726056239334866,7.7965469972696155,0.1,0.07726056239334866,0.07796546997269616,100,20,1,1.0,exact FE budget; early stopping and stagnation disabled
cstr,WOA,A_tuned_NP,10003018,18,eval,10,1000,105,100000.0,1000.0,1000.0,1000.0,True,0.2941523016586488,0.2941525546770811,-2.5301843231684273e-07,0.002945074920014144,7.594287999672815,7.592805501190014,7.724613408208825,7.785727008013055,0.1,0.07724613408208825,0.07785727008013055,100,20,1,1.0,exact FE budget; early stopping and stagnation disabled
cstr,WOA,A_tuned_NP,10003019,19,eval,10,1000,105,100000.0,1000.0,1000.0,1000.0,True,0.29561078451999606,0.2941525546770811,0.0014582298429149376,0.018966792941659552,7.569550059561152,7.571388996439055,7.7264139472390525,7.824333995813504,0.1,0.07726413947239053,0.07824333995813504,100,20,1,1.0,exact FE budget; early stopping and stagnation disabled
cstr,SGO,B_common_NP,10010000,0,eval,20,1000,105,100000.0,1000.0,1000.0,1000.0,True,0.294913763903895,0.2941525546770811,0.0007612092268138859,0.0026433025900189987,11.67515320063103,11.676242502289824,11.942444421583787,12.025186006212607,0.1,0.11942444421583787,0.12025186006212607,100,20,1,1.0,exact FE budget; early stopping and stagnation disabled
cstr,SGO,B_common_NP,10010001,1,eval,20,1000,105,100000.0,1000.0,1000.0,1000.0,True,0.2943664086985064,0.2941525546770811,0.00021385402142526377,0.0006491726532170098,11.428147530532442,11.38597099634353,11.860767756297719,12.035398016450927,0.1,0.11860767756297719,0.12035398016450927,100,20,1,1.0,exact FE budget; early stopping and stagnation disabled
cstr,SGO,B_common_NP,10010002,2,eval,20,1000,105,100000.0,1000.0,1000.0,1000.0,True,0.2938866832705508,0.2941525546770811,-0.00026587140653033803,0.000449783369370701,11.581993261934258,11.606537998886779,11.81506734865252,11.970032006502151,0.1,0.11815067348652519,0.11970032006502151,100,20,1,1.0,exact FE budget; early stopping and stagnation disabled
cstr,SGO,B_common_NP,10010003,3,eval,20,1000,105,100000.0,1000.0,1000.0,1000.0,True,0.29460117051165213,0.2941525546770811,0.00044861583457100895,0.0013174372113524862,11.650058298546355,11.652500004856847,11.890038959973026,12.204797996673733,0.1,0.11890038959973026,0.12204797996673733,100,20,1,1.0,exact FE budget; early stopping and stagnation disabled
cstr,SGO,B_common_NP,10010004,4,eval,20,1000,105,100000.0,1000.0,1000.0,1000.0,True,0.29435197780665184,0.2941525546770811,0.0001994231295707194,0.0009545428628629049,11.560747951443773,11.524027999257669,11.891452349664178,14.875035994919017,0.1,0.11891452349664178,0.14875035994919017,100,20,1,1.0,exact FE budget; early stopping and stagnation disabled
cstr,SGO,B_common_NP,10010005,5,eval,20,1000,105,100000.0,1000.0,1000.0,1000.0,True,0.2943269156354344,0.2941525546770811,0.00017436095835327015,0.0011509969589299249,11.55667054146761,11.558528509340249,11.832708945439663,11.985577992163599,0.1,0.11832708945439663,0.11985577992163599,100,20,1,1.0,exact FE budget; early stopping and stagnation disabled
cstr,SGO,B_common_NP,10010006,6,eval,20,1000,105,100000.0,1000.0,1000.0,1000.0,True,0.2941230271557437,0.2941525546770811,-2.952752133744685e-05,0.00042644630696802064,11.562936297850683,11.553228498087265,11.895732140692417,12.153515010140836,0.1,0.11895732140692417,0.12153515010140836,100,20,1,1.0,exact FE budget; early stopping and stagnation disabled
cstr,SGO,B_common_NP,10010007,7,eval,20,1000,105,100000.0,1000.0,1000.0,1000.0,True,0.2941138057828277,0.2941525546770811,-3.8748894253426425e-05,0.0007467789268858686,11.632161019078922,11.62000400654506,11.960613112023566,12.037095002597198,0.1,0.11960613112023566,0.12037095002597198,100,20,1,1.0,exact FE budget; early stopping and stagnation disabled
cstr,SGO,B_common_NP,10010008,8,eval,20,1000,105,100000.0,1000.0,1000.0,1000.0,True,0.2941741958707516,0.2941525546770811,2.1641193670485226e-05,0.00031900993012544995,11.545838519232348,11.522765998961404,11.86431979876943,12.082942004781216,0.1,0.1186431979876943,0.12082942004781216,100,20,1,1.0,exact FE budget; early stopping and stagnation disabled
cstr,SGO,B_common_NP,10010009,9,eval,20,1000,105,100000.0,1000.0,1000.0,1000.0,True,0.2956578847975046,0.2941525546770811,0.001505330120423476,0.007230893396492689,11.49306021106895,11.460654495749623,11.762741753773298,11.973861983278766,0.1,0.11762741753773298,0.11973861983278766,100,20,1,1.0,exact FE budget; early stopping and stagnation disabled
cstr,SGO,B_common_NP,10010010,10,eval,20,1000,105,100000.0,1000.0,1000.0,1000.0,True,0.2941040035316571,0.2941525546770811,-4.855114542401395e-05,0.0008768807147999082,11.610209399368614,11.601442995015532,12.02015191083774,12.315384985413402,0.1,0.1202015191083774,0.12315384985413402,100,20,1,1.0,exact FE budget; early stopping and stagnation disabled
cstr,SGO,B_common_NP,10010011,11,eval,20,1000,105,100000.0,1000.0,1000.0,1000.0,True,0.2943530680124676,0.2941525546770811,0.0002005133353864541,0.0010186352137983206,11.593011499207933,11.552391006262042,11.883800019859336,13.977178983623162,0.1,0.11883800019859336,0.13977178983623162,100,20,1,1.0,exact FE budget; early stopping and stagnation disabled
cstr,SGO,B_common_NP,10010012,12,eval,20,1000,105,100000.0,1000.0,1000.0,1000.0,True,0.294323904463801,0.2941525546770811,0.00017134978671989876,0.0010885396657774626,11.52067451912444,11.530290998052806,11.70606779778609,11.77026200457476,0.1,0.1170606779778609,0.11770262004574761,100,20,1,1.0,exact FE budget; early stopping and stagnation disabled
cstr,SGO,B_common_NP,10010013,13,eval,20,1000,105,100000.0,1000.0,1000.0,1000.0,True,0.2942440412109169,0.2941525546770811,9.148653383578287e-05,0.0006167725268271645,11.58920670102816,11.553870484931394,11.924533724959474,12.71690198336728,0.1,0.11924533724959474,0.1271690198336728,100,20,1,1.0,exact FE budget; early stopping and stagnation disabled
cstr,SGO,B_common_NP,10010014,14,eval,20,1000,105,100000.0,1000.0,1000.0,1000.0,True,0.2941607869609392,0.2941525546770811,8.232283858100597e-06,0.000558178131434657,11.555999529664405,11.556750512681901,11.773952616204042,11.877516022650525,0.1,0.11773952616204042,0.11877516022650525,100,20,1,1.0,exact FE budget; early stopping and stagnation disabled
cstr,SGO,B_common_NP,10010015,15,eval,20,1000,105,100000.0,1000.0,1000.0,1000.0,True,0.294905841785508,0.2941525546770811,0.00075328710842687,0.0017302837459427722,11.530361230543349,11.523397988639772,11.873736351844855,12.343784008407965,0.1,0.11873736351844855,0.12343784008407965,100,20,1,1.0,exact FE budget; early stopping and stagnation disabled
cstr,SGO,B_common_NP,10010016,16,eval,20,1000,105,100000.0,1000.0,1000.0,1000.0,True,0.2942614644260557,0.2941525546770811,0.00010890974897459493,0.001023068473216447,11.754156361566857,11.750772508094087,12.025166666717269,12.483979982789606,0.1,0.12025166666717269,0.12483979982789606,100,20,1,1.0,exact FE budget; early stopping and stagnation disabled
cstr,SGO,B_common_NP,10010017,17,eval,20,1000,105,100000.0,1000.0,1000.0,1000.0,True,0.2948799858320278,0.2941525546770811,0.0007274311549466672,0.0026180874948101797,11.922476930776611,11.919776006834581,12.188665244320873,12.274720007553697,0.1,0.12188665244320873,0.12274720007553697,100,20,1,1.0,exact FE budget; early stopping and stagnation disabled
cstr,SGO,B_common_NP,10010018,18,eval,20,1000,105,100000.0,1000.0,1000.0,1000.0,True,0.2943571932361826,0.2941525546770811,0.00020463855910146656,0.0004972333522864074,11.904420158534776,11.90312099060975,12.144115600676741,12.347551004495472,0.1,0.12144115600676741,0.12347551004495472,100,20,1,1.0,exact FE budget; early stopping and stagnation disabled
cstr,SGO,B_common_NP,10010019,19,eval,20,1000,105,100000.0,1000.0,1000.0,1000.0,True,0.2944375195307921,0.2941525546770811,0.00028496485371098945,0.0007453037684007069,11.631938538048416,11.618982505751774,11.942564821220003,12.115963996620849,0.1,0.11942564821220003,0.12115963996620849,100,20,1,1.0,exact FE budget; early stopping and stagnation disabled
cstr,GWO,B_common_NP,10011000,0,eval,20,1000,55,100000.0,1000.0,1000.0,1000.0,True,0.2941503958315601,0.2941525546770811,-2.158845521016417e-06,0.00012314706580513173,12.6497358904453,12.640779503271915,12.857584572338965,13.019164995057508,0.1,0.12857584572338965,0.13019164995057508,100,20,1,1.0,exact FE budget; early stopping and stagnation disabled
cstr,GWO,B_common_NP,10011001,1,eval,20,1000,55,100000.0,1000.0,1000.0,1000.0,True,0.29415994413675556,0.2941525546770811,7.38945967443394e-06,0.00010087516041333673,12.584443319356069,12.579176502185874,12.732721357315313,12.969510979019105,0.1,0.12732721357315313,0.12969510979019105,100,20,1,1.0,exact FE budget; early stopping and stagnation disabled
cstr,GWO,B_common_NP,10011002,2,eval,20,1000,55,100000.0,1000.0,1000.0,1000.0,True,0.29414964312366754,0.2941525546770811,-2.9115534135870647e-06,0.0002471636239320045,12.573179659375455,12.551637482829392,12.789858398900833,13.068144995486364,0.1,0.12789858398900833,0.13068144995486364,100,20,1,1.0,exact FE budget; early stopping and stagnation disabled
cstr,GWO,B_common_NP,10011003,3,eval,20,1000,55,100000.0,1000.0,1000.0,1000.0,True,0.2941538326382029,0.2941525546770811,1.2779611217594855e-06,7.506695075039474e-05,12.589264448033646,12.584788506501354,12.833094286906999,12.9288180032745,0.1,0.12833094286906999,0.129288180032745,100,20,1,1.0,exact FE budget; early stopping and stagnation disabled
cstr,GWO,B_common_NP,10011004,4,eval,20,1000,55,100000.0,1000.0,1000.0,1000.0,True,0.2941484728733791,0.2941525546770811,-4.081803702038478e-06,0.00012852563509132336,12.617009319365025,12.592494997079484,12.784404965350404,13.506655028322712,0.1,0.12784404965350404,0.13506655028322712,100,20,1,1.0,exact FE budget; early stopping and stagnation disabled
cstr,GWO,B_common_NP,10011005,5,eval,20,1000,55,100000.0,1000.0,1000.0,1000.0,True,0.2941477553647672,0.2941525546770811,-4.799312313896742e-06,2.494323616318235e-05,12.575024169054814,12.56274049228523,12.801713080261834,13.321801001438871,0.1,0.12801713080261834,0.1332180100143887,100,20,1,1.0,exact FE budget; early stopping and stagnation disabled
cstr,GWO,B_common_NP,10011006,6,eval,20,1000,55,100000.0,1000.0,1000.0,1000.0,True,0.29414525909760325,0.2941525546770811,-7.295579477872849e-06,0.00010244210742021336,12.637773589522112,12.63390900567174,12.850355346745346,13.084875012282282,0.1,0.12850355346745346,0.13084875012282282,100,20,1,1.0,exact FE budget; early stopping and stagnation disabled
cstr,GWO,B_common_NP,10011007,7,eval,20,1000,55,100000.0,1000.0,1000.0,1000.0,True,0.2941487746654771,0.2941525546770811,-3.7800116040043186e-06,0.00015213448402321187,12.596068467537407,12.57421399350278,12.856620362435933,12.897804990643635,0.1,0.12856620362435933,0.12897804990643635,100,20,1,1.0,exact FE budget; early stopping and stagnation disabled
cstr,GWO,B_common_NP,10011008,8,eval,20,1000,55,100000.0,1000.0,1000.0,1000.0,True,0.2941475222579579,0.2941525546770811,-5.032419123196519e-06,6.433903659634554e-05,12.49217769043753,12.484991006203927,12.606878492806572,12.68962598987855,0.1,0.12606878492806572,0.1268962598987855,100,20,1,1.0,exact FE budget; early stopping and stagnation disabled
cstr,GWO,B_common_NP,10011009,9,eval,20,1000,55,100000.0,1000.0,1000.0,1000.0,True,0.2941536583785322,0.2941525546770811,1.1037014510661969e-06,0.0003038136675495643,12.480878459755331,12.455489486455917,12.700251003843732,12.83450101618655,0.1,0.12700251003843732,0.1283450101618655,100,20,1,1.0,exact FE budget; early stopping and stagnation disabled
cstr,GWO,B_common_NP,10011010,10,eval,20,1000,55,100000.0,1000.0,1000.0,1000.0,True,0.2941615034856558,0.2941525546770811,8.948808574660294e-06,3.800462887500625e-05,12.461495859897695,12.47376948595047,12.59449999051867,12.687214009929448,0.1,0.1259449999051867,0.12687214009929448,100,20,1,1.0,exact FE budget; early stopping and stagnation disabled
cstr,GWO,B_common_NP,10011011,11,eval,20,1000,55,100000.0,1000.0,1000.0,1000.0,True,0.2941550627248016,0.2941525546770811,2.508047720450879e-06,0.00011682415641157268,12.534005058696494,12.49538001138717,12.862173149187583,13.900425983592868,0.1,0.12862173149187583,0.13900425983592868,100,20,1,1.0,exact FE budget; early stopping and stagnation disabled
cstr,GWO,B_common_NP,10011012,12,eval,20,1000,55,100000.0,1000.0,1000.0,1000.0,True,0.2941486920574598,0.2941525546770811,-3.8626196213198405e-06,0.00022048596373035203,12.626405138580594,12.60222599375993,12.844747155031655,14.747414010344073,0.1,0.12844747155031655,0.14747414010344073,100,20,1,1.0,exact FE budget; early stopping and stagnation disabled
cstr,GWO,B_common_NP,10011013,13,eval,20,1000,55,100000.0,1000.0,1000.0,1000.0,True,0.2941555947562755,0.2941525546770811,3.040079194382983e-06,0.0002617042189599257,12.542418351513334,12.562414995045401,12.853722051659133,13.34739601588808,0.1,0.12853722051659133,0.1334739601588808,100,20,1,1.0,exact FE budget; early stopping and stagnation disabled
cstr,GWO,B_common_NP,10011014,14,eval,20,1000,55,100000.0,1000.0,1000.0,1000.0,True,0.2941533156220127,0.2941525546770811,7.609449315659766e-07,6.131845745968832e-05,12.593954969779588,12.577667483128607,12.906962049601134,12.937735999003053,0.1,0.12906962049601134,0.12937735999003053,100,20,1,1.0,exact FE budget; early stopping and stagnation disabled
cstr,GWO,B_common_NP,10011015,15,eval,20,1000,55,100000.0,1000.0,1000.0,1000.0,True,0.2941515684140105,0.2941525546770811,-9.862630706014563e-07,5.4608653808847424e-05,12.526372670545243,12.504255006206222,12.743686758039985,12.93905999045819,0.1,0.12743686758039985,0.1293905999045819,100,20,1,1.0,exact FE budget; early stopping and stagnation disabled
cstr,GWO,B_common_NP,10011016,16,eval,20,1000,55,100000.0,1000.0,1000.0,1000.0,True,0.2941504633796293,0.2941525546770811,-2.0912974518227934e-06,0.00012826666930577333,12.593268219789024,12.617389991646633,12.82329526002286,12.85781798651442,0.1,0.1282329526002286,0.1285781798651442,100,20,1,1.0,exact FE budget; early stopping and stagnation disabled
cstr,GWO,B_common_NP,10011017,17,eval,20,1000,55,100000.0,1000.0,1000.0,1000.0,True,0.29414956904351686,0.2941525546770811,-2.985633564267509e-06,0.0002979935418020687,12.6062958597322,12.603061506524682,12.827436963561922,13.011836010264233,0.1,0.12827436963561922,0.13011836010264233,100,20,1,1.0,exact FE budget; early stopping and stagnation disabled
cstr,GWO,B_common_NP,10011018,18,eval,20,1000,55,100000.0,1000.0,1000.0,1000.0,True,0.2941499245102419,0.2941525546770811,-2.6301668392125777e-06,2.1666035269091594e-05,12.641340227855835,12.641804496524855,12.773499138711486,13.234207988716662,0.1,0.12773499138711486,0.13234207988716662,100,20,1,1.0,exact FE budget; early stopping and stagnation disabled
cstr,GWO,B_common_NP,10011019,19,eval,20,1000,55,100000.0,1000.0,1000.0,1000.0,True,0.2941497744563646,0.2941525546770811,-2.7802207165361636e-06,0.00010388056120833778,12.553251000063028,12.555734501802363,12.719557514355984,12.864970980444923,0.1,0.12719557514355984,0.12864970980444923,100,20,1,1.0,exact FE budget; early stopping and stagnation disabled
cstr,PSO,B_common_NP,10012000,0,eval,20,1000,55,100000.0,1000.0,1000.0,1000.0,True,0.2941518846665942,0.2941525546770811,-6.700104869250545e-07,0.0015984894122328217,3.4839162492426112,3.4857720020227134,3.546234611712862,3.5920840164180845,0.1,0.03546234611712862,0.035920840164180845,100,20,1,1.0,exact FE budget; early stopping and stagnation disabled
cstr,PSO,B_common_NP,10012001,1,eval,20,1000,55,100000.0,1000.0,1000.0,1000.0,True,0.2941508939890847,0.2941525546770811,-1.6606879963965149e-06,0.0014373129216504116,3.4836587207973935,3.4812365047400817,3.534610159113072,3.5519609809853137,0.1,0.03534610159113072,0.03551960980985314,100,20,1,1.0,exact FE budget; early stopping and stagnation disabled
cstr,PSO,B_common_NP,10012002,2,eval,20,1000,55,100000.0,1000.0,1000.0,1000.0,True,0.2941525884692623,0.2941525546770811,3.379218116439375e-08,0.0010675553104428485,3.492633158166427,3.4875455021392554,3.5662267458974384,3.9695680025033653,0.1,0.035662267458974384,0.03969568002503365,100,20,1,1.0,exact FE budget; early stopping and stagnation disabled
cstr,PSO,B_common_NP,10012003,3,eval,20,1000,55,100000.0,1000.0,1000.0,1000.0,True,0.29415281576771746,0.2941525546770811,2.610906363331722e-07,0.0009138345521278835,3.5064171967678703,3.5058359935646877,3.5981565539259464,3.629587998148054,0.1,0.035981565539259464,0.03629587998148054,100,20,1,1.0,exact FE budget; early stopping and stagnation disabled
cstr,PSO,B_common_NP,10012004,4,eval,20,1000,55,100000.0,1000.0,1000.0,1000.0,True,0.294155461308643,0.2941525546770811,2.9066315618830885e-06,0.01722878970522849,3.48938182083657,3.4877400030381978,3.556032349297311,3.5755319986492395,0.1,0.03556032349297311,0.035755319986492395,100,20,1,1.0,exact FE budget; early stopping and stagnation disabled
cstr,PSO,B_common_NP,10012005,5,eval,20,1000,55,100000.0,1000.0,1000.0,1000.0,True,0.294152321568416,0.2941525546770811,-2.3310866514858475e-07,0.002046533281217526,3.4541875394643284,3.458870996837504,3.507916838862002,3.5360179899726063,0.1,0.03507916838862002,0.03536017989972606,100,20,1,1.0,exact FE budget; early stopping and stagnation disabled
cstr,PSO,B_common_NP,10012006,6,eval,20,1000,55,100000.0,1000.0,1000.0,1000.0,True,0.2941520912071141,0.2941525546770811,-4.634699670158504e-07,0.00290694421707694,3.4776213302393444,3.4853774996008724,3.5258152085589245,3.589088999433443,0.1,0.035258152085589245,0.03589088999433443,100,20,1,1.0,exact FE budget; early stopping and stagnation disabled
cstr,PSO,B_common_NP,10012007,7,eval,20,1000,55,100000.0,1000.0,1000.0,1000.0,True,0.2941525841720924,0.2941525546770811,2.949501126670029e-08,0.003933727403271881,3.44165346090449,3.4426615020493045,3.500095149502158,3.5328360099811107,0.1,0.03500095149502158,0.03532836009981111,100,20,1,1.0,exact FE budget; early stopping and stagnation disabled
cstr,PSO,B_common_NP,10012008,8,eval,20,1000,55,100000.0,1000.0,1000.0,1000.0,True,0.29415238527608667,0.2941525546770811,-1.694009944541719e-07,0.004549161482379847,3.4889614701387472,3.4942420170409605,3.5503402541507967,3.584640013286844,0.1,0.03550340254150797,0.03584640013286844,100,20,1,1.0,exact FE budget; early stopping and stagnation disabled
cstr,PSO,B_common_NP,10012009,9,eval,20,1000,55,100000.0,1000.0,1000.0,1000.0,True,0.2941521057773342,0.2941525546770811,-4.488997469298539e-07,0.002032482991440181,3.470710438268725,3.4709135070443153,3.5198743964429013,3.551378002157435,0.1,0.03519874396442901,0.03551378002157435,100,20,1,1.0,exact FE budget; early stopping and stagnation disabled
cstr,PSO,B_common_NP,10012010,10,eval,20,1000,55,100000.0,1000.0,1000.0,1000.0,True,0.29415066582259064,0.2941525546770811,-1.8888544904838156e-06,0.003135510177976739,3.5053530408185907,3.4960144985234365,3.6115728493314236,3.7359819980338216,0.1,0.036115728493314236,0.037359819980338216,100,20,1,1.0,exact FE budget; early stopping and stagnation disabled
cstr,PSO,B_common_NP,10012011,11,eval,20,1000,55,100000.0,1000.0,1000.0,1000.0,True,0.29415265392010376,0.2941525546770811,9.924302263319973e-08,0.004914655753538198,3.524220310500823,3.52114750421606,3.578168840613216,3.6107439955230802,0.1,0.03578168840613216,0.0361074399552308,100,20,1,1.0,exact FE budget; early stopping and stagnation disabled
cstr,PSO,B_common_NP,10012012,12,eval,20,1000,55,100000.0,1000.0,1000.0,1000.0,True,0.29415364806790345,0.2941525546770811,1.093390822326512e-06,0.0017325854772581443,3.4564331706496887,3.4622175007825717,3.522636588604655,3.6237140011508018,0.1,0.03522636588604655,0.03623714001150802,100,20,1,1.0,exact FE budget; early stopping and stagnation disabled
cstr,PSO,B_common_NP,10012013,13,eval,20,1000,55,100000.0,1000.0,1000.0,1000.0,True,0.2941521490733369,0.2941525546770811,-4.0560374420239853e-07,0.0025411789672705725,3.4658643329748884,3.47185050486587,3.522264886123594,3.76085500465706,0.1,0.03522264886123594,0.0376085500465706,100,20,1,1.0,exact FE budget; early stopping and stagnation disabled
cstr,PSO,B_common_NP,10012014,14,eval,20,1000,55,100000.0,1000.0,1000.0,1000.0,True,0.29415245089000913,0.2941525546770811,-1.0378707199221182e-07,0.0011875401733649586,3.4736980000161566,3.476355501334183,3.5426381378783844,3.6477420071605593,0.1,0.035426381378783844,0.03647742007160559,100,20,1,1.0,exact FE budget; early stopping and stagnation disabled
cstr,PSO,B_common_NP,10012015,15,eval,20,1000,55,100000.0,1000.0,1000.0,1000.0,True,0.29415150009643753,0.2941525546770811,-1.054580643589098e-06,0.0017209608830564952,3.527006569202058,3.519247518852353,3.595563300768845,3.820809011813253,0.1,0.03595563300768845,0.03820809011813253,100,20,1,1.0,exact FE budget; early stopping and stagnation disabled
cstr,PSO,B_common_NP,10012016,16,eval,20,1000,55,100000.0,1000.0,1000.0,1000.0,True,0.2941521828103051,0.2941525546770811,-3.7186677603884277e-07,0.004054919145352352,3.5108830098761246,3.501466999296099,3.5824714388581924,4.065823013661429,0.1,0.035824714388581924,0.04065823013661429,100,20,1,1.0,exact FE budget; early stopping and stagnation disabled
cstr,PSO,B_common_NP,10012017,17,eval,20,1000,55,100000.0,1000.0,1000.0,1000.0,True,0.2941519520835733,0.2941525546770811,-6.025935078146638e-07,0.004376753266833772,3.4962475288193673,3.493745010928251,3.5584230499807745,3.5742059990298003,0.1,0.035584230499807745,0.035742059990298,100,20,1,1.0,exact FE budget; early stopping and stagnation disabled
cstr,PSO,B_common_NP,10012018,18,eval,20,1000,55,100000.0,1000.0,1000.0,1000.0,True,0.29415233767214743,0.2941525546770811,-2.1700493368914664e-07,0.0038678091207399535,3.470023007830605,3.470472991466522,3.522103696013801,3.578710980946198,0.1,0.03522103696013801,0.03578710980946198,100,20,1,1.0,exact FE budget; early stopping and stagnation disabled
cstr,PSO,B_common_NP,10012019,19,eval,20,1000,55,100000.0,1000.0,1000.0,1000.0,True,0.29415182728752975,0.2941525546770811,-7.273895513693063e-07,0.003531660902910737,3.4907977809780277,3.4855965059250593,3.5719239109312184,3.5860649950336665,0.1,0.035719239109312184,0.035860649950336665,100,20,1,1.0,exact FE budget; early stopping and stagnation disabled
cstr,WOA,B_common_NP,10013000,0,eval,20,1000,55,100000.0,1000.0,1000.0,1000.0,True,0.2947243861024049,0.2941525546770811,0.0005718314253237988,0.009908593943948172,7.421083980589174,7.412948485580273,7.5926719640847296,7.646140991710126,0.1,0.0759267196408473,0.07646140991710126,100,20,1,1.0,exact FE budget; early stopping and stagnation disabled
cstr,WOA,B_common_NP,10013001,1,eval,20,1000,55,100000.0,1000.0,1000.0,1000.0,True,0.294625557764175,0.2941525546770811,0.0004730030870938595,0.018360894437046707,7.375052248535212,7.370270512183197,7.553945657855365,7.622834003996104,0.1,0.07553945657855365,0.07622834003996104,100,20,1,1.0,exact FE budget; early stopping and stagnation disabled
cstr,WOA,B_common_NP,10013002,2,eval,20,1000,55,100000.0,1000.0,1000.0,1000.0,True,0.2950432372322657,0.2941525546770811,0.0008906825551845965,0.015994829332771215,7.416115559753962,7.4036684964085,7.567053688399028,7.819418999133632,0.1,0.07567053688399028,0.07819418999133632,100,20,1,1.0,exact FE budget; early stopping and stagnation disabled
cstr,WOA,B_common_NP,10013003,3,eval,20,1000,55,100000.0,1000.0,1000.0,1000.0,True,0.2941548491098226,0.2941525546770811,2.294432741467567e-06,0.007485372398936224,7.353751359914895,7.34777600155212,7.513613099581562,7.674900989513844,0.1,0.07513613099581562,0.07674900989513844,100,20,1,1.0,exact FE budget; early stopping and stagnation disabled
cstr,WOA,B_common_NP,10013004,4,eval,20,1000,55,100000.0,1000.0,1000.0,1000.0,True,0.2941544840417462,0.2941525546770811,1.9293646650875296e-06,0.006991181878194267,7.377976320567541,7.3794314957922325,7.537994754966348,7.599735981784761,0.1,0.07537994754966348,0.07599735981784761,100,20,1,1.0,exact FE budget; early stopping and stagnation disabled
cstr,WOA,B_common_NP,10013005,5,eval,20,1000,55,100000.0,1000.0,1000.0,1000.0,True,0.2947278254512528,0.2941525546770811,0.0005752707741716878,0.009530246800474613,7.3118872990016825,7.290036010090262,7.516363181639463,7.784134999383241,0.1,0.07516363181639463,0.07784134999383241,100,20,1,1.0,exact FE budget; early stopping and stagnation disabled
cstr,WOA,B_common_NP,10013006,6,eval,20,1000,55,100000.0,1000.0,1000.0,1000.0,True,0.293842854531801,0.2941525546770811,-0.0003097001452801451,0.008083290129070884,7.361253720591776,7.357043010415509,7.449695791001432,7.931635016575456,0.1,0.07449695791001432,0.07931635016575456,100,20,1,1.0,exact FE budget; early stopping and stagnation disabled
cstr,WOA,B_common_NP,10013007,7,eval,20,1000,55,100000.0,1000.0,1000.0,1000.0,True,0.29415510314466525,0.2941525546770811,2.548467584129188e-06,0.008478849715756395,7.331233739969321,7.333770001423545,7.437946145364549,7.530925999162719,0.1,0.07437946145364549,0.07530925999162719,100,20,1,1.0,exact FE budget; early stopping and stagnation disabled
cstr,WOA,B_common_NP,10013008,8,eval,20,1000,55,100000.0,1000.0,1000.0,1000.0,True,0.29473604667737574,0.2941525546770811,0.0005834920002946165,0.006169891573220275,7.386728559795301,7.367455997155048,7.580475302529521,7.62741599464789,0.1,0.07580475302529521,0.0762741599464789,100,20,1,1.0,exact FE budget; early stopping and stagnation disabled
cstr,WOA,B_common_NP,10013009,9,eval,20,1000,55,100000.0,1000.0,1000.0,1000.0,True,0.2955485420110337,0.2941525546770811,0.0013959873339525752,0.01275719031342738,7.362676931079477,7.366836493019946,7.514254009583965,7.564110012026504,0.1,0.07514254009583965,0.07564110012026504,100,20,1,1.0,exact FE budget; early stopping and stagnation disabled
cstr,WOA,B_common_NP,10013010,10,eval,20,1000,55,100000.0,1000.0,1000.0,1000.0,True,0.2941527181451368,0.2941525546770811,1.6346805570277567e-07,0.0023964120720402853,7.368361681292299,7.376998488325626,7.476789044449106,7.592068985104561,0.1,0.07476789044449106,0.07592068985104561,100,20,1,1.0,exact FE budget; early stopping and stagnation disabled
cstr,WOA,B_common_NP,10013011,11,eval,20,1000,55,100000.0,1000.0,1000.0,1000.0,True,0.29415460812951577,0.2941525546770811,2.0534524346471628e-06,0.010264941192463356,7.415299879503436,7.405711497995071,7.577784232853446,7.627549988683313,0.1,0.07577784232853446,0.07627549988683313,100,20,1,1.0,exact FE budget; early stopping and stagnation disabled
cstr,WOA,B_common_NP,10013012,12,eval,20,1000,55,100000.0,1000.0,1000.0,1000.0,True,0.2941547956162525,0.2941525546770811,2.2409391713940074e-06,0.007457953348084419,7.375222312111873,7.378961992799304,7.469782694533933,7.5704450136981905,0.1,0.07469782694533933,0.0757044501369819,100,20,1,1.0,exact FE budget; early stopping and stagnation disabled
cstr,WOA,B_common_NP,10013013,13,eval,20,1000,55,100000.0,1000.0,1000.0,1000.0,True,0.29415355837541646,0.2941525546770811,1.003698335333425e-06,0.006613168008341179,7.4466832901816815,7.386205994407646,7.624438835773617,10.77147902105935,0.1,0.07624438835773617,0.10771479021059349,100,20,1,1.0,exact FE budget; early stopping and stagnation disabled
cstr,WOA,B_common_NP,10013014,14,eval,20,1000,55,100000.0,1000.0,1000.0,1000.0,True,0.2941552479789668,0.2941525546770811,2.6933018856811763e-06,0.008484626453020352,7.42355254071299,7.419741494231857,7.5589698026306,7.63515499420464,0.1,0.075589698026306,0.0763515499420464,100,20,1,1.0,exact FE budget; early stopping and stagnation disabled
cstr,WOA,B_common_NP,10013015,15,eval,20,1000,55,100000.0,1000.0,1000.0,1000.0,True,0.29415888950179314,0.2941525546770811,6.334824712017628e-06,0.021550097248598684,7.375122761295643,7.3704889946384355,7.538045941328164,7.686589000513777,0.1,0.07538045941328164,0.07686589000513777,100,20,1,1.0,exact FE budget; early stopping and stagnation disabled
cstr,WOA,B_common_NP,10013016,16,eval,20,1000,55,100000.0,1000.0,1000.0,1000.0,True,0.29511562479988157,0.2941525546770811,0.0009630701228004468,0.014512197937220861,7.490659300528932,7.480480504455045,7.649763266090304,7.675822998862714,0.1,0.07649763266090304,0.07675822998862714,100,20,1,1.0,exact FE budget; early stopping and stagnation disabled
cstr,WOA,B_common_NP,10013017,17,eval,20,1000,55,100000.0,1000.0,1000.0,1000.0,True,0.2941549139883096,0.2941525546770811,2.3593112284947537e-06,0.01063856487489468,7.368987540830858,7.387900506728329,7.462167956691701,7.6579939923249185,0.1,0.07462167956691701,0.07657993992324919,100,20,1,1.0,exact FE budget; early stopping and stagnation disabled
cstr,WOA,B_common_NP,10013018,18,eval,20,1000,55,100000.0,1000.0,1000.0,1000.0,True,0.29415245573768867,0.2941525546770811,-9.893939245664285e-08,0.0032020784648047968,7.3944759092410095,7.398273999569938,7.550504044047557,7.612301997141913,0.1,0.07550504044047557,0.07612301997141913,100,20,1,1.0,exact FE budget; early stopping and stagnation disabled
cstr,WOA,B_common_NP,10013019,19,eval,20,1000,55,100000.0,1000.0,1000.0,1000.0,True,0.2941532255795198,0.2941525546770811,6.709024386597484e-07,0.005150230376929752,7.346740379871335,7.344461992033757,7.515703995886724,7.59214797290042,0.1,0.07515703995886724,0.0759214797290042,100,20,1,1.0,exact FE budget; early stopping and stagnation disabled
flight,SGO,A_tuned_NP,11000000,0,eval,8,1000,255,150000.0,1000.0,1000.0,1000.0,True,0.018204964818770233,0.018195653502689445,9.311316080787974e-06,0.01735693545075877,12.843199080283133,12.845131001085974,13.281016997643746,13.493007980287075,0.1,0.13281016997643746,0.13493007980287075,150,20,1,1.0,exact FE budget; early stopping and stagnation disabled
flight,SGO,A_tuned_NP,11000001,1,eval,8,1000,255,150000.0,1000.0,1000.0,1000.0,True,0.01817372199194798,0.018195653502689445,-2.193151074146582e-05,0.01387508720685648,12.778602120427726,12.74966100754682,13.168996440072078,13.401790987700224,0.1,0.13168996440072078,0.13401790987700224,150,20,1,1.0,exact FE budget; early stopping and stagnation disabled
flight,SGO,A_tuned_NP,11000002,2,eval,8,1000,255,150000.0,1000.0,1000.0,1000.0,True,0.0182370782726282,0.018195653502689445,4.142476993875682e-05,0.03972560553446473,12.871893206611276,12.76005849649664,13.250615060678683,20.09648099192418,0.1,0.13250615060678683,0.20096480991924182,150,20,1,1.0,exact FE budget; early stopping and stagnation disabled
flight,SGO,A_tuned_NP,11000003,3,eval,8,1000,255,150000.0,1000.0,1000.0,1000.0,True,0.018249623238688954,0.018195653502689445,5.39697359995088e-05,0.019774638027944866,12.85857291154874,12.858978501753882,13.214576557220425,13.527083996450529,0.1,0.13214576557220425,0.13527083996450529,150,20,1,1.0,exact FE budget; early stopping and stagnation disabled
flight,SGO,A_tuned_NP,11000004,4,eval,8,1000,255,150000.0,1000.0,1000.0,1000.0,True,0.01811773609199133,0.018195653502689445,-7.791741069811467e-05,0.0723916851893582,12.92504490566595,12.91851550922729,13.247940308065154,13.598023011581972,0.1,0.13247940308065154,0.13598023011581972,150,20,1,1.0,exact FE budget; early stopping and stagnation disabled
flight,SGO,A_tuned_NP,11000005,5,eval,8,1000,255,150000.0,1000.0,1000.0,1000.0,True,0.018028552094103582,0.018195653502689445,-0.00016710140858586242,0.03931195050327119,12.942175833353152,12.927073505125009,13.304906644043513,13.412316009635106,0.1,0.13304906644043513,0.13412316009635106,150,20,1,1.0,exact FE budget; early stopping and stagnation disabled
flight,SGO,A_tuned_NP,11000006,6,eval,8,1000,255,150000.0,1000.0,1000.0,1000.0,True,0.018150378932046032,0.018195653502689445,-4.527457064341239e-05,0.01321464584505378,12.893412587194083,12.886242504464462,13.23736720951274,13.583246007328853,0.1,0.1323736720951274,0.13583246007328853,150,20,1,1.0,exact FE budget; early stopping and stagnation disabled
flight,SGO,A_tuned_NP,11000007,7,eval,8,1000,255,150000.0,1000.0,1000.0,1000.0,True,0.01822352106551333,0.018195653502689445,2.7867562823885583e-05,0.08160845530770817,12.903615185641684,12.891025995486416,13.289213237294462,13.585910986876115,0.1,0.13289213237294462,0.13585910986876115,150,20,1,1.0,exact FE budget; early stopping and stagnation disabled
flight,SGO,A_tuned_NP,11000008,8,eval,8,1000,255,150000.0,1000.0,1000.0,1000.0,True,0.018241517652676696,0.018195653502689445,4.586414998725141e-05,0.1771841720961284,12.730198740997972,12.719919512164779,12.997396051650867,13.322523009264842,0.1,0.12997396051650867,0.13322523009264842,150,20,1,1.0,exact FE budget; early stopping and stagnation disabled
flight,SGO,A_tuned_NP,11000009,9,eval,8,1000,255,150000.0,1000.0,1000.0,1000.0,True,0.01814385326206722,0.018195653502689445,-5.1800240622224686e-05,0.019429703791392833,12.969217613766281,12.948601506650448,13.32536084955791,13.66176299052313,0.1,0.1332536084955791,0.1366176299052313,150,20,1,1.0,exact FE budget; early stopping and stagnation disabled
flight,SGO,A_tuned_NP,11000010,10,eval,8,1000,255,150000.0,1000.0,1000.0,1000.0,True,0.01812311543897217,0.018195653502689445,-7.253806371727498e-05,0.022775974325975112,12.885328381089494,12.886468990473077,13.280121861316728,13.532486016629264,0.1,0.13280121861316727,0.13532486016629264,150,20,1,1.0,exact FE budget; early stopping and stagnation disabled
flight,SGO,A_tuned_NP,11000011,11,eval,8,1000,255,150000.0,1000.0,1000.0,1000.0,True,0.018077882989022902,0.018195653502689445,-0.00011777051366654301,0.03975283093514787,12.744636813295074,12.744552514050156,13.028202755958773,13.208126998506486,0.1,0.13028202755958773,0.13208126998506486,150,20,1,1.0,exact FE budget; early stopping and stagnation disabled
flight,SGO,A_tuned_NP,11000012,12,eval,8,1000,255,150000.0,1000.0,1000.0,1000.0,True,0.018185366920040635,0.018195653502689445,-1.0286582648809384e-05,0.010967818069660441,12.702327441268912,12.682895001489669,13.097586698131636,13.475635001668707,0.1,0.13097586698131636,0.13475635001668707,150,20,1,1.0,exact FE budget; early stopping and stagnation disabled
flight,SGO,A_tuned_NP,11000013,13,eval,8,1000,255,150000.0,1000.0,1000.0,1000.0,True,0.018066846172894422,0.018195653502689445,-0.00012880732979502277,0.062212542009138554,12.89248293323908,12.864515010733157,13.259323505917564,13.818442006595433,0.1,0.13259323505917564,0.13818442006595433,150,20,1,1.0,exact FE budget; early stopping and stagnation disabled
flight,SGO,A_tuned_NP,11000014,14,eval,8,1000,255,150000.0,1000.0,1000.0,1000.0,True,0.018108085416031976,0.018195653502689445,-8.756808665746907e-05,0.01381407704289171,12.8601774260945,12.838594004279003,13.287569348176476,13.544118992285803,0.1,0.13287569348176476,0.13544118992285803,150,20,1,1.0,exact FE budget; early stopping and stagnation disabled
flight,SGO,A_tuned_NP,11000015,15,eval,8,1000,255,150000.0,1000.0,1000.0,1000.0,True,0.018129734820519938,0.018195653502689445,-6.591868216950653e-05,0.01656976199729876,12.925602740530545,12.918570981128141,13.296636064478662,13.417123002000153,0.1,0.13296636064478662,0.13417123002000153,150,20,1,1.0,exact FE budget; early stopping and stagnation disabled
flight,SGO,A_tuned_NP,11000016,16,eval,8,1000,255,150000.0,1000.0,1000.0,1000.0,True,0.018189074275657788,0.018195653502689445,-6.579227031656976e-06,0.011854131504665787,12.897759785992093,12.849279504735023,13.291912258137017,13.487322983564809,0.1,0.13291912258137017,0.1348732298356481,150,20,1,1.0,exact FE budget; early stopping and stagnation disabled
flight,SGO,A_tuned_NP,11000017,17,eval,8,1000,255,150000.0,1000.0,1000.0,1000.0,True,0.01818739976934814,0.018195653502689445,-8.253733341304081e-06,0.008449630620491314,12.897227361099795,12.909858996863477,13.258873450104147,13.522955006919801,0.1,0.13258873450104147,0.135229550069198,150,20,1,1.0,exact FE budget; early stopping and stagnation disabled
flight,SGO,A_tuned_NP,11000018,18,eval,8,1000,255,150000.0,1000.0,1000.0,1000.0,True,0.018305700214061423,0.018195653502689445,0.00011004671137197775,0.02039232369253898,12.86653523973655,12.8378434892511,13.262043967552017,13.549272989621386,0.1,0.13262043967552017,0.13549272989621386,150,20,1,1.0,exact FE budget; early stopping and stagnation disabled
flight,SGO,A_tuned_NP,11000019,19,eval,8,1000,255,150000.0,1000.0,1000.0,1000.0,True,0.018185594479259694,0.018195653502689445,-1.0059023429750957e-05,0.017701705609821504,12.942444533885768,12.943740497576073,13.2589541040943,13.61986601841636,0.1,0.132589541040943,0.1361986601841636,150,20,1,1.0,exact FE budget; early stopping and stagnation disabled
flight,GWO,A_tuned_NP,11001000,0,eval,30,1000,39,150000.0,1000.0,1000.0,1000.0,True,0.018198716193662014,0.018195653502689445,3.062690972568949e-06,0.004854363088015724,12.485589125038436,12.457964505301788,12.769019351981115,13.051095011178404,0.1,0.12769019351981115,0.13051095011178404,150,20,1,1.0,exact FE budget; early stopping and stagnation disabled
flight,GWO,A_tuned_NP,11001001,1,eval,30,1000,39,150000.0,1000.0,1000.0,1000.0,True,0.01820262623573312,0.018195653502689445,6.972733043675294e-06,0.004639884351016487,12.476940798417976,12.460379002732225,12.659505408373661,12.887820979813114,0.1,0.1265950540837366,0.12887820979813114,150,20,1,1.0,exact FE budget; early stopping and stagnation disabled
flight,GWO,A_tuned_NP,11001002,2,eval,30,1000,39,150000.0,1000.0,1000.0,1000.0,True,0.018218515788689705,0.018195653502689445,2.2862286000260162e-05,0.005459713640454816,12.691211325970167,12.680414991336875,12.911772503866814,12.998974998481572,0.1,0.12911772503866814,0.12998974998481572,150,20,1,1.0,exact FE budget; early stopping and stagnation disabled
flight,GWO,A_tuned_NP,11001003,3,eval,30,1000,39,150000.0,1000.0,1000.0,1000.0,True,0.01819723250209983,0.018195653502689445,1.5789994103863891e-06,0.005586055948720494,12.497990691723922,12.50450148654636,12.728921364760026,12.91195600060746,0.1,0.12728921364760026,0.1291195600060746,150,20,1,1.0,exact FE budget; early stopping and stagnation disabled
flight,GWO,A_tuned_NP,11001004,4,eval,30,1000,39,150000.0,1000.0,1000.0,1000.0,True,0.018206327071001293,0.018195653502689445,1.0673568311848208e-05,0.0063316408420626856,12.418975585799975,12.41620998189319,12.584783139755018,12.717858015093952,0.1,0.12584783139755018,0.12717858015093952,150,20,1,1.0,exact FE budget; early stopping and stagnation disabled
flight,GWO,A_tuned_NP,11001005,5,eval,30,1000,39,150000.0,1000.0,1000.0,1000.0,True,0.01819712036276904,0.018195653502689445,1.4668600795963993e-06,0.005796009258835463,12.531276872420372,12.521619501058012,12.752481816278305,12.853085994720459,0.1,0.12752481816278305,0.1285308599472046,150,20,1,1.0,exact FE budget; early stopping and stagnation disabled
flight,GWO,A_tuned_NP,11001006,6,eval,30,1000,39,150000.0,1000.0,1000.0,1000.0,True,0.018209075451839418,0.018195653502689445,1.3421949149973467e-05,0.00476733233189893,12.450163079774939,12.441141007002443,12.584054462786298,12.727838999126107,0.1,0.12584054462786298,0.12727838999126107,150,20,1,1.0,exact FE budget; early stopping and stagnation disabled
flight,GWO,A_tuned_NP,11001007,7,eval,30,1000,39,150000.0,1000.0,1000.0,1000.0,True,0.018197551938102983,0.018195653502689445,1.898435413538735e-06,0.005171638112157058,12.477451419690624,12.48387100349646,12.709560607618187,12.767516018357128,0.1,0.12709560607618187,0.12767516018357128,150,20,1,1.0,exact FE budget; early stopping and stagnation disabled
flight,GWO,A_tuned_NP,11001008,8,eval,30,1000,39,150000.0,1000.0,1000.0,1000.0,True,0.018185403623806995,0.018195653502689445,-1.0249878882449825e-05,0.003996890009995578,12.57208739387958,12.436124990927055,12.980870708997825,20.873481989838183,0.1,0.12980870708997824,0.20873481989838183,150,20,1,1.0,exact FE budget; early stopping and stagnation disabled
flight,GWO,A_tuned_NP,11001009,9,eval,30,1000,39,150000.0,1000.0,1000.0,1000.0,True,0.018195748069680807,0.018195653502689445,9.456699136267677e-08,0.005787004870207357,12.41726971619452,12.413643999025226,12.592742749257013,12.780482997186482,0.1,0.12592742749257013,0.12780482997186482,150,20,1,1.0,exact FE budget; early stopping and stagnation disabled
flight,GWO,A_tuned_NP,11001010,10,eval,30,1000,39,150000.0,1000.0,1000.0,1000.0,True,0.01819372934140156,0.018195653502689445,-1.9241612878861947e-06,0.00403649960124638,12.406165872428877,12.387306996970437,12.547979298688006,12.835923989769071,0.1,0.12547979298688006,0.1283592398976907,150,20,1,1.0,exact FE budget; early stopping and stagnation disabled
flight,GWO,A_tuned_NP,11001011,11,eval,30,1000,39,150000.0,1000.0,1000.0,1000.0,True,0.018222911984847153,0.018195653502689445,2.7258482157708347e-05,0.006120323644088913,12.419533854117617,12.409137008944526,12.558786652516574,12.845644989283755,0.1,0.12558786652516574,0.12845644989283755,150,20,1,1.0,exact FE budget; early stopping and stagnation disabled
flight,GWO,A_tuned_NP,11001012,12,eval,30,1000,39,150000.0,1000.0,1000.0,1000.0,True,0.018190386738731062,0.018195653502689445,-5.266763958382964e-06,0.0043939104225050535,12.397773312210726,12.378024985082448,12.633342202752829,12.781524972524494,0.1,0.12633342202752829,0.12781524972524494,150,20,1,1.0,exact FE budget; early stopping and stagnation disabled
flight,GWO,A_tuned_NP,11001013,13,eval,30,1000,39,150000.0,1000.0,1000.0,1000.0,True,0.018190031719322854,0.018195653502689445,-5.621783366591138e-06,0.005480093483823606,12.423155687865801,12.417694000760093,12.651536149496678,12.805517006199807,0.1,0.12651536149496678,0.12805517006199807,150,20,1,1.0,exact FE budget; early stopping and stagnation disabled
flight,GWO,A_tuned_NP,11001014,14,eval,30,1000,39,150000.0,1000.0,1000.0,1000.0,True,0.018159797485472272,0.018195653502689445,-3.585601721717291e-05,0.005423705488986762,12.38274929424127,12.336358995526098,12.695936347881798,12.852767016738653,0.1,0.12695936347881798,0.12852767016738653,150,20,1,1.0,exact FE budget; early stopping and stagnation disabled
flight,GWO,A_tuned_NP,11001015,15,eval,30,1000,39,150000.0,1000.0,1000.0,1000.0,True,0.018192546607228695,0.018195653502689445,-3.1068954607499366e-06,0.004764953139896374,12.38721874949988,12.376825499814004,12.570214750303421,12.777355004800484,0.1,0.1257021475030342,0.12777355004800484,150,20,1,1.0,exact FE budget; early stopping and stagnation disabled
flight,GWO,A_tuned_NP,11001016,16,eval,30,1000,39,150000.0,1000.0,1000.0,1000.0,True,0.018207827216399335,0.018195653502689445,1.2173713709890538e-05,0.00481036938431796,12.44413566077128,12.443644009181298,12.706732300284784,12.991288997000083,0.1,0.12706732300284784,0.12991288997000083,150,20,1,1.0,exact FE budget; early stopping and stagnation disabled
flight,GWO,A_tuned_NP,11001017,17,eval,30,1000,39,150000.0,1000.0,1000.0,1000.0,True,0.018190233553869985,0.018195653502689445,-5.419948819460063e-06,0.004858721097798167,12.448126333183609,12.454228999558836,12.69345745240571,12.805575999664143,0.1,0.1269345745240571,0.12805575999664143,150,20,1,1.0,exact FE budget; early stopping and stagnation disabled
flight,GWO,A_tuned_NP,11001018,18,eval,30,1000,39,150000.0,1000.0,1000.0,1000.0,True,0.018186505463241784,0.018195653502689445,-9.148039447660905e-06,0.0045388828143887935,12.53131839989995,12.508440995588899,12.79062674875604,12.948262999998406,0.1,0.1279062674875604,0.12948262999998406,150,20,1,1.0,exact FE budget; early stopping and stagnation disabled
flight,GWO,A_tuned_NP,11001019,19,eval,30,1000,39,150000.0,1000.0,1000.0,1000.0,True,0.018212469767221434,0.018195653502689445,1.6816264531989422e-05,0.005559938494527588,12.361978719903467,12.3616894998122,12.49888580350671,12.94824102660641,0.1,0.1249888580350671,0.1294824102660641,150,20,1,1.0,exact FE budget; early stopping and stagnation disabled
flight,PSO,A_tuned_NP,11002000,0,eval,30,1000,39,150000.0,1000.0,1000.0,1000.0,True,0.018183285063062042,0.018195653502689445,-1.2368439627402639e-05,0.02171565718630937,3.3317500345098474,3.3322454983135685,3.4081592079019174,3.453524986980483,0.1,0.034081592079019174,0.03453524986980483,150,20,1,1.0,exact FE budget; early stopping and stagnation disabled
flight,PSO,A_tuned_NP,11002001,1,eval,30,1000,39,150000.0,1000.0,1000.0,1000.0,True,0.01819121734043927,0.018195653502689445,-4.436162250175124e-06,0.01828128027461382,3.3285980995666855,3.3239235053770244,3.422378213144839,3.455330996075645,0.1,0.03422378213144839,0.03455330996075645,150,20,1,1.0,exact FE budget; early stopping and stagnation disabled
flight,PSO,A_tuned_NP,11002002,2,eval,30,1000,39,150000.0,1000.0,1000.0,1000.0,True,0.01819788615105337,0.018195653502689445,2.232648363926365e-06,0.021867464377495024,3.369573641102761,3.3701499924063683,3.4410053078318015,3.4653219918254763,0.1,0.034410053078318015,0.03465321991825476,150,20,1,1.0,exact FE budget; early stopping and stagnation disabled
flight,PSO,A_tuned_NP,11002003,3,eval,30,1000,39,150000.0,1000.0,1000.0,1000.0,True,0.018186945198284194,0.018195653502689445,-8.708304405250639e-06,0.018581436896982856,3.348642634615923,3.345470002386719,3.4154815919464454,3.4489149984437972,0.1,0.034154815919464454,0.03448914998443797,150,20,1,1.0,exact FE budget; early stopping and stagnation disabled
flight,PSO,A_tuned_NP,11002004,4,eval,30,1000,39,150000.0,1000.0,1000.0,1000.0,True,0.018189849102006033,0.018195653502689445,-5.804400683411676e-06,0.020027151471564756,3.354254313550579,3.347920486703515,3.4136521004256792,3.4630349837243557,0.1,0.03413652100425679,0.03463034983724356,150,20,1,1.0,exact FE budget; early stopping and stagnation disabled
flight,PSO,A_tuned_NP,11002005,5,eval,30,1000,39,150000.0,1000.0,1000.0,1000.0,True,0.018188393129389746,0.018195653502689445,-7.260373299698697e-06,0.02233102286205419,3.3664442744338885,3.358352492796257,3.4402337041683495,3.827840992016718,0.1,0.034402337041683495,0.03827840992016718,150,20,1,1.0,exact FE budget; early stopping and stagnation disabled
flight,PSO,A_tuned_NP,11002006,6,eval,30,1000,39,150000.0,1000.0,1000.0,1000.0,True,0.018198605588208086,0.018195653502689445,2.9520855186412898e-06,0.022167950485475936,3.313077780379293,3.319549505249597,3.365815604047384,3.3791050082072616,0.1,0.03365815604047384,0.033791050082072616,150,20,1,1.0,exact FE budget; early stopping and stagnation disabled
flight,PSO,A_tuned_NP,11002007,7,eval,30,1000,39,150000.0,1000.0,1000.0,1000.0,True,0.018180755597685852,0.018195653502689445,-1.4897905003592726e-05,0.01927669601619644,3.3525981655111536,3.348097496200353,3.433668460638728,3.648884012363851,0.1,0.03433668460638728,0.03648884012363851,150,20,1,1.0,exact FE budget; early stopping and stagnation disabled
flight,PSO,A_tuned_NP,11002008,8,eval,30,1000,39,150000.0,1000.0,1000.0,1000.0,True,0.018194363838299386,0.018195653502689445,-1.2896643900583982e-06,0.019546537619430333,3.338976232917048,3.3347830030834302,3.393162539578043,3.5066709970124066,0.1,0.03393162539578043,0.035066709970124066,150,20,1,1.0,exact FE budget; early stopping and stagnation disabled
flight,PSO,A_tuned_NP,11002009,9,eval,30,1000,39,150000.0,1000.0,1000.0,1000.0,True,0.01820299324728194,0.018195653502689445,7.339744592493869e-06,0.017934106737607463,3.329329665284604,3.3266224927501753,3.3837585942819715,3.4181489900220186,0.1,0.033837585942819715,0.034181489900220186,150,20,1,1.0,exact FE budget; early stopping and stagnation disabled
flight,PSO,A_tuned_NP,11002010,10,eval,30,1000,39,150000.0,1000.0,1000.0,1000.0,True,0.01819564197156262,0.018195653502689445,-1.1531126824226856e-08,0.021732604629997914,3.361980799236335,3.3547265047673136,3.4340852449531667,3.5254069953225553,0.1,0.03434085244953167,0.03525406995322555,150,20,1,1.0,exact FE budget; early stopping and stagnation disabled
flight,PSO,A_tuned_NP,11002011,11,eval,30,1000,39,150000.0,1000.0,1000.0,1000.0,True,0.01819751365343018,0.018195653502689445,1.860150740735228e-06,0.017601142809318897,3.3486744014468663,3.346431505633518,3.4005885623628274,3.4552320139482617,0.1,0.034005885623628274,0.03455232013948262,150,20,1,1.0,exact FE budget; early stopping and stagnation disabled
flight,PSO,A_tuned_NP,11002012,12,eval,30,1000,39,150000.0,1000.0,1000.0,1000.0,True,0.018200721042274444,0.018195653502689445,5.06753958499917e-06,0.020032195611224275,3.345974874100648,3.3365425042575225,3.442182915750891,3.539627999998629,0.1,0.03442182915750891,0.03539627999998629,150,20,1,1.0,exact FE budget; early stopping and stagnation disabled
flight,PSO,A_tuned_NP,11002013,13,eval,30,1000,39,150000.0,1000.0,1000.0,1000.0,True,0.018195377457255017,0.018195653502689445,-2.760454344274965e-07,0.01951406766639174,3.3602069112627455,3.354542510351166,3.417837076995056,3.4892050025518984,0.1,0.03417837076995056,0.034892050025518984,150,20,1,1.0,exact FE budget; early stopping and stagnation disabled
flight,PSO,A_tuned_NP,11002014,14,eval,30,1000,39,150000.0,1000.0,1000.0,1000.0,True,0.018204402964346524,0.018195653502689445,8.749461657079488e-06,0.017426048452719275,3.354262186524769,3.3415879879612476,3.4279675426660106,3.643431991804391,0.1,0.034279675426660106,0.03643431991804391,150,20,1,1.0,exact FE budget; early stopping and stagnation disabled
flight,PSO,A_tuned_NP,11002015,15,eval,30,1000,39,150000.0,1000.0,1000.0,1000.0,True,0.01819553417007796,0.018195653502689445,-1.193326114833082e-07,0.021405232902798547,3.334280524868518,3.332567008328624,3.3762007544282824,3.5676069965120405,0.1,0.033762007544282824,0.035676069965120405,150,20,1,1.0,exact FE budget; early stopping and stagnation disabled
flight,PSO,A_tuned_NP,11002016,16,eval,30,1000,39,150000.0,1000.0,1000.0,1000.0,True,0.01819052414317422,0.018195653502689445,-5.129359515226167e-06,0.022008559062576167,3.337714741161714,3.331911502755247,3.388204248039983,3.638257010607049,0.1,0.03388204248039983,0.03638257010607049,150,20,1,1.0,exact FE budget; early stopping and stagnation disabled
flight,PSO,A_tuned_NP,11002017,17,eval,30,1000,39,150000.0,1000.0,1000.0,1000.0,True,0.01820267057920666,0.018195653502689445,7.017076517214227e-06,0.022327024916627337,3.3414349590505785,3.339301998494193,3.4033060030196793,3.437990992097184,0.1,0.03403306003019679,0.03437990992097184,150,20,1,1.0,exact FE budget; early stopping and stagnation disabled
flight,PSO,A_tuned_NP,11002018,18,eval,30,1000,39,150000.0,1000.0,1000.0,1000.0,True,0.018192589963404435,0.018195653502689445,-3.063539285010075e-06,0.020840230696668367,3.3636216807644814,3.3551470114616677,3.4152594773331657,3.475939010968432,0.1,0.03415259477333166,0.03475939010968432,150,20,1,1.0,exact FE budget; early stopping and stagnation disabled
flight,PSO,A_tuned_NP,11002019,19,eval,30,1000,39,150000.0,1000.0,1000.0,1000.0,True,0.018197483374678306,0.018195653502689445,1.8298719888613924e-06,0.021188766838758883,3.328325392988821,3.328218503156677,3.363701757916715,3.388184995856136,0.1,0.03363701757916715,0.03388184995856136,150,20,1,1.0,exact FE budget; early stopping and stagnation disabled
flight,WOA,A_tuned_NP,11003000,0,eval,10,1000,105,150000.0,1000.0,1000.0,1000.0,True,0.018186681039184617,0.018195653502689445,-8.972463504827721e-06,0.005806315495590388,7.523730766649048,7.529039503424428,7.694795906718355,7.785198016790673,0.1,0.07694795906718355,0.07785198016790673,150,20,1,1.0,exact FE budget; early stopping and stagnation disabled
flight,WOA,A_tuned_NP,11003001,1,eval,10,1000,105,150000.0,1000.0,1000.0,1000.0,True,0.018192660268831165,0.018195653502689445,-2.993233858279709e-06,0.004845035682636088,7.519396306985679,7.525389490183443,7.669591087324079,8.23638800648041,0.1,0.07669591087324079,0.08236388006480411,150,20,1,1.0,exact FE budget; early stopping and stagnation disabled
flight,WOA,A_tuned_NP,11003002,2,eval,10,1000,105,150000.0,1000.0,1000.0,1000.0,True,0.018203962856319887,0.018195653502689445,8.309353630442384e-06,0.004432097180518055,7.490442340883116,7.487408991437405,7.639109849696979,7.710870006121695,0.1,0.07639109849696979,0.07710870006121695,150,20,1,1.0,exact FE budget; early stopping and stagnation disabled
flight,WOA,A_tuned_NP,11003003,3,eval,10,1000,105,150000.0,1000.0,1000.0,1000.0,True,0.01820586787553574,0.018195653502689445,1.0214372846296949e-05,0.005325737285775266,7.504011833613428,7.496463003917597,7.672551150608342,7.942535012261942,0.1,0.07672551150608342,0.07942535012261942,150,20,1,1.0,exact FE budget; early stopping and stagnation disabled
flight,WOA,A_tuned_NP,11003004,4,eval,10,1000,105,150000.0,1000.0,1000.0,1000.0,True,0.018194437143218806,0.018195653502689445,-1.2163594706390835e-06,0.0055093595367502485,7.511407226556912,7.497995000449009,7.718632850446738,7.779310981277376,0.1,0.07718632850446738,0.07779310981277376,150,20,1,1.0,exact FE budget; early stopping and stagnation disabled
flight,WOA,A_tuned_NP,11003005,5,eval,10,1000,105,150000.0,1000.0,1000.0,1000.0,True,0.018187845807258598,0.018195653502689445,-7.80769543084689e-06,0.004412995193897428,7.537578177871183,7.531712995842099,7.716167194303125,8.068877010373399,0.1,0.07716167194303125,0.08068877010373399,150,20,1,1.0,exact FE budget; early stopping and stagnation disabled
flight,WOA,A_tuned_NP,11003006,6,eval,10,1000,105,150000.0,1000.0,1000.0,1000.0,True,0.018194591014001463,0.018195653502689445,-1.0624886879820328e-06,0.004002293011228183,7.452089134603739,7.447868003509939,7.5538693883572705,7.8782649943605065,0.1,0.0755386938835727,0.07878264994360507,150,20,1,1.0,exact FE budget; early stopping and stagnation disabled
flight,WOA,A_tuned_NP,11003007,7,eval,10,1000,105,150000.0,1000.0,1000.0,1000.0,True,0.018196108994076542,0.018195653502689445,4.554913870975785e-07,0.003909637433040284,7.472773286087128,7.469475516700186,7.584573699568864,7.6698740012943745,0.1,0.07584573699568864,0.07669874001294374,150,20,1,1.0,exact FE budget; early stopping and stagnation disabled
flight,WOA,A_tuned_NP,11003008,8,eval,10,1000,105,150000.0,1000.0,1000.0,1000.0,True,0.018187255373099075,0.018195653502689445,-8.398129590369424e-06,0.006215437266423785,7.470593347291772,7.4600139778340235,7.632874888076913,7.7242440020199865,0.1,0.07632874888076913,0.07724244002019987,150,20,1,1.0,exact FE budget; early stopping and stagnation disabled
flight,WOA,A_tuned_NP,11003009,9,eval,10,1000,105,150000.0,1000.0,1000.0,1000.0,True,0.018199192825494412,0.018195653502689445,3.5393228049671044e-06,0.004619316297913324,7.513307439706598,7.5207319896435365,7.665498941787519,8.005454001249745,0.1,0.07665498941787519,0.08005454001249745,150,20,1,1.0,exact FE budget; early stopping and stagnation disabled
flight,WOA,A_tuned_NP,11003010,10,eval,10,1000,105,150000.0,1000.0,1000.0,1000.0,True,0.018191558318662437,0.018195653502689445,-4.095184027008009e-06,0.0057493273906334685,7.496075958867247,7.4981404904974625,7.605065948155243,7.804442022461444,0.1,0.07605065948155243,0.07804442022461444,150,20,1,1.0,exact FE budget; early stopping and stagnation disabled
flight,WOA,A_tuned_NP,11003011,11,eval,10,1000,105,150000.0,1000.0,1000.0,1000.0,True,0.018187165329696275,0.018195653502689445,-8.48817299316934e-06,0.0038836684178525384,7.547389534108031,7.54562349175103,7.672260257822927,8.248808997450396,0.1,0.07672260257822927,0.08248808997450396,150,20,1,1.0,exact FE budget; early stopping and stagnation disabled
flight,WOA,A_tuned_NP,11003012,12,eval,10,1000,105,150000.0,1000.0,1000.0,1000.0,True,0.01818601259772833,0.018195653502689445,-9.640904961114721e-06,0.006911513410055918,7.467316354547317,7.47547100763768,7.576505198085215,7.706653006607667,0.1,0.07576505198085215,0.07706653006607667,150,20,1,1.0,exact FE budget; early stopping and stagnation disabled
flight,WOA,A_tuned_NP,11003013,13,eval,10,1000,105,150000.0,1000.0,1000.0,1000.0,True,0.01805486944224217,0.018195653502689445,-0.00014078406044727362,0.036629000681682365,7.513814031650933,7.511472998885438,7.614698992983904,7.767529983539134,0.1,0.07614698992983904,0.07767529983539134,150,20,1,1.0,exact FE budget; early stopping and stagnation disabled
flight,WOA,A_tuned_NP,11003014,14,eval,10,1000,105,150000.0,1000.0,1000.0,1000.0,True,0.018194711614053928,0.018195653502689445,-9.418886355166967e-07,0.003721404267490283,7.487245559653577,7.494141013012268,7.659703190438449,7.735054998192936,0.1,0.0765970319043845,0.07735054998192936,150,20,1,1.0,exact FE budget; early stopping and stagnation disabled
flight,WOA,A_tuned_NP,11003015,15,eval,10,1000,105,150000.0,1000.0,1000.0,1000.0,True,0.018193957207998157,0.018195653502689445,-1.6962946912876808e-06,0.0038309206409414967,7.441877680636632,7.4281205161241814,7.568382043973543,7.767966017127037,0.1,0.07568382043973543,0.07767966017127037,150,20,1,1.0,exact FE budget; early stopping and stagnation disabled
flight,WOA,A_tuned_NP,11003016,16,eval,10,1000,105,150000.0,1000.0,1000.0,1000.0,True,0.01817611178774187,0.018195653502689445,-1.9541714947574756e-05,0.005780919613824192,7.440140700394598,7.438708998961374,7.575414680468384,7.703590003075078,0.1,0.07575414680468384,0.07703590003075078,150,20,1,1.0,exact FE budget; early stopping and stagnation disabled
flight,WOA,A_tuned_NP,11003017,17,eval,10,1000,105,150000.0,1000.0,1000.0,1000.0,True,0.018196252132115977,0.018195653502689445,5.986294265326875e-07,0.0055960607861676925,7.574043885106221,7.563107486930676,7.737011958670337,7.786842004861683,0.1,0.07737011958670337,0.07786842004861683,150,20,1,1.0,exact FE budget; early stopping and stagnation disabled
flight,WOA,A_tuned_NP,11003018,18,eval,10,1000,105,150000.0,1000.0,1000.0,1000.0,True,0.018195712021578065,0.018195653502689445,5.8518888620268106e-08,0.005995345265140976,7.4403691400463385,7.439561493811198,7.592324614233803,7.964857999468222,0.1,0.07592324614233803,0.07964857999468222,150,20,1,1.0,exact FE budget; early stopping and stagnation disabled
flight,WOA,A_tuned_NP,11003019,19,eval,10,1000,105,150000.0,1000.0,1000.0,1000.0,True,0.01819172412693595,0.018195653502689445,-3.92937575349403e-06,0.006148647809258483,7.52642891893629,7.523022490204312,7.689716549066361,7.76835999567993,0.1,0.07689716549066361,0.0776835999567993,150,20,1,1.0,exact FE budget; early stopping and stagnation disabled
flight,SGO,B_common_NP,11010000,0,eval,20,1000,105,150000.0,1000.0,1000.0,1000.0,True,0.018176847087192294,0.018195653502689445,-1.880641549715026e-05,0.01058015545023021,11.814476093277335,11.798546503996477,12.083771156903822,12.311365979257971,0.1,0.12083771156903822,0.12311365979257971,150,20,1,1.0,exact FE budget; early stopping and stagnation disabled
flight,SGO,B_common_NP,11010001,1,eval,20,1000,105,150000.0,1000.0,1000.0,1000.0,True,0.018174655863340224,0.018195653502689445,-2.0997639349221164e-05,0.012095366897139631,11.470386974009065,11.451705999206752,11.794077495869715,12.026398006128147,0.1,0.11794077495869715,0.12026398006128147,150,20,1,1.0,exact FE budget; early stopping and stagnation disabled
flight,SGO,B_common_NP,11010002,2,eval,20,1000,105,150000.0,1000.0,1000.0,1000.0,True,0.018196677029495924,0.018195653502689445,1.0235268064796854e-06,0.011056865555195163,11.430363873951137,11.395480993087403,11.772122846741695,11.96169201284647,0.1,0.11772122846741695,0.1196169201284647,150,20,1,1.0,exact FE budget; early stopping and stagnation disabled
flight,SGO,B_common_NP,11010003,3,eval,20,1000,105,150000.0,1000.0,1000.0,1000.0,True,0.018235247688366492,0.018195653502689445,3.959418567704709e-05,0.01127459715340918,11.646224946986573,11.603253995417617,11.929282241908368,14.416560996323824,0.1,0.11929282241908368,0.14416560996323824,150,20,1,1.0,exact FE budget; early stopping and stagnation disabled
flight,SGO,B_common_NP,11010004,4,eval,20,1000,105,150000.0,1000.0,1000.0,1000.0,True,0.018171274063410583,0.018195653502689445,-2.437943927886127e-05,0.012478286766917847,11.589255446645742,11.585093481699005,11.880743551591877,12.030704005155712,0.1,0.11880743551591877,0.12030704005155712,150,20,1,1.0,exact FE budget; early stopping and stagnation disabled
flight,SGO,B_common_NP,11010005,5,eval,20,1000,105,150000.0,1000.0,1000.0,1000.0,True,0.018176893252498973,0.018195653502689445,-1.8760250190472116e-05,0.011129205070472199,11.559102100048525,11.569977999897674,11.777652744785883,11.951819993555546,0.1,0.11777652744785883,0.11951819993555546,150,20,1,1.0,exact FE budget; early stopping and stagnation disabled
flight,SGO,B_common_NP,11010006,6,eval,20,1000,105,150000.0,1000.0,1000.0,1000.0,True,0.01818500892342095,0.018195653502689445,-1.0644579268494908e-05,0.007450077500574175,11.546381547620209,11.531732001458295,11.848007605294697,12.153098999988288,0.1,0.11848007605294697,0.12153098999988288,150,20,1,1.0,exact FE budget; early stopping and stagnation disabled
flight,SGO,B_common_NP,11010007,7,eval,20,1000,105,150000.0,1000.0,1000.0,1000.0,True,0.018194892216172646,0.018195653502689445,-7.612865167982985e-07,0.013676614559295454,11.51550084759947,11.490809003589675,11.859774704498705,12.081588007276878,0.1,0.11859774704498705,0.12081588007276878,150,20,1,1.0,exact FE budget; early stopping and stagnation disabled
flight,SGO,B_common_NP,11010008,8,eval,20,1000,105,150000.0,1000.0,1000.0,1000.0,True,0.018186339935312688,0.018195653502689445,-9.313567376757065e-06,0.011828731922638506,11.501692967334142,11.511571501614526,11.750555640901439,11.871156981214881,0.1,0.11750555640901439,0.11871156981214881,150,20,1,1.0,exact FE budget; early stopping and stagnation disabled
flight,SGO,B_common_NP,11010009,9,eval,20,1000,105,150000.0,1000.0,1000.0,1000.0,True,0.018214594525881655,0.018195653502689445,1.8941023192210055e-05,0.010743494127080765,11.491450859078517,11.47609249164816,11.746772055630572,11.927619023481384,0.1,0.11746772055630572,0.11927619023481384,150,20,1,1.0,exact FE budget; early stopping and stagnation disabled
flight,SGO,B_common_NP,11010010,10,eval,20,1000,105,150000.0,1000.0,1000.0,1000.0,True,0.018204616321724584,0.018195653502689445,8.962819035139569e-06,0.009654682911659213,11.531227499751063,11.525588983204216,11.754708434455097,11.946098995395005,0.1,0.11754708434455097,0.11946098995395005,150,20,1,1.0,exact FE budget; early stopping and stagnation disabled
flight,SGO,B_common_NP,11010011,11,eval,20,1000,105,150000.0,1000.0,1000.0,1000.0,True,0.018215990474273174,0.018195653502689445,2.0336971583729407e-05,0.010369213675386145,11.504641427115226,11.481352499686182,11.79848179599503,12.08286199835129,0.1,0.1179848179599503,0.12082861998351291,150,20,1,1.0,exact FE budget; early stopping and stagnation disabled
flight,SGO,B_common_NP,11010012,12,eval,20,1000,105,150000.0,1000.0,1000.0,1000.0,True,0.01817028025395716,0.018195653502689445,-2.5373248732283443e-05,0.011978501975042345,11.541307579221515,11.52330549666658,11.793627297447529,12.480439007049426,0.1,0.11793627297447529,0.12480439007049426,150,20,1,1.0,exact FE budget; early stopping and stagnation disabled
flight,SGO,B_common_NP,11010013,13,eval,20,1000,105,150000.0,1000.0,1000.0,1000.0,True,0.018169295421424935,0.018195653502689445,-2.6358081264509642e-05,0.011229618296818816,11.505023005690115,11.513591496623121,11.787347818608396,11.947624996537343,0.1,0.11787347818608396,0.11947624996537343,150,20,1,1.0,exact FE budget; early stopping and stagnation disabled
flight,SGO,B_common_NP,11010014,14,eval,20,1000,105,150000.0,1000.0,1000.0,1000.0,True,0.018152777720416225,0.018195653502689445,-4.287578227321967e-05,0.010837775964304125,11.57883768551983,11.572619507205673,11.78592035867041,12.595400010468438,0.1,0.1178592035867041,0.12595400010468438,150,20,1,1.0,exact FE budget; early stopping and stagnation disabled
flight,SGO,B_common_NP,11010015,15,eval,20,1000,105,150000.0,1000.0,1000.0,1000.0,True,0.018162987897553624,0.018195653502689445,-3.266560513582109e-05,0.011183654273075907,11.482824038830586,11.470196492155083,11.750298499828205,12.354981008684263,0.1,0.11750298499828205,0.12354981008684263,150,20,1,1.0,exact FE budget; early stopping and stagnation disabled
flight,SGO,B_common_NP,11010016,16,eval,20,1000,105,150000.0,1000.0,1000.0,1000.0,True,0.018162782691105533,0.018195653502689445,-3.2870811583912e-05,0.01255572354017048,11.45101013923219,11.444432006101124,11.738520105427597,11.92095602164045,0.1,0.11738520105427597,0.1192095602164045,150,20,1,1.0,exact FE budget; early stopping and stagnation disabled
flight,SGO,B_common_NP,11010017,17,eval,20,1000,105,150000.0,1000.0,1000.0,1000.0,True,0.018136848769154473,0.018195653502689445,-5.8804733534971454e-05,0.01418559200680544,11.604104253347032,11.607757507590577,11.904587740718853,12.436899996828288,0.1,0.11904587740718853,0.12436899996828288,150,20,1,1.0,exact FE budget; early stopping and stagnation disabled
flight,SGO,B_common_NP,11010018,18,eval,20,1000,105,150000.0,1000.0,1000.0,1000.0,True,0.01820277954571786,0.018195653502689445,7.126043028413825e-06,0.01034146380696026,11.560352108596513,11.52869701036252,11.943565054389182,12.207954976474866,0.1,0.11943565054389182,0.12207954976474866,150,20,1,1.0,exact FE budget; early stopping and stagnation disabled
flight,SGO,B_common_NP,11010019,19,eval,20,1000,105,150000.0,1000.0,1000.0,1000.0,True,0.018197103756432888,0.018195653502689445,1.4502537434429863e-06,0.012111375364328046,11.57206426083576,11.554495999007486,11.895877117058262,12.323600996751338,0.1,0.11895877117058262,0.12323600996751338,150,20,1,1.0,exact FE budget; early stopping and stagnation disabled
flight,GWO,B_common_NP,11011000,0,eval,20,1000,55,150000.0,1000.0,1000.0,1000.0,True,0.01819663092495222,0.018195653502689445,9.774222627760565e-07,0.0038168641945921593,12.655848053400405,12.63174699852243,12.896140049269889,12.934414990013465,0.1,0.12896140049269889,0.12934414990013465,150,20,1,1.0,exact FE budget; early stopping and stagnation disabled
flight,GWO,B_common_NP,11011001,1,eval,20,1000,55,150000.0,1000.0,1000.0,1000.0,True,0.018173119589803683,0.018195653502689445,-2.2533912885761703e-05,0.004269786245877945,12.574787320724377,12.56078299775254,12.819510747794993,12.974402983672917,0.1,0.12819510747794993,0.12974402983672917,150,20,1,1.0,exact FE budget; early stopping and stagnation disabled
flight,GWO,B_common_NP,11011002,2,eval,20,1000,55,150000.0,1000.0,1000.0,1000.0,True,0.0182116338368371,0.018195653502689445,1.5980334147656233e-05,0.003106323619528337,12.552794720007418,12.540998504846357,12.790348251292016,12.951531010912731,0.1,0.12790348251292016,0.1295153101091273,150,20,1,1.0,exact FE budget; early stopping and stagnation disabled
flight,GWO,B_common_NP,11011003,3,eval,20,1000,55,150000.0,1000.0,1000.0,1000.0,True,0.018192668153901217,0.018195653502689445,-2.985348788227954e-06,0.003490336224420754,12.534720687350879,12.544133511255495,12.768976640654728,12.97166501171887,0.1,0.12768976640654728,0.1297166501171887,150,20,1,1.0,exact FE budget; early stopping and stagnation disabled
flight,GWO,B_common_NP,11011004,4,eval,20,1000,55,150000.0,1000.0,1000.0,1000.0,True,0.018203683188594024,0.018195653502689445,8.029685904579337e-06,0.003829615502650782,12.718440267102173,12.727550987619907,13.023183881887235,13.162098999600857,0.1,0.13023183881887235,0.13162098999600857,150,20,1,1.0,exact FE budget; early stopping and stagnation disabled
flight,GWO,B_common_NP,11011005,5,eval,20,1000,55,150000.0,1000.0,1000.0,1000.0,True,0.01820055185619968,0.018195653502689445,4.898353510234682e-06,0.003244902570703255,12.596984507399611,12.576959998114035,12.804928040714003,13.438507012324408,0.1,0.12804928040714003,0.13438507012324408,150,20,1,1.0,exact FE budget; early stopping and stagnation disabled
flight,GWO,B_common_NP,11011006,6,eval,20,1000,55,150000.0,1000.0,1000.0,1000.0,True,0.01819549271750447,0.018195653502689445,-1.6078518497511518e-07,0.003847432923082319,12.564928666882528,12.557005509734154,12.6802507424145,12.850219995016232,0.1,0.126802507424145,0.12850219995016232,150,20,1,1.0,exact FE budget; early stopping and stagnation disabled
flight,GWO,B_common_NP,11011007,7,eval,20,1000,55,150000.0,1000.0,1000.0,1000.0,True,0.018204051939962988,0.018195653502689445,8.398437273543502e-06,0.0037374732439772384,12.5928491934125,12.580026494106278,12.72876934526721,13.158215006114915,0.1,0.1272876934526721,0.13158215006114915,150,20,1,1.0,exact FE budget; early stopping and stagnation disabled
flight,GWO,B_common_NP,11011008,8,eval,20,1000,55,150000.0,1000.0,1000.0,1000.0,True,0.018187871122354836,0.018195653502689445,-7.782380334608874e-06,0.003614721994906629,12.515952207225686,12.495296992710792,12.70495339849731,13.055660005193204,0.1,0.1270495339849731,0.13055660005193204,150,20,1,1.0,exact FE budget; early stopping and stagnation disabled
flight,GWO,B_common_NP,11011009,9,eval,20,1000,55,150000.0,1000.0,1000.0,1000.0,True,0.01819742393442586,0.018195653502689445,1.770431736415612e-06,0.003255432763936146,12.591399720598323,12.578355002915487,12.861316805356182,12.950128002557904,0.1,0.12861316805356182,0.12950128002557904,150,20,1,1.0,exact FE budget; early stopping and stagnation disabled
flight,GWO,B_common_NP,11011010,10,eval,20,1000,55,150000.0,1000.0,1000.0,1000.0,True,0.018205761746819073,0.018195653502689445,1.0108244129627963e-05,0.004199931498519198,12.546015073894523,12.531801505247131,12.797685357509181,13.001940009417012,0.1,0.1279768535750918,0.13001940009417012,150,20,1,1.0,exact FE budget; early stopping and stagnation disabled
flight,GWO,B_common_NP,11011011,11,eval,20,1000,55,150000.0,1000.0,1000.0,1000.0,True,0.018202349341138957,0.018195653502689445,6.695838449512215e-06,0.00352976205877658,12.606596866583763,12.582938012201339,12.81378734856844,13.303118001203984,0.1,0.1281378734856844,0.13303118001203984,150,20,1,1.0,exact FE budget; early stopping and stagnation disabled
flight,GWO,B_common_NP,11011012,12,eval,20,1000,55,150000.0,1000.0,1000.0,1000.0,True,0.018192098905033958,0.018195653502689445,-3.554597655486963e-06,0.003411810641081089,12.609703347164517,12.59407150791958,12.865526603127364,12.978045007912442,0.1,0.12865526603127364,0.12978045007912442,150,20,1,1.0,exact FE budget; early stopping and stagnation disabled
flight,GWO,B_common_NP,11011013,13,eval,20,1000,55,150000.0,1000.0,1000.0,1000.0,True,0.018181351912249347,0.018195653502689445,-1.4301590440097406e-05,0.004409924874449427,12.587325139902532,12.575271000969224,12.781380601518322,13.111373002175242,0.1,0.12781380601518322,0.13111373002175242,150,20,1,1.0,exact FE budget; early stopping and stagnation disabled
flight,GWO,B_common_NP,11011014,14,eval,20,1000,55,150000.0,1000.0,1000.0,1000.0,True,0.01818576432105553,0.018195653502689445,-9.889181633915278e-06,0.003962956712176648,12.665469027512396,12.645203998545185,12.898620351916179,12.94688499183394,0.1,0.1289862035191618,0.1294688499183394,150,20,1,1.0,exact FE budget; early stopping and stagnation disabled
flight,GWO,B_common_NP,11011015,15,eval,20,1000,55,150000.0,1000.0,1000.0,1000.0,True,0.01819076002193576,0.018195653502689445,-4.8934807536857305e-06,0.003481288668101079,12.664177042315714,12.65127951046452,12.878781402832828,13.585870998213068,0.1,0.12878781402832828,0.13585870998213068,150,20,1,1.0,exact FE budget; early stopping and stagnation disabled
flight,GWO,B_common_NP,11011016,16,eval,20,1000,55,150000.0,1000.0,1000.0,1000.0,True,0.018191531501009866,0.018195653502689445,-4.122001679578852e-06,0.0037030483288721856,12.86548150218247,12.625205999938771,12.943181445007212,30.408302001887932,0.1,0.12943181445007212,0.3040830200188793,150,20,1,1.0,exact FE budget; early stopping and stagnation disabled
flight,GWO,B_common_NP,11011017,17,eval,20,1000,55,150000.0,1000.0,1000.0,1000.0,True,0.018187470169579115,0.018195653502689445,-8.1833331103294e-06,0.0045610739722072935,12.614843812577115,12.571003491757438,12.855766636494081,18.253054993692786,0.1,0.12855766636494081,0.18253054993692786,150,20,1,1.0,exact FE budget; early stopping and stagnation disabled
flight,GWO,B_common_NP,11011018,18,eval,20,1000,55,150000.0,1000.0,1000.0,1000.0,True,0.01818997667613546,0.018195653502689445,-5.676826553984576e-06,0.0033032004022160878,12.52116218189864,12.513617999502458,12.794038647552952,13.044361025094986,0.1,0.12794038647552952,0.13044361025094986,150,20,1,1.0,exact FE budget; early stopping and stagnation disabled
flight,GWO,B_common_NP,11011019,19,eval,20,1000,55,150000.0,1000.0,1000.0,1000.0,True,0.01821034590786429,0.018195653502689445,1.4692405174845241e-05,0.0035929907285182703,12.53358790728574,12.552526488434523,12.714667402906343,12.872710009105504,0.1,0.12714667402906343,0.12872710009105504,150,20,1,1.0,exact FE budget; early stopping and stagnation disabled
flight,PSO,B_common_NP,11012000,0,eval,20,1000,55,150000.0,1000.0,1000.0,1000.0,True,0.018194834952351847,0.018195653502689445,-8.185503375980618e-07,0.004647480523657871,3.5163093715285263,3.4720954863587394,3.535923405434005,7.590383000206202,0.1,0.03535923405434005,0.07590383000206202,150,20,1,1.0,exact FE budget; early stopping and stagnation disabled
flight,PSO,B_common_NP,11012001,1,eval,20,1000,55,150000.0,1000.0,1000.0,1000.0,True,0.018421844587868705,0.018195653502689445,0.00022619108517926007,0.03112175646699655,3.4948975406587124,3.4927384986076504,3.5654053979669698,3.690199984703213,0.1,0.0356540539796697,0.03690199984703213,150,20,1,1.0,exact FE budget; early stopping and stagnation disabled
flight,PSO,B_common_NP,11012002,2,eval,20,1000,55,150000.0,1000.0,1000.0,1000.0,True,0.018193197469066818,0.018195653502689445,-2.456033622626891e-06,0.006080960396834206,3.5067478934070095,3.4948199900100008,3.5642662129248492,4.530781006906182,0.1,0.03564266212924849,0.045307810069061816,150,20,1,1.0,exact FE budget; early stopping and stagnation disabled
flight,PSO,B_common_NP,11012003,3,eval,20,1000,55,150000.0,1000.0,1000.0,1000.0,True,0.01819839391362045,0.018195653502689445,2.740410931005577e-06,0.005229125431176222,3.5076266732842973,3.499971513519995,3.5661277957842685,3.619467024691403,0.1,0.035661277957842685,0.03619467024691403,150,20,1,1.0,exact FE budget; early stopping and stagnation disabled
flight,PSO,B_common_NP,11012004,4,eval,20,1000,55,150000.0,1000.0,1000.0,1000.0,True,0.018195454364349033,0.018195653502689445,-1.9913834041138112e-07,0.004710940262540433,3.498897785320878,3.4923375060316175,3.5689725060365163,3.7985669914633036,0.1,0.03568972506036516,0.037985669914633036,150,20,1,1.0,exact FE budget; early stopping and stagnation disabled
flight,PSO,B_common_NP,11012005,5,eval,20,1000,55,150000.0,1000.0,1000.0,1000.0,True,0.018199360720058587,0.018195653502689445,3.707217369142146e-06,0.005517678998459083,3.5025583465661234,3.49431399081368,3.5733144351979718,3.6973499809391797,0.1,0.03573314435197972,0.0369734998093918,150,20,1,1.0,exact FE budget; early stopping and stagnation disabled
flight,PSO,B_common_NP,11012006,6,eval,20,1000,55,150000.0,1000.0,1000.0,1000.0,True,0.01842122248759856,0.018195653502689445,0.00022556898490911498,0.0307569219833691,3.4858334669843316,3.484433502308093,3.58089133806061,3.661741007817909,0.1,0.0358089133806061,0.03661741007817909,150,20,1,1.0,exact FE budget; early stopping and stagnation disabled
flight,PSO,B_common_NP,11012007,7,eval,20,1000,55,150000.0,1000.0,1000.0,1000.0,True,0.01819692735821096,0.018195653502689445,1.2738555215142944e-06,0.006111785152523694,3.4765976727552093,3.482942993286997,3.5251667475677095,3.568159998394549,0.1,0.035251667475677095,0.03568159998394549,150,20,1,1.0,exact FE budget; early stopping and stagnation disabled
flight,PSO,B_common_NP,11012008,8,eval,20,1000,55,150000.0,1000.0,1000.0,1000.0,True,0.01819329358628182,0.018195653502689445,-2.3599164076237855e-06,0.005007859853761242,3.4724069066578522,3.4705769940046594,3.5209086432587355,5.052837019320577,0.1,0.035209086432587355,0.050528370193205774,150,20,1,1.0,exact FE budget; early stopping and stagnation disabled
flight,PSO,B_common_NP,11012009,9,eval,20,1000,55,150000.0,1000.0,1000.0,1000.0,True,0.018200288082168243,0.018195653502689445,4.6345794787981676e-06,0.006169639418416036,3.5074648410469913,3.4984049998456612,3.592676641710568,3.675398009363562,0.1,0.03592676641710568,0.03675398009363562,150,20,1,1.0,exact FE budget; early stopping and stagnation disabled
flight,PSO,B_common_NP,11012010,10,eval,20,1000,55,150000.0,1000.0,1000.0,1000.0,True,0.0181953667767723,0.018195653502689445,-2.867259171444869e-07,0.005271189798390418,3.486638919566758,3.487641501124017,3.5443612505332567,3.625885001383722,0.1,0.03544361250533257,0.03625885001383722,150,20,1,1.0,exact FE budget; early stopping and stagnation disabled
flight,PSO,B_common_NP,11012011,11,eval,20,1000,55,150000.0,1000.0,1000.0,1000.0,True,0.018193865333502948,0.018195653502689445,-1.7881691864972404e-06,0.005271902180547211,3.4870434719293066,3.486882007564418,3.561115350748878,3.6764609976671636,0.1,0.03561115350748878,0.036764609976671636,150,20,1,1.0,exact FE budget; early stopping and stagnation disabled
flight,PSO,B_common_NP,11012012,12,eval,20,1000,55,150000.0,1000.0,1000.0,1000.0,True,0.018197646521202128,0.018195653502689445,1.9930185126831867e-06,0.007071889521647125,3.506905027121926,3.4984159865416586,3.5856132511980827,3.7773100193589926,0.1,0.035856132511980825,0.037773100193589926,150,20,1,1.0,exact FE budget; early stopping and stagnation disabled
flight,PSO,B_common_NP,11012013,13,eval,20,1000,55,150000.0,1000.0,1000.0,1000.0,True,0.018197262030729265,0.018195653502689445,1.6085280398203672e-06,0.005435739317063307,3.4956671736047915,3.493673008051701,3.559479594696313,3.6949089844711125,0.1,0.03559479594696313,0.036949089844711125,150,20,1,1.0,exact FE budget; early stopping and stagnation disabled
flight,PSO,B_common_NP,11012014,14,eval,20,1000,55,150000.0,1000.0,1000.0,1000.0,True,0.018195707832479445,0.018195653502689445,5.4329790000196e-08,0.005039249984955613,3.473506646696478,3.4760694979922846,3.514994507713709,3.5555279755499214,0.1,0.03514994507713709,0.035555279755499214,150,20,1,1.0,exact FE budget; early stopping and stagnation disabled
flight,PSO,B_common_NP,11012015,15,eval,20,1000,55,150000.0,1000.0,1000.0,1000.0,True,0.01819328793272632,0.018195653502689445,-2.3655699631260074e-06,0.006088539605185931,3.465539225920414,3.4738979884423316,3.51803600351559,3.5585710138548166,0.1,0.0351803600351559,0.035585710138548166,150,20,1,1.0,exact FE budget; early stopping and stagnation disabled
flight,PSO,B_common_NP,11012016,16,eval,20,1000,55,150000.0,1000.0,1000.0,1000.0,True,0.01819830697414368,0.018195653502689445,2.653471454235057e-06,0.006612813876738083,3.4982650055705258,3.4923759958473966,3.572994554997422,3.6308020062278956,0.1,0.03572994554997422,0.036308020062278956,150,20,1,1.0,exact FE budget; early stopping and stagnation disabled
flight,PSO,B_common_NP,11012017,17,eval,20,1000,55,150000.0,1000.0,1000.0,1000.0,True,0.018415657180214637,0.018195653502689445,0.00022000367752519207,0.032422147389061254,3.4845325589412823,3.481824489426799,3.5508729954017326,4.070719995070249,0.1,0.035508729954017326,0.04070719995070249,150,20,1,1.0,exact FE budget; early stopping and stagnation disabled
flight,PSO,B_common_NP,11012018,18,eval,20,1000,55,150000.0,1000.0,1000.0,1000.0,True,0.018195608814964823,0.018195653502689445,-4.468772462143389e-08,0.005025528921561322,3.4818807059976584,3.4827595081878826,3.552403005596716,3.627395984949544,0.1,0.03552403005596716,0.03627395984949544,150,20,1,1.0,exact FE budget; early stopping and stagnation disabled
flight,PSO,B_common_NP,11012019,19,eval,20,1000,55,150000.0,1000.0,1000.0,1000.0,True,0.018198756196997554,0.018195653502689445,3.1026943081088887e-06,0.007302891077336276,3.479857612789298,3.4841055021388456,3.524611343163997,3.554686001734808,0.1,0.03524611343163997,0.03554686001734808,150,20,1,1.0,exact FE budget; early stopping and stagnation disabled
flight,WOA,B_common_NP,11013000,0,eval,20,1000,55,150000.0,1000.0,1000.0,1000.0,True,0.01819187230621735,0.018195653502689445,-3.781196472093379e-06,0.0017373108769274555,7.338553677739886,7.342323995544575,7.491060195025057,7.567441993160173,0.1,0.07491060195025057,0.07567441993160173,150,20,1,1.0,exact FE budget; early stopping and stagnation disabled
flight,WOA,B_common_NP,11013001,1,eval,20,1000,55,150000.0,1000.0,1000.0,1000.0,True,0.01818864187973359,0.018195653502689445,-7.011622955854779e-06,0.0024795423457365014,7.3298874935911345,7.332948996918276,7.525983253435697,7.706464995862916,0.1,0.07525983253435697,0.07706464995862916,150,20,1,1.0,exact FE budget; early stopping and stagnation disabled
flight,WOA,B_common_NP,11013002,2,eval,20,1000,55,150000.0,1000.0,1000.0,1000.0,True,0.0182006540834446,0.018195653502689445,5.000580755153833e-06,0.0035464207457545963,7.368745333515108,7.3715360049391165,7.5113030936336145,7.965610013343394,0.1,0.07511303093633614,0.07965610013343394,150,20,1,1.0,exact FE budget; early stopping and stagnation disabled
flight,WOA,B_common_NP,11013003,3,eval,20,1000,55,150000.0,1000.0,1000.0,1000.0,True,0.018195889155959516,0.018195653502689445,2.3565327007118997e-07,0.0017482312125126573,7.35899971332401,7.347668492002413,7.548529744963162,8.02953602396883,0.1,0.07548529744963162,0.08029536023968831,150,20,1,1.0,exact FE budget; early stopping and stagnation disabled
flight,WOA,B_common_NP,11013004,4,eval,20,1000,55,150000.0,1000.0,1000.0,1000.0,True,0.01820393556003509,0.018195653502689445,8.28205734564394e-06,0.004155899470478822,7.284380804824953,7.272668502992019,7.41783898556605,7.697997993091121,0.1,0.0741783898556605,0.07697997993091121,150,20,1,1.0,exact FE budget; early stopping and stagnation disabled
flight,WOA,B_common_NP,11013005,5,eval,20,1000,55,150000.0,1000.0,1000.0,1000.0,True,0.018196113646681,0.018195653502689445,4.601439915555283e-07,0.0023759224593780212,7.349823520441229,7.356104993959889,7.524635961453896,7.703983981627971,0.1,0.07524635961453896,0.07703983981627971,150,20,1,1.0,exact FE budget; early stopping and stagnation disabled
flight,WOA,B_common_NP,11013006,6,eval,20,1000,55,150000.0,1000.0,1000.0,1000.0,True,0.018193009958306246,0.018195653502689445,-2.643544383198332e-06,0.0032308440217935857,7.297838032633687,7.290686495252885,7.436130983114708,9.116836998146027,0.1,0.07436130983114708,0.09116836998146027,150,20,1,1.0,exact FE budget; early stopping and stagnation disabled
flight,WOA,B_common_NP,11013007,7,eval,20,1000,55,150000.0,1000.0,1000.0,1000.0,True,0.018192784340974565,0.018195653502689445,-2.869161714880164e-06,0.0022259779691054587,7.341197513354321,7.322769990423694,7.451742990815546,8.224145974963903,0.1,0.07451742990815546,0.08224145974963903,150,20,1,1.0,exact FE budget; early stopping and stagnation disabled
flight,WOA,B_common_NP,11013008,8,eval,20,1000,55,150000.0,1000.0,1000.0,1000.0,True,0.018186555235444636,0.018195653502689445,-9.098267244808667e-06,0.002433713657593785,7.350154498708434,7.32089149823878,7.507997954962775,13.64637998631224,0.1,0.07507997954962775,0.1364637998631224,150,20,1,1.0,exact FE budget; early stopping and stagnation disabled
flight,WOA,B_common_NP,11013009,9,eval,20,1000,55,150000.0,1000.0,1000.0,1000.0,True,0.018196983321416973,0.018195653502689445,1.3298187275280482e-06,0.0016174708045558035,7.3423594870837405,7.3300200019730255,7.5246812994009815,7.805625005858019,0.1,0.07524681299400982,0.07805625005858019,150,20,1,1.0,exact FE budget; early stopping and stagnation disabled
flight,WOA,B_common_NP,11013010,10,eval,20,1000,55,150000.0,1000.0,1000.0,1000.0,True,0.018198696574563824,0.018195653502689445,3.0430718743791607e-06,0.002078192416601436,7.3778764144905535,7.373515996732749,7.546352360805031,7.618364994414151,0.1,0.07546352360805031,0.07618364994414151,150,20,1,1.0,exact FE budget; early stopping and stagnation disabled
flight,WOA,B_common_NP,11013011,11,eval,20,1000,55,150000.0,1000.0,1000.0,1000.0,True,0.01819015098114273,0.018195653502689445,-5.502521546713046e-06,0.0022577142947135384,7.388671399870266,7.387511490378529,7.540287099254783,7.778434985084459,0.1,0.07540287099254783,0.07778434985084459,150,20,1,1.0,exact FE budget; early stopping and stagnation disabled
flight,WOA,B_common_NP,11013012,12,eval,20,1000,55,150000.0,1000.0,1000.0,1000.0,True,0.018193551702588316,0.018195653502689445,-2.1018001011285925e-06,0.0022566202636508962,7.3039908658635495,7.31136450485792,7.421457408054266,7.73275998653844,0.1,0.07421457408054266,0.0773275998653844,150,20,1,1.0,exact FE budget; early stopping and stagnation disabled
flight,WOA,B_common_NP,11013013,13,eval,20,1000,55,150000.0,1000.0,1000.0,1000.0,True,0.018195623532499167,0.018195653502689445,-2.997019027742298e-08,0.002524867896247404,7.298688666778617,7.306626997888088,7.411880114523228,7.623114011948928,0.1,0.07411880114523228,0.07623114011948928,150,20,1,1.0,exact FE budget; early stopping and stagnation disabled
flight,WOA,B_common_NP,11013014,14,eval,20,1000,55,150000.0,1000.0,1000.0,1000.0,True,0.01819832913706538,0.018195653502689445,2.6756343759343215e-06,0.002136662955611121,7.31132053246256,7.3170739924535155,7.432258904736955,7.5228799832984805,0.1,0.07432258904736955,0.0752287998329848,150,20,1,1.0,exact FE budget; early stopping and stagnation disabled
flight,WOA,B_common_NP,11013015,15,eval,20,1000,55,150000.0,1000.0,1000.0,1000.0,True,0.018199795800359138,0.018195653502689445,4.142297669693096e-06,0.0024539487069904155,7.3738871204356355,7.376083012786694,7.504174354835413,7.591205998323858,0.1,0.07504174354835413,0.07591205998323858,150,20,1,1.0,exact FE budget; early stopping and stagnation disabled
flight,WOA,B_common_NP,11013016,16,eval,20,1000,55,150000.0,1000.0,1000.0,1000.0,True,0.018193482229561755,0.018195653502689445,-2.1712731276893327e-06,0.001963746936149709,7.295751847365561,7.290378998732194,7.44227199757006,7.566783984657377,0.1,0.0744227199757006,0.07566783984657377,150,20,1,1.0,exact FE budget; early stopping and stagnation disabled
flight,WOA,B_common_NP,11013017,17,eval,20,1000,55,150000.0,1000.0,1000.0,1000.0,True,0.018195862088143677,0.018195653502689445,2.0858545423177444e-07,0.0021820951138110532,7.321524879856345,7.327055500354618,7.430675897921901,7.832962000975385,0.1,0.07430675897921901,0.07832962000975385,150,20,1,1.0,exact FE budget; early stopping and stagnation disabled
flight,WOA,B_common_NP,11013018,18,eval,20,1000,55,150000.0,1000.0,1000.0,1000.0,True,0.01818929211810691,0.018195653502689445,-6.361384582535823e-06,0.002146203806775762,7.331890226923861,7.341485514189117,7.420425159216393,7.470526004908606,0.1,0.07420425159216393,0.07470526004908606,150,20,1,1.0,exact FE budget; early stopping and stagnation disabled
flight,WOA,B_common_NP,11013019,19,eval,20,1000,55,150000.0,1000.0,1000.0,1000.0,True,0.018198763387322195,0.018195653502689445,3.1098846327501373e-06,0.002634266710581569,7.345804798727234,7.334944515605457,7.580123798106797,7.606148021295667,0.1,0.07580123798106797,0.07606148021295667,150,20,1,1.0,exact FE budget; early stopping and stagnation disabled
hvac,SGO,A_tuned_NP,12000000,0,eval,30,1000,72,1500000.0,1000.0,1000.0,1000.0,True,0.020753254460610382,0.020766893738445827,-1.363927783544494e-05,0.13600952742203798,11.280964363133535,11.281369996140711,11.604056763462722,12.042253016261384,0.1,0.11604056763462722,0.12042253016261384,1500,20,1,1.0,exact FE budget; early stopping and stagnation disabled
hvac,SGO,A_tuned_NP,12000001,1,eval,30,1000,72,1500000.0,1000.0,1000.0,1000.0,True,0.020753415726441737,0.020766893738445827,-1.347801200408949e-05,0.13266605757797137,11.221425354558354,11.209344505914487,11.543184959737118,14.528792002238333,0.1,0.11543184959737118,0.14528792002238333,1500,20,1,1.0,exact FE budget; early stopping and stagnation disabled
hvac,SGO,A_tuned_NP,12000002,2,eval,30,1000,72,1500000.0,1000.0,1000.0,1000.0,True,0.02075269497040125,0.020766893738445827,-1.4198768044575844e-05,0.13372831185549008,11.43893602519529,11.427703997469507,11.759091705607716,19.17885200236924,0.1,0.11759091705607716,0.1917885200236924,1500,20,1,1.0,exact FE budget; early stopping and stagnation disabled
hvac,SGO,A_tuned_NP,12000003,3,eval,30,1000,72,1500000.0,1000.0,1000.0,1000.0,True,0.020751688255338695,0.020766893738445827,-1.5205483107131462e-05,0.14451322665479627,11.311762438466152,11.307770007988438,11.630512443662155,12.53276999341324,0.1,0.11630512443662155,0.1253276999341324,1500,20,1,1.0,exact FE budget; early stopping and stagnation disabled
hvac,SGO,A_tuned_NP,12000004,4,eval,30,1000,72,1500000.0,1000.0,1000.0,1000.0,True,0.020748400622451448,0.020766893738445827,-1.8493115994378667e-05,0.1261632135925196,11.255159865696138,11.248483002418652,11.558907595463097,13.309738016687334,0.1,0.11558907595463097,0.13309738016687334,1500,20,1,1.0,exact FE budget; early stopping and stagnation disabled
hvac,SGO,A_tuned_NP,12000005,5,eval,30,1000,72,1500000.0,1000.0,1000.0,1000.0,True,0.020755108907672067,0.020766893738445827,-1.1784830773759608e-05,0.12805426776593495,11.238184579783896,11.231943004531786,11.558859219076112,12.384153000311926,0.1,0.11558859219076112,0.12384153000311926,1500,20,1,1.0,exact FE budget; early stopping and stagnation disabled
hvac,SGO,A_tuned_NP,12000006,6,eval,30,1000,72,1500000.0,1000.0,1000.0,1000.0,True,0.02075148705882041,0.020766893738445827,-1.5406679625417502e-05,0.1271996767555624,11.204101582096579,11.19129550352227,11.503142170840874,12.168948975158855,0.1,0.11503142170840874,0.12168948975158855,1500,20,1,1.0,exact FE budget; early stopping and stagnation disabled
hvac,SGO,A_tuned_NP,12000007,7,eval,30,1000,72,1500000.0,1000.0,1000.0,1000.0,True,0.02075046561218515,0.020766893738445827,-1.6428126260677883e-05,0.12824075574365817,11.21365841124983,11.209163494640961,11.506644224573392,12.273731990717351,0.1,0.11506644224573392,0.12273731990717351,1500,20,1,1.0,exact FE budget; early stopping and stagnation disabled
hvac,SGO,A_tuned_NP,12000008,8,eval,30,1000,72,1500000.0,1000.0,1000.0,1000.0,True,0.020751400779792848,0.020766893738445827,-1.549295865297881e-05,0.13675170456000954,11.20503996143816,11.193952494068071,11.475312247057445,16.021485993405804,0.1,0.11475312247057445,0.16021485993405804,1500,20,1,1.0,exact FE budget; early stopping and stagnation disabled
hvac,SGO,A_tuned_NP,12000009,9,eval,30,1000,72,1500000.0,1000.0,1000.0,1000.0,True,0.020753107776940723,0.020766893738445827,-1.37859615051035e-05,0.13212134949095003,11.190034752963887,11.176060521393083,11.491651140386239,11.916727002244443,0.1,0.11491651140386239,0.11916727002244443,1500,20,1,1.0,exact FE budget; early stopping and stagnation disabled
hvac,SGO,A_tuned_NP,12000010,10,eval,30,1000,72,1500000.0,1000.0,1000.0,1000.0,True,0.020751797846171992,0.020766893738445827,-1.5095892273834371e-05,0.13677004232694637,11.205352915664358,11.197573505342007,11.490154758212157,12.092360004317015,0.1,0.11490154758212157,0.12092360004317015,1500,20,1,1.0,exact FE budget; early stopping and stagnation disabled
hvac,SGO,A_tuned_NP,12000011,11,eval,30,1000,72,1500000.0,1000.0,1000.0,1000.0,True,0.02075282975278373,0.020766893738445827,-1.4063985662095269e-05,0.1286671038070439,11.243821102233293,11.231844997382723,11.552955649676733,16.024331998778507,0.1,0.11552955649676733,0.16024331998778507,1500,20,1,1.0,exact FE budget; early stopping and stagnation disabled
hvac,SGO,A_tuned_NP,12000012,12,eval,30,1000,72,1500000.0,1000.0,1000.0,1000.0,True,0.02075616783201754,0.020766893738445827,-1.072590642828622e-05,0.12731342120464695,11.218084112779858,11.200374516192824,11.53396336158039,13.080460979836062,0.1,0.1153396336158039,0.13080460979836062,1500,20,1,1.0,exact FE budget; early stopping and stagnation disabled
hvac,SGO,A_tuned_NP,12000013,13,eval,30,1000,72,1500000.0,1000.0,1000.0,1000.0,True,0.020754996455164956,0.020766893738445827,-1.189728328087128e-05,0.1257943216496192,11.246954531195419,11.24028598133009,11.532980647461955,14.414864999707788,0.1,0.11532980647461955,0.14414864999707788,1500,20,1,1.0,exact FE budget; early stopping and stagnation disabled
hvac,SGO,A_tuned_NP,12000014,14,eval,30,1000,72,1500000.0,1000.0,1000.0,1000.0,True,0.020751149024205922,0.020766893738445827,-1.5744714239904894e-05,0.12904797539412025,11.217344055476133,11.211889504920691,11.5232223412022,12.482575984904543,0.1,0.115232223412022,0.12482575984904543,1500,20,1,1.0,exact FE budget; early stopping and stagnation disabled
hvac,SGO,A_tuned_NP,12000015,15,eval,30,1000,72,1500000.0,1000.0,1000.0,1000.0,True,0.020752629551978534,0.020766893738445827,-1.4264186467292939e-05,0.13461500452014308,11.229810356046073,11.224006506381556,11.515727591176983,13.797631982015446,0.1,0.11515727591176983,0.13797631982015446,1500,20,1,1.0,exact FE budget; early stopping and stagnation disabled
hvac,SGO,A_tuned_NP,12000016,16,eval,30,1000,72,1500000.0,1000.0,1000.0,1000.0,True,0.020750001002609087,0.020766893738445827,-1.6892735836739753e-05,0.1303043126149741,11.273840848705731,11.265907509368844,11.570517119253054,12.629671982722357,0.1,0.11570517119253054,0.12629671982722357,1500,20,1,1.0,exact FE budget; early stopping and stagnation disabled
hvac,SGO,A_tuned_NP,12000017,17,eval,30,1000,72,1500000.0,1000.0,1000.0,1000.0,True,0.020752744214803,0.020766893738445827,-1.414952364282851e-05,0.13039417026579347,11.231802240848387,11.217624502023682,11.537730254349299,14.60387502447702,0.1,0.11537730254349299,0.1460387502447702,1500,20,1,1.0,exact FE budget; early stopping and stagnation disabled
hvac,SGO,A_tuned_NP,12000018,18,eval,30,1000,72,1500000.0,1000.0,1000.0,1000.0,True,0.02075195488989762,0.020766893738445827,-1.4938848548206457e-05,0.13104833235489602,11.233000211049026,11.223979483474977,11.532956249720883,19.798138004262,0.1,0.11532956249720883,0.19798138004262,1500,20,1,1.0,exact FE budget; early stopping and stagnation disabled
hvac,SGO,A_tuned_NP,12000019,19,eval,30,1000,72,1500000.0,1000.0,1000.0,1000.0,True,0.020749706787613193,0.020766893738445827,-1.7186950832633746e-05,0.14060549149267432,11.313848400236262,11.291565984720364,11.64319510862697,13.282663014251739,0.1,0.11643195108626969,0.1328266301425174,1500,20,1,1.0,exact FE budget; early stopping and stagnation disabled
hvac,GWO,A_tuned_NP,12001000,0,eval,30,1000,39,1500000.0,1000.0,1000.0,1000.0,True,0.020761421107210066,0.020766893738445827,-5.472631235761e-06,0.07318195165076154,16.073098978687387,16.048883000621572,16.437294974457473,17.44826100184582,0.1,0.16437294974457473,0.17448261001845822,1500,20,1,1.0,exact FE budget; early stopping and stagnation disabled
hvac,GWO,A_tuned_NP,12001001,1,eval,30,1000,39,1500000.0,1000.0,1000.0,1000.0,True,0.020758664657806083,0.020766893738445827,-8.229080639743369e-06,0.07665586709647217,16.023089462755404,16.00422199408058,16.31773865665309,18.258822994539514,0.1,0.1631773865665309,0.18258822994539514,1500,20,1,1.0,exact FE budget; early stopping and stagnation disabled
hvac,GWO,A_tuned_NP,12001002,2,eval,30,1000,39,1500000.0,1000.0,1000.0,1000.0,True,0.020755938142654407,0.020766893738445827,-1.0955595791419664e-05,0.0734680351050978,16.0664983074336,15.997162001440302,16.387903327995446,34.18686499935575,0.1,0.16387903327995446,0.3418686499935575,1500,20,1,1.0,exact FE budget; early stopping and stagnation disabled
hvac,GWO,A_tuned_NP,12001003,3,eval,30,1000,39,1500000.0,1000.0,1000.0,1000.0,True,0.020760643401632955,0.020766893738445827,-6.250336812872043e-06,0.07675248114292607,16.076856821464997,16.05617300083395,16.416496198507957,22.56389902322553,0.1,0.16416496198507957,0.2256389902322553,1500,20,1,1.0,exact FE budget; early stopping and stagnation disabled
hvac,GWO,A_tuned_NP,12001004,4,eval,30,1000,39,1500000.0,1000.0,1000.0,1000.0,True,0.020760056879140686,0.020766893738445827,-6.83685930514058e-06,0.07508387240186457,16.377781789148383,16.374216007534415,16.71452597802272,21.85048200772144,0.1,0.1671452597802272,0.2185048200772144,1500,20,1,1.0,exact FE budget; early stopping and stagnation disabled
hvac,GWO,A_tuned_NP,12001005,5,eval,30,1000,39,1500000.0,1000.0,1000.0,1000.0,True,0.02075825754641107,0.020766893738445827,-8.636192034755519e-06,0.0737485411312371,16.24837136189065,16.23228201060556,16.608498730056453,20.56119599728845,0.1,0.16608498730056453,0.2056119599728845,1500,20,1,1.0,exact FE budget; early stopping and stagnation disabled
hvac,GWO,A_tuned_NP,12001006,6,eval,30,1000,39,1500000.0,1000.0,1000.0,1000.0,True,0.02075856382379564,0.020766893738445827,-8.329914650186815e-06,0.07617124087280373,16.116562423781335,16.109590491396375,16.443215651088394,19.68396399752237,0.1,0.16443215651088394,0.1968396399752237,1500,20,1,1.0,exact FE budget; early stopping and stagnation disabled
hvac,GWO,A_tuned_NP,12001007,7,eval,30,1000,39,1500000.0,1000.0,1000.0,1000.0,True,0.02075860431401441,0.020766893738445827,-8.289424431415227e-06,0.07347713360042055,16.136295275976106,16.130954012623988,16.41956085077254,17.43987898225896,0.1,0.1641956085077254,0.1743987898225896,1500,20,1,1.0,exact FE budget; early stopping and stagnation disabled
hvac,GWO,A_tuned_NP,12001008,8,eval,30,1000,39,1500000.0,1000.0,1000.0,1000.0,True,0.020757176507822692,0.020766893738445827,-9.717230623134537e-06,0.0754475997047934,16.1205954408894,16.121018503326923,16.407586351851933,16.72793200123124,0.1,0.16407586351851933,0.16727932001231238,1500,20,1,1.0,exact FE budget; early stopping and stagnation disabled
hvac,GWO,A_tuned_NP,12001009,9,eval,30,1000,39,1500000.0,1000.0,1000.0,1000.0,True,0.020758608875178743,0.020766893738445827,-8.284863267083581e-06,0.07367908605095617,16.114283875678666,16.09281951095909,16.458019585115835,21.6658019926399,0.1,0.16458019585115835,0.216658019926399,1500,20,1,1.0,exact FE budget; early stopping and stagnation disabled
hvac,GWO,A_tuned_NP,12001010,10,eval,30,1000,39,1500000.0,1000.0,1000.0,1000.0,True,0.020761603511175807,0.020766893738445827,-5.29022727002032e-06,0.07590448388005984,16.095797766485095,16.080902016256005,16.439175623236224,16.89597000950016,0.1,0.16439175623236224,0.1689597000950016,1500,20,1,1.0,exact FE budget; early stopping and stagnation disabled
hvac,GWO,A_tuned_NP,12001011,11,eval,30,1000,39,1500000.0,1000.0,1000.0,1000.0,True,0.02076014172371754,0.020766893738445827,-6.752014728286793e-06,0.07450672381532678,16.124472233427998,16.10548199096229,16.455198961193673,19.62894800817594,0.1,0.16455198961193673,0.1962894800817594,1500,20,1,1.0,exact FE budget; early stopping and stagnation disabled
hvac,GWO,A_tuned_NP,12001012,12,eval,30,1000,39,1500000.0,1000.0,1000.0,1000.0,True,0.020761722494958817,0.020766893738445827,-5.171243487010063e-06,0.07453817087792902,16.086938556070283,16.072240003268234,16.376973048318177,16.92291401559487,0.1,0.16376973048318177,0.1692291401559487,1500,20,1,1.0,exact FE budget; early stopping and stagnation disabled
hvac,GWO,A_tuned_NP,12001013,13,eval,30,1000,39,1500000.0,1000.0,1000.0,1000.0,True,0.02075959359932911,0.020766893738445827,-7.300139116716425e-06,0.07558732822618405,16.09322214728066,16.07078852248378,16.381033304787707,33.12856800039299,0.1,0.16381033304787707,0.3312856800039299,1500,20,1,1.0,exact FE budget; early stopping and stagnation disabled
hvac,GWO,A_tuned_NP,12001014,14,eval,30,1000,39,1500000.0,1000.0,1000.0,1000.0,True,0.020757775181548952,0.020766893738445827,-9.118556896874769e-06,0.07521919859284722,16.254862511646934,16.237925010500476,16.613313657580875,17.592726013390347,0.1,0.16613313657580875,0.17592726013390347,1500,20,1,1.0,exact FE budget; early stopping and stagnation disabled
hvac,GWO,A_tuned_NP,12001015,15,eval,30,1000,39,1500000.0,1000.0,1000.0,1000.0,True,0.02075748208531329,0.020766893738445827,-9.411653132538472e-06,0.07735601200781023,16.09660442819586,16.091675002826378,16.402536506939214,17.064209998352453,0.1,0.16402536506939214,0.17064209998352453,1500,20,1,1.0,exact FE budget; early stopping and stagnation disabled
hvac,GWO,A_tuned_NP,12001016,16,eval,30,1000,39,1500000.0,1000.0,1000.0,1000.0,True,0.020761160747333602,0.020766893738445827,-5.732991112224889e-06,0.07216806371476746,16.07524788088631,16.047753000748344,16.38302723004017,19.083672988926992,0.1,0.1638302723004017,0.19083672988926992,1500,20,1,1.0,exact FE budget; early stopping and stagnation disabled
hvac,GWO,A_tuned_NP,12001017,17,eval,30,1000,39,1500000.0,1000.0,1000.0,1000.0,True,0.020761380145651275,0.020766893738445827,-5.513592794551686e-06,0.07331607364323225,16.035246475890744,16.021731004002504,16.33904063492082,16.984065994620323,0.1,0.1633904063492082,0.16984065994620323,1500,20,1,1.0,exact FE budget; early stopping and stagnation disabled
hvac,GWO,A_tuned_NP,12001018,18,eval,30,1000,39,1500000.0,1000.0,1000.0,1000.0,True,0.020758383623625986,0.020766893738445827,-8.510114819840903e-06,0.07504794443945244,16.06493699659283,16.050903985160403,16.405154747189954,20.839828997850418,0.1,0.16405154747189954,0.20839828997850418,1500,20,1,1.0,exact FE budget; early stopping and stagnation disabled
hvac,GWO,A_tuned_NP,12001019,19,eval,30,1000,39,1500000.0,1000.0,1000.0,1000.0,True,0.020758170638718824,0.020766893738445827,-8.723099727003109e-06,0.07530969424831013,16.079555240886595,16.062481503468007,16.421728997374885,20.387762982863933,0.1,0.16421728997374885,0.20387762982863933,1500,20,1,1.0,exact FE budget; early stopping and stagnation disabled
hvac,PSO,A_tuned_NP,12002000,0,eval,8,1000,130,1500000.0,1000.0,1000.0,1000.0,True,0.020753959651358848,0.020766893738445827,-1.2934087086979157e-05,0.04419275077570209,4.2622701307603466,4.264894509105943,4.355789953842759,4.897995007922873,0.1,0.04355789953842759,0.04897995007922873,1500,20,1,1.0,exact FE budget; early stopping and stagnation disabled
hvac,PSO,A_tuned_NP,12002001,1,eval,8,1000,130,1500000.0,1000.0,1000.0,1000.0,True,0.020762518075551233,0.020766893738445827,-4.37566289459429e-06,0.01670259257399421,4.263301307917573,4.262612492311746,4.373273957753554,5.1013060146942735,0.1,0.04373273957753554,0.051013060146942735,1500,20,1,1.0,exact FE budget; early stopping and stagnation disabled
hvac,PSO,A_tuned_NP,12002002,2,eval,8,1000,130,1500000.0,1000.0,1000.0,1000.0,True,0.02074564880999907,0.020766893738445827,-2.12449284467571e-05,0.07425622590345678,4.281572156314117,4.275768500519916,4.380169777141418,4.582800000207499,0.1,0.04380169777141418,0.04582800000207499,1500,20,1,1.0,exact FE budget; early stopping and stagnation disabled
hvac,PSO,A_tuned_NP,12002003,3,eval,8,1000,130,1500000.0,1000.0,1000.0,1000.0,True,0.020754003767047058,0.020766893738445827,-1.2889971398769018e-05,0.037384799189968634,4.284873844473623,4.280415509128943,4.378414683742449,4.8152770032174885,0.1,0.04378414683742449,0.048152770032174885,1500,20,1,1.0,exact FE budget; early stopping and stagnation disabled
hvac,PSO,A_tuned_NP,12002004,4,eval,8,1000,130,1500000.0,1000.0,1000.0,1000.0,True,0.02075701603456496,0.020766893738445827,-9.877703880865202e-06,0.03510980972713731,4.275910974480212,4.272901511285454,4.376294832036365,4.767884995089844,0.1,0.04376294832036365,0.04767884995089844,1500,20,1,1.0,exact FE budget; early stopping and stagnation disabled
hvac,PSO,A_tuned_NP,12002005,5,eval,8,1000,130,1500000.0,1000.0,1000.0,1000.0,True,0.020758484582362836,0.020766893738445827,-8.40915608299117e-06,0.023864117968186594,4.2840784542495385,4.280096516595222,4.372553899884224,5.521183978999034,0.1,0.04372553899884224,0.055211839789990336,1500,20,1,1.0,exact FE budget; early stopping and stagnation disabled
hvac,PSO,A_tuned_NP,12002006,6,eval,8,1000,130,1500000.0,1000.0,1000.0,1000.0,True,0.020738806022119662,0.020766893738445827,-2.8087716326164608e-05,0.0896166296753273,4.258259761612862,4.257707507349551,4.354726090969052,5.992550984956324,0.1,0.04354726090969052,0.05992550984956324,1500,20,1,1.0,exact FE budget; early stopping and stagnation disabled
hvac,PSO,A_tuned_NP,12002007,7,eval,8,1000,130,1500000.0,1000.0,1000.0,1000.0,True,0.0207504074135815,0.020766893738445827,-1.6486324864325996e-05,0.05342731524199099,4.273695054425237,4.272699006833136,4.37797214690363,4.664476000471041,0.1,0.0437797214690363,0.046644760004710406,1500,20,1,1.0,exact FE budget; early stopping and stagnation disabled
hvac,PSO,A_tuned_NP,12002008,8,eval,8,1000,130,1500000.0,1000.0,1000.0,1000.0,True,0.020755341973935193,0.020766893738445827,-1.1551764510633888e-05,0.03564934154484868,4.276055653133274,4.275243496522307,4.377209859376308,5.1944199949502945,0.1,0.043772098593763076,0.051944199949502945,1500,20,1,1.0,exact FE budget; early stopping and stagnation disabled
hvac,PSO,A_tuned_NP,12002009,9,eval,8,1000,130,1500000.0,1000.0,1000.0,1000.0,True,0.020748311751732973,0.020766893738445827,-1.8581986712853937e-05,0.06558639306645869,4.270930435159244,4.26045450149104,4.364534135675058,10.145887004910037,0.1,0.04364534135675058,0.10145887004910037,1500,20,1,1.0,exact FE budget; early stopping and stagnation disabled
hvac,PSO,A_tuned_NP,12002010,10,eval,8,1000,130,1500000.0,1000.0,1000.0,1000.0,True,0.020738363623378758,0.020766893738445827,-2.853011506706929e-05,0.10183883248541817,4.266140785533935,4.265456504072063,4.3675012231688015,5.2199790079612285,0.1,0.043675012231688015,0.052199790079612285,1500,20,1,1.0,exact FE budget; early stopping and stagnation disabled
hvac,PSO,A_tuned_NP,12002011,11,eval,8,1000,130,1500000.0,1000.0,1000.0,1000.0,True,0.020756919500302926,0.020766893738445827,-9.974238142900632e-06,0.030853134976418284,4.265594498099138,4.268737495294772,4.369242167740595,4.61601500865072,0.1,0.043692421677405946,0.0461601500865072,1500,20,1,1.0,exact FE budget; early stopping and stagnation disabled
hvac,PSO,A_tuned_NP,12002012,12,eval,8,1000,130,1500000.0,1000.0,1000.0,1000.0,True,0.02074527075824972,0.020766893738445827,-2.1622980196107228e-05,0.070133049331392,4.264059801217324,4.262196496711113,4.370026310789399,4.9948919913731515,0.1,0.04370026310789399,0.049948919913731515,1500,20,1,1.0,exact FE budget; early stopping and stagnation disabled
hvac,PSO,A_tuned_NP,12002013,13,eval,8,1000,130,1500000.0,1000.0,1000.0,1000.0,True,0.02076228431894472,0.020766893738445827,-4.609419501106632e-06,0.012567064086742302,4.278215502660411,4.277275991626084,4.3642699922202155,5.221430998062715,0.1,0.043642699922202155,0.05221430998062715,1500,20,1,1.0,exact FE budget; early stopping and stagnation disabled
hvac,PSO,A_tuned_NP,12002014,14,eval,8,1000,130,1500000.0,1000.0,1000.0,1000.0,True,0.02076492406939789,0.020766893738445827,-1.969669047936079e-06,0.007118801143744761,4.270270921328726,4.2665655055316165,4.362203070195392,7.338023016927764,0.1,0.04362203070195392,0.07338023016927764,1500,20,1,1.0,exact FE budget; early stopping and stagnation disabled
hvac,PSO,A_tuned_NP,12002015,15,eval,8,1000,130,1500000.0,1000.0,1000.0,1000.0,True,0.02075024156690949,0.020766893738445827,-1.6652171536336163e-05,0.05852875430240803,4.281529621298735,4.278439504560083,4.387103740009479,5.222719977609813,0.1,0.04387103740009479,0.05222719977609813,1500,20,1,1.0,exact FE budget; early stopping and stagnation disabled
hvac,PSO,A_tuned_NP,12002016,16,eval,8,1000,130,1500000.0,1000.0,1000.0,1000.0,True,0.020761246424196897,0.020766893738445827,-5.647314248929947e-06,0.018323512964019923,4.287871613904524,4.279118511476554,4.391983154346235,5.013769026845694,0.1,0.04391983154346235,0.050137690268456936,1500,20,1,1.0,exact FE budget; early stopping and stagnation disabled
hvac,PSO,A_tuned_NP,12002017,17,eval,8,1000,130,1500000.0,1000.0,1000.0,1000.0,True,0.020758121119805087,0.020766893738445827,-8.772618640739971e-06,0.02258037859657499,4.252396791222661,4.258409986505285,4.3388546371716075,4.7367719816975296,0.1,0.043388546371716075,0.047367719816975296,1500,20,1,1.0,exact FE budget; early stopping and stagnation disabled
hvac,PSO,A_tuned_NP,12002018,18,eval,8,1000,130,1500000.0,1000.0,1000.0,1000.0,True,0.0207629620698129,0.020766893738445827,-3.931668632925489e-06,0.01141757471255018,4.25788356140644,4.2577269923640415,4.35239314683713,5.002913007047027,0.1,0.0435239314683713,0.050029130070470273,1500,20,1,1.0,exact FE budget; early stopping and stagnation disabled
hvac,PSO,A_tuned_NP,12002019,19,eval,8,1000,130,1500000.0,1000.0,1000.0,1000.0,True,0.020748776323156654,0.020766893738445827,-1.8117415289172628e-05,0.07138640368545007,4.281686361840305,4.28281600761693,4.373442228825297,4.712449997896329,0.1,0.04373442228825297,0.047124499978963286,1500,20,1,1.0,exact FE budget; early stopping and stagnation disabled
hvac,WOA,A_tuned_NP,12003000,0,eval,30,1000,39,1500000.0,1000.0,1000.0,1000.0,True,0.02076686354534648,0.020766893738445827,-3.0193099347097796e-08,0.022370743656513214,7.312468318656708,7.315216498682275,7.487554992258083,7.993858976988122,0.1,0.07487554992258083,0.07993858976988122,1500,20,1,1.0,exact FE budget; early stopping and stagnation disabled
hvac,WOA,A_tuned_NP,12003001,1,eval,30,1000,39,1500000.0,1000.0,1000.0,1000.0,True,0.02076685680923644,0.020766893738445827,-3.692920938838662e-08,0.021597530528997676,7.341679586330429,7.3361809918424115,7.504813256673515,7.744309987174347,0.1,0.07504813256673515,0.07744309987174347,1500,20,1,1.0,exact FE budget; early stopping and stagnation disabled
hvac,WOA,A_tuned_NP,12003002,2,eval,30,1000,39,1500000.0,1000.0,1000.0,1000.0,True,0.020766860516784787,0.020766893738445827,-3.322166104019475e-08,0.01867754437623556,7.352977852143037,7.348394006839953,7.500052537943702,9.72260397975333,0.1,0.07500052537943702,0.0972260397975333,1500,20,1,1.0,exact FE budget; early stopping and stagnation disabled
hvac,WOA,A_tuned_NP,12003003,3,eval,30,1000,39,1500000.0,1000.0,1000.0,1000.0,True,0.02076690752617723,0.020766893738445827,1.378773140450762e-08,0.019563970764385864,7.3572899917101795,7.352515487582423,7.507085145334713,8.317127998452634,0.1,0.07507085145334713,0.08317127998452634,1500,20,1,1.0,exact FE budget; early stopping and stagnation disabled
hvac,WOA,A_tuned_NP,12003004,4,eval,30,1000,39,1500000.0,1000.0,1000.0,1000.0,True,0.02076679354391965,0.020766893738445827,-1.0019452617582303e-07,0.019366114823114348,7.32260515812474,7.318642994505353,7.494306949956808,7.857893011532724,0.1,0.07494306949956808,0.07857893011532724,1500,20,1,1.0,exact FE budget; early stopping and stagnation disabled
hvac,WOA,A_tuned_NP,12003005,5,eval,30,1000,39,1500000.0,1000.0,1000.0,1000.0,True,0.02076682068086112,0.020766893738445827,-7.30575847075754e-08,0.021039789886938925,7.358984897611663,7.351156498771161,7.512579206377268,8.36137801525183,0.1,0.07512579206377268,0.0836137801525183,1500,20,1,1.0,exact FE budget; early stopping and stagnation disabled
hvac,WOA,A_tuned_NP,12003006,6,eval,30,1000,39,1500000.0,1000.0,1000.0,1000.0,True,0.020766893909314032,0.020766893738445827,1.70868205001673e-10,0.02147907410870098,7.3399736217300715,7.338515017181635,7.478875845845323,7.810840994352475,0.1,0.07478875845845323,0.07810840994352475,1500,20,1,1.0,exact FE budget; early stopping and stagnation disabled
hvac,WOA,A_tuned_NP,12003007,7,eval,30,1000,39,1500000.0,1000.0,1000.0,1000.0,True,0.02076684068832563,0.020766893738445827,-5.305012019604649e-08,0.020104280511431944,7.329154844686855,7.32843299920205,7.485470904794056,9.415236010681838,0.1,0.07485470904794056,0.09415236010681838,1500,20,1,1.0,exact FE budget; early stopping and stagnation disabled
hvac,WOA,A_tuned_NP,12003008,8,eval,30,1000,39,1500000.0,1000.0,1000.0,1000.0,True,0.020766908368801514,0.020766893738445827,1.4630355687356156e-08,0.019702948233893236,7.334992271848023,7.333934001508169,7.502485350414645,8.145327999955043,0.1,0.07502485350414645,0.08145327999955043,1500,20,1,1.0,exact FE budget; early stopping and stagnation disabled
hvac,WOA,A_tuned_NP,12003009,9,eval,30,1000,39,1500000.0,1000.0,1000.0,1000.0,True,0.02076692953863551,0.020766893738445827,3.580018968427079e-08,0.01872653932036649,7.312574600471028,7.316131013794802,7.490666606463492,7.967101992107928,0.1,0.07490666606463492,0.07967101992107928,1500,20,1,1.0,exact FE budget; early stopping and stagnation disabled
hvac,WOA,A_tuned_NP,12003010,10,eval,30,1000,39,1500000.0,1000.0,1000.0,1000.0,True,0.02076691561793888,0.020766893738445827,2.187949305412773e-08,0.018968111193184985,7.338380404515192,7.33850798860658,7.508156605763361,8.307708019856364,0.1,0.07508156605763361,0.08307708019856364,1500,20,1,1.0,exact FE budget; early stopping and stagnation disabled
hvac,WOA,A_tuned_NP,12003011,11,eval,30,1000,39,1500000.0,1000.0,1000.0,1000.0,True,0.020766847536865297,0.020766893738445827,-4.620158053011969e-08,0.019171895798495528,7.321325980088052,7.324407502892427,7.489646445901599,7.997428998351097,0.1,0.07489646445901599,0.07997428998351097,1500,20,1,1.0,exact FE budget; early stopping and stagnation disabled
hvac,WOA,A_tuned_NP,12003012,12,eval,30,1000,39,1500000.0,1000.0,1000.0,1000.0,True,0.020766882208025184,0.020766893738445827,-1.1530420642585915e-08,0.02159194295303627,7.320601099248354,7.322311983443797,7.483577147650067,9.776958992006257,0.1,0.07483577147650067,0.09776958992006257,1500,20,1,1.0,exact FE budget; early stopping and stagnation disabled
hvac,WOA,A_tuned_NP,12003013,13,eval,30,1000,39,1500000.0,1000.0,1000.0,1000.0,True,0.02076693651982535,0.020766893738445827,4.2781379522294216e-08,0.01852585090232442,7.349668442970142,7.340807002037764,7.530411957122851,10.186401981627569,0.1,0.07530411957122851,0.10186401981627569,1500,20,1,1.0,exact FE budget; early stopping and stagnation disabled
hvac,WOA,A_tuned_NP,12003014,14,eval,30,1000,39,1500000.0,1000.0,1000.0,1000.0,True,0.02076687137798875,0.020766893738445827,-2.236045707620926e-08,0.020958083004340787,7.309902247681748,7.305673003429547,7.51178224600153,8.130578993586823,0.1,0.0751178224600153,0.08130578993586823,1500,20,1,1.0,exact FE budget; early stopping and stagnation disabled
hvac,WOA,A_tuned_NP,12003015,15,eval,30,1000,39,1500000.0,1000.0,1000.0,1000.0,True,0.020766926352337955,0.020766893738445827,3.261389212860788e-08,0.019926841151649468,7.32501079151795,7.322996505536139,7.510280251153745,8.065556990914047,0.1,0.07510280251153745,0.08065556990914047,1500,20,1,1.0,exact FE budget; early stopping and stagnation disabled
hvac,WOA,A_tuned_NP,12003016,16,eval,30,1000,39,1500000.0,1000.0,1000.0,1000.0,True,0.02076680165903293,0.020766893738445827,-9.20794128965452e-08,0.019799330985343106,7.345971427081774,7.346921003772877,7.49801225902047,7.958725997013971,0.1,0.0749801225902047,0.07958725997013971,1500,20,1,1.0,exact FE budget; early stopping and stagnation disabled
hvac,WOA,A_tuned_NP,12003017,17,eval,30,1000,39,1500000.0,1000.0,1000.0,1000.0,True,0.020766883028555526,0.020766893738445827,-1.0709890300997227e-08,0.019660265870223802,7.33947282024504,7.335690010222606,7.522091749706306,8.026249997783452,0.1,0.07522091749706306,0.08026249997783452,1500,20,1,1.0,exact FE budget; early stopping and stagnation disabled
hvac,WOA,A_tuned_NP,12003018,18,eval,30,1000,39,1500000.0,1000.0,1000.0,1000.0,True,0.020766935697048728,0.020766893738445827,4.1958602901154274e-08,0.019399187752331556,7.327430736797396,7.324800506467,7.493268616963178,12.896439991891384,0.1,0.07493268616963178,0.12896439991891384,1500,20,1,1.0,exact FE budget; early stopping and stagnation disabled
hvac,WOA,A_tuned_NP,12003019,19,eval,30,1000,39,1500000.0,1000.0,1000.0,1000.0,True,0.02076684805865901,0.020766893738445827,-4.567978681771501e-08,0.021493604573585946,7.326581510870407,7.3230919952038676,7.5040999334305525,8.553413004847243,0.1,0.07504099933430552,0.08553413004847243,1500,20,1,1.0,exact FE budget; early stopping and stagnation disabled
hvac,SGO,B_common_NP,12010000,0,eval,20,1000,105,1500000.0,1000.0,1000.0,1000.0,True,0.020761051464472668,0.020766893738445827,-5.84227397315909e-06,0.08206565487197762,11.608437115054889,11.588847992243245,11.984102838323452,13.528765004593879,0.1,0.11984102838323452,0.1352876500459388,1500,20,1,1.0,exact FE budget; early stopping and stagnation disabled
hvac,SGO,B_common_NP,12010001,1,eval,20,1000,105,1500000.0,1000.0,1000.0,1000.0,True,0.0207605570198964,0.020766893738445827,-6.336718549427439e-06,0.0783922562303455,11.494035418184163,11.479711989522912,11.839929250709247,12.755927018588409,0.1,0.11839929250709247,0.1275592701858841,1500,20,1,1.0,exact FE budget; early stopping and stagnation disabled
hvac,SGO,B_common_NP,12010002,2,eval,20,1000,105,1500000.0,1000.0,1000.0,1000.0,True,0.020762672375085087,0.020766893738445827,-4.2213633607395e-06,0.07851882563871468,11.56165037114018,11.551221992704086,11.924485687632114,15.016616991488263,0.1,0.11924485687632114,0.15016616991488263,1500,20,1,1.0,exact FE budget; early stopping and stagnation disabled
hvac,SGO,B_common_NP,12010003,3,eval,20,1000,105,1500000.0,1000.0,1000.0,1000.0,True,0.020760807684170143,0.020766893738445827,-6.086054275683539e-06,0.07873402138026803,11.569872323947493,11.555648990906775,11.904237946146168,13.2163530215621,0.1,0.11904237946146168,0.132163530215621,1500,20,1,1.0,exact FE budget; early stopping and stagnation disabled
hvac,SGO,B_common_NP,12010004,4,eval,20,1000,105,1500000.0,1000.0,1000.0,1000.0,True,0.02075922489881346,0.020766893738445827,-7.668839632365976e-06,0.08004528445220832,11.529327198067525,11.520915009896271,11.84550956095336,13.296674995217472,0.1,0.1184550956095336,0.13296674995217472,1500,20,1,1.0,exact FE budget; early stopping and stagnation disabled
hvac,SGO,B_common_NP,12010005,5,eval,20,1000,105,1500000.0,1000.0,1000.0,1000.0,True,0.020759999973088774,0.020766893738445827,-6.893765357052911e-06,0.08281760907276574,11.510447548838178,11.490083488752134,11.89150959107792,15.654539980459958,0.1,0.1189150959107792,0.15654539980459958,1500,20,1,1.0,exact FE budget; early stopping and stagnation disabled
hvac,SGO,B_common_NP,12010006,6,eval,20,1000,105,1500000.0,1000.0,1000.0,1000.0,True,0.020759901225746804,0.020766893738445827,-6.992512699022929e-06,0.07723003592499061,11.500847555483537,11.48383600229863,11.835653260641266,13.162688992451876,0.1,0.11835653260641266,0.13162688992451876,1500,20,1,1.0,exact FE budget; early stopping and stagnation disabled
hvac,SGO,B_common_NP,12010007,7,eval,20,1000,105,1500000.0,1000.0,1000.0,1000.0,True,0.020760243705486216,0.020766893738445827,-6.650032959611141e-06,0.07717811658507333,11.492980116629042,11.468005992355756,11.863970333070029,12.736307980958372,0.1,0.11863970333070029,0.12736307980958372,1500,20,1,1.0,exact FE budget; early stopping and stagnation disabled
hvac,SGO,B_common_NP,12010008,8,eval,20,1000,105,1500000.0,1000.0,1000.0,1000.0,True,0.020760453617627187,0.020766893738445827,-6.440120818639733e-06,0.07981275897051891,11.477935826017832,11.464414492365904,11.823484460182954,12.197085015941411,0.1,0.11823484460182954,0.12197085015941411,1500,20,1,1.0,exact FE budget; early stopping and stagnation disabled
hvac,SGO,B_common_NP,12010009,9,eval,20,1000,105,1500000.0,1000.0,1000.0,1000.0,True,0.02076109600338848,0.020766893738445827,-5.797735057346681e-06,0.0830192828115134,11.558222354467338,11.55134299187921,11.881878206622787,15.649223001673818,0.1,0.11881878206622787,0.15649223001673818,1500,20,1,1.0,exact FE budget; early stopping and stagnation disabled
hvac,SGO,B_common_NP,12010010,10,eval,20,1000,105,1500000.0,1000.0,1000.0,1000.0,True,0.02075735380981022,0.020766893738445827,-9.539928635605294e-06,0.0847274186168966,11.54240538540762,11.519719497300684,11.89833973912755,17.32380999601446,0.1,0.1189833973912755,0.1732380999601446,1500,20,1,1.0,exact FE budget; early stopping and stagnation disabled
hvac,SGO,B_common_NP,12010011,11,eval,20,1000,105,1500000.0,1000.0,1000.0,1000.0,True,0.020759471905200666,0.020766893738445827,-7.42183324516088e-06,0.08120455490780608,11.590281034839185,11.57951750792563,11.91973694076296,12.737290002405643,0.1,0.1191973694076296,0.12737290002405643,1500,20,1,1.0,exact FE budget; early stopping and stagnation disabled
hvac,SGO,B_common_NP,12010012,12,eval,20,1000,105,1500000.0,1000.0,1000.0,1000.0,True,0.02076057403765782,0.020766893738445827,-6.3197007880051725e-06,0.07772060924054718,11.559643169379948,11.548365509952419,11.908214648428839,15.534478996414691,0.1,0.11908214648428839,0.1553447899641469,1500,20,1,1.0,exact FE budget; early stopping and stagnation disabled
hvac,SGO,B_common_NP,12010013,13,eval,20,1000,105,1500000.0,1000.0,1000.0,1000.0,True,0.020761152052491478,0.020766893738445827,-5.741685954348957e-06,0.07527019945180358,11.525143632044395,11.5278299927013,11.845522548537701,12.368908006465062,0.1,0.11845522548537701,0.12368908006465062,1500,20,1,1.0,exact FE budget; early stopping and stagnation disabled
hvac,SGO,B_common_NP,12010014,14,eval,20,1000,105,1500000.0,1000.0,1000.0,1000.0,True,0.02076083862589002,0.020766893738445827,-6.055112555806291e-06,0.08387469236138052,11.492997984576505,11.476951985969208,11.824079520010855,12.508856016211212,0.1,0.11824079520010855,0.12508856016211212,1500,20,1,1.0,exact FE budget; early stopping and stagnation disabled
hvac,SGO,B_common_NP,12010015,15,eval,20,1000,105,1500000.0,1000.0,1000.0,1000.0,True,0.020757369968614423,0.020766893738445827,-9.52376983140435e-06,0.08145516832126212,11.517675024418471,11.513180506881326,11.841119338350836,12.392479024128988,0.1,0.11841119338350836,0.12392479024128988,1500,20,1,1.0,exact FE budget; early stopping and stagnation disabled
hvac,SGO,B_common_NP,12010016,16,eval,20,1000,105,1500000.0,1000.0,1000.0,1000.0,True,0.02075875039117159,0.020766893738445827,-8.143347274235796e-06,0.082611694650479,11.499292790327067,11.490405508084223,11.823439302679617,16.696489008609205,0.1,0.11823439302679617,0.16696489008609205,1500,20,1,1.0,exact FE budget; early stopping and stagnation disabled
hvac,SGO,B_common_NP,12010017,17,eval,20,1000,105,1500000.0,1000.0,1000.0,1000.0,True,0.020759351431867593,0.020766893738445827,-7.542306578234292e-06,0.08058795578975342,11.570783423395673,11.559724487597123,11.939405507291667,12.387782015139237,0.1,0.11939405507291667,0.12387782015139237,1500,20,1,1.0,exact FE budget; early stopping and stagnation disabled
hvac,SGO,B_common_NP,12010018,18,eval,20,1000,105,1500000.0,1000.0,1000.0,1000.0,True,0.02076103256744789,0.020766893738445827,-5.861170997937398e-06,0.07793874420045659,11.48527301135861,11.458472508820705,11.851930840930436,12.182698992546648,0.1,0.11851930840930436,0.12182698992546648,1500,20,1,1.0,exact FE budget; early stopping and stagnation disabled
hvac,SGO,B_common_NP,12010019,19,eval,20,1000,105,1500000.0,1000.0,1000.0,1000.0,True,0.02075925031240203,0.020766893738445827,-7.643426043795615e-06,0.08181631126542557,11.73840667741994,11.716701003024355,12.10594111616956,15.242163004586473,0.1,0.12105941116169561,0.15242163004586473,1500,20,1,1.0,exact FE budget; early stopping and stagnation disabled
hvac,GWO,B_common_NP,12011000,0,eval,20,1000,55,1500000.0,1000.0,1000.0,1000.0,True,0.020761287794998046,0.020766893738445827,-5.605943447780509e-06,0.05949100568009074,16.280797767491702,16.28282900492195,16.60873920627637,17.697083996608853,0.1,0.16608739206276368,0.17697083996608853,1500,20,1,1.0,exact FE budget; early stopping and stagnation disabled
hvac,GWO,B_common_NP,12011001,1,eval,20,1000,55,1500000.0,1000.0,1000.0,1000.0,True,0.02076113602996509,0.020766893738445827,-5.75770848073795e-06,0.05947775932316741,16.2870452128894,16.27316648955457,16.650782294163946,17.230221012141556,0.1,0.16650782294163946,0.17230221012141556,1500,20,1,1.0,exact FE budget; early stopping and stagnation disabled
hvac,GWO,B_common_NP,12011002,2,eval,20,1000,55,1500000.0,1000.0,1000.0,1000.0,True,0.02076222917932392,0.020766893738445827,-4.66455912190647e-06,0.0584260401942672,16.314212985530805,16.288370999973267,16.69636386068305,17.7752019953914,0.1,0.1669636386068305,0.177752019953914,1500,20,1,1.0,exact FE budget; early stopping and stagnation disabled
hvac,GWO,B_common_NP,12011003,3,eval,20,1000,55,1500000.0,1000.0,1000.0,1000.0,True,0.02076214294027945,0.020766893738445827,-4.750798166378023e-06,0.058761095524513224,16.179665913320303,16.17652601271402,16.476008054451086,16.922178998356685,0.1,0.16476008054451086,0.16922178998356685,1500,20,1,1.0,exact FE budget; early stopping and stagnation disabled
hvac,GWO,B_common_NP,12011004,4,eval,20,1000,55,1500000.0,1000.0,1000.0,1000.0,True,0.020760425718877352,0.020766893738445827,-6.46801956847437e-06,0.06310292319605691,16.179352126220085,16.169845504919067,16.453303501475602,19.195008993847296,0.1,0.16453303501475602,0.19195008993847296,1500,20,1,1.0,exact FE budget; early stopping and stagnation disabled
hvac,GWO,B_common_NP,12011005,5,eval,20,1000,55,1500000.0,1000.0,1000.0,1000.0,True,0.020762485719042725,0.020766893738445827,-4.408019403101537e-06,0.062397484781368355,16.171644685906358,16.144651497597806,16.534122920711525,16.953498008660972,0.1,0.16534122920711525,0.16953498008660972,1500,20,1,1.0,exact FE budget; early stopping and stagnation disabled
hvac,GWO,B_common_NP,12011006,6,eval,20,1000,55,1500000.0,1000.0,1000.0,1000.0,True,0.020764234611725423,0.020766893738445827,-2.6591267204036095e-06,0.05941491933915115,16.17770484871774,16.16066250426229,16.515692256507464,16.851704014698043,0.1,0.16515692256507464,0.16851704014698043,1500,20,1,1.0,exact FE budget; early stopping and stagnation disabled
hvac,GWO,B_common_NP,12011007,7,eval,20,1000,55,1500000.0,1000.0,1000.0,1000.0,True,0.020764353534697855,0.020766893738445827,-2.5402037479721473e-06,0.05914252425521401,16.143705288142275,16.1274179990869,16.52959150087554,19.264567003119737,0.1,0.1652959150087554,0.19264567003119737,1500,20,1,1.0,exact FE budget; early stopping and stagnation disabled
hvac,GWO,B_common_NP,12011008,8,eval,20,1000,55,1500000.0,1000.0,1000.0,1000.0,True,0.020759999893692826,0.020766893738445827,-6.8938447530010605e-06,0.062296617642357915,16.19190810911823,16.178399018826894,16.559200911433436,17.251234996365383,0.1,0.16559200911433436,0.17251234996365383,1500,20,1,1.0,exact FE budget; early stopping and stagnation disabled
hvac,GWO,B_common_NP,12011009,9,eval,20,1000,55,1500000.0,1000.0,1000.0,1000.0,True,0.02076015432010701,0.020766893738445827,-6.73941833881711e-06,0.059203941695602176,16.15114746648275,16.12891750119161,16.484152364137117,19.978647003881633,0.1,0.16484152364137117,0.19978647003881633,1500,20,1,1.0,exact FE budget; early stopping and stagnation disabled
hvac,GWO,B_common_NP,12011010,10,eval,20,1000,55,1500000.0,1000.0,1000.0,1000.0,True,0.0207642814290167,0.020766893738445827,-2.612309429127213e-06,0.05862747298973723,16.20213513679725,16.182890991331078,16.573688467906322,17.923811014043167,0.1,0.16573688467906322,0.17923811014043167,1500,20,1,1.0,exact FE budget; early stopping and stagnation disabled
hvac,GWO,B_common_NP,12011011,11,eval,20,1000,55,1500000.0,1000.0,1000.0,1000.0,True,0.02075880354362836,0.020766893738445827,-8.090194817466506e-06,0.0608049973308034,16.114717350302573,16.084620991023257,16.477078046591487,19.36914201360196,0.1,0.16477078046591487,0.1936914201360196,1500,20,1,1.0,exact FE budget; early stopping and stagnation disabled
hvac,GWO,B_common_NP,12011012,12,eval,20,1000,55,1500000.0,1000.0,1000.0,1000.0,True,0.02076102336978651,0.020766893738445827,-5.8703686593164495e-06,0.06385574703209655,16.19693674876665,16.182568506337702,16.58373418613337,17.20620400737971,0.1,0.1658373418613337,0.1720620400737971,1500,20,1,1.0,exact FE budget; early stopping and stagnation disabled
hvac,GWO,B_common_NP,12011013,13,eval,20,1000,55,1500000.0,1000.0,1000.0,1000.0,True,0.02076166346821255,0.020766893738445827,-5.230270233275158e-06,0.06118207140093779,16.256861344348483,16.250886488705873,16.582108748843893,21.0887519933749,0.1,0.16582108748843893,0.210887519933749,1500,20,1,1.0,exact FE budget; early stopping and stagnation disabled
hvac,GWO,B_common_NP,12011014,14,eval,20,1000,55,1500000.0,1000.0,1000.0,1000.0,True,0.02076101553601156,0.020766893738445827,-5.878202434268093e-06,0.05945267854293701,16.291990469850134,16.27218449721113,16.607774083968252,24.592592992121354,0.1,0.16607774083968252,0.24592592992121354,1500,20,1,1.0,exact FE budget; early stopping and stagnation disabled
hvac,GWO,B_common_NP,12011015,15,eval,20,1000,55,1500000.0,1000.0,1000.0,1000.0,True,0.020759479131286836,0.020766893738445827,-7.414607158990477e-06,0.06057654127294968,16.28638033316626,16.278625989798456,16.59208384953672,21.04797901120037,0.1,0.1659208384953672,0.21047979011200368,1500,20,1,1.0,exact FE budget; early stopping and stagnation disabled
hvac,GWO,B_common_NP,12011016,16,eval,20,1000,55,1500000.0,1000.0,1000.0,1000.0,True,0.02076157539477203,0.020766893738445827,-5.318343673798437e-06,0.059066266641241365,16.274776124531247,16.25210398924537,16.619171694037504,20.782968000276014,0.1,0.16619171694037504,0.20782968000276014,1500,20,1,1.0,exact FE budget; early stopping and stagnation disabled
hvac,GWO,B_common_NP,12011017,17,eval,20,1000,55,1500000.0,1000.0,1000.0,1000.0,True,0.020762257960569592,0.020766893738445827,-4.635777876235009e-06,0.05920813254824541,16.171764825606562,16.151801493833773,16.519931897346396,23.338347004028037,0.1,0.16519931897346396,0.23338347004028037,1500,20,1,1.0,exact FE budget; early stopping and stagnation disabled
hvac,GWO,B_common_NP,12011018,18,eval,20,1000,55,1500000.0,1000.0,1000.0,1000.0,True,0.020762847174884996,0.020766893738445827,-4.046563560830552e-06,0.06025593171712849,16.198425848483264,16.187391011044383,16.561370668932796,16.806409985292703,0.1,0.16561370668932796,0.16806409985292703,1500,20,1,1.0,exact FE budget; early stopping and stagnation disabled
hvac,GWO,B_common_NP,12011019,19,eval,20,1000,55,1500000.0,1000.0,1000.0,1000.0,True,0.020759787289896237,0.020766893738445827,-7.106448549589611e-06,0.05946905785370484,16.22907242603833,16.217615513596684,16.57629855326377,21.405337000032887,0.1,0.16576298553263769,0.21405337000032887,1500,20,1,1.0,exact FE budget; early stopping and stagnation disabled
hvac,PSO,B_common_NP,12012000,0,eval,20,1000,55,1500000.0,1000.0,1000.0,1000.0,True,0.020764954332055465,0.020766893738445827,-1.9394063903617476e-06,0.02902750129136867,3.5082303448968255,3.508376015815884,3.5958787470008247,4.281650006305426,0.1,0.03595878747000825,0.042816500063054264,1500,20,1,1.0,exact FE budget; early stopping and stagnation disabled
hvac,PSO,B_common_NP,12012001,1,eval,20,1000,55,1500000.0,1000.0,1000.0,1000.0,True,0.020764866718640848,0.020766893738445827,-2.027019804978769e-06,0.02875318820172342,3.519409218162764,3.5149579925928265,3.6081352780456655,4.266957985237241,0.1,0.036081352780456655,0.04266957985237241,1500,20,1,1.0,exact FE budget; early stopping and stagnation disabled
hvac,PSO,B_common_NP,12012002,2,eval,20,1000,55,1500000.0,1000.0,1000.0,1000.0,True,0.020760902070283787,0.020766893738445827,-5.991668162039915e-06,0.03732292268507534,3.4911318614225215,3.496579985949211,3.558833245187998,4.244626994477585,0.1,0.03558833245187998,0.04244626994477585,1500,20,1,1.0,exact FE budget; early stopping and stagnation disabled
hvac,PSO,B_common_NP,12012003,3,eval,20,1000,55,1500000.0,1000.0,1000.0,1000.0,True,0.020759960868922876,0.020766893738445827,-6.932869522951329e-06,0.03869350891989145,3.507529370719567,3.509378992021084,3.5899216585676186,4.215353983454406,0.1,0.035899216585676186,0.04215353983454406,1500,20,1,1.0,exact FE budget; early stopping and stagnation disabled
hvac,PSO,B_common_NP,12012004,4,eval,20,1000,55,1500000.0,1000.0,1000.0,1000.0,True,0.020761633124695155,0.020766893738445827,-5.2606137506718e-06,0.03409122278021829,3.5169277559228553,3.5180060076527297,3.5953440543380566,3.8943760155234486,0.1,0.035953440543380566,0.038943760155234486,1500,20,1,1.0,exact FE budget; early stopping and stagnation disabled
hvac,PSO,B_common_NP,12012005,5,eval,20,1000,55,1500000.0,1000.0,1000.0,1000.0,True,0.02076418879182157,0.020766893738445827,-2.704946624257354e-06,0.02985395539111102,3.505840395189201,3.5066999989794567,3.591913693526294,4.456775001017377,0.1,0.03591913693526294,0.04456775001017377,1500,20,1,1.0,exact FE budget; early stopping and stagnation disabled
hvac,PSO,B_common_NP,12012006,6,eval,20,1000,55,1500000.0,1000.0,1000.0,1000.0,True,0.020756928748455195,0.020766893738445827,-9.964989990632334e-06,0.04626756226271407,3.5098302352513806,3.5111120087094605,3.5845842605340295,3.800542006501928,0.1,0.035845842605340295,0.03800542006501928,1500,20,1,1.0,exact FE budget; early stopping and stagnation disabled
hvac,PSO,B_common_NP,12012007,7,eval,20,1000,55,1500000.0,1000.0,1000.0,1000.0,True,0.020760008244651292,0.020766893738445827,-6.885493794534653e-06,0.04064715923815425,3.5183572292638323,3.5083149996353313,3.5941651178291067,11.768274009227753,0.1,0.03594165117829107,0.11768274009227753,1500,20,1,1.0,exact FE budget; early stopping and stagnation disabled
hvac,PSO,B_common_NP,12012008,8,eval,20,1000,55,1500000.0,1000.0,1000.0,1000.0,True,0.0207632307322842,0.020766893738445827,-3.6630061616277354e-06,0.03226488108413329,3.528468601308608,3.5181714920327067,3.592509901500307,7.452386984368786,0.1,0.03592509901500307,0.07452386984368786,1500,20,1,1.0,exact FE budget; early stopping and stagnation disabled
hvac,PSO,B_common_NP,12012009,9,eval,20,1000,55,1500000.0,1000.0,1000.0,1000.0,True,0.020763142645225857,0.020766893738445827,-3.7510932199696922e-06,0.031759135407451414,3.538718565114929,3.5334194981260225,3.6168729260680266,4.196547000901774,0.1,0.036168729260680266,0.041965470009017736,1500,20,1,1.0,exact FE budget; early stopping and stagnation disabled
hvac,PSO,B_common_NP,12012010,10,eval,20,1000,55,1500000.0,1000.0,1000.0,1000.0,True,0.020753929202711813,0.020766893738445827,-1.2964535734013433e-05,0.05588143977760061,3.5351071629168778,3.531817492330447,3.603170106362086,3.863810998154804,0.1,0.03603170106362086,0.03863810998154804,1500,20,1,1.0,exact FE budget; early stopping and stagnation disabled
hvac,PSO,B_common_NP,12012011,11,eval,20,1000,55,1500000.0,1000.0,1000.0,1000.0,True,0.020763190648199013,0.020766893738445827,-3.703090246814228e-06,0.0317538257853246,3.5346715101817003,3.5320405004313216,3.601055662147701,3.8858420157339424,0.1,0.03601055662147701,0.038858420157339424,1500,20,1,1.0,exact FE budget; early stopping and stagnation disabled
hvac,PSO,B_common_NP,12012012,12,eval,20,1000,55,1500000.0,1000.0,1000.0,1000.0,True,0.020765126079187585,0.020766893738445827,-1.7676592582414885e-06,0.028192668301437997,3.5191725123440847,3.518487006658688,3.5877924077794887,3.7131370045244694,0.1,0.03587792407779489,0.037131370045244694,1500,20,1,1.0,exact FE budget; early stopping and stagnation disabled
hvac,PSO,B_common_NP,12012013,13,eval,20,1000,55,1500000.0,1000.0,1000.0,1000.0,True,0.0207634005022406,0.020766893738445827,-3.4932362052257637e-06,0.032038251488000845,3.515524295527333,3.517682504025288,3.588782534643542,4.001195979071781,0.1,0.03588782534643542,0.04001195979071781,1500,20,1,1.0,exact FE budget; early stopping and stagnation disabled
hvac,PSO,B_common_NP,12012014,14,eval,20,1000,55,1500000.0,1000.0,1000.0,1000.0,True,0.020762520551564818,0.020766893738445827,-4.373186881009156e-06,0.03503086315669301,3.5285452745156363,3.525630498188548,3.60200574650662,4.492342995945364,0.1,0.0360200574650662,0.04492342995945364,1500,20,1,1.0,exact FE budget; early stopping and stagnation disabled
hvac,PSO,B_common_NP,12012015,15,eval,20,1000,55,1500000.0,1000.0,1000.0,1000.0,True,0.020762791581523794,0.020766893738445827,-4.102156922033279e-06,0.03491158162134164,3.529919228031455,3.5278940049465746,3.6031635085237212,4.954639996867627,0.1,0.03603163508523721,0.04954639996867627,1500,20,1,1.0,exact FE budget; early stopping and stagnation disabled
hvac,PSO,B_common_NP,12012016,16,eval,20,1000,55,1500000.0,1000.0,1000.0,1000.0,True,0.020765564710076612,0.020766893738445827,-1.32902836921453e-06,0.029126447365671448,3.4969622691472373,3.5037334891967475,3.5874177599907853,4.224339994834736,0.1,0.03587417759990785,0.04224339994834736,1500,20,1,1.0,exact FE budget; early stopping and stagnation disabled
hvac,PSO,B_common_NP,12012017,17,eval,20,1000,55,1500000.0,1000.0,1000.0,1000.0,True,0.02075996255211904,0.020766893738445827,-6.931186326785549e-06,0.04195987151137066,3.53585489517233,3.5323334886925295,3.6168108621495776,4.154013993684202,0.1,0.036168108621495776,0.041540139936842024,1500,20,1,1.0,exact FE budget; early stopping and stagnation disabled
hvac,PSO,B_common_NP,12012018,18,eval,20,1000,55,1500000.0,1000.0,1000.0,1000.0,True,0.020763138951951168,0.020766893738445827,-3.75478649465924e-06,0.03192687740298455,3.517070385394618,3.5184329899493605,3.594870313827414,3.873640001984313,0.1,0.03594870313827414,0.03873640001984313,1500,20,1,1.0,exact FE budget; early stopping and stagnation disabled
hvac,PSO,B_common_NP,12012019,19,eval,20,1000,55,1500000.0,1000.0,1000.0,1000.0,True,0.02076017879837333,0.020766893738445827,-6.7149400724969555e-06,0.040285678411013985,3.529741279548034,3.5207905020797625,3.622907020326238,7.371498999418691,0.1,0.03622907020326238,0.07371498999418691,1500,20,1,1.0,exact FE budget; early stopping and stagnation disabled
hvac,WOA,B_common_NP,12013000,0,eval,20,1000,55,1500000.0,1000.0,1000.0,1000.0,True,0.02076689815819735,0.020766893738445827,4.419751523099258e-09,0.02187162378295517,7.384295255081573,7.3796050128294155,7.562158157816157,8.166430983692408,0.1,0.07562158157816157,0.08166430983692408,1500,20,1,1.0,exact FE budget; early stopping and stagnation disabled
hvac,WOA,B_common_NP,12013001,1,eval,20,1000,55,1500000.0,1000.0,1000.0,1000.0,True,0.020766883243730116,0.020766893738445827,-1.0494715711045766e-08,0.02153043461041372,7.362021709462472,7.358472008490935,7.553442043717951,7.857969001634046,0.1,0.0755344204371795,0.07857969001634046,1500,20,1,1.0,exact FE budget; early stopping and stagnation disabled
hvac,WOA,B_common_NP,12013002,2,eval,20,1000,55,1500000.0,1000.0,1000.0,1000.0,True,0.02076692339984646,0.020766893738445827,2.9661400634262147e-08,0.0200047217815183,7.3700394773817,7.370479492237791,7.552641577785835,8.541078015696257,0.1,0.07552641577785835,0.08541078015696257,1500,20,1,1.0,exact FE budget; early stopping and stagnation disabled
hvac,WOA,B_common_NP,12013003,3,eval,20,1000,55,1500000.0,1000.0,1000.0,1000.0,True,0.020766863872422162,0.020766893738445827,-2.986602366458757e-08,0.022475123521424636,7.3834081083963,7.380280498182401,7.5672243343433365,8.391073992243037,0.1,0.07567224334343337,0.08391073992243037,1500,20,1,1.0,exact FE budget; early stopping and stagnation disabled
hvac,WOA,B_common_NP,12013004,4,eval,20,1000,55,1500000.0,1000.0,1000.0,1000.0,True,0.020766882216709092,0.020766893738445827,-1.1521736734826371e-08,0.02287287908159597,7.36853583585859,7.365506011410616,7.543627647100948,11.926536011742428,0.1,0.07543627647100948,0.11926536011742428,1500,20,1,1.0,exact FE budget; early stopping and stagnation disabled
hvac,WOA,B_common_NP,12013005,5,eval,20,1000,55,1500000.0,1000.0,1000.0,1000.0,True,0.020766855339866868,0.020766893738445827,-3.839857895884813e-08,0.020825128967176237,7.41032962310904,7.408086501527578,7.577221504470799,8.111462986562401,0.1,0.07577221504470799,0.08111462986562401,1500,20,1,1.0,exact FE budget; early stopping and stagnation disabled
hvac,WOA,B_common_NP,12013006,6,eval,20,1000,55,1500000.0,1000.0,1000.0,1000.0,True,0.020766919174046012,0.020766893738445827,2.543560018511415e-08,0.024253569696783727,7.35575476954303,7.355791502050124,7.526073636836372,7.781836990034208,0.1,0.07526073636836372,0.07781836990034208,1500,20,1,1.0,exact FE budget; early stopping and stagnation disabled
hvac,WOA,B_common_NP,12013007,7,eval,20,1000,55,1500000.0,1000.0,1000.0,1000.0,True,0.020766923459249256,0.020766893738445827,2.9720803429444942e-08,0.02085357953449064,7.3836509530859376,7.385921024251729,7.54470158717595,8.06275600916706,0.1,0.0754470158717595,0.0806275600916706,1500,20,1,1.0,exact FE budget; early stopping and stagnation disabled
hvac,WOA,B_common_NP,12013008,8,eval,20,1000,55,1500000.0,1000.0,1000.0,1000.0,True,0.020766895948846203,0.020766893738445827,2.210400376623234e-09,0.02373533102428353,7.355725945730228,7.346890997723676,7.551425078418106,8.259535999968648,0.1,0.07551425078418106,0.08259535999968648,1500,20,1,1.0,exact FE budget; early stopping and stagnation disabled
hvac,WOA,B_common_NP,12013009,9,eval,20,1000,55,1500000.0,1000.0,1000.0,1000.0,True,0.020766960371831393,0.020766893738445827,6.663338556617271e-08,0.022388244110706234,7.405024893931113,7.3963285103673115,7.582169942907058,15.843011991819367,0.1,0.07582169942907058,0.15843011991819367,1500,20,1,1.0,exact FE budget; early stopping and stagnation disabled
hvac,WOA,B_common_NP,12013010,10,eval,20,1000,55,1500000.0,1000.0,1000.0,1000.0,True,0.020766933688260488,0.020766893738445827,3.99498146612387e-08,0.021236106013854738,7.387965483823791,7.38264100800734,7.563605115865357,10.658017999958247,0.1,0.07563605115865357,0.10658017999958247,1500,20,1,1.0,exact FE budget; early stopping and stagnation disabled
hvac,WOA,B_common_NP,12013011,11,eval,20,1000,55,1500000.0,1000.0,1000.0,1000.0,True,0.020766891216704834,0.020766893738445827,-2.5217409931055368e-09,0.02233655630622173,7.376287767954636,7.373214510153048,7.571260804252233,8.828743972117081,0.1,0.07571260804252233,0.08828743972117081,1500,20,1,1.0,exact FE budget; early stopping and stagnation disabled
hvac,WOA,B_common_NP,12013012,12,eval,20,1000,55,1500000.0,1000.0,1000.0,1000.0,True,0.020766946242128496,0.020766893738445827,5.2503682668875173e-08,0.021165584804583568,7.349330060028781,7.343844496062957,7.542557253327686,8.338902989635244,0.1,0.07542557253327686,0.08338902989635244,1500,20,1,1.0,exact FE budget; early stopping and stagnation disabled
hvac,WOA,B_common_NP,12013013,13,eval,20,1000,55,1500000.0,1000.0,1000.0,1000.0,True,0.020766882746035508,0.020766893738445827,-1.0992410318794166e-08,0.02054738919214664,7.355345431870471,7.352681495831348,7.520422534435056,9.156201995210722,0.1,0.07520422534435056,0.09156201995210722,1500,20,1,1.0,exact FE budget; early stopping and stagnation disabled
hvac,WOA,B_common_NP,12013014,14,eval,20,1000,55,1500000.0,1000.0,1000.0,1000.0,True,0.02076692134194616,0.020766893738445827,2.7603500332706865e-08,0.022591931933261162,7.389035812055226,7.385976001387462,7.551680282631423,8.599933004006743,0.1,0.07551680282631423,0.08599933004006743,1500,20,1,1.0,exact FE budget; early stopping and stagnation disabled
hvac,WOA,B_common_NP,12013015,15,eval,20,1000,55,1500000.0,1000.0,1000.0,1000.0,True,0.020766916951340746,0.020766893738445827,2.3212894918744897e-08,0.02149342892675547,7.391484886815306,7.385873483144678,7.556845259387046,10.049593984149396,0.1,0.07556845259387046,0.10049593984149396,1500,20,1,1.0,exact FE budget; early stopping and stagnation disabled
hvac,WOA,B_common_NP,12013016,16,eval,20,1000,55,1500000.0,1000.0,1000.0,1000.0,True,0.020766869992528147,0.020766893738445827,-2.3745917680090267e-08,0.02188506010271294,7.412791632057633,7.407079494441859,7.582301483489573,8.174198999768123,0.1,0.07582301483489573,0.08174198999768123,1500,20,1,1.0,exact FE budget; early stopping and stagnation disabled
hvac,WOA,B_common_NP,12013017,17,eval,20,1000,55,1500000.0,1000.0,1000.0,1000.0,True,0.020766923810836658,0.020766893738445827,3.007239083099855e-08,0.02666324187206355,7.422203827552342,7.419208486680873,7.58280263398774,8.825133001664653,0.1,0.0758280263398774,0.08825133001664653,1500,20,1,1.0,exact FE budget; early stopping and stagnation disabled
hvac,WOA,B_common_NP,12013018,18,eval,20,1000,55,1500000.0,1000.0,1000.0,1000.0,True,0.02076693613011353,0.020766893738445827,4.2391667703922664e-08,0.02294925358001436,7.392581581817164,7.388221507426351,7.550215911760461,8.39832000201568,0.1,0.0755021591176046,0.0839832000201568,1500,20,1,1.0,exact FE budget; early stopping and stagnation disabled
hvac,WOA,B_common_NP,12013019,19,eval,20,1000,55,1500000.0,1000.0,1000.0,1000.0,True,0.02076694869481788,0.020766893738445827,5.495637205379933e-08,0.021768269391379134,7.435866952543923,7.4347210029372945,7.579574271221645,8.296062995214015,0.1,0.07579574271221645,0.08296062995214015,1500,20,1,1.0,exact FE budget; early stopping and stagnation disabled
uav,SGO,A_tuned_NP,13000000,0,eval,20,1000,105,500000.0,1000.0,1000.0,1000.0,True,0.0009743873438352734,0.0008692986026327382,0.00010508874120253515,0.005422026400226243,11.69516611949075,11.686458994518034,12.009965592005756,13.242977001937106,0.1,0.12009965592005756,0.13242977001937106,500,10,1,1.0,exact FE budget; early stopping and stagnation disabled
uav,SGO,A_tuned_NP,13000001,1,eval,20,1000,105,500000.0,1000.0,1000.0,1000.0,True,0.00095482202090354,0.0008692986026327382,8.552341827080178e-05,0.005248561333203517,11.636725060001481,11.60811449517496,11.945928809291217,24.123563984176144,0.1,0.11945928809291217,0.24123563984176144,500,10,1,1.0,exact FE budget; early stopping and stagnation disabled
uav,SGO,A_tuned_NP,13000002,2,eval,20,1000,105,500000.0,1000.0,1000.0,1000.0,True,0.0010267316591143153,0.0008692986026327382,0.00015743305648157713,0.006964106968800089,11.638136854046024,11.618704505963251,11.995838760049082,13.406353013124317,0.1,0.11995838760049082,0.13406353013124317,500,10,1,1.0,exact FE budget; early stopping and stagnation disabled
uav,SGO,A_tuned_NP,13000003,3,eval,20,1000,105,500000.0,1000.0,1000.0,1000.0,True,0.0009346169122679216,0.0008692986026327382,6.531830963518335e-05,0.005087290605235945,11.979837766266428,11.960722506046295,12.366347287024837,12.638521002372727,0.1,0.12366347287024837,0.12638521002372727,500,10,1,1.0,exact FE budget; early stopping and stagnation disabled
uav,SGO,A_tuned_NP,13000004,4,eval,20,1000,105,500000.0,1000.0,1000.0,1000.0,True,0.0009536499504970751,0.0008692986026327382,8.435134786433692e-05,0.005195748964688628,11.74557639262639,11.770334487664513,12.07814731169492,12.550307001220062,0.1,0.1207814731169492,0.12550307001220062,500,10,1,1.0,exact FE budget; early stopping and stagnation disabled
uav,SGO,A_tuned_NP,13000005,5,eval,20,1000,105,500000.0,1000.0,1000.0,1000.0,True,0.0008449949805254361,0.0008692986026327382,-2.430362210730213e-05,0.0013939989645662676,11.670572654053103,11.653694993583485,12.026419167523272,13.114130997564644,0.1,0.12026419167523272,0.13114130997564644,500,10,1,1.0,exact FE budget; early stopping and stagnation disabled
uav,SGO,A_tuned_NP,13000006,6,eval,20,1000,105,500000.0,1000.0,1000.0,1000.0,True,0.0009106761094703677,0.0008692986026327382,4.137750683762948e-05,0.00427004970035196,11.6508473304566,11.628087508142926,12.043029848427977,12.689016992226243,0.1,0.12043029848427977,0.12689016992226243,500,10,1,1.0,exact FE budget; early stopping and stagnation disabled
uav,SGO,A_tuned_NP,13000007,7,eval,20,1000,105,500000.0,1000.0,1000.0,1000.0,True,0.0009536100728745858,0.0008692986026327382,8.431147024184763e-05,0.0058144434257296155,11.63366167229833,11.629254004219547,11.947087688895408,13.938994001364335,0.1,0.11947087688895408,0.13938994001364335,500,10,1,1.0,exact FE budget; early stopping and stagnation disabled
uav,SGO,A_tuned_NP,13000008,8,eval,20,1000,105,500000.0,1000.0,1000.0,1000.0,True,0.0009272773259840703,0.0008692986026327382,5.7978723351332045e-05,0.004978982701005225,11.634401953953784,11.623444501310587,11.964389010972809,12.872191000496969,0.1,0.11964389010972809,0.1287219100049697,500,10,1,1.0,exact FE budget; early stopping and stagnation disabled
uav,SGO,A_tuned_NP,13000009,9,eval,20,1000,105,500000.0,1000.0,1000.0,1000.0,True,0.0009272593037038162,0.0008692986026327382,5.796070107107795e-05,0.00459823048452801,11.72812293167226,11.709749494912103,12.041823238541838,12.433619995135814,0.1,0.12041823238541838,0.12433619995135814,500,10,1,1.0,exact FE budget; early stopping and stagnation disabled
uav,SGO,A_tuned_NP,13000010,10,eval,20,1000,105,500000.0,1000.0,1000.0,1000.0,True,0.0009173557021728568,0.0008692986026327382,4.8057099540118556e-05,0.004039028731032139,11.636872638424393,11.634890004643239,11.988886931794696,12.363365007331595,0.1,0.11988886931794696,0.12363365007331595,500,10,1,1.0,exact FE budget; early stopping and stagnation disabled
uav,SGO,A_tuned_NP,13000011,11,eval,20,1000,105,500000.0,1000.0,1000.0,1000.0,True,0.0009337029309528143,0.0008692986026327382,6.44043283200761e-05,0.005410743543590309,11.580881842353847,11.555338496691547,11.915511706320103,15.246822993503883,0.1,0.11915511706320103,0.15246822993503883,500,10,1,1.0,exact FE budget; early stopping and stagnation disabled
uav,SGO,A_tuned_NP,13000012,12,eval,20,1000,105,500000.0,1000.0,1000.0,1000.0,True,0.0009638862013517424,0.0008692986026327382,9.45875987190042e-05,0.0051263333560994774,11.68262944323942,11.67511050880421,12.000889581395313,13.023074017837644,0.1,0.12000889581395313,0.13023074017837644,500,10,1,1.0,exact FE budget; early stopping and stagnation disabled
uav,SGO,A_tuned_NP,13000013,13,eval,20,1000,105,500000.0,1000.0,1000.0,1000.0,True,0.0009077938775465012,0.0008692986026327382,3.849527491376302e-05,0.003813005523414404,11.633715573407244,11.601596008404158,12.05064059176948,13.030094996793196,0.1,0.12050640591769479,0.13030094996793196,500,10,1,1.0,exact FE budget; early stopping and stagnation disabled
uav,SGO,A_tuned_NP,13000014,14,eval,20,1000,105,500000.0,1000.0,1000.0,1000.0,True,0.000984840684596445,0.0008692986026327382,0.00011554208196370671,0.005710783603988799,11.675664167793002,11.664102494250983,11.990887543652207,12.30318401940167,0.1,0.11990887543652207,0.1230318401940167,500,10,1,1.0,exact FE budget; early stopping and stagnation disabled
uav,SGO,A_tuned_NP,13000015,15,eval,20,1000,105,500000.0,1000.0,1000.0,1000.0,True,0.000846836812100261,0.0008692986026327382,-2.246179053247725e-05,0.003201545383529403,11.615326192171779,11.611738504143432,11.939072054519784,12.706988985883072,0.1,0.11939072054519784,0.12706988985883072,500,10,1,1.0,exact FE budget; early stopping and stagnation disabled
uav,SGO,A_tuned_NP,13000016,16,eval,20,1000,105,500000.0,1000.0,1000.0,1000.0,True,0.0009200945564209745,0.0008692986026327382,5.079595378823629e-05,0.005246185767329097,11.570841311884578,11.561902501853183,11.893188099202234,12.781049008481205,0.1,0.11893188099202234,0.12781049008481205,500,10,1,1.0,exact FE budget; early stopping and stagnation disabled
uav,SGO,A_tuned_NP,13000017,17,eval,20,1000,105,500000.0,1000.0,1000.0,1000.0,True,0.0008811470629917105,0.0008692986026327382,1.1848460358972255e-05,0.004238358744060187,11.61805446143262,11.603768492932431,11.9794167127111,12.547926977276802,0.1,0.119794167127111,0.12547926977276802,500,10,1,1.0,exact FE budget; early stopping and stagnation disabled
uav,SGO,A_tuned_NP,13000018,18,eval,20,1000,105,500000.0,1000.0,1000.0,1000.0,True,0.0008992381225177993,0.0008692986026327382,2.9939519885061093e-05,0.0036583037729774866,11.6469050537562,11.632532012299635,11.981912347255275,12.554143992019817,0.1,0.11981912347255275,0.12554143992019817,500,10,1,1.0,exact FE budget; early stopping and stagnation disabled
uav,SGO,A_tuned_NP,13000019,19,eval,20,1000,105,500000.0,1000.0,1000.0,1000.0,True,0.0008829723984068428,0.0008692986026327382,1.367379577410456e-05,0.004287454539913097,11.668594981718343,11.655918511678465,11.986747979244683,12.440321006579325,0.1,0.11986747979244683,0.12440321006579325,500,10,1,1.0,exact FE budget; early stopping and stagnation disabled
uav,GWO,A_tuned_NP,13001000,0,eval,30,1000,39,500000.0,1000.0,1000.0,1000.0,True,0.0008677863882173483,0.0008692986026327382,-1.5122144153899113e-06,0.0002245437571424559,19.813722523045726,19.79049750661943,20.151250557682943,21.17926999926567,0.1,0.20151250557682943,0.2117926999926567,500,10,1,1.0,exact FE budget; early stopping and stagnation disabled
uav,GWO,A_tuned_NP,13001001,1,eval,30,1000,39,500000.0,1000.0,1000.0,1000.0,True,0.0008700608067590205,0.0008692986026327382,7.622041262822466e-07,0.00017505977089576067,19.913466081838124,19.87181499134749,20.259056355280336,26.600176002830267,0.1,0.20259056355280336,0.26600176002830267,500,10,1,1.0,exact FE budget; early stopping and stagnation disabled
uav,GWO,A_tuned_NP,13001002,2,eval,30,1000,39,500000.0,1000.0,1000.0,1000.0,True,0.0008697998312688767,0.0008692986026327382,5.012286361385327e-07,0.00012518537642817828,19.825889216037467,19.810308498563245,20.168390845356043,20.865319995209575,0.1,0.20168390845356043,0.20865319995209575,500,10,1,1.0,exact FE budget; early stopping and stagnation disabled
uav,GWO,A_tuned_NP,13001003,3,eval,30,1000,39,500000.0,1000.0,1000.0,1000.0,True,0.0008679617596217695,0.0008692986026327382,-1.3368430109687596e-06,0.00010151943526463917,19.785846778482664,19.78323950606864,20.08399034239119,20.564625010592863,0.1,0.2008399034239119,0.20564625010592863,500,10,1,1.0,exact FE budget; early stopping and stagnation disabled
uav,GWO,A_tuned_NP,13001004,4,eval,30,1000,39,500000.0,1000.0,1000.0,1000.0,True,0.0008699976432429477,0.0008692986026327382,6.990406102094782e-07,0.0001338325012108739,19.82946803170489,19.80045100208372,20.1658189369482,20.80374298384413,0.1,0.201658189369482,0.2080374298384413,500,10,1,1.0,exact FE budget; early stopping and stagnation disabled
uav,GWO,A_tuned_NP,13001005,5,eval,30,1000,39,500000.0,1000.0,1000.0,1000.0,True,0.000868878709001462,0.0008692986026327382,-4.1989363127616607e-07,0.00030868366269903294,19.760367978713475,19.744322984479368,20.09812348842388,20.36175798275508,0.1,0.2009812348842388,0.2036175798275508,500,10,1,1.0,exact FE budget; early stopping and stagnation disabled
uav,GWO,A_tuned_NP,13001006,6,eval,30,1000,39,500000.0,1000.0,1000.0,1000.0,True,0.0008697238759568723,0.0008692986026327382,4.252733241341287e-07,0.0003376114320875231,19.742601988022216,19.708256499143317,20.11364360078005,20.895634981570765,0.1,0.2011364360078005,0.20895634981570765,500,10,1,1.0,exact FE budget; early stopping and stagnation disabled
uav,GWO,A_tuned_NP,13001007,7,eval,30,1000,39,500000.0,1000.0,1000.0,1000.0,True,0.0008686180701423055,0.0008692986026327382,-6.805324904326886e-07,0.00017744878061189562,19.788168270431925,19.7637785167899,20.115983209689148,22.465831018052995,0.1,0.20115983209689148,0.22465831018052995,500,10,1,1.0,exact FE budget; early stopping and stagnation disabled
uav,GWO,A_tuned_NP,13001008,8,eval,30,1000,39,500000.0,1000.0,1000.0,1000.0,True,0.00086896416051683,0.0008692986026327382,-3.3444211590817445e-07,0.00013986441219942164,19.789572094683535,19.762846495723352,20.128388599550817,20.476176985539496,0.1,0.20128388599550817,0.20476176985539496,500,10,1,1.0,exact FE budget; early stopping and stagnation disabled
uav,GWO,A_tuned_NP,13001009,9,eval,30,1000,39,500000.0,1000.0,1000.0,1000.0,True,0.0008696266197588204,0.0008692986026327382,3.2801712608219666e-07,0.0001406673510894444,19.711686927301344,19.685811988892965,20.087159707327373,26.123557006940246,0.1,0.20087159707327373,0.26123557006940246,500,10,1,1.0,exact FE budget; early stopping and stagnation disabled
uav,GWO,A_tuned_NP,13001010,10,eval,30,1000,39,500000.0,1000.0,1000.0,1000.0,True,0.0008708591451429948,0.0008692986026327382,1.5605425102566128e-06,0.00023565983534452748,19.768935615196824,19.760384006076492,20.134838994999882,20.720033993711695,0.1,0.20134838994999882,0.20720033993711695,500,10,1,1.0,exact FE budget; early stopping and stagnation disabled
uav,GWO,A_tuned_NP,13001011,11,eval,30,1000,39,500000.0,1000.0,1000.0,1000.0,True,0.000870722517693451,0.0008692986026327382,1.4239150607128206e-06,0.00026023273019864905,19.77724596572807,19.759858012548648,20.105077617336065,20.79083098215051,0.1,0.20105077617336065,0.2079083098215051,500,10,1,1.0,exact FE budget; early stopping and stagnation disabled
uav,GWO,A_tuned_NP,13001012,12,eval,30,1000,39,500000.0,1000.0,1000.0,1000.0,True,0.000868950641927086,0.0008692986026327382,-3.4796070565222634e-07,0.00010243285742161671,19.73324119951576,19.710752996616066,20.10076018195832,20.468288013944402,0.1,0.20100760181958321,0.20468288013944402,500,10,1,1.0,exact FE budget; early stopping and stagnation disabled
uav,GWO,A_tuned_NP,13001013,13,eval,30,1000,39,500000.0,1000.0,1000.0,1000.0,True,0.0008676199000040522,0.0008692986026327382,-1.6787026286859937e-06,0.00023947730981059781,19.810746769653633,19.788408506428823,20.155540357518476,23.688949004281312,0.1,0.20155540357518476,0.23688949004281312,500,10,1,1.0,exact FE budget; early stopping and stagnation disabled
uav,GWO,A_tuned_NP,13001014,14,eval,30,1000,39,500000.0,1000.0,1000.0,1000.0,True,0.0008692900238788183,0.0008692986026327382,-8.57875391991475e-09,0.00014894225101703824,19.823823736573104,19.81282400083728,20.11976024659816,20.620378985768184,0.1,0.20119760246598162,0.20620378985768184,500,10,1,1.0,exact FE budget; early stopping and stagnation disabled
uav,GWO,A_tuned_NP,13001015,15,eval,30,1000,39,500000.0,1000.0,1000.0,1000.0,True,0.0008689895879297654,0.0008692986026327382,-3.090147029727666e-07,0.00017277206570923302,19.769585437548812,19.76601200294681,20.092014865076635,20.622122014174238,0.1,0.20092014865076635,0.20622122014174238,500,10,1,1.0,exact FE budget; early stopping and stagnation disabled
uav,GWO,A_tuned_NP,13001016,16,eval,30,1000,39,500000.0,1000.0,1000.0,1000.0,True,0.00086835822934285,0.0008692986026327382,-9.40373289888205e-07,0.0001621620513117427,19.73128860926954,19.70416349649895,20.075834001181647,20.903651980916038,0.1,0.20075834001181647,0.20903651980916038,500,10,1,1.0,exact FE budget; early stopping and stagnation disabled
uav,GWO,A_tuned_NP,13001017,17,eval,30,1000,39,500000.0,1000.0,1000.0,1000.0,True,0.0008691675898040616,0.0008692986026327382,-1.3101282867660023e-07,0.00016792944427281676,19.76894042623462,19.737876500585116,20.124965962895658,20.582246012054384,0.1,0.20124965962895658,0.20582246012054384,500,10,1,1.0,exact FE budget; early stopping and stagnation disabled
uav,GWO,A_tuned_NP,13001018,18,eval,30,1000,39,500000.0,1000.0,1000.0,1000.0,True,0.0008687151678726996,0.0008692986026327382,-5.834347600385892e-07,0.0002445055033558612,20.070847749884706,20.055079978192225,20.442862655909266,21.12454199232161,0.1,0.20442862655909266,0.2112454199232161,500,10,1,1.0,exact FE budget; early stopping and stagnation disabled
uav,GWO,A_tuned_NP,13001019,19,eval,30,1000,39,500000.0,1000.0,1000.0,1000.0,True,0.0008694886308436195,0.0008692986026327382,1.9002821088128646e-07,0.0001886904982690767,19.818098372546956,19.783423500484787,20.155965271987952,23.805697011994198,0.1,0.20155965271987952,0.23805697011994198,500,10,1,1.0,exact FE budget; early stopping and stagnation disabled
uav,PSO,A_tuned_NP,13002000,0,eval,10,1000,105,500000.0,1000.0,1000.0,1000.0,True,0.0008582094570032201,0.0008692986026327382,-1.1089145629518144e-05,0.006300604441461157,4.060815368604381,4.059433005750179,4.155783251917455,4.362219013273716,0.1,0.04155783251917455,0.04362219013273716,500,10,1,1.0,exact FE budget; early stopping and stagnation disabled
uav,PSO,A_tuned_NP,13002001,1,eval,10,1000,105,500000.0,1000.0,1000.0,1000.0,True,0.0008596756707534688,0.0008692986026327382,-9.622931879269426e-06,0.005924587294264423,4.043090028048027,4.04105699271895,4.131824056094047,4.5233420096337795,0.1,0.04131824056094047,0.045233420096337795,500,10,1,1.0,exact FE budget; early stopping and stagnation disabled
uav,PSO,A_tuned_NP,13002002,2,eval,10,1000,105,500000.0,1000.0,1000.0,1000.0,True,0.0008648565304282997,0.0008692986026327382,-4.4420722044385096e-06,0.003525250564758357,4.053089469613042,4.048919989145361,4.137044852541294,4.4615030055865645,0.1,0.04137044852541294,0.044615030055865645,500,10,1,1.0,exact FE budget; early stopping and stagnation disabled
uav,PSO,A_tuned_NP,13002003,3,eval,10,1000,105,500000.0,1000.0,1000.0,1000.0,True,0.0030786538825861684,0.0008692986026327382,0.0022093552799534303,0.21498920418345444,4.0829269560053945,4.076196506503038,4.158745250606444,4.796848021214828,0.1,0.04158745250606444,0.04796848021214828,500,10,1,1.0,exact FE budget; early stopping and stagnation disabled
uav,PSO,A_tuned_NP,13002004,4,eval,10,1000,105,500000.0,1000.0,1000.0,1000.0,True,0.001990009038708957,0.0008692986026327382,0.001120710436076219,0.057634301226810784,4.083033953269478,4.07950249791611,4.15545806317823,4.435407987330109,0.1,0.0415545806317823,0.04435407987330109,500,10,1,1.0,exact FE budget; early stopping and stagnation disabled
uav,PSO,A_tuned_NP,13002005,5,eval,10,1000,105,500000.0,1000.0,1000.0,1000.0,True,0.0012037229942500071,0.0008692986026327382,0.00033442439161726894,0.024084187450936913,4.077197140315548,4.071490999194793,4.1534114425303414,4.466037004021928,0.1,0.041534114425303414,0.04466037004021928,500,10,1,1.0,exact FE budget; early stopping and stagnation disabled
uav,PSO,A_tuned_NP,13002006,6,eval,10,1000,105,500000.0,1000.0,1000.0,1000.0,True,0.0008582251459500035,0.0008692986026327382,-1.1073456682734713e-05,0.004188511049160754,4.065184686740395,4.058007994899526,4.152090060233604,4.819330002646893,0.1,0.04152090060233604,0.04819330002646893,500,10,1,1.0,exact FE budget; early stopping and stagnation disabled
uav,PSO,A_tuned_NP,13002007,7,eval,10,1000,105,500000.0,1000.0,1000.0,1000.0,True,0.002542058462335546,0.0008692986026327382,0.0016727598597028079,0.03451730273811537,4.049871303141117,4.046514994115569,4.147532441129442,4.197575006401166,0.1,0.04147532441129442,0.04197575006401166,500,10,1,1.0,exact FE budget; early stopping and stagnation disabled
uav,PSO,A_tuned_NP,13002008,8,eval,10,1000,105,500000.0,1000.0,1000.0,1000.0,True,0.012366995551208737,0.0008692986026327382,0.011497696948575999,0.24722490613708978,4.055194074928295,4.053362994454801,4.11973574955482,4.328784998506308,0.1,0.041197357495548204,0.043287849985063076,500,10,1,1.0,exact FE budget; early stopping and stagnation disabled
uav,PSO,A_tuned_NP,13002009,9,eval,10,1000,105,500000.0,1000.0,1000.0,1000.0,True,0.0008705209793797319,0.0008692986026327382,1.2223767469936786e-06,0.0026415531285908338,4.051883309846744,4.046606496558525,4.125483665848151,4.3277300137560815,0.1,0.04125483665848151,0.043277300137560815,500,10,1,1.0,exact FE budget; early stopping and stagnation disabled
uav,PSO,A_tuned_NP,13002010,10,eval,10,1000,105,500000.0,1000.0,1000.0,1000.0,True,0.0008502754476880015,0.0008692986026327382,-1.9023154944736685e-05,0.006344989267403602,4.045215879625175,4.041021995362826,4.110512053011917,4.28752601146698,0.1,0.041105120530119166,0.0428752601146698,500,10,1,1.0,exact FE budget; early stopping and stagnation disabled
uav,PSO,A_tuned_NP,13002011,11,eval,10,1000,105,500000.0,1000.0,1000.0,1000.0,True,0.0009169983018599393,0.0008692986026327382,4.76996992272011e-05,0.014527358853650075,4.0390841327025555,4.038753992062993,4.114453855436295,4.802964016562328,0.1,0.04114453855436295,0.04802964016562328,500,10,1,1.0,exact FE budget; early stopping and stagnation disabled
uav,PSO,A_tuned_NP,13002012,12,eval,10,1000,105,500000.0,1000.0,1000.0,1000.0,True,0.0008705035604113395,0.0008692986026327382,1.2049577786013132e-06,0.0029050345865099937,4.033781046106014,4.0385939937550575,4.117553838295862,4.339906998211518,0.1,0.04117553838295862,0.04339906998211518,500,10,1,1.0,exact FE budget; early stopping and stagnation disabled
uav,PSO,A_tuned_NP,13002013,13,eval,10,1000,105,500000.0,1000.0,1000.0,1000.0,True,0.0012185329228200962,0.0008692986026327382,0.000349234320187358,0.025679007223534583,4.058984984061681,4.050530507811345,4.135957594553474,5.068069003755227,0.1,0.04135957594553474,0.05068069003755227,500,10,1,1.0,exact FE budget; early stopping and stagnation disabled
uav,PSO,A_tuned_NP,13002014,14,eval,10,1000,105,500000.0,1000.0,1000.0,1000.0,True,0.0031962979534632314,0.0008692986026327382,0.0023269993508304933,0.06229541048301497,4.051798082946334,4.0488009981345385,4.123473302752245,4.653744021197781,0.1,0.04123473302752245,0.04653744021197781,500,10,1,1.0,exact FE budget; early stopping and stagnation disabled
uav,PSO,A_tuned_NP,13002015,15,eval,10,1000,105,500000.0,1000.0,1000.0,1000.0,True,0.0008572919653612505,0.0008692986026327382,-1.2006637271487703e-05,0.005887163022736329,4.070898032048717,4.0668290021130815,4.14913106651511,4.540872003417462,0.1,0.041491310665151104,0.04540872003417462,500,10,1,1.0,exact FE budget; early stopping and stagnation disabled
uav,PSO,A_tuned_NP,13002016,16,eval,10,1000,105,500000.0,1000.0,1000.0,1000.0,True,0.0019460852112592715,0.0008692986026327382,0.0010767866086265334,0.053620911118140185,4.065800381009467,4.060935505549423,4.142236449115444,4.300375992897898,0.1,0.04142236449115444,0.04300375992897898,500,10,1,1.0,exact FE budget; early stopping and stagnation disabled
uav,PSO,A_tuned_NP,13002017,17,eval,10,1000,105,500000.0,1000.0,1000.0,1000.0,True,0.008956661928276351,0.0008692986026327382,0.008087363325643613,0.1899737226435998,4.05996315687662,4.053328491863795,4.137233048095368,4.349723982159048,0.1,0.04137233048095368,0.04349723982159048,500,10,1,1.0,exact FE budget; early stopping and stagnation disabled
uav,PSO,A_tuned_NP,13002018,18,eval,10,1000,105,500000.0,1000.0,1000.0,1000.0,True,0.0037591829553532525,0.0008692986026327382,0.0028898843527205144,0.19787872656555464,4.056236844742671,4.051296011311933,4.1301273900899105,4.339512001024559,0.1,0.041301273900899105,0.04339512001024559,500,10,1,1.0,exact FE budget; early stopping and stagnation disabled
uav,PSO,A_tuned_NP,13002019,19,eval,10,1000,105,500000.0,1000.0,1000.0,1000.0,True,0.0015023319271686112,0.0008692986026327382,0.000633033324535873,0.03772754719506239,4.042155863076914,4.042373999254778,4.1023895450052805,4.443566023837775,0.1,0.041023895450052805,0.04443566023837775,500,10,1,1.0,exact FE budget; early stopping and stagnation disabled
uav,WOA,A_tuned_NP,13003000,0,eval,30,1000,39,500000.0,1000.0,1000.0,1000.0,True,0.001805691489584182,0.0008692986026327382,0.0009363928869514437,0.013822696510567235,7.404665849986486,7.3947345081251115,7.54391593800392,8.459083997877315,0.1,0.0754391593800392,0.08459083997877315,500,10,1,1.0,exact FE budget; early stopping and stagnation disabled
uav,WOA,A_tuned_NP,13003001,1,eval,30,1000,39,500000.0,1000.0,1000.0,1000.0,True,0.0012806760414363603,0.0008692986026327382,0.0004113774388036221,0.012229212993902212,7.418093659973238,7.417947999783792,7.551858502847608,7.874169008573517,0.1,0.07551858502847608,0.07874169008573517,500,10,1,1.0,exact FE budget; early stopping and stagnation disabled
uav,WOA,A_tuned_NP,13003002,2,eval,30,1000,39,500000.0,1000.0,1000.0,1000.0,True,0.0013983575373630501,0.0008692986026327382,0.0005290589347303119,0.010442555536750211,7.3516034978674725,7.3461599968140945,7.508361044165213,8.490387990605086,0.1,0.07508361044165213,0.08490387990605086,500,10,1,1.0,exact FE budget; early stopping and stagnation disabled
uav,WOA,A_tuned_NP,13003003,3,eval,30,1000,39,500000.0,1000.0,1000.0,1000.0,True,0.001219337885023268,0.0008692986026327382,0.0003500392823905298,0.009468078119563456,7.447339812351856,7.4107434920733795,7.698529584740754,12.007509998511523,0.1,0.07698529584740754,0.12007509998511523,500,10,1,1.0,exact FE budget; early stopping and stagnation disabled
uav,WOA,A_tuned_NP,13003004,4,eval,30,1000,39,500000.0,1000.0,1000.0,1000.0,True,0.0013662798782065565,0.0008692986026327382,0.0004969812755738183,0.011981111513936802,7.428180887480266,7.418544992106035,7.571611904131714,8.370216994080693,0.1,0.07571611904131714,0.08370216994080693,500,10,1,1.0,exact FE budget; early stopping and stagnation disabled
uav,WOA,A_tuned_NP,13003005,5,eval,30,1000,39,500000.0,1000.0,1000.0,1000.0,True,0.0015433580318411806,0.0008692986026327382,0.0006740594292084424,0.014894453443172485,7.400110916758422,7.39101400540676,7.5452301040058956,7.958094007335603,0.1,0.07545230104005896,0.07958094007335603,500,10,1,1.0,exact FE budget; early stopping and stagnation disabled
uav,WOA,A_tuned_NP,13003006,6,eval,30,1000,39,500000.0,1000.0,1000.0,1000.0,True,0.001061364322539446,0.0008692986026327382,0.00019206571990670787,0.008982736554595538,7.426236759871244,7.415547006530687,7.547094454639591,8.18285599234514,0.1,0.07547094454639591,0.0818285599234514,500,10,1,1.0,exact FE budget; early stopping and stagnation disabled
uav,WOA,A_tuned_NP,13003007,7,eval,30,1000,39,500000.0,1000.0,1000.0,1000.0,True,0.001242405614422179,0.0008692986026327382,0.00037310701178944075,0.011153765364345298,7.389049171470106,7.382939016679302,7.522054547735024,7.81985602225177,0.1,0.07522054547735024,0.0781985602225177,500,10,1,1.0,exact FE budget; early stopping and stagnation disabled
uav,WOA,A_tuned_NP,13003008,8,eval,30,1000,39,500000.0,1000.0,1000.0,1000.0,True,0.0012151978362203448,0.0008692986026327382,0.0003458992335876066,0.011318801416708674,7.380080163537059,7.368509497609921,7.527581743488554,8.181286015314981,0.1,0.07527581743488554,0.08181286015314981,500,10,1,1.0,exact FE budget; early stopping and stagnation disabled
uav,WOA,A_tuned_NP,13003009,9,eval,30,1000,39,500000.0,1000.0,1000.0,1000.0,True,0.0009595047760856812,0.0008692986026327382,9.020617345294299e-05,0.009029458717256664,7.380859035009053,7.371172003331594,7.528965365781914,9.25675401231274,0.1,0.07528965365781914,0.0925675401231274,500,10,1,1.0,exact FE budget; early stopping and stagnation disabled
uav,WOA,A_tuned_NP,13003010,10,eval,30,1000,39,500000.0,1000.0,1000.0,1000.0,True,0.00141747147378832,0.0008692986026327382,0.0005481728711555818,0.010475422832398619,7.364114340394735,7.36507450346835,7.503267597348895,7.85695799277164,0.1,0.07503267597348895,0.0785695799277164,500,10,1,1.0,exact FE budget; early stopping and stagnation disabled
uav,WOA,A_tuned_NP,13003011,11,eval,30,1000,39,500000.0,1000.0,1000.0,1000.0,True,0.0014171548003312038,0.0008692986026327382,0.0005478561976984656,0.012047472148313228,7.367774315818679,7.359183000517078,7.523982800194062,8.93515400821343,0.1,0.07523982800194062,0.0893515400821343,500,10,1,1.0,exact FE budget; early stopping and stagnation disabled
uav,WOA,A_tuned_NP,13003012,12,eval,30,1000,39,500000.0,1000.0,1000.0,1000.0,True,0.0012888280510843177,0.0008692986026327382,0.00041952944845157945,0.01129614856578802,7.362156753719319,7.361347496043891,7.511576390243135,7.754082995234057,0.1,0.07511576390243135,0.07754082995234057,500,10,1,1.0,exact FE budget; early stopping and stagnation disabled
uav,WOA,A_tuned_NP,13003013,13,eval,30,1000,39,500000.0,1000.0,1000.0,1000.0,True,0.0012299576695828348,0.0008692986026327382,0.00036065906695009655,0.014432444480125744,7.427580741874408,7.426622512866743,7.556286962062586,8.04489100119099,0.1,0.07556286962062586,0.0804489100119099,500,10,1,1.0,exact FE budget; early stopping and stagnation disabled
uav,WOA,A_tuned_NP,13003014,14,eval,30,1000,39,500000.0,1000.0,1000.0,1000.0,True,0.001179366329379826,0.0008692986026327382,0.00031006772674708777,0.011677118098781112,7.447412438807078,7.439595501637086,7.60124104708666,8.506885991664603,0.1,0.0760124104708666,0.08506885991664603,500,10,1,1.0,exact FE budget; early stopping and stagnation disabled
uav,WOA,A_tuned_NP,13003015,15,eval,30,1000,39,500000.0,1000.0,1000.0,1000.0,True,0.0011244515244522128,0.0008692986026327382,0.0002551529218194746,0.0109048282146587,7.387179429933894,7.385573495412245,7.504647146561183,7.985025004018098,0.1,0.07504647146561183,0.07985025004018098,500,10,1,1.0,exact FE budget; early stopping and stagnation disabled
uav,WOA,A_tuned_NP,13003016,16,eval,30,1000,39,500000.0,1000.0,1000.0,1000.0,True,0.0009619511647606725,0.0008692986026327382,9.26525621279343e-05,0.008612715333779353,7.394676286203321,7.392454004730098,7.538399191980716,8.013459999347106,0.1,0.07538399191980716,0.08013459999347106,500,10,1,1.0,exact FE budget; early stopping and stagnation disabled
uav,WOA,A_tuned_NP,13003017,17,eval,30,1000,39,500000.0,1000.0,1000.0,1000.0,True,0.0010497230529901268,0.0008692986026327382,0.00018042445035738864,0.010002842105025705,7.376233794202562,7.367142505245283,7.5209490591078065,8.13681198633276,0.1,0.07520949059107807,0.08136811986332759,500,10,1,1.0,exact FE budget; early stopping and stagnation disabled
uav,WOA,A_tuned_NP,13003018,18,eval,30,1000,39,500000.0,1000.0,1000.0,1000.0,True,0.0013260729352294169,0.0008692986026327382,0.0004567743325966787,0.012181934054217905,7.404944835347123,7.390186496195383,7.546424369502347,8.473737980239093,0.1,0.07546424369502347,0.08473737980239093,500,10,1,1.0,exact FE budget; early stopping and stagnation disabled
uav,WOA,A_tuned_NP,13003019,19,eval,30,1000,39,500000.0,1000.0,1000.0,1000.0,True,0.000940955284045196,0.0008692986026327382,7.165668141245784e-05,0.00720706137893315,7.397708500560839,7.382947005680762,7.525899111351464,9.148051001830027,0.1,0.07525899111351464,0.09148051001830027,500,10,1,1.0,exact FE budget; early stopping and stagnation disabled
uav,SGO,B_common_NP,13010000,0,eval,20,1000,105,500000.0,1000.0,1000.0,1000.0,True,0.0009364768266535,0.0008692986026327382,6.717822402076178e-05,0.005432683120014115,11.685796967707574,11.688836515531875,12.048816203605384,12.485658982768655,0.1,0.12048816203605384,0.12485658982768655,500,10,1,1.0,exact FE budget; early stopping and stagnation disabled
uav,SGO,B_common_NP,13010001,1,eval,20,1000,105,500000.0,1000.0,1000.0,1000.0,True,0.0010166121324760426,0.0008692986026327382,0.00014731352984330437,0.006648825645704551,11.573874702851754,11.56228149193339,11.903707994497381,12.496682000346482,0.1,0.11903707994497381,0.12496682000346482,500,10,1,1.0,exact FE budget; early stopping and stagnation disabled
uav,SGO,B_common_NP,13010002,2,eval,20,1000,105,500000.0,1000.0,1000.0,1000.0,True,0.0009723151406564413,0.0008692986026327382,0.00010301653802370311,0.005138936762651542,11.54029605758842,11.508198993396945,11.897187163413037,12.824913981603459,0.1,0.11897187163413037,0.12824913981603459,500,10,1,1.0,exact FE budget; early stopping and stagnation disabled
uav,SGO,B_common_NP,13010003,3,eval,20,1000,105,500000.0,1000.0,1000.0,1000.0,True,0.0009636599793829115,0.0008692986026327382,9.436137675017332e-05,0.0055543530859081145,11.62185368919745,11.607545980950817,11.975584329047706,12.606634991243482,0.1,0.11975584329047706,0.12606634991243482,500,10,1,1.0,exact FE budget; early stopping and stagnation disabled
uav,SGO,B_common_NP,13010004,4,eval,20,1000,105,500000.0,1000.0,1000.0,1000.0,True,0.0009604145892330287,0.0008692986026327382,9.111598660029052e-05,0.005572641416188713,11.587294153636321,11.569082998903468,11.907791995326988,12.435740005457774,0.1,0.11907791995326988,0.12435740005457774,500,10,1,1.0,exact FE budget; early stopping and stagnation disabled
uav,SGO,B_common_NP,13010005,5,eval,20,1000,105,500000.0,1000.0,1000.0,1000.0,True,0.0009924078353421167,0.0008692986026327382,0.0001231092327093785,0.006487060425452225,11.628108742297627,11.578995996387675,12.074759865936356,17.632077011512592,0.1,0.12074759865936356,0.17632077011512592,500,10,1,1.0,exact FE budget; early stopping and stagnation disabled
uav,SGO,B_common_NP,13010006,6,eval,20,1000,105,500000.0,1000.0,1000.0,1000.0,True,0.0008705385025807778,0.0008692986026327382,1.2398999480395852e-06,0.00310575311654761,11.512667316186707,11.485558497952297,11.83508528774837,12.403216009261087,0.1,0.1183508528774837,0.12403216009261087,500,10,1,1.0,exact FE budget; early stopping and stagnation disabled
uav,SGO,B_common_NP,13010007,7,eval,20,1000,105,500000.0,1000.0,1000.0,1000.0,True,0.0009332687503644143,0.0008692986026327382,6.397014773167607e-05,0.005987860624642822,11.485928050242364,11.461791509645991,11.778812999546062,13.525137008400634,0.1,0.11778812999546062,0.13525137008400634,500,10,1,1.0,exact FE budget; early stopping and stagnation disabled
uav,SGO,B_common_NP,13010008,8,eval,20,1000,105,500000.0,1000.0,1000.0,1000.0,True,0.0009362784043643554,0.0008692986026327382,6.697980173161718e-05,0.004209271507044926,11.60985422617523,11.594377006986178,11.899791058385745,12.799253017874435,0.1,0.11899791058385745,0.12799253017874435,500,10,1,1.0,exact FE budget; early stopping and stagnation disabled
uav,SGO,B_common_NP,13010009,9,eval,20,1000,105,500000.0,1000.0,1000.0,1000.0,True,0.0008712852254801127,0.0008692986026327382,1.9866228473745242e-06,0.0036919321959016527,11.633802877448034,11.610271511017345,11.902494233800098,18.120880995411426,0.1,0.11902494233800098,0.18120880995411426,500,10,1,1.0,exact FE budget; early stopping and stagnation disabled
uav,SGO,B_common_NP,13010010,10,eval,20,1000,105,500000.0,1000.0,1000.0,1000.0,True,0.0009598104062169228,0.0008692986026327382,9.051180358418459e-05,0.005503802877626358,11.489817268098705,11.456511012511328,11.874491193157155,16.54745900304988,0.1,0.11874491193157155,0.1654745900304988,500,10,1,1.0,exact FE budget; early stopping and stagnation disabled
uav,SGO,B_common_NP,13010011,11,eval,20,1000,105,500000.0,1000.0,1000.0,1000.0,True,0.0008652554994947668,0.0008692986026327382,-4.0431031379713775e-06,0.0018510241591141177,11.47690543194767,11.461358997621574,11.771951962145977,12.66353199025616,0.1,0.11771951962145977,0.1266353199025616,500,10,1,1.0,exact FE budget; early stopping and stagnation disabled
uav,SGO,B_common_NP,13010012,12,eval,20,1000,105,500000.0,1000.0,1000.0,1000.0,True,0.0009363232997053996,0.0008692986026327382,6.702469707266137e-05,0.005307645731705152,11.513128482096363,11.496261504362337,11.88933600205928,12.19320300151594,0.1,0.11889336002059281,0.1219320300151594,500,10,1,1.0,exact FE budget; early stopping and stagnation disabled
uav,SGO,B_common_NP,13010013,13,eval,20,1000,105,500000.0,1000.0,1000.0,1000.0,True,0.0009722105431112398,0.0008692986026327382,0.00010291194047850163,0.005670709388152603,11.51057207386475,11.498449501232244,11.869465789641254,12.333751015830785,0.1,0.11869465789641254,0.12333751015830785,500,10,1,1.0,exact FE budget; early stopping and stagnation disabled
uav,SGO,B_common_NP,13010014,14,eval,20,1000,105,500000.0,1000.0,1000.0,1000.0,True,0.0009917459644794803,0.0008692986026327382,0.00012244736184674205,0.006552076066303778,11.499246770166792,11.469273507827893,11.863857234129682,12.498642987338826,0.1,0.11863857234129682,0.12498642987338826,500,10,1,1.0,exact FE budget; early stopping and stagnation disabled
uav,SGO,B_common_NP,13010015,15,eval,20,1000,105,500000.0,1000.0,1000.0,1000.0,True,0.0009009948389206134,0.0008692986026327382,3.169623628787523e-05,0.003649145926555992,11.582784156315029,11.566277506062761,11.916712191305123,12.62460500583984,0.1,0.11916712191305123,0.1262460500583984,500,10,1,1.0,exact FE budget; early stopping and stagnation disabled
uav,SGO,B_common_NP,13010016,16,eval,20,1000,105,500000.0,1000.0,1000.0,1000.0,True,0.0008797630165782561,0.0008692986026327382,1.0464413945517905e-05,0.0014869372879974738,11.637864907388575,11.619081487879157,11.910825144150294,12.835696979891509,0.1,0.11910825144150294,0.1283569697989151,500,10,1,1.0,exact FE budget; early stopping and stagnation disabled
uav,SGO,B_common_NP,13010017,17,eval,20,1000,105,500000.0,1000.0,1000.0,1000.0,True,0.0009595752825239485,0.0008692986026327382,9.027667989121031e-05,0.005877937416001823,11.60432936460711,11.581907499930821,11.936310326564126,12.6416269922629,0.1,0.11936310326564126,0.126416269922629,500,10,1,1.0,exact FE budget; early stopping and stagnation disabled
uav,SGO,B_common_NP,13010018,18,eval,20,1000,105,500000.0,1000.0,1000.0,1000.0,True,0.0009310477139514698,0.0008692986026327382,6.174911131873163e-05,0.004595633487014074,11.65440232574474,11.643503501545638,12.016158127516974,12.863403972005472,0.1,0.12016158127516974,0.12863403972005472,500,10,1,1.0,exact FE budget; early stopping and stagnation disabled
uav,SGO,B_common_NP,13010019,19,eval,20,1000,105,500000.0,1000.0,1000.0,1000.0,True,0.0008614316724327108,0.0008692986026327382,-7.866930200027392e-06,0.002627168358581178,11.65577728167409,11.654681991785765,11.991613205464091,12.242199998581782,0.1,0.11991613205464091,0.12242199998581782,500,10,1,1.0,exact FE budget; early stopping and stagnation disabled
uav,GWO,B_common_NP,13011000,0,eval,20,1000,55,500000.0,1000.0,1000.0,1000.0,True,0.0008672637689720401,0.0008692986026327382,-2.034833660698133e-06,0.00013819995183650004,19.991027511889115,19.96260997839272,20.345062305568717,28.018047014484182,0.1,0.20345062305568717,0.2801804701448418,500,10,1,1.0,exact FE budget; early stopping and stagnation disabled
uav,GWO,B_common_NP,13011001,1,eval,20,1000,55,500000.0,1000.0,1000.0,1000.0,True,0.00086885391389954,0.0008692986026327382,-4.4468873319823774e-07,0.00014548617005265786,19.839900497870985,19.81634799449239,20.228347605734598,20.593743975041434,0.1,0.20228347605734598,0.20593743975041434,500,10,1,1.0,exact FE budget; early stopping and stagnation disabled
uav,GWO,B_common_NP,13011002,2,eval,20,1000,55,500000.0,1000.0,1000.0,1000.0,True,0.0008672478520953382,0.0008692986026327382,-2.050750537399993e-06,0.0001623722723906298,19.860721776029095,19.840546490740962,20.26899883057922,21.1866449972149,0.1,0.2026899883057922,0.21186644997214898,500,10,1,1.0,exact FE budget; early stopping and stagnation disabled
uav,GWO,B_common_NP,13011003,3,eval,20,1000,55,500000.0,1000.0,1000.0,1000.0,True,0.0008686014053301436,0.0008692986026327382,-6.971973025946421e-07,0.00048567012216277805,19.82243105082307,19.79907651548274,20.152444996347185,20.56557501782663,0.1,0.20152444996347185,0.20565575017826632,500,10,1,1.0,exact FE budget; early stopping and stagnation disabled
uav,GWO,B_common_NP,13011004,4,eval,20,1000,55,500000.0,1000.0,1000.0,1000.0,True,0.0008696723117106493,0.0008692986026327382,3.7370907791109756e-07,0.00017042593562203252,19.844683579809498,19.811632490018383,20.25318965606857,20.825059997150674,0.1,0.2025318965606857,0.20825059997150674,500,10,1,1.0,exact FE budget; early stopping and stagnation disabled
uav,GWO,B_common_NP,13011005,5,eval,20,1000,55,500000.0,1000.0,1000.0,1000.0,True,0.0008700617571271734,0.0008692986026327382,7.631544944352361e-07,0.00018961131021397163,19.832461885293014,19.791658502072096,20.26697434775997,21.092006005346775,0.1,0.2026697434775997,0.21092006005346775,500,10,1,1.0,exact FE budget; early stopping and stagnation disabled
uav,GWO,B_common_NP,13011006,6,eval,20,1000,55,500000.0,1000.0,1000.0,1000.0,True,0.0008688823545517451,0.0008692986026327382,-4.162480809930761e-07,8.53280881334301e-05,19.930065279302653,19.88173249992542,20.4190757140168,28.863744984846562,0.1,0.204190757140168,0.2886374498484656,500,10,1,1.0,exact FE budget; early stopping and stagnation disabled
uav,GWO,B_common_NP,13011007,7,eval,20,1000,55,500000.0,1000.0,1000.0,1000.0,True,0.0009173899069928087,0.0008692986026327382,4.8091304360070456e-05,0.004820521178941351,19.984843068523332,19.97980750456918,20.314606094325427,20.740535983350128,0.1,0.20314606094325427,0.20740535983350128,500,10,1,1.0,exact FE budget; early stopping and stagnation disabled
uav,GWO,B_common_NP,13011008,8,eval,20,1000,55,500000.0,1000.0,1000.0,1000.0,True,0.0008699364979456585,0.0008692986026327382,6.378953129203193e-07,0.0001046736917716326,20.11038734158501,20.08874800230842,20.508567248180043,20.85289897513576,0.1,0.20508567248180043,0.20852898975135759,500,10,1,1.0,exact FE budget; early stopping and stagnation disabled
uav,GWO,B_common_NP,13011009,9,eval,20,1000,55,500000.0,1000.0,1000.0,1000.0,True,0.0008689818135491443,0.0008692986026327382,-3.167890835939187e-07,0.0001087766523650652,20.194446612906177,20.16119701147545,20.646117336582392,21.550227975239977,0.1,0.20646117336582392,0.21550227975239977,500,10,1,1.0,exact FE budget; early stopping and stagnation disabled
uav,GWO,B_common_NP,13011010,10,eval,20,1000,55,500000.0,1000.0,1000.0,1000.0,True,0.0008683268291625592,0.0008692986026327382,-9.717734701789656e-07,0.0002864603057535089,19.87723597587319,19.840998007566668,20.293983300507534,21.110730012878776,0.1,0.20293983300507534,0.21110730012878776,500,10,1,1.0,exact FE budget; early stopping and stagnation disabled
uav,GWO,B_common_NP,13011011,11,eval,20,1000,55,500000.0,1000.0,1000.0,1000.0,True,0.0008705683056094725,0.0008692986026327382,1.2697029767342553e-06,0.00012506457398492416,19.920886186882854,19.89200949901715,20.296934818907175,21.102384984260425,0.1,0.20296934818907175,0.21102384984260425,500,10,1,1.0,exact FE budget; early stopping and stagnation disabled
uav,GWO,B_common_NP,13011012,12,eval,20,1000,55,500000.0,1000.0,1000.0,1000.0,True,0.0008680626109460703,0.0008692986026327382,-1.2359916866679348e-06,0.0002418183751125653,19.945432449225336,19.877679995261133,20.35250839398941,29.082102002575994,0.1,0.2035250839398941,0.29082102002575994,500,10,1,1.0,exact FE budget; early stopping and stagnation disabled
uav,GWO,B_common_NP,13011013,13,eval,20,1000,55,500000.0,1000.0,1000.0,1000.0,True,0.0008683487630623904,0.0008692986026327382,-9.498395703477942e-07,8.971444519700661e-05,19.907560462423135,19.87429599103052,20.302019301743712,21.56580801238306,0.1,0.20302019301743712,0.2156580801238306,500,10,1,1.0,exact FE budget; early stopping and stagnation disabled
uav,GWO,B_common_NP,13011014,14,eval,20,1000,55,500000.0,1000.0,1000.0,1000.0,True,0.0009150735576864506,0.0008692986026327382,4.5774955053712383e-05,0.004819048787762482,19.922939330048393,19.884768989868462,20.346889006032143,21.010938013205305,0.1,0.20346889006032143,0.21010938013205305,500,10,1,1.0,exact FE budget; early stopping and stagnation disabled
uav,GWO,B_common_NP,13011015,15,eval,20,1000,55,500000.0,1000.0,1000.0,1000.0,True,0.0008689362935571835,0.0008692986026327382,-3.623090755547082e-07,0.0002655372619745301,19.875957009964623,19.83967050909996,20.279567869147286,21.8162469973322,0.1,0.20279567869147286,0.218162469973322,500,10,1,1.0,exact FE budget; early stopping and stagnation disabled
uav,GWO,B_common_NP,13011016,16,eval,20,1000,55,500000.0,1000.0,1000.0,1000.0,True,0.0008681378162893567,0.0008692986026327382,-1.1607863433815181e-06,0.00033868080857034767,19.915999621734954,19.91566650394816,20.332323365437333,23.97207001922652,0.1,0.20332323365437333,0.2397207001922652,500,10,1,1.0,exact FE budget; early stopping and stagnation disabled
uav,GWO,B_common_NP,13011017,17,eval,20,1000,55,500000.0,1000.0,1000.0,1000.0,True,0.0008675337692800419,0.0008692986026327382,-1.7648333526963308e-06,0.00027448999313782956,19.974870632227976,19.953378519858234,20.31843045115238,21.260473993606865,0.1,0.2031843045115238,0.21260473993606865,500,10,1,1.0,exact FE budget; early stopping and stagnation disabled
uav,GWO,B_common_NP,13011018,18,eval,20,1000,55,500000.0,1000.0,1000.0,1000.0,True,0.0008695731596487861,0.0008692986026327382,2.74557016047847e-07,0.00026660513309309595,20.000072457944043,19.9718720105011,20.36877425853163,24.16110600461252,0.1,0.2036877425853163,0.2416110600461252,500,10,1,1.0,exact FE budget; early stopping and stagnation disabled
uav,GWO,B_common_NP,13011019,19,eval,20,1000,55,500000.0,1000.0,1000.0,1000.0,True,0.000870674188596684,0.0008692986026327382,1.375585963945842e-06,9.697355789500245e-05,20.01962014043238,19.983566002338193,20.368013544066343,21.16321201901883,0.1,0.20368013544066343,0.2116321201901883,500,10,1,1.0,exact FE budget; early stopping and stagnation disabled
uav,PSO,B_common_NP,13012000,0,eval,20,1000,55,500000.0,1000.0,1000.0,1000.0,True,0.0022733684524422148,0.0008692986026327382,0.0014040698498094767,0.18880629857920064,3.577974018000532,3.5741835017688572,3.649219781800639,3.889996005455032,0.1,0.03649219781800639,0.03889996005455032,500,10,1,1.0,exact FE budget; early stopping and stagnation disabled
uav,PSO,B_common_NP,13012001,1,eval,20,1000,55,500000.0,1000.0,1000.0,1000.0,True,0.0018345368756448037,0.0008692986026327382,0.0009652382730120655,0.16211529502046493,3.562215122859925,3.55018800473772,3.628557495540008,5.33120401087217,0.1,0.03628557495540008,0.0533120401087217,500,10,1,1.0,exact FE budget; early stopping and stagnation disabled
uav,PSO,B_common_NP,13012002,2,eval,20,1000,55,500000.0,1000.0,1000.0,1000.0,True,0.00472843407339845,0.0008692986026327382,0.0038591354707657117,0.3987272860647121,3.5686971620307304,3.5578364913817495,3.64196896989597,4.535815998679027,0.1,0.0364196896989597,0.04535815998679027,500,10,1,1.0,exact FE budget; early stopping and stagnation disabled
uav,PSO,B_common_NP,13012003,3,eval,20,1000,55,500000.0,1000.0,1000.0,1000.0,True,0.0028603919063112378,0.0008692986026327382,0.0019910933036784997,0.1871109404636463,3.5734716351144016,3.5651270009111613,3.6461422889260575,4.208678990835324,0.1,0.036461422889260575,0.04208678990835324,500,10,1,1.0,exact FE budget; early stopping and stagnation disabled
uav,PSO,B_common_NP,13012004,4,eval,20,1000,55,500000.0,1000.0,1000.0,1000.0,True,0.0032513851025322543,0.0008692986026327382,0.002382086499899516,0.1566228064291744,3.5589923016377725,3.554285503923893,3.629547407035716,3.821594000328332,0.1,0.03629547407035716,0.03821594000328332,500,10,1,1.0,exact FE budget; early stopping and stagnation disabled
uav,PSO,B_common_NP,13012005,5,eval,20,1000,55,500000.0,1000.0,1000.0,1000.0,True,0.00306740165055934,0.0008692986026327382,0.002198103047926602,0.19178076837189834,3.5673739993944764,3.5605365119408816,3.645732555014547,4.2850559984799474,0.1,0.03645732555014547,0.042850559984799474,500,10,1,1.0,exact FE budget; early stopping and stagnation disabled
uav,PSO,B_common_NP,13012006,6,eval,20,1000,55,500000.0,1000.0,1000.0,1000.0,True,0.0022300381179731457,0.0008692986026327382,0.0013607395153404076,0.1796046007782241,3.5868627158924937,3.5805140068987384,3.6594592995243147,3.8932120078243315,0.1,0.03659459299524315,0.038932120078243315,500,10,1,1.0,exact FE budget; early stopping and stagnation disabled
uav,PSO,B_common_NP,13012007,7,eval,20,1000,55,500000.0,1000.0,1000.0,1000.0,True,0.0010539730569149401,0.0008692986026327382,0.00018467445428220193,0.10955444551626459,3.552908935933374,3.5497430071700364,3.631629807932768,4.064198990818113,0.1,0.03631629807932768,0.04064198990818113,500,10,1,1.0,exact FE budget; early stopping and stagnation disabled
uav,PSO,B_common_NP,13012008,8,eval,20,1000,55,500000.0,1000.0,1000.0,1000.0,True,0.0035470467262268455,0.0008692986026327382,0.0026777481235941074,0.23868034539660946,3.553841149318032,3.550877998350188,3.623635611438658,4.378181998617947,0.1,0.03623635611438658,0.04378181998617947,500,10,1,1.0,exact FE budget; early stopping and stagnation disabled
uav,PSO,B_common_NP,13012009,9,eval,20,1000,55,500000.0,1000.0,1000.0,1000.0,True,0.0010223261978683953,0.0008692986026327382,0.00015302759523565712,0.11683354570310783,3.5833156873704866,3.5799800098175183,3.648315703321714,4.157202987698838,0.1,0.03648315703321714,0.04157202987698838,500,10,1,1.0,exact FE budget; early stopping and stagnation disabled
uav,PSO,B_common_NP,13012010,10,eval,20,1000,55,500000.0,1000.0,1000.0,1000.0,True,0.001572908323408265,0.0008692986026327382,0.0007036097207755268,0.1665846514547964,3.541743397829123,3.5384475049795583,3.615914430702105,4.007106996141374,0.1,0.03615914430702105,0.04007106996141374,500,10,1,1.0,exact FE budget; early stopping and stagnation disabled
uav,PSO,B_common_NP,13012011,11,eval,20,1000,55,500000.0,1000.0,1000.0,1000.0,True,0.0024672566654597786,0.0008692986026327382,0.0015979580628270405,0.23496238215140955,3.5756927307811566,3.5683705064002424,3.6483396179392003,4.351014009444043,0.1,0.036483396179392,0.04351014009444043,500,10,1,1.0,exact FE budget; early stopping and stagnation disabled
uav,PSO,B_common_NP,13012012,12,eval,20,1000,55,500000.0,1000.0,1000.0,1000.0,True,0.0036071397171694637,0.0008692986026327382,0.0027378411145367256,0.29957914041069444,3.568090310844127,3.561800505849533,3.6609151342418045,4.0025060006882995,0.1,0.036609151342418045,0.040025060006882995,500,10,1,1.0,exact FE budget; early stopping and stagnation disabled
uav,PSO,B_common_NP,13012013,13,eval,20,1000,55,500000.0,1000.0,1000.0,1000.0,True,0.005402786403278914,0.0008692986026327382,0.004533487800646176,0.3029215718552637,3.5682745560770854,3.569441512809135,3.6427022962016053,3.93070001155138,0.1,0.036427022962016053,0.0393070001155138,500,10,1,1.0,exact FE budget; early stopping and stagnation disabled
uav,PSO,B_common_NP,13012014,14,eval,20,1000,55,500000.0,1000.0,1000.0,1000.0,True,0.0027960932132874926,0.0008692986026327382,0.0019267946106547545,0.25510576571330795,3.548452308634296,3.5452645097393543,3.6136490874923766,4.0038879960775375,0.1,0.036136490874923766,0.040038879960775375,500,10,1,1.0,exact FE budget; early stopping and stagnation disabled
uav,PSO,B_common_NP,13012015,15,eval,20,1000,55,500000.0,1000.0,1000.0,1000.0,True,0.0010386798972153825,0.0008692986026327382,0.00016938129458264433,0.1119023711645977,3.5697788380202837,3.567474501323886,3.6327657246147282,4.170070984400809,0.1,0.03632765724614728,0.04170070984400809,500,10,1,1.0,exact FE budget; early stopping and stagnation disabled
uav,PSO,B_common_NP,13012016,16,eval,20,1000,55,500000.0,1000.0,1000.0,1000.0,True,0.0010554630912738125,0.0008692986026327382,0.00018616448864107427,0.11658715659342335,3.562186365306843,3.5622989962575957,3.6507648110273294,3.7995270104147494,0.1,0.036507648110273294,0.037995270104147494,500,10,1,1.0,exact FE budget; early stopping and stagnation disabled
uav,PSO,B_common_NP,13012017,17,eval,20,1000,55,500000.0,1000.0,1000.0,1000.0,True,0.001012706394737175,0.0008692986026327382,0.00014340779210443675,0.10679058546905192,3.5661938937264495,3.5586684971349314,3.6592893447959796,4.157038987614214,0.1,0.036592893447959796,0.041570389876142144,500,10,1,1.0,exact FE budget; early stopping and stagnation disabled
uav,PSO,B_common_NP,13012018,18,eval,20,1000,55,500000.0,1000.0,1000.0,1000.0,True,0.002703322546594785,0.0008692986026327382,0.0018340239439620467,0.19587793694324615,3.54525748785818,3.5425139940343797,3.613588839652948,4.186460981145501,0.1,0.03613588839652948,0.04186460981145501,500,10,1,1.0,exact FE budget; early stopping and stagnation disabled
uav,PSO,B_common_NP,13012019,19,eval,20,1000,55,500000.0,1000.0,1000.0,1000.0,True,0.005179600979229328,0.0008692986026327382,0.00431030237659659,0.33835249012211516,3.551478416484315,3.546954001649283,3.6276568556786515,3.8365979853551835,0.1,0.036276568556786515,0.038365979853551835,500,10,1,1.0,exact FE budget; early stopping and stagnation disabled
uav,WOA,B_common_NP,13013000,0,eval,20,1000,55,500000.0,1000.0,1000.0,1000.0,True,0.0014168634586986756,0.0008692986026327382,0.0005475648560659374,0.01604342061548023,7.3971031019464135,7.383349991869181,7.582392949552741,8.04302899632603,0.1,0.07582392949552741,0.08043028996326029,500,10,1,1.0,exact FE budget; early stopping and stagnation disabled
uav,WOA,B_common_NP,13013001,1,eval,20,1000,55,500000.0,1000.0,1000.0,1000.0,True,0.0014819338181958717,0.0008692986026327382,0.0006126352155631335,0.012443407888318686,7.459390228556003,7.449849508702755,7.609413990576286,10.713663999922574,0.1,0.07609413990576286,0.10713663999922574,500,10,1,1.0,exact FE budget; early stopping and stagnation disabled
uav,WOA,B_common_NP,13013002,2,eval,20,1000,55,500000.0,1000.0,1000.0,1000.0,True,0.0009483931455247621,0.0008692986026327382,7.909454289202391e-05,0.0076012623546633734,7.419496330898255,7.414081512251869,7.563145595486275,8.578181004850194,0.1,0.07563145595486274,0.08578181004850194,500,10,1,1.0,exact FE budget; early stopping and stagnation disabled
uav,WOA,B_common_NP,13013003,3,eval,20,1000,55,500000.0,1000.0,1000.0,1000.0,True,0.0009439147005937845,0.0008692986026327382,7.461609796104629e-05,0.011248393044663749,7.48369125201134,7.4828284996328875,7.6320000473060645,7.76177502120845,0.1,0.07632000047306065,0.0776177502120845,500,10,1,1.0,exact FE budget; early stopping and stagnation disabled
uav,WOA,B_common_NP,13013004,4,eval,20,1000,55,500000.0,1000.0,1000.0,1000.0,True,0.001502068871926304,0.0008692986026327382,0.0006327702692935658,0.012654352704266058,7.449758828734048,7.4428799853194505,7.585645314247813,8.246256998972967,0.1,0.07585645314247813,0.08246256998972967,500,10,1,1.0,exact FE budget; early stopping and stagnation disabled
uav,WOA,B_common_NP,13013005,5,eval,20,1000,55,500000.0,1000.0,1000.0,1000.0,True,0.0012012656652411705,0.0008692986026327382,0.0003319670626084323,0.01043423891639448,7.451888445822988,7.450587989296764,7.603525248123333,7.875379000324756,0.1,0.07603525248123333,0.07875379000324756,500,10,1,1.0,exact FE budget; early stopping and stagnation disabled
uav,WOA,B_common_NP,13013006,6,eval,20,1000,55,500000.0,1000.0,1000.0,1000.0,True,0.0010533698867001824,0.0008692986026327382,0.00018407128406744422,0.009490696764122473,7.458474577346351,7.450415505445562,7.618645147886127,8.152312017045915,0.1,0.07618645147886127,0.08152312017045915,500,10,1,1.0,exact FE budget; early stopping and stagnation disabled
uav,WOA,B_common_NP,13013007,7,eval,20,1000,55,500000.0,1000.0,1000.0,1000.0,True,0.001548492012455498,0.0008692986026327382,0.0006791934098227598,0.01456240551943921,7.409815841878299,7.407484998111613,7.585522037697956,7.960156974149868,0.1,0.07585522037697956,0.07960156974149868,500,10,1,1.0,exact FE budget; early stopping and stagnation disabled
uav,WOA,B_common_NP,13013008,8,eval,20,1000,55,500000.0,1000.0,1000.0,1000.0,True,0.0015971442846361994,0.0008692986026327382,0.0007278456820034612,0.017201913006750023,7.376719476189464,7.371061001322232,7.56150376109872,8.13593901693821,0.1,0.0756150376109872,0.0813593901693821,500,10,1,1.0,exact FE budget; early stopping and stagnation disabled
uav,WOA,B_common_NP,13013009,9,eval,20,1000,55,500000.0,1000.0,1000.0,1000.0,True,0.001502385737157482,0.0008692986026327382,0.0006330871345247437,0.015219151733908622,7.3879648935981095,7.373295506113209,7.548009356833063,8.057578990701586,0.1,0.07548009356833063,0.08057578990701586,500,10,1,1.0,exact FE budget; early stopping and stagnation disabled
uav,WOA,B_common_NP,13013010,10,eval,20,1000,55,500000.0,1000.0,1000.0,1000.0,True,0.0011035866818893574,0.0008692986026327382,0.0002342880792566192,0.009641831731617806,7.3810443264083005,7.375857996521518,7.541105592099484,8.53504499536939,0.1,0.07541105592099484,0.0853504499536939,500,10,1,1.0,exact FE budget; early stopping and stagnation disabled
uav,WOA,B_common_NP,13013011,11,eval,20,1000,55,500000.0,1000.0,1000.0,1000.0,True,0.0012869702607318115,0.0008692986026327382,0.0004176716580990733,0.009618059408896451,7.44220693182433,7.425910996971652,7.609438583313022,11.5668720100075,0.1,0.07609438583313022,0.115668720100075,500,10,1,1.0,exact FE budget; early stopping and stagnation disabled
uav,WOA,B_common_NP,13013012,12,eval,20,1000,55,500000.0,1000.0,1000.0,1000.0,True,0.0012885333248224896,0.0008692986026327382,0.00041923472218975135,0.011719772276179352,7.434471014654264,7.440170491463505,7.619296407210641,8.750948996748775,0.1,0.0761929640721064,0.08750948996748775,500,10,1,1.0,exact FE budget; early stopping and stagnation disabled
uav,WOA,B_common_NP,13013013,13,eval,20,1000,55,500000.0,1000.0,1000.0,1000.0,True,0.0010511143012081718,0.0008692986026327382,0.0001818156985754336,0.009374340894657872,7.481912358023692,7.4680499965325,7.646184306940995,9.271073999116197,0.1,0.07646184306940995,0.09271073999116197,500,10,1,1.0,exact FE budget; early stopping and stagnation disabled
uav,WOA,B_common_NP,13013014,14,eval,20,1000,55,500000.0,1000.0,1000.0,1000.0,True,0.001167819147065047,0.0008692986026327382,0.00029852054443230884,0.012284277791178334,7.42768299439922,7.4273405043641105,7.569132902426645,8.572574995923787,0.1,0.07569132902426645,0.08572574995923787,500,10,1,1.0,exact FE budget; early stopping and stagnation disabled
uav,WOA,B_common_NP,13013015,15,eval,20,1000,55,500000.0,1000.0,1000.0,1000.0,True,0.0010357523970885428,0.0008692986026327382,0.00016645379445580464,0.00873339608181133,7.450600765878335,7.440577493980527,7.6044646120863035,9.495356003753841,0.1,0.07604464612086304,0.09495356003753841,500,10,1,1.0,exact FE budget; early stopping and stagnation disabled
uav,WOA,B_common_NP,13013016,16,eval,20,1000,55,500000.0,1000.0,1000.0,1000.0,True,0.0008963480037329076,0.0008692986026327382,2.7049401100169373e-05,0.008938278558480083,7.36727430060273,7.357834998401813,7.556665636366233,8.406377979554236,0.1,0.07556665636366233,0.08406377979554236,500,10,1,1.0,exact FE budget; early stopping and stagnation disabled
uav,WOA,B_common_NP,13013017,17,eval,20,1000,55,500000.0,1000.0,1000.0,1000.0,True,0.0013062574029373407,0.0008692986026327382,0.0004369588003046025,0.013246245790239895,7.443165181786753,7.388622994767502,7.629199209623039,18.47671199357137,0.1,0.07629199209623039,0.1847671199357137,500,10,1,1.0,exact FE budget; early stopping and stagnation disabled
uav,WOA,B_common_NP,13013018,18,eval,20,1000,55,500000.0,1000.0,1000.0,1000.0,True,0.0012841068238323104,0.0008692986026327382,0.00041480822119957224,0.010169479455120953,7.382482150744181,7.378168491413817,7.543030094529967,8.087658003205433,0.1,0.07543030094529966,0.08087658003205433,500,10,1,1.0,exact FE budget; early stopping and stagnation disabled
uav,WOA,B_common_NP,13013019,19,eval,20,1000,55,500000.0,1000.0,1000.0,1000.0,True,0.0017493626155656687,0.0008692986026327382,0.0008800640129329305,0.014564716556730447,7.389211909670848,7.38912851375062,7.514240796444938,7.735696999588981,0.1,0.07514240796444938,0.07735696999588981,500,10,1,1.0,exact FE budget; early stopping and stagnation disabled
