fid,name,variant,run,best,evals,dim,budget,NP,known_min,published_mean,published_std
F1,Ackley 1,def_le_off,0,8.673062268371723e-13,9154,100,150000,50,0.0,0.0,0.0
F1,Ackley 1,def_le_off,1,9.916512055951898e-13,9197,100,150000,50,0.0,0.0,0.0
F1,Ackley 1,def_le_off,2,8.033573806187633e-13,9157,100,150000,50,0.0,0.0,0.0
F1,Ackley 1,def_le_off,3,9.312550730555813e-13,9188,100,150000,50,0.0,0.0,0.0
F1,Ackley 1,def_le_off,4,8.140155216551648e-13,9191,100,150000,50,0.0,0.0,0.0
F1,Ackley 1,def_le_off,5,9.596767824859853e-13,9319,100,150000,50,0.0,0.0,0.0
F1,Ackley 1,def_le_off,6,8.637535131583718e-13,9270,100,150000,50,0.0,0.0,0.0
F1,Ackley 1,def_le_off,7,9.738876372011873e-13,9245,100,150000,50,0.0,0.0,0.0
F1,Ackley 1,def_le_off,8,9.738876372011873e-13,9158,100,150000,50,0.0,0.0,0.0
F1,Ackley 1,def_le_off,9,8.850697952311748e-13,9221,100,150000,50,0.0,0.0,0.0
F1,Ackley 1,def_le_off,10,9.987566329527908e-13,9177,100,150000,50,0.0,0.0,0.0
F1,Ackley 1,def_le_off,11,8.495426584431698e-13,9258,100,150000,50,0.0,0.0,0.0
F1,Ackley 1,def_le_off,12,7.536193891155563e-13,9236,100,150000,50,0.0,0.0,0.0
F1,Ackley 1,def_le_off,13,8.566480858007708e-13,9279,100,150000,50,0.0,0.0,0.0
F1,Ackley 1,def_le_off,14,7.571721027943568e-13,9348,100,150000,50,0.0,0.0,0.0
F1,Ackley 1,def_le_off,15,8.459899447643693e-13,9164,100,150000,50,0.0,0.0,0.0
F1,Ackley 1,def_le_off,16,8.246736626915663e-13,9260,100,150000,50,0.0,0.0,0.0
F1,Ackley 1,def_le_off,17,9.348077867343818e-13,9126,100,150000,50,0.0,0.0,0.0
F1,Ackley 1,def_le_off,18,8.388845174067683e-13,9281,100,150000,50,0.0,0.0,0.0
F1,Ackley 1,def_le_off,19,8.495426584431698e-13,9295,100,150000,50,0.0,0.0,0.0
F1,Ackley 1,def_le_off,20,7.749356711883593e-13,9250,100,150000,50,0.0,0.0,0.0
F1,Ackley 1,def_le_off,21,9.952039192739903e-13,9337,100,150000,50,0.0,0.0,0.0
F1,Ackley 1,def_le_off,22,9.809930645587883e-13,9128,100,150000,50,0.0,0.0,0.0
F1,Ackley 1,def_le_off,23,9.809930645587883e-13,9195,100,150000,50,0.0,0.0,0.0
F1,Ackley 1,def_le_off,24,9.774403508799878e-13,9339,100,150000,50,0.0,0.0,0.0
F1,Ackley 1,def_le_off,25,8.530953721219703e-13,9190,100,150000,50,0.0,0.0,0.0
F1,Ackley 1,def_le_off,26,9.952039192739903e-13,9133,100,150000,50,0.0,0.0,0.0
F1,Ackley 1,def_le_off,27,9.987566329527908e-13,9143,100,150000,50,0.0,0.0,0.0
F1,Ackley 1,def_le_off,28,9.916512055951898e-13,9243,100,150000,50,0.0,0.0,0.0
F1,Ackley 1,def_le_off,29,9.632294961647858e-13,9094,100,150000,50,0.0,0.0,0.0
F1,Ackley 1,def_le_off,30,9.667822098435863e-13,9414,100,150000,50,0.0,0.0,0.0
F1,Ackley 1,def_le_off,31,9.774403508799878e-13,9317,100,150000,50,0.0,0.0,0.0
F1,Ackley 1,def_le_off,32,9.490186414495838e-13,9262,100,150000,50,0.0,0.0,0.0
F1,Ackley 1,def_le_off,33,9.099387909827783e-13,9275,100,150000,50,0.0,0.0,0.0
F1,Ackley 1,def_le_off,34,8.566480858007708e-13,9200,100,150000,50,0.0,0.0,0.0
F1,Ackley 1,def_le_off,35,9.490186414495838e-13,9224,100,150000,50,0.0,0.0,0.0
F1,Ackley 1,def_le_off,36,8.637535131583718e-13,9193,100,150000,50,0.0,0.0,0.0
F1,Ackley 1,def_le_off,37,9.419132140919828e-13,9160,100,150000,50,0.0,0.0,0.0
F1,Ackley 1,def_le_off,38,9.916512055951898e-13,8928,100,150000,50,0.0,0.0,0.0
F1,Ackley 1,def_le_off,39,8.673062268371723e-13,9388,100,150000,50,0.0,0.0,0.0
F1,Ackley 1,def_le_off,40,9.880984919163893e-13,9198,100,150000,50,0.0,0.0,0.0
F1,Ackley 1,def_le_off,41,9.987566329527908e-13,9044,100,150000,50,0.0,0.0,0.0
F1,Ackley 1,def_le_off,42,9.880984919163893e-13,9355,100,150000,50,0.0,0.0,0.0
F1,Ackley 1,def_le_off,43,6.825651155395462e-13,9104,100,150000,50,0.0,0.0,0.0
F1,Ackley 1,def_le_off,44,7.251976796851523e-13,9243,100,150000,50,0.0,0.0,0.0
F1,Ackley 1,def_le_off,45,9.170442183403793e-13,9223,100,150000,50,0.0,0.0,0.0
F1,Ackley 1,def_le_off,46,8.246736626915663e-13,9365,100,150000,50,0.0,0.0,0.0
F1,Ackley 1,def_le_off,47,9.525713551283843e-13,9332,100,150000,50,0.0,0.0,0.0
F1,Ackley 1,def_le_off,48,9.667822098435863e-13,9300,100,150000,50,0.0,0.0,0.0
F1,Ackley 1,def_le_off,49,9.880984919163893e-13,8987,100,150000,50,0.0,0.0,0.0
F1,Ackley 1,def_le_off,50,9.880984919163893e-13,9294,100,150000,50,0.0,0.0,0.0
F1,Ackley 1,def_le_off,51,9.632294961647858e-13,9110,100,150000,50,0.0,0.0,0.0
F1,Ackley 1,def_le_off,52,9.383605004131823e-13,9258,100,150000,50,0.0,0.0,0.0
F1,Ackley 1,def_le_off,53,7.820410985459603e-13,9297,100,150000,50,0.0,0.0,0.0
F1,Ackley 1,def_le_off,54,9.987566329527908e-13,9201,100,150000,50,0.0,0.0,0.0
F1,Ackley 1,def_le_off,55,7.323031070427533e-13,9378,100,150000,50,0.0,0.0,0.0
F1,Ackley 1,def_le_off,56,9.205969320191798e-13,9228,100,150000,50,0.0,0.0,0.0
F1,Ackley 1,def_le_off,57,8.850697952311748e-13,9322,100,150000,50,0.0,0.0,0.0
F1,Ackley 1,def_le_off,58,9.916512055951898e-13,9202,100,150000,50,0.0,0.0,0.0
F1,Ackley 1,def_le_off,59,6.541434061091422e-13,9210,100,150000,50,0.0,0.0,0.0
F1,Ackley 1,def_le_off,60,7.323031070427533e-13,9430,100,150000,50,0.0,0.0,0.0
F1,Ackley 1,def_le_off,61,9.916512055951898e-13,9152,100,150000,50,0.0,0.0,0.0
F1,Ackley 1,def_le_off,62,9.880984919163893e-13,9287,100,150000,50,0.0,0.0,0.0
F1,Ackley 1,def_le_off,63,9.632294961647858e-13,9280,100,150000,50,0.0,0.0,0.0
F1,Ackley 1,def_le_off,64,7.678302438307583e-13,9305,100,150000,50,0.0,0.0,0.0
F1,Ackley 1,def_le_off,65,8.779643678735738e-13,9164,100,150000,50,0.0,0.0,0.0
F1,Ackley 1,def_le_off,66,8.459899447643693e-13,9346,100,150000,50,0.0,0.0,0.0
F1,Ackley 1,def_le_off,67,9.809930645587883e-13,9201,100,150000,50,0.0,0.0,0.0
F1,Ackley 1,def_le_off,68,9.738876372011873e-13,9076,100,150000,50,0.0,0.0,0.0
F1,Ackley 1,def_le_off,69,9.738876372011873e-13,9293,100,150000,50,0.0,0.0,0.0
F1,Ackley 1,def_le_off,70,6.399325513939402e-13,9134,100,150000,50,0.0,0.0,0.0
F1,Ackley 1,def_le_off,71,6.505906924303417e-13,9408,100,150000,50,0.0,0.0,0.0
F1,Ackley 1,def_le_off,72,9.454659277707833e-13,9206,100,150000,50,0.0,0.0,0.0
F1,Ackley 1,def_le_off,73,9.845457782375888e-13,9096,100,150000,50,0.0,0.0,0.0
F1,Ackley 1,def_le_off,74,9.738876372011873e-13,8993,100,150000,50,0.0,0.0,0.0
F1,Ackley 1,def_le_off,75,9.632294961647858e-13,9212,100,150000,50,0.0,0.0,0.0
F1,Ackley 1,def_le_off,76,8.815170815523743e-13,9340,100,150000,50,0.0,0.0,0.0
F1,Ackley 1,def_le_off,77,9.170442183403793e-13,9411,100,150000,50,0.0,0.0,0.0
F1,Ackley 1,def_le_off,78,9.703349235223868e-13,9304,100,150000,50,0.0,0.0,0.0
F1,Ackley 1,def_le_off,79,9.383605004131823e-13,9169,100,150000,50,0.0,0.0,0.0
F1,Ackley 1,def_le_off,80,9.383605004131823e-13,9149,100,150000,50,0.0,0.0,0.0
F1,Ackley 1,def_le_off,81,9.809930645587883e-13,9151,100,150000,50,0.0,0.0,0.0
F1,Ackley 1,def_le_off,82,9.632294961647858e-13,9220,100,150000,50,0.0,0.0,0.0
F1,Ackley 1,def_le_off,83,8.140155216551648e-13,9182,100,150000,50,0.0,0.0,0.0
F1,Ackley 1,def_le_off,84,9.241496456979803e-13,9143,100,150000,50,0.0,0.0,0.0
F1,Ackley 1,def_le_off,85,6.150635556423367e-13,9387,100,150000,50,0.0,0.0,0.0
F1,Ackley 1,def_le_off,86,9.241496456979803e-13,9262,100,150000,50,0.0,0.0,0.0
F1,Ackley 1,def_le_off,87,9.880984919163893e-13,9159,100,150000,50,0.0,0.0,0.0
F1,Ackley 1,def_le_off,88,9.632294961647858e-13,9207,100,150000,50,0.0,0.0,0.0
F1,Ackley 1,def_le_off,89,7.465139617579553e-13,9282,100,150000,50,0.0,0.0,0.0
F1,Ackley 1,def_le_off,90,7.251976796851523e-13,9303,100,150000,50,0.0,0.0,0.0
F1,Ackley 1,def_le_off,91,9.454659277707833e-13,9308,100,150000,50,0.0,0.0,0.0
F1,Ackley 1,def_le_off,92,9.383605004131823e-13,9165,100,150000,50,0.0,0.0,0.0
F1,Ackley 1,def_le_off,93,9.774403508799878e-13,9108,100,150000,50,0.0,0.0,0.0
F1,Ackley 1,def_le_off,94,8.424372310855688e-13,9279,100,150000,50,0.0,0.0,0.0
F1,Ackley 1,def_le_off,95,7.855938122247608e-13,9156,100,150000,50,0.0,0.0,0.0
F1,Ackley 1,def_le_off,96,8.211209490127658e-13,9220,100,150000,50,0.0,0.0,0.0
F1,Ackley 1,def_le_off,97,8.211209490127658e-13,9234,100,150000,50,0.0,0.0,0.0
F1,Ackley 1,def_le_off,98,9.809930645587883e-13,9290,100,150000,50,0.0,0.0,0.0
F1,Ackley 1,def_le_off,99,9.454659277707833e-13,9333,100,150000,50,0.0,0.0,0.0
F1,Ackley 1,def_ge_off,0,1.1442365484004569e-05,150000,100,150000,50,0.0,0.0,0.0
F1,Ackley 1,def_ge_off,1,2.830808768283788e-06,150000,100,150000,50,0.0,0.0,0.0
F1,Ackley 1,def_ge_off,2,1.2012924337501119e-05,150000,100,150000,50,0.0,0.0,0.0
F1,Ackley 1,def_ge_off,3,7.22861439372835e-06,150000,100,150000,50,0.0,0.0,0.0
F1,Ackley 1,def_ge_off,4,3.9857986320335215e-06,150000,100,150000,50,0.0,0.0,0.0
F1,Ackley 1,def_ge_off,5,9.725656131553961e-06,150000,100,150000,50,0.0,0.0,0.0
F1,Ackley 1,def_ge_off,6,2.9962439325181833e-06,150000,100,150000,50,0.0,0.0,0.0
F1,Ackley 1,def_ge_off,7,4.920644894657045e-06,150000,100,150000,50,0.0,0.0,0.0
F1,Ackley 1,def_ge_off,8,1.7946308130678545e-05,150000,100,150000,50,0.0,0.0,0.0
F1,Ackley 1,def_ge_off,9,2.552603036054535e-06,150000,100,150000,50,0.0,0.0,0.0
F1,Ackley 1,def_ge_off,10,3.6426613942985853e-06,150000,100,150000,50,0.0,0.0,0.0
F1,Ackley 1,def_ge_off,11,3.3496269158383996e-06,150000,100,150000,50,0.0,0.0,0.0
F1,Ackley 1,def_ge_off,12,4.93326954842388e-07,150000,100,150000,50,0.0,0.0,0.0
F1,Ackley 1,def_ge_off,13,2.6641124546422645e-06,150000,100,150000,50,0.0,0.0,0.0
F1,Ackley 1,def_ge_off,14,1.877193381405462e-05,150000,100,150000,50,0.0,0.0,0.0
F1,Ackley 1,def_ge_off,15,5.284303132402357e-06,150000,100,150000,50,0.0,0.0,0.0
F1,Ackley 1,def_ge_off,16,6.154933228419424e-06,150000,100,150000,50,0.0,0.0,0.0
F1,Ackley 1,def_ge_off,17,8.11066739148103e-06,150000,100,150000,50,0.0,0.0,0.0
F1,Ackley 1,def_ge_off,18,5.868713440992934e-06,150000,100,150000,50,0.0,0.0,0.0
F1,Ackley 1,def_ge_off,19,4.028216935569873e-06,150000,100,150000,50,0.0,0.0,0.0
F1,Ackley 1,def_ge_off,20,3.6580492879245696e-06,150000,100,150000,50,0.0,0.0,0.0
F1,Ackley 1,def_ge_off,21,5.165200484658072e-06,150000,100,150000,50,0.0,0.0,0.0
F1,Ackley 1,def_ge_off,22,1.152174096619163e-05,150000,100,150000,50,0.0,0.0,0.0
F1,Ackley 1,def_ge_off,23,9.77677704572244e-07,150000,100,150000,50,0.0,0.0,0.0
F1,Ackley 1,def_ge_off,24,3.1537352538357766e-06,150000,100,150000,50,0.0,0.0,0.0
F1,Ackley 1,def_ge_off,25,8.012023567705029e-06,150000,100,150000,50,0.0,0.0,0.0
F1,Ackley 1,def_ge_off,26,1.362144385241848e-05,150000,100,150000,50,0.0,0.0,0.0
F1,Ackley 1,def_ge_off,27,1.2643875610951483e-05,150000,100,150000,50,0.0,0.0,0.0
F1,Ackley 1,def_ge_off,28,8.121611085432079e-06,150000,100,150000,50,0.0,0.0,0.0
F1,Ackley 1,def_ge_off,29,3.6970962082882863e-06,150000,100,150000,50,0.0,0.0,0.0
F1,Ackley 1,def_ge_off,30,1.5106045215151909e-05,150000,100,150000,50,0.0,0.0,0.0
F1,Ackley 1,def_ge_off,31,1.377793031354102e-05,150000,100,150000,50,0.0,0.0,0.0
F1,Ackley 1,def_ge_off,32,3.4532067094694696e-06,150000,100,150000,50,0.0,0.0,0.0
F1,Ackley 1,def_ge_off,33,1.1955220312831472e-05,150000,100,150000,50,0.0,0.0,0.0
F1,Ackley 1,def_ge_off,34,8.671235680601797e-07,150000,100,150000,50,0.0,0.0,0.0
F1,Ackley 1,def_ge_off,35,1.4879111745802476e-05,150000,100,150000,50,0.0,0.0,0.0
F1,Ackley 1,def_ge_off,36,5.16332658850871e-07,150000,100,150000,50,0.0,0.0,0.0
F1,Ackley 1,def_ge_off,37,1.9273504645589412e-06,150000,100,150000,50,0.0,0.0,0.0
F1,Ackley 1,def_ge_off,38,2.6553685406049965e-06,150000,100,150000,50,0.0,0.0,0.0
F1,Ackley 1,def_ge_off,39,5.785852497997013e-06,150000,100,150000,50,0.0,0.0,0.0
F1,Ackley 1,def_ge_off,40,7.847267196048335e-07,150000,100,150000,50,0.0,0.0,0.0
F1,Ackley 1,def_ge_off,41,1.2584924978131795e-05,150000,100,150000,50,0.0,0.0,0.0
F1,Ackley 1,def_ge_off,42,1.9361952188212683e-06,150000,100,150000,50,0.0,0.0,0.0
F1,Ackley 1,def_ge_off,43,2.0853326074821155e-06,150000,100,150000,50,0.0,0.0,0.0
F1,Ackley 1,def_ge_off,44,1.5810936315752144e-06,150000,100,150000,50,0.0,0.0,0.0
F1,Ackley 1,def_ge_off,45,7.173295636153654e-06,150000,100,150000,50,0.0,0.0,0.0
F1,Ackley 1,def_ge_off,46,6.736733095813463e-07,150000,100,150000,50,0.0,0.0,0.0
F1,Ackley 1,def_ge_off,47,2.4064957930836073e-05,150000,100,150000,50,0.0,0.0,0.0
F1,Ackley 1,def_ge_off,48,1.0096386070745922e-05,150000,100,150000,50,0.0,0.0,0.0
F1,Ackley 1,def_ge_off,49,3.797104348723934e-06,150000,100,150000,50,0.0,0.0,0.0
F1,Ackley 1,def_ge_off,50,5.321399890068079e-06,150000,100,150000,50,0.0,0.0,0.0
F1,Ackley 1,def_ge_off,51,2.6470070975115334e-06,150000,100,150000,50,0.0,0.0,0.0
F1,Ackley 1,def_ge_off,52,1.0503597498434658e-06,150000,100,150000,50,0.0,0.0,0.0
F1,Ackley 1,def_ge_off,53,1.724857416451897e-06,150000,100,150000,50,0.0,0.0,0.0
F1,Ackley 1,def_ge_off,54,2.0095116355367537e-05,150000,100,150000,50,0.0,0.0,0.0
F1,Ackley 1,def_ge_off,55,3.266504805754522e-06,150000,100,150000,50,0.0,0.0,0.0
F1,Ackley 1,def_ge_off,56,1.7915638214294205e-05,150000,100,150000,50,0.0,0.0,0.0
F1,Ackley 1,def_ge_off,57,4.7133830176626645e-06,150000,100,150000,50,0.0,0.0,0.0
F1,Ackley 1,def_ge_off,58,6.218346275677078e-06,150000,100,150000,50,0.0,0.0,0.0
F1,Ackley 1,def_ge_off,59,5.54874400338079e-06,150000,100,150000,50,0.0,0.0,0.0
F1,Ackley 1,def_ge_off,60,1.4518610922387154e-06,150000,100,150000,50,0.0,0.0,0.0
F1,Ackley 1,def_ge_off,61,6.904629302528775e-06,150000,100,150000,50,0.0,0.0,0.0
F1,Ackley 1,def_ge_off,62,2.221701649762764e-06,150000,100,150000,50,0.0,0.0,0.0
F1,Ackley 1,def_ge_off,63,2.956478621918279e-07,150000,100,150000,50,0.0,0.0,0.0
F1,Ackley 1,def_ge_off,64,4.9031544908650915e-06,150000,100,150000,50,0.0,0.0,0.0
F1,Ackley 1,def_ge_off,65,2.1769274813898676e-06,150000,100,150000,50,0.0,0.0,0.0
F1,Ackley 1,def_ge_off,66,3.3651503170695207e-06,150000,100,150000,50,0.0,0.0,0.0
F1,Ackley 1,def_ge_off,67,1.8532316272690252e-06,150000,100,150000,50,0.0,0.0,0.0
F1,Ackley 1,def_ge_off,68,9.219052263809147e-07,150000,100,150000,50,0.0,0.0,0.0
F1,Ackley 1,def_ge_off,69,1.0724081108026695e-05,150000,100,150000,50,0.0,0.0,0.0
F1,Ackley 1,def_ge_off,70,1.8809916331186116e-06,150000,100,150000,50,0.0,0.0,0.0
F1,Ackley 1,def_ge_off,71,8.270264438170472e-06,150000,100,150000,50,0.0,0.0,0.0
F1,Ackley 1,def_ge_off,72,1.0945968935693884e-06,150000,100,150000,50,0.0,0.0,0.0
F1,Ackley 1,def_ge_off,73,1.181254543514143e-06,150000,100,150000,50,0.0,0.0,0.0
F1,Ackley 1,def_ge_off,74,3.147180116958026e-06,150000,100,150000,50,0.0,0.0,0.0
F1,Ackley 1,def_ge_off,75,7.038683702553783e-07,150000,100,150000,50,0.0,0.0,0.0
F1,Ackley 1,def_ge_off,76,8.974608722844835e-07,150000,100,150000,50,0.0,0.0,0.0
F1,Ackley 1,def_ge_off,77,8.681501804108649e-06,150000,100,150000,50,0.0,0.0,0.0
F1,Ackley 1,def_ge_off,78,1.4396192476784364e-05,150000,100,150000,50,0.0,0.0,0.0
F1,Ackley 1,def_ge_off,79,3.038996599702415e-06,150000,100,150000,50,0.0,0.0,0.0
F1,Ackley 1,def_ge_off,80,5.957015730917448e-06,150000,100,150000,50,0.0,0.0,0.0
F1,Ackley 1,def_ge_off,81,8.081995560349498e-06,150000,100,150000,50,0.0,0.0,0.0
F1,Ackley 1,def_ge_off,82,1.955924496588324e-06,150000,100,150000,50,0.0,0.0,0.0
F1,Ackley 1,def_ge_off,83,5.765057992324074e-06,150000,100,150000,50,0.0,0.0,0.0
F1,Ackley 1,def_ge_off,84,6.476652867792865e-06,150000,100,150000,50,0.0,0.0,0.0
F1,Ackley 1,def_ge_off,85,6.190437485731337e-06,150000,100,150000,50,0.0,0.0,0.0
F1,Ackley 1,def_ge_off,86,1.0179577934810169e-05,150000,100,150000,50,0.0,0.0,0.0
F1,Ackley 1,def_ge_off,87,6.327449963539067e-06,150000,100,150000,50,0.0,0.0,0.0
F1,Ackley 1,def_ge_off,88,9.332815985363396e-06,150000,100,150000,50,0.0,0.0,0.0
F1,Ackley 1,def_ge_off,89,9.58048520960375e-07,150000,100,150000,50,0.0,0.0,0.0
F1,Ackley 1,def_ge_off,90,1.910057904286333e-06,150000,100,150000,50,0.0,0.0,0.0
F1,Ackley 1,def_ge_off,91,6.026657826119219e-07,150000,100,150000,50,0.0,0.0,0.0
F1,Ackley 1,def_ge_off,92,5.261128319222763e-06,150000,100,150000,50,0.0,0.0,0.0
F1,Ackley 1,def_ge_off,93,1.2879792525843925e-06,150000,100,150000,50,0.0,0.0,0.0
F1,Ackley 1,def_ge_off,94,9.284067552517428e-06,150000,100,150000,50,0.0,0.0,0.0
F1,Ackley 1,def_ge_off,95,5.926380279852594e-07,150000,100,150000,50,0.0,0.0,0.0
F1,Ackley 1,def_ge_off,96,4.8989118011100174e-06,150000,100,150000,50,0.0,0.0,0.0
F1,Ackley 1,def_ge_off,97,5.579080895490307e-06,150000,100,150000,50,0.0,0.0,0.0
F1,Ackley 1,def_ge_off,98,4.053174319285091e-06,150000,100,150000,50,0.0,0.0,0.0
F1,Ackley 1,def_ge_off,99,3.4038743277342576e-06,150000,100,150000,50,0.0,0.0,0.0
F2,Alpine 1,def_le_off,0,9.913961280285301e-13,9829,100,150000,50,0.0,6.15e-08,6.15e-07
F2,Alpine 1,def_le_off,1,9.57995407371942e-13,9853,100,150000,50,0.0,6.15e-08,6.15e-07
F2,Alpine 1,def_le_off,2,8.882485059851206e-13,9791,100,150000,50,0.0,6.15e-08,6.15e-07
F2,Alpine 1,def_le_off,3,6.581959433296595e-13,9867,100,150000,50,0.0,6.15e-08,6.15e-07
F2,Alpine 1,def_le_off,4,9.123093089144917e-13,9484,100,150000,50,0.0,6.15e-08,6.15e-07
F2,Alpine 1,def_le_off,5,8.406964607006013e-13,9783,100,150000,50,0.0,6.15e-08,6.15e-07
F2,Alpine 1,def_le_off,6,8.840117957959879e-13,9882,100,150000,50,0.0,6.15e-08,6.15e-07
F2,Alpine 1,def_le_off,7,9.826776870084426e-13,9569,100,150000,50,0.0,6.15e-08,6.15e-07
F2,Alpine 1,def_le_off,8,7.637666434573748e-13,9726,100,150000,50,0.0,6.15e-08,6.15e-07
F2,Alpine 1,def_le_off,9,9.999966850663788e-13,9561,100,150000,50,0.0,6.15e-08,6.15e-07
F2,Alpine 1,def_le_off,10,7.50747202347392e-13,9678,100,150000,50,0.0,6.15e-08,6.15e-07
F2,Alpine 1,def_le_off,11,9.930087370861547e-13,9681,100,150000,50,0.0,6.15e-08,6.15e-07
F2,Alpine 1,def_le_off,12,6.180166504078276e-13,9848,100,150000,50,0.0,6.15e-08,6.15e-07
F2,Alpine 1,def_le_off,13,9.961832420315201e-13,9802,100,150000,50,0.0,6.15e-08,6.15e-07
F2,Alpine 1,def_le_off,14,7.961065475031951e-13,9751,100,150000,50,0.0,6.15e-08,6.15e-07
F2,Alpine 1,def_le_off,15,8.486963996672308e-13,9845,100,150000,50,0.0,6.15e-08,6.15e-07
F2,Alpine 1,def_le_off,16,9.776129931887554e-13,9835,100,150000,50,0.0,6.15e-08,6.15e-07
F2,Alpine 1,def_le_off,17,9.328538800954041e-13,9706,100,150000,50,0.0,6.15e-08,6.15e-07
F2,Alpine 1,def_le_off,18,8.192618606087189e-13,9671,100,150000,50,0.0,6.15e-08,6.15e-07
F2,Alpine 1,def_le_off,19,9.876844623998803e-13,9671,100,150000,50,0.0,6.15e-08,6.15e-07
F2,Alpine 1,def_le_off,20,9.125276713275584e-13,9793,100,150000,50,0.0,6.15e-08,6.15e-07
F2,Alpine 1,def_le_off,21,9.932784644866517e-13,9873,100,150000,50,0.0,6.15e-08,6.15e-07
F2,Alpine 1,def_le_off,22,7.170924317730387e-13,9900,100,150000,50,0.0,6.15e-08,6.15e-07
F2,Alpine 1,def_le_off,23,9.66916815323758e-13,9860,100,150000,50,0.0,6.15e-08,6.15e-07
F2,Alpine 1,def_le_off,24,9.890044521732428e-13,9602,100,150000,50,0.0,6.15e-08,6.15e-07
F2,Alpine 1,def_le_off,25,9.147264893534824e-13,9506,100,150000,50,0.0,6.15e-08,6.15e-07
F2,Alpine 1,def_le_off,26,9.197731385859363e-13,9833,100,150000,50,0.0,6.15e-08,6.15e-07
F2,Alpine 1,def_le_off,27,9.12574586738677e-13,9714,100,150000,50,0.0,6.15e-08,6.15e-07
F2,Alpine 1,def_le_off,28,9.737661058263706e-13,9688,100,150000,50,0.0,6.15e-08,6.15e-07
F2,Alpine 1,def_le_off,29,6.166277115223037e-13,9866,100,150000,50,0.0,6.15e-08,6.15e-07
F2,Alpine 1,def_le_off,30,7.255870453791045e-13,9801,100,150000,50,0.0,6.15e-08,6.15e-07
F2,Alpine 1,def_le_off,31,8.01586376287757e-13,9756,100,150000,50,0.0,6.15e-08,6.15e-07
F2,Alpine 1,def_le_off,32,9.96610398740135e-13,9741,100,150000,50,0.0,6.15e-08,6.15e-07
F2,Alpine 1,def_le_off,33,9.548029293675718e-13,9777,100,150000,50,0.0,6.15e-08,6.15e-07
F2,Alpine 1,def_le_off,34,9.718854358490553e-13,9711,100,150000,50,0.0,6.15e-08,6.15e-07
F2,Alpine 1,def_le_off,35,9.347324169027623e-13,9743,100,150000,50,0.0,6.15e-08,6.15e-07
F2,Alpine 1,def_le_off,36,9.431842364084555e-13,9710,100,150000,50,0.0,6.15e-08,6.15e-07
F2,Alpine 1,def_le_off,37,9.82643523041048e-13,9692,100,150000,50,0.0,6.15e-08,6.15e-07
F2,Alpine 1,def_le_off,38,7.873439801422011e-13,9702,100,150000,50,0.0,6.15e-08,6.15e-07
F2,Alpine 1,def_le_off,39,9.701412914815518e-13,9750,100,150000,50,0.0,6.15e-08,6.15e-07
F2,Alpine 1,def_le_off,40,8.474783046653509e-13,9843,100,150000,50,0.0,6.15e-08,6.15e-07
F2,Alpine 1,def_le_off,41,9.725802091056359e-13,9746,100,150000,50,0.0,6.15e-08,6.15e-07
F2,Alpine 1,def_le_off,42,9.992728950182853e-13,9891,100,150000,50,0.0,6.15e-08,6.15e-07
F2,Alpine 1,def_le_off,43,9.331218687845395e-13,9826,100,150000,50,0.0,6.15e-08,6.15e-07
F2,Alpine 1,def_le_off,44,8.387443374351147e-13,9612,100,150000,50,0.0,6.15e-08,6.15e-07
F2,Alpine 1,def_le_off,45,8.960976589837892e-13,9845,100,150000,50,0.0,6.15e-08,6.15e-07
F2,Alpine 1,def_le_off,46,8.99568010752153e-13,9665,100,150000,50,0.0,6.15e-08,6.15e-07
F2,Alpine 1,def_le_off,47,9.860911456501326e-13,9712,100,150000,50,0.0,6.15e-08,6.15e-07
F2,Alpine 1,def_le_off,48,8.518860383032279e-13,9732,100,150000,50,0.0,6.15e-08,6.15e-07
F2,Alpine 1,def_le_off,49,8.872149361699706e-13,9609,100,150000,50,0.0,6.15e-08,6.15e-07
F2,Alpine 1,def_le_off,50,9.934868236761047e-13,9897,100,150000,50,0.0,6.15e-08,6.15e-07
F2,Alpine 1,def_le_off,51,7.110924660065894e-13,9904,100,150000,50,0.0,6.15e-08,6.15e-07
F2,Alpine 1,def_le_off,52,8.336431864038967e-13,9676,100,150000,50,0.0,6.15e-08,6.15e-07
F2,Alpine 1,def_le_off,53,8.218037932021753e-13,9743,100,150000,50,0.0,6.15e-08,6.15e-07
F2,Alpine 1,def_le_off,54,9.816633972678857e-13,9757,100,150000,50,0.0,6.15e-08,6.15e-07
F2,Alpine 1,def_le_off,55,9.555772882108887e-13,9711,100,150000,50,0.0,6.15e-08,6.15e-07
F2,Alpine 1,def_le_off,56,9.600769144881511e-13,9577,100,150000,50,0.0,6.15e-08,6.15e-07
F2,Alpine 1,def_le_off,57,7.773667439518748e-13,9681,100,150000,50,0.0,6.15e-08,6.15e-07
F2,Alpine 1,def_le_off,58,7.557416640354846e-13,9860,100,150000,50,0.0,6.15e-08,6.15e-07
F2,Alpine 1,def_le_off,59,9.146285338635259e-13,9899,100,150000,50,0.0,6.15e-08,6.15e-07
F2,Alpine 1,def_le_off,60,9.595871148741415e-13,9673,100,150000,50,0.0,6.15e-08,6.15e-07
F2,Alpine 1,def_le_off,61,9.287935916161993e-13,9512,100,150000,50,0.0,6.15e-08,6.15e-07
F2,Alpine 1,def_le_off,62,9.588271353067203e-13,9796,100,150000,50,0.0,6.15e-08,6.15e-07
F2,Alpine 1,def_le_off,63,9.960647657792192e-13,9724,100,150000,50,0.0,6.15e-08,6.15e-07
F2,Alpine 1,def_le_off,64,9.51261615928293e-13,9782,100,150000,50,0.0,6.15e-08,6.15e-07
F2,Alpine 1,def_le_off,65,8.944595401958775e-13,9671,100,150000,50,0.0,6.15e-08,6.15e-07
F2,Alpine 1,def_le_off,66,9.400985288457462e-13,9725,100,150000,50,0.0,6.15e-08,6.15e-07
F2,Alpine 1,def_le_off,67,9.922541304185646e-13,9778,100,150000,50,0.0,6.15e-08,6.15e-07
F2,Alpine 1,def_le_off,68,8.42071948612897e-13,9714,100,150000,50,0.0,6.15e-08,6.15e-07
F2,Alpine 1,def_le_off,69,7.748186167566298e-13,9811,100,150000,50,0.0,6.15e-08,6.15e-07
F2,Alpine 1,def_le_off,70,8.969567574369616e-13,9739,100,150000,50,0.0,6.15e-08,6.15e-07
F2,Alpine 1,def_le_off,71,9.060809216794501e-13,9669,100,150000,50,0.0,6.15e-08,6.15e-07
F2,Alpine 1,def_le_off,72,7.696941501084594e-13,9906,100,150000,50,0.0,6.15e-08,6.15e-07
F2,Alpine 1,def_le_off,73,8.895338017427228e-13,9769,100,150000,50,0.0,6.15e-08,6.15e-07
F2,Alpine 1,def_le_off,74,8.290041791989416e-13,9735,100,150000,50,0.0,6.15e-08,6.15e-07
F2,Alpine 1,def_le_off,75,9.95816051672817e-13,9754,100,150000,50,0.0,6.15e-08,6.15e-07
F2,Alpine 1,def_le_off,76,8.966910592056632e-13,9521,100,150000,50,0.0,6.15e-08,6.15e-07
F2,Alpine 1,def_le_off,77,9.869381007488145e-13,9713,100,150000,50,0.0,6.15e-08,6.15e-07
F2,Alpine 1,def_le_off,78,8.408409511253413e-13,9690,100,150000,50,0.0,6.15e-08,6.15e-07
F2,Alpine 1,def_le_off,79,9.031007081356451e-13,9771,100,150000,50,0.0,6.15e-08,6.15e-07
F2,Alpine 1,def_le_off,80,8.783943362689207e-13,9872,100,150000,50,0.0,6.15e-08,6.15e-07
F2,Alpine 1,def_le_off,81,9.296871227712105e-13,9779,100,150000,50,0.0,6.15e-08,6.15e-07
F2,Alpine 1,def_le_off,82,9.86600614112787e-13,9503,100,150000,50,0.0,6.15e-08,6.15e-07
F2,Alpine 1,def_le_off,83,9.316550456591232e-13,9736,100,150000,50,0.0,6.15e-08,6.15e-07
F2,Alpine 1,def_le_off,84,9.346970222467133e-13,9606,100,150000,50,0.0,6.15e-08,6.15e-07
F2,Alpine 1,def_le_off,85,8.33628092762563e-13,9741,100,150000,50,0.0,6.15e-08,6.15e-07
F2,Alpine 1,def_le_off,86,8.500494597923989e-13,9838,100,150000,50,0.0,6.15e-08,6.15e-07
F2,Alpine 1,def_le_off,87,8.652210070633953e-13,9717,100,150000,50,0.0,6.15e-08,6.15e-07
F2,Alpine 1,def_le_off,88,8.936557388095798e-13,9753,100,150000,50,0.0,6.15e-08,6.15e-07
F2,Alpine 1,def_le_off,89,7.389756268912161e-13,9767,100,150000,50,0.0,6.15e-08,6.15e-07
F2,Alpine 1,def_le_off,90,8.415747840776592e-13,9859,100,150000,50,0.0,6.15e-08,6.15e-07
F2,Alpine 1,def_le_off,91,8.70118488090177e-13,9835,100,150000,50,0.0,6.15e-08,6.15e-07
F2,Alpine 1,def_le_off,92,9.962549279268483e-13,9800,100,150000,50,0.0,6.15e-08,6.15e-07
F2,Alpine 1,def_le_off,93,9.32007349111818e-13,9705,100,150000,50,0.0,6.15e-08,6.15e-07
F2,Alpine 1,def_le_off,94,9.25706416997934e-13,9752,100,150000,50,0.0,6.15e-08,6.15e-07
F2,Alpine 1,def_le_off,95,9.687027572310777e-13,9830,100,150000,50,0.0,6.15e-08,6.15e-07
F2,Alpine 1,def_le_off,96,9.98903849783403e-13,9631,100,150000,50,0.0,6.15e-08,6.15e-07
F2,Alpine 1,def_le_off,97,9.385660728706019e-13,9630,100,150000,50,0.0,6.15e-08,6.15e-07
F2,Alpine 1,def_le_off,98,8.72743506703243e-13,9930,100,150000,50,0.0,6.15e-08,6.15e-07
F2,Alpine 1,def_le_off,99,9.129061431219918e-13,9803,100,150000,50,0.0,6.15e-08,6.15e-07
F2,Alpine 1,def_ge_off,0,4.5092625031960485e-06,150000,100,150000,50,0.0,6.15e-08,6.15e-07
F2,Alpine 1,def_ge_off,1,1.4094652111231504e-05,150000,100,150000,50,0.0,6.15e-08,6.15e-07
F2,Alpine 1,def_ge_off,2,0.00015375800878597836,150000,100,150000,50,0.0,6.15e-08,6.15e-07
F2,Alpine 1,def_ge_off,3,4.5771152839044114e-05,150000,100,150000,50,0.0,6.15e-08,6.15e-07
F2,Alpine 1,def_ge_off,4,5.370064256296371e-06,150000,100,150000,50,0.0,6.15e-08,6.15e-07
F2,Alpine 1,def_ge_off,5,4.210670920580809e-06,150000,100,150000,50,0.0,6.15e-08,6.15e-07
F2,Alpine 1,def_ge_off,6,5.1907318267665284e-05,150000,100,150000,50,0.0,6.15e-08,6.15e-07
F2,Alpine 1,def_ge_off,7,2.228588953056942e-06,150000,100,150000,50,0.0,6.15e-08,6.15e-07
F2,Alpine 1,def_ge_off,8,8.374782035773733e-05,150000,100,150000,50,0.0,6.15e-08,6.15e-07
F2,Alpine 1,def_ge_off,9,4.4551297361552646e-05,150000,100,150000,50,0.0,6.15e-08,6.15e-07
F2,Alpine 1,def_ge_off,10,7.102134903611606e-05,150000,100,150000,50,0.0,6.15e-08,6.15e-07
F2,Alpine 1,def_ge_off,11,1.21205849930665e-05,150000,100,150000,50,0.0,6.15e-08,6.15e-07
F2,Alpine 1,def_ge_off,12,6.487094779248835e-05,150000,100,150000,50,0.0,6.15e-08,6.15e-07
F2,Alpine 1,def_ge_off,13,3.086281247396062e-05,150000,100,150000,50,0.0,6.15e-08,6.15e-07
F2,Alpine 1,def_ge_off,14,4.587798984396965e-06,150000,100,150000,50,0.0,6.15e-08,6.15e-07
F2,Alpine 1,def_ge_off,15,2.549325812032142e-06,150000,100,150000,50,0.0,6.15e-08,6.15e-07
F2,Alpine 1,def_ge_off,16,3.8608314562935053e-05,150000,100,150000,50,0.0,6.15e-08,6.15e-07
F2,Alpine 1,def_ge_off,17,4.402214586366096e-05,150000,100,150000,50,0.0,6.15e-08,6.15e-07
F2,Alpine 1,def_ge_off,18,2.9725268847333804e-05,150000,100,150000,50,0.0,6.15e-08,6.15e-07
F2,Alpine 1,def_ge_off,19,1.9167833885757467e-05,150000,100,150000,50,0.0,6.15e-08,6.15e-07
F2,Alpine 1,def_ge_off,20,3.129691683613636e-05,150000,100,150000,50,0.0,6.15e-08,6.15e-07
F2,Alpine 1,def_ge_off,21,7.204890549836415e-05,150000,100,150000,50,0.0,6.15e-08,6.15e-07
F2,Alpine 1,def_ge_off,22,9.00233913855826e-06,150000,100,150000,50,0.0,6.15e-08,6.15e-07
F2,Alpine 1,def_ge_off,23,7.043700878083175e-05,150000,100,150000,50,0.0,6.15e-08,6.15e-07
F2,Alpine 1,def_ge_off,24,2.735385096998158e-05,150000,100,150000,50,0.0,6.15e-08,6.15e-07
F2,Alpine 1,def_ge_off,25,0.0002706151087069949,150000,100,150000,50,0.0,6.15e-08,6.15e-07
F2,Alpine 1,def_ge_off,26,5.6767419940444005e-06,150000,100,150000,50,0.0,6.15e-08,6.15e-07
F2,Alpine 1,def_ge_off,27,1.3883537806788392e-05,150000,100,150000,50,0.0,6.15e-08,6.15e-07
F2,Alpine 1,def_ge_off,28,2.7092941137232333e-05,150000,100,150000,50,0.0,6.15e-08,6.15e-07
F2,Alpine 1,def_ge_off,29,3.995749040405785e-06,150000,100,150000,50,0.0,6.15e-08,6.15e-07
F2,Alpine 1,def_ge_off,30,5.9803245469111634e-05,150000,100,150000,50,0.0,6.15e-08,6.15e-07
F2,Alpine 1,def_ge_off,31,8.662940230842859e-06,150000,100,150000,50,0.0,6.15e-08,6.15e-07
F2,Alpine 1,def_ge_off,32,5.674529195733537e-05,150000,100,150000,50,0.0,6.15e-08,6.15e-07
F2,Alpine 1,def_ge_off,33,1.7651190902541382e-05,150000,100,150000,50,0.0,6.15e-08,6.15e-07
F2,Alpine 1,def_ge_off,34,5.9811759443139323e-05,150000,100,150000,50,0.0,6.15e-08,6.15e-07
F2,Alpine 1,def_ge_off,35,3.222566084904963e-05,150000,100,150000,50,0.0,6.15e-08,6.15e-07
F2,Alpine 1,def_ge_off,36,8.543039165808467e-05,150000,100,150000,50,0.0,6.15e-08,6.15e-07
F2,Alpine 1,def_ge_off,37,6.401375748805913e-05,150000,100,150000,50,0.0,6.15e-08,6.15e-07
F2,Alpine 1,def_ge_off,38,2.244025367217641e-05,150000,100,150000,50,0.0,6.15e-08,6.15e-07
F2,Alpine 1,def_ge_off,39,1.3001852246231346e-06,150000,100,150000,50,0.0,6.15e-08,6.15e-07
F2,Alpine 1,def_ge_off,40,7.468370110271969e-06,150000,100,150000,50,0.0,6.15e-08,6.15e-07
F2,Alpine 1,def_ge_off,41,2.1802701272197558e-05,150000,100,150000,50,0.0,6.15e-08,6.15e-07
F2,Alpine 1,def_ge_off,42,0.00011238154272542139,150000,100,150000,50,0.0,6.15e-08,6.15e-07
F2,Alpine 1,def_ge_off,43,2.8796455131092903e-06,150000,100,150000,50,0.0,6.15e-08,6.15e-07
F2,Alpine 1,def_ge_off,44,1.956994388270169e-05,150000,100,150000,50,0.0,6.15e-08,6.15e-07
F2,Alpine 1,def_ge_off,45,9.990542012265079e-05,150000,100,150000,50,0.0,6.15e-08,6.15e-07
F2,Alpine 1,def_ge_off,46,4.376984471858371e-05,150000,100,150000,50,0.0,6.15e-08,6.15e-07
F2,Alpine 1,def_ge_off,47,4.610788551707886e-05,150000,100,150000,50,0.0,6.15e-08,6.15e-07
F2,Alpine 1,def_ge_off,48,5.638350105930847e-06,150000,100,150000,50,0.0,6.15e-08,6.15e-07
F2,Alpine 1,def_ge_off,49,0.00014267915521731084,150000,100,150000,50,0.0,6.15e-08,6.15e-07
F2,Alpine 1,def_ge_off,50,6.128254434399776e-05,150000,100,150000,50,0.0,6.15e-08,6.15e-07
F2,Alpine 1,def_ge_off,51,1.6162352542489324e-05,150000,100,150000,50,0.0,6.15e-08,6.15e-07
F2,Alpine 1,def_ge_off,52,3.0942801309890515e-05,150000,100,150000,50,0.0,6.15e-08,6.15e-07
F2,Alpine 1,def_ge_off,53,3.172844112932076e-06,150000,100,150000,50,0.0,6.15e-08,6.15e-07
F2,Alpine 1,def_ge_off,54,0.0001286690764373151,150000,100,150000,50,0.0,6.15e-08,6.15e-07
F2,Alpine 1,def_ge_off,55,1.3219719142531283e-05,150000,100,150000,50,0.0,6.15e-08,6.15e-07
F2,Alpine 1,def_ge_off,56,2.833610892439388e-05,150000,100,150000,50,0.0,6.15e-08,6.15e-07
F2,Alpine 1,def_ge_off,57,4.372888920775199e-05,150000,100,150000,50,0.0,6.15e-08,6.15e-07
F2,Alpine 1,def_ge_off,58,1.9901447536144226e-05,150000,100,150000,50,0.0,6.15e-08,6.15e-07
F2,Alpine 1,def_ge_off,59,3.0953683108445874e-05,150000,100,150000,50,0.0,6.15e-08,6.15e-07
F2,Alpine 1,def_ge_off,60,1.1063903961909913e-05,150000,100,150000,50,0.0,6.15e-08,6.15e-07
F2,Alpine 1,def_ge_off,61,3.2882642657174185e-06,150000,100,150000,50,0.0,6.15e-08,6.15e-07
F2,Alpine 1,def_ge_off,62,1.0818899072201742e-05,150000,100,150000,50,0.0,6.15e-08,6.15e-07
F2,Alpine 1,def_ge_off,63,8.188903210329611e-05,150000,100,150000,50,0.0,6.15e-08,6.15e-07
F2,Alpine 1,def_ge_off,64,1.2569989626209904e-05,150000,100,150000,50,0.0,6.15e-08,6.15e-07
F2,Alpine 1,def_ge_off,65,2.8337070489452715e-05,150000,100,150000,50,0.0,6.15e-08,6.15e-07
F2,Alpine 1,def_ge_off,66,3.428533211687131e-05,150000,100,150000,50,0.0,6.15e-08,6.15e-07
F2,Alpine 1,def_ge_off,67,6.20154564550639e-06,150000,100,150000,50,0.0,6.15e-08,6.15e-07
F2,Alpine 1,def_ge_off,68,7.12618716282131e-05,150000,100,150000,50,0.0,6.15e-08,6.15e-07
F2,Alpine 1,def_ge_off,69,3.397108011732159e-05,150000,100,150000,50,0.0,6.15e-08,6.15e-07
F2,Alpine 1,def_ge_off,70,2.3657286487270404e-06,150000,100,150000,50,0.0,6.15e-08,6.15e-07
F2,Alpine 1,def_ge_off,71,9.496454227504527e-05,150000,100,150000,50,0.0,6.15e-08,6.15e-07
F2,Alpine 1,def_ge_off,72,2.6653471206025408e-05,150000,100,150000,50,0.0,6.15e-08,6.15e-07
F2,Alpine 1,def_ge_off,73,1.2543649469032286e-05,150000,100,150000,50,0.0,6.15e-08,6.15e-07
F2,Alpine 1,def_ge_off,74,4.7123396455729685e-05,150000,100,150000,50,0.0,6.15e-08,6.15e-07
F2,Alpine 1,def_ge_off,75,4.870810349795909e-06,150000,100,150000,50,0.0,6.15e-08,6.15e-07
F2,Alpine 1,def_ge_off,76,4.828221471328685e-05,150000,100,150000,50,0.0,6.15e-08,6.15e-07
F2,Alpine 1,def_ge_off,77,2.600562042146003e-06,150000,100,150000,50,0.0,6.15e-08,6.15e-07
F2,Alpine 1,def_ge_off,78,7.73193120649854e-06,150000,100,150000,50,0.0,6.15e-08,6.15e-07
F2,Alpine 1,def_ge_off,79,6.936273366927974e-06,150000,100,150000,50,0.0,6.15e-08,6.15e-07
F2,Alpine 1,def_ge_off,80,8.038252257841136e-06,150000,100,150000,50,0.0,6.15e-08,6.15e-07
F2,Alpine 1,def_ge_off,81,2.3596806695024764e-05,150000,100,150000,50,0.0,6.15e-08,6.15e-07
F2,Alpine 1,def_ge_off,82,2.5315779883128387e-05,150000,100,150000,50,0.0,6.15e-08,6.15e-07
F2,Alpine 1,def_ge_off,83,4.581512492729917e-06,150000,100,150000,50,0.0,6.15e-08,6.15e-07
F2,Alpine 1,def_ge_off,84,4.453282040286196e-05,150000,100,150000,50,0.0,6.15e-08,6.15e-07
F2,Alpine 1,def_ge_off,85,5.841709577641163e-05,150000,100,150000,50,0.0,6.15e-08,6.15e-07
F2,Alpine 1,def_ge_off,86,2.0976708844844736e-05,150000,100,150000,50,0.0,6.15e-08,6.15e-07
F2,Alpine 1,def_ge_off,87,3.011691759254758e-05,150000,100,150000,50,0.0,6.15e-08,6.15e-07
F2,Alpine 1,def_ge_off,88,1.0285211884009782e-05,150000,100,150000,50,0.0,6.15e-08,6.15e-07
F2,Alpine 1,def_ge_off,89,3.18106955890418e-05,150000,100,150000,50,0.0,6.15e-08,6.15e-07
F2,Alpine 1,def_ge_off,90,6.174443826073963e-05,150000,100,150000,50,0.0,6.15e-08,6.15e-07
F2,Alpine 1,def_ge_off,91,4.72152859756356e-06,150000,100,150000,50,0.0,6.15e-08,6.15e-07
F2,Alpine 1,def_ge_off,92,4.314050790429723e-06,150000,100,150000,50,0.0,6.15e-08,6.15e-07
F2,Alpine 1,def_ge_off,93,4.267419766005022e-05,150000,100,150000,50,0.0,6.15e-08,6.15e-07
F2,Alpine 1,def_ge_off,94,9.463824678344096e-06,150000,100,150000,50,0.0,6.15e-08,6.15e-07
F2,Alpine 1,def_ge_off,95,5.00147360202076e-06,150000,100,150000,50,0.0,6.15e-08,6.15e-07
F2,Alpine 1,def_ge_off,96,3.654127716126101e-05,150000,100,150000,50,0.0,6.15e-08,6.15e-07
F2,Alpine 1,def_ge_off,97,1.5207286494030158e-05,150000,100,150000,50,0.0,6.15e-08,6.15e-07
F2,Alpine 1,def_ge_off,98,3.925191683711101e-06,150000,100,150000,50,0.0,6.15e-08,6.15e-07
F2,Alpine 1,def_ge_off,99,7.334156206931339e-06,150000,100,150000,50,0.0,6.15e-08,6.15e-07
F4,Chung Reynolds,def_le_off,0,9.960686498006497e-13,3923,100,150000,50,0.0,0.0,0.0
F4,Chung Reynolds,def_le_off,1,3.1216200096589497e-13,4080,100,150000,50,0.0,0.0,0.0
F4,Chung Reynolds,def_le_off,2,7.829593345153504e-13,4059,100,150000,50,0.0,0.0,0.0
F4,Chung Reynolds,def_le_off,3,8.723880683725526e-13,3946,100,150000,50,0.0,0.0,0.0
F4,Chung Reynolds,def_le_off,4,4.644016787100682e-13,4001,100,150000,50,0.0,0.0,0.0
F4,Chung Reynolds,def_le_off,5,5.030249687077358e-13,4105,100,150000,50,0.0,0.0,0.0
F4,Chung Reynolds,def_le_off,6,9.623600958626474e-13,3901,100,150000,50,0.0,0.0,0.0
F4,Chung Reynolds,def_le_off,7,5.042663823601784e-13,3877,100,150000,50,0.0,0.0,0.0
F4,Chung Reynolds,def_le_off,8,5.675469396304894e-13,4151,100,150000,50,0.0,0.0,0.0
F4,Chung Reynolds,def_le_off,9,6.760510744285377e-13,4082,100,150000,50,0.0,0.0,0.0
F4,Chung Reynolds,def_le_off,10,6.179623344639717e-13,4036,100,150000,50,0.0,0.0,0.0
F4,Chung Reynolds,def_le_off,11,6.090352452607699e-13,4076,100,150000,50,0.0,0.0,0.0
F4,Chung Reynolds,def_le_off,12,9.972225911266009e-13,3856,100,150000,50,0.0,0.0,0.0
F4,Chung Reynolds,def_le_off,13,9.729467746616772e-13,4030,100,150000,50,0.0,0.0,0.0
F4,Chung Reynolds,def_le_off,14,8.804124685945542e-13,4101,100,150000,50,0.0,0.0,0.0
F4,Chung Reynolds,def_le_off,15,2.6645633392300447e-13,4013,100,150000,50,0.0,0.0,0.0
F4,Chung Reynolds,def_le_off,16,6.920236768646817e-13,4076,100,150000,50,0.0,0.0,0.0
F4,Chung Reynolds,def_le_off,17,9.842592359315032e-13,3928,100,150000,50,0.0,0.0,0.0
F4,Chung Reynolds,def_le_off,18,6.187076448918669e-13,3974,100,150000,50,0.0,0.0,0.0
F4,Chung Reynolds,def_le_off,19,2.4024424475657053e-13,4036,100,150000,50,0.0,0.0,0.0
F4,Chung Reynolds,def_le_off,20,9.276475756454846e-13,4030,100,150000,50,0.0,0.0,0.0
F4,Chung Reynolds,def_le_off,21,8.538866830362909e-13,4039,100,150000,50,0.0,0.0,0.0
F4,Chung Reynolds,def_le_off,22,7.952518459940589e-13,3983,100,150000,50,0.0,0.0,0.0
F4,Chung Reynolds,def_le_off,23,6.698838249619692e-13,4068,100,150000,50,0.0,0.0,0.0
F4,Chung Reynolds,def_le_off,24,5.002646280575299e-13,4086,100,150000,50,0.0,0.0,0.0
F4,Chung Reynolds,def_le_off,25,8.862727556553152e-13,4032,100,150000,50,0.0,0.0,0.0
F4,Chung Reynolds,def_le_off,26,4.115140542767243e-13,3926,100,150000,50,0.0,0.0,0.0
F4,Chung Reynolds,def_le_off,27,8.241091059762883e-13,3857,100,150000,50,0.0,0.0,0.0
F4,Chung Reynolds,def_le_off,28,9.459884252129315e-13,3967,100,150000,50,0.0,0.0,0.0
F4,Chung Reynolds,def_le_off,29,5.814575348782372e-13,4118,100,150000,50,0.0,0.0,0.0
F4,Chung Reynolds,def_le_off,30,4.2368147720472685e-13,4167,100,150000,50,0.0,0.0,0.0
F4,Chung Reynolds,def_le_off,31,9.07329062210827e-13,3975,100,150000,50,0.0,0.0,0.0
F4,Chung Reynolds,def_le_off,32,8.234083664717615e-13,3984,100,150000,50,0.0,0.0,0.0
F4,Chung Reynolds,def_le_off,33,1.3316942851499473e-13,4063,100,150000,50,0.0,0.0,0.0
F4,Chung Reynolds,def_le_off,34,5.620475625810428e-13,4082,100,150000,50,0.0,0.0,0.0
F4,Chung Reynolds,def_le_off,35,9.590023235499338e-13,4093,100,150000,50,0.0,0.0,0.0
F4,Chung Reynolds,def_le_off,36,4.869670612019586e-13,3954,100,150000,50,0.0,0.0,0.0
F4,Chung Reynolds,def_le_off,37,4.1895489091649134e-13,3957,100,150000,50,0.0,0.0,0.0
F4,Chung Reynolds,def_le_off,38,6.212445502955147e-13,4034,100,150000,50,0.0,0.0,0.0
F4,Chung Reynolds,def_le_off,39,2.862363644733538e-13,3933,100,150000,50,0.0,0.0,0.0
F4,Chung Reynolds,def_le_off,40,6.987896707171735e-13,4060,100,150000,50,0.0,0.0,0.0
F4,Chung Reynolds,def_le_off,41,9.36744179447551e-13,3996,100,150000,50,0.0,0.0,0.0
F4,Chung Reynolds,def_le_off,42,6.475916932189934e-13,4142,100,150000,50,0.0,0.0,0.0
F4,Chung Reynolds,def_le_off,43,7.01017530025095e-13,4037,100,150000,50,0.0,0.0,0.0
F4,Chung Reynolds,def_le_off,44,9.682479834115737e-13,3926,100,150000,50,0.0,0.0,0.0
F4,Chung Reynolds,def_le_off,45,4.4373804070164367e-13,4046,100,150000,50,0.0,0.0,0.0
F4,Chung Reynolds,def_le_off,46,9.416031362731915e-13,4142,100,150000,50,0.0,0.0,0.0
F4,Chung Reynolds,def_le_off,47,5.853547902546317e-13,4083,100,150000,50,0.0,0.0,0.0
F4,Chung Reynolds,def_le_off,48,9.217891877393464e-13,3857,100,150000,50,0.0,0.0,0.0
F4,Chung Reynolds,def_le_off,49,5.545830706351197e-13,4026,100,150000,50,0.0,0.0,0.0
F4,Chung Reynolds,def_le_off,50,8.924171821741356e-13,3990,100,150000,50,0.0,0.0,0.0
F4,Chung Reynolds,def_le_off,51,7.603445184493564e-13,3950,100,150000,50,0.0,0.0,0.0
F4,Chung Reynolds,def_le_off,52,4.685431407659374e-13,3966,100,150000,50,0.0,0.0,0.0
F4,Chung Reynolds,def_le_off,53,6.282380800919104e-13,4092,100,150000,50,0.0,0.0,0.0
F4,Chung Reynolds,def_le_off,54,8.542790149314774e-13,3947,100,150000,50,0.0,0.0,0.0
F4,Chung Reynolds,def_le_off,55,4.3704346207102547e-13,4097,100,150000,50,0.0,0.0,0.0
F4,Chung Reynolds,def_le_off,56,8.261847810598603e-13,4078,100,150000,50,0.0,0.0,0.0
F4,Chung Reynolds,def_le_off,57,9.53687910820525e-13,3972,100,150000,50,0.0,0.0,0.0
F4,Chung Reynolds,def_le_off,58,3.9923641715767487e-13,4037,100,150000,50,0.0,0.0,0.0
F4,Chung Reynolds,def_le_off,59,6.491657349278118e-13,3961,100,150000,50,0.0,0.0,0.0
F4,Chung Reynolds,def_le_off,60,4.781031904289934e-13,3983,100,150000,50,0.0,0.0,0.0
F4,Chung Reynolds,def_le_off,61,9.88946192592115e-13,4095,100,150000,50,0.0,0.0,0.0
F4,Chung Reynolds,def_le_off,62,1.7509955806745932e-13,4038,100,150000,50,0.0,0.0,0.0
F4,Chung Reynolds,def_le_off,63,6.568754665328344e-13,3998,100,150000,50,0.0,0.0,0.0
F4,Chung Reynolds,def_le_off,64,8.285708882390785e-13,3978,100,150000,50,0.0,0.0,0.0
F4,Chung Reynolds,def_le_off,65,4.0534646482185914e-13,4076,100,150000,50,0.0,0.0,0.0
F4,Chung Reynolds,def_le_off,66,6.212664564427713e-13,3932,100,150000,50,0.0,0.0,0.0
F4,Chung Reynolds,def_le_off,67,5.262884954684732e-13,4097,100,150000,50,0.0,0.0,0.0
F4,Chung Reynolds,def_le_off,68,8.714572046483258e-13,3877,100,150000,50,0.0,0.0,0.0
F4,Chung Reynolds,def_le_off,69,8.008781879721237e-13,4102,100,150000,50,0.0,0.0,0.0
F4,Chung Reynolds,def_le_off,70,8.184171020639599e-13,4053,100,150000,50,0.0,0.0,0.0
F4,Chung Reynolds,def_le_off,71,9.720447435279437e-13,4050,100,150000,50,0.0,0.0,0.0
F4,Chung Reynolds,def_le_off,72,2.873606450535735e-13,4020,100,150000,50,0.0,0.0,0.0
F4,Chung Reynolds,def_le_off,73,7.983190609246089e-13,4057,100,150000,50,0.0,0.0,0.0
F4,Chung Reynolds,def_le_off,74,9.705177660931798e-13,4059,100,150000,50,0.0,0.0,0.0
F4,Chung Reynolds,def_le_off,75,9.390332825179035e-13,4036,100,150000,50,0.0,0.0,0.0
F4,Chung Reynolds,def_le_off,76,9.547040990969037e-13,4023,100,150000,50,0.0,0.0,0.0
F4,Chung Reynolds,def_le_off,77,7.768277770054095e-13,4112,100,150000,50,0.0,0.0,0.0
F4,Chung Reynolds,def_le_off,78,7.057002960908471e-13,3991,100,150000,50,0.0,0.0,0.0
F4,Chung Reynolds,def_le_off,79,6.31896526525987e-13,3962,100,150000,50,0.0,0.0,0.0
F4,Chung Reynolds,def_le_off,80,9.11341700809783e-13,3988,100,150000,50,0.0,0.0,0.0
F4,Chung Reynolds,def_le_off,81,9.584409097770943e-13,4010,100,150000,50,0.0,0.0,0.0
F4,Chung Reynolds,def_le_off,82,9.401697224144704e-13,4030,100,150000,50,0.0,0.0,0.0
F4,Chung Reynolds,def_le_off,83,8.862797102108036e-13,4004,100,150000,50,0.0,0.0,0.0
F4,Chung Reynolds,def_le_off,84,3.0630284212089847e-13,3975,100,150000,50,0.0,0.0,0.0
F4,Chung Reynolds,def_le_off,85,9.171872117939176e-13,3978,100,150000,50,0.0,0.0,0.0
F4,Chung Reynolds,def_le_off,86,7.841464516010448e-13,4002,100,150000,50,0.0,0.0,0.0
F4,Chung Reynolds,def_le_off,87,6.177854193364908e-13,3919,100,150000,50,0.0,0.0,0.0
F4,Chung Reynolds,def_le_off,88,7.771960449020826e-13,4009,100,150000,50,0.0,0.0,0.0
F4,Chung Reynolds,def_le_off,89,3.739460050654725e-13,4031,100,150000,50,0.0,0.0,0.0
F4,Chung Reynolds,def_le_off,90,5.19357371096139e-13,3886,100,150000,50,0.0,0.0,0.0
F4,Chung Reynolds,def_le_off,91,3.9152621232151875e-13,3977,100,150000,50,0.0,0.0,0.0
F4,Chung Reynolds,def_le_off,92,9.83033196302552e-13,3885,100,150000,50,0.0,0.0,0.0
F4,Chung Reynolds,def_le_off,93,9.245080882696471e-13,4105,100,150000,50,0.0,0.0,0.0
F4,Chung Reynolds,def_le_off,94,9.720769505193607e-13,3966,100,150000,50,0.0,0.0,0.0
F4,Chung Reynolds,def_le_off,95,6.678025135159292e-13,4047,100,150000,50,0.0,0.0,0.0
F4,Chung Reynolds,def_le_off,96,6.108168785971234e-13,4110,100,150000,50,0.0,0.0,0.0
F4,Chung Reynolds,def_le_off,97,3.6023040556217994e-13,3999,100,150000,50,0.0,0.0,0.0
F4,Chung Reynolds,def_le_off,98,8.846991552697074e-13,4054,100,150000,50,0.0,0.0,0.0
F4,Chung Reynolds,def_le_off,99,3.9976418540443364e-13,4043,100,150000,50,0.0,0.0,0.0
F4,Chung Reynolds,def_ge_off,0,4.077414123248713e-16,86593,100,150000,50,0.0,0.0,0.0
F4,Chung Reynolds,def_ge_off,1,9.727495005649145e-13,97900,100,150000,50,0.0,0.0,0.0
F4,Chung Reynolds,def_ge_off,2,2.076807271676404e-13,96351,100,150000,50,0.0,0.0,0.0
F4,Chung Reynolds,def_ge_off,3,1.5301213790228816e-14,42913,100,150000,50,0.0,0.0,0.0
F4,Chung Reynolds,def_ge_off,4,2.0045032859371685e-13,59090,100,150000,50,0.0,0.0,0.0
F4,Chung Reynolds,def_ge_off,5,2.7369704542007977e-13,50684,100,150000,50,0.0,0.0,0.0
F4,Chung Reynolds,def_ge_off,6,2.8427977090313218e-15,103934,100,150000,50,0.0,0.0,0.0
F4,Chung Reynolds,def_ge_off,7,7.772995869921327e-15,35995,100,150000,50,0.0,0.0,0.0
F4,Chung Reynolds,def_ge_off,8,1.538989781387431e-13,54788,100,150000,50,0.0,0.0,0.0
F4,Chung Reynolds,def_ge_off,9,7.980365658297338e-13,103455,100,150000,50,0.0,0.0,0.0
F4,Chung Reynolds,def_ge_off,10,5.479962141230118e-14,39139,100,150000,50,0.0,0.0,0.0
F4,Chung Reynolds,def_ge_off,11,1.182505151581327e-16,103279,100,150000,50,0.0,0.0,0.0
F4,Chung Reynolds,def_ge_off,12,5.36212219494477e-13,65083,100,150000,50,0.0,0.0,0.0
F4,Chung Reynolds,def_ge_off,13,1.4345740822187922e-13,75193,100,150000,50,0.0,0.0,0.0
F4,Chung Reynolds,def_ge_off,14,3.701527306682911e-19,80686,100,150000,50,0.0,0.0,0.0
F4,Chung Reynolds,def_ge_off,15,4.697788057627229e-16,60884,100,150000,50,0.0,0.0,0.0
F4,Chung Reynolds,def_ge_off,16,2.591839286525974e-16,140530,100,150000,50,0.0,0.0,0.0
F4,Chung Reynolds,def_ge_off,17,1.279165036407633e-13,76933,100,150000,50,0.0,0.0,0.0
F4,Chung Reynolds,def_ge_off,18,2.0157641662781622e-16,47472,100,150000,50,0.0,0.0,0.0
F4,Chung Reynolds,def_ge_off,19,8.210977844302402e-13,62955,100,150000,50,0.0,0.0,0.0
F4,Chung Reynolds,def_ge_off,20,3.5632752563497255e-16,59441,100,150000,50,0.0,0.0,0.0
F4,Chung Reynolds,def_ge_off,21,2.79887603298581e-13,64215,100,150000,50,0.0,0.0,0.0
F4,Chung Reynolds,def_ge_off,22,3.352171253374117e-14,61369,100,150000,50,0.0,0.0,0.0
F4,Chung Reynolds,def_ge_off,23,1.6261413700088566e-14,106332,100,150000,50,0.0,0.0,0.0
F4,Chung Reynolds,def_ge_off,24,6.368646640771558e-13,65234,100,150000,50,0.0,0.0,0.0
F4,Chung Reynolds,def_ge_off,25,1.0016882277087517e-13,47060,100,150000,50,0.0,0.0,0.0
F4,Chung Reynolds,def_ge_off,26,5.995857095698582e-13,72218,100,150000,50,0.0,0.0,0.0
F4,Chung Reynolds,def_ge_off,27,9.455558492537353e-14,67283,100,150000,50,0.0,0.0,0.0
F4,Chung Reynolds,def_ge_off,28,4.692071831195626e-13,102118,100,150000,50,0.0,0.0,0.0
F4,Chung Reynolds,def_ge_off,29,2.1169232782378656e-13,67866,100,150000,50,0.0,0.0,0.0
F4,Chung Reynolds,def_ge_off,30,6.633435948391778e-13,89926,100,150000,50,0.0,0.0,0.0
F4,Chung Reynolds,def_ge_off,31,5.284598693550531e-16,44257,100,150000,50,0.0,0.0,0.0
F4,Chung Reynolds,def_ge_off,32,7.068523237525727e-14,36169,100,150000,50,0.0,0.0,0.0
F4,Chung Reynolds,def_ge_off,33,1.7777495398069004e-13,67243,100,150000,50,0.0,0.0,0.0
F4,Chung Reynolds,def_ge_off,34,3.641726950228046e-14,36227,100,150000,50,0.0,0.0,0.0
F4,Chung Reynolds,def_ge_off,35,9.97866701000244e-13,41018,100,150000,50,0.0,0.0,0.0
F4,Chung Reynolds,def_ge_off,36,8.975616104255273e-19,114543,100,150000,50,0.0,0.0,0.0
F4,Chung Reynolds,def_ge_off,37,2.323824706590371e-13,99826,100,150000,50,0.0,0.0,0.0
F4,Chung Reynolds,def_ge_off,38,3.6089353868402523e-19,74292,100,150000,50,0.0,0.0,0.0
F4,Chung Reynolds,def_ge_off,39,8.194955827855456e-13,68177,100,150000,50,0.0,0.0,0.0
F4,Chung Reynolds,def_ge_off,40,4.2160498185137877e-13,56584,100,150000,50,0.0,0.0,0.0
F4,Chung Reynolds,def_ge_off,41,1.2731476674723796e-17,60040,100,150000,50,0.0,0.0,0.0
F4,Chung Reynolds,def_ge_off,42,3.783250304432878e-13,121197,100,150000,50,0.0,0.0,0.0
F4,Chung Reynolds,def_ge_off,43,8.099434059944126e-14,40512,100,150000,50,0.0,0.0,0.0
F4,Chung Reynolds,def_ge_off,44,1.719356104207109e-14,48576,100,150000,50,0.0,0.0,0.0
F4,Chung Reynolds,def_ge_off,45,3.9371258820743824e-14,106001,100,150000,50,0.0,0.0,0.0
F4,Chung Reynolds,def_ge_off,46,2.3698582923810044e-15,71558,100,150000,50,0.0,0.0,0.0
F4,Chung Reynolds,def_ge_off,47,6.589282315572738e-13,61230,100,150000,50,0.0,0.0,0.0
F4,Chung Reynolds,def_ge_off,48,8.089722471291214e-16,87917,100,150000,50,0.0,0.0,0.0
F4,Chung Reynolds,def_ge_off,49,9.866996877921107e-13,71752,100,150000,50,0.0,0.0,0.0
F4,Chung Reynolds,def_ge_off,50,8.179689768239954e-16,59337,100,150000,50,0.0,0.0,0.0
F4,Chung Reynolds,def_ge_off,51,9.706819369816425e-13,105458,100,150000,50,0.0,0.0,0.0
F4,Chung Reynolds,def_ge_off,52,6.964315457129962e-13,56019,100,150000,50,0.0,0.0,0.0
F4,Chung Reynolds,def_ge_off,53,2.832603985980152e-16,120204,100,150000,50,0.0,0.0,0.0
F4,Chung Reynolds,def_ge_off,54,3.957811543256346e-13,57997,100,150000,50,0.0,0.0,0.0
F4,Chung Reynolds,def_ge_off,55,6.192774221284308e-13,71504,100,150000,50,0.0,0.0,0.0
F4,Chung Reynolds,def_ge_off,56,2.6223203600401243e-12,150000,100,150000,50,0.0,0.0,0.0
F4,Chung Reynolds,def_ge_off,57,6.577454038180891e-14,133151,100,150000,50,0.0,0.0,0.0
F4,Chung Reynolds,def_ge_off,58,4.081917488300887e-18,68082,100,150000,50,0.0,0.0,0.0
F4,Chung Reynolds,def_ge_off,59,2.8516727506913524e-13,77984,100,150000,50,0.0,0.0,0.0
F4,Chung Reynolds,def_ge_off,60,9.993952560812677e-16,78238,100,150000,50,0.0,0.0,0.0
F4,Chung Reynolds,def_ge_off,61,1.3076331619275903e-13,68995,100,150000,50,0.0,0.0,0.0
F4,Chung Reynolds,def_ge_off,62,9.29170971271348e-13,45830,100,150000,50,0.0,0.0,0.0
F4,Chung Reynolds,def_ge_off,63,7.257292018492909e-13,69747,100,150000,50,0.0,0.0,0.0
F4,Chung Reynolds,def_ge_off,64,9.208481605492801e-13,79127,100,150000,50,0.0,0.0,0.0
F4,Chung Reynolds,def_ge_off,65,1.6390049796909235e-12,150000,100,150000,50,0.0,0.0,0.0
F4,Chung Reynolds,def_ge_off,66,8.645933580606681e-15,60263,100,150000,50,0.0,0.0,0.0
F4,Chung Reynolds,def_ge_off,67,5.358787215807554e-13,87262,100,150000,50,0.0,0.0,0.0
F4,Chung Reynolds,def_ge_off,68,3.532354042204161e-16,62383,100,150000,50,0.0,0.0,0.0
F4,Chung Reynolds,def_ge_off,69,1.1598702981030191e-12,150000,100,150000,50,0.0,0.0,0.0
F4,Chung Reynolds,def_ge_off,70,1.5060196078858081e-13,45120,100,150000,50,0.0,0.0,0.0
F4,Chung Reynolds,def_ge_off,71,2.5731737655237426e-15,52432,100,150000,50,0.0,0.0,0.0
F4,Chung Reynolds,def_ge_off,72,9.470005729918266e-13,56968,100,150000,50,0.0,0.0,0.0
F4,Chung Reynolds,def_ge_off,73,1.747262661916764e-12,150000,100,150000,50,0.0,0.0,0.0
F4,Chung Reynolds,def_ge_off,74,5.111680925907149e-14,67494,100,150000,50,0.0,0.0,0.0
F4,Chung Reynolds,def_ge_off,75,1.3746560759664755e-13,98116,100,150000,50,0.0,0.0,0.0
F4,Chung Reynolds,def_ge_off,76,4.206147235501225e-13,42458,100,150000,50,0.0,0.0,0.0
F4,Chung Reynolds,def_ge_off,77,6.117635706082104e-13,71407,100,150000,50,0.0,0.0,0.0
F4,Chung Reynolds,def_ge_off,78,3.6280140744425527e-13,33757,100,150000,50,0.0,0.0,0.0
F4,Chung Reynolds,def_ge_off,79,4.766786172864023e-12,150000,100,150000,50,0.0,0.0,0.0
F4,Chung Reynolds,def_ge_off,80,1.5625970851369338e-13,52242,100,150000,50,0.0,0.0,0.0
F4,Chung Reynolds,def_ge_off,81,2.4982317436559276e-13,85255,100,150000,50,0.0,0.0,0.0
F4,Chung Reynolds,def_ge_off,82,1.2551145668719618e-15,79639,100,150000,50,0.0,0.0,0.0
F4,Chung Reynolds,def_ge_off,83,3.9519973226031586e-14,98121,100,150000,50,0.0,0.0,0.0
F4,Chung Reynolds,def_ge_off,84,2.4483647279993876e-13,47382,100,150000,50,0.0,0.0,0.0
F4,Chung Reynolds,def_ge_off,85,5.007409567333352e-15,54294,100,150000,50,0.0,0.0,0.0
F4,Chung Reynolds,def_ge_off,86,5.634492247861689e-13,96013,100,150000,50,0.0,0.0,0.0
F4,Chung Reynolds,def_ge_off,87,2.3695851559557777e-13,75012,100,150000,50,0.0,0.0,0.0
F4,Chung Reynolds,def_ge_off,88,4.822002604907484e-16,132303,100,150000,50,0.0,0.0,0.0
F4,Chung Reynolds,def_ge_off,89,3.0186896326444305e-14,112140,100,150000,50,0.0,0.0,0.0
F4,Chung Reynolds,def_ge_off,90,2.155012770323513e-11,150000,100,150000,50,0.0,0.0,0.0
F4,Chung Reynolds,def_ge_off,91,4.347572006508574e-18,125396,100,150000,50,0.0,0.0,0.0
F4,Chung Reynolds,def_ge_off,92,9.482104646754031e-13,56273,100,150000,50,0.0,0.0,0.0
F4,Chung Reynolds,def_ge_off,93,2.810534491980151e-13,72225,100,150000,50,0.0,0.0,0.0
F4,Chung Reynolds,def_ge_off,94,8.20268880160904e-16,50079,100,150000,50,0.0,0.0,0.0
F4,Chung Reynolds,def_ge_off,95,1.908092302299802e-13,57381,100,150000,50,0.0,0.0,0.0
F4,Chung Reynolds,def_ge_off,96,2.949042241332787e-13,71679,100,150000,50,0.0,0.0,0.0
F4,Chung Reynolds,def_ge_off,97,5.646482944109537e-13,79387,100,150000,50,0.0,0.0,0.0
F4,Chung Reynolds,def_ge_off,98,8.43308840786736e-13,25248,100,150000,50,0.0,0.0,0.0
F4,Chung Reynolds,def_ge_off,99,1.1108269846466508e-14,51684,100,150000,50,0.0,0.0,0.0
F5,Csendes,def_le_off,0,9.561466956787897e-13,1434,100,150000,50,0.0,0.0,0.0
F5,Csendes,def_le_off,1,7.076986452357597e-13,1512,100,150000,50,0.0,0.0,0.0
F5,Csendes,def_le_off,2,3.3254664736848646e-13,1627,100,150000,50,0.0,0.0,0.0
F5,Csendes,def_le_off,3,4.730971361928614e-13,1491,100,150000,50,0.0,0.0,0.0
F5,Csendes,def_le_off,4,3.5120711727395004e-13,1528,100,150000,50,0.0,0.0,0.0
F5,Csendes,def_le_off,5,2.0119560803394838e-13,1456,100,150000,50,0.0,0.0,0.0
F5,Csendes,def_le_off,6,5.252922642159344e-13,1475,100,150000,50,0.0,0.0,0.0
F5,Csendes,def_le_off,7,9.948351963004825e-13,1552,100,150000,50,0.0,0.0,0.0
F5,Csendes,def_le_off,8,1.433721907584767e-13,1528,100,150000,50,0.0,0.0,0.0
F5,Csendes,def_le_off,9,6.649853861421461e-13,1453,100,150000,50,0.0,0.0,0.0
F5,Csendes,def_le_off,10,9.164429741393072e-13,1628,100,150000,50,0.0,0.0,0.0
F5,Csendes,def_le_off,11,4.776213186983589e-13,1518,100,150000,50,0.0,0.0,0.0
F5,Csendes,def_le_off,12,6.230697052541291e-13,1521,100,150000,50,0.0,0.0,0.0
F5,Csendes,def_le_off,13,5.865590482749289e-13,1479,100,150000,50,0.0,0.0,0.0
F5,Csendes,def_le_off,14,8.837286701182289e-13,1539,100,150000,50,0.0,0.0,0.0
F5,Csendes,def_le_off,15,2.279341076988185e-13,1485,100,150000,50,0.0,0.0,0.0
F5,Csendes,def_le_off,16,2.3358509277240496e-13,1508,100,150000,50,0.0,0.0,0.0
F5,Csendes,def_le_off,17,5.717788102562832e-13,1462,100,150000,50,0.0,0.0,0.0
F5,Csendes,def_le_off,18,5.473922654357079e-13,1587,100,150000,50,0.0,0.0,0.0
F5,Csendes,def_le_off,19,9.37939758341924e-13,1557,100,150000,50,0.0,0.0,0.0
F5,Csendes,def_le_off,20,4.3591963454061986e-13,1487,100,150000,50,0.0,0.0,0.0
F5,Csendes,def_le_off,21,2.6855631964599217e-13,1426,100,150000,50,0.0,0.0,0.0
F5,Csendes,def_le_off,22,9.346784662161161e-13,1484,100,150000,50,0.0,0.0,0.0
F5,Csendes,def_le_off,23,2.1142453901978584e-13,1527,100,150000,50,0.0,0.0,0.0
F5,Csendes,def_le_off,24,8.307997588891112e-14,1532,100,150000,50,0.0,0.0,0.0
F5,Csendes,def_le_off,25,8.81185972004095e-13,1456,100,150000,50,0.0,0.0,0.0
F5,Csendes,def_le_off,26,9.710788098267842e-13,1511,100,150000,50,0.0,0.0,0.0
F5,Csendes,def_le_off,27,4.3187063086797263e-13,1552,100,150000,50,0.0,0.0,0.0
F5,Csendes,def_le_off,28,9.834995853297832e-13,1554,100,150000,50,0.0,0.0,0.0
F5,Csendes,def_le_off,29,2.977950688296641e-13,1513,100,150000,50,0.0,0.0,0.0
F5,Csendes,def_le_off,30,5.671212482446493e-13,1553,100,150000,50,0.0,0.0,0.0
F5,Csendes,def_le_off,31,2.8189843415501e-13,1453,100,150000,50,0.0,0.0,0.0
F5,Csendes,def_le_off,32,5.953756523177901e-13,1439,100,150000,50,0.0,0.0,0.0
F5,Csendes,def_le_off,33,5.997797362728308e-13,1609,100,150000,50,0.0,0.0,0.0
F5,Csendes,def_le_off,34,8.233173451109283e-13,1491,100,150000,50,0.0,0.0,0.0
F5,Csendes,def_le_off,35,3.561867458335573e-13,1473,100,150000,50,0.0,0.0,0.0
F5,Csendes,def_le_off,36,4.101153797900257e-13,1515,100,150000,50,0.0,0.0,0.0
F5,Csendes,def_le_off,37,3.728734950898076e-13,1497,100,150000,50,0.0,0.0,0.0
F5,Csendes,def_le_off,38,4.094690301212067e-13,1456,100,150000,50,0.0,0.0,0.0
F5,Csendes,def_le_off,39,7.573509593766656e-13,1525,100,150000,50,0.0,0.0,0.0
F5,Csendes,def_le_off,40,2.7116333880197414e-13,1561,100,150000,50,0.0,0.0,0.0
F5,Csendes,def_le_off,41,1.9522810482672278e-13,1535,100,150000,50,0.0,0.0,0.0
F5,Csendes,def_le_off,42,8.627398813047401e-13,1452,100,150000,50,0.0,0.0,0.0
F5,Csendes,def_le_off,43,6.51890511655515e-13,1467,100,150000,50,0.0,0.0,0.0
F5,Csendes,def_le_off,44,6.500035964381765e-13,1506,100,150000,50,0.0,0.0,0.0
F5,Csendes,def_le_off,45,3.730861850664979e-13,1659,100,150000,50,0.0,0.0,0.0
F5,Csendes,def_le_off,46,5.980538400079677e-13,1482,100,150000,50,0.0,0.0,0.0
F5,Csendes,def_le_off,47,6.017749319079133e-13,1492,100,150000,50,0.0,0.0,0.0
F5,Csendes,def_le_off,48,7.769263547177625e-13,1493,100,150000,50,0.0,0.0,0.0
F5,Csendes,def_le_off,49,6.660261642978604e-13,1556,100,150000,50,0.0,0.0,0.0
F5,Csendes,def_le_off,50,7.564856892946632e-13,1549,100,150000,50,0.0,0.0,0.0
F5,Csendes,def_le_off,51,3.9170042231619234e-13,1516,100,150000,50,0.0,0.0,0.0
F5,Csendes,def_le_off,52,7.892964200118358e-13,1443,100,150000,50,0.0,0.0,0.0
F5,Csendes,def_le_off,53,6.469169223130336e-13,1574,100,150000,50,0.0,0.0,0.0
F5,Csendes,def_le_off,54,3.9041341423044897e-13,1597,100,150000,50,0.0,0.0,0.0
F5,Csendes,def_le_off,55,9.706298956106018e-13,1495,100,150000,50,0.0,0.0,0.0
F5,Csendes,def_le_off,56,3.021777726940151e-13,1601,100,150000,50,0.0,0.0,0.0
F5,Csendes,def_le_off,57,4.366279574662991e-13,1498,100,150000,50,0.0,0.0,0.0
F5,Csendes,def_le_off,58,8.138122064013754e-13,1496,100,150000,50,0.0,0.0,0.0
F5,Csendes,def_le_off,59,9.576409370420484e-14,1561,100,150000,50,0.0,0.0,0.0
F5,Csendes,def_le_off,60,9.683770184693033e-13,1481,100,150000,50,0.0,0.0,0.0
F5,Csendes,def_le_off,61,8.554840398283895e-13,1456,100,150000,50,0.0,0.0,0.0
F5,Csendes,def_le_off,62,5.141323116553382e-13,1438,100,150000,50,0.0,0.0,0.0
F5,Csendes,def_le_off,63,4.634440803734703e-13,1462,100,150000,50,0.0,0.0,0.0
F5,Csendes,def_le_off,64,5.63465803929011e-13,1489,100,150000,50,0.0,0.0,0.0
F5,Csendes,def_le_off,65,2.930891239534929e-13,1592,100,150000,50,0.0,0.0,0.0
F5,Csendes,def_le_off,66,4.5178687201731207e-13,1531,100,150000,50,0.0,0.0,0.0
F5,Csendes,def_le_off,67,7.900656857906984e-13,1507,100,150000,50,0.0,0.0,0.0
F5,Csendes,def_le_off,68,5.622900565956902e-13,1493,100,150000,50,0.0,0.0,0.0
F5,Csendes,def_le_off,69,9.639603851094855e-13,1586,100,150000,50,0.0,0.0,0.0
F5,Csendes,def_le_off,70,7.677595352398305e-13,1501,100,150000,50,0.0,0.0,0.0
F5,Csendes,def_le_off,71,4.277774304608695e-13,1580,100,150000,50,0.0,0.0,0.0
F5,Csendes,def_le_off,72,6.846825563629199e-13,1558,100,150000,50,0.0,0.0,0.0
F5,Csendes,def_le_off,73,8.531880418204905e-13,1528,100,150000,50,0.0,0.0,0.0
F5,Csendes,def_le_off,74,3.164635667585577e-13,1483,100,150000,50,0.0,0.0,0.0
F5,Csendes,def_le_off,75,6.72423608198391e-13,1491,100,150000,50,0.0,0.0,0.0
F5,Csendes,def_le_off,76,4.829117397415878e-13,1570,100,150000,50,0.0,0.0,0.0
F5,Csendes,def_le_off,77,7.486463979263846e-13,1446,100,150000,50,0.0,0.0,0.0
F5,Csendes,def_le_off,78,9.18598219168349e-13,1467,100,150000,50,0.0,0.0,0.0
F5,Csendes,def_le_off,79,9.67899289376007e-13,1540,100,150000,50,0.0,0.0,0.0
F5,Csendes,def_le_off,80,7.884874501284104e-13,1582,100,150000,50,0.0,0.0,0.0
F5,Csendes,def_le_off,81,8.680012124825266e-13,1569,100,150000,50,0.0,0.0,0.0
F5,Csendes,def_le_off,82,6.997730013406807e-13,1548,100,150000,50,0.0,0.0,0.0
F5,Csendes,def_le_off,83,9.551949385957022e-13,1528,100,150000,50,0.0,0.0,0.0
F5,Csendes,def_le_off,84,9.460082190197492e-13,1493,100,150000,50,0.0,0.0,0.0
F5,Csendes,def_le_off,85,5.522689647981128e-13,1554,100,150000,50,0.0,0.0,0.0
F5,Csendes,def_le_off,86,4.556339522808311e-13,1504,100,150000,50,0.0,0.0,0.0
F5,Csendes,def_le_off,87,9.938023420001408e-13,1505,100,150000,50,0.0,0.0,0.0
F5,Csendes,def_le_off,88,4.838096382457634e-13,1527,100,150000,50,0.0,0.0,0.0
F5,Csendes,def_le_off,89,9.810499805675468e-13,1528,100,150000,50,0.0,0.0,0.0
F5,Csendes,def_le_off,90,4.979452565763968e-13,1468,100,150000,50,0.0,0.0,0.0
F5,Csendes,def_le_off,91,4.743797947801286e-13,1582,100,150000,50,0.0,0.0,0.0
F5,Csendes,def_le_off,92,6.083885263238837e-13,1596,100,150000,50,0.0,0.0,0.0
F5,Csendes,def_le_off,93,9.20996388526673e-13,1456,100,150000,50,0.0,0.0,0.0
F5,Csendes,def_le_off,94,3.5708308456236074e-13,1583,100,150000,50,0.0,0.0,0.0
F5,Csendes,def_le_off,95,6.799132913862749e-13,1493,100,150000,50,0.0,0.0,0.0
F5,Csendes,def_le_off,96,8.410932387305825e-13,1468,100,150000,50,0.0,0.0,0.0
F5,Csendes,def_le_off,97,6.188604219814581e-13,1545,100,150000,50,0.0,0.0,0.0
F5,Csendes,def_le_off,98,9.249040670356992e-13,1463,100,150000,50,0.0,0.0,0.0
F5,Csendes,def_le_off,99,7.720205390986629e-13,1521,100,150000,50,0.0,0.0,0.0
F5,Csendes,def_ge_off,0,3.320306439084289e-13,5982,100,150000,50,0.0,0.0,0.0
F5,Csendes,def_ge_off,1,2.5359598860695967e-13,3226,100,150000,50,0.0,0.0,0.0
F5,Csendes,def_ge_off,2,1.9906460692153701e-13,6351,100,150000,50,0.0,0.0,0.0
F5,Csendes,def_ge_off,3,3.413337467730901e-13,7257,100,150000,50,0.0,0.0,0.0
F5,Csendes,def_ge_off,4,3.640693002356168e-13,5309,100,150000,50,0.0,0.0,0.0
F5,Csendes,def_ge_off,5,9.220669009624787e-13,5594,100,150000,50,0.0,0.0,0.0
F5,Csendes,def_ge_off,6,3.893133703011822e-13,3638,100,150000,50,0.0,0.0,0.0
F5,Csendes,def_ge_off,7,1.2874809941093683e-13,6565,100,150000,50,0.0,0.0,0.0
F5,Csendes,def_ge_off,8,7.307911888434103e-13,4114,100,150000,50,0.0,0.0,0.0
F5,Csendes,def_ge_off,9,2.7594267796003923e-13,4150,100,150000,50,0.0,0.0,0.0
F5,Csendes,def_ge_off,10,6.266198672736163e-13,5352,100,150000,50,0.0,0.0,0.0
F5,Csendes,def_ge_off,11,2.6293411567505344e-13,4473,100,150000,50,0.0,0.0,0.0
F5,Csendes,def_ge_off,12,1.3337947178735297e-13,7795,100,150000,50,0.0,0.0,0.0
F5,Csendes,def_ge_off,13,4.0570477926661344e-14,4967,100,150000,50,0.0,0.0,0.0
F5,Csendes,def_ge_off,14,5.113042813560085e-13,6150,100,150000,50,0.0,0.0,0.0
F5,Csendes,def_ge_off,15,1.365805268302397e-13,6606,100,150000,50,0.0,0.0,0.0
F5,Csendes,def_ge_off,16,8.3174780984067e-13,7259,100,150000,50,0.0,0.0,0.0
F5,Csendes,def_ge_off,17,1.0235637915288718e-13,4257,100,150000,50,0.0,0.0,0.0
F5,Csendes,def_ge_off,18,9.95514613328716e-13,5655,100,150000,50,0.0,0.0,0.0
F5,Csendes,def_ge_off,19,7.550541793505378e-13,5815,100,150000,50,0.0,0.0,0.0
F5,Csendes,def_ge_off,20,3.655026006128228e-14,7418,100,150000,50,0.0,0.0,0.0
F5,Csendes,def_ge_off,21,2.2183005733097452e-13,5862,100,150000,50,0.0,0.0,0.0
F5,Csendes,def_ge_off,22,1.452453673982112e-13,4762,100,150000,50,0.0,0.0,0.0
F5,Csendes,def_ge_off,23,2.0049188710968626e-13,4317,100,150000,50,0.0,0.0,0.0
F5,Csendes,def_ge_off,24,6.90335077112579e-13,5328,100,150000,50,0.0,0.0,0.0
F5,Csendes,def_ge_off,25,4.790251542282783e-14,8335,100,150000,50,0.0,0.0,0.0
F5,Csendes,def_ge_off,26,4.367805631445758e-13,4533,100,150000,50,0.0,0.0,0.0
F5,Csendes,def_ge_off,27,6.681204148036241e-13,3895,100,150000,50,0.0,0.0,0.0
F5,Csendes,def_ge_off,28,3.682261164776528e-13,5745,100,150000,50,0.0,0.0,0.0
F5,Csendes,def_ge_off,29,1.5495632602976413e-13,5361,100,150000,50,0.0,0.0,0.0
F5,Csendes,def_ge_off,30,1.0685687355764993e-13,6025,100,150000,50,0.0,0.0,0.0
F5,Csendes,def_ge_off,31,1.3073136662576585e-13,4999,100,150000,50,0.0,0.0,0.0
F5,Csendes,def_ge_off,32,6.751035776390874e-14,5834,100,150000,50,0.0,0.0,0.0
F5,Csendes,def_ge_off,33,7.056584853717278e-13,6120,100,150000,50,0.0,0.0,0.0
F5,Csendes,def_ge_off,34,3.2444542726803637e-13,6008,100,150000,50,0.0,0.0,0.0
F5,Csendes,def_ge_off,35,2.3940252756665674e-13,4100,100,150000,50,0.0,0.0,0.0
F5,Csendes,def_ge_off,36,3.185388170365269e-15,6731,100,150000,50,0.0,0.0,0.0
F5,Csendes,def_ge_off,37,9.934175781218267e-13,3743,100,150000,50,0.0,0.0,0.0
F5,Csendes,def_ge_off,38,9.771945176941696e-13,5625,100,150000,50,0.0,0.0,0.0
F5,Csendes,def_ge_off,39,9.262971371058835e-13,4263,100,150000,50,0.0,0.0,0.0
F5,Csendes,def_ge_off,40,1.7164225387369415e-13,5623,100,150000,50,0.0,0.0,0.0
F5,Csendes,def_ge_off,41,6.275839787487109e-13,4762,100,150000,50,0.0,0.0,0.0
F5,Csendes,def_ge_off,42,8.44973856199124e-13,4756,100,150000,50,0.0,0.0,0.0
F5,Csendes,def_ge_off,43,1.5174266756597695e-13,6531,100,150000,50,0.0,0.0,0.0
F5,Csendes,def_ge_off,44,7.672346218397037e-13,6930,100,150000,50,0.0,0.0,0.0
F5,Csendes,def_ge_off,45,5.009987854716332e-13,5624,100,150000,50,0.0,0.0,0.0
F5,Csendes,def_ge_off,46,3.1383117441198935e-13,4386,100,150000,50,0.0,0.0,0.0
F5,Csendes,def_ge_off,47,9.157747561680453e-13,6831,100,150000,50,0.0,0.0,0.0
F5,Csendes,def_ge_off,48,1.4255332486219742e-13,5242,100,150000,50,0.0,0.0,0.0
F5,Csendes,def_ge_off,49,2.1589916269914514e-13,5652,100,150000,50,0.0,0.0,0.0
F5,Csendes,def_ge_off,50,3.358634060611547e-14,5493,100,150000,50,0.0,0.0,0.0
F5,Csendes,def_ge_off,51,9.256610455552578e-13,4215,100,150000,50,0.0,0.0,0.0
F5,Csendes,def_ge_off,52,5.19686415330267e-13,3691,100,150000,50,0.0,0.0,0.0
F5,Csendes,def_ge_off,53,2.2547843294836542e-13,5917,100,150000,50,0.0,0.0,0.0
F5,Csendes,def_ge_off,54,6.050129143099218e-14,8064,100,150000,50,0.0,0.0,0.0
F5,Csendes,def_ge_off,55,9.409344176427826e-13,4906,100,150000,50,0.0,0.0,0.0
F5,Csendes,def_ge_off,56,6.244241901598631e-14,9038,100,150000,50,0.0,0.0,0.0
F5,Csendes,def_ge_off,57,6.209087091686627e-13,6133,100,150000,50,0.0,0.0,0.0
F5,Csendes,def_ge_off,58,5.88103109818486e-13,7791,100,150000,50,0.0,0.0,0.0
F5,Csendes,def_ge_off,59,7.604633105866463e-13,4778,100,150000,50,0.0,0.0,0.0
F5,Csendes,def_ge_off,60,8.279818417951128e-14,5805,100,150000,50,0.0,0.0,0.0
F5,Csendes,def_ge_off,61,4.4669582316441677e-13,5283,100,150000,50,0.0,0.0,0.0
F5,Csendes,def_ge_off,62,5.196561527313014e-13,5434,100,150000,50,0.0,0.0,0.0
F5,Csendes,def_ge_off,63,2.678855906763314e-13,5184,100,150000,50,0.0,0.0,0.0
F5,Csendes,def_ge_off,64,3.24942215574868e-13,4909,100,150000,50,0.0,0.0,0.0
F5,Csendes,def_ge_off,65,4.1717053574993456e-13,6516,100,150000,50,0.0,0.0,0.0
F5,Csendes,def_ge_off,66,6.968633721100048e-13,4829,100,150000,50,0.0,0.0,0.0
F5,Csendes,def_ge_off,67,2.9305590704621215e-13,8175,100,150000,50,0.0,0.0,0.0
F5,Csendes,def_ge_off,68,9.410169403775488e-14,5303,100,150000,50,0.0,0.0,0.0
F5,Csendes,def_ge_off,69,1.2117110807012202e-13,6116,100,150000,50,0.0,0.0,0.0
F5,Csendes,def_ge_off,70,3.433261753846294e-13,4673,100,150000,50,0.0,0.0,0.0
F5,Csendes,def_ge_off,71,2.2602749004483737e-13,5578,100,150000,50,0.0,0.0,0.0
F5,Csendes,def_ge_off,72,5.063296411273668e-14,9579,100,150000,50,0.0,0.0,0.0
F5,Csendes,def_ge_off,73,2.265858109467884e-13,5340,100,150000,50,0.0,0.0,0.0
F5,Csendes,def_ge_off,74,9.68020450236501e-13,2444,100,150000,50,0.0,0.0,0.0
F5,Csendes,def_ge_off,75,9.820985891542452e-14,4125,100,150000,50,0.0,0.0,0.0
F5,Csendes,def_ge_off,76,2.7782375092505835e-13,3896,100,150000,50,0.0,0.0,0.0
F5,Csendes,def_ge_off,77,8.757674990931573e-14,4780,100,150000,50,0.0,0.0,0.0
F5,Csendes,def_ge_off,78,7.890141413666815e-14,3824,100,150000,50,0.0,0.0,0.0
F5,Csendes,def_ge_off,79,2.7449333880794096e-13,10139,100,150000,50,0.0,0.0,0.0
F5,Csendes,def_ge_off,80,5.976162842355651e-13,4819,100,150000,50,0.0,0.0,0.0
F5,Csendes,def_ge_off,81,6.616566916629104e-13,3352,100,150000,50,0.0,0.0,0.0
F5,Csendes,def_ge_off,82,3.225713640197764e-13,6084,100,150000,50,0.0,0.0,0.0
F5,Csendes,def_ge_off,83,1.2907131673555215e-13,6792,100,150000,50,0.0,0.0,0.0
F5,Csendes,def_ge_off,84,7.442130743314834e-13,6929,100,150000,50,0.0,0.0,0.0
F5,Csendes,def_ge_off,85,5.763789436499848e-13,6127,100,150000,50,0.0,0.0,0.0
F5,Csendes,def_ge_off,86,4.573422432055637e-13,5689,100,150000,50,0.0,0.0,0.0
F5,Csendes,def_ge_off,87,4.411516111146958e-14,7651,100,150000,50,0.0,0.0,0.0
F5,Csendes,def_ge_off,88,9.873523623558878e-13,4056,100,150000,50,0.0,0.0,0.0
F5,Csendes,def_ge_off,89,1.1876423236890627e-15,7899,100,150000,50,0.0,0.0,0.0
F5,Csendes,def_ge_off,90,1.3417678283909075e-14,4276,100,150000,50,0.0,0.0,0.0
F5,Csendes,def_ge_off,91,7.412274960167413e-13,4121,100,150000,50,0.0,0.0,0.0
F5,Csendes,def_ge_off,92,4.495944567572393e-14,8161,100,150000,50,0.0,0.0,0.0
F5,Csendes,def_ge_off,93,2.9844511112792775e-13,8358,100,150000,50,0.0,0.0,0.0
F5,Csendes,def_ge_off,94,1.552397997875793e-15,7165,100,150000,50,0.0,0.0,0.0
F5,Csendes,def_ge_off,95,1.7376025867969026e-13,4952,100,150000,50,0.0,0.0,0.0
F5,Csendes,def_ge_off,96,2.1360487072439255e-14,6831,100,150000,50,0.0,0.0,0.0
F5,Csendes,def_ge_off,97,1.1271560063698193e-13,5630,100,150000,50,0.0,0.0,0.0
F5,Csendes,def_ge_off,98,5.159929893942501e-13,6475,100,150000,50,0.0,0.0,0.0
F5,Csendes,def_ge_off,99,3.78725721852383e-13,4179,100,150000,50,0.0,0.0,0.0
F6,Deb 1,def_le_off,0,-0.5199122516843341,150000,100,150000,50,-1.0,-0.6,0.226
F6,Deb 1,def_le_off,1,-0.5038603737298517,150000,100,150000,50,-1.0,-0.6,0.226
F6,Deb 1,def_le_off,2,-0.5188479307813312,150000,100,150000,50,-1.0,-0.6,0.226
F6,Deb 1,def_le_off,3,-0.5202518554195765,150000,100,150000,50,-1.0,-0.6,0.226
F6,Deb 1,def_le_off,4,-0.5498113266119194,150000,100,150000,50,-1.0,-0.6,0.226
F6,Deb 1,def_le_off,5,-0.5563152406349723,150000,100,150000,50,-1.0,-0.6,0.226
F6,Deb 1,def_le_off,6,-0.6254698444225669,150000,100,150000,50,-1.0,-0.6,0.226
F6,Deb 1,def_le_off,7,-0.5044547144173356,150000,100,150000,50,-1.0,-0.6,0.226
F6,Deb 1,def_le_off,8,-0.8365811456307561,150000,100,150000,50,-1.0,-0.6,0.226
F6,Deb 1,def_le_off,9,-0.5321028612505294,150000,100,150000,50,-1.0,-0.6,0.226
F6,Deb 1,def_le_off,10,-0.4940722633469125,150000,100,150000,50,-1.0,-0.6,0.226
F6,Deb 1,def_le_off,11,-0.725294356637725,150000,100,150000,50,-1.0,-0.6,0.226
F6,Deb 1,def_le_off,12,-0.47471353080474904,150000,100,150000,50,-1.0,-0.6,0.226
F6,Deb 1,def_le_off,13,-0.7210242979266792,150000,100,150000,50,-1.0,-0.6,0.226
F6,Deb 1,def_le_off,14,-0.5918055397734864,150000,100,150000,50,-1.0,-0.6,0.226
F6,Deb 1,def_le_off,15,-0.5352503353734138,150000,100,150000,50,-1.0,-0.6,0.226
F6,Deb 1,def_le_off,16,-0.554140050369215,150000,100,150000,50,-1.0,-0.6,0.226
F6,Deb 1,def_le_off,17,-0.5823411045417526,150000,100,150000,50,-1.0,-0.6,0.226
F6,Deb 1,def_le_off,18,-0.674858531191171,150000,100,150000,50,-1.0,-0.6,0.226
F6,Deb 1,def_le_off,19,-0.7659506490576357,150000,100,150000,50,-1.0,-0.6,0.226
F6,Deb 1,def_le_off,20,-0.5404243960951461,150000,100,150000,50,-1.0,-0.6,0.226
F6,Deb 1,def_le_off,21,-0.519366543158721,150000,100,150000,50,-1.0,-0.6,0.226
F6,Deb 1,def_le_off,22,-0.4964776293921755,150000,100,150000,50,-1.0,-0.6,0.226
F6,Deb 1,def_le_off,23,-0.536583105310177,150000,100,150000,50,-1.0,-0.6,0.226
F6,Deb 1,def_le_off,24,-0.6187740275739031,150000,100,150000,50,-1.0,-0.6,0.226
F6,Deb 1,def_le_off,25,-0.5042507166932406,150000,100,150000,50,-1.0,-0.6,0.226
F6,Deb 1,def_le_off,26,-0.5039670890663857,150000,100,150000,50,-1.0,-0.6,0.226
F6,Deb 1,def_le_off,27,-0.48180354658888935,150000,100,150000,50,-1.0,-0.6,0.226
F6,Deb 1,def_le_off,28,-0.47113121091553795,150000,100,150000,50,-1.0,-0.6,0.226
F6,Deb 1,def_le_off,29,-0.6397746917979452,150000,100,150000,50,-1.0,-0.6,0.226
F6,Deb 1,def_le_off,30,-0.545615509372572,150000,100,150000,50,-1.0,-0.6,0.226
F6,Deb 1,def_le_off,31,-0.6639519865067516,150000,100,150000,50,-1.0,-0.6,0.226
F6,Deb 1,def_le_off,32,-0.49208523127056286,150000,100,150000,50,-1.0,-0.6,0.226
F6,Deb 1,def_le_off,33,-0.5082540014125706,150000,100,150000,50,-1.0,-0.6,0.226
F6,Deb 1,def_le_off,34,-0.4685846562235493,150000,100,150000,50,-1.0,-0.6,0.226
F6,Deb 1,def_le_off,35,-0.6923168206491387,150000,100,150000,50,-1.0,-0.6,0.226
F6,Deb 1,def_le_off,36,-0.49426958317524233,150000,100,150000,50,-1.0,-0.6,0.226
F6,Deb 1,def_le_off,37,-0.5104939546817796,150000,100,150000,50,-1.0,-0.6,0.226
F6,Deb 1,def_le_off,38,-0.6141114170473059,150000,100,150000,50,-1.0,-0.6,0.226
F6,Deb 1,def_le_off,39,-0.6794037105661757,150000,100,150000,50,-1.0,-0.6,0.226
F6,Deb 1,def_le_off,40,-0.5092568127597973,150000,100,150000,50,-1.0,-0.6,0.226
F6,Deb 1,def_le_off,41,-0.5094633184272417,150000,100,150000,50,-1.0,-0.6,0.226
F6,Deb 1,def_le_off,42,-0.6296644811120423,150000,100,150000,50,-1.0,-0.6,0.226
F6,Deb 1,def_le_off,43,-0.45602132908498355,150000,100,150000,50,-1.0,-0.6,0.226
F6,Deb 1,def_le_off,44,-0.5980119114229763,150000,100,150000,50,-1.0,-0.6,0.226
F6,Deb 1,def_le_off,45,-0.6051803819278543,150000,100,150000,50,-1.0,-0.6,0.226
F6,Deb 1,def_le_off,46,-0.4990763325142439,150000,100,150000,50,-1.0,-0.6,0.226
F6,Deb 1,def_le_off,47,-0.6111243258772379,150000,100,150000,50,-1.0,-0.6,0.226
F6,Deb 1,def_le_off,48,-0.48571687206892905,150000,100,150000,50,-1.0,-0.6,0.226
F6,Deb 1,def_le_off,49,-0.4845831473125358,150000,100,150000,50,-1.0,-0.6,0.226
F6,Deb 1,def_le_off,50,-0.5225276658379222,150000,100,150000,50,-1.0,-0.6,0.226
F6,Deb 1,def_le_off,51,-0.524908776641613,150000,100,150000,50,-1.0,-0.6,0.226
F6,Deb 1,def_le_off,52,-0.536028018340659,150000,100,150000,50,-1.0,-0.6,0.226
F6,Deb 1,def_le_off,53,-0.48106938332769367,150000,100,150000,50,-1.0,-0.6,0.226
F6,Deb 1,def_le_off,54,-0.5560312712700763,150000,100,150000,50,-1.0,-0.6,0.226
F6,Deb 1,def_le_off,55,-0.6343108178354536,150000,100,150000,50,-1.0,-0.6,0.226
F6,Deb 1,def_le_off,56,-0.6220365278870529,150000,100,150000,50,-1.0,-0.6,0.226
F6,Deb 1,def_le_off,57,-0.5653556606492633,150000,100,150000,50,-1.0,-0.6,0.226
F6,Deb 1,def_le_off,58,-0.6036989637860034,150000,100,150000,50,-1.0,-0.6,0.226
F6,Deb 1,def_le_off,59,-0.5111186251006644,150000,100,150000,50,-1.0,-0.6,0.226
F6,Deb 1,def_le_off,60,-0.49781382796255325,150000,100,150000,50,-1.0,-0.6,0.226
F6,Deb 1,def_le_off,61,-0.6625564562869073,150000,100,150000,50,-1.0,-0.6,0.226
F6,Deb 1,def_le_off,62,-0.47509156420316495,150000,100,150000,50,-1.0,-0.6,0.226
F6,Deb 1,def_le_off,63,-0.6423953738817397,150000,100,150000,50,-1.0,-0.6,0.226
F6,Deb 1,def_le_off,64,-0.4828041804046467,150000,100,150000,50,-1.0,-0.6,0.226
F6,Deb 1,def_le_off,65,-0.6590401937909234,150000,100,150000,50,-1.0,-0.6,0.226
F6,Deb 1,def_le_off,66,-0.5781080986554966,150000,100,150000,50,-1.0,-0.6,0.226
F6,Deb 1,def_le_off,67,-0.5389190702771094,150000,100,150000,50,-1.0,-0.6,0.226
F6,Deb 1,def_le_off,68,-0.464706188296013,150000,100,150000,50,-1.0,-0.6,0.226
F6,Deb 1,def_le_off,69,-0.644067850694138,150000,100,150000,50,-1.0,-0.6,0.226
F6,Deb 1,def_le_off,70,-0.5174160024035502,150000,100,150000,50,-1.0,-0.6,0.226
F6,Deb 1,def_le_off,71,-0.5615974850135137,150000,100,150000,50,-1.0,-0.6,0.226
F6,Deb 1,def_le_off,72,-0.6818294806976382,150000,100,150000,50,-1.0,-0.6,0.226
F6,Deb 1,def_le_off,73,-0.5103201264288988,150000,100,150000,50,-1.0,-0.6,0.226
F6,Deb 1,def_le_off,74,-0.558073798506926,150000,100,150000,50,-1.0,-0.6,0.226
F6,Deb 1,def_le_off,75,-0.4764247045264664,150000,100,150000,50,-1.0,-0.6,0.226
F6,Deb 1,def_le_off,76,-0.5433024020009765,150000,100,150000,50,-1.0,-0.6,0.226
F6,Deb 1,def_le_off,77,-0.533903646523888,150000,100,150000,50,-1.0,-0.6,0.226
F6,Deb 1,def_le_off,78,-0.548569961593203,150000,100,150000,50,-1.0,-0.6,0.226
F6,Deb 1,def_le_off,79,-0.5610110904290765,150000,100,150000,50,-1.0,-0.6,0.226
F6,Deb 1,def_le_off,80,-0.5971062351649266,150000,100,150000,50,-1.0,-0.6,0.226
F6,Deb 1,def_le_off,81,-0.5452881059158117,150000,100,150000,50,-1.0,-0.6,0.226
F6,Deb 1,def_le_off,82,-0.5548883044319005,150000,100,150000,50,-1.0,-0.6,0.226
F6,Deb 1,def_le_off,83,-0.5170451781151468,150000,100,150000,50,-1.0,-0.6,0.226
F6,Deb 1,def_le_off,84,-0.7820516322473064,150000,100,150000,50,-1.0,-0.6,0.226
F6,Deb 1,def_le_off,85,-0.5452497215537285,150000,100,150000,50,-1.0,-0.6,0.226
F6,Deb 1,def_le_off,86,-0.6103791293656842,150000,100,150000,50,-1.0,-0.6,0.226
F6,Deb 1,def_le_off,87,-0.4946366427781339,150000,100,150000,50,-1.0,-0.6,0.226
F6,Deb 1,def_le_off,88,-0.5035436445508412,150000,100,150000,50,-1.0,-0.6,0.226
F6,Deb 1,def_le_off,89,-0.49393197899126073,150000,100,150000,50,-1.0,-0.6,0.226
F6,Deb 1,def_le_off,90,-0.5186623220305404,150000,100,150000,50,-1.0,-0.6,0.226
F6,Deb 1,def_le_off,91,-0.4788440545088514,150000,100,150000,50,-1.0,-0.6,0.226
F6,Deb 1,def_le_off,92,-0.5691301412183581,150000,100,150000,50,-1.0,-0.6,0.226
F6,Deb 1,def_le_off,93,-0.5286676944237696,150000,100,150000,50,-1.0,-0.6,0.226
F6,Deb 1,def_le_off,94,-0.4983260533138945,150000,100,150000,50,-1.0,-0.6,0.226
F6,Deb 1,def_le_off,95,-0.5444221068189286,150000,100,150000,50,-1.0,-0.6,0.226
F6,Deb 1,def_le_off,96,-0.4889529678815892,150000,100,150000,50,-1.0,-0.6,0.226
F6,Deb 1,def_le_off,97,-0.5591502858320693,150000,100,150000,50,-1.0,-0.6,0.226
F6,Deb 1,def_le_off,98,-0.7711265255767726,150000,100,150000,50,-1.0,-0.6,0.226
F6,Deb 1,def_le_off,99,-0.46235650787689836,150000,100,150000,50,-1.0,-0.6,0.226
F6,Deb 1,def_ge_off,0,-0.657133931089249,150000,100,150000,50,-1.0,-0.6,0.226
F6,Deb 1,def_ge_off,1,-0.51196911549014,150000,100,150000,50,-1.0,-0.6,0.226
F6,Deb 1,def_ge_off,2,-0.5195135538785789,150000,100,150000,50,-1.0,-0.6,0.226
F6,Deb 1,def_ge_off,3,-0.6630901616916687,150000,100,150000,50,-1.0,-0.6,0.226
F6,Deb 1,def_ge_off,4,-0.5556588672564508,150000,100,150000,50,-1.0,-0.6,0.226
F6,Deb 1,def_ge_off,5,-0.4605640503854322,150000,100,150000,50,-1.0,-0.6,0.226
F6,Deb 1,def_ge_off,6,-0.5301565875235998,150000,100,150000,50,-1.0,-0.6,0.226
F6,Deb 1,def_ge_off,7,-0.595151951711636,150000,100,150000,50,-1.0,-0.6,0.226
F6,Deb 1,def_ge_off,8,-0.6669300857587305,150000,100,150000,50,-1.0,-0.6,0.226
F6,Deb 1,def_ge_off,9,-0.5915106521347521,150000,100,150000,50,-1.0,-0.6,0.226
F6,Deb 1,def_ge_off,10,-0.5472008500026123,150000,100,150000,50,-1.0,-0.6,0.226
F6,Deb 1,def_ge_off,11,-0.5486413937285846,150000,100,150000,50,-1.0,-0.6,0.226
F6,Deb 1,def_ge_off,12,-0.7421859307221277,150000,100,150000,50,-1.0,-0.6,0.226
F6,Deb 1,def_ge_off,13,-0.6728486430116668,150000,100,150000,50,-1.0,-0.6,0.226
F6,Deb 1,def_ge_off,14,-0.5078409454948257,150000,100,150000,50,-1.0,-0.6,0.226
F6,Deb 1,def_ge_off,15,-0.47478869625291836,150000,100,150000,50,-1.0,-0.6,0.226
F6,Deb 1,def_ge_off,16,-0.6651395507306808,150000,100,150000,50,-1.0,-0.6,0.226
F6,Deb 1,def_ge_off,17,-0.5585361192151104,150000,100,150000,50,-1.0,-0.6,0.226
F6,Deb 1,def_ge_off,18,-0.522784982589821,150000,100,150000,50,-1.0,-0.6,0.226
F6,Deb 1,def_ge_off,19,-0.5550105411230527,150000,100,150000,50,-1.0,-0.6,0.226
F6,Deb 1,def_ge_off,20,-0.5445020085798046,150000,100,150000,50,-1.0,-0.6,0.226
F6,Deb 1,def_ge_off,21,-0.5629560405126466,150000,100,150000,50,-1.0,-0.6,0.226
F6,Deb 1,def_ge_off,22,-0.5081168853764013,150000,100,150000,50,-1.0,-0.6,0.226
F6,Deb 1,def_ge_off,23,-0.6873990275795684,150000,100,150000,50,-1.0,-0.6,0.226
F6,Deb 1,def_ge_off,24,-0.5750271688829525,150000,100,150000,50,-1.0,-0.6,0.226
F6,Deb 1,def_ge_off,25,-0.5370021753157201,150000,100,150000,50,-1.0,-0.6,0.226
F6,Deb 1,def_ge_off,26,-0.6450775048351334,150000,100,150000,50,-1.0,-0.6,0.226
F6,Deb 1,def_ge_off,27,-0.5827048967362004,150000,100,150000,50,-1.0,-0.6,0.226
F6,Deb 1,def_ge_off,28,-0.5013059692457559,150000,100,150000,50,-1.0,-0.6,0.226
F6,Deb 1,def_ge_off,29,-0.46454776005595555,150000,100,150000,50,-1.0,-0.6,0.226
F6,Deb 1,def_ge_off,30,-0.4887757805993276,150000,100,150000,50,-1.0,-0.6,0.226
F6,Deb 1,def_ge_off,31,-0.5221382476691685,150000,100,150000,50,-1.0,-0.6,0.226
F6,Deb 1,def_ge_off,32,-0.48566737248382197,150000,100,150000,50,-1.0,-0.6,0.226
F6,Deb 1,def_ge_off,33,-0.5066912026921959,150000,100,150000,50,-1.0,-0.6,0.226
F6,Deb 1,def_ge_off,34,-0.5003850616699047,150000,100,150000,50,-1.0,-0.6,0.226
F6,Deb 1,def_ge_off,35,-0.6774445873096976,150000,100,150000,50,-1.0,-0.6,0.226
F6,Deb 1,def_ge_off,36,-0.5215031225718318,150000,100,150000,50,-1.0,-0.6,0.226
F6,Deb 1,def_ge_off,37,-0.5208935842346528,150000,100,150000,50,-1.0,-0.6,0.226
F6,Deb 1,def_ge_off,38,-0.5424024614025523,150000,100,150000,50,-1.0,-0.6,0.226
F6,Deb 1,def_ge_off,39,-0.5083559545627085,150000,100,150000,50,-1.0,-0.6,0.226
F6,Deb 1,def_ge_off,40,-0.5180449369120066,150000,100,150000,50,-1.0,-0.6,0.226
F6,Deb 1,def_ge_off,41,-0.4943748818588115,150000,100,150000,50,-1.0,-0.6,0.226
F6,Deb 1,def_ge_off,42,-0.5303499397610726,150000,100,150000,50,-1.0,-0.6,0.226
F6,Deb 1,def_ge_off,43,-0.6240154999758327,150000,100,150000,50,-1.0,-0.6,0.226
F6,Deb 1,def_ge_off,44,-0.5115481941851214,150000,100,150000,50,-1.0,-0.6,0.226
F6,Deb 1,def_ge_off,45,-0.5446786225847393,150000,100,150000,50,-1.0,-0.6,0.226
F6,Deb 1,def_ge_off,46,-0.5683500952227533,150000,100,150000,50,-1.0,-0.6,0.226
F6,Deb 1,def_ge_off,47,-0.7012518412578987,150000,100,150000,50,-1.0,-0.6,0.226
F6,Deb 1,def_ge_off,48,-0.6599642050454553,150000,100,150000,50,-1.0,-0.6,0.226
F6,Deb 1,def_ge_off,49,-0.5339580687259752,150000,100,150000,50,-1.0,-0.6,0.226
F6,Deb 1,def_ge_off,50,-0.6836582595711731,150000,100,150000,50,-1.0,-0.6,0.226
F6,Deb 1,def_ge_off,51,-0.6061542537922756,150000,100,150000,50,-1.0,-0.6,0.226
F6,Deb 1,def_ge_off,52,-0.5093973453424211,150000,100,150000,50,-1.0,-0.6,0.226
F6,Deb 1,def_ge_off,53,-0.5871464701422824,150000,100,150000,50,-1.0,-0.6,0.226
F6,Deb 1,def_ge_off,54,-0.5920440277590054,150000,100,150000,50,-1.0,-0.6,0.226
F6,Deb 1,def_ge_off,55,-0.5270012726155606,150000,100,150000,50,-1.0,-0.6,0.226
F6,Deb 1,def_ge_off,56,-0.543766736873949,150000,100,150000,50,-1.0,-0.6,0.226
F6,Deb 1,def_ge_off,57,-0.5070657446771368,150000,100,150000,50,-1.0,-0.6,0.226
F6,Deb 1,def_ge_off,58,-0.5212979016570072,150000,100,150000,50,-1.0,-0.6,0.226
F6,Deb 1,def_ge_off,59,-0.8221821767218503,150000,100,150000,50,-1.0,-0.6,0.226
F6,Deb 1,def_ge_off,60,-0.5927279343908507,150000,100,150000,50,-1.0,-0.6,0.226
F6,Deb 1,def_ge_off,61,-0.6307314606714015,150000,100,150000,50,-1.0,-0.6,0.226
F6,Deb 1,def_ge_off,62,-0.5746204638740214,150000,100,150000,50,-1.0,-0.6,0.226
F6,Deb 1,def_ge_off,63,-0.5145349241094476,150000,100,150000,50,-1.0,-0.6,0.226
F6,Deb 1,def_ge_off,64,-0.6257776947042246,150000,100,150000,50,-1.0,-0.6,0.226
F6,Deb 1,def_ge_off,65,-0.736701281464327,150000,100,150000,50,-1.0,-0.6,0.226
F6,Deb 1,def_ge_off,66,-0.5118440601165312,150000,100,150000,50,-1.0,-0.6,0.226
F6,Deb 1,def_ge_off,67,-0.5015357545348345,150000,100,150000,50,-1.0,-0.6,0.226
F6,Deb 1,def_ge_off,68,-0.5543451616009601,150000,100,150000,50,-1.0,-0.6,0.226
F6,Deb 1,def_ge_off,69,-0.5385269893633802,150000,100,150000,50,-1.0,-0.6,0.226
F6,Deb 1,def_ge_off,70,-0.5727898560029113,150000,100,150000,50,-1.0,-0.6,0.226
F6,Deb 1,def_ge_off,71,-0.5428251095071299,150000,100,150000,50,-1.0,-0.6,0.226
F6,Deb 1,def_ge_off,72,-0.6349919888535734,150000,100,150000,50,-1.0,-0.6,0.226
F6,Deb 1,def_ge_off,73,-0.4663627151940123,150000,100,150000,50,-1.0,-0.6,0.226
F6,Deb 1,def_ge_off,74,-0.6873151251542728,150000,100,150000,50,-1.0,-0.6,0.226
F6,Deb 1,def_ge_off,75,-0.5037873636776065,150000,100,150000,50,-1.0,-0.6,0.226
F6,Deb 1,def_ge_off,76,-0.71906796768148,150000,100,150000,50,-1.0,-0.6,0.226
F6,Deb 1,def_ge_off,77,-0.48148360957844666,150000,100,150000,50,-1.0,-0.6,0.226
F6,Deb 1,def_ge_off,78,-0.5550754646143772,150000,100,150000,50,-1.0,-0.6,0.226
F6,Deb 1,def_ge_off,79,-0.6373600772183797,150000,100,150000,50,-1.0,-0.6,0.226
F6,Deb 1,def_ge_off,80,-0.5288048932745614,150000,100,150000,50,-1.0,-0.6,0.226
F6,Deb 1,def_ge_off,81,-0.5549358274344409,150000,100,150000,50,-1.0,-0.6,0.226
F6,Deb 1,def_ge_off,82,-0.49361287195276743,150000,100,150000,50,-1.0,-0.6,0.226
F6,Deb 1,def_ge_off,83,-0.5275674849273381,150000,100,150000,50,-1.0,-0.6,0.226
F6,Deb 1,def_ge_off,84,-0.4870183028020131,150000,100,150000,50,-1.0,-0.6,0.226
F6,Deb 1,def_ge_off,85,-0.5881481645880844,150000,100,150000,50,-1.0,-0.6,0.226
F6,Deb 1,def_ge_off,86,-0.505165837267301,150000,100,150000,50,-1.0,-0.6,0.226
F6,Deb 1,def_ge_off,87,-0.5312397257894885,150000,100,150000,50,-1.0,-0.6,0.226
F6,Deb 1,def_ge_off,88,-0.6385567549515558,150000,100,150000,50,-1.0,-0.6,0.226
F6,Deb 1,def_ge_off,89,-0.4952445511787756,150000,100,150000,50,-1.0,-0.6,0.226
F6,Deb 1,def_ge_off,90,-0.5281127086727269,150000,100,150000,50,-1.0,-0.6,0.226
F6,Deb 1,def_ge_off,91,-0.5378164028763724,150000,100,150000,50,-1.0,-0.6,0.226
F6,Deb 1,def_ge_off,92,-0.5111078967590327,150000,100,150000,50,-1.0,-0.6,0.226
F6,Deb 1,def_ge_off,93,-0.572899205762478,150000,100,150000,50,-1.0,-0.6,0.226
F6,Deb 1,def_ge_off,94,-0.704834132726861,150000,100,150000,50,-1.0,-0.6,0.226
F6,Deb 1,def_ge_off,95,-0.5664225183349302,150000,100,150000,50,-1.0,-0.6,0.226
F6,Deb 1,def_ge_off,96,-0.6429816770341462,150000,100,150000,50,-1.0,-0.6,0.226
F6,Deb 1,def_ge_off,97,-0.5314813837902824,150000,100,150000,50,-1.0,-0.6,0.226
F6,Deb 1,def_ge_off,98,-0.5499069027753185,150000,100,150000,50,-1.0,-0.6,0.226
F6,Deb 1,def_ge_off,99,-0.5334918202013683,150000,100,150000,50,-1.0,-0.6,0.226
F7,Dixon & Price,def_le_off,0,0.9953534443744697,150000,100,150000,50,0.0,1.0,0.000207
F7,Dixon & Price,def_le_off,1,0.9959643569785848,150000,100,150000,50,0.0,1.0,0.000207
F7,Dixon & Price,def_le_off,2,0.995597539776333,150000,100,150000,50,0.0,1.0,0.000207
F7,Dixon & Price,def_le_off,3,0.9966750157282652,150000,100,150000,50,0.0,1.0,0.000207
F7,Dixon & Price,def_le_off,4,0.9949359202498359,150000,100,150000,50,0.0,1.0,0.000207
F7,Dixon & Price,def_le_off,5,0.9957426802867447,150000,100,150000,50,0.0,1.0,0.000207
F7,Dixon & Price,def_le_off,6,0.9960657102289053,150000,100,150000,50,0.0,1.0,0.000207
F7,Dixon & Price,def_le_off,7,0.9949965506822719,150000,100,150000,50,0.0,1.0,0.000207
F7,Dixon & Price,def_le_off,8,0.9954306282047439,150000,100,150000,50,0.0,1.0,0.000207
F7,Dixon & Price,def_le_off,9,0.9968306189711691,150000,100,150000,50,0.0,1.0,0.000207
F7,Dixon & Price,def_le_off,10,0.9966430616386418,150000,100,150000,50,0.0,1.0,0.000207
F7,Dixon & Price,def_le_off,11,0.9962524699209167,150000,100,150000,50,0.0,1.0,0.000207
F7,Dixon & Price,def_le_off,12,0.9964848003211978,150000,100,150000,50,0.0,1.0,0.000207
F7,Dixon & Price,def_le_off,13,0.9961853397328431,150000,100,150000,50,0.0,1.0,0.000207
F7,Dixon & Price,def_le_off,14,0.9958467429561131,150000,100,150000,50,0.0,1.0,0.000207
F7,Dixon & Price,def_le_off,15,0.9963765067321187,150000,100,150000,50,0.0,1.0,0.000207
F7,Dixon & Price,def_le_off,16,0.9962288894335646,150000,100,150000,50,0.0,1.0,0.000207
F7,Dixon & Price,def_le_off,17,0.9983165959926975,150000,100,150000,50,0.0,1.0,0.000207
F7,Dixon & Price,def_le_off,18,0.9958905046821429,150000,100,150000,50,0.0,1.0,0.000207
F7,Dixon & Price,def_le_off,19,0.9967653798844941,150000,100,150000,50,0.0,1.0,0.000207
F7,Dixon & Price,def_le_off,20,0.9962872978412287,150000,100,150000,50,0.0,1.0,0.000207
F7,Dixon & Price,def_le_off,21,0.9974798369052588,150000,100,150000,50,0.0,1.0,0.000207
F7,Dixon & Price,def_le_off,22,0.9972570709581381,150000,100,150000,50,0.0,1.0,0.000207
F7,Dixon & Price,def_le_off,23,0.9979182396957943,150000,100,150000,50,0.0,1.0,0.000207
F7,Dixon & Price,def_le_off,24,0.9968136786665315,150000,100,150000,50,0.0,1.0,0.000207
F7,Dixon & Price,def_le_off,25,0.9957767168159152,150000,100,150000,50,0.0,1.0,0.000207
F7,Dixon & Price,def_le_off,26,0.9971068145249106,150000,100,150000,50,0.0,1.0,0.000207
F7,Dixon & Price,def_le_off,27,0.9945774117167002,150000,100,150000,50,0.0,1.0,0.000207
F7,Dixon & Price,def_le_off,28,0.9966650291674896,150000,100,150000,50,0.0,1.0,0.000207
F7,Dixon & Price,def_le_off,29,0.9968140086568256,150000,100,150000,50,0.0,1.0,0.000207
F7,Dixon & Price,def_le_off,30,0.9958158068050688,150000,100,150000,50,0.0,1.0,0.000207
F7,Dixon & Price,def_le_off,31,0.9956275559443312,150000,100,150000,50,0.0,1.0,0.000207
F7,Dixon & Price,def_le_off,32,0.995372277926073,150000,100,150000,50,0.0,1.0,0.000207
F7,Dixon & Price,def_le_off,33,0.9956715485552476,150000,100,150000,50,0.0,1.0,0.000207
F7,Dixon & Price,def_le_off,34,0.9950210448198389,150000,100,150000,50,0.0,1.0,0.000207
F7,Dixon & Price,def_le_off,35,0.9970868914257477,150000,100,150000,50,0.0,1.0,0.000207
F7,Dixon & Price,def_le_off,36,0.9955805336148092,150000,100,150000,50,0.0,1.0,0.000207
F7,Dixon & Price,def_le_off,37,0.9975260662931964,150000,100,150000,50,0.0,1.0,0.000207
F7,Dixon & Price,def_le_off,38,0.9969970874335223,150000,100,150000,50,0.0,1.0,0.000207
F7,Dixon & Price,def_le_off,39,0.9962833356557376,150000,100,150000,50,0.0,1.0,0.000207
F7,Dixon & Price,def_le_off,40,0.9972747392871607,150000,100,150000,50,0.0,1.0,0.000207
F7,Dixon & Price,def_le_off,41,0.9972962028108058,150000,100,150000,50,0.0,1.0,0.000207
F7,Dixon & Price,def_le_off,42,0.9967367012999583,150000,100,150000,50,0.0,1.0,0.000207
F7,Dixon & Price,def_le_off,43,0.9964115675639076,150000,100,150000,50,0.0,1.0,0.000207
F7,Dixon & Price,def_le_off,44,0.9971780821400315,150000,100,150000,50,0.0,1.0,0.000207
F7,Dixon & Price,def_le_off,45,0.9951913686982746,150000,100,150000,50,0.0,1.0,0.000207
F7,Dixon & Price,def_le_off,46,0.9959423731365996,150000,100,150000,50,0.0,1.0,0.000207
F7,Dixon & Price,def_le_off,47,0.9959649945543295,150000,100,150000,50,0.0,1.0,0.000207
F7,Dixon & Price,def_le_off,48,0.9968793639692978,150000,100,150000,50,0.0,1.0,0.000207
F7,Dixon & Price,def_le_off,49,0.9964737581774884,150000,100,150000,50,0.0,1.0,0.000207
F7,Dixon & Price,def_le_off,50,0.9949729709971331,150000,100,150000,50,0.0,1.0,0.000207
F7,Dixon & Price,def_le_off,51,0.9957582795945463,150000,100,150000,50,0.0,1.0,0.000207
F7,Dixon & Price,def_le_off,52,0.994043410431343,150000,100,150000,50,0.0,1.0,0.000207
F7,Dixon & Price,def_le_off,53,0.9943990635020532,150000,100,150000,50,0.0,1.0,0.000207
F7,Dixon & Price,def_le_off,54,0.9962043002301726,150000,100,150000,50,0.0,1.0,0.000207
F7,Dixon & Price,def_le_off,55,0.9965101491618259,150000,100,150000,50,0.0,1.0,0.000207
F7,Dixon & Price,def_le_off,56,0.9970317186504052,150000,100,150000,50,0.0,1.0,0.000207
F7,Dixon & Price,def_le_off,57,0.9974992949103039,150000,100,150000,50,0.0,1.0,0.000207
F7,Dixon & Price,def_le_off,58,0.9949565039508779,150000,100,150000,50,0.0,1.0,0.000207
F7,Dixon & Price,def_le_off,59,0.9954185625682315,150000,100,150000,50,0.0,1.0,0.000207
F7,Dixon & Price,def_le_off,60,0.9948751991946578,150000,100,150000,50,0.0,1.0,0.000207
F7,Dixon & Price,def_le_off,61,0.9962114769355137,150000,100,150000,50,0.0,1.0,0.000207
F7,Dixon & Price,def_le_off,62,0.995587378479871,150000,100,150000,50,0.0,1.0,0.000207
F7,Dixon & Price,def_le_off,63,0.995851554218032,150000,100,150000,50,0.0,1.0,0.000207
F7,Dixon & Price,def_le_off,64,0.9958270802454015,150000,100,150000,50,0.0,1.0,0.000207
F7,Dixon & Price,def_le_off,65,0.9956544695290348,150000,100,150000,50,0.0,1.0,0.000207
F7,Dixon & Price,def_le_off,66,0.9965809008434717,150000,100,150000,50,0.0,1.0,0.000207
F7,Dixon & Price,def_le_off,67,0.9963522236339558,150000,100,150000,50,0.0,1.0,0.000207
F7,Dixon & Price,def_le_off,68,0.9945879848172587,150000,100,150000,50,0.0,1.0,0.000207
F7,Dixon & Price,def_le_off,69,0.9984783874154991,150000,100,150000,50,0.0,1.0,0.000207
F7,Dixon & Price,def_le_off,70,0.9976452419858803,150000,100,150000,50,0.0,1.0,0.000207
F7,Dixon & Price,def_le_off,71,0.9968984235099683,150000,100,150000,50,0.0,1.0,0.000207
F7,Dixon & Price,def_le_off,72,0.9965861723282334,150000,100,150000,50,0.0,1.0,0.000207
F7,Dixon & Price,def_le_off,73,0.9978696670703128,150000,100,150000,50,0.0,1.0,0.000207
F7,Dixon & Price,def_le_off,74,0.9968412888426939,150000,100,150000,50,0.0,1.0,0.000207
F7,Dixon & Price,def_le_off,75,0.9981442965814029,150000,100,150000,50,0.0,1.0,0.000207
F7,Dixon & Price,def_le_off,76,0.9959200372885976,150000,100,150000,50,0.0,1.0,0.000207
F7,Dixon & Price,def_le_off,77,0.9978551114975114,150000,100,150000,50,0.0,1.0,0.000207
F7,Dixon & Price,def_le_off,78,0.9939705403418646,150000,100,150000,50,0.0,1.0,0.000207
F7,Dixon & Price,def_le_off,79,0.9979177598199171,150000,100,150000,50,0.0,1.0,0.000207
F7,Dixon & Price,def_le_off,80,0.9950798016617438,150000,100,150000,50,0.0,1.0,0.000207
F7,Dixon & Price,def_le_off,81,0.9942891170723778,150000,100,150000,50,0.0,1.0,0.000207
F7,Dixon & Price,def_le_off,82,0.9927227701142071,150000,100,150000,50,0.0,1.0,0.000207
F7,Dixon & Price,def_le_off,83,0.9952195963061318,150000,100,150000,50,0.0,1.0,0.000207
F7,Dixon & Price,def_le_off,84,0.9946609906159513,150000,100,150000,50,0.0,1.0,0.000207
F7,Dixon & Price,def_le_off,85,0.9947500320065296,150000,100,150000,50,0.0,1.0,0.000207
F7,Dixon & Price,def_le_off,86,0.9950021862955692,150000,100,150000,50,0.0,1.0,0.000207
F7,Dixon & Price,def_le_off,87,0.9971106714614635,150000,100,150000,50,0.0,1.0,0.000207
F7,Dixon & Price,def_le_off,88,0.9947266369529091,150000,100,150000,50,0.0,1.0,0.000207
F7,Dixon & Price,def_le_off,89,0.9964410120749803,150000,100,150000,50,0.0,1.0,0.000207
F7,Dixon & Price,def_le_off,90,0.9960934534269856,150000,100,150000,50,0.0,1.0,0.000207
F7,Dixon & Price,def_le_off,91,0.9964919982578971,150000,100,150000,50,0.0,1.0,0.000207
F7,Dixon & Price,def_le_off,92,0.9958433651492794,150000,100,150000,50,0.0,1.0,0.000207
F7,Dixon & Price,def_le_off,93,0.9959515802145792,150000,100,150000,50,0.0,1.0,0.000207
F7,Dixon & Price,def_le_off,94,0.996723061364515,150000,100,150000,50,0.0,1.0,0.000207
F7,Dixon & Price,def_le_off,95,0.9942356667699448,150000,100,150000,50,0.0,1.0,0.000207
F7,Dixon & Price,def_le_off,96,0.9970509710924814,150000,100,150000,50,0.0,1.0,0.000207
F7,Dixon & Price,def_le_off,97,0.9968954808161914,150000,100,150000,50,0.0,1.0,0.000207
F7,Dixon & Price,def_le_off,98,0.9954535270453856,150000,100,150000,50,0.0,1.0,0.000207
F7,Dixon & Price,def_le_off,99,0.9966399199712418,150000,100,150000,50,0.0,1.0,0.000207
F7,Dixon & Price,def_ge_off,0,0.9998973310014292,150000,100,150000,50,0.0,1.0,0.000207
F7,Dixon & Price,def_ge_off,1,0.9999518544002277,150000,100,150000,50,0.0,1.0,0.000207
F7,Dixon & Price,def_ge_off,2,0.9998694093238355,150000,100,150000,50,0.0,1.0,0.000207
F7,Dixon & Price,def_ge_off,3,0.9996194580710579,150000,100,150000,50,0.0,1.0,0.000207
F7,Dixon & Price,def_ge_off,4,0.9999688106338199,150000,100,150000,50,0.0,1.0,0.000207
F7,Dixon & Price,def_ge_off,5,0.9999104598314915,150000,100,150000,50,0.0,1.0,0.000207
F7,Dixon & Price,def_ge_off,6,0.9999481525664357,150000,100,150000,50,0.0,1.0,0.000207
F7,Dixon & Price,def_ge_off,7,0.9994498153664604,150000,100,150000,50,0.0,1.0,0.000207
F7,Dixon & Price,def_ge_off,8,0.9996231736547826,150000,100,150000,50,0.0,1.0,0.000207
F7,Dixon & Price,def_ge_off,9,0.9989565621680477,150000,100,150000,50,0.0,1.0,0.000207
F7,Dixon & Price,def_ge_off,10,0.9996005059762657,150000,100,150000,50,0.0,1.0,0.000207
F7,Dixon & Price,def_ge_off,11,0.9999676445751382,150000,100,150000,50,0.0,1.0,0.000207
F7,Dixon & Price,def_ge_off,12,0.9993444406037434,150000,100,150000,50,0.0,1.0,0.000207
F7,Dixon & Price,def_ge_off,13,0.9999121587232435,150000,100,150000,50,0.0,1.0,0.000207
F7,Dixon & Price,def_ge_off,14,0.9999125011215383,150000,100,150000,50,0.0,1.0,0.000207
F7,Dixon & Price,def_ge_off,15,0.9998355887485654,150000,100,150000,50,0.0,1.0,0.000207
F7,Dixon & Price,def_ge_off,16,0.9999387996112887,150000,100,150000,50,0.0,1.0,0.000207
F7,Dixon & Price,def_ge_off,17,0.9993364163011549,150000,100,150000,50,0.0,1.0,0.000207
F7,Dixon & Price,def_ge_off,18,0.9998696139867747,150000,100,150000,50,0.0,1.0,0.000207
F7,Dixon & Price,def_ge_off,19,0.999605738786485,150000,100,150000,50,0.0,1.0,0.000207
F7,Dixon & Price,def_ge_off,20,0.9997558157008014,150000,100,150000,50,0.0,1.0,0.000207
F7,Dixon & Price,def_ge_off,21,0.9999935899318187,150000,100,150000,50,0.0,1.0,0.000207
F7,Dixon & Price,def_ge_off,22,0.9998527244205735,150000,100,150000,50,0.0,1.0,0.000207
F7,Dixon & Price,def_ge_off,23,0.9996553428718319,150000,100,150000,50,0.0,1.0,0.000207
F7,Dixon & Price,def_ge_off,24,0.9999920882410929,150000,100,150000,50,0.0,1.0,0.000207
F7,Dixon & Price,def_ge_off,25,0.9998688097303554,150000,100,150000,50,0.0,1.0,0.000207
F7,Dixon & Price,def_ge_off,26,0.9999968460188484,150000,100,150000,50,0.0,1.0,0.000207
F7,Dixon & Price,def_ge_off,27,0.9998965140001257,150000,100,150000,50,0.0,1.0,0.000207
F7,Dixon & Price,def_ge_off,28,0.9997847163121417,150000,100,150000,50,0.0,1.0,0.000207
F7,Dixon & Price,def_ge_off,29,0.9993659376388355,150000,100,150000,50,0.0,1.0,0.000207
F7,Dixon & Price,def_ge_off,30,0.9999772670627151,150000,100,150000,50,0.0,1.0,0.000207
F7,Dixon & Price,def_ge_off,31,0.9997845706751831,150000,100,150000,50,0.0,1.0,0.000207
F7,Dixon & Price,def_ge_off,32,0.9997027394756184,150000,100,150000,50,0.0,1.0,0.000207
F7,Dixon & Price,def_ge_off,33,0.9994864748789191,150000,100,150000,50,0.0,1.0,0.000207
F7,Dixon & Price,def_ge_off,34,0.9995083182903389,150000,100,150000,50,0.0,1.0,0.000207
F7,Dixon & Price,def_ge_off,35,0.9996469021081416,150000,100,150000,50,0.0,1.0,0.000207
F7,Dixon & Price,def_ge_off,36,0.9992031676589922,150000,100,150000,50,0.0,1.0,0.000207
F7,Dixon & Price,def_ge_off,37,0.9998108964758787,150000,100,150000,50,0.0,1.0,0.000207
F7,Dixon & Price,def_ge_off,38,0.9985570831821623,150000,100,150000,50,0.0,1.0,0.000207
F7,Dixon & Price,def_ge_off,39,0.9996199431491576,150000,100,150000,50,0.0,1.0,0.000207
F7,Dixon & Price,def_ge_off,40,0.999908931987465,150000,100,150000,50,0.0,1.0,0.000207
F7,Dixon & Price,def_ge_off,41,0.9996601972758838,150000,100,150000,50,0.0,1.0,0.000207
F7,Dixon & Price,def_ge_off,42,0.9996879812722842,150000,100,150000,50,0.0,1.0,0.000207
F7,Dixon & Price,def_ge_off,43,0.9999322551614752,150000,100,150000,50,0.0,1.0,0.000207
F7,Dixon & Price,def_ge_off,44,0.9995696197247367,150000,100,150000,50,0.0,1.0,0.000207
F7,Dixon & Price,def_ge_off,45,0.9996985470027313,150000,100,150000,50,0.0,1.0,0.000207
F7,Dixon & Price,def_ge_off,46,0.9999720501619073,150000,100,150000,50,0.0,1.0,0.000207
F7,Dixon & Price,def_ge_off,47,0.9997059097020564,150000,100,150000,50,0.0,1.0,0.000207
F7,Dixon & Price,def_ge_off,48,0.9998021358335569,150000,100,150000,50,0.0,1.0,0.000207
F7,Dixon & Price,def_ge_off,49,0.9993110311423813,150000,100,150000,50,0.0,1.0,0.000207
F7,Dixon & Price,def_ge_off,50,0.9999493236035396,150000,100,150000,50,0.0,1.0,0.000207
F7,Dixon & Price,def_ge_off,51,0.9998638629291973,150000,100,150000,50,0.0,1.0,0.000207
F7,Dixon & Price,def_ge_off,52,0.9998660477796524,150000,100,150000,50,0.0,1.0,0.000207
F7,Dixon & Price,def_ge_off,53,0.9999728717031325,150000,100,150000,50,0.0,1.0,0.000207
F7,Dixon & Price,def_ge_off,54,0.9991457998242192,150000,100,150000,50,0.0,1.0,0.000207
F7,Dixon & Price,def_ge_off,55,0.9999679051183085,150000,100,150000,50,0.0,1.0,0.000207
F7,Dixon & Price,def_ge_off,56,0.9999353738545224,150000,100,150000,50,0.0,1.0,0.000207
F7,Dixon & Price,def_ge_off,57,0.9999641151421069,150000,100,150000,50,0.0,1.0,0.000207
F7,Dixon & Price,def_ge_off,58,0.9997496934058783,150000,100,150000,50,0.0,1.0,0.000207
F7,Dixon & Price,def_ge_off,59,0.9996469116038441,150000,100,150000,50,0.0,1.0,0.000207
F7,Dixon & Price,def_ge_off,60,0.9997294260034613,150000,100,150000,50,0.0,1.0,0.000207
F7,Dixon & Price,def_ge_off,61,0.9995774376478188,150000,100,150000,50,0.0,1.0,0.000207
F7,Dixon & Price,def_ge_off,62,0.9999555023167214,150000,100,150000,50,0.0,1.0,0.000207
F7,Dixon & Price,def_ge_off,63,0.9998116469249023,150000,100,150000,50,0.0,1.0,0.000207
F7,Dixon & Price,def_ge_off,64,0.998699763282364,150000,100,150000,50,0.0,1.0,0.000207
F7,Dixon & Price,def_ge_off,65,0.9999165601927097,150000,100,150000,50,0.0,1.0,0.000207
F7,Dixon & Price,def_ge_off,66,0.9994473913477443,150000,100,150000,50,0.0,1.0,0.000207
F7,Dixon & Price,def_ge_off,67,0.9995857249905055,150000,100,150000,50,0.0,1.0,0.000207
F7,Dixon & Price,def_ge_off,68,0.9996828656620887,150000,100,150000,50,0.0,1.0,0.000207
F7,Dixon & Price,def_ge_off,69,0.9998191623349413,150000,100,150000,50,0.0,1.0,0.000207
F7,Dixon & Price,def_ge_off,70,0.9992547873825345,150000,100,150000,50,0.0,1.0,0.000207
F7,Dixon & Price,def_ge_off,71,0.9999361474331998,150000,100,150000,50,0.0,1.0,0.000207
F7,Dixon & Price,def_ge_off,72,0.9995720665456828,150000,100,150000,50,0.0,1.0,0.000207
F7,Dixon & Price,def_ge_off,73,0.9997929725325224,150000,100,150000,50,0.0,1.0,0.000207
F7,Dixon & Price,def_ge_off,74,0.9996490670593566,150000,100,150000,50,0.0,1.0,0.000207
F7,Dixon & Price,def_ge_off,75,0.9998478304791393,150000,100,150000,50,0.0,1.0,0.000207
F7,Dixon & Price,def_ge_off,76,0.9995543038424641,150000,100,150000,50,0.0,1.0,0.000207
F7,Dixon & Price,def_ge_off,77,0.9999529938776116,150000,100,150000,50,0.0,1.0,0.000207
F7,Dixon & Price,def_ge_off,78,0.999871381009915,150000,100,150000,50,0.0,1.0,0.000207
F7,Dixon & Price,def_ge_off,79,0.9997288108299284,150000,100,150000,50,0.0,1.0,0.000207
F7,Dixon & Price,def_ge_off,80,0.9997793011220809,150000,100,150000,50,0.0,1.0,0.000207
F7,Dixon & Price,def_ge_off,81,0.9997042915507838,150000,100,150000,50,0.0,1.0,0.000207
F7,Dixon & Price,def_ge_off,82,0.9995363989086765,150000,100,150000,50,0.0,1.0,0.000207
F7,Dixon & Price,def_ge_off,83,0.9993811828776739,150000,100,150000,50,0.0,1.0,0.000207
F7,Dixon & Price,def_ge_off,84,0.9996080598449187,150000,100,150000,50,0.0,1.0,0.000207
F7,Dixon & Price,def_ge_off,85,0.9997126592337617,150000,100,150000,50,0.0,1.0,0.000207
F7,Dixon & Price,def_ge_off,86,0.999847129042533,150000,100,150000,50,0.0,1.0,0.000207
F7,Dixon & Price,def_ge_off,87,0.9998948940440782,150000,100,150000,50,0.0,1.0,0.000207
F7,Dixon & Price,def_ge_off,88,0.9999013663715305,150000,100,150000,50,0.0,1.0,0.000207
F7,Dixon & Price,def_ge_off,89,0.9999579531061789,150000,100,150000,50,0.0,1.0,0.000207
F7,Dixon & Price,def_ge_off,90,0.9998509112179839,150000,100,150000,50,0.0,1.0,0.000207
F7,Dixon & Price,def_ge_off,91,0.9998512475697733,150000,100,150000,50,0.0,1.0,0.000207
F7,Dixon & Price,def_ge_off,92,0.9993481339680526,150000,100,150000,50,0.0,1.0,0.000207
F7,Dixon & Price,def_ge_off,93,0.9998744971325841,150000,100,150000,50,0.0,1.0,0.000207
F7,Dixon & Price,def_ge_off,94,0.9996021817602809,150000,100,150000,50,0.0,1.0,0.000207
F7,Dixon & Price,def_ge_off,95,0.999817656301061,150000,100,150000,50,0.0,1.0,0.000207
F7,Dixon & Price,def_ge_off,96,0.9997329657219823,150000,100,150000,50,0.0,1.0,0.000207
F7,Dixon & Price,def_ge_off,97,0.9996427869862146,150000,100,150000,50,0.0,1.0,0.000207
F7,Dixon & Price,def_ge_off,98,0.9997948838446833,150000,100,150000,50,0.0,1.0,0.000207
F7,Dixon & Price,def_ge_off,99,0.9996218175597463,150000,100,150000,50,0.0,1.0,0.000207
F10,Griewank,def_le_off,0,9.9253938401489e-13,5721,100,150000,50,0.0,0.0,0.0
F10,Griewank,def_le_off,1,5.871969577242453e-13,5590,100,150000,50,0.0,0.0,0.0
F10,Griewank,def_le_off,2,7.340794638821535e-13,5537,100,150000,50,0.0,0.0,0.0
F10,Griewank,def_le_off,3,8.506528814677949e-13,5668,100,150000,50,0.0,0.0,0.0
F10,Griewank,def_le_off,4,9.75552971738125e-13,5509,100,150000,50,0.0,0.0,0.0
F10,Griewank,def_le_off,5,6.071809721674981e-13,5789,100,150000,50,0.0,0.0,0.0
F10,Griewank,def_le_off,6,9.711120796396244e-13,5533,100,150000,50,0.0,0.0,0.0
F10,Griewank,def_le_off,7,5.897504706808832e-13,5436,100,150000,50,0.0,0.0,0.0
F10,Griewank,def_le_off,8,7.05546732149287e-13,5542,100,150000,50,0.0,0.0,0.0
F10,Griewank,def_le_off,9,9.25592935629993e-13,5513,100,150000,50,0.0,0.0,0.0
F10,Griewank,def_le_off,10,4.098943406916078e-13,5668,100,150000,50,0.0,0.0,0.0
F10,Griewank,def_le_off,11,3.0675462170393075e-13,5579,100,150000,50,0.0,0.0,0.0
F10,Griewank,def_le_off,12,8.103517856739018e-13,5686,100,150000,50,0.0,0.0,0.0
F10,Griewank,def_le_off,13,9.142686607788164e-13,5412,100,150000,50,0.0,0.0,0.0
F10,Griewank,def_le_off,14,8.980594046192891e-13,5537,100,150000,50,0.0,0.0,0.0
F10,Griewank,def_le_off,15,6.482592240786289e-13,5484,100,150000,50,0.0,0.0,0.0
F10,Griewank,def_le_off,16,8.848477506262498e-13,5658,100,150000,50,0.0,0.0,0.0
F10,Griewank,def_le_off,17,8.590905764549461e-13,5559,100,150000,50,0.0,0.0,0.0
F10,Griewank,def_le_off,18,9.666711875411238e-13,5559,100,150000,50,0.0,0.0,0.0
F10,Griewank,def_le_off,19,6.583622536027178e-13,5576,100,150000,50,0.0,0.0,0.0
F10,Griewank,def_le_off,20,7.16093850883226e-13,5668,100,150000,50,0.0,0.0,0.0
F10,Griewank,def_le_off,21,8.782974347809613e-13,5586,100,150000,50,0.0,0.0,0.0
F10,Griewank,def_le_off,22,9.761080832504376e-13,5682,100,150000,50,0.0,0.0,0.0
F10,Griewank,def_le_off,23,9.847678228425139e-13,5551,100,150000,50,0.0,0.0,0.0
F10,Griewank,def_le_off,24,9.838796444228137e-13,5663,100,150000,50,0.0,0.0,0.0
F10,Griewank,def_le_off,25,7.572831250968193e-13,5727,100,150000,50,0.0,0.0,0.0
F10,Griewank,def_le_off,26,7.519540545786185e-13,5684,100,150000,50,0.0,0.0,0.0
F10,Griewank,def_le_off,27,9.92761428619815e-13,5679,100,150000,50,0.0,0.0,0.0
F10,Griewank,def_le_off,28,6.584732759051803e-13,5548,100,150000,50,0.0,0.0,0.0
F10,Griewank,def_le_off,29,8.234524173644786e-13,5567,100,150000,50,0.0,0.0,0.0
F10,Griewank,def_le_off,30,9.293676939137185e-13,5596,100,150000,50,0.0,0.0,0.0
F10,Griewank,def_le_off,31,8.764100556390986e-13,5572,100,150000,50,0.0,0.0,0.0
F10,Griewank,def_le_off,32,5.255795798575491e-13,5707,100,150000,50,0.0,0.0,0.0
F10,Griewank,def_le_off,33,9.350298313393068e-13,5546,100,150000,50,0.0,0.0,0.0
F10,Griewank,def_le_off,34,9.960920976936904e-13,5566,100,150000,50,0.0,0.0,0.0
F10,Griewank,def_le_off,35,8.010259122670504e-13,5519,100,150000,50,0.0,0.0,0.0
F10,Griewank,def_le_off,36,8.396616735240059e-13,5590,100,150000,50,0.0,0.0,0.0
F10,Griewank,def_le_off,37,9.914291609902648e-13,5511,100,150000,50,0.0,0.0,0.0
F10,Griewank,def_le_off,38,7.953637748414621e-13,5671,100,150000,50,0.0,0.0,0.0
F10,Griewank,def_le_off,39,7.736034035588091e-13,5610,100,150000,50,0.0,0.0,0.0
F10,Griewank,def_le_off,40,7.452927164308676e-13,5493,100,150000,50,0.0,0.0,0.0
F10,Griewank,def_le_off,41,9.937606293419776e-13,5578,100,150000,50,0.0,0.0,0.0
F10,Griewank,def_le_off,42,9.926504063173525e-13,5610,100,150000,50,0.0,0.0,0.0
F10,Griewank,def_le_off,43,6.754596881819452e-13,5558,100,150000,50,0.0,0.0,0.0
F10,Griewank,def_le_off,44,6.569189636707051e-13,5515,100,150000,50,0.0,0.0,0.0
F10,Griewank,def_le_off,45,6.559197629485425e-13,5606,100,150000,50,0.0,0.0,0.0
F10,Griewank,def_le_off,46,6.150635556423367e-13,5442,100,150000,50,0.0,0.0,0.0
F10,Griewank,def_le_off,47,7.230882559383645e-13,5727,100,150000,50,0.0,0.0,0.0
F10,Griewank,def_le_off,48,7.547296121401814e-13,5568,100,150000,50,0.0,0.0,0.0
F10,Griewank,def_le_off,49,3.3795188869589765e-13,5546,100,150000,50,0.0,0.0,0.0
F10,Griewank,def_le_off,50,4.791722574282176e-13,5667,100,150000,50,0.0,0.0,0.0
F10,Griewank,def_le_off,51,9.351408536417694e-13,5632,100,150000,50,0.0,0.0,0.0
F10,Griewank,def_le_off,52,9.43689570931383e-13,5548,100,150000,50,0.0,0.0,0.0
F10,Griewank,def_le_off,53,6.904476990143849e-13,5469,100,150000,50,0.0,0.0,0.0
F10,Griewank,def_le_off,54,7.722711359292589e-13,5564,100,150000,50,0.0,0.0,0.0
F10,Griewank,def_le_off,55,5.284661597215745e-13,5654,100,150000,50,0.0,0.0,0.0
F10,Griewank,def_le_off,56,6.333822355486518e-13,5711,100,150000,50,0.0,0.0,0.0
F10,Griewank,def_le_off,57,8.469891454865319e-13,5696,100,150000,50,0.0,0.0,0.0
F10,Griewank,def_le_off,58,6.982192601867609e-13,5529,100,150000,50,0.0,0.0,0.0
F10,Griewank,def_le_off,59,9.846568005400513e-13,5659,100,150000,50,0.0,0.0,0.0
F10,Griewank,def_le_off,60,8.836265052991621e-13,5672,100,150000,50,0.0,0.0,0.0
F10,Griewank,def_le_off,61,8.814060592499118e-13,5566,100,150000,50,0.0,0.0,0.0
F10,Griewank,def_le_off,62,8.318901123516298e-13,5713,100,150000,50,0.0,0.0,0.0
F10,Griewank,def_le_off,63,8.727463196578356e-13,5692,100,150000,50,0.0,0.0,0.0
F10,Griewank,def_le_off,64,8.455458555545192e-13,5662,100,150000,50,0.0,0.0,0.0
F10,Griewank,def_le_off,65,7.196465645620265e-13,5604,100,150000,50,0.0,0.0,0.0
F10,Griewank,def_le_off,66,9.450218385609332e-13,5702,100,150000,50,0.0,0.0,0.0
F10,Griewank,def_le_off,67,6.366018823200648e-13,5563,100,150000,50,0.0,0.0,0.0
F10,Griewank,def_le_off,68,8.267830864383541e-13,5467,100,150000,50,0.0,0.0,0.0
F10,Griewank,def_le_off,69,7.76378961120372e-13,5655,100,150000,50,0.0,0.0,0.0
F10,Griewank,def_le_off,70,6.648015471455437e-13,5702,100,150000,50,0.0,0.0,0.0
F10,Griewank,def_le_off,71,9.319212068703564e-13,5314,100,150000,50,0.0,0.0,0.0
F10,Griewank,def_le_off,72,8.816281038548368e-13,5559,100,150000,50,0.0,0.0,0.0
F10,Griewank,def_le_off,73,9.127143485443412e-13,5591,100,150000,50,0.0,0.0,0.0
F10,Griewank,def_le_off,74,7.595035711460696e-13,5748,100,150000,50,0.0,0.0,0.0
F10,Griewank,def_le_off,75,7.738254481637341e-13,5679,100,150000,50,0.0,0.0,0.0
F10,Griewank,def_le_off,76,6.123990203832363e-13,5706,100,150000,50,0.0,0.0,0.0
F10,Griewank,def_le_off,77,9.401368572525826e-13,5665,100,150000,50,0.0,0.0,0.0
F10,Griewank,def_le_off,78,9.733325256888747e-13,5489,100,150000,50,0.0,0.0,0.0
F10,Griewank,def_le_off,79,9.930944955272025e-13,5516,100,150000,50,0.0,0.0,0.0
F10,Griewank,def_le_off,80,5.734301922188934e-13,5570,100,150000,50,0.0,0.0,0.0
F10,Griewank,def_le_off,81,7.477352070850429e-13,5713,100,150000,50,0.0,0.0,0.0
F10,Griewank,def_le_off,82,6.471490010540037e-13,5549,100,150000,50,0.0,0.0,0.0
F10,Griewank,def_le_off,83,9.60898027813073e-13,5709,100,150000,50,0.0,0.0,0.0
F10,Griewank,def_le_off,84,5.272449143944868e-13,5627,100,150000,50,0.0,0.0,0.0
F10,Griewank,def_le_off,85,7.862599460395359e-13,5495,100,150000,50,0.0,0.0,0.0
F10,Griewank,def_le_off,86,9.36806188178707e-13,5528,100,150000,50,0.0,0.0,0.0
F10,Griewank,def_le_off,87,9.403589018575076e-13,5639,100,150000,50,0.0,0.0,0.0
F10,Griewank,def_le_off,88,8.51096970677645e-13,5553,100,150000,50,0.0,0.0,0.0
F10,Griewank,def_le_off,89,8.884004643050503e-13,5455,100,150000,50,0.0,0.0,0.0
F10,Griewank,def_le_off,90,9.898748487557896e-13,5584,100,150000,50,0.0,0.0,0.0
F10,Griewank,def_le_off,91,8.736344980775357e-13,5734,100,150000,50,0.0,0.0,0.0
F10,Griewank,def_le_off,92,8.801848139228241e-13,5333,100,150000,50,0.0,0.0,0.0
F10,Griewank,def_le_off,93,8.609779555968089e-13,5682,100,150000,50,0.0,0.0,0.0
F10,Griewank,def_le_off,94,8.991696276439143e-13,5688,100,150000,50,0.0,0.0,0.0
F10,Griewank,def_le_off,95,9.715561688494745e-13,5690,100,150000,50,0.0,0.0,0.0
F10,Griewank,def_le_off,96,4.903855099769316e-13,5557,100,150000,50,0.0,0.0,0.0
F10,Griewank,def_le_off,97,7.249756350802272e-13,5613,100,150000,50,0.0,0.0,0.0
F10,Griewank,def_le_off,98,6.535882945968297e-13,5485,100,150000,50,0.0,0.0,0.0
F10,Griewank,def_le_off,99,9.455769500732458e-13,5464,100,150000,50,0.0,0.0,0.0
F10,Griewank,def_ge_off,0,1.273831551351634e-08,150000,100,150000,50,0.0,0.0,0.0
F10,Griewank,def_ge_off,1,1.0216161250298228e-11,150000,100,150000,50,0.0,0.0,0.0
F10,Griewank,def_ge_off,2,2.409142318970936e-08,150000,100,150000,50,0.0,0.0,0.0
F10,Griewank,def_ge_off,3,2.6900552896336194e-09,150000,100,150000,50,0.0,0.0,0.0
F10,Griewank,def_ge_off,4,3.2566291885416376e-09,150000,100,150000,50,0.0,0.0,0.0
F10,Griewank,def_ge_off,5,3.851553520561879e-10,150000,100,150000,50,0.0,0.0,0.0
F10,Griewank,def_ge_off,6,1.5657952712189172e-10,150000,100,150000,50,0.0,0.0,0.0
F10,Griewank,def_ge_off,7,2.1026764773779405e-08,150000,100,150000,50,0.0,0.0,0.0
F10,Griewank,def_ge_off,8,9.245610521624315e-08,150000,100,150000,50,0.0,0.0,0.0
F10,Griewank,def_ge_off,9,4.176424761581643e-10,150000,100,150000,50,0.0,0.0,0.0
F10,Griewank,def_ge_off,10,1.4458434449693414e-12,150000,100,150000,50,0.0,0.0,0.0
F10,Griewank,def_ge_off,11,7.426451453795835e-09,150000,100,150000,50,0.0,0.0,0.0
F10,Griewank,def_ge_off,12,5.592146967714484e-09,150000,100,150000,50,0.0,0.0,0.0
F10,Griewank,def_ge_off,13,6.514653261291414e-09,150000,100,150000,50,0.0,0.0,0.0
F10,Griewank,def_ge_off,14,5.959836069102664e-09,150000,100,150000,50,0.0,0.0,0.0
F10,Griewank,def_ge_off,15,3.849861873739258e-09,150000,100,150000,50,0.0,0.0,0.0
F10,Griewank,def_ge_off,16,1.315260123035955e-10,150000,100,150000,50,0.0,0.0,0.0
F10,Griewank,def_ge_off,17,1.3910749219192553e-09,150000,100,150000,50,0.0,0.0,0.0
F10,Griewank,def_ge_off,18,7.389097000931599e-09,150000,100,150000,50,0.0,0.0,0.0
F10,Griewank,def_ge_off,19,1.0886147538968771e-10,150000,100,150000,50,0.0,0.0,0.0
F10,Griewank,def_ge_off,20,7.48147510609698e-09,150000,100,150000,50,0.0,0.0,0.0
F10,Griewank,def_ge_off,21,1.4494550781840587e-08,150000,100,150000,50,0.0,0.0,0.0
F10,Griewank,def_ge_off,22,3.856302499549713e-09,150000,100,150000,50,0.0,0.0,0.0
F10,Griewank,def_ge_off,23,5.085084131550843e-09,150000,100,150000,50,0.0,0.0,0.0
F10,Griewank,def_ge_off,24,1.8794245049136293e-09,150000,100,150000,50,0.0,0.0,0.0
F10,Griewank,def_ge_off,25,2.6535773578473254e-11,150000,100,150000,50,0.0,0.0,0.0
F10,Griewank,def_ge_off,26,7.042799010648082e-09,150000,100,150000,50,0.0,0.0,0.0
F10,Griewank,def_ge_off,27,2.4661528374991804e-10,150000,100,150000,50,0.0,0.0,0.0
F10,Griewank,def_ge_off,28,1.989433617843872e-09,150000,100,150000,50,0.0,0.0,0.0
F10,Griewank,def_ge_off,29,1.3967631495859223e-09,150000,100,150000,50,0.0,0.0,0.0
F10,Griewank,def_ge_off,30,3.1442930481517806e-09,150000,100,150000,50,0.0,0.0,0.0
F10,Griewank,def_ge_off,31,1.117406833728296e-08,150000,100,150000,50,0.0,0.0,0.0
F10,Griewank,def_ge_off,32,5.240001765827174e-10,150000,100,150000,50,0.0,0.0,0.0
F10,Griewank,def_ge_off,33,1.2229675050434707e-09,150000,100,150000,50,0.0,0.0,0.0
F10,Griewank,def_ge_off,34,1.3750014460356397e-09,150000,100,150000,50,0.0,0.0,0.0
F10,Griewank,def_ge_off,35,3.1494029606449203e-10,150000,100,150000,50,0.0,0.0,0.0
F10,Griewank,def_ge_off,36,4.751653515100429e-10,150000,100,150000,50,0.0,0.0,0.0
F10,Griewank,def_ge_off,37,2.0419521629122528e-10,150000,100,150000,50,0.0,0.0,0.0
F10,Griewank,def_ge_off,38,2.092431450329002e-09,150000,100,150000,50,0.0,0.0,0.0
F10,Griewank,def_ge_off,39,3.766066791754952e-09,150000,100,150000,50,0.0,0.0,0.0
F10,Griewank,def_ge_off,40,1.168072305546275e-10,150000,100,150000,50,0.0,0.0,0.0
F10,Griewank,def_ge_off,41,1.134954241699404e-09,150000,100,150000,50,0.0,0.0,0.0
F10,Griewank,def_ge_off,42,1.0681422413227892e-10,150000,100,150000,50,0.0,0.0,0.0
F10,Griewank,def_ge_off,43,6.084854842214327e-11,150000,100,150000,50,0.0,0.0,0.0
F10,Griewank,def_ge_off,44,9.589545824084666e-10,150000,100,150000,50,0.0,0.0,0.0
F10,Griewank,def_ge_off,45,4.4857479952753465e-09,150000,100,150000,50,0.0,0.0,0.0
F10,Griewank,def_ge_off,46,6.297565802171334e-10,150000,100,150000,50,0.0,0.0,0.0
F10,Griewank,def_ge_off,47,2.9302216209003973e-10,150000,100,150000,50,0.0,0.0,0.0
F10,Griewank,def_ge_off,48,7.917930755496627e-10,150000,100,150000,50,0.0,0.0,0.0
F10,Griewank,def_ge_off,49,7.457551354228542e-09,150000,100,150000,50,0.0,0.0,0.0
F10,Griewank,def_ge_off,50,5.436343597509108e-10,150000,100,150000,50,0.0,0.0,0.0
F10,Griewank,def_ge_off,51,1.1980803016342634e-08,150000,100,150000,50,0.0,0.0,0.0
F10,Griewank,def_ge_off,52,2.7356175102966063e-09,150000,100,150000,50,0.0,0.0,0.0
F10,Griewank,def_ge_off,53,3.139160154042031e-09,150000,100,150000,50,0.0,0.0,0.0
F10,Griewank,def_ge_off,54,5.266568958717244e-09,150000,100,150000,50,0.0,0.0,0.0
F10,Griewank,def_ge_off,55,1.4215214672042009e-08,150000,100,150000,50,0.0,0.0,0.0
F10,Griewank,def_ge_off,56,5.5112470143114933e-11,150000,100,150000,50,0.0,0.0,0.0
F10,Griewank,def_ge_off,57,4.491252258986833e-09,150000,100,150000,50,0.0,0.0,0.0
F10,Griewank,def_ge_off,58,1.7335632929160738e-10,150000,100,150000,50,0.0,0.0,0.0
F10,Griewank,def_ge_off,59,1.4980832130362387e-09,150000,100,150000,50,0.0,0.0,0.0
F10,Griewank,def_ge_off,60,3.015934169070533e-10,150000,100,150000,50,0.0,0.0,0.0
F10,Griewank,def_ge_off,61,5.750516951508189e-09,150000,100,150000,50,0.0,0.0,0.0
F10,Griewank,def_ge_off,62,2.1770406588572655e-09,150000,100,150000,50,0.0,0.0,0.0
F10,Griewank,def_ge_off,63,8.268377094111656e-10,150000,100,150000,50,0.0,0.0,0.0
F10,Griewank,def_ge_off,64,4.34548041994276e-09,150000,100,150000,50,0.0,0.0,0.0
F10,Griewank,def_ge_off,65,2.7061630381020052e-08,150000,100,150000,50,0.0,0.0,0.0
F10,Griewank,def_ge_off,66,3.6105377576589603e-09,150000,100,150000,50,0.0,0.0,0.0
F10,Griewank,def_ge_off,67,1.1995038295964378e-10,150000,100,150000,50,0.0,0.0,0.0
F10,Griewank,def_ge_off,68,1.1886458373133735e-08,150000,100,150000,50,0.0,0.0,0.0
F10,Griewank,def_ge_off,69,2.624364259240508e-08,150000,100,150000,50,0.0,0.0,0.0
F10,Griewank,def_ge_off,70,5.305380912368207e-09,150000,100,150000,50,0.0,0.0,0.0
F10,Griewank,def_ge_off,71,5.902895949816411e-10,150000,100,150000,50,0.0,0.0,0.0
F10,Griewank,def_ge_off,72,1.755311451745456e-09,150000,100,150000,50,0.0,0.0,0.0
F10,Griewank,def_ge_off,73,2.8238716920370166e-09,150000,100,150000,50,0.0,0.0,0.0
F10,Griewank,def_ge_off,74,2.1066670630176532e-10,150000,100,150000,50,0.0,0.0,0.0
F10,Griewank,def_ge_off,75,9.279164103759285e-10,150000,100,150000,50,0.0,0.0,0.0
F10,Griewank,def_ge_off,76,8.49404435676604e-10,150000,100,150000,50,0.0,0.0,0.0
F10,Griewank,def_ge_off,77,5.063759078716146e-09,150000,100,150000,50,0.0,0.0,0.0
F10,Griewank,def_ge_off,78,8.931887895968771e-09,150000,100,150000,50,0.0,0.0,0.0
F10,Griewank,def_ge_off,79,6.634147675654845e-10,150000,100,150000,50,0.0,0.0,0.0
F10,Griewank,def_ge_off,80,4.7534975955443315e-11,150000,100,150000,50,0.0,0.0,0.0
F10,Griewank,def_ge_off,81,4.952483312337108e-09,150000,100,150000,50,0.0,0.0,0.0
F10,Griewank,def_ge_off,82,1.2754353129196261e-11,150000,100,150000,50,0.0,0.0,0.0
F10,Griewank,def_ge_off,83,8.584555399870908e-09,150000,100,150000,50,0.0,0.0,0.0
F10,Griewank,def_ge_off,84,2.2761367568513435e-08,150000,100,150000,50,0.0,0.0,0.0
F10,Griewank,def_ge_off,85,4.821806953714258e-09,150000,100,150000,50,0.0,0.0,0.0
F10,Griewank,def_ge_off,86,1.7204498492517928e-08,150000,100,150000,50,0.0,0.0,0.0
F10,Griewank,def_ge_off,87,2.8937895413250203e-09,150000,100,150000,50,0.0,0.0,0.0
F10,Griewank,def_ge_off,88,4.966276456741525e-08,150000,100,150000,50,0.0,0.0,0.0
F10,Griewank,def_ge_off,89,6.014593267877899e-10,150000,100,150000,50,0.0,0.0,0.0
F10,Griewank,def_ge_off,90,9.794387523243131e-12,150000,100,150000,50,0.0,0.0,0.0
F10,Griewank,def_ge_off,91,3.1716995696484673e-10,150000,100,150000,50,0.0,0.0,0.0
F10,Griewank,def_ge_off,92,7.613389918503799e-10,150000,100,150000,50,0.0,0.0,0.0
F10,Griewank,def_ge_off,93,1.6172689853988231e-09,150000,100,150000,50,0.0,0.0,0.0
F10,Griewank,def_ge_off,94,1.1279210898607062e-09,150000,100,150000,50,0.0,0.0,0.0
F10,Griewank,def_ge_off,95,7.997693063366285e-09,150000,100,150000,50,0.0,0.0,0.0
F10,Griewank,def_ge_off,96,7.919093381048015e-09,150000,100,150000,50,0.0,0.0,0.0
F10,Griewank,def_ge_off,97,7.433165194470348e-11,150000,100,150000,50,0.0,0.0,0.0
F10,Griewank,def_ge_off,98,3.072422394279073e-08,150000,100,150000,50,0.0,0.0,0.0
F10,Griewank,def_ge_off,99,2.3949386918076243e-10,150000,100,150000,50,0.0,0.0,0.0
F19,Powell Sum,def_le_off,0,3.2210158719427126e-13,2233,100,150000,50,0.0,0.0,0.0
F19,Powell Sum,def_le_off,1,1.1985552860735936e-13,2186,100,150000,50,0.0,0.0,0.0
F19,Powell Sum,def_le_off,2,6.182503704596615e-13,2246,100,150000,50,0.0,0.0,0.0
F19,Powell Sum,def_le_off,3,5.0497703585213985e-14,2143,100,150000,50,0.0,0.0,0.0
F19,Powell Sum,def_le_off,4,8.47928631018654e-13,1942,100,150000,50,0.0,0.0,0.0
F19,Powell Sum,def_le_off,5,3.919682006714994e-13,2127,100,150000,50,0.0,0.0,0.0
F19,Powell Sum,def_le_off,6,8.988801020752988e-13,2350,100,150000,50,0.0,0.0,0.0
F19,Powell Sum,def_le_off,7,6.206441094771672e-13,2257,100,150000,50,0.0,0.0,0.0
F19,Powell Sum,def_le_off,8,7.396593997178351e-13,2471,100,150000,50,0.0,0.0,0.0
F19,Powell Sum,def_le_off,9,8.490429043632764e-13,2192,100,150000,50,0.0,0.0,0.0
F19,Powell Sum,def_le_off,10,6.538632825788483e-13,2174,100,150000,50,0.0,0.0,0.0
F19,Powell Sum,def_le_off,11,2.6918093073568067e-13,2378,100,150000,50,0.0,0.0,0.0
F19,Powell Sum,def_le_off,12,6.570778992386057e-13,2208,100,150000,50,0.0,0.0,0.0
F19,Powell Sum,def_le_off,13,8.820672202297186e-13,2044,100,150000,50,0.0,0.0,0.0
F19,Powell Sum,def_le_off,14,5.724751203724476e-13,2317,100,150000,50,0.0,0.0,0.0
F19,Powell Sum,def_le_off,15,1.0787101499471839e-13,2090,100,150000,50,0.0,0.0,0.0
F19,Powell Sum,def_le_off,16,7.333894036524523e-13,2256,100,150000,50,0.0,0.0,0.0
F19,Powell Sum,def_le_off,17,9.346944551965535e-13,2326,100,150000,50,0.0,0.0,0.0
F19,Powell Sum,def_le_off,18,2.966972791733274e-13,2215,100,150000,50,0.0,0.0,0.0
F19,Powell Sum,def_le_off,19,8.530845526129909e-13,2146,100,150000,50,0.0,0.0,0.0
F19,Powell Sum,def_le_off,20,5.547105036486917e-13,1959,100,150000,50,0.0,0.0,0.0
F19,Powell Sum,def_le_off,21,6.154704644021013e-13,2428,100,150000,50,0.0,0.0,0.0
F19,Powell Sum,def_le_off,22,1.1900899018717398e-13,2135,100,150000,50,0.0,0.0,0.0
F19,Powell Sum,def_le_off,23,2.9129683025761653e-13,2354,100,150000,50,0.0,0.0,0.0
F19,Powell Sum,def_le_off,24,8.703411109420248e-13,2223,100,150000,50,0.0,0.0,0.0
F19,Powell Sum,def_le_off,25,8.341625017325839e-13,2142,100,150000,50,0.0,0.0,0.0
F19,Powell Sum,def_le_off,26,9.483005567540077e-13,2341,100,150000,50,0.0,0.0,0.0
F19,Powell Sum,def_le_off,27,5.700417490692107e-13,2284,100,150000,50,0.0,0.0,0.0
F19,Powell Sum,def_le_off,28,7.420147945076462e-13,2294,100,150000,50,0.0,0.0,0.0
F19,Powell Sum,def_le_off,29,4.874030660913461e-13,2468,100,150000,50,0.0,0.0,0.0
F19,Powell Sum,def_le_off,30,4.459975128378148e-13,2340,100,150000,50,0.0,0.0,0.0
F19,Powell Sum,def_le_off,31,3.26281904285474e-13,2288,100,150000,50,0.0,0.0,0.0
F19,Powell Sum,def_le_off,32,7.520128598968656e-13,2190,100,150000,50,0.0,0.0,0.0
F19,Powell Sum,def_le_off,33,3.462372768485759e-13,2381,100,150000,50,0.0,0.0,0.0
F19,Powell Sum,def_le_off,34,4.0382934291975637e-13,2184,100,150000,50,0.0,0.0,0.0
F19,Powell Sum,def_le_off,35,5.17203118148793e-13,2274,100,150000,50,0.0,0.0,0.0
F19,Powell Sum,def_le_off,36,9.242280361884765e-13,2279,100,150000,50,0.0,0.0,0.0
F19,Powell Sum,def_le_off,37,6.756515476083587e-13,2207,100,150000,50,0.0,0.0,0.0
F19,Powell Sum,def_le_off,38,8.346535264668053e-13,2299,100,150000,50,0.0,0.0,0.0
F19,Powell Sum,def_le_off,39,3.407538558627979e-13,2097,100,150000,50,0.0,0.0,0.0
F19,Powell Sum,def_le_off,40,4.630350335490207e-13,2347,100,150000,50,0.0,0.0,0.0
F19,Powell Sum,def_le_off,41,3.7322349283917403e-13,2287,100,150000,50,0.0,0.0,0.0
F19,Powell Sum,def_le_off,42,9.67657436460291e-13,2210,100,150000,50,0.0,0.0,0.0
F19,Powell Sum,def_le_off,43,6.322913792304301e-13,2192,100,150000,50,0.0,0.0,0.0
F19,Powell Sum,def_le_off,44,7.955323668039299e-13,2085,100,150000,50,0.0,0.0,0.0
F19,Powell Sum,def_le_off,45,5.130420648667235e-13,2144,100,150000,50,0.0,0.0,0.0
F19,Powell Sum,def_le_off,46,7.699731755272964e-13,2110,100,150000,50,0.0,0.0,0.0
F19,Powell Sum,def_le_off,47,1.5500680013112916e-13,2166,100,150000,50,0.0,0.0,0.0
F19,Powell Sum,def_le_off,48,6.174901072561917e-13,2323,100,150000,50,0.0,0.0,0.0
F19,Powell Sum,def_le_off,49,1.2776781832139498e-13,2307,100,150000,50,0.0,0.0,0.0
F19,Powell Sum,def_le_off,50,9.99186562951762e-13,2294,100,150000,50,0.0,0.0,0.0
F19,Powell Sum,def_le_off,51,9.969277199818058e-13,2250,100,150000,50,0.0,0.0,0.0
F19,Powell Sum,def_le_off,52,6.566535066027401e-13,2288,100,150000,50,0.0,0.0,0.0
F19,Powell Sum,def_le_off,53,7.424757893974807e-13,2272,100,150000,50,0.0,0.0,0.0
F19,Powell Sum,def_le_off,54,5.072873323963345e-13,2171,100,150000,50,0.0,0.0,0.0
F19,Powell Sum,def_le_off,55,2.981561680237255e-13,2411,100,150000,50,0.0,0.0,0.0
F19,Powell Sum,def_le_off,56,6.005833582703093e-13,2243,100,150000,50,0.0,0.0,0.0
F19,Powell Sum,def_le_off,57,1.3334035776149513e-13,2358,100,150000,50,0.0,0.0,0.0
F19,Powell Sum,def_le_off,58,5.162031985201464e-13,2267,100,150000,50,0.0,0.0,0.0
F19,Powell Sum,def_le_off,59,4.349521403666285e-13,2331,100,150000,50,0.0,0.0,0.0
F19,Powell Sum,def_le_off,60,4.670009463642423e-13,2379,100,150000,50,0.0,0.0,0.0
F19,Powell Sum,def_le_off,61,2.939477601534811e-13,2279,100,150000,50,0.0,0.0,0.0
F19,Powell Sum,def_le_off,62,6.387550428687745e-13,2267,100,150000,50,0.0,0.0,0.0
F19,Powell Sum,def_le_off,63,5.352702332621386e-13,1955,100,150000,50,0.0,0.0,0.0
F19,Powell Sum,def_le_off,64,6.103651183622077e-13,2321,100,150000,50,0.0,0.0,0.0
F19,Powell Sum,def_le_off,65,1.439189378939543e-13,2418,100,150000,50,0.0,0.0,0.0
F19,Powell Sum,def_le_off,66,6.211907793987705e-13,2346,100,150000,50,0.0,0.0,0.0
F19,Powell Sum,def_le_off,67,6.079256590663524e-13,2285,100,150000,50,0.0,0.0,0.0
F19,Powell Sum,def_le_off,68,9.650441208189676e-13,2300,100,150000,50,0.0,0.0,0.0
F19,Powell Sum,def_le_off,69,5.091665504014782e-14,2220,100,150000,50,0.0,0.0,0.0
F19,Powell Sum,def_le_off,70,6.714882462720686e-13,1964,100,150000,50,0.0,0.0,0.0
F19,Powell Sum,def_le_off,71,1.6623933383812144e-13,2247,100,150000,50,0.0,0.0,0.0
F19,Powell Sum,def_le_off,72,3.4943132759385934e-13,2381,100,150000,50,0.0,0.0,0.0
F19,Powell Sum,def_le_off,73,8.530478614746539e-13,2202,100,150000,50,0.0,0.0,0.0
F19,Powell Sum,def_le_off,74,7.092665008249772e-13,2227,100,150000,50,0.0,0.0,0.0
F19,Powell Sum,def_le_off,75,5.159101612809498e-13,2037,100,150000,50,0.0,0.0,0.0
F19,Powell Sum,def_le_off,76,5.342102931448912e-13,2254,100,150000,50,0.0,0.0,0.0
F19,Powell Sum,def_le_off,77,9.17249047565052e-13,2405,100,150000,50,0.0,0.0,0.0
F19,Powell Sum,def_le_off,78,3.8934527583953046e-13,2394,100,150000,50,0.0,0.0,0.0
F19,Powell Sum,def_le_off,79,3.238104521289264e-13,2451,100,150000,50,0.0,0.0,0.0
F19,Powell Sum,def_le_off,80,6.119134035934639e-13,2211,100,150000,50,0.0,0.0,0.0
F19,Powell Sum,def_le_off,81,3.6871847511614294e-13,2339,100,150000,50,0.0,0.0,0.0
F19,Powell Sum,def_le_off,82,4.1251136876020966e-13,2287,100,150000,50,0.0,0.0,0.0
F19,Powell Sum,def_le_off,83,3.663523154615501e-13,2351,100,150000,50,0.0,0.0,0.0
F19,Powell Sum,def_le_off,84,6.164802222063769e-13,2033,100,150000,50,0.0,0.0,0.0
F19,Powell Sum,def_le_off,85,7.377989720852102e-13,2318,100,150000,50,0.0,0.0,0.0
F19,Powell Sum,def_le_off,86,4.533818463572619e-13,2245,100,150000,50,0.0,0.0,0.0
F19,Powell Sum,def_le_off,87,3.1599898423337136e-13,2480,100,150000,50,0.0,0.0,0.0
F19,Powell Sum,def_le_off,88,8.238468326945323e-13,1963,100,150000,50,0.0,0.0,0.0
F19,Powell Sum,def_le_off,89,2.265585516599908e-13,2214,100,150000,50,0.0,0.0,0.0
F19,Powell Sum,def_le_off,90,4.914592551405347e-13,2180,100,150000,50,0.0,0.0,0.0
F19,Powell Sum,def_le_off,91,7.159842175507025e-13,2225,100,150000,50,0.0,0.0,0.0
F19,Powell Sum,def_le_off,92,4.775020132750096e-13,2358,100,150000,50,0.0,0.0,0.0
F19,Powell Sum,def_le_off,93,2.677723693423704e-13,2396,100,150000,50,0.0,0.0,0.0
F19,Powell Sum,def_le_off,94,4.379504727200197e-13,2226,100,150000,50,0.0,0.0,0.0
F19,Powell Sum,def_le_off,95,8.292756448814867e-13,2317,100,150000,50,0.0,0.0,0.0
F19,Powell Sum,def_le_off,96,7.969748595386345e-13,2321,100,150000,50,0.0,0.0,0.0
F19,Powell Sum,def_le_off,97,7.335994929142141e-13,2263,100,150000,50,0.0,0.0,0.0
F19,Powell Sum,def_le_off,98,1.9090120600948483e-13,2282,100,150000,50,0.0,0.0,0.0
F19,Powell Sum,def_le_off,99,8.720643874708437e-13,2310,100,150000,50,0.0,0.0,0.0
F19,Powell Sum,def_ge_off,0,3.2109695147760193e-13,36992,100,150000,50,0.0,0.0,0.0
F19,Powell Sum,def_ge_off,1,1.0133366714291004e-13,36680,100,150000,50,0.0,0.0,0.0
F19,Powell Sum,def_ge_off,2,1.0209903859877115e-13,137691,100,150000,50,0.0,0.0,0.0
F19,Powell Sum,def_ge_off,3,4.8112222673112254e-14,44881,100,150000,50,0.0,0.0,0.0
F19,Powell Sum,def_ge_off,4,9.457523572560514e-15,55883,100,150000,50,0.0,0.0,0.0
F19,Powell Sum,def_ge_off,5,3.005424914786069e-13,63269,100,150000,50,0.0,0.0,0.0
F19,Powell Sum,def_ge_off,6,8.884745557941506e-13,60677,100,150000,50,0.0,0.0,0.0
F19,Powell Sum,def_ge_off,7,3.8028910076206137e-13,136434,100,150000,50,0.0,0.0,0.0
F19,Powell Sum,def_ge_off,8,5.401711537077235e-13,22582,100,150000,50,0.0,0.0,0.0
F19,Powell Sum,def_ge_off,9,2.4551810010608905e-12,150000,100,150000,50,0.0,0.0,0.0
F19,Powell Sum,def_ge_off,10,1.1350348019495947e-14,36116,100,150000,50,0.0,0.0,0.0
F19,Powell Sum,def_ge_off,11,2.4290913548608136e-13,146975,100,150000,50,0.0,0.0,0.0
F19,Powell Sum,def_ge_off,12,4.965357852747008e-13,39935,100,150000,50,0.0,0.0,0.0
F19,Powell Sum,def_ge_off,13,4.143025619129668e-13,73214,100,150000,50,0.0,0.0,0.0
F19,Powell Sum,def_ge_off,14,2.662054786633004e-13,39072,100,150000,50,0.0,0.0,0.0
F19,Powell Sum,def_ge_off,15,3.6638864923092236e-13,35266,100,150000,50,0.0,0.0,0.0
F19,Powell Sum,def_ge_off,16,9.340402687560008e-13,23187,100,150000,50,0.0,0.0,0.0
F19,Powell Sum,def_ge_off,17,4.944126907063096e-13,81552,100,150000,50,0.0,0.0,0.0
F19,Powell Sum,def_ge_off,18,2.0537706937208998e-13,36375,100,150000,50,0.0,0.0,0.0
F19,Powell Sum,def_ge_off,19,7.491963035931505e-13,58191,100,150000,50,0.0,0.0,0.0
F19,Powell Sum,def_ge_off,20,9.32188217952759e-13,42455,100,150000,50,0.0,0.0,0.0
F19,Powell Sum,def_ge_off,21,3.4772724203044756e-13,32906,100,150000,50,0.0,0.0,0.0
F19,Powell Sum,def_ge_off,22,3.104729433905045e-14,63826,100,150000,50,0.0,0.0,0.0
F19,Powell Sum,def_ge_off,23,9.74565768250414e-13,26611,100,150000,50,0.0,0.0,0.0
F19,Powell Sum,def_ge_off,24,4.886061137358023e-13,38300,100,150000,50,0.0,0.0,0.0
F19,Powell Sum,def_ge_off,25,8.804890036041937e-13,77963,100,150000,50,0.0,0.0,0.0
F19,Powell Sum,def_ge_off,26,1.6818973943842202e-13,52764,100,150000,50,0.0,0.0,0.0
F19,Powell Sum,def_ge_off,27,7.81766371567534e-13,106648,100,150000,50,0.0,0.0,0.0
F19,Powell Sum,def_ge_off,28,6.182235661575905e-13,39005,100,150000,50,0.0,0.0,0.0
F19,Powell Sum,def_ge_off,29,2.2799817333252944e-13,54302,100,150000,50,0.0,0.0,0.0
F19,Powell Sum,def_ge_off,30,8.80990447378004e-13,19826,100,150000,50,0.0,0.0,0.0
F19,Powell Sum,def_ge_off,31,5.6303850867982e-13,34920,100,150000,50,0.0,0.0,0.0
F19,Powell Sum,def_ge_off,32,3.3846619446878895e-13,52072,100,150000,50,0.0,0.0,0.0
F19,Powell Sum,def_ge_off,33,3.870186309439963e-13,31422,100,150000,50,0.0,0.0,0.0
F19,Powell Sum,def_ge_off,34,2.8564187561127406e-13,108674,100,150000,50,0.0,0.0,0.0
F19,Powell Sum,def_ge_off,35,3.783446212588858e-16,103532,100,150000,50,0.0,0.0,0.0
F19,Powell Sum,def_ge_off,36,4.900441621382748e-13,99532,100,150000,50,0.0,0.0,0.0
F19,Powell Sum,def_ge_off,37,3.1179940182806685e-12,150000,100,150000,50,0.0,0.0,0.0
F19,Powell Sum,def_ge_off,38,2.308126893773673e-13,40685,100,150000,50,0.0,0.0,0.0
F19,Powell Sum,def_ge_off,39,7.993930038975744e-13,23897,100,150000,50,0.0,0.0,0.0
F19,Powell Sum,def_ge_off,40,4.708565912634646e-13,54950,100,150000,50,0.0,0.0,0.0
F19,Powell Sum,def_ge_off,41,7.389445654448043e-13,45359,100,150000,50,0.0,0.0,0.0
F19,Powell Sum,def_ge_off,42,2.9598647143381473e-13,49550,100,150000,50,0.0,0.0,0.0
F19,Powell Sum,def_ge_off,43,7.725072501337049e-14,35077,100,150000,50,0.0,0.0,0.0
F19,Powell Sum,def_ge_off,44,5.470068711267054e-13,84128,100,150000,50,0.0,0.0,0.0
F19,Powell Sum,def_ge_off,45,5.552586067649548e-13,87876,100,150000,50,0.0,0.0,0.0
F19,Powell Sum,def_ge_off,46,4.925721225469452e-13,37952,100,150000,50,0.0,0.0,0.0
F19,Powell Sum,def_ge_off,47,6.109076503875101e-13,45913,100,150000,50,0.0,0.0,0.0
F19,Powell Sum,def_ge_off,48,2.2683401677069904e-13,35384,100,150000,50,0.0,0.0,0.0
F19,Powell Sum,def_ge_off,49,2.0392626469605705e-13,47139,100,150000,50,0.0,0.0,0.0
F19,Powell Sum,def_ge_off,50,9.075856929089435e-13,39906,100,150000,50,0.0,0.0,0.0
F19,Powell Sum,def_ge_off,51,7.088658164509595e-13,40789,100,150000,50,0.0,0.0,0.0
F19,Powell Sum,def_ge_off,52,2.794785530153126e-13,39779,100,150000,50,0.0,0.0,0.0
F19,Powell Sum,def_ge_off,53,3.900235274442661e-15,35645,100,150000,50,0.0,0.0,0.0
F19,Powell Sum,def_ge_off,54,6.966920033838869e-14,54432,100,150000,50,0.0,0.0,0.0
F19,Powell Sum,def_ge_off,55,9.507116769739955e-13,24574,100,150000,50,0.0,0.0,0.0
F19,Powell Sum,def_ge_off,56,6.331161800375303e-13,16459,100,150000,50,0.0,0.0,0.0
F19,Powell Sum,def_ge_off,57,7.32093197391599e-13,35937,100,150000,50,0.0,0.0,0.0
F19,Powell Sum,def_ge_off,58,6.302441621906536e-13,38706,100,150000,50,0.0,0.0,0.0
F19,Powell Sum,def_ge_off,59,2.536930780658615e-13,68982,100,150000,50,0.0,0.0,0.0
F19,Powell Sum,def_ge_off,60,7.505830970412533e-13,22617,100,150000,50,0.0,0.0,0.0
F19,Powell Sum,def_ge_off,61,3.946494305848736e-14,88503,100,150000,50,0.0,0.0,0.0
F19,Powell Sum,def_ge_off,62,2.516600156552305e-14,115916,100,150000,50,0.0,0.0,0.0
F19,Powell Sum,def_ge_off,63,2.099219725778164e-13,93029,100,150000,50,0.0,0.0,0.0
F19,Powell Sum,def_ge_off,64,3.4728258761760326e-14,26544,100,150000,50,0.0,0.0,0.0
F19,Powell Sum,def_ge_off,65,2.948951986893966e-13,30907,100,150000,50,0.0,0.0,0.0
F19,Powell Sum,def_ge_off,66,1.7116446542724666e-13,36055,100,150000,50,0.0,0.0,0.0
F19,Powell Sum,def_ge_off,67,1.4543631153122537e-13,130766,100,150000,50,0.0,0.0,0.0
F19,Powell Sum,def_ge_off,68,8.741654824837659e-13,60841,100,150000,50,0.0,0.0,0.0
F19,Powell Sum,def_ge_off,69,3.4973575243591695e-16,36181,100,150000,50,0.0,0.0,0.0
F19,Powell Sum,def_ge_off,70,7.411881553350069e-13,33846,100,150000,50,0.0,0.0,0.0
F19,Powell Sum,def_ge_off,71,9.759839392132848e-15,41824,100,150000,50,0.0,0.0,0.0
F19,Powell Sum,def_ge_off,72,1.0594756250593972e-13,55646,100,150000,50,0.0,0.0,0.0
F19,Powell Sum,def_ge_off,73,9.343634767575284e-13,29425,100,150000,50,0.0,0.0,0.0
F19,Powell Sum,def_ge_off,74,5.055498865167262e-13,30621,100,150000,50,0.0,0.0,0.0
F19,Powell Sum,def_ge_off,75,2.6607620414665845e-14,54133,100,150000,50,0.0,0.0,0.0
F19,Powell Sum,def_ge_off,76,2.7865761131692097e-13,29649,100,150000,50,0.0,0.0,0.0
F19,Powell Sum,def_ge_off,77,5.188144389020516e-13,57063,100,150000,50,0.0,0.0,0.0
F19,Powell Sum,def_ge_off,78,9.934499268281864e-14,41387,100,150000,50,0.0,0.0,0.0
F19,Powell Sum,def_ge_off,79,1.7601191207036554e-13,42548,100,150000,50,0.0,0.0,0.0
F19,Powell Sum,def_ge_off,80,3.0377373072027454e-13,98042,100,150000,50,0.0,0.0,0.0
F19,Powell Sum,def_ge_off,81,1.1071710415420624e-13,58737,100,150000,50,0.0,0.0,0.0
F19,Powell Sum,def_ge_off,82,4.3186060849703526e-13,105489,100,150000,50,0.0,0.0,0.0
F19,Powell Sum,def_ge_off,83,8.869801637970872e-13,118914,100,150000,50,0.0,0.0,0.0
F19,Powell Sum,def_ge_off,84,1.136438887006561e-13,71686,100,150000,50,0.0,0.0,0.0
F19,Powell Sum,def_ge_off,85,1.850306364658451e-13,28761,100,150000,50,0.0,0.0,0.0
F19,Powell Sum,def_ge_off,86,1.7165040074456083e-13,30343,100,150000,50,0.0,0.0,0.0
F19,Powell Sum,def_ge_off,87,2.9128893382473554e-16,57920,100,150000,50,0.0,0.0,0.0
F19,Powell Sum,def_ge_off,88,1.4029734549055858e-13,67385,100,150000,50,0.0,0.0,0.0
F19,Powell Sum,def_ge_off,89,6.880251513203468e-13,47724,100,150000,50,0.0,0.0,0.0
F19,Powell Sum,def_ge_off,90,3.9788224492916146e-13,38399,100,150000,50,0.0,0.0,0.0
F19,Powell Sum,def_ge_off,91,4.307909233109542e-13,47470,100,150000,50,0.0,0.0,0.0
F19,Powell Sum,def_ge_off,92,1.0420091767301267e-15,97748,100,150000,50,0.0,0.0,0.0
F19,Powell Sum,def_ge_off,93,4.429056844953019e-15,87068,100,150000,50,0.0,0.0,0.0
F19,Powell Sum,def_ge_off,94,6.282530479845201e-13,41728,100,150000,50,0.0,0.0,0.0
F19,Powell Sum,def_ge_off,95,8.239399735977941e-13,90586,100,150000,50,0.0,0.0,0.0
F19,Powell Sum,def_ge_off,96,7.80406845680698e-13,59978,100,150000,50,0.0,0.0,0.0
F19,Powell Sum,def_ge_off,97,5.919416522191811e-13,33179,100,150000,50,0.0,0.0,0.0
F19,Powell Sum,def_ge_off,98,6.930228209653555e-13,72025,100,150000,50,0.0,0.0,0.0
F19,Powell Sum,def_ge_off,99,1.9104655663337253e-13,34361,100,150000,50,0.0,0.0,0.0
F20,Rastrigin,def_le_off,0,5.613287612504791e-13,6067,100,150000,50,0.0,0.0,0.0
F20,Rastrigin,def_le_off,1,6.501466032204917e-13,6165,100,150000,50,0.0,0.0,0.0
F20,Rastrigin,def_le_off,2,8.597567102697212e-13,6159,100,150000,50,0.0,0.0,0.0
F20,Rastrigin,def_le_off,3,6.679101716144942e-13,6094,100,150000,50,0.0,0.0,0.0
F20,Rastrigin,def_le_off,4,7.975842208907125e-13,6175,100,150000,50,0.0,0.0,0.0
F20,Rastrigin,def_le_off,5,8.402167850363185e-13,6201,100,150000,50,0.0,0.0,0.0
F20,Rastrigin,def_le_off,6,8.29558643999917e-13,6246,100,150000,50,0.0,0.0,0.0
F20,Rastrigin,def_le_off,7,6.128431095930864e-13,6269,100,150000,50,0.0,0.0,0.0
F20,Rastrigin,def_le_off,8,9.07718344933528e-13,6178,100,150000,50,0.0,0.0,0.0
F20,Rastrigin,def_le_off,9,8.775202786637237e-13,6296,100,150000,50,0.0,0.0,0.0
F20,Rastrigin,def_le_off,10,7.72715225139109e-13,6250,100,150000,50,0.0,0.0,0.0
F20,Rastrigin,def_le_off,11,8.633094239485217e-13,6144,100,150000,50,0.0,0.0,0.0
F20,Rastrigin,def_le_off,12,8.08242361927114e-13,6169,100,150000,50,0.0,0.0,0.0
F20,Rastrigin,def_le_off,13,6.341593916658894e-13,6075,100,150000,50,0.0,0.0,0.0
F20,Rastrigin,def_le_off,14,9.272582701669307e-13,6269,100,150000,50,0.0,0.0,0.0
F20,Rastrigin,def_le_off,15,8.313350008393172e-13,6181,100,150000,50,0.0,0.0,0.0
F20,Rastrigin,def_le_off,16,7.993605777301127e-13,6169,100,150000,50,0.0,0.0,0.0
F20,Rastrigin,def_le_off,17,9.521272659185342e-13,6133,100,150000,50,0.0,0.0,0.0
F20,Rastrigin,def_le_off,18,9.396927680427325e-13,6231,100,150000,50,0.0,0.0,0.0
F20,Rastrigin,def_le_off,19,9.947598300641403e-13,6128,100,150000,50,0.0,0.0,0.0
F20,Rastrigin,def_le_off,20,8.988365607365267e-13,6172,100,150000,50,0.0,0.0,0.0
F20,Rastrigin,def_le_off,21,8.881784197001252e-13,6075,100,150000,50,0.0,0.0,0.0
F20,Rastrigin,def_le_off,22,7.72715225139109e-13,6340,100,150000,50,0.0,0.0,0.0
F20,Rastrigin,def_le_off,23,3.801403636316536e-13,6197,100,150000,50,0.0,0.0,0.0
F20,Rastrigin,def_le_off,24,9.85878045867139e-13,6042,100,150000,50,0.0,0.0,0.0
F20,Rastrigin,def_le_off,25,9.592326932761353e-13,6142,100,150000,50,0.0,0.0,0.0
F20,Rastrigin,def_le_off,26,9.325873406851315e-13,6109,100,150000,50,0.0,0.0,0.0
F20,Rastrigin,def_le_off,27,6.821210263296962e-13,6304,100,150000,50,0.0,0.0,0.0
F20,Rastrigin,def_le_off,28,9.592326932761353e-13,6285,100,150000,50,0.0,0.0,0.0
F20,Rastrigin,def_le_off,29,8.881784197001252e-13,6124,100,150000,50,0.0,0.0,0.0
F20,Rastrigin,def_le_off,30,7.691625114603085e-13,6246,100,150000,50,0.0,0.0,0.0
F20,Rastrigin,def_le_off,31,9.734435479913373e-13,6327,100,150000,50,0.0,0.0,0.0
F20,Rastrigin,def_le_off,32,9.876544027065393e-13,6204,100,150000,50,0.0,0.0,0.0
F20,Rastrigin,def_le_off,33,9.539036227579345e-13,6235,100,150000,50,0.0,0.0,0.0
F20,Rastrigin,def_le_off,34,9.841016890277388e-13,6151,100,150000,50,0.0,0.0,0.0
F20,Rastrigin,def_le_off,35,8.704148513061227e-13,6207,100,150000,50,0.0,0.0,0.0
F20,Rastrigin,def_le_off,36,8.846257060213247e-13,6352,100,150000,50,0.0,0.0,0.0
F20,Rastrigin,def_le_off,37,7.691625114603085e-13,6174,100,150000,50,0.0,0.0,0.0
F20,Rastrigin,def_le_off,38,9.9298347322474e-13,6171,100,150000,50,0.0,0.0,0.0
F20,Rastrigin,def_le_off,39,8.881784197001252e-13,6099,100,150000,50,0.0,0.0,0.0
F20,Rastrigin,def_le_off,40,8.490985692333197e-13,6153,100,150000,50,0.0,0.0,0.0
F20,Rastrigin,def_le_off,41,8.348877145181177e-13,6163,100,150000,50,0.0,0.0,0.0
F20,Rastrigin,def_le_off,42,8.668621376273222e-13,6260,100,150000,50,0.0,0.0,0.0
F20,Rastrigin,def_le_off,43,9.876544027065393e-13,6279,100,150000,50,0.0,0.0,0.0
F20,Rastrigin,def_le_off,44,9.308109838457312e-13,6301,100,150000,50,0.0,0.0,0.0
F20,Rastrigin,def_le_off,45,7.833733661755105e-13,6331,100,150000,50,0.0,0.0,0.0
F20,Rastrigin,def_le_off,46,8.810729923425242e-13,6140,100,150000,50,0.0,0.0,0.0
F20,Rastrigin,def_le_off,47,7.336353746723034e-13,6133,100,150000,50,0.0,0.0,0.0
F20,Rastrigin,def_le_off,48,8.597567102697212e-13,6223,100,150000,50,0.0,0.0,0.0
F20,Rastrigin,def_le_off,49,8.331113576787175e-13,6283,100,150000,50,0.0,0.0,0.0
F20,Rastrigin,def_le_off,50,6.998845947236987e-13,6048,100,150000,50,0.0,0.0,0.0
F20,Rastrigin,def_le_off,51,9.166001291305292e-13,6202,100,150000,50,0.0,0.0,0.0
F20,Rastrigin,def_le_off,52,8.331113576787175e-13,6130,100,150000,50,0.0,0.0,0.0
F20,Rastrigin,def_le_off,53,8.917311333789257e-13,6346,100,150000,50,0.0,0.0,0.0
F20,Rastrigin,def_le_off,54,7.354117315117037e-13,6210,100,150000,50,0.0,0.0,0.0
F20,Rastrigin,def_le_off,55,7.283063041541027e-13,6162,100,150000,50,0.0,0.0,0.0
F20,Rastrigin,def_le_off,56,6.092903959142859e-13,6356,100,150000,50,0.0,0.0,0.0
F20,Rastrigin,def_le_off,57,6.536993168992922e-13,6171,100,150000,50,0.0,0.0,0.0
F20,Rastrigin,def_le_off,58,6.146194664324867e-13,6241,100,150000,50,0.0,0.0,0.0
F20,Rastrigin,def_le_off,59,7.904787935331115e-13,6251,100,150000,50,0.0,0.0,0.0
F20,Rastrigin,def_le_off,60,8.490985692333197e-13,6135,100,150000,50,0.0,0.0,0.0
F20,Rastrigin,def_le_off,61,8.206768598029157e-13,6163,100,150000,50,0.0,0.0,0.0
F20,Rastrigin,def_le_off,62,7.673861546209082e-13,6257,100,150000,50,0.0,0.0,0.0
F20,Rastrigin,def_le_off,63,8.72191208145523e-13,6231,100,150000,50,0.0,0.0,0.0
F20,Rastrigin,def_le_off,64,8.881784197001252e-13,6138,100,150000,50,0.0,0.0,0.0
F20,Rastrigin,def_le_off,65,9.2192919964873e-13,6220,100,150000,50,0.0,0.0,0.0
F20,Rastrigin,def_le_off,66,9.64561763794336e-13,6231,100,150000,50,0.0,0.0,0.0
F20,Rastrigin,def_le_off,67,9.467981954003335e-13,6219,100,150000,50,0.0,0.0,0.0
F20,Rastrigin,def_le_off,68,8.455458555545192e-13,6139,100,150000,50,0.0,0.0,0.0
F20,Rastrigin,def_le_off,69,8.277822871605167e-13,6127,100,150000,50,0.0,0.0,0.0
F20,Rastrigin,def_le_off,70,9.130474154517287e-13,6212,100,150000,50,0.0,0.0,0.0
F20,Rastrigin,def_le_off,71,8.562039965909207e-13,6211,100,150000,50,0.0,0.0,0.0
F20,Rastrigin,def_le_off,72,9.308109838457312e-13,6298,100,150000,50,0.0,0.0,0.0
F20,Rastrigin,def_le_off,73,8.65085780787922e-13,6150,100,150000,50,0.0,0.0,0.0
F20,Rastrigin,def_le_off,74,9.094947017729282e-13,6352,100,150000,50,0.0,0.0,0.0
F20,Rastrigin,def_le_off,75,7.65609797781508e-13,6249,100,150000,50,0.0,0.0,0.0
F20,Rastrigin,def_le_off,76,9.130474154517287e-13,6256,100,150000,50,0.0,0.0,0.0
F20,Rastrigin,def_le_off,77,9.876544027065393e-13,6103,100,150000,50,0.0,0.0,0.0
F20,Rastrigin,def_le_off,78,7.691625114603085e-13,6171,100,150000,50,0.0,0.0,0.0
F20,Rastrigin,def_le_off,79,9.237055564881302e-13,6323,100,150000,50,0.0,0.0,0.0
F20,Rastrigin,def_le_off,80,7.389644451905042e-13,6125,100,150000,50,0.0,0.0,0.0
F20,Rastrigin,def_le_off,81,9.112710586123285e-13,6289,100,150000,50,0.0,0.0,0.0
F20,Rastrigin,def_le_off,82,7.602807272633072e-13,6245,100,150000,50,0.0,0.0,0.0
F20,Rastrigin,def_le_off,83,8.01136934569513e-13,6165,100,150000,50,0.0,0.0,0.0
F20,Rastrigin,def_le_off,84,5.275779813018744e-13,6358,100,150000,50,0.0,0.0,0.0
F20,Rastrigin,def_le_off,85,8.277822871605167e-13,6333,100,150000,50,0.0,0.0,0.0
F20,Rastrigin,def_le_off,86,8.810729923425242e-13,6031,100,150000,50,0.0,0.0,0.0
F20,Rastrigin,def_le_off,87,7.105427357601002e-13,6158,100,150000,50,0.0,0.0,0.0
F20,Rastrigin,def_le_off,88,9.9298347322474e-13,6214,100,150000,50,0.0,0.0,0.0
F20,Rastrigin,def_le_off,89,9.414691248821327e-13,6123,100,150000,50,0.0,0.0,0.0
F20,Rastrigin,def_le_off,90,9.841016890277388e-13,6208,100,150000,50,0.0,0.0,0.0
F20,Rastrigin,def_le_off,91,8.22453216642316e-13,6296,100,150000,50,0.0,0.0,0.0
F20,Rastrigin,def_le_off,92,2.9665159217984183e-13,6239,100,150000,50,0.0,0.0,0.0
F20,Rastrigin,def_le_off,93,7.585043704239069e-13,6151,100,150000,50,0.0,0.0,0.0
F20,Rastrigin,def_le_off,94,9.36140054363932e-13,6276,100,150000,50,0.0,0.0,0.0
F20,Rastrigin,def_le_off,95,9.254819133275305e-13,6156,100,150000,50,0.0,0.0,0.0
F20,Rastrigin,def_le_off,96,9.325873406851315e-13,6094,100,150000,50,0.0,0.0,0.0
F20,Rastrigin,def_le_off,97,9.663381206337363e-13,6288,100,150000,50,0.0,0.0,0.0
F20,Rastrigin,def_le_off,98,8.917311333789257e-13,6258,100,150000,50,0.0,0.0,0.0
F20,Rastrigin,def_le_off,99,7.247535904753022e-13,6076,100,150000,50,0.0,0.0,0.0
F20,Rastrigin,def_ge_off,0,1.1036862979096895e-07,150000,100,150000,50,0.0,0.0,0.0
F20,Rastrigin,def_ge_off,1,4.387239016523381e-09,150000,100,150000,50,0.0,0.0,0.0
F20,Rastrigin,def_ge_off,2,5.135447622706124e-12,150000,100,150000,50,0.0,0.0,0.0
F20,Rastrigin,def_ge_off,3,7.129461465638087e-08,150000,100,150000,50,0.0,0.0,0.0
F20,Rastrigin,def_ge_off,4,2.9157019909575865e-08,150000,100,150000,50,0.0,0.0,0.0
F20,Rastrigin,def_ge_off,5,6.183332956766208e-09,150000,100,150000,50,0.0,0.0,0.0
F20,Rastrigin,def_ge_off,6,1.5644374684598006e-11,150000,100,150000,50,0.0,0.0,0.0
F20,Rastrigin,def_ge_off,7,5.571685335326038e-09,150000,100,150000,50,0.0,0.0,0.0
F20,Rastrigin,def_ge_off,8,1.3546540422737507e-07,150000,100,150000,50,0.0,0.0,0.0
F20,Rastrigin,def_ge_off,9,6.944489427951339e-10,150000,100,150000,50,0.0,0.0,0.0
F20,Rastrigin,def_ge_off,10,8.697570663684928e-09,150000,100,150000,50,0.0,0.0,0.0
F20,Rastrigin,def_ge_off,11,9.541100354226728e-09,150000,100,150000,50,0.0,0.0,0.0
F20,Rastrigin,def_ge_off,12,3.277808602319965e-08,150000,100,150000,50,0.0,0.0,0.0
F20,Rastrigin,def_ge_off,13,8.9055875562849e-08,150000,100,150000,50,0.0,0.0,0.0
F20,Rastrigin,def_ge_off,14,5.086456411618201e-08,150000,100,150000,50,0.0,0.0,0.0
F20,Rastrigin,def_ge_off,15,1.6136963409962846e-07,150000,100,150000,50,0.0,0.0,0.0
F20,Rastrigin,def_ge_off,16,3.3645886965416594e-07,150000,100,150000,50,0.0,0.0,0.0
F20,Rastrigin,def_ge_off,17,2.4826936950717027e-08,150000,100,150000,50,0.0,0.0,0.0
F20,Rastrigin,def_ge_off,18,1.2127655857341324e-07,150000,100,150000,50,0.0,0.0,0.0
F20,Rastrigin,def_ge_off,19,1.6932359159227417e-07,150000,100,150000,50,0.0,0.0,0.0
F20,Rastrigin,def_ge_off,20,2.698292593805718e-07,150000,100,150000,50,0.0,0.0,0.0
F20,Rastrigin,def_ge_off,21,6.9214483033874785e-09,150000,100,150000,50,0.0,0.0,0.0
F20,Rastrigin,def_ge_off,22,3.81767542023681e-08,150000,100,150000,50,0.0,0.0,0.0
F20,Rastrigin,def_ge_off,23,2.858282499573761e-08,150000,100,150000,50,0.0,0.0,0.0
F20,Rastrigin,def_ge_off,24,9.566983827369313e-08,150000,100,150000,50,0.0,0.0,0.0
F20,Rastrigin,def_ge_off,25,1.0071877554196362e-07,150000,100,150000,50,0.0,0.0,0.0
F20,Rastrigin,def_ge_off,26,9.627722619143242e-09,150000,100,150000,50,0.0,0.0,0.0
F20,Rastrigin,def_ge_off,27,1.1050642179100123e-07,150000,100,150000,50,0.0,0.0,0.0
F20,Rastrigin,def_ge_off,28,1.7383259276471108e-08,150000,100,150000,50,0.0,0.0,0.0
F20,Rastrigin,def_ge_off,29,3.3957201495127265e-08,150000,100,150000,50,0.0,0.0,0.0
F20,Rastrigin,def_ge_off,30,4.9322972373033735e-08,150000,100,150000,50,0.0,0.0,0.0
F20,Rastrigin,def_ge_off,31,9.870994688299106e-09,150000,100,150000,50,0.0,0.0,0.0
F20,Rastrigin,def_ge_off,32,2.929917641836255e-09,150000,100,150000,50,0.0,0.0,0.0
F20,Rastrigin,def_ge_off,33,1.2972625640372826e-08,150000,100,150000,50,0.0,0.0,0.0
F20,Rastrigin,def_ge_off,34,1.4775878831585487e-07,150000,100,150000,50,0.0,0.0,0.0
F20,Rastrigin,def_ge_off,35,1.0797192473432915e-08,150000,100,150000,50,0.0,0.0,0.0
F20,Rastrigin,def_ge_off,36,3.232222614002467e-07,150000,100,150000,50,0.0,0.0,0.0
F20,Rastrigin,def_ge_off,37,1.7639728433493929e-07,150000,100,150000,50,0.0,0.0,0.0
F20,Rastrigin,def_ge_off,38,2.9166050907747376e-08,150000,100,150000,50,0.0,0.0,0.0
F20,Rastrigin,def_ge_off,39,3.1513636145064083e-10,150000,100,150000,50,0.0,0.0,0.0
F20,Rastrigin,def_ge_off,40,1.1864376148196243e-08,150000,100,150000,50,0.0,0.0,0.0
F20,Rastrigin,def_ge_off,41,6.939027130670183e-09,150000,100,150000,50,0.0,0.0,0.0
F20,Rastrigin,def_ge_off,42,6.931307616753202e-08,150000,100,150000,50,0.0,0.0,0.0
F20,Rastrigin,def_ge_off,43,3.6716947704462655e-08,150000,100,150000,50,0.0,0.0,0.0
F20,Rastrigin,def_ge_off,44,3.3983553748839768e-09,150000,100,150000,50,0.0,0.0,0.0
F20,Rastrigin,def_ge_off,45,2.0745719808701324e-08,150000,100,150000,50,0.0,0.0,0.0
F20,Rastrigin,def_ge_off,46,2.0276882395364737e-09,150000,100,150000,50,0.0,0.0,0.0
F20,Rastrigin,def_ge_off,47,2.0053733251756967e-07,150000,100,150000,50,0.0,0.0,0.0
F20,Rastrigin,def_ge_off,48,1.3577603041881048e-08,150000,100,150000,50,0.0,0.0,0.0
F20,Rastrigin,def_ge_off,49,8.951788643685177e-09,150000,100,150000,50,0.0,0.0,0.0
F20,Rastrigin,def_ge_off,50,2.7173106431632732e-08,150000,100,150000,50,0.0,0.0,0.0
F20,Rastrigin,def_ge_off,51,1.9127659456330548e-08,150000,100,150000,50,0.0,0.0,0.0
F20,Rastrigin,def_ge_off,52,4.912255153755041e-07,150000,100,150000,50,0.0,0.0,0.0
F20,Rastrigin,def_ge_off,53,2.568164880756285e-08,150000,100,150000,50,0.0,0.0,0.0
F20,Rastrigin,def_ge_off,54,3.209697219119789e-08,150000,100,150000,50,0.0,0.0,0.0
F20,Rastrigin,def_ge_off,55,2.6722151602598387e-08,150000,100,150000,50,0.0,0.0,0.0
F20,Rastrigin,def_ge_off,56,3.7550554665699565e-07,150000,100,150000,50,0.0,0.0,0.0
F20,Rastrigin,def_ge_off,57,4.431305100638383e-09,150000,100,150000,50,0.0,0.0,0.0
F20,Rastrigin,def_ge_off,58,4.666465969194178e-07,150000,100,150000,50,0.0,0.0,0.0
F20,Rastrigin,def_ge_off,59,5.2678784001614076e-08,150000,100,150000,50,0.0,0.0,0.0
F20,Rastrigin,def_ge_off,60,3.7433700939004666e-07,150000,100,150000,50,0.0,0.0,0.0
F20,Rastrigin,def_ge_off,61,4.671532494171515e-09,150000,100,150000,50,0.0,0.0,0.0
F20,Rastrigin,def_ge_off,62,1.173290797851223e-08,150000,100,150000,50,0.0,0.0,0.0
F20,Rastrigin,def_ge_off,63,6.371893235268544e-08,150000,100,150000,50,0.0,0.0,0.0
F20,Rastrigin,def_ge_off,64,2.1471223021762853e-08,150000,100,150000,50,0.0,0.0,0.0
F20,Rastrigin,def_ge_off,65,2.5085061139407117e-08,150000,100,150000,50,0.0,0.0,0.0
F20,Rastrigin,def_ge_off,66,1.945510952339191e-08,150000,100,150000,50,0.0,0.0,0.0
F20,Rastrigin,def_ge_off,67,1.0799636918079614e-07,150000,100,150000,50,0.0,0.0,0.0
F20,Rastrigin,def_ge_off,68,3.24377378291274e-08,150000,100,150000,50,0.0,0.0,0.0
F20,Rastrigin,def_ge_off,69,1.1845706637814146e-09,150000,100,150000,50,0.0,0.0,0.0
F20,Rastrigin,def_ge_off,70,2.732613619826907e-07,150000,100,150000,50,0.0,0.0,0.0
F20,Rastrigin,def_ge_off,71,2.388174458189951e-08,150000,100,150000,50,0.0,0.0,0.0
F20,Rastrigin,def_ge_off,72,1.2676978222714297e-07,150000,100,150000,50,0.0,0.0,0.0
F20,Rastrigin,def_ge_off,73,1.339494524188467e-07,150000,100,150000,50,0.0,0.0,0.0
F20,Rastrigin,def_ge_off,74,3.1560582769429857e-07,150000,100,150000,50,0.0,0.0,0.0
F20,Rastrigin,def_ge_off,75,7.723103401247045e-08,150000,100,150000,50,0.0,0.0,0.0
F20,Rastrigin,def_ge_off,76,1.1225099783018777e-07,150000,100,150000,50,0.0,0.0,0.0
F20,Rastrigin,def_ge_off,77,5.23838217247885e-09,150000,100,150000,50,0.0,0.0,0.0
F20,Rastrigin,def_ge_off,78,4.3439596808525494e-08,150000,100,150000,50,0.0,0.0,0.0
F20,Rastrigin,def_ge_off,79,6.837892563282821e-08,150000,100,150000,50,0.0,0.0,0.0
F20,Rastrigin,def_ge_off,80,3.5397811437576365e-07,150000,100,150000,50,0.0,0.0,0.0
F20,Rastrigin,def_ge_off,81,1.4479182297577609e-08,150000,100,150000,50,0.0,0.0,0.0
F20,Rastrigin,def_ge_off,82,3.824689187581498e-08,150000,100,150000,50,0.0,0.0,0.0
F20,Rastrigin,def_ge_off,83,9.106689695670411e-07,150000,100,150000,50,0.0,0.0,0.0
F20,Rastrigin,def_ge_off,84,4.2967801761051305e-08,150000,100,150000,50,0.0,0.0,0.0
F20,Rastrigin,def_ge_off,85,2.384878605710128e-08,150000,100,150000,50,0.0,0.0,0.0
F20,Rastrigin,def_ge_off,86,2.014072109091103e-08,150000,100,150000,50,0.0,0.0,0.0
F20,Rastrigin,def_ge_off,87,1.6379623879458904e-07,150000,100,150000,50,0.0,0.0,0.0
F20,Rastrigin,def_ge_off,88,2.719573721776669e-08,150000,100,150000,50,0.0,0.0,0.0
F20,Rastrigin,def_ge_off,89,4.501855777050423e-08,150000,100,150000,50,0.0,0.0,0.0
F20,Rastrigin,def_ge_off,90,9.582261562002259e-08,150000,100,150000,50,0.0,0.0,0.0
F20,Rastrigin,def_ge_off,91,1.0484553847334155e-07,150000,100,150000,50,0.0,0.0,0.0
F20,Rastrigin,def_ge_off,92,3.653305213902058e-08,150000,100,150000,50,0.0,0.0,0.0
F20,Rastrigin,def_ge_off,93,2.0556358393264418e-08,150000,100,150000,50,0.0,0.0,0.0
F20,Rastrigin,def_ge_off,94,2.1493899993174637e-09,150000,100,150000,50,0.0,0.0,0.0
F20,Rastrigin,def_ge_off,95,4.1884007373482746e-10,150000,100,150000,50,0.0,0.0,0.0
F20,Rastrigin,def_ge_off,96,3.71804631527084e-09,150000,100,150000,50,0.0,0.0,0.0
F20,Rastrigin,def_ge_off,97,2.736186566210108e-08,150000,100,150000,50,0.0,0.0,0.0
F20,Rastrigin,def_ge_off,98,2.238039087387733e-08,150000,100,150000,50,0.0,0.0,0.0
F20,Rastrigin,def_ge_off,99,3.2474883937538834e-07,150000,100,150000,50,0.0,0.0,0.0
F22,Quintic,def_le_off,0,309.7268772390024,150000,100,150000,50,0.0,23.6,94.0
F22,Quintic,def_le_off,1,309.66108544142935,150000,100,150000,50,0.0,23.6,94.0
F22,Quintic,def_le_off,2,307.2872855546997,150000,100,150000,50,0.0,23.6,94.0
F22,Quintic,def_le_off,3,315.64836140109867,150000,100,150000,50,0.0,23.6,94.0
F22,Quintic,def_le_off,4,310.904088659643,150000,100,150000,50,0.0,23.6,94.0
F22,Quintic,def_le_off,5,306.7001809104938,150000,100,150000,50,0.0,23.6,94.0
F22,Quintic,def_le_off,6,300.25015163764846,150000,100,150000,50,0.0,23.6,94.0
F22,Quintic,def_le_off,7,300.7440416126885,150000,100,150000,50,0.0,23.6,94.0
F22,Quintic,def_le_off,8,306.40751585054727,150000,100,150000,50,0.0,23.6,94.0
F22,Quintic,def_le_off,9,250.03868777203868,150000,100,150000,50,0.0,23.6,94.0
F22,Quintic,def_le_off,10,316.669848639687,150000,100,150000,50,0.0,23.6,94.0
F22,Quintic,def_le_off,11,324.38376973277286,150000,100,150000,50,0.0,23.6,94.0
F22,Quintic,def_le_off,12,302.14777445380344,150000,100,150000,50,0.0,23.6,94.0
F22,Quintic,def_le_off,13,333.04355643130845,150000,100,150000,50,0.0,23.6,94.0
F22,Quintic,def_le_off,14,302.0660656542044,150000,100,150000,50,0.0,23.6,94.0
F22,Quintic,def_le_off,15,316.8311214635429,150000,100,150000,50,0.0,23.6,94.0
F22,Quintic,def_le_off,16,308.62400585724606,150000,100,150000,50,0.0,23.6,94.0
F22,Quintic,def_le_off,17,328.1578969296488,150000,100,150000,50,0.0,23.6,94.0
F22,Quintic,def_le_off,18,295.58051755692907,150000,100,150000,50,0.0,23.6,94.0
F22,Quintic,def_le_off,19,294.89879717670016,150000,100,150000,50,0.0,23.6,94.0
F22,Quintic,def_le_off,20,311.85390230559716,150000,100,150000,50,0.0,23.6,94.0
F22,Quintic,def_le_off,21,301.7258906100485,150000,100,150000,50,0.0,23.6,94.0
F22,Quintic,def_le_off,22,307.20186935806026,150000,100,150000,50,0.0,23.6,94.0
F22,Quintic,def_le_off,23,327.4716439873323,150000,100,150000,50,0.0,23.6,94.0
F22,Quintic,def_le_off,24,282.20876590788606,150000,100,150000,50,0.0,23.6,94.0
F22,Quintic,def_le_off,25,287.29314546143263,150000,100,150000,50,0.0,23.6,94.0
F22,Quintic,def_le_off,26,291.38955619024,150000,100,150000,50,0.0,23.6,94.0
F22,Quintic,def_le_off,27,310.62315698137724,150000,100,150000,50,0.0,23.6,94.0
F22,Quintic,def_le_off,28,303.43441594776954,150000,100,150000,50,0.0,23.6,94.0
F22,Quintic,def_le_off,29,320.68087069904686,150000,100,150000,50,0.0,23.6,94.0
F22,Quintic,def_le_off,30,281.80655533805805,150000,100,150000,50,0.0,23.6,94.0
F22,Quintic,def_le_off,31,321.4403549171855,150000,100,150000,50,0.0,23.6,94.0
F22,Quintic,def_le_off,32,320.74788006465593,150000,100,150000,50,0.0,23.6,94.0
F22,Quintic,def_le_off,33,335.70444264227496,150000,100,150000,50,0.0,23.6,94.0
F22,Quintic,def_le_off,34,260.4832368473692,150000,100,150000,50,0.0,23.6,94.0
F22,Quintic,def_le_off,35,291.58456501047084,150000,100,150000,50,0.0,23.6,94.0
F22,Quintic,def_le_off,36,300.69180755111046,150000,100,150000,50,0.0,23.6,94.0
F22,Quintic,def_le_off,37,295.0510960925919,150000,100,150000,50,0.0,23.6,94.0
F22,Quintic,def_le_off,38,294.21124320261583,150000,100,150000,50,0.0,23.6,94.0
F22,Quintic,def_le_off,39,296.0750269399542,150000,100,150000,50,0.0,23.6,94.0
F22,Quintic,def_le_off,40,279.10646111143075,150000,100,150000,50,0.0,23.6,94.0
F22,Quintic,def_le_off,41,308.7920835837767,150000,100,150000,50,0.0,23.6,94.0
F22,Quintic,def_le_off,42,313.46029157214485,150000,100,150000,50,0.0,23.6,94.0
F22,Quintic,def_le_off,43,308.3489423443769,150000,100,150000,50,0.0,23.6,94.0
F22,Quintic,def_le_off,44,315.71403850682594,150000,100,150000,50,0.0,23.6,94.0
F22,Quintic,def_le_off,45,334.226261286797,150000,100,150000,50,0.0,23.6,94.0
F22,Quintic,def_le_off,46,317.31977782557897,150000,100,150000,50,0.0,23.6,94.0
F22,Quintic,def_le_off,47,304.9587538205281,150000,100,150000,50,0.0,23.6,94.0
F22,Quintic,def_le_off,48,313.08239615784544,150000,100,150000,50,0.0,23.6,94.0
F22,Quintic,def_le_off,49,292.8151583635343,150000,100,150000,50,0.0,23.6,94.0
F22,Quintic,def_le_off,50,297.93087745721357,150000,100,150000,50,0.0,23.6,94.0
F22,Quintic,def_le_off,51,319.23954873335293,150000,100,150000,50,0.0,23.6,94.0
F22,Quintic,def_le_off,52,285.2890238849118,150000,100,150000,50,0.0,23.6,94.0
F22,Quintic,def_le_off,53,319.7989934447796,150000,100,150000,50,0.0,23.6,94.0
F22,Quintic,def_le_off,54,298.7141919831788,150000,100,150000,50,0.0,23.6,94.0
F22,Quintic,def_le_off,55,325.76738934122875,150000,100,150000,50,0.0,23.6,94.0
F22,Quintic,def_le_off,56,291.4932583914963,150000,100,150000,50,0.0,23.6,94.0
F22,Quintic,def_le_off,57,314.3471950356136,150000,100,150000,50,0.0,23.6,94.0
F22,Quintic,def_le_off,58,300.1916875958478,150000,100,150000,50,0.0,23.6,94.0
F22,Quintic,def_le_off,59,311.6911078562026,150000,100,150000,50,0.0,23.6,94.0
F22,Quintic,def_le_off,60,288.56549895167143,150000,100,150000,50,0.0,23.6,94.0
F22,Quintic,def_le_off,61,308.04080162914664,150000,100,150000,50,0.0,23.6,94.0
F22,Quintic,def_le_off,62,298.08550370408983,150000,100,150000,50,0.0,23.6,94.0
F22,Quintic,def_le_off,63,318.97037751515063,150000,100,150000,50,0.0,23.6,94.0
F22,Quintic,def_le_off,64,303.4371502603692,150000,100,150000,50,0.0,23.6,94.0
F22,Quintic,def_le_off,65,321.8822003444034,150000,100,150000,50,0.0,23.6,94.0
F22,Quintic,def_le_off,66,313.47678453772187,150000,100,150000,50,0.0,23.6,94.0
F22,Quintic,def_le_off,67,323.6934485529723,150000,100,150000,50,0.0,23.6,94.0
F22,Quintic,def_le_off,68,316.5109091660741,150000,100,150000,50,0.0,23.6,94.0
F22,Quintic,def_le_off,69,305.01013380487586,150000,100,150000,50,0.0,23.6,94.0
F22,Quintic,def_le_off,70,312.8558375286608,150000,100,150000,50,0.0,23.6,94.0
F22,Quintic,def_le_off,71,307.9111773483699,150000,100,150000,50,0.0,23.6,94.0
F22,Quintic,def_le_off,72,289.79896131770937,150000,100,150000,50,0.0,23.6,94.0
F22,Quintic,def_le_off,73,320.2378536801329,150000,100,150000,50,0.0,23.6,94.0
F22,Quintic,def_le_off,74,285.23527303326335,150000,100,150000,50,0.0,23.6,94.0
F22,Quintic,def_le_off,75,308.0068519585469,150000,100,150000,50,0.0,23.6,94.0
F22,Quintic,def_le_off,76,318.37476657712375,150000,100,150000,50,0.0,23.6,94.0
F22,Quintic,def_le_off,77,291.10762785615555,150000,100,150000,50,0.0,23.6,94.0
F22,Quintic,def_le_off,78,328.05173434713583,150000,100,150000,50,0.0,23.6,94.0
F22,Quintic,def_le_off,79,313.8544524310026,150000,100,150000,50,0.0,23.6,94.0
F22,Quintic,def_le_off,80,304.65514871877014,150000,100,150000,50,0.0,23.6,94.0
F22,Quintic,def_le_off,81,287.4623261239052,150000,100,150000,50,0.0,23.6,94.0
F22,Quintic,def_le_off,82,323.05538566213187,150000,100,150000,50,0.0,23.6,94.0
F22,Quintic,def_le_off,83,314.08757260802884,150000,100,150000,50,0.0,23.6,94.0
F22,Quintic,def_le_off,84,284.82577149598717,150000,100,150000,50,0.0,23.6,94.0
F22,Quintic,def_le_off,85,317.2467832880488,150000,100,150000,50,0.0,23.6,94.0
F22,Quintic,def_le_off,86,299.8693245312982,150000,100,150000,50,0.0,23.6,94.0
F22,Quintic,def_le_off,87,291.84891397876646,150000,100,150000,50,0.0,23.6,94.0
F22,Quintic,def_le_off,88,327.0044325378005,150000,100,150000,50,0.0,23.6,94.0
F22,Quintic,def_le_off,89,301.07896280605587,150000,100,150000,50,0.0,23.6,94.0
F22,Quintic,def_le_off,90,333.9192435900785,150000,100,150000,50,0.0,23.6,94.0
F22,Quintic,def_le_off,91,305.4522643896402,150000,100,150000,50,0.0,23.6,94.0
F22,Quintic,def_le_off,92,309.60838839717337,150000,100,150000,50,0.0,23.6,94.0
F22,Quintic,def_le_off,93,271.15873211648545,150000,100,150000,50,0.0,23.6,94.0
F22,Quintic,def_le_off,94,327.2436248892144,150000,100,150000,50,0.0,23.6,94.0
F22,Quintic,def_le_off,95,313.0679582592051,150000,100,150000,50,0.0,23.6,94.0
F22,Quintic,def_le_off,96,307.5220215155112,150000,100,150000,50,0.0,23.6,94.0
F22,Quintic,def_le_off,97,318.2237901854776,150000,100,150000,50,0.0,23.6,94.0
F22,Quintic,def_le_off,98,305.11059978895867,150000,100,150000,50,0.0,23.6,94.0
F22,Quintic,def_le_off,99,302.94152186341216,150000,100,150000,50,0.0,23.6,94.0
F22,Quintic,def_ge_off,0,314.7020634307903,150000,100,150000,50,0.0,23.6,94.0
F22,Quintic,def_ge_off,1,337.9206472888583,150000,100,150000,50,0.0,23.6,94.0
F22,Quintic,def_ge_off,2,309.78002018116024,150000,100,150000,50,0.0,23.6,94.0
F22,Quintic,def_ge_off,3,351.54416349278335,150000,100,150000,50,0.0,23.6,94.0
F22,Quintic,def_ge_off,4,298.35619690384397,150000,100,150000,50,0.0,23.6,94.0
F22,Quintic,def_ge_off,5,335.02821475232236,150000,100,150000,50,0.0,23.6,94.0
F22,Quintic,def_ge_off,6,292.17615903488706,150000,100,150000,50,0.0,23.6,94.0
F22,Quintic,def_ge_off,7,333.2714215176676,150000,100,150000,50,0.0,23.6,94.0
F22,Quintic,def_ge_off,8,321.37526343224044,150000,100,150000,50,0.0,23.6,94.0
F22,Quintic,def_ge_off,9,350.54708780660144,150000,100,150000,50,0.0,23.6,94.0
F22,Quintic,def_ge_off,10,328.2311285135977,150000,100,150000,50,0.0,23.6,94.0
F22,Quintic,def_ge_off,11,335.92208135810563,150000,100,150000,50,0.0,23.6,94.0
F22,Quintic,def_ge_off,12,301.63618732534724,150000,100,150000,50,0.0,23.6,94.0
F22,Quintic,def_ge_off,13,302.58939968929263,150000,100,150000,50,0.0,23.6,94.0
F22,Quintic,def_ge_off,14,323.1975773196275,150000,100,150000,50,0.0,23.6,94.0
F22,Quintic,def_ge_off,15,306.0436235925708,150000,100,150000,50,0.0,23.6,94.0
F22,Quintic,def_ge_off,16,290.58587161611865,150000,100,150000,50,0.0,23.6,94.0
F22,Quintic,def_ge_off,17,362.69602425250025,150000,100,150000,50,0.0,23.6,94.0
F22,Quintic,def_ge_off,18,296.47091115700675,150000,100,150000,50,0.0,23.6,94.0
F22,Quintic,def_ge_off,19,310.6702776154019,150000,100,150000,50,0.0,23.6,94.0
F22,Quintic,def_ge_off,20,324.75206101970883,150000,100,150000,50,0.0,23.6,94.0
F22,Quintic,def_ge_off,21,324.98674010128076,150000,100,150000,50,0.0,23.6,94.0
F22,Quintic,def_ge_off,22,298.26282182629166,150000,100,150000,50,0.0,23.6,94.0
F22,Quintic,def_ge_off,23,316.2542768969494,150000,100,150000,50,0.0,23.6,94.0
F22,Quintic,def_ge_off,24,333.1599998734136,150000,100,150000,50,0.0,23.6,94.0
F22,Quintic,def_ge_off,25,326.0901015946614,150000,100,150000,50,0.0,23.6,94.0
F22,Quintic,def_ge_off,26,317.81145313174187,150000,100,150000,50,0.0,23.6,94.0
F22,Quintic,def_ge_off,27,306.8291268552354,150000,100,150000,50,0.0,23.6,94.0
F22,Quintic,def_ge_off,28,343.38248795983253,150000,100,150000,50,0.0,23.6,94.0
F22,Quintic,def_ge_off,29,347.89344161196834,150000,100,150000,50,0.0,23.6,94.0
F22,Quintic,def_ge_off,30,308.92717941840175,150000,100,150000,50,0.0,23.6,94.0
F22,Quintic,def_ge_off,31,313.6440111088476,150000,100,150000,50,0.0,23.6,94.0
F22,Quintic,def_ge_off,32,349.09930409424743,150000,100,150000,50,0.0,23.6,94.0
F22,Quintic,def_ge_off,33,313.9925951572857,150000,100,150000,50,0.0,23.6,94.0
F22,Quintic,def_ge_off,34,314.0003265059142,150000,100,150000,50,0.0,23.6,94.0
F22,Quintic,def_ge_off,35,309.64462189145667,150000,100,150000,50,0.0,23.6,94.0
F22,Quintic,def_ge_off,36,301.12826511703344,150000,100,150000,50,0.0,23.6,94.0
F22,Quintic,def_ge_off,37,325.81510749140125,150000,100,150000,50,0.0,23.6,94.0
F22,Quintic,def_ge_off,38,312.90331148180223,150000,100,150000,50,0.0,23.6,94.0
F22,Quintic,def_ge_off,39,309.28595381332394,150000,100,150000,50,0.0,23.6,94.0
F22,Quintic,def_ge_off,40,341.87098301056744,150000,100,150000,50,0.0,23.6,94.0
F22,Quintic,def_ge_off,41,320.75599823766305,150000,100,150000,50,0.0,23.6,94.0
F22,Quintic,def_ge_off,42,322.5551810190341,150000,100,150000,50,0.0,23.6,94.0
F22,Quintic,def_ge_off,43,320.1629064252438,150000,100,150000,50,0.0,23.6,94.0
F22,Quintic,def_ge_off,44,295.54328117001864,150000,100,150000,50,0.0,23.6,94.0
F22,Quintic,def_ge_off,45,325.4668917602666,150000,100,150000,50,0.0,23.6,94.0
F22,Quintic,def_ge_off,46,333.3897727852143,150000,100,150000,50,0.0,23.6,94.0
F22,Quintic,def_ge_off,47,347.1737086536651,150000,100,150000,50,0.0,23.6,94.0
F22,Quintic,def_ge_off,48,333.0071803849825,150000,100,150000,50,0.0,23.6,94.0
F22,Quintic,def_ge_off,49,330.04264432085694,150000,100,150000,50,0.0,23.6,94.0
F22,Quintic,def_ge_off,50,328.8714770072143,150000,100,150000,50,0.0,23.6,94.0
F22,Quintic,def_ge_off,51,345.7477954220088,150000,100,150000,50,0.0,23.6,94.0
F22,Quintic,def_ge_off,52,336.132930998865,150000,100,150000,50,0.0,23.6,94.0
F22,Quintic,def_ge_off,53,287.79861255246385,150000,100,150000,50,0.0,23.6,94.0
F22,Quintic,def_ge_off,54,320.38946303200186,150000,100,150000,50,0.0,23.6,94.0
F22,Quintic,def_ge_off,55,329.18815910013365,150000,100,150000,50,0.0,23.6,94.0
F22,Quintic,def_ge_off,56,330.08159179283945,150000,100,150000,50,0.0,23.6,94.0
F22,Quintic,def_ge_off,57,338.1370755711928,150000,100,150000,50,0.0,23.6,94.0
F22,Quintic,def_ge_off,58,325.6681221931615,150000,100,150000,50,0.0,23.6,94.0
F22,Quintic,def_ge_off,59,326.6225346441407,150000,100,150000,50,0.0,23.6,94.0
F22,Quintic,def_ge_off,60,335.71388613984846,150000,100,150000,50,0.0,23.6,94.0
F22,Quintic,def_ge_off,61,347.77088786170987,150000,100,150000,50,0.0,23.6,94.0
F22,Quintic,def_ge_off,62,291.85541493139755,150000,100,150000,50,0.0,23.6,94.0
F22,Quintic,def_ge_off,63,311.6286684788952,150000,100,150000,50,0.0,23.6,94.0
F22,Quintic,def_ge_off,64,342.38056658275144,150000,100,150000,50,0.0,23.6,94.0
F22,Quintic,def_ge_off,65,328.00737230243027,150000,100,150000,50,0.0,23.6,94.0
F22,Quintic,def_ge_off,66,334.5167792857474,150000,100,150000,50,0.0,23.6,94.0
F22,Quintic,def_ge_off,67,332.87979415027166,150000,100,150000,50,0.0,23.6,94.0
F22,Quintic,def_ge_off,68,312.2908385964532,150000,100,150000,50,0.0,23.6,94.0
F22,Quintic,def_ge_off,69,291.38493586866537,150000,100,150000,50,0.0,23.6,94.0
F22,Quintic,def_ge_off,70,311.1274786441589,150000,100,150000,50,0.0,23.6,94.0
F22,Quintic,def_ge_off,71,341.251079435899,150000,100,150000,50,0.0,23.6,94.0
F22,Quintic,def_ge_off,72,303.0721693421965,150000,100,150000,50,0.0,23.6,94.0
F22,Quintic,def_ge_off,73,341.73973460105935,150000,100,150000,50,0.0,23.6,94.0
F22,Quintic,def_ge_off,74,344.5169033684519,150000,100,150000,50,0.0,23.6,94.0
F22,Quintic,def_ge_off,75,352.7553249384776,150000,100,150000,50,0.0,23.6,94.0
F22,Quintic,def_ge_off,76,336.8022908425629,150000,100,150000,50,0.0,23.6,94.0
F22,Quintic,def_ge_off,77,322.0830579825271,150000,100,150000,50,0.0,23.6,94.0
F22,Quintic,def_ge_off,78,298.3745998269955,150000,100,150000,50,0.0,23.6,94.0
F22,Quintic,def_ge_off,79,331.8070127094485,150000,100,150000,50,0.0,23.6,94.0
F22,Quintic,def_ge_off,80,334.38131690796666,150000,100,150000,50,0.0,23.6,94.0
F22,Quintic,def_ge_off,81,335.7698569147326,150000,100,150000,50,0.0,23.6,94.0
F22,Quintic,def_ge_off,82,326.7564026753554,150000,100,150000,50,0.0,23.6,94.0
F22,Quintic,def_ge_off,83,316.88177503982166,150000,100,150000,50,0.0,23.6,94.0
F22,Quintic,def_ge_off,84,306.74686928609935,150000,100,150000,50,0.0,23.6,94.0
F22,Quintic,def_ge_off,85,311.30979267870697,150000,100,150000,50,0.0,23.6,94.0
F22,Quintic,def_ge_off,86,333.097580993395,150000,100,150000,50,0.0,23.6,94.0
F22,Quintic,def_ge_off,87,352.2976571763418,150000,100,150000,50,0.0,23.6,94.0
F22,Quintic,def_ge_off,88,342.76024515365367,150000,100,150000,50,0.0,23.6,94.0
F22,Quintic,def_ge_off,89,332.7857914808643,150000,100,150000,50,0.0,23.6,94.0
F22,Quintic,def_ge_off,90,337.790194633039,150000,100,150000,50,0.0,23.6,94.0
F22,Quintic,def_ge_off,91,326.4533065823153,150000,100,150000,50,0.0,23.6,94.0
F22,Quintic,def_ge_off,92,332.2978202246544,150000,100,150000,50,0.0,23.6,94.0
F22,Quintic,def_ge_off,93,307.5758521137488,150000,100,150000,50,0.0,23.6,94.0
F22,Quintic,def_ge_off,94,335.4714557262763,150000,100,150000,50,0.0,23.6,94.0
F22,Quintic,def_ge_off,95,348.0917797176788,150000,100,150000,50,0.0,23.6,94.0
F22,Quintic,def_ge_off,96,311.61418070502896,150000,100,150000,50,0.0,23.6,94.0
F22,Quintic,def_ge_off,97,347.5036449862782,150000,100,150000,50,0.0,23.6,94.0
F22,Quintic,def_ge_off,98,338.5477029761569,150000,100,150000,50,0.0,23.6,94.0
F22,Quintic,def_ge_off,99,299.1250947319802,150000,100,150000,50,0.0,23.6,94.0
F23,Rosenbrock,def_le_off,0,98.81623666232478,150000,100,150000,50,0.0,96.1,13.8
F23,Rosenbrock,def_le_off,1,98.86207177222586,150000,100,150000,50,0.0,96.1,13.8
F23,Rosenbrock,def_le_off,2,98.84162623445091,150000,100,150000,50,0.0,96.1,13.8
F23,Rosenbrock,def_le_off,3,98.85498206539302,150000,100,150000,50,0.0,96.1,13.8
F23,Rosenbrock,def_le_off,4,98.85371863028875,150000,100,150000,50,0.0,96.1,13.8
F23,Rosenbrock,def_le_off,5,98.83375605788837,150000,100,150000,50,0.0,96.1,13.8
F23,Rosenbrock,def_le_off,6,98.85695866638677,150000,100,150000,50,0.0,96.1,13.8
F23,Rosenbrock,def_le_off,7,98.86250733013496,150000,100,150000,50,0.0,96.1,13.8
F23,Rosenbrock,def_le_off,8,98.86718667380933,150000,100,150000,50,0.0,96.1,13.8
F23,Rosenbrock,def_le_off,9,98.86232625896628,150000,100,150000,50,0.0,96.1,13.8
F23,Rosenbrock,def_le_off,10,98.88013096872886,150000,100,150000,50,0.0,96.1,13.8
F23,Rosenbrock,def_le_off,11,98.82422724073622,150000,100,150000,50,0.0,96.1,13.8
F23,Rosenbrock,def_le_off,12,98.88509515342707,150000,100,150000,50,0.0,96.1,13.8
F23,Rosenbrock,def_le_off,13,98.81762682474523,150000,100,150000,50,0.0,96.1,13.8
F23,Rosenbrock,def_le_off,14,98.81948555669088,150000,100,150000,50,0.0,96.1,13.8
F23,Rosenbrock,def_le_off,15,98.81298776913059,150000,100,150000,50,0.0,96.1,13.8
F23,Rosenbrock,def_le_off,16,98.84646785194283,150000,100,150000,50,0.0,96.1,13.8
F23,Rosenbrock,def_le_off,17,98.90956956473417,150000,100,150000,50,0.0,96.1,13.8
F23,Rosenbrock,def_le_off,18,98.8489579466838,150000,100,150000,50,0.0,96.1,13.8
F23,Rosenbrock,def_le_off,19,98.84538241869683,150000,100,150000,50,0.0,96.1,13.8
F23,Rosenbrock,def_le_off,20,98.8528655022655,150000,100,150000,50,0.0,96.1,13.8
F23,Rosenbrock,def_le_off,21,98.88367965265397,150000,100,150000,50,0.0,96.1,13.8
F23,Rosenbrock,def_le_off,22,98.90177911852935,150000,100,150000,50,0.0,96.1,13.8
F23,Rosenbrock,def_le_off,23,98.7943664353138,150000,100,150000,50,0.0,96.1,13.8
F23,Rosenbrock,def_le_off,24,98.85285382105258,150000,100,150000,50,0.0,96.1,13.8
F23,Rosenbrock,def_le_off,25,98.8514343060473,150000,100,150000,50,0.0,96.1,13.8
F23,Rosenbrock,def_le_off,26,98.90999773911355,150000,100,150000,50,0.0,96.1,13.8
F23,Rosenbrock,def_le_off,27,98.88742944588681,150000,100,150000,50,0.0,96.1,13.8
F23,Rosenbrock,def_le_off,28,98.83995128878814,150000,100,150000,50,0.0,96.1,13.8
F23,Rosenbrock,def_le_off,29,98.88028784018961,150000,100,150000,50,0.0,96.1,13.8
F23,Rosenbrock,def_le_off,30,98.89606354957638,150000,100,150000,50,0.0,96.1,13.8
F23,Rosenbrock,def_le_off,31,98.83860916996247,150000,100,150000,50,0.0,96.1,13.8
F23,Rosenbrock,def_le_off,32,98.78417694702246,150000,100,150000,50,0.0,96.1,13.8
F23,Rosenbrock,def_le_off,33,98.74213844306554,150000,100,150000,50,0.0,96.1,13.8
F23,Rosenbrock,def_le_off,34,98.9209145140258,150000,100,150000,50,0.0,96.1,13.8
F23,Rosenbrock,def_le_off,35,98.72752790212317,150000,100,150000,50,0.0,96.1,13.8
F23,Rosenbrock,def_le_off,36,98.92462121296472,150000,100,150000,50,0.0,96.1,13.8
F23,Rosenbrock,def_le_off,37,98.87791507300159,150000,100,150000,50,0.0,96.1,13.8
F23,Rosenbrock,def_le_off,38,98.80192603808914,150000,100,150000,50,0.0,96.1,13.8
F23,Rosenbrock,def_le_off,39,98.80726404382457,150000,100,150000,50,0.0,96.1,13.8
F23,Rosenbrock,def_le_off,40,98.828965741401,150000,100,150000,50,0.0,96.1,13.8
F23,Rosenbrock,def_le_off,41,98.77315494020642,150000,100,150000,50,0.0,96.1,13.8
F23,Rosenbrock,def_le_off,42,98.86750296888748,150000,100,150000,50,0.0,96.1,13.8
F23,Rosenbrock,def_le_off,43,98.72208572195046,150000,100,150000,50,0.0,96.1,13.8
F23,Rosenbrock,def_le_off,44,98.789430090076,150000,100,150000,50,0.0,96.1,13.8
F23,Rosenbrock,def_le_off,45,98.91419631449583,150000,100,150000,50,0.0,96.1,13.8
F23,Rosenbrock,def_le_off,46,98.9091458614557,150000,100,150000,50,0.0,96.1,13.8
F23,Rosenbrock,def_le_off,47,98.88367687009496,150000,100,150000,50,0.0,96.1,13.8
F23,Rosenbrock,def_le_off,48,98.89204460471707,150000,100,150000,50,0.0,96.1,13.8
F23,Rosenbrock,def_le_off,49,98.86356188476032,150000,100,150000,50,0.0,96.1,13.8
F23,Rosenbrock,def_le_off,50,98.8003418957362,150000,100,150000,50,0.0,96.1,13.8
F23,Rosenbrock,def_le_off,51,98.85281275730665,150000,100,150000,50,0.0,96.1,13.8
F23,Rosenbrock,def_le_off,52,98.89567049180835,150000,100,150000,50,0.0,96.1,13.8
F23,Rosenbrock,def_le_off,53,98.861994193929,150000,100,150000,50,0.0,96.1,13.8
F23,Rosenbrock,def_le_off,54,98.81751419312467,150000,100,150000,50,0.0,96.1,13.8
F23,Rosenbrock,def_le_off,55,98.84833716180654,150000,100,150000,50,0.0,96.1,13.8
F23,Rosenbrock,def_le_off,56,98.92104935000665,150000,100,150000,50,0.0,96.1,13.8
F23,Rosenbrock,def_le_off,57,98.85668611333395,150000,100,150000,50,0.0,96.1,13.8
F23,Rosenbrock,def_le_off,58,98.8558771177702,150000,100,150000,50,0.0,96.1,13.8
F23,Rosenbrock,def_le_off,59,98.79418256478823,150000,100,150000,50,0.0,96.1,13.8
F23,Rosenbrock,def_le_off,60,98.79864909166851,150000,100,150000,50,0.0,96.1,13.8
F23,Rosenbrock,def_le_off,61,98.85804524317724,150000,100,150000,50,0.0,96.1,13.8
F23,Rosenbrock,def_le_off,62,98.8413644600944,150000,100,150000,50,0.0,96.1,13.8
F23,Rosenbrock,def_le_off,63,98.86305401671271,150000,100,150000,50,0.0,96.1,13.8
F23,Rosenbrock,def_le_off,64,98.88769661186262,150000,100,150000,50,0.0,96.1,13.8
F23,Rosenbrock,def_le_off,65,98.81539020414958,150000,100,150000,50,0.0,96.1,13.8
F23,Rosenbrock,def_le_off,66,98.9042510427834,150000,100,150000,50,0.0,96.1,13.8
F23,Rosenbrock,def_le_off,67,98.87531810752053,150000,100,150000,50,0.0,96.1,13.8
F23,Rosenbrock,def_le_off,68,98.93651448889389,150000,100,150000,50,0.0,96.1,13.8
F23,Rosenbrock,def_le_off,69,98.85028380593477,150000,100,150000,50,0.0,96.1,13.8
F23,Rosenbrock,def_le_off,70,98.88070036545565,150000,100,150000,50,0.0,96.1,13.8
F23,Rosenbrock,def_le_off,71,98.90388669682044,150000,100,150000,50,0.0,96.1,13.8
F23,Rosenbrock,def_le_off,72,98.80079331525407,150000,100,150000,50,0.0,96.1,13.8
F23,Rosenbrock,def_le_off,73,98.90885310437389,150000,100,150000,50,0.0,96.1,13.8
F23,Rosenbrock,def_le_off,74,98.84541212923503,150000,100,150000,50,0.0,96.1,13.8
F23,Rosenbrock,def_le_off,75,98.8833377747841,150000,100,150000,50,0.0,96.1,13.8
F23,Rosenbrock,def_le_off,76,98.93329934774864,150000,100,150000,50,0.0,96.1,13.8
F23,Rosenbrock,def_le_off,77,98.8537365567104,150000,100,150000,50,0.0,96.1,13.8
F23,Rosenbrock,def_le_off,78,98.85444249730817,150000,100,150000,50,0.0,96.1,13.8
F23,Rosenbrock,def_le_off,79,98.84239785089397,150000,100,150000,50,0.0,96.1,13.8
F23,Rosenbrock,def_le_off,80,98.95459816384117,150000,100,150000,50,0.0,96.1,13.8
F23,Rosenbrock,def_le_off,81,98.90317544548981,150000,100,150000,50,0.0,96.1,13.8
F23,Rosenbrock,def_le_off,82,98.80509789829169,150000,100,150000,50,0.0,96.1,13.8
F23,Rosenbrock,def_le_off,83,98.86898677887804,150000,100,150000,50,0.0,96.1,13.8
F23,Rosenbrock,def_le_off,84,98.8712981621056,150000,100,150000,50,0.0,96.1,13.8
F23,Rosenbrock,def_le_off,85,98.79727256090412,150000,100,150000,50,0.0,96.1,13.8
F23,Rosenbrock,def_le_off,86,98.87137100622938,150000,100,150000,50,0.0,96.1,13.8
F23,Rosenbrock,def_le_off,87,98.8841841940138,150000,100,150000,50,0.0,96.1,13.8
F23,Rosenbrock,def_le_off,88,98.92225320348454,150000,100,150000,50,0.0,96.1,13.8
F23,Rosenbrock,def_le_off,89,98.90744749760117,150000,100,150000,50,0.0,96.1,13.8
F23,Rosenbrock,def_le_off,90,98.83048740633019,150000,100,150000,50,0.0,96.1,13.8
F23,Rosenbrock,def_le_off,91,98.87091449499185,150000,100,150000,50,0.0,96.1,13.8
F23,Rosenbrock,def_le_off,92,98.7749294769884,150000,100,150000,50,0.0,96.1,13.8
F23,Rosenbrock,def_le_off,93,98.89912868771621,150000,100,150000,50,0.0,96.1,13.8
F23,Rosenbrock,def_le_off,94,98.89465009936892,150000,100,150000,50,0.0,96.1,13.8
F23,Rosenbrock,def_le_off,95,98.87082992659153,150000,100,150000,50,0.0,96.1,13.8
F23,Rosenbrock,def_le_off,96,98.8043933504228,150000,100,150000,50,0.0,96.1,13.8
F23,Rosenbrock,def_le_off,97,98.89332091840471,150000,100,150000,50,0.0,96.1,13.8
F23,Rosenbrock,def_le_off,98,98.81379019409812,150000,100,150000,50,0.0,96.1,13.8
F23,Rosenbrock,def_le_off,99,98.71200033473353,150000,100,150000,50,0.0,96.1,13.8
F23,Rosenbrock,def_ge_off,0,98.99984468688295,150000,100,150000,50,0.0,96.1,13.8
F23,Rosenbrock,def_ge_off,1,98.98911384998237,150000,100,150000,50,0.0,96.1,13.8
F23,Rosenbrock,def_ge_off,2,98.9987120112224,150000,100,150000,50,0.0,96.1,13.8
F23,Rosenbrock,def_ge_off,3,98.9750915448696,150000,100,150000,50,0.0,96.1,13.8
F23,Rosenbrock,def_ge_off,4,98.99726003743835,150000,100,150000,50,0.0,96.1,13.8
F23,Rosenbrock,def_ge_off,5,98.99270542299536,150000,100,150000,50,0.0,96.1,13.8
F23,Rosenbrock,def_ge_off,6,98.98643423298516,150000,100,150000,50,0.0,96.1,13.8
F23,Rosenbrock,def_ge_off,7,98.98814470043564,150000,100,150000,50,0.0,96.1,13.8
F23,Rosenbrock,def_ge_off,8,98.99299026064303,150000,100,150000,50,0.0,96.1,13.8
F23,Rosenbrock,def_ge_off,9,98.99494562354593,150000,100,150000,50,0.0,96.1,13.8
F23,Rosenbrock,def_ge_off,10,98.9777447081504,150000,100,150000,50,0.0,96.1,13.8
F23,Rosenbrock,def_ge_off,11,98.96266393482524,150000,100,150000,50,0.0,96.1,13.8
F23,Rosenbrock,def_ge_off,12,98.9990529350035,150000,100,150000,50,0.0,96.1,13.8
F23,Rosenbrock,def_ge_off,13,98.98067387702359,150000,100,150000,50,0.0,96.1,13.8
F23,Rosenbrock,def_ge_off,14,98.97515248176117,150000,100,150000,50,0.0,96.1,13.8
F23,Rosenbrock,def_ge_off,15,98.99841962118289,150000,100,150000,50,0.0,96.1,13.8
F23,Rosenbrock,def_ge_off,16,98.91115071877881,150000,100,150000,50,0.0,96.1,13.8
F23,Rosenbrock,def_ge_off,17,98.98512272979056,150000,100,150000,50,0.0,96.1,13.8
F23,Rosenbrock,def_ge_off,18,98.95299624334324,150000,100,150000,50,0.0,96.1,13.8
F23,Rosenbrock,def_ge_off,19,98.9882354082166,150000,100,150000,50,0.0,96.1,13.8
F23,Rosenbrock,def_ge_off,20,98.99208535025514,150000,100,150000,50,0.0,96.1,13.8
F23,Rosenbrock,def_ge_off,21,98.99945702095775,150000,100,150000,50,0.0,96.1,13.8
F23,Rosenbrock,def_ge_off,22,98.95743166933353,150000,100,150000,50,0.0,96.1,13.8
F23,Rosenbrock,def_ge_off,23,98.99466597379072,150000,100,150000,50,0.0,96.1,13.8
F23,Rosenbrock,def_ge_off,24,98.9944152772883,150000,100,150000,50,0.0,96.1,13.8
F23,Rosenbrock,def_ge_off,25,98.97879750815042,150000,100,150000,50,0.0,96.1,13.8
F23,Rosenbrock,def_ge_off,26,98.99256990301618,150000,100,150000,50,0.0,96.1,13.8
F23,Rosenbrock,def_ge_off,27,98.99986734618103,150000,100,150000,50,0.0,96.1,13.8
F23,Rosenbrock,def_ge_off,28,98.91660879144042,150000,100,150000,50,0.0,96.1,13.8
F23,Rosenbrock,def_ge_off,29,98.95786172190259,150000,100,150000,50,0.0,96.1,13.8
F23,Rosenbrock,def_ge_off,30,98.9922225970575,150000,100,150000,50,0.0,96.1,13.8
F23,Rosenbrock,def_ge_off,31,98.97657244839408,150000,100,150000,50,0.0,96.1,13.8
F23,Rosenbrock,def_ge_off,32,98.97366609693547,150000,100,150000,50,0.0,96.1,13.8
F23,Rosenbrock,def_ge_off,33,98.99566277416996,150000,100,150000,50,0.0,96.1,13.8
F23,Rosenbrock,def_ge_off,34,98.98321905564227,150000,100,150000,50,0.0,96.1,13.8
F23,Rosenbrock,def_ge_off,35,98.99991526040321,150000,100,150000,50,0.0,96.1,13.8
F23,Rosenbrock,def_ge_off,36,98.93791837506302,150000,100,150000,50,0.0,96.1,13.8
F23,Rosenbrock,def_ge_off,37,98.97933360851277,150000,100,150000,50,0.0,96.1,13.8
F23,Rosenbrock,def_ge_off,38,98.9999025070573,150000,100,150000,50,0.0,96.1,13.8
F23,Rosenbrock,def_ge_off,39,98.9453647996464,150000,100,150000,50,0.0,96.1,13.8
F23,Rosenbrock,def_ge_off,40,98.98145585052964,150000,100,150000,50,0.0,96.1,13.8
F23,Rosenbrock,def_ge_off,41,98.9607114027872,150000,100,150000,50,0.0,96.1,13.8
F23,Rosenbrock,def_ge_off,42,98.99669530692933,150000,100,150000,50,0.0,96.1,13.8
F23,Rosenbrock,def_ge_off,43,98.99880778894641,150000,100,150000,50,0.0,96.1,13.8
F23,Rosenbrock,def_ge_off,44,98.94887501934984,150000,100,150000,50,0.0,96.1,13.8
F23,Rosenbrock,def_ge_off,45,98.96952804815149,150000,100,150000,50,0.0,96.1,13.8
F23,Rosenbrock,def_ge_off,46,98.97473108357065,150000,100,150000,50,0.0,96.1,13.8
F23,Rosenbrock,def_ge_off,47,98.98727617836366,150000,100,150000,50,0.0,96.1,13.8
F23,Rosenbrock,def_ge_off,48,98.98643131455589,150000,100,150000,50,0.0,96.1,13.8
F23,Rosenbrock,def_ge_off,49,98.98530644779217,150000,100,150000,50,0.0,96.1,13.8
F23,Rosenbrock,def_ge_off,50,98.938038732524,150000,100,150000,50,0.0,96.1,13.8
F23,Rosenbrock,def_ge_off,51,98.9966630994976,150000,100,150000,50,0.0,96.1,13.8
F23,Rosenbrock,def_ge_off,52,98.98260680021377,150000,100,150000,50,0.0,96.1,13.8
F23,Rosenbrock,def_ge_off,53,98.97992134970696,150000,100,150000,50,0.0,96.1,13.8
F23,Rosenbrock,def_ge_off,54,98.99778158169279,150000,100,150000,50,0.0,96.1,13.8
F23,Rosenbrock,def_ge_off,55,98.96927076810967,150000,100,150000,50,0.0,96.1,13.8
F23,Rosenbrock,def_ge_off,56,98.9986992558257,150000,100,150000,50,0.0,96.1,13.8
F23,Rosenbrock,def_ge_off,57,98.99886425856911,150000,100,150000,50,0.0,96.1,13.8
F23,Rosenbrock,def_ge_off,58,98.96256841624376,150000,100,150000,50,0.0,96.1,13.8
F23,Rosenbrock,def_ge_off,59,98.97068021017272,150000,100,150000,50,0.0,96.1,13.8
F23,Rosenbrock,def_ge_off,60,98.98698001816587,150000,100,150000,50,0.0,96.1,13.8
F23,Rosenbrock,def_ge_off,61,98.99666021671143,150000,100,150000,50,0.0,96.1,13.8
F23,Rosenbrock,def_ge_off,62,98.98630672609313,150000,100,150000,50,0.0,96.1,13.8
F23,Rosenbrock,def_ge_off,63,98.9904756546047,150000,100,150000,50,0.0,96.1,13.8
F23,Rosenbrock,def_ge_off,64,98.92394014931908,150000,100,150000,50,0.0,96.1,13.8
F23,Rosenbrock,def_ge_off,65,98.96785556750001,150000,100,150000,50,0.0,96.1,13.8
F23,Rosenbrock,def_ge_off,66,98.98571564214899,150000,100,150000,50,0.0,96.1,13.8
F23,Rosenbrock,def_ge_off,67,98.99539928761399,150000,100,150000,50,0.0,96.1,13.8
F23,Rosenbrock,def_ge_off,68,98.99989995167604,150000,100,150000,50,0.0,96.1,13.8
F23,Rosenbrock,def_ge_off,69,98.99427571071732,150000,100,150000,50,0.0,96.1,13.8
F23,Rosenbrock,def_ge_off,70,98.99238497609858,150000,100,150000,50,0.0,96.1,13.8
F23,Rosenbrock,def_ge_off,71,98.98976431032473,150000,100,150000,50,0.0,96.1,13.8
F23,Rosenbrock,def_ge_off,72,98.99554318867705,150000,100,150000,50,0.0,96.1,13.8
F23,Rosenbrock,def_ge_off,73,98.97484147206026,150000,100,150000,50,0.0,96.1,13.8
F23,Rosenbrock,def_ge_off,74,98.99389956918293,150000,100,150000,50,0.0,96.1,13.8
F23,Rosenbrock,def_ge_off,75,98.99825937698813,150000,100,150000,50,0.0,96.1,13.8
F23,Rosenbrock,def_ge_off,76,98.94930199998925,150000,100,150000,50,0.0,96.1,13.8
F23,Rosenbrock,def_ge_off,77,98.96018616260609,150000,100,150000,50,0.0,96.1,13.8
F23,Rosenbrock,def_ge_off,78,98.97972512107589,150000,100,150000,50,0.0,96.1,13.8
F23,Rosenbrock,def_ge_off,79,98.95619589330695,150000,100,150000,50,0.0,96.1,13.8
F23,Rosenbrock,def_ge_off,80,98.97090836560275,150000,100,150000,50,0.0,96.1,13.8
F23,Rosenbrock,def_ge_off,81,98.98332960136726,150000,100,150000,50,0.0,96.1,13.8
F23,Rosenbrock,def_ge_off,82,98.98812262426787,150000,100,150000,50,0.0,96.1,13.8
F23,Rosenbrock,def_ge_off,83,98.99742077141737,150000,100,150000,50,0.0,96.1,13.8
F23,Rosenbrock,def_ge_off,84,98.93948784705336,150000,100,150000,50,0.0,96.1,13.8
F23,Rosenbrock,def_ge_off,85,98.97200604901984,150000,100,150000,50,0.0,96.1,13.8
F23,Rosenbrock,def_ge_off,86,98.99044337430853,150000,100,150000,50,0.0,96.1,13.8
F23,Rosenbrock,def_ge_off,87,98.99982350385918,150000,100,150000,50,0.0,96.1,13.8
F23,Rosenbrock,def_ge_off,88,98.97948718671707,150000,100,150000,50,0.0,96.1,13.8
F23,Rosenbrock,def_ge_off,89,98.99913643629405,150000,100,150000,50,0.0,96.1,13.8
F23,Rosenbrock,def_ge_off,90,98.99590512987238,150000,100,150000,50,0.0,96.1,13.8
F23,Rosenbrock,def_ge_off,91,98.98514779925647,150000,100,150000,50,0.0,96.1,13.8
F23,Rosenbrock,def_ge_off,92,98.9825999767592,150000,100,150000,50,0.0,96.1,13.8
F23,Rosenbrock,def_ge_off,93,98.9860485921503,150000,100,150000,50,0.0,96.1,13.8
F23,Rosenbrock,def_ge_off,94,98.99707836535133,150000,100,150000,50,0.0,96.1,13.8
F23,Rosenbrock,def_ge_off,95,98.97088112227775,150000,100,150000,50,0.0,96.1,13.8
F23,Rosenbrock,def_ge_off,96,98.99545483813313,150000,100,150000,50,0.0,96.1,13.8
F23,Rosenbrock,def_ge_off,97,98.94088081859024,150000,100,150000,50,0.0,96.1,13.8
F23,Rosenbrock,def_ge_off,98,98.99129986410297,150000,100,150000,50,0.0,96.1,13.8
F23,Rosenbrock,def_ge_off,99,98.982760376173,150000,100,150000,50,0.0,96.1,13.8
F24,Salomon,def_le_off,0,7.742681927958e-13,11589,100,150000,50,0.0,0.0,0.0
F24,Salomon,def_le_off,1,8.271184251370735e-13,12240,100,150000,50,0.0,0.0,0.0
F24,Salomon,def_le_off,2,7.996812823380936e-13,11765,100,150000,50,0.0,0.0,0.0
F24,Salomon,def_le_off,3,6.926268251810981e-13,12473,100,150000,50,0.0,0.0,0.0
F24,Salomon,def_le_off,4,7.828915387313901e-13,11761,100,150000,50,0.0,0.0,0.0
F24,Salomon,def_le_off,5,7.406252711050528e-13,11969,100,150000,50,0.0,0.0,0.0
F24,Salomon,def_le_off,6,9.46075044083192e-13,11837,100,150000,50,0.0,0.0,0.0
F24,Salomon,def_le_off,7,8.7628723779303e-13,12137,100,150000,50,0.0,0.0,0.0
F24,Salomon,def_le_off,8,9.33182250703154e-13,11358,100,150000,50,0.0,0.0,0.0
F24,Salomon,def_le_off,9,9.505534308560445e-13,11424,100,150000,50,0.0,0.0,0.0
F24,Salomon,def_le_off,10,9.344672478456012e-13,12170,100,150000,50,0.0,0.0,0.0
F24,Salomon,def_le_off,11,9.3104581385733e-13,11535,100,150000,50,0.0,0.0,0.0
F24,Salomon,def_le_off,12,9.77597539184167e-13,11942,100,150000,50,0.0,0.0,0.0
F24,Salomon,def_le_off,13,9.091502361584268e-13,12563,100,150000,50,0.0,0.0,0.0
F24,Salomon,def_le_off,14,9.982818389053963e-13,12088,100,150000,50,0.0,0.0,0.0
F24,Salomon,def_le_off,15,9.810815258308744e-13,11647,100,150000,50,0.0,0.0,0.0
F24,Salomon,def_le_off,16,9.067147487364096e-13,11737,100,150000,50,0.0,0.0,0.0
F24,Salomon,def_le_off,17,9.5874448361756e-13,11639,100,150000,50,0.0,0.0,0.0
F24,Salomon,def_le_off,18,8.794413499082333e-13,11734,100,150000,50,0.0,0.0,0.0
F24,Salomon,def_le_off,19,6.632075195376232e-13,11823,100,150000,50,0.0,0.0,0.0
F24,Salomon,def_le_off,20,9.025480746876574e-13,11938,100,150000,50,0.0,0.0,0.0
F24,Salomon,def_le_off,21,9.96982898275986e-13,11642,100,150000,50,0.0,0.0,0.0
F24,Salomon,def_le_off,22,9.417057751459623e-13,12163,100,150000,50,0.0,0.0,0.0
F24,Salomon,def_le_off,23,9.179283095323366e-13,11630,100,150000,50,0.0,0.0,0.0
F24,Salomon,def_le_off,24,8.546579740150684e-13,11748,100,150000,50,0.0,0.0,0.0
F24,Salomon,def_le_off,25,9.18021999610751e-13,12091,100,150000,50,0.0,0.0,0.0
F24,Salomon,def_le_off,26,7.964459000201158e-13,11585,100,150000,50,0.0,0.0,0.0
F24,Salomon,def_le_off,27,9.64402585250872e-13,11975,100,150000,50,0.0,0.0,0.0
F24,Salomon,def_le_off,28,9.631947142433287e-13,11907,100,150000,50,0.0,0.0,0.0
F24,Salomon,def_le_off,29,9.416385291221736e-13,12469,100,150000,50,0.0,0.0,0.0
F24,Salomon,def_le_off,30,8.840588830677668e-13,12677,100,150000,50,0.0,0.0,0.0
F24,Salomon,def_le_off,31,8.684517012932781e-13,11748,100,150000,50,0.0,0.0,0.0
F24,Salomon,def_le_off,32,8.801509920365194e-13,11382,100,150000,50,0.0,0.0,0.0
F24,Salomon,def_le_off,33,6.842417496224759e-13,11734,100,150000,50,0.0,0.0,0.0
F24,Salomon,def_le_off,34,9.882952501404085e-13,11715,100,150000,50,0.0,0.0,0.0
F24,Salomon,def_le_off,35,9.308986130008207e-13,11957,100,150000,50,0.0,0.0,0.0
F24,Salomon,def_le_off,36,9.661972343234082e-13,11716,100,150000,50,0.0,0.0,0.0
F24,Salomon,def_le_off,37,9.830699086509963e-13,12418,100,150000,50,0.0,0.0,0.0
F24,Salomon,def_le_off,38,9.063640465987797e-13,11477,100,150000,50,0.0,0.0,0.0
F24,Salomon,def_le_off,39,6.21832526997482e-13,12193,100,150000,50,0.0,0.0,0.0
F24,Salomon,def_le_off,40,9.468532799888012e-13,11574,100,150000,50,0.0,0.0,0.0
F24,Salomon,def_le_off,41,9.813703757961073e-13,11512,100,150000,50,0.0,0.0,0.0
F24,Salomon,def_le_off,42,7.818658877102798e-13,11524,100,150000,50,0.0,0.0,0.0
F24,Salomon,def_le_off,43,9.322195171558127e-13,11904,100,150000,50,0.0,0.0,0.0
F24,Salomon,def_le_off,44,9.74510625562002e-13,11840,100,150000,50,0.0,0.0,0.0
F24,Salomon,def_le_off,45,9.198101200119686e-13,11555,100,150000,50,0.0,0.0,0.0
F24,Salomon,def_le_off,46,7.57870657049745e-13,12375,100,150000,50,0.0,0.0,0.0
F24,Salomon,def_le_off,47,8.032176117075687e-13,11601,100,150000,50,0.0,0.0,0.0
F24,Salomon,def_le_off,48,9.316404454467869e-13,12182,100,150000,50,0.0,0.0,0.0
F24,Salomon,def_le_off,49,8.308548271763096e-13,11837,100,150000,50,0.0,0.0,0.0
F24,Salomon,def_le_off,50,7.275191460706151e-13,11406,100,150000,50,0.0,0.0,0.0
F24,Salomon,def_le_off,51,7.169956678744996e-13,11999,100,150000,50,0.0,0.0,0.0
F24,Salomon,def_le_off,52,9.505427832408544e-13,11789,100,150000,50,0.0,0.0,0.0
F24,Salomon,def_le_off,53,6.580298856663381e-13,11925,100,150000,50,0.0,0.0,0.0
F24,Salomon,def_le_off,54,7.01441466560084e-13,11614,100,150000,50,0.0,0.0,0.0
F24,Salomon,def_le_off,55,8.908768587152785e-13,11894,100,150000,50,0.0,0.0,0.0
F24,Salomon,def_le_off,56,8.440583736784176e-13,11574,100,150000,50,0.0,0.0,0.0
F24,Salomon,def_le_off,57,8.806140238157801e-13,11489,100,150000,50,0.0,0.0,0.0
F24,Salomon,def_le_off,58,8.166485967478317e-13,12270,100,150000,50,0.0,0.0,0.0
F24,Salomon,def_le_off,59,8.518882696072736e-13,11721,100,150000,50,0.0,0.0,0.0
F24,Salomon,def_le_off,60,9.835170266767316e-13,12033,100,150000,50,0.0,0.0,0.0
F24,Salomon,def_le_off,61,8.76143113168361e-13,11869,100,150000,50,0.0,0.0,0.0
F24,Salomon,def_le_off,62,9.782293819379307e-13,11601,100,150000,50,0.0,0.0,0.0
F24,Salomon,def_le_off,63,6.94887957398623e-13,11939,100,150000,50,0.0,0.0,0.0
F24,Salomon,def_le_off,64,9.172468314438456e-13,11618,100,150000,50,0.0,0.0,0.0
F24,Salomon,def_le_off,65,9.523864199991519e-13,12235,100,150000,50,0.0,0.0,0.0
F24,Salomon,def_le_off,66,8.391458414184272e-13,11947,100,150000,50,0.0,0.0,0.0
F24,Salomon,def_le_off,67,9.30563944172124e-13,11670,100,150000,50,0.0,0.0,0.0
F24,Salomon,def_le_off,68,9.13585303177005e-13,11921,100,150000,50,0.0,0.0,0.0
F24,Salomon,def_le_off,69,9.434163781166677e-13,11776,100,150000,50,0.0,0.0,0.0
F24,Salomon,def_le_off,70,8.194867832743062e-13,11265,100,150000,50,0.0,0.0,0.0
F24,Salomon,def_le_off,71,7.499941548883845e-13,11952,100,150000,50,0.0,0.0,0.0
F24,Salomon,def_le_off,72,7.717886696214543e-13,11973,100,150000,50,0.0,0.0,0.0
F24,Salomon,def_le_off,73,9.910461010805054e-13,12229,100,150000,50,0.0,0.0,0.0
F24,Salomon,def_le_off,74,9.490564648863421e-13,12127,100,150000,50,0.0,0.0,0.0
F24,Salomon,def_le_off,75,9.95200268743927e-13,11877,100,150000,50,0.0,0.0,0.0
F24,Salomon,def_le_off,76,9.300436439187392e-13,12299,100,150000,50,0.0,0.0,0.0
F24,Salomon,def_le_off,77,9.946819114836372e-13,11890,100,150000,50,0.0,0.0,0.0
F24,Salomon,def_le_off,78,9.864383103678204e-13,11645,100,150000,50,0.0,0.0,0.0
F24,Salomon,def_le_off,79,8.067704272909726e-13,11608,100,150000,50,0.0,0.0,0.0
F24,Salomon,def_le_off,80,8.486517797233235e-13,11889,100,150000,50,0.0,0.0,0.0
F24,Salomon,def_le_off,81,8.844638153986923e-13,12012,100,150000,50,0.0,0.0,0.0
F24,Salomon,def_le_off,82,7.156848521187488e-13,12183,100,150000,50,0.0,0.0,0.0
F24,Salomon,def_le_off,83,9.781997317359634e-13,11822,100,150000,50,0.0,0.0,0.0
F24,Salomon,def_le_off,84,9.103889955410786e-13,12079,100,150000,50,0.0,0.0,0.0
F24,Salomon,def_le_off,85,9.03660542163342e-13,11584,100,150000,50,0.0,0.0,0.0
F24,Salomon,def_le_off,86,8.469832386145285e-13,12121,100,150000,50,0.0,0.0,0.0
F24,Salomon,def_le_off,87,9.655184940584253e-13,12002,100,150000,50,0.0,0.0,0.0
F24,Salomon,def_le_off,88,8.981515822498151e-13,12142,100,150000,50,0.0,0.0,0.0
F24,Salomon,def_le_off,89,8.260171720610944e-13,11712,100,150000,50,0.0,0.0,0.0
F24,Salomon,def_le_off,90,8.105547115618781e-13,12019,100,150000,50,0.0,0.0,0.0
F24,Salomon,def_le_off,91,9.944561839432015e-13,11853,100,150000,50,0.0,0.0,0.0
F24,Salomon,def_le_off,92,9.465589518027403e-13,12250,100,150000,50,0.0,0.0,0.0
F24,Salomon,def_le_off,93,8.839152061469556e-13,11697,100,150000,50,0.0,0.0,0.0
F24,Salomon,def_le_off,94,9.275735564471958e-13,11985,100,150000,50,0.0,0.0,0.0
F24,Salomon,def_le_off,95,7.353167272261025e-13,12043,100,150000,50,0.0,0.0,0.0
F24,Salomon,def_le_off,96,7.98140939540112e-13,12094,100,150000,50,0.0,0.0,0.0
F24,Salomon,def_le_off,97,9.866676993009415e-13,11661,100,150000,50,0.0,0.0,0.0
F24,Salomon,def_le_off,98,9.22174393629871e-13,11919,100,150000,50,0.0,0.0,0.0
F24,Salomon,def_le_off,99,7.859725316714096e-13,12264,100,150000,50,0.0,0.0,0.0
F24,Salomon,def_ge_off,0,5.6556898958206064e-05,150000,100,150000,50,0.0,0.0,0.0
F24,Salomon,def_ge_off,1,4.538533840128006e-05,150000,100,150000,50,0.0,0.0,0.0
F24,Salomon,def_ge_off,2,1.983505967324468e-05,150000,100,150000,50,0.0,0.0,0.0
F24,Salomon,def_ge_off,3,9.293226360501227e-05,150000,100,150000,50,0.0,0.0,0.0
F24,Salomon,def_ge_off,4,2.582621754892955e-05,150000,100,150000,50,0.0,0.0,0.0
F24,Salomon,def_ge_off,5,5.582347913047273e-05,150000,100,150000,50,0.0,0.0,0.0
F24,Salomon,def_ge_off,6,0.00020449055424245829,150000,100,150000,50,0.0,0.0,0.0
F24,Salomon,def_ge_off,7,4.329654014222763e-05,150000,100,150000,50,0.0,0.0,0.0
F24,Salomon,def_ge_off,8,4.439430909057542e-05,150000,100,150000,50,0.0,0.0,0.0
F24,Salomon,def_ge_off,9,4.0435599559128746e-05,150000,100,150000,50,0.0,0.0,0.0
F24,Salomon,def_ge_off,10,9.154152999967767e-05,150000,100,150000,50,0.0,0.0,0.0
F24,Salomon,def_ge_off,11,2.0713404833454563e-05,150000,100,150000,50,0.0,0.0,0.0
F24,Salomon,def_ge_off,12,9.773728916447242e-06,150000,100,150000,50,0.0,0.0,0.0
F24,Salomon,def_ge_off,13,4.487590392444744e-05,150000,100,150000,50,0.0,0.0,0.0
F24,Salomon,def_ge_off,14,7.190802040962095e-05,150000,100,150000,50,0.0,0.0,0.0
F24,Salomon,def_ge_off,15,7.819626319561724e-06,150000,100,150000,50,0.0,0.0,0.0
F24,Salomon,def_ge_off,16,3.385380675334235e-06,150000,100,150000,50,0.0,0.0,0.0
F24,Salomon,def_ge_off,17,9.041821222498914e-05,150000,100,150000,50,0.0,0.0,0.0
F24,Salomon,def_ge_off,18,2.642359948704929e-05,150000,100,150000,50,0.0,0.0,0.0
F24,Salomon,def_ge_off,19,9.37115566687842e-05,150000,100,150000,50,0.0,0.0,0.0
F24,Salomon,def_ge_off,20,8.489112481321548e-05,150000,100,150000,50,0.0,0.0,0.0
F24,Salomon,def_ge_off,21,5.2435287635451897e-05,150000,100,150000,50,0.0,0.0,0.0
F24,Salomon,def_ge_off,22,5.3868115572304066e-05,150000,100,150000,50,0.0,0.0,0.0
F24,Salomon,def_ge_off,23,2.3917803995290996e-05,150000,100,150000,50,0.0,0.0,0.0
F24,Salomon,def_ge_off,24,5.09067602232572e-05,150000,100,150000,50,0.0,0.0,0.0
F24,Salomon,def_ge_off,25,7.262549549522214e-05,150000,100,150000,50,0.0,0.0,0.0
F24,Salomon,def_ge_off,26,3.975985316748907e-05,150000,100,150000,50,0.0,0.0,0.0
F24,Salomon,def_ge_off,27,3.380843600197877e-05,150000,100,150000,50,0.0,0.0,0.0
F24,Salomon,def_ge_off,28,0.00014496303519671267,150000,100,150000,50,0.0,0.0,0.0
F24,Salomon,def_ge_off,29,2.438706866507383e-06,150000,100,150000,50,0.0,0.0,0.0
F24,Salomon,def_ge_off,30,2.3039949273097466e-05,150000,100,150000,50,0.0,0.0,0.0
F24,Salomon,def_ge_off,31,8.783725002362104e-06,150000,100,150000,50,0.0,0.0,0.0
F24,Salomon,def_ge_off,32,9.688074264605502e-05,150000,100,150000,50,0.0,0.0,0.0
F24,Salomon,def_ge_off,33,0.00014152920587127136,150000,100,150000,50,0.0,0.0,0.0
F24,Salomon,def_ge_off,34,9.072707481013305e-05,150000,100,150000,50,0.0,0.0,0.0
F24,Salomon,def_ge_off,35,0.00016604117539192675,150000,100,150000,50,0.0,0.0,0.0
F24,Salomon,def_ge_off,36,2.8687791940675383e-05,150000,100,150000,50,0.0,0.0,0.0
F24,Salomon,def_ge_off,37,7.203389293745092e-05,150000,100,150000,50,0.0,0.0,0.0
F24,Salomon,def_ge_off,38,0.00011449530858380892,150000,100,150000,50,0.0,0.0,0.0
F24,Salomon,def_ge_off,39,4.9925374938997236e-05,150000,100,150000,50,0.0,0.0,0.0
F24,Salomon,def_ge_off,40,2.0278274804676273e-05,150000,100,150000,50,0.0,0.0,0.0
F24,Salomon,def_ge_off,41,0.0002990815602209384,150000,100,150000,50,0.0,0.0,0.0
F24,Salomon,def_ge_off,42,7.032635705223109e-06,150000,100,150000,50,0.0,0.0,0.0
F24,Salomon,def_ge_off,43,8.327823583028661e-06,150000,100,150000,50,0.0,0.0,0.0
F24,Salomon,def_ge_off,44,7.926593026698348e-05,150000,100,150000,50,0.0,0.0,0.0
F24,Salomon,def_ge_off,45,1.19757482966356e-05,150000,100,150000,50,0.0,0.0,0.0
F24,Salomon,def_ge_off,46,4.144563484682263e-06,150000,100,150000,50,0.0,0.0,0.0
F24,Salomon,def_ge_off,47,1.2004196361465976e-05,150000,100,150000,50,0.0,0.0,0.0
F24,Salomon,def_ge_off,48,9.930568254320883e-05,150000,100,150000,50,0.0,0.0,0.0
F24,Salomon,def_ge_off,49,4.706740861831758e-05,150000,100,150000,50,0.0,0.0,0.0
F24,Salomon,def_ge_off,50,0.0001572082558003156,150000,100,150000,50,0.0,0.0,0.0
F24,Salomon,def_ge_off,51,9.420457701915347e-05,150000,100,150000,50,0.0,0.0,0.0
F24,Salomon,def_ge_off,52,3.6760116139269026e-05,150000,100,150000,50,0.0,0.0,0.0
F24,Salomon,def_ge_off,53,6.29172026599509e-05,150000,100,150000,50,0.0,0.0,0.0
F24,Salomon,def_ge_off,54,1.935559860720327e-05,150000,100,150000,50,0.0,0.0,0.0
F24,Salomon,def_ge_off,55,5.389104938819645e-05,150000,100,150000,50,0.0,0.0,0.0
F24,Salomon,def_ge_off,56,7.384006500746607e-05,150000,100,150000,50,0.0,0.0,0.0
F24,Salomon,def_ge_off,57,0.00016848749669077327,150000,100,150000,50,0.0,0.0,0.0
F24,Salomon,def_ge_off,58,0.00019571382264406406,150000,100,150000,50,0.0,0.0,0.0
F24,Salomon,def_ge_off,59,4.755660209587972e-06,150000,100,150000,50,0.0,0.0,0.0
F24,Salomon,def_ge_off,60,0.00016685149167404399,150000,100,150000,50,0.0,0.0,0.0
F24,Salomon,def_ge_off,61,0.00010207137893263194,150000,100,150000,50,0.0,0.0,0.0
F24,Salomon,def_ge_off,62,4.323870630414646e-05,150000,100,150000,50,0.0,0.0,0.0
F24,Salomon,def_ge_off,63,8.164673655083578e-05,150000,100,150000,50,0.0,0.0,0.0
F24,Salomon,def_ge_off,64,6.799502297463163e-06,150000,100,150000,50,0.0,0.0,0.0
F24,Salomon,def_ge_off,65,4.729401706067747e-05,150000,100,150000,50,0.0,0.0,0.0
F24,Salomon,def_ge_off,66,2.0580705707557454e-05,150000,100,150000,50,0.0,0.0,0.0
F24,Salomon,def_ge_off,67,1.432043059548622e-05,150000,100,150000,50,0.0,0.0,0.0
F24,Salomon,def_ge_off,68,4.6233638646932745e-05,150000,100,150000,50,0.0,0.0,0.0
F24,Salomon,def_ge_off,69,0.0001704241546049695,150000,100,150000,50,0.0,0.0,0.0
F24,Salomon,def_ge_off,70,0.00029271533231159527,150000,100,150000,50,0.0,0.0,0.0
F24,Salomon,def_ge_off,71,1.2739356314345817e-05,150000,100,150000,50,0.0,0.0,0.0
F24,Salomon,def_ge_off,72,0.00016899584836094399,150000,100,150000,50,0.0,0.0,0.0
F24,Salomon,def_ge_off,73,9.965993923724527e-05,150000,100,150000,50,0.0,0.0,0.0
F24,Salomon,def_ge_off,74,1.4446359084364472e-05,150000,100,150000,50,0.0,0.0,0.0
F24,Salomon,def_ge_off,75,1.4786036660042622e-05,150000,100,150000,50,0.0,0.0,0.0
F24,Salomon,def_ge_off,76,0.00018935637500175733,150000,100,150000,50,0.0,0.0,0.0
F24,Salomon,def_ge_off,77,5.503312715795185e-05,150000,100,150000,50,0.0,0.0,0.0
F24,Salomon,def_ge_off,78,7.042367910368125e-05,150000,100,150000,50,0.0,0.0,0.0
F24,Salomon,def_ge_off,79,2.9921193951288732e-05,150000,100,150000,50,0.0,0.0,0.0
F24,Salomon,def_ge_off,80,3.6018200167930017e-06,150000,100,150000,50,0.0,0.0,0.0
F24,Salomon,def_ge_off,81,8.091339853455727e-05,150000,100,150000,50,0.0,0.0,0.0
F24,Salomon,def_ge_off,82,1.260380489543101e-05,150000,100,150000,50,0.0,0.0,0.0
F24,Salomon,def_ge_off,83,0.00013269283760343923,150000,100,150000,50,0.0,0.0,0.0
F24,Salomon,def_ge_off,84,1.2604099607976677e-05,150000,100,150000,50,0.0,0.0,0.0
F24,Salomon,def_ge_off,85,8.149956724475843e-05,150000,100,150000,50,0.0,0.0,0.0
F24,Salomon,def_ge_off,86,1.8910428688919558e-05,150000,100,150000,50,0.0,0.0,0.0
F24,Salomon,def_ge_off,87,1.3311158994769135e-05,150000,100,150000,50,0.0,0.0,0.0
F24,Salomon,def_ge_off,88,3.555647135513212e-05,150000,100,150000,50,0.0,0.0,0.0
F24,Salomon,def_ge_off,89,3.424565082490926e-05,150000,100,150000,50,0.0,0.0,0.0
F24,Salomon,def_ge_off,90,7.845984222368877e-06,150000,100,150000,50,0.0,0.0,0.0
F24,Salomon,def_ge_off,91,2.554421689442857e-05,150000,100,150000,50,0.0,0.0,0.0
F24,Salomon,def_ge_off,92,5.3349689337308786e-05,150000,100,150000,50,0.0,0.0,0.0
F24,Salomon,def_ge_off,93,3.081289747843924e-05,150000,100,150000,50,0.0,0.0,0.0
F24,Salomon,def_ge_off,94,7.350755224872739e-05,150000,100,150000,50,0.0,0.0,0.0
F24,Salomon,def_ge_off,95,2.046587904067318e-05,150000,100,150000,50,0.0,0.0,0.0
F24,Salomon,def_ge_off,96,0.000118465177916706,150000,100,150000,50,0.0,0.0,0.0
F24,Salomon,def_ge_off,97,0.00014776375756436118,150000,100,150000,50,0.0,0.0,0.0
F24,Salomon,def_ge_off,98,4.8235122257447494e-05,150000,100,150000,50,0.0,0.0,0.0
F24,Salomon,def_ge_off,99,4.370853845080876e-05,150000,100,150000,50,0.0,0.0,0.0
F25,Schumer Steiglitz,def_le_off,0,4.352168932200982e-13,3651,100,150000,50,0.0,0.0,0.0
F25,Schumer Steiglitz,def_le_off,1,9.524442590771642e-13,3824,100,150000,50,0.0,0.0,0.0
F25,Schumer Steiglitz,def_le_off,2,9.147398489607054e-13,3729,100,150000,50,0.0,0.0,0.0
F25,Schumer Steiglitz,def_le_off,3,6.469886135806856e-13,3723,100,150000,50,0.0,0.0,0.0
F25,Schumer Steiglitz,def_le_off,4,6.74338252586843e-13,3819,100,150000,50,0.0,0.0,0.0
F25,Schumer Steiglitz,def_le_off,5,9.191919382449094e-13,3854,100,150000,50,0.0,0.0,0.0
F25,Schumer Steiglitz,def_le_off,6,7.066262830178584e-13,3821,100,150000,50,0.0,0.0,0.0
F25,Schumer Steiglitz,def_le_off,7,8.99482080390126e-13,3893,100,150000,50,0.0,0.0,0.0
F25,Schumer Steiglitz,def_le_off,8,5.494030892768929e-13,3754,100,150000,50,0.0,0.0,0.0
F25,Schumer Steiglitz,def_le_off,9,1.4708950324382535e-13,3740,100,150000,50,0.0,0.0,0.0
F25,Schumer Steiglitz,def_le_off,10,7.97806049043717e-13,3708,100,150000,50,0.0,0.0,0.0
F25,Schumer Steiglitz,def_le_off,11,8.025041523849565e-13,3711,100,150000,50,0.0,0.0,0.0
F25,Schumer Steiglitz,def_le_off,12,8.853919103843824e-13,3666,100,150000,50,0.0,0.0,0.0
F25,Schumer Steiglitz,def_le_off,13,2.467404936035346e-13,3771,100,150000,50,0.0,0.0,0.0
F25,Schumer Steiglitz,def_le_off,14,2.1251807467409767e-13,3736,100,150000,50,0.0,0.0,0.0
F25,Schumer Steiglitz,def_le_off,15,9.391078876972828e-13,3792,100,150000,50,0.0,0.0,0.0
F25,Schumer Steiglitz,def_le_off,16,8.437182920296354e-13,3824,100,150000,50,0.0,0.0,0.0
F25,Schumer Steiglitz,def_le_off,17,7.044886090007948e-13,3730,100,150000,50,0.0,0.0,0.0
F25,Schumer Steiglitz,def_le_off,18,5.066620071152936e-13,3873,100,150000,50,0.0,0.0,0.0
F25,Schumer Steiglitz,def_le_off,19,8.368476952373805e-13,3696,100,150000,50,0.0,0.0,0.0
F25,Schumer Steiglitz,def_le_off,20,3.3366104043038956e-13,3725,100,150000,50,0.0,0.0,0.0
F25,Schumer Steiglitz,def_le_off,21,6.323171369672767e-13,3728,100,150000,50,0.0,0.0,0.0
F25,Schumer Steiglitz,def_le_off,22,4.188000279444812e-13,3710,100,150000,50,0.0,0.0,0.0
F25,Schumer Steiglitz,def_le_off,23,3.599144017629242e-13,3810,100,150000,50,0.0,0.0,0.0
F25,Schumer Steiglitz,def_le_off,24,7.823561065757949e-13,3827,100,150000,50,0.0,0.0,0.0
F25,Schumer Steiglitz,def_le_off,25,9.842893974947622e-13,3768,100,150000,50,0.0,0.0,0.0
F25,Schumer Steiglitz,def_le_off,26,6.40290343230701e-13,3728,100,150000,50,0.0,0.0,0.0
F25,Schumer Steiglitz,def_le_off,27,3.3337925306908873e-13,3757,100,150000,50,0.0,0.0,0.0
F25,Schumer Steiglitz,def_le_off,28,2.7428284772262455e-13,3734,100,150000,50,0.0,0.0,0.0
F25,Schumer Steiglitz,def_le_off,29,7.487006630558498e-13,3625,100,150000,50,0.0,0.0,0.0
F25,Schumer Steiglitz,def_le_off,30,6.206630526488976e-13,3784,100,150000,50,0.0,0.0,0.0
F25,Schumer Steiglitz,def_le_off,31,5.731441424913203e-13,3731,100,150000,50,0.0,0.0,0.0
F25,Schumer Steiglitz,def_le_off,32,6.693284301852734e-13,3807,100,150000,50,0.0,0.0,0.0
F25,Schumer Steiglitz,def_le_off,33,7.077816810030912e-13,3693,100,150000,50,0.0,0.0,0.0
F25,Schumer Steiglitz,def_le_off,34,1.6968143485249822e-13,3714,100,150000,50,0.0,0.0,0.0
F25,Schumer Steiglitz,def_le_off,35,7.019363856751098e-13,3797,100,150000,50,0.0,0.0,0.0
F25,Schumer Steiglitz,def_le_off,36,5.310741643595951e-13,3794,100,150000,50,0.0,0.0,0.0
F25,Schumer Steiglitz,def_le_off,37,9.126416864924363e-13,3611,100,150000,50,0.0,0.0,0.0
F25,Schumer Steiglitz,def_le_off,38,9.256648172558174e-13,3705,100,150000,50,0.0,0.0,0.0
F25,Schumer Steiglitz,def_le_off,39,6.195571669845199e-13,3759,100,150000,50,0.0,0.0,0.0
F25,Schumer Steiglitz,def_le_off,40,7.865258785083006e-13,3767,100,150000,50,0.0,0.0,0.0
F25,Schumer Steiglitz,def_le_off,41,8.739124406053602e-13,3728,100,150000,50,0.0,0.0,0.0
F25,Schumer Steiglitz,def_le_off,42,3.620621320483228e-13,3671,100,150000,50,0.0,0.0,0.0
F25,Schumer Steiglitz,def_le_off,43,7.920905729978369e-13,3583,100,150000,50,0.0,0.0,0.0
F25,Schumer Steiglitz,def_le_off,44,5.879303937852056e-13,3818,100,150000,50,0.0,0.0,0.0
F25,Schumer Steiglitz,def_le_off,45,9.73718434978294e-13,3780,100,150000,50,0.0,0.0,0.0
F25,Schumer Steiglitz,def_le_off,46,4.1982089138030666e-13,3832,100,150000,50,0.0,0.0,0.0
F25,Schumer Steiglitz,def_le_off,47,2.0286924319439826e-13,3682,100,150000,50,0.0,0.0,0.0
F25,Schumer Steiglitz,def_le_off,48,1.9508758803416286e-13,3788,100,150000,50,0.0,0.0,0.0
F25,Schumer Steiglitz,def_le_off,49,4.632324304376119e-13,3618,100,150000,50,0.0,0.0,0.0
F25,Schumer Steiglitz,def_le_off,50,8.458593735386466e-13,3726,100,150000,50,0.0,0.0,0.0
F25,Schumer Steiglitz,def_le_off,51,6.300592446467534e-13,3589,100,150000,50,0.0,0.0,0.0
F25,Schumer Steiglitz,def_le_off,52,9.63156125425601e-13,3830,100,150000,50,0.0,0.0,0.0
F25,Schumer Steiglitz,def_le_off,53,2.054604017254593e-13,3772,100,150000,50,0.0,0.0,0.0
F25,Schumer Steiglitz,def_le_off,54,7.779712575740205e-13,3797,100,150000,50,0.0,0.0,0.0
F25,Schumer Steiglitz,def_le_off,55,9.856415970484606e-13,3688,100,150000,50,0.0,0.0,0.0
F25,Schumer Steiglitz,def_le_off,56,7.927140666278038e-13,3779,100,150000,50,0.0,0.0,0.0
F25,Schumer Steiglitz,def_le_off,57,6.841671016420325e-13,3772,100,150000,50,0.0,0.0,0.0
F25,Schumer Steiglitz,def_le_off,58,8.757578096957129e-13,3851,100,150000,50,0.0,0.0,0.0
F25,Schumer Steiglitz,def_le_off,59,9.638618203095995e-13,3794,100,150000,50,0.0,0.0,0.0
F25,Schumer Steiglitz,def_le_off,60,4.394607604573694e-13,3757,100,150000,50,0.0,0.0,0.0
F25,Schumer Steiglitz,def_le_off,61,9.958606067731587e-13,3765,100,150000,50,0.0,0.0,0.0
F25,Schumer Steiglitz,def_le_off,62,5.613078815178248e-13,3709,100,150000,50,0.0,0.0,0.0
F25,Schumer Steiglitz,def_le_off,63,8.457114969917943e-13,3710,100,150000,50,0.0,0.0,0.0
F25,Schumer Steiglitz,def_le_off,64,8.789363473187857e-13,3750,100,150000,50,0.0,0.0,0.0
F25,Schumer Steiglitz,def_le_off,65,8.955293815065384e-13,3744,100,150000,50,0.0,0.0,0.0
F25,Schumer Steiglitz,def_le_off,66,8.30918044138967e-13,3694,100,150000,50,0.0,0.0,0.0
F25,Schumer Steiglitz,def_le_off,67,4.953545110003697e-13,3835,100,150000,50,0.0,0.0,0.0
F25,Schumer Steiglitz,def_le_off,68,5.316237441978542e-13,3744,100,150000,50,0.0,0.0,0.0
F25,Schumer Steiglitz,def_le_off,69,9.13786308545485e-13,3694,100,150000,50,0.0,0.0,0.0
F25,Schumer Steiglitz,def_le_off,70,9.054975979457186e-13,3872,100,150000,50,0.0,0.0,0.0
F25,Schumer Steiglitz,def_le_off,71,8.936334209127457e-13,3689,100,150000,50,0.0,0.0,0.0
F25,Schumer Steiglitz,def_le_off,72,9.045148374082954e-13,3780,100,150000,50,0.0,0.0,0.0
F25,Schumer Steiglitz,def_le_off,73,5.566468313279855e-13,3713,100,150000,50,0.0,0.0,0.0
F25,Schumer Steiglitz,def_le_off,74,8.328440576549217e-13,3682,100,150000,50,0.0,0.0,0.0
F25,Schumer Steiglitz,def_le_off,75,8.423032405206175e-13,3636,100,150000,50,0.0,0.0,0.0
F25,Schumer Steiglitz,def_le_off,76,9.385449898634053e-13,3635,100,150000,50,0.0,0.0,0.0
F25,Schumer Steiglitz,def_le_off,77,6.751555231198516e-13,3728,100,150000,50,0.0,0.0,0.0
F25,Schumer Steiglitz,def_le_off,78,4.904022236816696e-13,3825,100,150000,50,0.0,0.0,0.0
F25,Schumer Steiglitz,def_le_off,79,7.09125866489689e-13,3707,100,150000,50,0.0,0.0,0.0
F25,Schumer Steiglitz,def_le_off,80,9.320201654047948e-13,3753,100,150000,50,0.0,0.0,0.0
F25,Schumer Steiglitz,def_le_off,81,7.958797412867063e-13,3808,100,150000,50,0.0,0.0,0.0
F25,Schumer Steiglitz,def_le_off,82,3.0686836133647823e-13,3736,100,150000,50,0.0,0.0,0.0
F25,Schumer Steiglitz,def_le_off,83,9.197062473025826e-13,3795,100,150000,50,0.0,0.0,0.0
F25,Schumer Steiglitz,def_le_off,84,9.914552810429779e-13,3683,100,150000,50,0.0,0.0,0.0
F25,Schumer Steiglitz,def_le_off,85,6.925324764226546e-13,3780,100,150000,50,0.0,0.0,0.0
F25,Schumer Steiglitz,def_le_off,86,4.697428640783719e-13,3635,100,150000,50,0.0,0.0,0.0
F25,Schumer Steiglitz,def_le_off,87,1.682352032134279e-13,3716,100,150000,50,0.0,0.0,0.0
F25,Schumer Steiglitz,def_le_off,88,8.565119767617139e-13,3759,100,150000,50,0.0,0.0,0.0
F25,Schumer Steiglitz,def_le_off,89,8.05960206951823e-13,3612,100,150000,50,0.0,0.0,0.0
F25,Schumer Steiglitz,def_le_off,90,6.852643168135777e-13,3635,100,150000,50,0.0,0.0,0.0
F25,Schumer Steiglitz,def_le_off,91,5.803417816961831e-13,3867,100,150000,50,0.0,0.0,0.0
F25,Schumer Steiglitz,def_le_off,92,6.511487713437262e-13,3818,100,150000,50,0.0,0.0,0.0
F25,Schumer Steiglitz,def_le_off,93,6.456243044133661e-13,3719,100,150000,50,0.0,0.0,0.0
F25,Schumer Steiglitz,def_le_off,94,9.454304033144113e-13,3673,100,150000,50,0.0,0.0,0.0
F25,Schumer Steiglitz,def_le_off,95,8.283723727418789e-13,3772,100,150000,50,0.0,0.0,0.0
F25,Schumer Steiglitz,def_le_off,96,6.635267686136451e-13,3897,100,150000,50,0.0,0.0,0.0
F25,Schumer Steiglitz,def_le_off,97,7.29722547740529e-13,3673,100,150000,50,0.0,0.0,0.0
F25,Schumer Steiglitz,def_le_off,98,2.3173121090491664e-13,3824,100,150000,50,0.0,0.0,0.0
F25,Schumer Steiglitz,def_le_off,99,8.527961952075434e-13,3638,100,150000,50,0.0,0.0,0.0
F25,Schumer Steiglitz,def_ge_off,0,4.009110196972576e-14,50107,100,150000,50,0.0,0.0,0.0
F25,Schumer Steiglitz,def_ge_off,1,2.331417263993037e-13,50440,100,150000,50,0.0,0.0,0.0
F25,Schumer Steiglitz,def_ge_off,2,9.676526237725782e-13,25619,100,150000,50,0.0,0.0,0.0
F25,Schumer Steiglitz,def_ge_off,3,2.689191510089071e-14,52339,100,150000,50,0.0,0.0,0.0
F25,Schumer Steiglitz,def_ge_off,4,9.459860330619678e-14,76953,100,150000,50,0.0,0.0,0.0
F25,Schumer Steiglitz,def_ge_off,5,2.225514673521734e-13,69028,100,150000,50,0.0,0.0,0.0
F25,Schumer Steiglitz,def_ge_off,6,1.2060515293235258e-13,31703,100,150000,50,0.0,0.0,0.0
F25,Schumer Steiglitz,def_ge_off,7,2.7958548050907497e-13,54965,100,150000,50,0.0,0.0,0.0
F25,Schumer Steiglitz,def_ge_off,8,7.847548601940134e-13,49623,100,150000,50,0.0,0.0,0.0
F25,Schumer Steiglitz,def_ge_off,9,6.303472640283223e-14,53223,100,150000,50,0.0,0.0,0.0
F25,Schumer Steiglitz,def_ge_off,10,2.8120769117635467e-14,33941,100,150000,50,0.0,0.0,0.0
F25,Schumer Steiglitz,def_ge_off,11,7.551579223242183e-13,43982,100,150000,50,0.0,0.0,0.0
F25,Schumer Steiglitz,def_ge_off,12,3.1371750562948966e-16,42686,100,150000,50,0.0,0.0,0.0
F25,Schumer Steiglitz,def_ge_off,13,1.232918533415987e-13,51388,100,150000,50,0.0,0.0,0.0
F25,Schumer Steiglitz,def_ge_off,14,5.841169406218722e-13,23682,100,150000,50,0.0,0.0,0.0
F25,Schumer Steiglitz,def_ge_off,15,5.0400302691959315e-14,31097,100,150000,50,0.0,0.0,0.0
F25,Schumer Steiglitz,def_ge_off,16,8.593385693573806e-15,30500,100,150000,50,0.0,0.0,0.0
F25,Schumer Steiglitz,def_ge_off,17,8.008627206642713e-13,37578,100,150000,50,0.0,0.0,0.0
F25,Schumer Steiglitz,def_ge_off,18,8.464542006638638e-14,58174,100,150000,50,0.0,0.0,0.0
F25,Schumer Steiglitz,def_ge_off,19,2.8616048717770606e-13,52474,100,150000,50,0.0,0.0,0.0
F25,Schumer Steiglitz,def_ge_off,20,2.8947648278092656e-13,40436,100,150000,50,0.0,0.0,0.0
F25,Schumer Steiglitz,def_ge_off,21,2.3538201103271867e-13,29989,100,150000,50,0.0,0.0,0.0
F25,Schumer Steiglitz,def_ge_off,22,1.6311561527560224e-14,50038,100,150000,50,0.0,0.0,0.0
F25,Schumer Steiglitz,def_ge_off,23,3.405552366271221e-13,46154,100,150000,50,0.0,0.0,0.0
F25,Schumer Steiglitz,def_ge_off,24,6.598197038857113e-13,54801,100,150000,50,0.0,0.0,0.0
F25,Schumer Steiglitz,def_ge_off,25,2.2658607551673734e-13,34919,100,150000,50,0.0,0.0,0.0
F25,Schumer Steiglitz,def_ge_off,26,3.515002342260565e-14,38415,100,150000,50,0.0,0.0,0.0
F25,Schumer Steiglitz,def_ge_off,27,2.668641116791364e-14,55311,100,150000,50,0.0,0.0,0.0
F25,Schumer Steiglitz,def_ge_off,28,2.2479455938935103e-14,53887,100,150000,50,0.0,0.0,0.0
F25,Schumer Steiglitz,def_ge_off,29,1.3529212549681163e-14,30317,100,150000,50,0.0,0.0,0.0
F25,Schumer Steiglitz,def_ge_off,30,1.0109651066072357e-14,47413,100,150000,50,0.0,0.0,0.0
F25,Schumer Steiglitz,def_ge_off,31,1.8232180483916992e-15,41363,100,150000,50,0.0,0.0,0.0
F25,Schumer Steiglitz,def_ge_off,32,1.6993140422136193e-14,32903,100,150000,50,0.0,0.0,0.0
F25,Schumer Steiglitz,def_ge_off,33,8.587335811277908e-16,34605,100,150000,50,0.0,0.0,0.0
F25,Schumer Steiglitz,def_ge_off,34,1.0287149778335556e-14,39859,100,150000,50,0.0,0.0,0.0
F25,Schumer Steiglitz,def_ge_off,35,6.512566209665751e-13,45031,100,150000,50,0.0,0.0,0.0
F25,Schumer Steiglitz,def_ge_off,36,3.5723757835968424e-13,79100,100,150000,50,0.0,0.0,0.0
F25,Schumer Steiglitz,def_ge_off,37,8.957844313517386e-17,52815,100,150000,50,0.0,0.0,0.0
F25,Schumer Steiglitz,def_ge_off,38,4.4460688143006216e-14,46037,100,150000,50,0.0,0.0,0.0
F25,Schumer Steiglitz,def_ge_off,39,1.6825496330093714e-17,95351,100,150000,50,0.0,0.0,0.0
F25,Schumer Steiglitz,def_ge_off,40,1.4641441641265241e-15,34902,100,150000,50,0.0,0.0,0.0
F25,Schumer Steiglitz,def_ge_off,41,6.043322161933432e-13,56322,100,150000,50,0.0,0.0,0.0
F25,Schumer Steiglitz,def_ge_off,42,1.0999372503595839e-13,75922,100,150000,50,0.0,0.0,0.0
F25,Schumer Steiglitz,def_ge_off,43,4.608528233955213e-14,38768,100,150000,50,0.0,0.0,0.0
F25,Schumer Steiglitz,def_ge_off,44,4.636820405160917e-16,70254,100,150000,50,0.0,0.0,0.0
F25,Schumer Steiglitz,def_ge_off,45,6.331920770672468e-13,40205,100,150000,50,0.0,0.0,0.0
F25,Schumer Steiglitz,def_ge_off,46,8.652133775658437e-13,60719,100,150000,50,0.0,0.0,0.0
F25,Schumer Steiglitz,def_ge_off,47,6.516679087694209e-13,54055,100,150000,50,0.0,0.0,0.0
F25,Schumer Steiglitz,def_ge_off,48,9.972274989741332e-15,34500,100,150000,50,0.0,0.0,0.0
F25,Schumer Steiglitz,def_ge_off,49,1.451935557276727e-13,51723,100,150000,50,0.0,0.0,0.0
F25,Schumer Steiglitz,def_ge_off,50,8.50785691491215e-13,24286,100,150000,50,0.0,0.0,0.0
F25,Schumer Steiglitz,def_ge_off,51,6.970690478028688e-15,84771,100,150000,50,0.0,0.0,0.0
F25,Schumer Steiglitz,def_ge_off,52,6.535136950335471e-19,48753,100,150000,50,0.0,0.0,0.0
F25,Schumer Steiglitz,def_ge_off,53,6.7563205791428474e-15,69892,100,150000,50,0.0,0.0,0.0
F25,Schumer Steiglitz,def_ge_off,54,1.484789318579232e-16,63257,100,150000,50,0.0,0.0,0.0
F25,Schumer Steiglitz,def_ge_off,55,1.8628948661430958e-14,44521,100,150000,50,0.0,0.0,0.0
F25,Schumer Steiglitz,def_ge_off,56,2.6365054577732932e-18,49771,100,150000,50,0.0,0.0,0.0
F25,Schumer Steiglitz,def_ge_off,57,8.422142928585113e-13,40428,100,150000,50,0.0,0.0,0.0
F25,Schumer Steiglitz,def_ge_off,58,2.2492965767175098e-18,63695,100,150000,50,0.0,0.0,0.0
F25,Schumer Steiglitz,def_ge_off,59,3.556130486978864e-14,74931,100,150000,50,0.0,0.0,0.0
F25,Schumer Steiglitz,def_ge_off,60,8.606156151677965e-13,47041,100,150000,50,0.0,0.0,0.0
F25,Schumer Steiglitz,def_ge_off,61,1.0618473737729236e-16,54083,100,150000,50,0.0,0.0,0.0
F25,Schumer Steiglitz,def_ge_off,62,7.478119623939376e-13,51437,100,150000,50,0.0,0.0,0.0
F25,Schumer Steiglitz,def_ge_off,63,1.4755718153654616e-13,42502,100,150000,50,0.0,0.0,0.0
F25,Schumer Steiglitz,def_ge_off,64,2.741317076641341e-14,50589,100,150000,50,0.0,0.0,0.0
F25,Schumer Steiglitz,def_ge_off,65,7.653395494029028e-15,47175,100,150000,50,0.0,0.0,0.0
F25,Schumer Steiglitz,def_ge_off,66,5.1562365604113954e-14,37283,100,150000,50,0.0,0.0,0.0
F25,Schumer Steiglitz,def_ge_off,67,4.726639186927696e-13,58750,100,150000,50,0.0,0.0,0.0
F25,Schumer Steiglitz,def_ge_off,68,8.16780224766959e-14,95099,100,150000,50,0.0,0.0,0.0
F25,Schumer Steiglitz,def_ge_off,69,6.928343108118335e-13,57619,100,150000,50,0.0,0.0,0.0
F25,Schumer Steiglitz,def_ge_off,70,7.479891347025879e-14,77422,100,150000,50,0.0,0.0,0.0
F25,Schumer Steiglitz,def_ge_off,71,7.559663652587557e-13,44630,100,150000,50,0.0,0.0,0.0
F25,Schumer Steiglitz,def_ge_off,72,2.2107349875739666e-14,45715,100,150000,50,0.0,0.0,0.0
F25,Schumer Steiglitz,def_ge_off,73,1.9699671604799442e-15,34876,100,150000,50,0.0,0.0,0.0
F25,Schumer Steiglitz,def_ge_off,74,4.0988339291178716e-13,47344,100,150000,50,0.0,0.0,0.0
F25,Schumer Steiglitz,def_ge_off,75,8.237868471500358e-16,44032,100,150000,50,0.0,0.0,0.0
F25,Schumer Steiglitz,def_ge_off,76,1.713732604274618e-14,74717,100,150000,50,0.0,0.0,0.0
F25,Schumer Steiglitz,def_ge_off,77,2.2969283078371402e-14,29510,100,150000,50,0.0,0.0,0.0
F25,Schumer Steiglitz,def_ge_off,78,8.952559510834893e-17,41767,100,150000,50,0.0,0.0,0.0
F25,Schumer Steiglitz,def_ge_off,79,2.1131109417373466e-15,51808,100,150000,50,0.0,0.0,0.0
F25,Schumer Steiglitz,def_ge_off,80,6.548126085651777e-13,45970,100,150000,50,0.0,0.0,0.0
F25,Schumer Steiglitz,def_ge_off,81,2.122563752556357e-13,34207,100,150000,50,0.0,0.0,0.0
F25,Schumer Steiglitz,def_ge_off,82,2.6977067908793978e-14,54485,100,150000,50,0.0,0.0,0.0
F25,Schumer Steiglitz,def_ge_off,83,2.093083041167868e-13,49440,100,150000,50,0.0,0.0,0.0
F25,Schumer Steiglitz,def_ge_off,84,1.2999636269877366e-13,34071,100,150000,50,0.0,0.0,0.0
F25,Schumer Steiglitz,def_ge_off,85,9.745845888826105e-13,34661,100,150000,50,0.0,0.0,0.0
F25,Schumer Steiglitz,def_ge_off,86,2.2021974848429816e-13,89424,100,150000,50,0.0,0.0,0.0
F25,Schumer Steiglitz,def_ge_off,87,3.8958591343576257e-14,63493,100,150000,50,0.0,0.0,0.0
F25,Schumer Steiglitz,def_ge_off,88,5.847207866679374e-14,39593,100,150000,50,0.0,0.0,0.0
F25,Schumer Steiglitz,def_ge_off,89,3.371726253288203e-13,41503,100,150000,50,0.0,0.0,0.0
F25,Schumer Steiglitz,def_ge_off,90,9.566021536730102e-14,52605,100,150000,50,0.0,0.0,0.0
F25,Schumer Steiglitz,def_ge_off,91,1.5470199072041416e-19,41125,100,150000,50,0.0,0.0,0.0
F25,Schumer Steiglitz,def_ge_off,92,4.191603945671838e-15,59686,100,150000,50,0.0,0.0,0.0
F25,Schumer Steiglitz,def_ge_off,93,1.3099221538409697e-13,42683,100,150000,50,0.0,0.0,0.0
F25,Schumer Steiglitz,def_ge_off,94,1.7813748935189755e-13,28711,100,150000,50,0.0,0.0,0.0
F25,Schumer Steiglitz,def_ge_off,95,1.3763578192819553e-13,46629,100,150000,50,0.0,0.0,0.0
F25,Schumer Steiglitz,def_ge_off,96,7.965860906142514e-13,53334,100,150000,50,0.0,0.0,0.0
F25,Schumer Steiglitz,def_ge_off,97,9.766478901322481e-13,30420,100,150000,50,0.0,0.0,0.0
F25,Schumer Steiglitz,def_ge_off,98,2.474098198569121e-16,47589,100,150000,50,0.0,0.0,0.0
F25,Schumer Steiglitz,def_ge_off,99,1.3636847503904524e-13,55755,100,150000,50,0.0,0.0,0.0
