system,k,role,stratum,drift_warm_gap,plateau,variant,budget_fe,trial,seed,NP,J_star,J_start,J,norm_gap,converged_1e4,first_control_error,returned_incumbent,improvement_fraction,realized_fe,fe_exact,time_ms
flight,6,plateau,High,0.0112797009766693,True,baseline,1000,0,14000000,8,-1.3705061496284003,-1.35099116370473,-1.3691295952661287,0.0010044131233157374,False,0.12319971797956344,False,0.9294616779301889,1000,True,24.702198978047818
flight,6,plateau,High,0.0112797009766693,True,baseline,1000,1,14000001,8,-1.3705061496284003,-1.35099116370473,-1.3653647470200967,0.003751462632763588,False,0.2159455688880892,False,0.7365407985220481,1000,True,13.391601969487965
flight,6,plateau,High,0.0112797009766693,True,baseline,1000,2,14000002,8,-1.3705061496284003,-1.35099116370473,-1.370057550169455,0.00032732392997069667,False,0.08405881741911447,False,0.9770125655893374,1000,True,13.53127701440826
flight,6,plateau,High,0.0112797009766693,True,baseline,1000,3,14000003,8,-1.3705061496284003,-1.35099116370473,-1.3700407665285415,0.000339570238327693,False,0.09015148788120031,False,0.9761525270026248,1000,True,12.779595039319247
flight,6,plateau,High,0.0112797009766693,True,baseline,1000,4,14000004,8,-1.3705061496284003,-1.35099116370473,-1.3700394129979199,0.0003405578520074645,False,0.06068157100358734,False,0.9760831684785204,1000,True,12.844573007896543
flight,6,plateau,High,0.0112797009766693,True,baseline,1000,5,14000005,8,-1.3705061496284003,-1.35099116370473,-1.365003381382898,0.004015135756227337,False,0.3015181419178113,False,0.7180234581246623,1000,True,13.521516986656934
flight,6,plateau,High,0.0112797009766693,True,baseline,1000,6,14000006,8,-1.3705061496284003,-1.35099116370473,-1.3703758767445118,9.50545781380715e-05,True,0.04286584157221212,False,0.9933244694924146,1000,True,12.924565991852432
flight,6,plateau,High,0.0112797009766693,True,baseline,1000,7,14000007,8,-1.3705061496284003,-1.35099116370473,-1.3705054896548883,4.815545791178328e-07,True,0.005207810790240745,False,0.9999661811945628,1000,True,13.421176001429558
flight,6,plateau,High,0.0112797009766693,True,baseline,1000,8,14000008,8,-1.3705061496284003,-1.35099116370473,-1.370296933067969,0.00015265641857061064,False,0.07606017593529187,False,0.9892791846609787,1000,True,13.156280969269574
flight,6,plateau,High,0.0112797009766693,True,baseline,1000,9,14000009,8,-1.3705061496284003,-1.35099116370473,-1.3704768817482103,2.1355526349168645e-05,True,0.03797698540754949,False,0.9985002356494356,1000,True,13.04707198869437
flight,6,plateau,High,0.0112797009766693,True,baseline,1000,10,14000010,8,-1.3705061496284003,-1.35099116370473,-1.3704804299170044,1.876657861254467e-05,True,0.03136746935688956,False,0.9986820532950126,1000,True,13.783778005745262
flight,6,plateau,High,0.0112797009766693,True,baseline,1000,11,14000011,8,-1.3705061496284003,-1.35099116370473,-1.3689013284260518,0.0011709697200436768,False,0.18164352671593947,False,0.9177646753820113,1000,True,13.104390003718436
flight,6,plateau,High,0.0112797009766693,True,baseline,1000,12,14000012,8,-1.3705061496284003,-1.35099116370473,-1.370000855631328,0.0003686915211649711,False,0.11260263758270175,False,0.9741073860340551,1000,True,13.221564993727952
flight,6,plateau,High,0.0112797009766693,True,baseline,1000,13,14000013,8,-1.3705061496284003,-1.35099116370473,-1.369855218229772,0.00047495693383408505,False,0.09201459467438508,False,0.9666445366051364,1000,True,13.186945987399668
flight,6,plateau,High,0.0112797009766693,True,baseline,1000,14,14000014,8,-1.3705061496284003,-1.35099116370473,-1.370471725944678,2.5117496723200634e-05,True,0.0430478210938477,False,0.9982360385061481,1000,True,12.874712992925197
flight,6,plateau,High,0.0112797009766693,True,baseline,1000,15,14000015,8,-1.3705061496284003,-1.35099116370473,-1.3703263026257524,0.00013122670240969876,False,0.05643467005630584,False,0.9907841592429844,1000,True,13.452204992063344
flight,6,plateau,High,0.0112797009766693,True,baseline,1000,16,14000016,8,-1.3705061496284003,-1.35099116370473,-1.3705007121558368,3.967492276495949e-06,True,0.009948192934187307,False,0.9997213693832623,1000,True,12.891588965430856
flight,6,plateau,High,0.0112797009766693,True,baseline,1000,17,14000017,8,-1.3705061496284003,-1.35099116370473,-1.370235582793287,0.0001974211025515249,False,0.07683013097445177,False,0.9861354327299255,1000,True,13.125690049491823
flight,6,plateau,High,0.0112797009766693,True,baseline,1000,18,14000018,8,-1.3705061496284003,-1.35099116370473,-1.3703745269154715,9.603949093155747e-05,True,0.059388205556855686,False,0.9932553006472205,1000,True,13.162856979761273
flight,6,plateau,High,0.0112797009766693,True,baseline,1000,19,14000019,8,-1.3705061496284003,-1.35099116370473,-1.3698175480842236,0.000502443235561856,False,0.10748457226231099,False,0.9647142177365606,1000,True,13.365493970923126
flight,6,plateau,High,0.0112797009766693,True,baseline,1000,20,14000020,8,-1.3705061496284003,-1.35099116370473,-1.3703071301375416,0.000145216050955136,False,0.04241580781465355,False,0.9898017097405452,1000,True,13.089618005324155
flight,6,plateau,High,0.0112797009766693,True,baseline,1000,21,14000021,8,-1.3705061496284003,-1.35099116370473,-1.3703305656640676,0.00012811614481285754,False,0.04723713555183742,False,0.9910026087121214,1000,True,13.877679011784494
flight,6,plateau,High,0.0112797009766693,True,baseline,1000,22,14000022,8,-1.3705061496284003,-1.35099116370473,-1.3695179100682269,0.0007210763413512714,False,0.13738355823173815,False,0.9493599655137439,1000,True,13.25796899618581
flight,6,plateau,High,0.0112797009766693,True,baseline,1000,23,14000023,8,-1.3705061496284003,-1.35099116370473,-1.3702327203583395,0.00019950969948944518,False,0.06897296097798834,False,0.9859887539181287,1000,True,13.382756034843624
flight,6,plateau,High,0.0112797009766693,True,baseline,1000,24,14000024,8,-1.3705061496284003,-1.35099116370473,-1.3705005531183225,4.083535181018607e-06,True,0.015537926523647582,False,0.9997132198762685,1000,True,13.355249015148729
flight,6,plateau,High,0.0112797009766693,True,baseline,1000,25,14000025,8,-1.3705061496284003,-1.35099116370473,-1.370489341707502,1.2264024428476994e-05,True,0.016026392628019553,False,0.9991387172420128,1000,True,13.422888005152345
flight,6,plateau,High,0.0112797009766693,True,baseline,1000,26,14000026,8,-1.3705061496284003,-1.35099116370473,-1.3676393602710581,0.002091774165420195,False,0.20348792952887512,False,0.8530980566137647,1000,True,13.696366979274899
flight,6,plateau,High,0.0112797009766693,True,baseline,1000,27,14000027,8,-1.3705061496284003,-1.35099116370473,-1.3704744520961154,2.3128340061465637e-05,True,0.023137717620400858,False,0.9983757337869003,1000,True,13.712923973798752
flight,6,plateau,High,0.0112797009766693,True,baseline,1000,28,14000028,8,-1.3705061496284003,-1.35099116370473,-1.3701769571053135,0.00024019777158686023,False,0.07010993287903516,False,0.9831312958987307,1000,True,13.770775985904038
flight,6,plateau,High,0.0112797009766693,True,baseline,1000,29,14000029,8,-1.3705061496284003,-1.35099116370473,-1.369662276390462,0.000615738381157311,False,0.11285926887251838,False,0.95675768144343,1000,True,13.885791006032377
flight,6,plateau,High,0.0112797009766693,True,A_no_greedy,1000,0,14001000,8,-1.3705061496284003,-1.35099116370473,-1.366225411613894,0.0031234723139818943,False,0.34117049372496483,False,0.7806435509997471,1000,True,13.376843999139965
flight,6,plateau,High,0.0112797009766693,True,A_no_greedy,1000,1,14001001,8,-1.3705061496284003,-1.35099116370473,-1.3704634886283777,3.112791579531369e-05,True,0.04703578777492012,False,0.9978139364184297,1000,True,13.324831961654127
flight,6,plateau,High,0.0112797009766693,True,A_no_greedy,1000,2,14001002,8,-1.3705061496284003,-1.35099116370473,-1.3695679800095832,0.0006845424364359643,False,0.15612867936923477,False,0.951925683037303,1000,True,13.64319899585098
flight,6,plateau,High,0.0112797009766693,True,A_no_greedy,1000,3,14001003,8,-1.3705061496284003,-1.35099116370473,-1.3687516385316658,0.001280192064231337,False,0.18640258543503108,False,0.9100941653969411,1000,True,13.677763985469937
flight,6,plateau,High,0.0112797009766693,True,A_no_greedy,1000,4,14001004,8,-1.3705061496284003,-1.35099116370473,-1.35099116370473,0.014239254547644017,False,0.9687239125405813,True,0.0,1000,True,16.744926979299635
flight,6,plateau,High,0.0112797009766693,True,A_no_greedy,1000,5,14001005,8,-1.3705061496284003,-1.35099116370473,-1.3691121922250344,0.001017111381619014,False,0.27787605215555056,False,0.9285698996239026,1000,True,15.64266998320818
flight,6,plateau,High,0.0112797009766693,True,A_no_greedy,1000,6,14001006,8,-1.3705061496284003,-1.35099116370473,-1.370411784907029,6.885392042709992e-05,True,0.0362576197146935,False,0.9951644996445062,1000,True,13.66187003441155
flight,6,plateau,High,0.0112797009766693,True,A_no_greedy,1000,7,14001007,8,-1.3705061496284003,-1.35099116370473,-1.3689413530123185,0.0011417654831437033,False,0.29489530707349365,False,0.9198156420813043,1000,True,15.497262997087091
flight,6,plateau,High,0.0112797009766693,True,A_no_greedy,1000,8,14001008,8,-1.3705061496284003,-1.35099116370473,-1.3684738880330594,0.001482854780251812,False,0.20087746132677042,False,0.89586148802311,1000,True,14.499892015010118
flight,6,plateau,High,0.0112797009766693,True,A_no_greedy,1000,9,14001009,8,-1.3705061496284003,-1.35099116370473,-1.3703498315915792,0.00011405861758703528,False,0.08630857415258748,False,0.9919898462938913,1000,True,15.021188009995967
flight,6,plateau,High,0.0112797009766693,True,A_no_greedy,1000,10,14001010,8,-1.3705061496284003,-1.35099116370473,-1.3701503957628434,0.00025957845256909857,False,0.052546820181086654,False,0.9817702217696468,1000,True,14.89128899993375
flight,6,plateau,High,0.0112797009766693,True,A_no_greedy,1000,11,14001011,8,-1.3705061496284003,-1.35099116370473,-1.3615601023456503,0.006527549902038523,False,0.26306742656541543,False,0.5415806438323311,1000,True,14.89581196801737
flight,6,plateau,High,0.0112797009766693,True,A_no_greedy,1000,12,14001012,8,-1.3705061496284003,-1.35099116370473,-1.3702137191203927,0.000213374094006755,False,0.11752884515779699,False,0.9850150797365962,1000,True,15.172057028394192
flight,6,plateau,High,0.0112797009766693,True,A_no_greedy,1000,13,14001013,8,-1.3705061496284003,-1.35099116370473,-1.367958626966367,0.0018588188478570653,False,0.18427748252657672,False,0.8694581347894634,1000,True,14.741780003532767
flight,6,plateau,High,0.0112797009766693,True,A_no_greedy,1000,14,14001014,8,-1.3705061496284003,-1.35099116370473,-1.35099116370473,0.014239254547644017,False,0.9687239125405813,True,0.0,1000,True,15.393687004689127
flight,6,plateau,High,0.0112797009766693,True,A_no_greedy,1000,15,14001015,8,-1.3705061496284003,-1.35099116370473,-1.3562943508011212,0.010369744660491002,False,0.7131323299304135,False,0.27174947074692557,1000,True,17.111469991505146
flight,6,plateau,High,0.0112797009766693,True,A_no_greedy,1000,16,14001016,8,-1.3705061496284003,-1.35099116370473,-1.3684997355345052,0.0014639949586794235,False,0.13679740866944345,False,0.8971859830315589,1000,True,14.239736017771065
flight,6,plateau,High,0.0112797009766693,True,A_no_greedy,1000,17,14001017,8,-1.3705061496284003,-1.35099116370473,-1.3570786616379977,0.009797466428037076,False,0.6153201955241023,False,0.31193965279185676,1000,True,14.218183991033584
flight,6,plateau,High,0.0112797009766693,True,A_no_greedy,1000,18,14001018,8,-1.3705061496284003,-1.35099116370473,-1.3589908055621833,0.008402256399461827,False,0.7536608203518029,False,0.40992301448448804,1000,True,13.136808993294835
flight,6,plateau,High,0.0112797009766693,True,A_no_greedy,1000,19,14001019,8,-1.3705061496284003,-1.35099116370473,-1.35099116370473,0.014239254547644017,False,0.9687239125405813,True,0.0,1000,True,13.108315004501492
flight,6,plateau,High,0.0112797009766693,True,A_no_greedy,1000,20,14001020,8,-1.3705061496284003,-1.35099116370473,-1.362280445828428,0.006001945925016498,False,0.602176756729086,False,0.5784929678071131,1000,True,13.362594007048756
flight,6,plateau,High,0.0112797009766693,True,A_no_greedy,1000,21,14001021,8,-1.3705061496284003,-1.35099116370473,-1.3626910608253586,0.005702337640119821,False,0.6591823634392623,False,0.5995339769339743,1000,True,13.63664900418371
flight,6,plateau,High,0.0112797009766693,True,A_no_greedy,1000,22,14001022,8,-1.3705061496284003,-1.35099116370473,-1.370247100359414,0.00018901722480885774,False,0.07384738708165443,False,0.9867256235797729,1000,True,13.62828997662291
flight,6,plateau,High,0.0112797009766693,True,A_no_greedy,1000,23,14001023,8,-1.3705061496284003,-1.35099116370473,-1.361616000177544,0.006486763633469942,False,0.5192269361467655,False,0.5444449980323428,1000,True,13.211982033681124
flight,6,plateau,High,0.0112797009766693,True,A_no_greedy,1000,24,14001024,8,-1.3705061496284003,-1.35099116370473,-1.3579682537055202,0.00914836896301389,False,0.8325367803186245,False,0.35752472628368387,1000,True,13.534320052713156
flight,6,plateau,High,0.0112797009766693,True,A_no_greedy,1000,25,14001025,8,-1.3705061496284003,-1.35099116370473,-1.35099116370473,0.014239254547644017,False,0.9687239125405813,True,0.0,1000,True,13.625656021758914
flight,6,plateau,High,0.0112797009766693,True,A_no_greedy,1000,26,14001026,8,-1.3705061496284003,-1.35099116370473,-1.36433172671534,0.004505213577286309,False,0.5787343016794971,False,0.6836060790814553,1000,True,13.259628030937165
flight,6,plateau,High,0.0112797009766693,True,A_no_greedy,1000,27,14001027,8,-1.3705061496284003,-1.35099116370473,-1.3704904553519017,1.1451445513664918e-05,True,0.018530902774671273,False,0.9991957833554174,1000,True,13.382063014432788
flight,6,plateau,High,0.0112797009766693,True,A_no_greedy,1000,28,14001028,8,-1.3705061496284003,-1.35099116370473,-1.3691172488346783,0.0010134217888030568,False,0.1735968116893413,False,0.9288290138074163,1000,True,13.132265012245625
flight,6,plateau,High,0.0112797009766693,True,A_no_greedy,1000,29,14001029,8,-1.3705061496284003,-1.35099116370473,-1.3704972194771403,6.515951250889269e-06,True,0.02001201701268215,False,0.9995423951984925,1000,True,13.473712024278939
flight,6,plateau,High,0.0112797009766693,True,B_no_bridge,1000,0,14002000,8,-1.3705061496284003,-1.35099116370473,-1.3704539527273512,3.8085856866338584e-05,True,0.044364789242543064,False,0.9973252913810267,1000,True,15.155540953855962
flight,6,plateau,High,0.0112797009766693,True,B_no_bridge,1000,1,14002001,8,-1.3705061496284003,-1.35099116370473,-1.3669696796335669,0.0025804116207667946,False,0.24917894986326106,False,0.8187818321434712,1000,True,15.224247006699443
flight,6,plateau,High,0.0112797009766693,True,B_no_bridge,1000,2,14002002,8,-1.3705061496284003,-1.35099116370473,-1.368125482072374,0.0017370717794092196,False,0.27433971462298734,False,0.8780082360634089,1000,True,15.64044097904116
flight,6,plateau,High,0.0112797009766693,True,B_no_bridge,1000,3,14002003,8,-1.3705061496284003,-1.35099116370473,-1.3702303047851212,0.00020127224044483928,False,0.12071258606580632,False,0.9858649734948279,1000,True,15.478692017495632
flight,6,plateau,High,0.0112797009766693,True,B_no_bridge,1000,4,14002004,8,-1.3705061496284003,-1.35099116370473,-1.3650495451507363,0.00398145201985672,False,0.34144753296612146,False,0.7203890128844225,1000,True,15.86585701443255
flight,6,plateau,High,0.0112797009766693,True,B_no_bridge,1000,5,14002005,8,-1.3705061496284003,-1.35099116370473,-1.3574287085071168,0.009542052127842936,False,0.8019363779429435,False,0.3298769892822982,1000,True,14.66055604396388
flight,6,plateau,High,0.0112797009766693,True,B_no_bridge,1000,6,14002006,8,-1.3705061496284003,-1.35099116370473,-1.3697572460472165,0.0005464430651310133,False,0.17217500907002903,False,0.9616241803036363,1000,True,15.35235601477325
flight,6,plateau,High,0.0112797009766693,True,B_no_bridge,1000,7,14002007,8,-1.3705061496284003,-1.35099116370473,-1.3697281834916504,0.0005676487748419819,False,0.17557157280254282,False,0.960134937335192,1000,True,14.643289963714778
flight,6,plateau,High,0.0112797009766693,True,B_no_bridge,1000,8,14002008,8,-1.3705061496284003,-1.35099116370473,-1.3654802971189768,0.0036671506441516284,False,0.33666213816029245,False,0.7424618942036973,1000,True,14.652466983534396
flight,6,plateau,High,0.0112797009766693,True,B_no_bridge,1000,9,14002009,8,-1.3705061496284003,-1.35099116370473,-1.3704489310903076,4.1749931664459376e-05,True,0.050511860515201255,False,0.997067969286962,1000,True,14.80257697403431
flight,6,plateau,High,0.0112797009766693,True,B_no_bridge,1000,10,14002010,8,-1.3705061496284003,-1.35099116370473,-1.3698931227264417,0.00044729963606865376,False,0.06874187591586593,False,0.968586864251074,1000,True,15.638367971405387
flight,6,plateau,High,0.0112797009766693,True,B_no_bridge,1000,11,14002011,8,-1.3705061496284003,-1.35099116370473,-1.3592934937647307,0.008181397702381563,False,0.3000568223152597,False,0.42543356641270025,1000,True,15.606422966811806
flight,6,plateau,High,0.0112797009766693,True,B_no_bridge,1000,12,14002012,8,-1.3705061496284003,-1.35099116370473,-1.3703328135298039,0.00012647597286848122,False,0.09642322735282918,False,0.9911177953561194,1000,True,14.759887009859085
flight,6,plateau,High,0.0112797009766693,True,B_no_bridge,1000,13,14002013,8,-1.3705061496284003,-1.35099116370473,-1.367292336165998,0.0023449828833483396,False,0.3922291850350935,False,0.8353156146270078,1000,True,16.341968963388354
flight,6,plateau,High,0.0112797009766693,True,B_no_bridge,1000,14,14002014,8,-1.3705061496284003,-1.35099116370473,-1.35099116370473,0.014239254547644017,False,0.9687239125405813,True,0.0,1000,True,16.483254032209516
flight,6,plateau,High,0.0112797009766693,True,B_no_bridge,1000,15,14002015,8,-1.3705061496284003,-1.35099116370473,-1.3702683288481095,0.00017352770022620475,False,0.08050824976270883,False,0.9878134280382735,1000,True,15.818115032743663
flight,6,plateau,High,0.0112797009766693,True,B_no_bridge,1000,16,14002016,8,-1.3705061496284003,-1.35099116370473,-1.3700523815095695,0.00033109528107833335,False,0.0995059802822638,False,0.9767477096521802,1000,True,15.618423989508301
flight,6,plateau,High,0.0112797009766693,True,B_no_bridge,1000,17,14002017,8,-1.3705061496284003,-1.35099116370473,-1.3703963356793005,8.012656428399677e-05,True,0.03950305212725471,False,0.9943728399533911,1000,True,30.576192948501557
flight,6,plateau,High,0.0112797009766693,True,B_no_bridge,1000,18,14002018,8,-1.3705061496284003,-1.35099116370473,-1.3704579534483499,3.5166701049493876e-05,True,0.05149570291831044,False,0.9975302990102588,1000,True,15.681535005569458
flight,6,plateau,High,0.0112797009766693,True,B_no_bridge,1000,19,14002019,8,-1.3705061496284003,-1.35099116370473,-1.3660174670155072,0.003275200635991462,False,0.45992661013026526,False,0.7699879143930771,1000,True,15.7900849590078
flight,6,plateau,High,0.0112797009766693,True,B_no_bridge,1000,20,14002020,8,-1.3705061496284003,-1.35099116370473,-1.3698473516138372,0.00048069686862898885,False,0.07122999030032466,False,0.9662414301942145,1000,True,15.94768901122734
flight,6,plateau,High,0.0112797009766693,True,B_no_bridge,1000,21,14002021,8,-1.3705061496284003,-1.35099116370473,-1.3668591774044105,0.0026610403937104834,False,0.3359944421230178,False,0.8131194027884858,1000,True,16.155645018443465
flight,6,plateau,High,0.0112797009766693,True,B_no_bridge,1000,22,14002022,8,-1.3705061496284003,-1.35099116370473,-1.3576210983359482,0.009401673459068942,False,0.7740183382940015,False,0.3397355579527502,1000,True,15.515532984863967
flight,6,plateau,High,0.0112797009766693,True,B_no_bridge,1000,23,14002023,8,-1.3705061496284003,-1.35099116370473,-1.3703639630821272,0.00010374747045953385,False,0.0740343058054579,False,0.9927139816124223,1000,True,15.165185031946748
flight,6,plateau,High,0.0112797009766693,True,B_no_bridge,1000,24,14002024,8,-1.3705061496284003,-1.35099116370473,-1.3693063921899828,0.0008754119335712541,False,0.0960803515867408,False,0.938521224503561,1000,True,15.657974989153445
flight,6,plateau,High,0.0112797009766693,True,B_no_bridge,1000,25,14002025,8,-1.3705061496284003,-1.35099116370473,-1.3700067390393853,0.0003643986487404287,False,0.08195019504446077,False,0.9744088675765178,1000,True,15.685777994804084
flight,6,plateau,High,0.0112797009766693,True,B_no_bridge,1000,26,14002026,8,-1.3705061496284003,-1.35099116370473,-1.368650139691195,0.0013542514476922267,False,0.21529660876585927,False,0.9048930937247486,1000,True,17.630475980695337
flight,6,plateau,High,0.0112797009766693,True,B_no_bridge,1000,27,14002027,8,-1.3705061496284003,-1.35099116370473,-1.370355345339789,0.00011003547021824788,False,0.04469897905207062,False,0.9922723854784622,1000,True,14.689386007376015
flight,6,plateau,High,0.0112797009766693,True,B_no_bridge,1000,28,14002028,8,-1.3705061496284003,-1.35099116370473,-1.366384754541694,0.0030072065622060566,False,0.3859913832722305,False,0.788808708198589,1000,True,14.776673982851207
flight,6,plateau,High,0.0112797009766693,True,B_no_bridge,1000,29,14002029,8,-1.3705061496284003,-1.35099116370473,-1.3619447472002058,0.006246890924579892,False,0.6243237977905753,False,0.5612908735019781,1000,True,14.702509972266853
flight,6,plateau,High,0.0112797009766693,True,C_fitness_group,1000,0,14003000,8,-1.3705061496284003,-1.35099116370473,-1.370370738842614,9.880348645132837e-05,True,0.03233278330025084,False,0.9930611896766972,1000,True,17.143992998171598
flight,6,plateau,High,0.0112797009766693,True,C_fitness_group,1000,1,14003001,8,-1.3705061496284003,-1.35099116370473,-1.3702574325635226,0.00018147825527463775,False,0.051475017375919606,False,0.9872550733138861,1000,True,17.2118530026637
flight,6,plateau,High,0.0112797009766693,True,C_fitness_group,1000,2,14003002,8,-1.3705061496284003,-1.35099116370473,-1.3701439569199731,0.00026427660213374036,False,0.09806087847866984,False,0.981440278263902,1000,True,16.957731975708157
flight,6,plateau,High,0.0112797009766693,True,C_fitness_group,1000,3,14003003,8,-1.3705061496284003,-1.35099116370473,-1.3701701072316648,0.0002451958328145294,False,0.13667880937964624,False,0.9827802900780997,1000,True,17.392992042005062
flight,6,plateau,High,0.0112797009766693,True,C_fitness_group,1000,4,14003004,8,-1.3705061496284003,-1.35099116370473,-1.370462040294007,3.218470373533861e-05,True,0.02310720928848571,False,0.9977397198970178,1000,True,17.170491977594793
flight,6,plateau,High,0.0112797009766693,True,C_fitness_group,1000,5,14003005,8,-1.3705061496284003,-1.35099116370473,-1.3684741755955154,0.0014826449581680896,False,0.30260191691369087,False,0.8958762234913903,1000,True,17.19013199908659
flight,6,plateau,High,0.0112797009766693,True,C_fitness_group,1000,6,14003006,8,-1.3705061496284003,-1.35099116370473,-1.3695463345527064,0.0007003362049518904,False,0.09218141908234884,False,0.9508165120155279,1000,True,17.242397996596992
flight,6,plateau,High,0.0112797009766693,True,C_fitness_group,1000,7,14003007,8,-1.3705061496284003,-1.35099116370473,-1.3697716665140434,0.0005359210643134468,False,0.08808977943560764,False,0.9623631235385058,1000,True,17.152593994978815
flight,6,plateau,High,0.0112797009766693,True,C_fitness_group,1000,8,14003008,8,-1.3705061496284003,-1.35099116370473,-1.3699011748611354,0.0004414243361323021,False,0.15539259995931043,False,0.9689994771386864,1000,True,17.001644999254495
flight,6,plateau,High,0.0112797009766693,True,C_fitness_group,1000,9,14003009,8,-1.3705061496284003,-1.35099116370473,-1.3690075463523739,0.0010934670205112167,False,0.1268399829679569,False,0.9232075656171104,1000,True,17.000062973238528
flight,6,plateau,High,0.0112797009766693,True,C_fitness_group,1000,10,14003010,8,-1.3705061496284003,-1.35099116370473,-1.369649462055519,0.0006250884559062706,False,0.21767285650809776,False,0.9561010406960035,1000,True,17.01481797499582
flight,6,plateau,High,0.0112797009766693,True,C_fitness_group,1000,11,14003011,8,-1.3705061496284003,-1.35099116370473,-1.369835125702145,0.0004896175959788501,False,0.1538187096034378,False,0.965614941825739,1000,True,17.00053398963064
flight,6,plateau,High,0.0112797009766693,True,C_fitness_group,1000,12,14003012,8,-1.3705061496284003,-1.35099116370473,-1.3704329483202604,5.341187864043736e-05,True,0.050598081463414844,False,0.9962489694624306,1000,True,17.43542996700853
flight,6,plateau,High,0.0112797009766693,True,C_fitness_group,1000,13,14003013,8,-1.3705061496284003,-1.35099116370473,-1.369685622068819,0.0005987040333995399,False,0.2129634647106978,False,0.9579539763548507,1000,True,17.170343024190515
flight,6,plateau,High,0.0112797009766693,True,C_fitness_group,1000,14,14003014,8,-1.3705061496284003,-1.35099116370473,-1.3643707728688357,0.004476723261131085,False,0.23588051800525076,False,0.6856069082723302,1000,True,17.058827041182667
flight,6,plateau,High,0.0112797009766693,True,C_fitness_group,1000,15,14003015,8,-1.3705061496284003,-1.35099116370473,-1.369377790498985,0.0008233156266546333,False,0.09327625525773905,False,0.9421798645498014,1000,True,16.925563977565616
flight,6,plateau,High,0.0112797009766693,True,C_fitness_group,1000,16,14003016,8,-1.3705061496284003,-1.35099116370473,-1.367923708594867,0.0018842972971945715,False,0.28792965094981304,False,0.8676688241726572,1000,True,16.914878971874714
flight,6,plateau,High,0.0112797009766693,True,C_fitness_group,1000,17,14003017,8,-1.3705061496284003,-1.35099116370473,-1.3701569669618805,0.00025478372834337174,False,0.05548266157199936,False,0.9821069475588855,1000,True,16.576150024775416
flight,6,plateau,High,0.0112797009766693,True,C_fitness_group,1000,18,14003018,8,-1.3705061496284003,-1.35099116370473,-1.3701186493140998,0.00028274248488825655,False,0.14381671278510613,False,0.9801434489465575,1000,True,17.08334597060457
flight,6,plateau,High,0.0112797009766693,True,C_fitness_group,1000,19,14003019,8,-1.3705061496284003,-1.35099116370473,-1.369807455908884,0.0005098070663205761,False,0.12451999522837154,False,0.9641970677176407,1000,True,16.733305994421244
flight,6,plateau,High,0.0112797009766693,True,C_fitness_group,1000,20,14003020,8,-1.3705061496284003,-1.35099116370473,-1.3700878718218985,0.0003051995108633728,False,0.15220593009975666,False,0.9785663280446187,1000,True,16.640346962958574
flight,6,plateau,High,0.0112797009766693,True,C_fitness_group,1000,21,14003021,8,-1.3705061496284003,-1.35099116370473,-1.3705037895007386,1.7220846928625717e-06,True,0.011408994121751257,False,0.9998790607551048,1000,True,16.734360018745065
flight,6,plateau,High,0.0112797009766693,True,C_fitness_group,1000,22,14003022,8,-1.3705061496284003,-1.35099116370473,-1.3580595178663168,0.009081777389658761,False,0.6900456710867628,False,0.36220134563424855,1000,True,16.644022020045668
flight,6,plateau,High,0.0112797009766693,True,C_fitness_group,1000,23,14003023,8,-1.3705061496284003,-1.35099116370473,-1.3692241608987907,0.0009354126064718539,False,0.16422673342127003,False,0.9343074735168194,1000,True,17.217451008036733
flight,6,plateau,High,0.0112797009766693,True,C_fitness_group,1000,24,14003024,8,-1.3705061496284003,-1.35099116370473,-1.3693701143060273,0.0008289166179087029,False,0.11926965870781976,False,0.9417865159208174,1000,True,16.90110401250422
flight,6,plateau,High,0.0112797009766693,True,C_fitness_group,1000,25,14003025,8,-1.3705061496284003,-1.35099116370473,-1.3699476036993827,0.00040754718916733855,False,0.17599973216653833,False,0.9713786148141603,1000,True,16.930501034948975
flight,6,plateau,High,0.0112797009766693,True,C_fitness_group,1000,26,14003026,8,-1.3705061496284003,-1.35099116370473,-1.369977102507278,0.00038602316470143905,False,0.1632400775572681,False,0.9728902125171076,1000,True,16.89599797828123
flight,6,plateau,High,0.0112797009766693,True,C_fitness_group,1000,27,14003027,8,-1.3705061496284003,-1.35099116370473,-1.3701765911902937,0.00024046476420118673,False,0.08824480801676575,False,0.9831125454358162,1000,True,16.94577297894284
flight,6,plateau,High,0.0112797009766693,True,C_fitness_group,1000,28,14003028,8,-1.3705061496284003,-1.35099116370473,-1.3695649349367627,0.0006867642964556277,False,0.1523893771241716,False,0.9517696453730959,1000,True,17.42473803460598
flight,6,plateau,High,0.0112797009766693,True,C_fitness_group,1000,29,14003029,8,-1.3705061496284003,-1.35099116370473,-1.3695113973061068,0.0007258284266460464,False,0.16747879576760494,False,0.9490262341882117,1000,True,16.902100993320346
flight,6,plateau,High,0.0112797009766693,True,D_no_warm_slot,1000,0,14004000,8,-1.3705061496284003,-1.35099116370473,-1.3696183178669905,0.000647813044582512,False,0.14134366348584654,False,0.9545051292948691,1000,True,13.348038017284125
flight,6,plateau,High,0.0112797009766693,True,D_no_warm_slot,1000,1,14004001,8,-1.3705061496284003,-1.35099116370473,-1.3689699383962588,0.0011209079452566243,False,0.1319401880512962,False,0.9212804335011986,1000,True,13.967250008136034
flight,6,plateau,High,0.0112797009766693,True,D_no_warm_slot,1000,2,14004002,8,-1.3705061496284003,-1.35099116370473,-1.3682078622721017,0.00167696245428875,False,0.17344259210604718,False,0.8822296175212195,1000,True,14.147803012747318
flight,6,plateau,High,0.0112797009766693,True,D_no_warm_slot,1000,3,14004003,8,-1.3705061496284003,-1.35099116370473,-1.3704732058588276,2.4037666362663715e-05,True,0.03944150373897088,False,0.998311873259781,1000,True,14.00109997484833
flight,6,plateau,High,0.0112797009766693,True,D_no_warm_slot,1000,4,14004004,8,-1.3705061496284003,-1.35099116370473,-1.3697855950673068,0.0005257579918841783,False,0.10689936207443125,False,0.9630768598085657,1000,True,12.890436977613717
flight,6,plateau,High,0.0112797009766693,True,D_no_warm_slot,1000,5,14004005,8,-1.3705061496284003,-1.35099116370473,-1.3704221222379056,6.131121010840951e-05,True,0.03200497745508076,False,0.9956942120879106,1000,True,13.263886037748307
flight,6,plateau,High,0.0112797009766693,True,D_no_warm_slot,1000,6,14004006,8,-1.3705061496284003,-1.35099116370473,-1.3704612364013251,3.2771270006635914e-05,True,0.0454058632002435,False,0.9976985262889301,1000,True,13.053006026893854
flight,6,plateau,High,0.0112797009766693,True,D_no_warm_slot,1000,7,14004007,8,-1.3705061496284003,-1.35099116370473,-1.2802723150855166,0.06583978814494904,False,1.4959973581452743,False,-3.6238226814930194,1000,True,13.19058396620676
flight,6,plateau,High,0.0112797009766693,True,D_no_warm_slot,1000,8,14004008,8,-1.3705061496284003,-1.35099116370473,-1.2015558657974075,0.12327583052203167,False,2.272142918867554,False,-7.657463781517166,1000,True,13.424471952021122
flight,6,plateau,High,0.0112797009766693,True,D_no_warm_slot,1000,9,14004009,8,-1.3705061496284003,-1.35099116370473,-1.370496164317618,7.285856240158345e-06,True,0.01046479818630686,False,0.9994883260064086,1000,True,13.412923959549516
flight,6,plateau,High,0.0112797009766693,True,D_no_warm_slot,1000,10,14004010,8,-1.3705061496284003,-1.35099116370473,-1.3226667816364035,0.03490635047859364,False,1.0185312010606675,False,-1.4514169868793543,1000,True,13.085616985335946
flight,6,plateau,High,0.0112797009766693,True,D_no_warm_slot,1000,11,14004011,8,-1.3705061496284003,-1.35099116370473,-1.3704642028082468,3.060680914488751e-05,True,0.04787674952930984,False,0.9978505329023736,1000,True,13.061039964668453
flight,6,plateau,High,0.0112797009766693,True,D_no_warm_slot,1000,12,14004012,8,-1.3705061496284003,-1.35099116370473,-1.3704532292142384,3.861377358743533e-05,True,0.02025370330093036,False,0.9972882166367463,1000,True,13.495669001713395
flight,6,plateau,High,0.0112797009766693,True,D_no_warm_slot,1000,13,14004013,8,-1.3705061496284003,-1.35099116370473,-1.3704579646600081,3.515852037969426e-05,True,0.04184239793738696,False,0.9975308735255729,1000,True,13.183073024265468
flight,6,plateau,High,0.0112797009766693,True,D_no_warm_slot,1000,14,14004014,8,-1.3705061496284003,-1.35099116370473,-1.3693682202686814,0.0008302986163377976,False,0.15821461745050464,False,0.9416894603885583,1000,True,13.58011196134612
flight,6,plateau,High,0.0112797009766693,True,D_no_warm_slot,1000,15,14004015,8,-1.3705061496284003,-1.35099116370473,-1.358376248238035,0.008850672719457844,False,0.4754636661965098,False,0.3784314558150623,1000,True,13.379107986111194
flight,6,plateau,High,0.0112797009766693,True,D_no_warm_slot,1000,16,14004016,8,-1.3705061496284003,-1.35099116370473,-1.3694344029576797,0.0007820079253283352,False,0.14238499401514607,False,0.945080838135749,1000,True,13.094403024297208
flight,6,plateau,High,0.0112797009766693,True,D_no_warm_slot,1000,17,14004017,8,-1.3705061496284003,-1.35099116370473,-1.3705058816579114,1.9552665924363376e-07,True,0.002858464078610308,False,0.9999862684764438,1000,True,13.592525967396796
flight,6,plateau,High,0.0112797009766693,True,D_no_warm_slot,1000,18,14004018,8,-1.3705061496284003,-1.35099116370473,-1.347901477652568,0.016493666943385422,False,0.5263481437000024,False,-0.15832376534868614,1000,True,13.555972022004426
flight,6,plateau,High,0.0112797009766693,True,D_no_warm_slot,1000,19,14004019,8,-1.3705061496284003,-1.35099116370473,-1.3627260477666423,0.0056768091583299625,False,0.36431996772250647,False,0.6013268012496321,1000,True,13.486980984453112
flight,6,plateau,High,0.0112797009766693,True,D_no_warm_slot,1000,20,14004020,8,-1.3705061496284003,-1.35099116370473,-1.3687909733403067,0.00125149112870354,False,0.13893037559693278,False,0.9121097860484131,1000,True,13.146929035428911
flight,6,plateau,High,0.0112797009766693,True,D_no_warm_slot,1000,21,14004021,8,-1.3705061496284003,-1.35099116370473,-1.3703395431082444,0.00012156568593374148,False,0.058982249511896574,False,0.9914626369289918,1000,True,13.312536990270019
flight,6,plateau,High,0.0112797009766693,True,D_no_warm_slot,1000,22,14004022,8,-1.3705061496284003,-1.35099116370473,-1.3690931349920445,0.0010310166333357329,False,0.14682649010195198,False,0.9275933561068109,1000,True,13.192231010179967
flight,6,plateau,High,0.0112797009766693,True,D_no_warm_slot,1000,23,14004023,8,-1.3705061496284003,-1.35099116370473,-1.3480910942002446,0.016355311819821694,False,0.5241115895849658,False,-0.14860730701157332,1000,True,13.055739982519299
flight,6,plateau,High,0.0112797009766693,True,D_no_warm_slot,1000,24,14004024,8,-1.3705061496284003,-1.35099116370473,-1.3700930072240967,0.0003014524264744808,False,0.061371482009475474,False,0.9788294797690544,1000,True,13.135422021150589
flight,6,plateau,High,0.0112797009766693,True,D_no_warm_slot,1000,25,14004025,8,-1.3705061496284003,-1.35099116370473,-1.3703755222381016,9.531324637558608e-05,True,0.04630731641422345,False,0.9933063036371271,1000,True,13.299954996909946
flight,6,plateau,High,0.0112797009766693,True,D_no_warm_slot,1000,26,14004026,8,-1.3705061496284003,-1.35099116370473,-1.3704569782025233,3.587829641650802e-05,True,0.02125718929754923,False,0.997480324809388,1000,True,13.106789963785559
flight,6,plateau,High,0.0112797009766693,True,D_no_warm_slot,1000,27,14004027,8,-1.3705061496284003,-1.35099116370473,-1.3695945752248744,0.0006651370398980885,False,0.14019740217134516,False,0.9532884929002031,1000,True,13.10899102827534
flight,6,plateau,High,0.0112797009766693,True,D_no_warm_slot,1000,28,14004028,8,-1.3705061496284003,-1.35099116370473,-1.369904770104581,0.00043880104002626513,False,0.07580162495806098,False,0.9691837070151353,1000,True,13.13165802275762
flight,6,plateau,High,0.0112797009766693,True,D_no_warm_slot,1000,29,14004029,8,-1.3705061496284003,-1.35099116370473,-1.3704320996619113,5.4031108513561836e-05,True,0.02996614880582728,False,0.9962054819419952,1000,True,13.053687987849116
flight,6,plateau,High,0.0112797009766693,True,baseline,5000,0,14010000,8,-1.3705061496284003,-1.35099116370473,-1.3705028273547941,2.4241216335452874e-06,True,0.006707093991345306,False,0.9998297578271788,5000,True,66.08647003304213
flight,6,plateau,High,0.0112797009766693,True,baseline,5000,1,14010001,8,-1.3705061496284003,-1.35099116370473,-1.3686602202017275,0.0013468961282467344,False,0.1633768169354345,False,0.9054096460077969,5000,True,67.65202700626105
flight,6,plateau,High,0.0112797009766693,True,baseline,5000,2,14010002,8,-1.3705061496284003,-1.35099116370473,-1.3701893766474982,0.00023113576030873555,False,0.06807248516382583,False,0.9837677064107981,5000,True,66.35652802651748
flight,6,plateau,High,0.0112797009766693,True,baseline,5000,3,14010003,8,-1.3705061496284003,-1.35099116370473,-1.3674709626504693,0.002214646741099264,False,0.19728573013290315,False,0.8444689127728465,5000,True,65.28500095009804
flight,6,plateau,High,0.0112797009766693,True,baseline,5000,4,14010004,8,-1.3705061496284003,-1.35099116370473,-1.37049739125874,6.390609529760767e-06,True,0.009830045527451103,False,0.9995511977464566,5000,True,65.02931501017883
flight,6,plateau,High,0.0112797009766693,True,baseline,5000,5,14010005,8,-1.3705061496284003,-1.35099116370473,-1.3703417656301902,0.00011994400627442826,False,0.048723346996584656,False,0.9915765248894807,5000,True,65.39666902972385
flight,6,plateau,High,0.0112797009766693,True,baseline,5000,6,14010006,8,-1.3705061496284003,-1.35099116370473,-1.3698756429861938,0.00046005385847958195,False,0.10072176249528789,False,0.9676911556753017,5000,True,64.50235098600388
flight,6,plateau,High,0.0112797009766693,True,baseline,5000,7,14010007,8,-1.3705061496284003,-1.35099116370473,-1.3702294329551614,0.0002019083776559108,False,0.06637050213560446,False,0.9858202985991764,5000,True,65.14711398631334
flight,6,plateau,High,0.0112797009766693,True,baseline,5000,8,14010008,8,-1.3705061496284003,-1.35099116370473,-1.369414208722721,0.0007967427989837128,False,0.1209390969449953,False,0.9440460316010335,5000,True,64.47509600548074
flight,6,plateau,High,0.0112797009766693,True,baseline,5000,9,14010009,8,-1.3705061496284003,-1.35099116370473,-1.3697750054482292,0.0005334847861641595,False,0.10129216634331949,False,0.9625342194439225,5000,True,64.67284000245854
flight,6,plateau,High,0.0112797009766693,True,baseline,5000,10,14010010,8,-1.3705061496284003,-1.35099116370473,-1.3701575942840507,0.00025432599805855666,False,0.0714518023750042,False,0.9821390932223599,5000,True,66.59046397544444
flight,6,plateau,High,0.0112797009766693,True,baseline,5000,11,14010011,8,-1.3705061496284003,-1.35099116370473,-1.3705060765418122,5.3328172321376914e-08,True,0.0010249680953059058,False,0.9999962548480229,5000,True,66.07398099731654
flight,6,plateau,High,0.0112797009766693,True,baseline,5000,12,14010012,8,-1.3705061496284003,-1.35099116370473,-1.369970032773625,0.00039118164841554667,False,0.08742023856038836,False,0.9725279404826519,5000,True,64.8961029946804
flight,6,plateau,High,0.0112797009766693,True,baseline,5000,13,14010013,8,-1.3705061496284003,-1.35099116370473,-1.3704986616084027,5.46368945491045e-06,True,0.009169236307181989,False,0.9996162938560703,5000,True,64.4704099977389
flight,6,plateau,High,0.0112797009766693,True,baseline,5000,14,14010014,8,-1.3705061496284003,-1.35099116370473,-1.3696244043906245,0.0006433719673676186,False,0.1150702098063234,False,0.9548170190219636,5000,True,66.83167401934043
flight,6,plateau,High,0.0112797009766693,True,baseline,5000,15,14010015,8,-1.3705061496284003,-1.35099116370473,-1.3704527873289174,3.893619849674397e-05,True,0.027113193198213165,False,0.9972655732526963,5000,True,66.35526497848332
flight,6,plateau,High,0.0112797009766693,True,baseline,5000,16,14010016,8,-1.3705061496284003,-1.35099116370473,-1.3681529637714231,0.001717019553407502,False,0.1967424590130215,False,0.879416471721717,5000,True,67.26493401220068
flight,6,plateau,High,0.0112797009766693,True,baseline,5000,17,14010017,8,-1.3705061496284003,-1.35099116370473,-1.3705042370802578,1.395504969490828e-06,True,0.007828332032483466,False,0.9999019959250801,5000,True,68.58854100573808
flight,6,plateau,High,0.0112797009766693,True,baseline,5000,18,14010018,8,-1.3705061496284003,-1.35099116370473,-1.3704924384443231,1.0004467386697188e-05,True,0.010754612912722382,False,0.9992974023075981,5000,True,67.83514702692628
flight,6,plateau,High,0.0112797009766693,True,baseline,5000,19,14010019,8,-1.3705061496284003,-1.35099116370473,-1.3693327372810546,0.0008561890420293642,False,0.12943349856493785,False,0.9398712173334224,5000,True,68.67815600708127
flight,6,plateau,High,0.0112797009766693,True,baseline,5000,20,14010020,8,-1.3705061496284003,-1.35099116370473,-1.3675894025933162,0.0021282261563547187,False,0.2169942222677557,False,0.8505380917776452,5000,True,67.94742500642315
flight,6,plateau,High,0.0112797009766693,True,baseline,5000,21,14010021,8,-1.3705061496284003,-1.35099116370473,-1.3694983443233435,0.0007353526325511915,False,0.12984082753052786,False,0.9483573644890799,5000,True,66.42803602153435
flight,6,plateau,High,0.0112797009766693,True,baseline,5000,22,14010022,8,-1.3705061496284003,-1.35099116370473,-1.3685327395533597,0.00143991333098043,False,0.15603525786684755,False,0.8988771971058925,5000,True,71.93637499585748
flight,6,plateau,High,0.0112797009766693,True,baseline,5000,23,14010023,8,-1.3705061496284003,-1.35099116370473,-1.3702898341032288,0.00015783623096488238,False,0.06089072477055996,False,0.988915414747537,5000,True,71.24877598835155
flight,6,plateau,High,0.0112797009766693,True,baseline,5000,24,14010024,8,-1.3705061496284003,-1.35099116370473,-1.3670992861219273,0.002485843283079577,False,0.23535445566207924,False,0.8254232147643659,5000,True,65.54689799668267
flight,6,plateau,High,0.0112797009766693,True,baseline,5000,25,14010025,8,-1.3705061496284003,-1.35099116370473,-1.3705009574193943,3.7885338985784466e-06,True,0.007483453069883622,False,0.9997339373430048,5000,True,65.41759701212868
flight,6,plateau,High,0.0112797009766693,True,baseline,5000,26,14010026,8,-1.3705061496284003,-1.35099116370473,-1.3696838995662448,0.0005999608702073118,False,0.11116642252432177,False,0.9578657107224353,5000,True,65.70793001446873
flight,6,plateau,High,0.0112797009766693,True,baseline,5000,27,14010027,8,-1.3705061496284003,-1.35099116370473,-1.3699988208660432,0.00037017620278078164,False,0.08742558371494247,False,0.9740031192263482,5000,True,65.31738897319883
flight,6,plateau,High,0.0112797009766693,True,baseline,5000,28,14010028,8,-1.3705061496284003,-1.35099116370473,-1.370501880708454,3.1148491727554707e-06,True,0.006190156699963706,False,0.9997812491403723,5000,True,65.66273199860007
flight,6,plateau,High,0.0112797009766693,True,baseline,5000,29,14010029,8,-1.3705061496284003,-1.35099116370473,-1.369019305612466,0.0010848867889702615,False,0.15295382171530836,False,0.9238101415112518,5000,True,69.18342801509425
flight,6,plateau,High,0.0112797009766693,True,A_no_greedy,5000,0,14011000,8,-1.3705061496284003,-1.35099116370473,-1.369721105478201,0.0005728132999710852,False,0.14544062986576728,False,0.9597722410218545,5000,True,70.84963598754257
flight,6,plateau,High,0.0112797009766693,True,A_no_greedy,5000,1,14011001,8,-1.3705061496284003,-1.35099116370473,-1.3687784126756612,0.0012606561110342692,False,0.20736144173264537,False,0.9114661440445382,5000,True,72.06629600841552
flight,6,plateau,High,0.0112797009766693,True,A_no_greedy,5000,2,14011002,8,-1.3705061496284003,-1.35099116370473,-1.370169081900452,0.0002459439733559643,False,0.1359954788390678,False,0.9827277493682661,5000,True,67.2590599860996
flight,6,plateau,High,0.0112797009766693,True,A_no_greedy,5000,3,14011003,8,-1.3705061496284003,-1.35099116370473,-1.3700186883719296,0.00035567972942176937,False,0.1375211665675222,False,0.975021183290763,5000,True,66.09128997661173
flight,6,plateau,High,0.0112797009766693,True,A_no_greedy,5000,4,14011004,8,-1.3705061496284003,-1.35099116370473,-1.3701972679691763,0.00022537779878462977,False,0.05477054412575211,False,0.984172078809988,5000,True,67.13238003430888
flight,6,plateau,High,0.0112797009766693,True,A_no_greedy,5000,5,14011005,8,-1.3705061496284003,-1.35099116370473,-1.3696965664559724,0.0005907183799558098,False,0.16838731114599523,False,0.9585147959832245,5000,True,65.6137490295805
flight,6,plateau,High,0.0112797009766693,True,A_no_greedy,5000,6,14011006,8,-1.3705061496284003,-1.35099116370473,-1.3677151872386202,0.0020364464548640686,False,0.2315691209899355,False,0.8569836329528211,5000,True,66.53667701175436
flight,6,plateau,High,0.0112797009766693,True,A_no_greedy,5000,7,14011007,8,-1.3705061496284003,-1.35099116370473,-1.3704746220418655,2.3004337881551844e-05,True,0.03633959116618049,False,0.9983844422610341,5000,True,66.26731099095196
flight,6,plateau,High,0.0112797009766693,True,A_no_greedy,5000,8,14011008,8,-1.3705061496284003,-1.35099116370473,-1.3691992741423697,0.0009535714132949616,False,0.26829166034672847,False,0.9330322096494345,5000,True,65.92177599668503
flight,6,plateau,High,0.0112797009766693,True,A_no_greedy,5000,9,14011009,8,-1.3705061496284003,-1.35099116370473,-1.3703928401217216,8.267712385638195e-05,True,0.05170521548875439,False,0.9941937182469948,5000,True,67.43099697632715
flight,6,plateau,High,0.0112797009766693,True,A_no_greedy,5000,10,14011010,8,-1.3705061496284003,-1.35099116370473,-1.3697973869624105,0.0005171539479644236,False,0.07611252352749161,False,0.9636811080078633,5000,True,67.02666101045907
flight,6,plateau,High,0.0112797009766693,True,A_no_greedy,5000,11,14011011,8,-1.3705061496284003,-1.35099116370473,-1.3704802811606045,1.8875119825515597e-05,True,0.01723496410157366,False,0.99867443061978,5000,True,71.27662398852408
flight,6,plateau,High,0.0112797009766693,True,A_no_greedy,5000,12,14011012,8,-1.3705061496284003,-1.35099116370473,-1.3696300830419212,0.0006392284972355894,False,0.11966028979864583,False,0.955108008281139,5000,True,66.70893402770162
flight,6,plateau,High,0.0112797009766693,True,A_no_greedy,5000,13,14011013,8,-1.3705061496284003,-1.35099116370473,-1.3679121338076576,0.0018927429267253152,False,0.3172012952518942,False,0.8670757011617239,5000,True,67.06042599398643
flight,6,plateau,High,0.0112797009766693,True,A_no_greedy,5000,14,14011014,8,-1.3705061496284003,-1.35099116370473,-1.367329619023253,0.002317779169403019,False,0.4142636606931638,False,0.8372260878090342,5000,True,64.8215789697133
flight,6,plateau,High,0.0112797009766693,True,A_no_greedy,5000,15,14011015,8,-1.3705061496284003,-1.35099116370473,-1.3698793875588935,0.00045732160317324237,False,0.1852115961785958,False,0.9678830375815629,5000,True,66.10914401244372
flight,6,plateau,High,0.0112797009766693,True,A_no_greedy,5000,16,14011016,8,-1.3705061496284003,-1.35099116370473,-1.3692414250342138,0.0009228157017241416,False,0.17565101580095976,False,0.9351921339255201,5000,True,67.16620700899512
flight,6,plateau,High,0.0112797009766693,True,A_no_greedy,5000,17,14011017,8,-1.3705061496284003,-1.35099116370473,-1.370410094637957,7.00872378204581e-05,True,0.06497264282694955,False,0.9950778857428281,5000,True,69.51520103029907
flight,6,plateau,High,0.0112797009766693,True,A_no_greedy,5000,18,14011018,8,-1.3705061496284003,-1.35099116370473,-1.3691982883820342,0.0009542906806516593,False,0.2513674027109823,False,0.9329816966570379,5000,True,68.4861569898203
flight,6,plateau,High,0.0112797009766693,True,A_no_greedy,5000,19,14011019,8,-1.3705061496284003,-1.35099116370473,-1.3701549191457703,0.0002562779325910471,False,0.10899162685844535,False,0.9820020119920218,5000,True,68.19026201264933
flight,6,plateau,High,0.0112797009766693,True,A_no_greedy,5000,20,14011020,8,-1.3705061496284003,-1.35099116370473,-1.3688428849379195,0.001213613445610452,False,0.27423706231136696,False,0.9147698749573058,5000,True,66.1047039902769
flight,6,plateau,High,0.0112797009766693,True,A_no_greedy,5000,21,14011021,8,-1.3705061496284003,-1.35099116370473,-1.3703835412732654,8.94620977571929e-05,True,0.03663315924694141,False,0.9937172204164301,5000,True,67.58729903958738
flight,6,plateau,High,0.0112797009766693,True,A_no_greedy,5000,22,14011022,8,-1.3705061496284003,-1.35099116370473,-1.3696142678559136,0.0006507681652713526,False,0.20267865886845354,False,0.9542975959103823,5000,True,66.541354986839
flight,6,plateau,High,0.0112797009766693,True,A_no_greedy,5000,23,14011023,8,-1.3705061496284003,-1.35099116370473,-1.3702115338110852,0.00021496862118790226,False,0.1063427149088196,False,0.9849030986510828,5000,True,66.69011298799887
flight,6,plateau,High,0.0112797009766693,True,A_no_greedy,5000,24,14011024,8,-1.3705061496284003,-1.35099116370473,-1.369333612552481,0.0008555503937265562,False,0.14836192684562635,False,0.9399160685790175,5000,True,68.06503003463149
flight,6,plateau,High,0.0112797009766693,True,A_no_greedy,5000,25,14011025,8,-1.3705061496284003,-1.35099116370473,-1.3678918506062423,0.001907542715417134,False,0.3595990672769515,False,0.8660363357481554,5000,True,67.76415201602504
flight,6,plateau,High,0.0112797009766693,True,A_no_greedy,5000,26,14011026,8,-1.3705061496284003,-1.35099116370473,-1.370355341739631,0.00011003809710025823,False,0.09157430904262716,False,0.9922722009967534,5000,True,66.45225104875863
flight,6,plateau,High,0.0112797009766693,True,A_no_greedy,5000,27,14011027,8,-1.3705061496284003,-1.35099116370473,-1.3701288496849493,0.00027529970847145664,False,0.06594965584616098,False,0.9806661431923761,5000,True,66.93120195996016
flight,6,plateau,High,0.0112797009766693,True,A_no_greedy,5000,28,14011028,8,-1.3705061496284003,-1.35099116370473,-1.3695947225778122,0.0006650295227316085,False,0.22477292925616432,False,0.9532960436582938,5000,True,66.87091098865494
flight,6,plateau,High,0.0112797009766693,True,A_no_greedy,5000,29,14011029,8,-1.3705061496284003,-1.35099116370473,-1.3700885003072647,0.00030474093184396116,False,0.0622215973389529,False,0.9785985333133621,5000,True,67.19674495980144
flight,6,plateau,High,0.0112797009766693,True,B_no_bridge,5000,0,14012000,8,-1.3705061496284003,-1.35099116370473,-1.3703162041495174,0.00013859513066355805,False,0.08964603294506841,False,0.9902666863493574,5000,True,73.08728800853714
flight,6,plateau,High,0.0112797009766693,True,B_no_bridge,5000,1,14012001,8,-1.3705061496284003,-1.35099116370473,-1.369729287059811,0.0005668435481299886,False,0.07760189482310652,False,0.9601914871151891,5000,True,73.29312502406538
flight,6,plateau,High,0.0112797009766693,True,B_no_bridge,5000,2,14012002,8,-1.3705061496284003,-1.35099116370473,-1.3704993357268824,4.97181389500354e-06,True,0.007358116084963004,False,0.9996508374874283,5000,True,73.9397419965826
flight,6,plateau,High,0.0112797009766693,True,B_no_bridge,5000,3,14012003,8,-1.3705061496284003,-1.35099116370473,-1.3686594785581923,0.0013474372739653818,False,0.16482491808083868,False,0.9053716422122445,5000,True,73.69672995992005
flight,6,plateau,High,0.0112797009766693,True,B_no_bridge,5000,4,14012004,8,-1.3705061496284003,-1.35099116370473,-1.3705006422929413,4.01846825751411e-06,True,0.011199988551910086,False,0.9997177894219063,5000,True,73.13738402444869
flight,6,plateau,High,0.0112797009766693,True,B_no_bridge,5000,5,14012005,8,-1.3705061496284003,-1.35099116370473,-1.3692204070327674,0.0009381516427208902,False,0.16321310581766973,False,0.9341151153958327,5000,True,72.81570503255352
flight,6,plateau,High,0.0112797009766693,True,B_no_bridge,5000,6,14012006,8,-1.3705061496284003,-1.35099116370473,-1.3704966582389781,6.925462847987074e-06,True,0.01438974266162443,False,0.9995136358560897,5000,True,73.25680705253035
flight,6,plateau,High,0.0112797009766693,True,B_no_bridge,5000,7,14012007,8,-1.3705061496284003,-1.35099116370473,-1.3703829688641893,8.987976029471126e-05,True,0.03080516483920544,False,0.9936878886465597,5000,True,73.05330201052129
flight,6,plateau,High,0.0112797009766693,True,B_no_bridge,5000,8,14012008,8,-1.3705061496284003,-1.35099116370473,-1.3704347499155194,5.209733126721674e-05,True,0.028385711019902945,False,0.9963412880152609,5000,True,74.61809198139235
flight,6,plateau,High,0.0112797009766693,True,B_no_bridge,5000,9,14012009,8,-1.3705061496284003,-1.35099116370473,-1.3704879249078166,1.3297802850948102e-05,True,0.029203033472965313,False,0.9990661166420999,5000,True,79.7534310258925
flight,6,plateau,High,0.0112797009766693,True,B_no_bridge,5000,10,14012010,8,-1.3705061496284003,-1.35099116370473,-1.3692842969874885,0.0008915338623201983,False,0.1935417272513477,False,0.9373890073151541,5000,True,77.23033998627216
flight,6,plateau,High,0.0112797009766693,True,B_no_bridge,5000,11,14012011,8,-1.3705061496284003,-1.35099116370473,-1.3702778840131489,0.0001665557030250161,False,0.042635243260780366,False,0.9883030602151449,5000,True,74.22479201341048
flight,6,plateau,High,0.0112797009766693,True,B_no_bridge,5000,12,14012012,8,-1.3705061496284003,-1.35099116370473,-1.3704439082399333,4.5414891778395435e-05,True,0.021887901651335348,False,0.996810585018588,5000,True,74.13740496849641
flight,6,plateau,High,0.0112797009766693,True,B_no_bridge,5000,13,14012013,8,-1.3705061496284003,-1.35099116370473,-1.3704940007490873,8.864520101784992e-06,True,0.010400264639281898,False,0.9993774589763723,5000,True,74.24558798084036
flight,6,plateau,High,0.0112797009766693,True,B_no_bridge,5000,14,14012014,8,-1.3705061496284003,-1.35099116370473,-1.3697738739142082,0.0005343104183740061,False,0.10320120959582173,False,0.9624762366185516,5000,True,74.92945302510634
flight,6,plateau,High,0.0112797009766693,True,B_no_bridge,5000,15,14012015,8,-1.3705061496284003,-1.35099116370473,-1.3661217452600147,0.0031991132397139535,False,0.27097083594169397,False,0.7753314101514346,5000,True,74.31056199129671
flight,6,plateau,High,0.0112797009766693,True,B_no_bridge,5000,16,14012016,8,-1.3705061496284003,-1.35099116370473,-1.36906595000548,0.0010508523608674053,False,0.14841220845115602,False,0.9262003247886824,5000,True,74.22776101157069
flight,6,plateau,High,0.0112797009766693,True,B_no_bridge,5000,17,14012017,8,-1.3705061496284003,-1.35099116370473,-1.3704205528258744,6.245634326351943e-05,True,0.05890203109597473,False,0.9956137912237931,5000,True,72.88509496720508
flight,6,plateau,High,0.0112797009766693,True,B_no_bridge,5000,18,14012018,8,-1.3705061496284003,-1.35099116370473,-1.3680754181449615,0.0017736012962057365,False,0.18413086804136877,False,0.8754428267103919,5000,True,73.27960798284039
flight,6,plateau,High,0.0112797009766693,True,B_no_bridge,5000,19,14012019,8,-1.3705061496284003,-1.35099116370473,-1.3704931658272097,9.473727056355227e-06,True,0.02652455742562024,False,0.9993346753494253,5000,True,74.65080200927332
flight,6,plateau,High,0.0112797009766693,True,B_no_bridge,5000,20,14012020,8,-1.3705061496284003,-1.35099116370473,-1.3704884271276954,1.2931354383036195e-05,True,0.02526693334207858,False,0.9990918517300349,5000,True,85.2900380268693
flight,6,plateau,High,0.0112797009766693,True,B_no_bridge,5000,21,14012021,8,-1.3705061496284003,-1.35099116370473,-1.3701927115926413,0.00022870239279407234,False,0.05543687099812603,False,0.9839385979070152,5000,True,76.25619397731498
flight,6,plateau,High,0.0112797009766693,True,B_no_bridge,5000,22,14012022,8,-1.3705061496284003,-1.35099116370473,-1.3622817491163404,0.006000994971303075,False,0.4001520980920213,False,0.5785597517606017,5000,True,78.01362301688641
flight,6,plateau,High,0.0112797009766693,True,B_no_bridge,5000,23,14012023,8,-1.3705061496284003,-1.35099116370473,-1.3662728506540993,0.0030888580656488434,False,0.24863956577587462,False,0.7830744541216228,5000,True,79.32269998127595
flight,6,plateau,High,0.0112797009766693,True,B_no_bridge,5000,24,14012024,8,-1.3705061496284003,-1.35099116370473,-1.3704596817003736,3.3905669113093994e-05,True,0.041324174272603306,False,0.9976188592598266,5000,True,74.07452003099024
flight,6,plateau,High,0.0112797009766693,True,B_no_bridge,5000,25,14012025,8,-1.3705061496284003,-1.35099116370473,-1.3702258834011902,0.0002044983360972912,False,0.04756411410917547,False,0.9856384099734261,5000,True,74.28390899440274
flight,6,plateau,High,0.0112797009766693,True,B_no_bridge,5000,26,14012026,8,-1.3705061496284003,-1.35099116370473,-1.369882525282311,0.0004550321399567619,False,0.09773009985419585,False,0.9680438229098131,5000,True,74.4126130011864
flight,6,plateau,High,0.0112797009766693,True,B_no_bridge,5000,27,14012027,8,-1.3705061496284003,-1.35099116370473,-1.3704787879253835,1.9964670004792994e-05,True,0.021030338276292495,False,0.9985979132588724,5000,True,75.19338099518791
flight,6,plateau,High,0.0112797009766693,True,B_no_bridge,5000,28,14012028,8,-1.3705061496284003,-1.35099116370473,-1.3704537185912202,3.8256696034766384e-05,True,0.041322320998524134,False,0.9973132936203394,5000,True,76.22819900279865
flight,6,plateau,High,0.0112797009766693,True,B_no_bridge,5000,29,14012029,8,-1.3705061496284003,-1.35099116370473,-1.3704146715381602,6.67476685638589e-05,True,0.042575293720803174,False,0.9953124183333809,5000,True,76.43457304220647
flight,6,plateau,High,0.0112797009766693,True,C_fitness_group,5000,0,14013000,8,-1.3705061496284003,-1.35099116370473,-1.3705038373338196,1.6871829296967688e-06,True,0.010046237416259773,False,0.999881511849932,5000,True,87.21476304344833
flight,6,plateau,High,0.0112797009766693,True,C_fitness_group,5000,1,14013001,8,-1.3705061496284003,-1.35099116370473,-1.3704787318496816,2.0005586057504564e-05,True,0.0388585070900868,False,0.9985950397901402,5000,True,86.70779899694026
flight,6,plateau,High,0.0112797009766693,True,C_fitness_group,5000,2,14013002,8,-1.3705061496284003,-1.35099116370473,-1.3704543127906423,3.7823134009326754e-05,True,0.05083989688922353,False,0.9973437419857358,5000,True,89.33255198644474
flight,6,plateau,High,0.0112797009766693,True,C_fitness_group,5000,3,14013003,8,-1.3705061496284003,-1.35099116370473,-1.3704649264610285,3.0078790513308187e-05,True,0.0361199844045847,False,0.9978876148036636,5000,True,87.7679759869352
flight,6,plateau,High,0.0112797009766693,True,C_fitness_group,5000,4,14013004,8,-1.3705061496284003,-1.35099116370473,-1.3704964083446618,7.1078000935504556e-06,True,0.017060356482203984,False,0.9995008306038937,5000,True,88.64537603221834
flight,6,plateau,High,0.0112797009766693,True,C_fitness_group,5000,5,14013005,8,-1.3705061496284003,-1.35099116370473,-1.3704905132582281,1.1409193732148818e-05,True,0.022996979610412763,False,0.9991987506302402,5000,True,88.49385299254209
flight,6,plateau,High,0.0112797009766693,True,C_fitness_group,5000,6,14013006,8,-1.3705061496284003,-1.35099116370473,-1.3701252075611268,0.00027795721119300314,False,0.10480533375018718,False,0.9804795110402045,5000,True,88.01127603510395
flight,6,plateau,High,0.0112797009766693,True,C_fitness_group,5000,7,14013007,8,-1.3705061496284003,-1.35099116370473,-1.370463576281934,3.106395872644911e-05,True,0.018523932542261676,False,0.9978184280207569,5000,True,90.05493600852787
flight,6,plateau,High,0.0112797009766693,True,C_fitness_group,5000,8,14013008,8,-1.3705061496284003,-1.35099116370473,-1.3704719823980258,2.4930373631516168e-05,True,0.016397400530281867,False,0.9982491798606381,5000,True,88.72745098778978
flight,6,plateau,High,0.0112797009766693,True,C_fitness_group,5000,9,14013009,8,-1.3705061496284003,-1.35099116370473,-1.3704950625790833,8.089747951935357e-06,True,0.012548420198240463,False,0.9994318699813345,5000,True,89.11430003354326
flight,6,plateau,High,0.0112797009766693,True,C_fitness_group,5000,10,14013010,8,-1.3705061496284003,-1.35099116370473,-1.3703922579549142,8.310190619507178e-05,True,0.05620986840960243,False,0.9941638864649118,5000,True,88.43688998604193
flight,6,plateau,High,0.0112797009766693,True,C_fitness_group,5000,11,14013011,8,-1.3705061496284003,-1.35099116370473,-1.3704965787878713,6.983434938682385e-06,True,0.02288139722607075,False,0.9995095645691763,5000,True,88.65356404567137
flight,6,plateau,High,0.0112797009766693,True,C_fitness_group,5000,12,14013012,8,-1.3705061496284003,-1.35099116370473,-1.3703716857941786,9.811253620294583e-05,True,0.03652001705466352,False,0.9931097140040116,5000,True,87.27104199351743
flight,6,plateau,High,0.0112797009766693,True,C_fitness_group,5000,13,14013013,8,-1.3705061496284003,-1.35099116370473,-1.3704919166663267,1.038518658048306e-05,True,0.019724458615088404,False,0.9992706650094825,5000,True,88.44634500565007
flight,6,plateau,High,0.0112797009766693,True,C_fitness_group,5000,14,14013014,8,-1.3705061496284003,-1.35099116370473,-1.3704996527985702,4.74046018099048e-06,True,0.007280839396557099,False,0.9996670850875564,5000,True,88.39564898516983
flight,6,plateau,High,0.0112797009766693,True,C_fitness_group,5000,15,14013015,8,-1.3705061496284003,-1.35099116370473,-1.3704842188616286,1.6001947001588677e-05,True,0.025407035979313614,False,0.9988762089371992,5000,True,88.7454710318707
flight,6,plateau,High,0.0112797009766693,True,C_fitness_group,5000,16,14013016,8,-1.3705061496284003,-1.35099116370473,-1.3705050380654702,8.110601549992436e-07,True,0.0045195359710037694,False,0.9999430405466603,5000,True,88.26998702716082
flight,6,plateau,High,0.0112797009766693,True,C_fitness_group,5000,17,14013017,8,-1.3705061496284003,-1.35099116370473,-1.3704659532267742,2.9329603254252067e-05,True,0.022220314322403782,False,0.9979402290227963,5000,True,87.48744701733813
flight,6,plateau,High,0.0112797009766693,True,C_fitness_group,5000,18,14013018,8,-1.3705061496284003,-1.35099116370473,-1.3704633161223954,3.125378606771953e-05,True,0.03337585786137977,False,0.9978050967511575,5000,True,86.60915301879868
flight,6,plateau,High,0.0112797009766693,True,C_fitness_group,5000,19,14013019,8,-1.3705061496284003,-1.35099116370473,-1.370505813971729,2.449143854169461e-07,True,0.004295708406401183,False,0.9999828000556773,5000,True,86.5958189824596
flight,6,plateau,High,0.0112797009766693,True,C_fitness_group,5000,20,14013020,8,-1.3705061496284003,-1.35099116370473,-1.3702464742782587,0.00018947404957796478,False,0.08400660055796705,False,0.9866935415092137,5000,True,86.09120600158349
flight,6,plateau,High,0.0112797009766693,True,C_fitness_group,5000,21,14013021,8,-1.3705061496284003,-1.35099116370473,-1.370499740257252,4.6766453036359065e-06,True,0.01710394145604444,False,0.9996715667040021,5000,True,88.2135930005461
flight,6,plateau,High,0.0112797009766693,True,C_fitness_group,5000,22,14013022,8,-1.3705061496284003,-1.35099116370473,-1.3704827795506993,1.70521509205715e-05,True,0.035597906446246434,False,0.9988024548010209,5000,True,87.9391499911435
flight,6,plateau,High,0.0112797009766693,True,C_fitness_group,5000,23,14013023,8,-1.3705061496284003,-1.35099116370473,-1.370028364806544,0.00034861924697366563,False,0.1288185768653932,False,0.9755170296445507,5000,True,87.38111902493984
flight,6,plateau,High,0.0112797009766693,True,C_fitness_group,5000,24,14013024,8,-1.3705061496284003,-1.35099116370473,-1.3694300139146995,0.0007852104231656185,False,0.09169183983880361,False,0.9448559318510437,5000,True,87.24294602870941
flight,6,plateau,High,0.0112797009766693,True,C_fitness_group,5000,25,14013025,8,-1.3705061496284003,-1.35099116370473,-1.37049297145608,9.615551395989633e-06,True,0.025993598557204473,False,0.9993247152536099,5000,True,89.04364396585152
flight,6,plateau,High,0.0112797009766693,True,C_fitness_group,5000,26,14013026,8,-1.3705061496284003,-1.35099116370473,-1.3704959439274553,7.446665560586349e-06,True,0.011591355495650275,False,0.9994770326258534,5000,True,87.56651199655607
flight,6,plateau,High,0.0112797009766693,True,C_fitness_group,5000,27,14013027,8,-1.3705061496284003,-1.35099116370473,-1.3704874369247602,1.365386331557267e-05,True,0.022163505911276735,False,0.9990411110869682,5000,True,89.1920899739489
flight,6,plateau,High,0.0112797009766693,True,C_fitness_group,5000,28,14013028,8,-1.3705061496284003,-1.35099116370473,-1.3705028353225648,2.4183078904492542e-06,True,0.006426456372973063,False,0.9998301661170282,5000,True,87.02603698475286
flight,6,plateau,High,0.0112797009766693,True,C_fitness_group,5000,29,14013029,8,-1.3705061496284003,-1.35099116370473,-1.370487404085432,1.3677824775471691e-05,True,0.020560151391111486,False,0.9990394283120857,5000,True,86.26686502248049
flight,6,plateau,High,0.0112797009766693,True,D_no_warm_slot,5000,0,14014000,8,-1.3705061496284003,-1.35099116370473,-1.0844827353672295,0.20869911042626357,False,3.1866684547972457,False,-13.656603667556057,5000,True,66.68029096908867
flight,6,plateau,High,0.0112797009766693,True,D_no_warm_slot,5000,1,14014001,8,-1.3705061496284003,-1.35099116370473,-1.3704986079185058,5.502864687350887e-06,True,0.013041749566309565,False,0.9996135426423526,5000,True,66.71107601141557
flight,6,plateau,High,0.0112797009766693,True,D_no_warm_slot,5000,2,14014002,8,-1.3705061496284003,-1.35099116370473,-1.3699106253793616,0.00043452869525628814,False,0.0926154217162522,False,0.9694837469333545,5000,True,67.22697796067223
flight,6,plateau,High,0.0112797009766693,True,D_no_warm_slot,5000,3,14014003,8,-1.3705061496284003,-1.35099116370473,-1.0526422627399525,0.23193174797109342,False,3.430141744197588,False,-15.28819452556722,5000,True,68.17299802787602
flight,6,plateau,High,0.0112797009766693,True,D_no_warm_slot,5000,4,14014004,8,-1.3705061496284003,-1.35099116370473,-1.3703585871530775,0.00010767005705366028,False,0.04785130557841504,False,0.9924385046497062,5000,True,67.3680100007914
flight,6,plateau,High,0.0112797009766693,True,D_no_warm_slot,5000,5,14014005,8,-1.3705061496284003,-1.35099116370473,-1.3614352910117935,0.0066186194195964115,False,0.3439052205382991,False,0.535184977735263,5000,True,67.75420397752896
flight,6,plateau,High,0.0112797009766693,True,D_no_warm_slot,5000,6,14014006,8,-1.3705061496284003,-1.35099116370473,-1.364639874919265,0.004280370949612995,False,0.3143649731152944,False,0.6993964160630015,5000,True,67.13422003667802
flight,6,plateau,High,0.0112797009766693,True,D_no_warm_slot,5000,7,14014007,8,-1.3705061496284003,-1.35099116370473,-1.3704836551675936,1.6413250544559244e-05,True,0.015053333385262966,False,0.9988473237493127,5000,True,66.59750797552988
flight,6,plateau,High,0.0112797009766693,True,D_no_warm_slot,5000,8,14014008,8,-1.3705061496284003,-1.35099116370473,-1.3563289458815326,0.010344502102899516,False,0.5096064774090203,False,0.27352221506489716,5000,True,68.5707590309903
flight,6,plateau,High,0.0112797009766693,True,D_no_warm_slot,5000,9,14014009,8,-1.3705061496284003,-1.35099116370473,-1.370492563268229,9.913388695870412e-06,True,0.010536933850918544,False,0.9993037986179192,5000,True,68.32616898464039
flight,6,plateau,High,0.0112797009766693,True,D_no_warm_slot,5000,10,14014010,8,-1.3705061496284003,-1.35099116370473,-1.370465740318326,2.948495348618113e-05,True,0.02506016087977786,False,0.9979293190252674,5000,True,67.14007700793445
flight,6,plateau,High,0.0112797009766693,True,D_no_warm_slot,5000,11,14014011,8,-1.3705061496284003,-1.35099116370473,-1.3704963687442175,7.136694852080245e-06,True,0.009974963664607891,False,0.9994988013713638,5000,True,69.15074499556795
flight,6,plateau,High,0.0112797009766693,True,D_no_warm_slot,5000,12,14014012,8,-1.3705061496284003,-1.35099116370473,-1.3703168599088222,0.0001381166510120548,False,0.050501348091645415,False,0.990300289207562,5000,True,67.50514096347615
flight,6,plateau,High,0.0112797009766693,True,D_no_warm_slot,5000,13,14014013,8,-1.3705061496284003,-1.35099116370473,-1.3705028705396727,2.39261146587932e-06,True,0.00878935992652783,False,0.999831970735696,5000,True,67.30096199316904
flight,6,plateau,High,0.0112797009766693,True,D_no_warm_slot,5000,14,14014014,8,-1.3705061496284003,-1.35099116370473,-1.3546257159249642,0.011587276502000372,False,0.5411023526699186,False,0.18624416304731575,5000,True,67.60679598664865
flight,6,plateau,High,0.0112797009766693,True,D_no_warm_slot,5000,15,14014015,8,-1.3705061496284003,-1.35099116370473,-1.3704706894880652,2.5873754995400614e-05,True,0.021536674915218854,False,0.9981829277011076,5000,True,69.33221395593137
flight,6,plateau,High,0.0112797009766693,True,D_no_warm_slot,5000,16,14014016,8,-1.3705061496284003,-1.35099116370473,-1.3690690946844528,0.0010485578224783364,False,0.1462386198167767,False,0.9263614665381603,5000,True,68.20590898860246
flight,6,plateau,High,0.0112797009766693,True,D_no_warm_slot,5000,17,14014017,8,-1.3705061496284003,-1.35099116370473,-1.3689942289260448,0.001103184179629876,False,0.1553188943119857,False,0.9225251451233867,5000,True,69.3082440411672
flight,6,plateau,High,0.0112797009766693,True,D_no_warm_slot,5000,18,14014018,8,-1.3705061496284003,-1.35099116370473,-1.3686952959585041,0.0013213028415722111,False,0.16926694431572573,False,0.9072070214665254,5000,True,68.22429999010637
flight,6,plateau,High,0.0112797009766693,True,D_no_warm_slot,5000,19,14014019,8,-1.3705061496284003,-1.35099116370473,-1.3535992592354784,0.01233623825584881,False,0.5637044879620136,False,0.13364578078352246,5000,True,70.01026900252327
flight,6,plateau,High,0.0112797009766693,True,D_no_warm_slot,5000,20,14014020,8,-1.3705061496284003,-1.35099116370473,-1.369906734441375,0.00043736774708232317,False,0.09548147394328424,False,0.9692843648788702,5000,True,70.9087279974483
flight,6,plateau,High,0.0112797009766693,True,D_no_warm_slot,5000,21,14014021,8,-1.3705061496284003,-1.35099116370473,-1.3701678368951533,0.00024685240072710085,False,0.0719464080752008,False,0.9826639519715628,5000,True,74.32093197712675
flight,6,plateau,High,0.0112797009766693,True,D_no_warm_slot,5000,22,14014022,8,-1.3705061496284003,-1.35099116370473,-1.3700409892728496,0.000339407711287468,False,0.08019550773061797,False,0.9761639410158852,5000,True,68.84578004246578
flight,6,plateau,High,0.0112797009766693,True,D_no_warm_slot,5000,23,14014023,8,-1.3705061496284003,-1.35099116370473,-1.3704701131123849,2.62943117951281e-05,True,0.018226092928772333,False,0.9981533926718461,5000,True,69.90071799373254
flight,6,plateau,High,0.0112797009766693,True,D_no_warm_slot,5000,24,14014024,8,-1.3705061496284003,-1.35099116370473,-1.3647781478787233,0.004179479056865318,False,0.31380962800641365,False,0.7064818918096494,5000,True,68.62913101213053
flight,6,plateau,High,0.0112797009766693,True,D_no_warm_slot,5000,25,14014025,8,-1.3705061496284003,-1.35099116370473,-1.370408378944155,7.13391065569707e-05,True,0.03840299052659904,False,0.994989969010086,5000,True,69.47645801119506
flight,6,plateau,High,0.0112797009766693,True,D_no_warm_slot,5000,26,14014026,8,-1.3705061496284003,-1.35099116370473,-1.370069551868077,0.0003185668013541728,False,0.08011006942309223,False,0.9776275646812648,5000,True,68.63060599425808
flight,6,plateau,High,0.0112797009766693,True,D_no_warm_slot,5000,27,14014027,8,-1.3705061496284003,-1.35099116370473,-1.37010268939022,0.000294387761988358,False,0.0788075647560931,False,0.9793256198206621,5000,True,68.19577299756929
flight,6,plateau,High,0.0112797009766693,True,D_no_warm_slot,5000,28,14014028,8,-1.3705061496284003,-1.35099116370473,-1.3657437322639225,0.003474933232345644,False,0.2460365323653366,False,0.7559610146220334,5000,True,67.53819499863312
flight,6,plateau,High,0.0112797009766693,True,D_no_warm_slot,5000,29,14014029,8,-1.3705061496284003,-1.35099116370473,-1.3705036953923524,1.7907515764226806e-06,True,0.004413653195093688,False,0.9998742383900484,5000,True,68.39006004156545
flight,7,plateau,High,0.0101959682201341,True,baseline,1000,0,15000000,8,-1.120334473155334,-1.1076974353042874,-1.1202630200772656,6.377834457515773e-05,True,0.033114002171350396,False,0.9943457415487277,1000,True,14.169569010846317
flight,7,plateau,High,0.0101959682201341,True,baseline,1000,1,15000001,8,-1.120334473155334,-1.1076974353042874,-1.1202303694548499,9.292198265655594e-05,True,0.02858799131344176,False,0.9917620171980841,1000,True,14.525854028761387
flight,7,plateau,High,0.0101959682201341,True,baseline,1000,2,15000002,8,-1.120334473155334,-1.1076974353042874,-1.1202331218174977,9.046524967748085e-05,True,0.04629324172298179,False,0.9919798184486808,1000,True,17.744227952789515
flight,7,plateau,High,0.0101959682201341,True,baseline,1000,3,15000003,8,-1.120334473155334,-1.1076974353042874,-1.1201472855373804,0.00016708190494786395,False,0.09847772081670599,False,0.9851873817139787,1000,True,15.63809101935476
flight,7,plateau,High,0.0101959682201341,True,baseline,1000,4,15000004,8,-1.120334473155334,-1.1076974353042874,-1.1202383416601258,8.580606730542242e-05,True,0.03297423132871589,False,0.9923928774811582,1000,True,13.923228019848466
flight,7,plateau,High,0.0101959682201341,True,baseline,1000,5,15000005,8,-1.120334473155334,-1.1076974353042874,-1.1200401278048093,0.000262729887883962,False,0.08677597452836475,False,0.9767077258140631,1000,True,13.580591999925673
flight,7,plateau,High,0.0101959682201341,True,baseline,1000,6,15000006,8,-1.120334473155334,-1.1076974353042874,-1.1202595496915262,6.68759782038648e-05,True,0.0410764912620368,False,0.9940711213584306,1000,True,13.052341993898153
flight,7,plateau,High,0.0101959682201341,True,baseline,1000,7,15000007,8,-1.120334473155334,-1.1076974353042874,-1.1197657165991997,0.0005076667457464294,False,0.09613379159524961,False,0.9549928897231872,1000,True,13.074761955067515
flight,7,plateau,High,0.0101959682201341,True,baseline,1000,8,15000008,8,-1.120334473155334,-1.1076974353042874,-1.1197191239777775,0.0005492548808423026,False,0.11191965658175519,False,0.9513059005749914,1000,True,13.411791995167732
flight,7,plateau,High,0.0101959682201341,True,baseline,1000,9,15000009,8,-1.120334473155334,-1.1076974353042874,-1.1165088882406684,0.003414681067423641,False,0.2106914070062487,False,0.6972720221496571,1000,True,13.28299002489075
flight,7,plateau,High,0.0101959682201341,True,baseline,1000,10,15000010,8,-1.120334473155334,-1.1076974353042874,-1.115269838707335,0.004520645012140739,False,0.2874675827335019,False,0.5992229739519567,1000,True,13.471952988766134
flight,7,plateau,High,0.0101959682201341,True,baseline,1000,11,15000011,8,-1.120334473155334,-1.1076974353042874,-1.1187502114846233,0.0014140970475082647,False,0.1749745198165513,False,0.8746334632067684,1000,True,13.593379000667483
flight,7,plateau,High,0.0101959682201341,True,baseline,1000,12,15000012,8,-1.120334473155334,-1.1076974353042874,-1.1200743806989926,0.000232156077112283,False,0.09046932935117288,False,0.9794182418849161,1000,True,13.714122993405908
flight,7,plateau,High,0.0101959682201341,True,baseline,1000,13,15000013,8,-1.120334473155334,-1.1076974353042874,-1.1161389923887266,0.0037448466213764902,False,0.26383885308655225,False,0.6680012502882615,1000,True,14.378145977389067
flight,7,plateau,High,0.0101959682201341,True,baseline,1000,14,15000014,8,-1.120334473155334,-1.1076974353042874,-1.120208205398978,0.00011270541019810216,False,0.039578190388266835,False,0.9900081207444045,1000,True,13.594616029877216
flight,7,plateau,High,0.0101959682201341,True,baseline,1000,15,15000015,8,-1.120334473155334,-1.1076974353042874,-1.1203042873252267,2.6943587679008558e-05,True,0.02664209982681214,False,0.9976113207491282,1000,True,13.536351034417748
flight,7,plateau,High,0.0101959682201341,True,baseline,1000,16,15000016,8,-1.120334473155334,-1.1076974353042874,-1.1199268558105493,0.0003638354032226196,False,0.09643135015900633,False,0.9677442332934917,1000,True,13.12969601713121
flight,7,plateau,High,0.0101959682201341,True,baseline,1000,17,15000017,8,-1.120334473155334,-1.1076974353042874,-1.1201695743357316,0.00014718713344411363,False,0.04369318731232799,False,0.9869511493479701,1000,True,13.517356012016535
flight,7,plateau,High,0.0101959682201341,True,baseline,1000,18,15000018,8,-1.120334473155334,-1.1076974353042874,-1.119699134472381,0.0005670973251082561,False,0.07345480177989161,False,0.9497240816683681,1000,True,13.154120999388397
flight,7,plateau,High,0.0101959682201341,True,baseline,1000,19,15000019,8,-1.120334473155334,-1.1076974353042874,-1.1203307967096596,3.28156078602523e-06,True,0.011226112727989679,False,0.9997090737783907,1000,True,13.227215968072414
flight,7,plateau,High,0.0101959682201341,True,baseline,1000,20,15000020,8,-1.120334473155334,-1.1076974353042874,-1.1200345238962717,0.00026773188386992116,False,0.04806100023284072,False,0.976264274698089,1000,True,13.649775995872915
flight,7,plateau,High,0.0101959682201341,True,baseline,1000,21,15000021,8,-1.120334473155334,-1.1076974353042874,-1.1200965318624434,0.00021238415722442378,False,0.04275745505755324,False,0.9811711181294864,1000,True,13.235279999207705
flight,7,plateau,High,0.0101959682201341,True,baseline,1000,22,15000022,8,-1.120334473155334,-1.1076974353042874,-1.1202406022825293,8.378825703745225e-05,True,0.02886838535010749,False,0.9925717661123501,1000,True,13.518380001187325
flight,7,plateau,High,0.0101959682201341,True,baseline,1000,23,15000023,8,-1.120334473155334,-1.1076974353042874,-1.1203306086684288,3.4494046177686367e-06,True,0.01463933509203155,False,0.9996941936116123,1000,True,13.375499984249473
flight,7,plateau,High,0.0101959682201341,True,baseline,1000,24,15000024,8,-1.120334473155334,-1.1076974353042874,-1.1186700128935212,0.0014856815546565759,False,0.1442812085608373,False,0.8682871507206151,1000,True,13.348164036870003
flight,7,plateau,High,0.0101959682201341,True,baseline,1000,25,15000025,8,-1.120334473155334,-1.1076974353042874,-1.1202302653085454,9.30149426671285e-05,True,0.03552796669021168,False,0.9917537758439237,1000,True,13.424686971120536
flight,7,plateau,High,0.0101959682201341,True,baseline,1000,26,15000026,8,-1.120334473155334,-1.1076974353042874,-1.1202605303265876,6.600067258320115e-05,True,0.025479547326642094,False,0.9941487214315596,1000,True,13.28642899170518
flight,7,plateau,High,0.0101959682201341,True,baseline,1000,27,15000027,8,-1.120334473155334,-1.1076974353042874,-1.1197506993403765,0.0005210710095470787,False,0.07389803991891328,False,0.9538045369620303,1000,True,13.35685100639239
flight,7,plateau,High,0.0101959682201341,True,baseline,1000,28,15000028,8,-1.120334473155334,-1.1076974353042874,-1.1202411583757887,8.329189343107816e-05,True,0.05198614844733148,False,0.9926157711446999,1000,True,13.4539749706164
flight,7,plateau,High,0.0101959682201341,True,baseline,1000,29,15000029,8,-1.120334473155334,-1.1076974353042874,-1.118590833993864,0.0015563558948241596,False,0.12753886954470284,False,0.862021528935626,1000,True,14.489877969026566
flight,7,plateau,High,0.0101959682201341,True,A_no_greedy,1000,0,15001000,8,-1.120334473155334,-1.1076974353042874,-1.1147270179637343,0.005005161695869902,False,0.549156737559979,False,0.5562682285441374,1000,True,13.770139019470662
flight,7,plateau,High,0.0101959682201341,True,A_no_greedy,1000,1,15001001,8,-1.120334473155334,-1.1076974353042874,-1.115581180687071,0.004242744093088267,False,0.3298045864951077,False,0.6238602333639993,1000,True,13.998050009831786
flight,7,plateau,High,0.0101959682201341,True,A_no_greedy,1000,2,15001002,8,-1.120334473155334,-1.1076974353042874,-1.1189792133416625,0.0012096921465377017,False,0.12846050040300172,False,0.8927549454511425,1000,True,14.061130990739912
flight,7,plateau,High,0.0101959682201341,True,A_no_greedy,1000,3,15001003,8,-1.120334473155334,-1.1076974353042874,-1.1083476431726746,0.010699331556672853,False,0.31439105434211384,False,0.05145255368000363,1000,True,13.647389016114175
flight,7,plateau,High,0.0101959682201341,True,A_no_greedy,1000,4,15001004,8,-1.120334473155334,-1.1076974353042874,-1.1202160737048596,0.00010568223446775947,False,0.03505857977124462,False,0.9906307592119374,1000,True,13.456200016662478
flight,7,plateau,High,0.0101959682201341,True,A_no_greedy,1000,5,15001005,8,-1.120334473155334,-1.1076974353042874,-1.1201461027427762,0.0001681376562726701,False,0.060155595092785306,False,0.9850937842571853,1000,True,14.042314956896007
flight,7,plateau,High,0.0101959682201341,True,A_no_greedy,1000,6,15001006,8,-1.120334473155334,-1.1076974353042874,-1.1200573282525266,0.00024737693023658774,False,0.12395890698311428,False,0.9780688397016679,1000,True,14.154037984553725
flight,7,plateau,High,0.0101959682201341,True,A_no_greedy,1000,7,15001007,8,-1.120334473155334,-1.1076974353042874,-1.1138544908479344,0.00578397118241768,False,0.5037595057307978,False,0.487223004015699,1000,True,13.896969030611217
flight,7,plateau,High,0.0101959682201341,True,A_no_greedy,1000,8,15001008,8,-1.120334473155334,-1.1076974353042874,-1.1076974353042874,0.01127970097666932,False,0.7679318686068832,True,0.0,1000,True,13.727967976592481
flight,7,plateau,High,0.0101959682201341,True,A_no_greedy,1000,9,15001009,8,-1.120334473155334,-1.1076974353042874,-1.1198277437621855,0.00045230188420541793,False,0.12776263256475356,False,0.9599012522458752,1000,True,13.65590700879693
flight,7,plateau,High,0.0101959682201341,True,A_no_greedy,1000,10,15001010,8,-1.120334473155334,-1.1076974353042874,-1.1185906385271212,0.0015565303665979692,False,0.1503508609392411,False,0.8620060611697543,1000,True,13.766294985543936
flight,7,plateau,High,0.0101959682201341,True,A_no_greedy,1000,11,15001011,8,-1.120334473155334,-1.1076974353042874,-1.119700443928608,0.0005659285168118216,False,0.1187642623946206,False,0.9498277021720367,1000,True,13.651389977894723
flight,7,plateau,High,0.0101959682201341,True,A_no_greedy,1000,12,15001012,8,-1.120334473155334,-1.1076974353042874,-1.110737989552841,0.008565730888798893,False,0.5801133447116119,False,0.24060656337290698,1000,True,13.677006994839758
flight,7,plateau,High,0.0101959682201341,True,A_no_greedy,1000,13,15001013,8,-1.120334473155334,-1.1076974353042874,-1.1179523635738358,0.0021262485789526582,False,0.3516452909426266,False,0.8114977885184596,1000,True,14.073507976718247
flight,7,plateau,High,0.0101959682201341,True,A_no_greedy,1000,14,15001014,8,-1.120334473155334,-1.1076974353042874,-1.1202708849672565,5.675821783686634e-05,True,0.055616931680883545,False,0.9949681097083811,1000,True,13.962165045086294
flight,7,plateau,High,0.0101959682201341,True,A_no_greedy,1000,15,15001015,8,-1.120334473155334,-1.1076974353042874,-1.119621394930899,0.0006364869077236947,False,0.07978209720127122,False,0.9435723598488834,1000,True,13.716824003495276
flight,7,plateau,High,0.0101959682201341,True,A_no_greedy,1000,16,15001016,8,-1.120334473155334,-1.1076974353042874,-1.1187116322240385,0.0014485325321864778,False,0.12264302263805103,False,0.8715805910828142,1000,True,14.200307021383196
flight,7,plateau,High,0.0101959682201341,True,A_no_greedy,1000,17,15001017,8,-1.120334473155334,-1.1076974353042874,-1.1128602927867561,0.006671383008975338,False,0.3755463854634603,False,0.4085496572316698,1000,True,14.219729986507446
flight,7,plateau,High,0.0101959682201341,True,A_no_greedy,1000,18,15001018,8,-1.120334473155334,-1.1076974353042874,-1.1189313576076512,0.0012524077240353355,False,0.13434568760815122,False,0.888968003085739,1000,True,14.30531998630613
flight,7,plateau,High,0.0101959682201341,True,A_no_greedy,1000,19,15001019,8,-1.120334473155334,-1.1076974353042874,-1.119891446691351,0.00039544124955400773,False,0.1057453710783074,False,0.964942222283026,1000,True,13.680857955478132
flight,7,plateau,High,0.0101959682201341,True,A_no_greedy,1000,20,15001020,8,-1.120334473155334,-1.1076974353042874,-1.1145256755749147,0.00518487801599042,False,0.5566308195567123,False,0.5403355082980741,1000,True,13.757549051661044
flight,7,plateau,High,0.0101959682201341,True,A_no_greedy,1000,21,15001021,8,-1.120334473155334,-1.1076974353042874,-1.119496457356889,0.0007480050096866925,False,0.14732890244891814,False,0.9336857412059194,1000,True,14.064374030567706
flight,7,plateau,High,0.0101959682201341,True,A_no_greedy,1000,22,15001022,8,-1.120334473155334,-1.1076974353042874,-1.1122563676206174,0.007210440924811679,False,0.4299719580491705,False,0.36075956803060716,1000,True,13.668820960447192
flight,7,plateau,High,0.0101959682201341,True,A_no_greedy,1000,23,15001023,8,-1.120334473155334,-1.1076974353042874,-1.1194240888371383,0.00081260046888645,False,0.08425277744165516,False,0.9279590415945232,1000,True,13.605797023046762
flight,7,plateau,High,0.0101959682201341,True,A_no_greedy,1000,24,15001024,8,-1.120334473155334,-1.1076974353042874,-1.11403749859975,0.005620620186620638,False,0.40794524046467123,False,0.5017048591761251,1000,True,13.595331984106451
flight,7,plateau,High,0.0101959682201341,True,A_no_greedy,1000,25,15001025,8,-1.120334473155334,-1.1076974353042874,-1.1172876372111484,0.0027195770702336413,False,0.3798990295382172,False,0.7588963505452181,1000,True,13.844601984601468
flight,7,plateau,High,0.0101959682201341,True,A_no_greedy,1000,26,15001026,8,-1.120334473155334,-1.1076974353042874,-1.119986453995628,0.0003106386244867484,False,0.07693671400022618,False,0.9724603847983855,1000,True,13.797616004012525
flight,7,plateau,High,0.0101959682201341,True,A_no_greedy,1000,27,15001027,8,-1.120334473155334,-1.1076974353042874,-1.1076974353042874,0.01127970097666932,False,0.7679318686068832,True,0.0,1000,True,13.681707961950451
flight,7,plateau,High,0.0101959682201341,True,A_no_greedy,1000,28,15001028,8,-1.120334473155334,-1.1076974353042874,-1.119245708715205,0.0009718208858311158,False,0.1429692966669247,False,0.9138433822101129,1000,True,13.658643001690507
flight,7,plateau,High,0.0101959682201341,True,A_no_greedy,1000,29,15001029,8,-1.120334473155334,-1.1076974353042874,-1.1187117897744918,0.0014483919041355473,False,0.2570232835087316,False,0.8715930584391051,1000,True,13.721300987526774
flight,7,plateau,High,0.0101959682201341,True,B_no_bridge,1000,0,15002000,8,-1.120334473155334,-1.1076974353042874,-1.1202257522670602,9.704324099528518e-05,True,0.07285405376768617,False,0.991396647730644,1000,True,15.018520993180573
flight,7,plateau,High,0.0101959682201341,True,B_no_bridge,1000,1,15002001,8,-1.120334473155334,-1.1076974353042874,-1.1103820058019767,0.008883478632347147,False,0.36618945882570675,False,0.21243669041213636,1000,True,14.96893900912255
flight,7,plateau,High,0.0101959682201341,True,B_no_bridge,1000,2,15002002,8,-1.120334473155334,-1.1076974353042874,-1.119385355709025,0.0008471732942715531,False,0.19114078869249637,False,0.9248939935532132,1000,True,15.256515005603433
flight,7,plateau,High,0.0101959682201341,True,B_no_bridge,1000,3,15002003,8,-1.120334473155334,-1.1076974353042874,-1.1160601860207804,0.0038151884432471176,False,0.46913409986811255,False,0.6617651078571704,1000,True,14.813464018516243
flight,7,plateau,High,0.0101959682201341,True,B_no_bridge,1000,4,15002004,8,-1.120334473155334,-1.1076974353042874,-1.1202452895360608,7.960445867736874e-05,True,0.03804885525890209,False,0.9929426800549038,1000,True,14.905464020557702
flight,7,plateau,High,0.0101959682201341,True,B_no_bridge,1000,5,15002005,8,-1.120334473155334,-1.1076974353042874,-1.1201278062951596,0.0001844688931085747,False,0.10706592540974424,False,0.9836459411920471,1000,True,14.78620304260403
flight,7,plateau,High,0.0101959682201341,True,B_no_bridge,1000,6,15002006,8,-1.120334473155334,-1.1076974353042874,-1.1200523489630876,0.0002518213970974218,False,0.12503091548034168,False,0.9776748162368591,1000,True,14.704152999911457
flight,7,plateau,High,0.0101959682201341,True,B_no_bridge,1000,7,15002007,8,-1.120334473155334,-1.1076974353042874,-1.1154885617342716,0.004325414898119005,False,0.359955261999957,False,0.6165310669967585,1000,True,14.867176010739058
flight,7,plateau,High,0.0101959682201341,True,B_no_bridge,1000,8,15002008,8,-1.120334473155334,-1.1076974353042874,-1.1192617665810252,0.0009574877860248359,False,0.09848796185346864,False,0.9151140807717082,1000,True,14.977178012486547
flight,7,plateau,High,0.0101959682201341,True,B_no_bridge,1000,9,15002009,8,-1.120334473155334,-1.1076974353042874,-1.1201750413699805,0.0001423073101593179,False,0.09398775932637563,False,0.9873837692635946,1000,True,14.657635008916259
flight,7,plateau,High,0.0101959682201341,True,B_no_bridge,1000,10,15002010,8,-1.120334473155334,-1.1076974353042874,-1.1203006144655834,3.0221947607509893e-05,True,0.02356898734496138,False,0.9973206782990063,1000,True,14.664371963590384
flight,7,plateau,High,0.0101959682201341,True,B_no_bridge,1000,11,15002011,8,-1.120334473155334,-1.1076974353042874,-1.1182771918630137,0.0018363099070995558,False,0.33005195052158426,False,0.8372022528879323,1000,True,14.681938977446407
flight,7,plateau,High,0.0101959682201341,True,B_no_bridge,1000,12,15002012,8,-1.120334473155334,-1.1076974353042874,-1.1131122848773674,0.006446457242028702,False,0.5763574012864292,False,0.4284904134105675,1000,True,14.535551948938519
flight,7,plateau,High,0.0101959682201341,True,B_no_bridge,1000,13,15002013,8,-1.120334473155334,-1.1076974353042874,-1.1181243968843848,0.001972693266078523,False,0.14813716880082767,False,0.8251112090507721,1000,True,14.502183010336012
flight,7,plateau,High,0.0101959682201341,True,B_no_bridge,1000,14,15002014,8,-1.120334473155334,-1.1076974353042874,-1.1111071319990977,0.008236237817665438,False,0.6839283742090001,False,0.26981771638263397,1000,True,14.791154011618346
flight,7,plateau,High,0.0101959682201341,True,B_no_bridge,1000,15,15002015,8,-1.120334473155334,-1.1076974353042874,-1.1181770817700143,0.001925667233325018,False,0.3103806631647426,False,0.8292802941046021,1000,True,14.653603022452444
flight,7,plateau,High,0.0101959682201341,True,B_no_bridge,1000,16,15002016,8,-1.120334473155334,-1.1076974353042874,-1.117413014104507,0.0026076668359572997,False,0.3186740226398139,False,0.7688177336127138,1000,True,15.028528054244816
flight,7,plateau,High,0.0101959682201341,True,B_no_bridge,1000,17,15002017,8,-1.120334473155334,-1.1076974353042874,-1.1178036134467109,0.0022590215415715393,False,0.1779924242520133,False,0.7997268237656256,1000,True,15.456584049388766
flight,7,plateau,High,0.0101959682201341,True,B_no_bridge,1000,18,15002018,8,-1.120334473155334,-1.1076974353042874,-1.1124857282632963,0.007005715775158031,False,0.4052211258560801,False,0.3789094418683176,1000,True,14.767567976377904
flight,7,plateau,High,0.0101959682201341,True,B_no_bridge,1000,19,15002019,8,-1.120334473155334,-1.1076974353042874,-1.1147506187970029,0.004984095814354975,False,0.40625810467144974,False,0.5581358207399322,1000,True,14.849225990474224
flight,7,plateau,High,0.0101959682201341,True,B_no_bridge,1000,20,15002020,8,-1.120334473155334,-1.1076974353042874,-1.1076974353042874,0.01127970097666932,False,0.7679318686068832,True,0.0,1000,True,14.602000010199845
flight,7,plateau,High,0.0101959682201341,True,B_no_bridge,1000,21,15002021,8,-1.120334473155334,-1.1076974353042874,-1.1193204896546143,0.0009050721235631348,False,0.19678741057172422,False,0.9197609825442035,1000,True,15.077315038070083
flight,7,plateau,High,0.0101959682201341,True,B_no_bridge,1000,22,15002022,8,-1.120334473155334,-1.1076974353042874,-1.1197331322047137,0.0005367512694013828,False,0.18146262187755316,False,0.9524144061521146,1000,True,14.675416983664036
flight,7,plateau,High,0.0101959682201341,True,B_no_bridge,1000,23,15002023,8,-1.120334473155334,-1.1076974353042874,-1.1144062011982785,0.005291519719427149,False,0.5223349446351866,False,0.5308812059493413,1000,True,14.753436029423028
flight,7,plateau,High,0.0101959682201341,True,B_no_bridge,1000,24,15002024,8,-1.120334473155334,-1.1076974353042874,-1.1183478249572758,0.0017732634723476126,False,0.2152672196140298,False,0.8427916239964702,1000,True,15.513153979554772
flight,7,plateau,High,0.0101959682201341,True,B_no_bridge,1000,25,15002025,8,-1.120334473155334,-1.1076974353042874,-1.1195439447340032,0.0007056182240865082,False,0.18904737222727058,False,0.9374435345807488,1000,True,15.28552098898217
flight,7,plateau,High,0.0101959682201341,True,B_no_bridge,1000,26,15002026,8,-1.120334473155334,-1.1076974353042874,-1.1160765603279355,0.003800572890885377,False,0.48107947277171725,False,0.6630608472027408,1000,True,15.355103008914739
flight,7,plateau,High,0.0101959682201341,True,B_no_bridge,1000,27,15002027,8,-1.120334473155334,-1.1076974353042874,-1.120273235458227,5.466019173229925e-05,True,0.051950376403231406,False,0.9951541098611251,1000,True,14.869476028252393
flight,7,plateau,High,0.0101959682201341,True,B_no_bridge,1000,28,15002028,8,-1.120334473155334,-1.1076974353042874,-1.1166187873107494,0.003316586192442741,False,0.43876383380663714,False,0.7059686068537905,1000,True,14.63936100481078
flight,7,plateau,High,0.0101959682201341,True,B_no_bridge,1000,29,15002029,8,-1.120334473155334,-1.1076974353042874,-1.1193196079632832,0.0009058591129419164,False,0.11691612634473436,False,0.9196912121326997,1000,True,14.94105497840792
flight,7,plateau,High,0.0101959682201341,True,C_fitness_group,1000,0,15003000,8,-1.120334473155334,-1.1076974353042874,-1.1203305429168076,3.508093895688993e-06,True,0.005722829528063692,False,0.9996889905235126,1000,True,17.43630098644644
flight,7,plateau,High,0.0101959682201341,True,C_fitness_group,1000,1,15003001,8,-1.120334473155334,-1.1076974353042874,-1.1195722848468495,0.0006803221062526704,False,0.2057800015236168,False,0.9396861576685558,1000,True,17.621136968955398
flight,7,plateau,High,0.0101959682201341,True,C_fitness_group,1000,2,15003002,8,-1.120334473155334,-1.1076974353042874,-1.1202011105675,0.00011903818995974762,False,0.08587547654517041,False,0.98944668921579,1000,True,17.69711496308446
flight,7,plateau,High,0.0101959682201341,True,C_fitness_group,1000,3,15003003,8,-1.120334473155334,-1.1076974353042874,-1.1191690620225747,0.001040235001853477,False,0.24323599218030584,False,0.9077781402179831,1000,True,17.5126509857364
flight,7,plateau,High,0.0101959682201341,True,C_fitness_group,1000,4,15003004,8,-1.120334473155334,-1.1076974353042874,-1.1198943049544519,0.0003928899908278357,False,0.09248393322436323,False,0.9651684036978923,1000,True,17.352842958644032
flight,7,plateau,High,0.0101959682201341,True,C_fitness_group,1000,5,15003005,8,-1.120334473155334,-1.1076974353042874,-1.1197861800943272,0.0004894012227103607,False,0.15808796069524528,False,0.9566122166072818,1000,True,17.207020020578057
flight,7,plateau,High,0.0101959682201341,True,C_fitness_group,1000,6,15003006,8,-1.120334473155334,-1.1076974353042874,-1.1199174488459944,0.000372231971194304,False,0.15206311320802418,False,0.9669998369669356,1000,True,17.359159013722092
flight,7,plateau,High,0.0101959682201341,True,C_fitness_group,1000,7,15003007,8,-1.120334473155334,-1.1076974353042874,-1.1203233362814988,9.940668703848711e-06,True,0.020594460217118946,False,0.9991187116817716,1000,True,17.829213000368327
flight,7,plateau,High,0.0101959682201341,True,C_fitness_group,1000,8,15003008,8,-1.120334473155334,-1.1076974353042874,-1.1201105977328298,0.0001998290937826806,False,0.0756814044599212,False,0.982284185175121,1000,True,18.08018295560032
flight,7,plateau,High,0.0101959682201341,True,C_fitness_group,1000,9,15003009,8,-1.120334473155334,-1.1076974353042874,-1.1202150942357825,0.00010655649934190856,False,0.038082001452130504,False,0.9905532514060162,1000,True,17.36239902675152
flight,7,plateau,High,0.0101959682201341,True,C_fitness_group,1000,10,15003010,8,-1.120334473155334,-1.1076974353042874,-1.1189093995011652,0.0012720073230944734,False,0.2797958441498741,False,0.887230403915364,1000,True,17.41960196522996
flight,7,plateau,High,0.0101959682201341,True,C_fitness_group,1000,11,15003011,8,-1.120334473155334,-1.1076974353042874,-1.1197152161602544,0.0005527429619616168,False,0.16659696018781664,False,0.95099666532784,1000,True,17.5155809847638
flight,7,plateau,High,0.0101959682201341,True,C_fitness_group,1000,12,15003012,8,-1.120334473155334,-1.1076974353042874,-1.1190480067322384,0.001148287813970741,False,0.24461571950820662,False,0.8981987362656303,1000,True,17.682256002444774
flight,7,plateau,High,0.0101959682201341,True,C_fitness_group,1000,13,15003013,8,-1.120334473155334,-1.1076974353042874,-1.1197774883525036,0.0004971593896077231,False,0.08133691425535654,False,0.9559244176209958,1000,True,17.728536971844733
flight,7,plateau,High,0.0101959682201341,True,C_fitness_group,1000,14,15003014,8,-1.120334473155334,-1.1076974353042874,-1.1201245763188918,0.0001873519395069287,False,0.052719564563794105,False,0.9833903451966995,1000,True,17.67561602173373
flight,7,plateau,High,0.0101959682201341,True,C_fitness_group,1000,15,15003015,8,-1.120334473155334,-1.1076974353042874,-1.119881412581583,0.00040439760143676673,False,0.09565341444910877,False,0.9641481984076339,1000,True,17.60841201758012
flight,7,plateau,High,0.0101959682201341,True,C_fitness_group,1000,16,15003016,8,-1.120334473155334,-1.1076974353042874,-1.1198890353859259,0.00039759355806801635,False,0.06390106098088756,False,0.9647514097323688,1000,True,17.435699002817273
flight,7,plateau,High,0.0101959682201341,True,C_fitness_group,1000,17,15003017,8,-1.120334473155334,-1.1076974353042874,-1.1203148814807191,1.7487344256819165e-05,True,0.012962231470160915,False,0.998449662425184,1000,True,17.683407000731677
flight,7,plateau,High,0.0101959682201341,True,C_fitness_group,1000,18,15003018,8,-1.120334473155334,-1.1076974353042874,-1.1201886727956982,0.00013014002793746416,False,0.08164615660630767,False,0.9884624576301586,1000,True,17.789361998438835
flight,7,plateau,High,0.0101959682201341,True,C_fitness_group,1000,19,15003019,8,-1.120334473155334,-1.1076974353042874,-1.1197647120357805,0.0005085634095938665,False,0.07597080995137642,False,0.9549133961400424,1000,True,17.89537799777463
flight,7,plateau,High,0.0101959682201341,True,C_fitness_group,1000,20,15003020,8,-1.120334473155334,-1.1076974353042874,-1.1178877443138486,0.002183927121865951,False,0.2753312787326911,False,0.8063843069614047,1000,True,17.77332101482898
flight,7,plateau,High,0.0101959682201341,True,C_fitness_group,1000,21,15003021,8,-1.120334473155334,-1.1076974353042874,-1.120175891763136,0.00014154825723733267,False,0.0552176583304365,False,0.9874510629732022,1000,True,18.105469993315637
flight,7,plateau,High,0.0101959682201341,True,C_fitness_group,1000,22,15003022,8,-1.120334473155334,-1.1076974353042874,-1.1199087932554168,0.0003799578698299437,False,0.1352781366957334,False,0.9663148987179855,1000,True,17.587356036528945
flight,7,plateau,High,0.0101959682201341,True,C_fitness_group,1000,23,15003023,8,-1.120334473155334,-1.1076974353042874,-1.1199283829106095,0.000362472328090349,False,0.06487813829841688,False,0.967865076490939,1000,True,17.553095996845514
flight,7,plateau,High,0.0101959682201341,True,C_fitness_group,1000,24,15003024,8,-1.120334473155334,-1.1076974353042874,-1.1199688750578969,0.00032632941875599227,False,0.05506264249544295,False,0.9710693200616786,1000,True,17.474429972935468
flight,7,plateau,High,0.0101959682201341,True,C_fitness_group,1000,25,15003025,8,-1.120334473155334,-1.1076974353042874,-1.1176634752380143,0.0023841075869039017,False,0.38410740394988935,False,0.7886373413767673,1000,True,17.66012900043279
flight,7,plateau,High,0.0101959682201341,True,C_fitness_group,1000,26,15003026,8,-1.120334473155334,-1.1076974353042874,-1.1201675029260434,0.00014903605422433936,False,0.06583219385121078,False,0.9867872335860142,1000,True,17.409170046448708
flight,7,plateau,High,0.0101959682201341,True,C_fitness_group,1000,27,15003027,8,-1.120334473155334,-1.1076974353042874,-1.1199515498834212,0.00034179370633337006,False,0.08432512051052238,False,0.9696983362377842,1000,True,17.525670991744846
flight,7,plateau,High,0.0101959682201341,True,C_fitness_group,1000,28,15003028,8,-1.120334473155334,-1.1076974353042874,-1.1186534358789704,0.001500478041730775,False,0.20240191725069887,False,0.86697537063843,1000,True,17.53291196655482
flight,7,plateau,High,0.0101959682201341,True,C_fitness_group,1000,29,15003029,8,-1.120334473155334,-1.1076974353042874,-1.1196998796707143,0.0005664321680938833,False,0.11250563579497665,False,0.94978305105202,1000,True,17.549199983477592
flight,7,plateau,High,0.0101959682201341,True,D_no_warm_slot,1000,0,15004000,8,-1.120334473155334,-1.1076974353042874,-1.0538561168303442,0.05933795479644459,False,1.2831273124024083,False,-4.260596439495859,1000,True,13.283053995110095
flight,7,plateau,High,0.0101959682201341,True,D_no_warm_slot,1000,1,15004001,8,-1.120334473155334,-1.1076974353042874,-1.1190537085460712,0.0011431984286403045,False,0.13214965265183262,False,0.8986499348692957,1000,True,13.312002003658563
flight,7,plateau,High,0.0101959682201341,True,D_no_warm_slot,1000,2,15004002,8,-1.120334473155334,-1.1076974353042874,-1.1196003527086684,0.0006552689971218597,False,0.13746140861593661,False,0.9419072368605158,1000,True,13.934610993601382
flight,7,plateau,High,0.0101959682201341,True,D_no_warm_slot,1000,3,15004003,8,-1.120334473155334,-1.1076974353042874,-1.1157021415327542,0.004134775581379026,False,0.23609366980963437,False,0.6334321636778047,1000,True,13.482070004101843
flight,7,plateau,High,0.0101959682201341,True,D_no_warm_slot,1000,4,15004004,8,-1.120334473155334,-1.1076974353042874,-0.8552086217268716,0.23664883816504925,False,3.1143963183195105,False,-19.980063093385933,1000,True,13.901123951654881
flight,7,plateau,High,0.0101959682201341,True,D_no_warm_slot,1000,5,15004005,8,-1.120334473155334,-1.1076974353042874,-1.114074433257027,0.005587652659367095,False,0.3073736299618119,False,0.504627589780574,1000,True,13.523286033887416
flight,7,plateau,High,0.0101959682201341,True,D_no_warm_slot,1000,6,15004006,8,-1.120334473155334,-1.1076974353042874,-1.1202481935856712,7.701233134403533e-05,True,0.05416632659800041,False,0.9931724846692899,1000,True,13.617885007988662
flight,7,plateau,High,0.0101959682201341,True,D_no_warm_slot,1000,7,15004007,8,-1.120334473155334,-1.1076974353042874,-1.1192502750734885,0.0009677449974308984,False,0.10314575665878511,False,0.9142047294132566,1000,True,13.759160006884485
flight,7,plateau,High,0.0101959682201341,True,D_no_warm_slot,1000,8,15004008,8,-1.120334473155334,-1.1076974353042874,-1.1202650587227418,6.19586688220156e-05,True,0.06210209125931269,False,0.9945070645977079,1000,True,13.692518987227231
flight,7,plateau,High,0.0101959682201341,True,D_no_warm_slot,1000,9,15004009,8,-1.120334473155334,-1.1076974353042874,-1.1202000085989472,0.00012002179671224607,False,0.03234401949355287,False,0.9893594877239656,1000,True,13.628994987811893
flight,7,plateau,High,0.0101959682201341,True,D_no_warm_slot,1000,10,15004010,8,-1.120334473155334,-1.1076974353042874,-1.1203012326321602,2.9670177942621635e-05,True,0.022256599375772415,False,0.9973695953461895,1000,True,13.635528041049838
flight,7,plateau,High,0.0101959682201341,True,D_no_warm_slot,1000,11,15004011,8,-1.120334473155334,-1.1076974353042874,-1.1203017158961746,2.923882103453648e-05,True,0.03419036443830857,False,0.9974078372205953,1000,True,13.89735797420144
flight,7,plateau,High,0.0101959682201341,True,D_no_warm_slot,1000,12,15004012,8,-1.120334473155334,-1.1076974353042874,-1.117210415023815,0.002788504867408386,False,0.24752660225960518,False,0.7527855682365989,1000,True,13.641438039485365
flight,7,plateau,High,0.0101959682201341,True,D_no_warm_slot,1000,13,15004013,8,-1.120334473155334,-1.1076974353042874,-0.978983647083112,0.12616841618210536,False,2.035783363847461,False,-10.185439795174473,1000,True,13.699228002224118
flight,7,plateau,High,0.0101959682201341,True,D_no_warm_slot,1000,14,15004014,8,-1.120334473155334,-1.1076974353042874,-0.8539782400785934,0.23774706523719583,False,3.1624827934214763,False,-20.077426230442324,1000,True,13.67312902584672
flight,7,plateau,High,0.0101959682201341,True,D_no_warm_slot,1000,15,15004015,8,-1.120334473155334,-1.1076974353042874,-1.1203268345370976,6.818158701186301e-06,True,0.008137892244970078,False,0.9993955372828333,1000,True,13.515829981770366
flight,7,plateau,High,0.0101959682201341,True,D_no_warm_slot,1000,16,15004016,8,-1.120334473155334,-1.1076974353042874,-1.1201298376535553,0.00018265572173485603,False,0.06486860978148173,False,0.9838066875963595,1000,True,13.68255098350346
flight,7,plateau,High,0.0101959682201341,True,D_no_warm_slot,1000,17,15004017,8,-1.120334473155334,-1.1076974353042874,-1.1202998114189175,3.093873949874735e-05,True,0.04385519111625105,False,0.9972571312339981,1000,True,13.321040023583919
flight,7,plateau,High,0.0101959682201341,True,D_no_warm_slot,1000,18,15004018,8,-1.120334473155334,-1.1076974353042874,-1.1200909984490375,0.0002173232299196861,False,0.052464433735212916,False,0.9807332454673051,1000,True,13.764593983069062
flight,7,plateau,High,0.0101959682201341,True,D_no_warm_slot,1000,19,15004019,8,-1.120334473155334,-1.1076974353042874,-1.1203095123617348,2.2279769298581917e-05,True,0.015129465408191226,False,0.9980247907861507,1000,True,13.383252953644842
flight,7,plateau,High,0.0101959682201341,True,D_no_warm_slot,1000,20,15004020,8,-1.120334473155334,-1.1076974353042874,-1.119973102844583,0.00032255573617514144,False,0.07706765600542816,False,0.9714038752585455,1000,True,13.618145021609962
flight,7,plateau,High,0.0101959682201341,True,D_no_warm_slot,1000,21,15004021,8,-1.120334473155334,-1.1076974353042874,-1.11989577469384,0.00039157811529118985,False,0.05813781342263151,False,0.9652847078037688,1000,True,13.922256010118872
flight,7,plateau,High,0.0101959682201341,True,D_no_warm_slot,1000,22,15004022,8,-1.120334473155334,-1.1076974353042874,-1.12032803007726,5.751030811193738e-06,True,0.016530782000004365,False,0.9994901433271068,1000,True,13.624783023260534
flight,7,plateau,High,0.0101959682201341,True,D_no_warm_slot,1000,23,15004023,8,-1.120334473155334,-1.1076974353042874,-1.11966448851911,0.0005980219767200059,False,0.08851502428608218,False,0.9469824618616273,1000,True,13.844569970387965
flight,7,plateau,High,0.0101959682201341,True,D_no_warm_slot,1000,24,15004024,8,-1.120334473155334,-1.1076974353042874,-1.1200230614558315,0.0002779631502593802,False,0.053421563556726254,False,0.9753572234907367,1000,True,13.609647983685136
flight,7,plateau,High,0.0101959682201341,True,D_no_warm_slot,1000,25,15004025,8,-1.120334473155334,-1.1076974353042874,-0.907827622853055,0.18968161329872335,False,2.6898465042831594,False,-15.816191642939518,1000,True,14.216342999134213
flight,7,plateau,High,0.0101959682201341,True,D_no_warm_slot,1000,26,15004026,8,-1.120334473155334,-1.1076974353042874,-1.1192894095379453,0.0009328139430051755,False,0.13856502763629686,False,0.917301536190136,1000,True,13.748472963925451
flight,7,plateau,High,0.0101959682201341,True,D_no_warm_slot,1000,27,15004027,8,-1.120334473155334,-1.1076974353042874,-1.1191689773235751,0.0010403106033828606,False,0.1480535952963698,False,0.9077714377770638,1000,True,13.776889012660831
flight,7,plateau,High,0.0101959682201341,True,D_no_warm_slot,1000,28,15004028,8,-1.120334473155334,-1.1076974353042874,-1.1197570280831852,0.000515422033316901,False,0.08844182789349087,False,0.9543053460031442,1000,True,13.708145008422434
flight,7,plateau,High,0.0101959682201341,True,D_no_warm_slot,1000,29,15004029,8,-1.120334473155334,-1.1076974353042874,-1.1202772243443853,5.109974951272368e-05,True,0.041105184881938525,False,0.995469760269495,1000,True,13.742794981226325
flight,7,plateau,High,0.0101959682201341,True,baseline,5000,0,15010000,8,-1.120334473155334,-1.1076974353042874,-1.1191493394894958,0.0010578391491429622,False,0.1348654500011717,False,0.9062174474898782,5000,True,67.30404100380838
flight,7,plateau,High,0.0101959682201341,True,baseline,5000,1,15010001,8,-1.120334473155334,-1.1076974353042874,-1.1203246492550198,8.76872090390355e-06,True,0.011652100720889893,False,0.9992226105175979,5000,True,67.32405500952154
flight,7,plateau,High,0.0101959682201341,True,baseline,5000,2,15010002,8,-1.120334473155334,-1.1076974353042874,-1.1158433785862227,0.00400870871755148,False,0.275410757697788,False,0.6446086003660024,5000,True,68.35742900148034
flight,7,plateau,High,0.0101959682201341,True,baseline,5000,3,15010003,8,-1.120334473155334,-1.1076974353042874,-1.11969561694616,0.0005702370358868214,False,0.09875648340602666,False,0.949445731135401,5000,True,67.55636003799736
flight,7,plateau,High,0.0101959682201341,True,baseline,5000,4,15010004,8,-1.120334473155334,-1.1076974353042874,-1.1203200788799594,1.2848194641363927e-05,True,0.013917186015248105,False,0.9988609454569817,5000,True,67.5912179867737
flight,7,plateau,High,0.0101959682201341,True,baseline,5000,5,15010005,8,-1.120334473155334,-1.1076974353042874,-1.1201251987802745,0.00018679633633879013,False,0.056003077747421304,False,0.983439602102471,5000,True,68.09472100576386
flight,7,plateau,High,0.0101959682201341,True,baseline,5000,6,15010006,8,-1.120334473155334,-1.1076974353042874,-1.1203326992317555,1.5833874802388716e-06,True,0.006179359469849257,False,0.9998596250482602,5000,True,69.93385101668537
flight,7,plateau,High,0.0101959682201341,True,baseline,5000,7,15010007,8,-1.120334473155334,-1.1076974353042874,-1.1202431305608043,8.153153965925754e-05,True,0.03436506406198104,False,0.9927718350133664,5000,True,68.74012597836554
flight,7,plateau,High,0.0101959682201341,True,baseline,5000,8,15010008,8,-1.120334473155334,-1.1076974353042874,-1.1203074260198589,2.414201840893259e-05,True,0.0213918764770524,False,0.9978596934033209,5000,True,68.80060001276433
flight,7,plateau,High,0.0101959682201341,True,baseline,5000,9,15010009,8,-1.120334473155334,-1.1076974353042874,-1.1196034441516294,0.0006525096042485425,False,0.10027943829674185,False,0.9421518703733212,5000,True,68.3467099443078
flight,7,plateau,High,0.0101959682201341,True,baseline,5000,10,15010010,8,-1.120334473155334,-1.1076974353042874,-1.1201144178404319,0.00019641930171293638,False,0.053609085698140435,False,0.9825864797197013,5000,True,67.47638201341033
flight,7,plateau,High,0.0101959682201341,True,baseline,5000,11,15010011,8,-1.120334473155334,-1.1076974353042874,-1.1199063610430795,0.0003821288396568927,False,0.07781115776202895,False,0.9661224317517566,5000,True,68.32831399515271
flight,7,plateau,High,0.0101959682201341,True,baseline,5000,12,15010012,8,-1.120334473155334,-1.1076974353042874,-1.1179220162271801,0.002153336334781651,False,0.19884014265129255,False,0.8090963280644085,5000,True,67.99632799811661
flight,7,plateau,High,0.0101959682201341,True,baseline,5000,13,15010013,8,-1.120334473155334,-1.1076974353042874,-1.1182738352020423,0.0018393060310713057,False,0.1784481838055779,False,0.8369366320192632,5000,True,68.19858500966802
flight,7,plateau,High,0.0101959682201341,True,baseline,5000,14,15010014,8,-1.120334473155334,-1.1076974353042874,-1.1199052805096201,0.00038309331364681754,False,0.07488017617755516,False,0.9660369264717922,5000,True,67.10926000960171
flight,7,plateau,High,0.0101959682201341,True,baseline,5000,15,15010015,8,-1.120334473155334,-1.1076974353042874,-1.1202448858507794,7.996478435786656e-05,True,0.041042069882471936,False,0.9929107354420774,5000,True,65.8852020278573
flight,7,plateau,High,0.0101959682201341,True,baseline,5000,16,15010016,8,-1.120334473155334,-1.1076974353042874,-1.1202941213085935,3.6017678387421e-05,True,0.0243268961792189,False,0.9968068587578768,5000,True,66.88046897761524
flight,7,plateau,High,0.0101959682201341,True,baseline,5000,17,15010017,8,-1.120334473155334,-1.1076974353042874,-1.120283836207767,4.5198062525383745e-05,True,0.029870100156220394,False,0.9959929733404396,5000,True,67.33834801707417
flight,7,plateau,High,0.0101959682201341,True,baseline,5000,18,15010018,8,-1.120334473155334,-1.1076974353042874,-1.11966296475038,0.0005993820783384015,False,0.10179983621907816,False,0.9468618822805542,5000,True,66.0752429976128
flight,7,plateau,High,0.0101959682201341,True,baseline,5000,19,15010019,8,-1.120334473155334,-1.1076974353042874,-1.1131595935024334,0.006404230008823213,False,0.349730950817543,False,0.4322340616945805,5000,True,66.97015900863335
flight,7,plateau,High,0.0101959682201341,True,baseline,5000,20,15010020,8,-1.120334473155334,-1.1076974353042874,-1.1201292871808664,0.000183147068472975,False,0.05497028022839254,False,0.9837631273336241,5000,True,68.42909404076636
flight,7,plateau,High,0.0101959682201341,True,baseline,5000,21,15010021,8,-1.120334473155334,-1.1076974353042874,-1.1142929811154936,0.005392578899071992,False,0.3187384992716475,False,0.5219218213119408,5000,True,68.61920998198912
flight,7,plateau,High,0.0101959682201341,True,baseline,5000,22,15010022,8,-1.120334473155334,-1.1076974353042874,-1.1203331450657652,1.1854402418087675e-06,True,0.0037246081093442076,False,0.9998949049940011,5000,True,68.69228195864707
flight,7,plateau,High,0.0101959682201341,True,baseline,5000,23,15010023,8,-1.120334473155334,-1.1076974353042874,-1.1198866580787445,0.0003997155200698088,False,0.07520449761040403,False,0.9645632875466671,5000,True,67.34209501883015
flight,7,plateau,High,0.0101959682201341,True,baseline,5000,24,15010024,8,-1.120334473155334,-1.1076974353042874,-1.1202890953734077,4.0503780802581324e-05,True,0.021346202839041872,False,0.9964091440999758,5000,True,67.64461199054495
flight,7,plateau,High,0.0101959682201341,True,baseline,5000,25,15010025,8,-1.120334473155334,-1.1076974353042874,-1.1203328621684965,1.4379516796877825e-06,True,0.003864631067049622,False,0.9998725186347881,5000,True,65.60792401432991
flight,7,plateau,High,0.0101959682201341,True,baseline,5000,26,15010026,8,-1.120334473155334,-1.1076974353042874,-1.1203115414982372,2.0468581165930285e-05,True,0.016554089484186213,False,0.9981853613665587,5000,True,67.32953200116754
flight,7,plateau,High,0.0101959682201341,True,baseline,5000,27,15010027,8,-1.120334473155334,-1.1076974353042874,-1.1201311521729778,0.00018148239407787359,False,0.05614382868867784,False,0.9839107087631802,5000,True,66.83603598503396
flight,7,plateau,High,0.0101959682201341,True,baseline,5000,28,15010028,8,-1.120334473155334,-1.1076974353042874,-1.1190698856671708,0.001128758882694691,False,0.13713490048462368,False,0.8999300703955371,5000,True,67.02903797850013
flight,7,plateau,High,0.0101959682201341,True,baseline,5000,29,15010029,8,-1.120334473155334,-1.1076974353042874,-1.1202356976177263,8.816611465094611e-05,True,0.03641324457295768,False,0.9921836478792029,5000,True,68.2202159659937
flight,7,plateau,High,0.0101959682201341,True,A_no_greedy,5000,0,15011000,8,-1.120334473155334,-1.1076974353042874,-1.1192935128198727,0.0009291513921994404,False,0.11172953347745129,False,0.9176262390181019,5000,True,69.13133995840326
flight,7,plateau,High,0.0101959682201341,True,A_no_greedy,5000,1,15011001,8,-1.120334473155334,-1.1076974353042874,-1.1177776767497907,0.002282172392983925,False,0.3319009961655484,False,0.7976743889129402,5000,True,68.37191298836842
flight,7,plateau,High,0.0101959682201341,True,A_no_greedy,5000,2,15011002,8,-1.120334473155334,-1.1076974353042874,-1.1161398590597098,0.0037440730390187493,False,0.31725528505810474,False,0.6680698321025614,5000,True,68.22361302329227
flight,7,plateau,High,0.0101959682201341,True,A_no_greedy,5000,3,15011003,8,-1.120334473155334,-1.1076974353042874,-1.1200877066577386,0.00022026145183265202,False,0.044058691184970265,False,0.9804727578959552,5000,True,68.02763900486752
flight,7,plateau,High,0.0101959682201341,True,A_no_greedy,5000,4,15011004,8,-1.120334473155334,-1.1076974353042874,-1.1201526090030616,0.00016233022961454258,False,0.058471783220496856,False,0.9856086406944383,5000,True,67.87261500721797
flight,7,plateau,High,0.0101959682201341,True,A_no_greedy,5000,5,15011005,8,-1.120334473155334,-1.1076974353042874,-1.1199678748941218,0.00032722215552264414,False,0.08535887287274745,False,0.9709901746332227,5000,True,68.75239597866312
flight,7,plateau,High,0.0101959682201341,True,A_no_greedy,5000,6,15011006,8,-1.120334473155334,-1.1076974353042874,-1.1196473034995613,0.0006133611633294534,False,0.11800562290405353,False,0.9456225688430823,5000,True,69.16680099675432
flight,7,plateau,High,0.0101959682201341,True,A_no_greedy,5000,7,15011007,8,-1.120334473155334,-1.1076974353042874,-1.1194125205368937,0.0008229262247404524,False,0.08502980803701546,False,0.9270436134395251,5000,True,68.87919403379783
flight,7,plateau,High,0.0101959682201341,True,A_no_greedy,5000,8,15011008,8,-1.120334473155334,-1.1076974353042874,-1.1201978840085927,0.0001219181860543963,False,0.03452143377805821,False,0.9891913636446065,5000,True,68.4253639774397
flight,7,plateau,High,0.0101959682201341,True,A_no_greedy,5000,9,15011009,8,-1.120334473155334,-1.1076974353042874,-1.1201846563986735,0.0001337250260973709,False,0.03476704986852001,False,0.9881446302190133,5000,True,68.71063797734678
flight,7,plateau,High,0.0101959682201341,True,A_no_greedy,5000,10,15011010,8,-1.120334473155334,-1.1076974353042874,-1.1195230230949726,0.0007242926820558624,False,0.08642219158312556,False,0.9357879536386671,5000,True,67.96294497326016
flight,7,plateau,High,0.0101959682201341,True,A_no_greedy,5000,11,15011011,8,-1.120334473155334,-1.1076974353042874,-1.1200138930121224,0.0002861468167704237,False,0.1299341366548452,False,0.9746317019074988,5000,True,66.8283459963277
flight,7,plateau,High,0.0101959682201341,True,A_no_greedy,5000,12,15011012,8,-1.120334473155334,-1.1076974353042874,-1.1192036419391838,0.0010093692939442543,False,0.10086107094740411,False,0.9105145343806532,5000,True,69.10287297796458
flight,7,plateau,High,0.0101959682201341,True,A_no_greedy,5000,13,15011013,8,-1.120334473155334,-1.1076974353042874,-1.1202657693697566,6.132435198912507e-05,True,0.058732743344979355,False,0.9945632998502383,5000,True,68.98595998063684
flight,7,plateau,High,0.0101959682201341,True,A_no_greedy,5000,14,15011014,8,-1.120334473155334,-1.1076974353042874,-1.1196095947740783,0.0006470196165740711,False,0.18875677017937684,False,0.9426385843106699,5000,True,68.7582659884356
flight,7,plateau,High,0.0101959682201341,True,A_no_greedy,5000,15,15011015,8,-1.120334473155334,-1.1076974353042874,-1.11939287268776,0.0008404637098437422,False,0.09627863300120618,False,0.9254888306363672,5000,True,69.75361000513658
flight,7,plateau,High,0.0101959682201341,True,A_no_greedy,5000,16,15011016,8,-1.120334473155334,-1.1076974353042874,-1.1200317631023928,0.0002701961424864275,False,0.10680782711685284,False,0.9760458062633668,5000,True,69.07872302690521
flight,7,plateau,High,0.0101959682201341,True,A_no_greedy,5000,17,15011017,8,-1.120334473155334,-1.1076974353042874,-1.1180676761278425,0.0020233216792010203,False,0.29770085761055204,False,0.8206227555689629,5000,True,69.38793801236898
flight,7,plateau,High,0.0101959682201341,True,A_no_greedy,5000,18,15011018,8,-1.120334473155334,-1.1076974353042874,-1.119731540705789,0.0005381718263535977,False,0.07460496625930933,False,0.9522884669135521,5000,True,68.54934099828824
flight,7,plateau,High,0.0101959682201341,True,A_no_greedy,5000,19,15011019,8,-1.120334473155334,-1.1076974353042874,-1.119663935015187,0.0005985160291091828,False,0.18746396541463736,False,0.9469386617298509,5000,True,68.885282962583
flight,7,plateau,High,0.0101959682201341,True,A_no_greedy,5000,20,15011020,8,-1.120334473155334,-1.1076974353042874,-1.120111530169963,0.0001989968091789275,False,0.08417459124252208,False,0.9823579712272047,5000,True,69.70950198592618
flight,7,plateau,High,0.0101959682201341,True,A_no_greedy,5000,21,15011021,8,-1.120334473155334,-1.1076974353042874,-1.1199936642167587,0.00030420284900756623,False,0.05752749483994239,False,0.9730309473950797,5000,True,68.76373098930344
flight,7,plateau,High,0.0101959682201341,True,A_no_greedy,5000,22,15011022,8,-1.120334473155334,-1.1076974353042874,-1.1202355047319497,8.833828267871459e-05,True,0.07417613276528262,False,0.9921683843515505,5000,True,68.32332798512653
flight,7,plateau,High,0.0101959682201341,True,A_no_greedy,5000,23,15011023,8,-1.120334473155334,-1.1076974353042874,-1.1197556565908067,0.0005166462144979833,False,0.17853724088823986,False,0.9541968164256657,5000,True,68.7261110288091
flight,7,plateau,High,0.0101959682201341,True,A_no_greedy,5000,24,15011024,8,-1.120334473155334,-1.1076974353042874,-1.1195545206963402,0.0006961782197035188,False,0.14310684312706515,False,0.9382804365875055,5000,True,68.51318397093564
flight,7,plateau,High,0.0101959682201341,True,A_no_greedy,5000,25,15011025,8,-1.120334473155334,-1.1076974353042874,-1.1178313789177186,0.002234238343631115,False,0.2177861928537171,False,0.8019239740262297,5000,True,69.13725996855646
flight,7,plateau,High,0.0101959682201341,True,A_no_greedy,5000,26,15011026,8,-1.120334473155334,-1.1076974353042874,-1.1201349909710248,0.0001780559190929667,False,0.08968766141703573,False,0.9842144823288087,5000,True,68.98146902676672
flight,7,plateau,High,0.0101959682201341,True,A_no_greedy,5000,27,15011027,8,-1.120334473155334,-1.1076974353042874,-1.118023516786318,0.002062737891575708,False,0.1339576338034973,False,0.817128317865675,5000,True,68.85505700483918
flight,7,plateau,High,0.0101959682201341,True,A_no_greedy,5000,28,15011028,8,-1.120334473155334,-1.1076974353042874,-1.1199284153072706,0.00036244341113571824,False,0.13311942443267966,False,0.9678676401187063,5000,True,70.09840098908171
flight,7,plateau,High,0.0101959682201341,True,A_no_greedy,5000,29,15011029,8,-1.120334473155334,-1.1076974353042874,-1.1188592326990305,0.0013167857382345197,False,0.10923235924238373,False,0.8832605810244323,5000,True,68.38829204207286
flight,7,plateau,High,0.0101959682201341,True,B_no_bridge,5000,0,15012000,8,-1.120334473155334,-1.1076974353042874,-1.1202911983384045,3.862669405108141e-05,True,0.021714036184285142,False,0.9965755569113954,5000,True,73.85255000554025
flight,7,plateau,High,0.0101959682201341,True,B_no_bridge,5000,1,15012001,8,-1.120334473155334,-1.1076974353042874,-1.1122776235777434,0.007191468057658781,False,0.31414742920837885,False,0.36244160438885287,5000,True,74.20190202537924
flight,7,plateau,High,0.0101959682201341,True,B_no_bridge,5000,2,15012002,8,-1.120334473155334,-1.1076974353042874,-1.1109553000528694,0.008371761582993074,False,0.41618658869654784,False,0.25780287967659443,5000,True,74.1952050011605
flight,7,plateau,High,0.0101959682201341,True,B_no_bridge,5000,3,15012003,8,-1.120334473155334,-1.1076974353042874,-1.1202654886451682,6.157492411306706e-05,True,0.0303841900347156,False,0.9945410854205774,5000,True,75.21616498706862
flight,7,plateau,High,0.0101959682201341,True,B_no_bridge,5000,4,15012004,8,-1.120334473155334,-1.1076974353042874,-1.120322967243588,1.0270068467704357e-05,True,0.016259351866463042,False,0.9990895088009029,5000,True,74.36956197489053
flight,7,plateau,High,0.0101959682201341,True,B_no_bridge,5000,5,15012005,8,-1.120334473155334,-1.1076974353042874,-1.1202686356756444,5.8765914347125985e-05,True,0.028994374999990247,False,0.9947901177106844,5000,True,73.67655000416562
flight,7,plateau,High,0.0101959682201341,True,B_no_bridge,5000,6,15012006,8,-1.120334473155334,-1.1076974353042874,-1.1202047752086575,0.00011576716577435582,False,0.0826953785155391,False,0.9897366813168358,5000,True,72.99132802290842
flight,7,plateau,High,0.0101959682201341,True,B_no_bridge,5000,7,15012007,8,-1.120334473155334,-1.1076974353042874,-1.1181669985965956,0.0019346673789603333,False,0.19254028744111423,False,0.8284823877014155,5000,True,74.24899004399776
flight,7,plateau,High,0.0101959682201341,True,B_no_bridge,5000,8,15012008,8,-1.120334473155334,-1.1076974353042874,-1.1186467085678653,0.001506482776268777,False,0.18026136549137559,False,0.8664430219041487,5000,True,74.13941103732213
flight,7,plateau,High,0.0101959682201341,True,B_no_bridge,5000,9,15012009,8,-1.120334473155334,-1.1076974353042874,-1.120239319326873,8.49334111741141e-05,True,0.027080388170651472,False,0.9924702426642525,5000,True,73.65146302618086
flight,7,plateau,High,0.0101959682201341,True,B_no_bridge,5000,10,15012010,8,-1.120334473155334,-1.1076974353042874,-1.1143190957767866,0.0053692691983364274,False,0.2887790528653196,False,0.5239883389247549,5000,True,85.23526100907475
flight,7,plateau,High,0.0101959682201341,True,B_no_bridge,5000,11,15012011,8,-1.120334473155334,-1.1076974353042874,-1.1201903755703304,0.00012862014733663936,False,0.08867995304284002,False,0.9885972023901454,5000,True,76.90577197354287
flight,7,plateau,High,0.0101959682201341,True,B_no_bridge,5000,12,15012012,8,-1.120334473155334,-1.1076974353042874,-1.1202964245129619,3.396185985864711e-05,True,0.02325557434075615,False,0.9969891170050613,5000,True,76.13130402751267
flight,7,plateau,High,0.0101959682201341,True,B_no_bridge,5000,13,15012013,8,-1.120334473155334,-1.1076974353042874,-1.1202501097819764,7.530195256778629e-05,True,0.05120678185317461,False,0.9933241180130982,5000,True,76.42907998524606
flight,7,plateau,High,0.0101959682201341,True,B_no_bridge,5000,14,15012014,8,-1.120334473155334,-1.1076974353042874,-1.1194731585218554,0.0007688013304212446,False,0.08869624245205322,False,0.9318420468759397,5000,True,76.923573971726
flight,7,plateau,High,0.0101959682201341,True,B_no_bridge,5000,15,15012015,8,-1.120334473155334,-1.1076974353042874,-1.1200120682714263,0.0002877755631312849,False,0.08028333730382528,False,0.9744873056717981,5000,True,75.85510099306703
flight,7,plateau,High,0.0101959682201341,True,B_no_bridge,5000,16,15012016,8,-1.120334473155334,-1.1076974353042874,-1.1172227916313946,0.0027774576240393307,False,0.20234035680690132,False,0.7537649597463477,5000,True,76.83104701573029
flight,7,plateau,High,0.0101959682201341,True,B_no_bridge,5000,17,15012017,8,-1.120334473155334,-1.1076974353042874,-1.1202957509352505,3.456308898041843e-05,True,0.018797538438426655,False,0.9969358151380158,5000,True,75.8124670246616
flight,7,plateau,High,0.0101959682201341,True,B_no_bridge,5000,18,15012018,8,-1.120334473155334,-1.1076974353042874,-1.1199559540702475,0.0003378625706485584,False,0.11683147576264936,False,0.9700468504131993,5000,True,76.3654459733516
flight,7,plateau,High,0.0101959682201341,True,B_no_bridge,5000,19,15012019,8,-1.120334473155334,-1.1076974353042874,-1.1107861262977483,0.008522764483622007,False,0.4222699842212439,False,0.24441574282418455,5000,True,76.42996101640165
flight,7,plateau,High,0.0101959682201341,True,B_no_bridge,5000,20,15012020,8,-1.120334473155334,-1.1076974353042874,-1.120248135796026,7.706391383718899e-05,True,0.026944104910892955,False,0.9931679116320028,5000,True,78.15184199716896
flight,7,plateau,High,0.0101959682201341,True,B_no_bridge,5000,21,15012021,8,-1.120334473155334,-1.1076974353042874,-1.1202993100796612,3.138623019759138e-05,True,0.02893492943975739,False,0.9972174590210761,5000,True,75.91025397414342
flight,7,plateau,High,0.0101959682201341,True,B_no_bridge,5000,22,15012022,8,-1.120334473155334,-1.1076974353042874,-1.120291521253252,3.83384632992251e-05,True,0.03519844410790544,False,0.9966011099604037,5000,True,76.21870003640652
flight,7,plateau,High,0.0101959682201341,True,B_no_bridge,5000,23,15012023,8,-1.120334473155334,-1.1076974353042874,-1.1201719153511445,0.00014509756513308845,False,0.07023081736222113,False,0.9871363996764448,5000,True,76.17953995941207
flight,7,plateau,High,0.0101959682201341,True,B_no_bridge,5000,24,15012024,8,-1.120334473155334,-1.1076974353042874,-1.1202394774611095,8.479226204375772e-05,True,0.04189925714845277,False,0.9924827562167525,5000,True,75.12018200941384
flight,7,plateau,High,0.0101959682201341,True,B_no_bridge,5000,25,15012025,8,-1.120334473155334,-1.1076974353042874,-1.1202790841236445,4.943972806035933e-05,True,0.036402072486595105,False,0.9956169291931923,5000,True,74.21387598151341
flight,7,plateau,High,0.0101959682201341,True,B_no_bridge,5000,26,15012026,8,-1.120334473155334,-1.1076974353042874,-1.113602907997527,0.006008531665412487,False,0.3537455940280962,False,0.46731463202434187,5000,True,75.51115198293701
flight,7,plateau,High,0.0101959682201341,True,B_no_bridge,5000,27,15012027,8,-1.120334473155334,-1.1076974353042874,-1.120089896510953,0.00021830680947647178,False,0.06056370109432924,False,0.9806460463865121,5000,True,74.41427500452846
flight,7,plateau,High,0.0101959682201341,True,B_no_bridge,5000,28,15012028,8,-1.120334473155334,-1.1076974353042874,-1.1202278126851821,9.520413118364708e-05,True,0.02919517005965263,False,0.9915596937028237,5000,True,73.64989799680188
flight,7,plateau,High,0.0101959682201341,True,B_no_bridge,5000,29,15012029,8,-1.120334473155334,-1.1076974353042874,-1.1124593875698798,0.007029227230038342,False,0.3658034545337963,False,0.3768250377756079,5000,True,73.32049100659788
flight,7,plateau,High,0.0101959682201341,True,C_fitness_group,5000,0,15013000,8,-1.120334473155334,-1.1076974353042874,-1.1202945699912688,3.561718845696994e-05,True,0.03880397255236008,False,0.9968423641255526,5000,True,88.56361702783033
flight,7,plateau,High,0.0101959682201341,True,C_fitness_group,5000,1,15013001,8,-1.120334473155334,-1.1076974353042874,-1.1202842539172329,4.482521898989135e-05,True,0.0210628449504601,False,0.996026027721603,5000,True,87.47957600280643
flight,7,plateau,High,0.0101959682201341,True,C_fitness_group,5000,2,15013002,8,-1.120334473155334,-1.1076974353042874,-1.1203086492047138,2.3050215126726777e-05,True,0.014966214036923288,False,0.9979564870403566,5000,True,86.09683701070026
flight,7,plateau,High,0.0101959682201341,True,C_fitness_group,5000,3,15013003,8,-1.120334473155334,-1.1076974353042874,-1.1203328152123473,1.4798642962467446e-06,True,0.006017289031664311,False,0.9998688028787902,5000,True,87.63994002947584
flight,7,plateau,High,0.0101959682201341,True,C_fitness_group,5000,4,15013004,8,-1.120334473155334,-1.1076974353042874,-1.120321906188861,1.1217155924525376e-05,True,0.017144667253808477,False,0.9990055449211175,5000,True,86.96119301021099
flight,7,plateau,High,0.0101959682201341,True,C_fitness_group,5000,5,15013005,8,-1.120334473155334,-1.1076974353042874,-1.1203288176557176,5.048045696986221e-06,True,0.009305960259153674,False,0.999552466354611,5000,True,87.97279599821195
flight,7,plateau,High,0.0101959682201341,True,C_fitness_group,5000,6,15013006,8,-1.120334473155334,-1.1076974353042874,-1.1202844543152217,4.4646345632272144e-05,True,0.02538692362806357,False,0.9960418857091498,5000,True,88.24680902762339
flight,7,plateau,High,0.0101959682201341,True,C_fitness_group,5000,7,15013007,8,-1.120334473155334,-1.1076974353042874,-1.1203234253911787,9.861130242797671e-06,True,0.01288433229113796,False,0.9991257631507081,5000,True,87.44172699516639
flight,7,plateau,High,0.0101959682201341,True,C_fitness_group,5000,8,15013008,8,-1.120334473155334,-1.1076974353042874,-1.1202668756348957,6.03369101442494e-05,True,0.03622586358187588,False,0.9946508413415348,5000,True,87.33649097848684
flight,7,plateau,High,0.0101959682201341,True,C_fitness_group,5000,9,15013009,8,-1.120334473155334,-1.1076974353042874,-1.120320231905776,1.2711605238708281e-05,True,0.02291587284151359,False,0.9988730547675864,5000,True,88.3908630348742
flight,7,plateau,High,0.0101959682201341,True,C_fitness_group,5000,10,15013010,8,-1.120334473155334,-1.1076974353042874,-1.1203313062006346,2.8267939398977197e-06,True,0.009307103612172032,False,0.999749391056931,5000,True,87.42033503949642
flight,7,plateau,High,0.0101959682201341,True,C_fitness_group,5000,11,15013011,8,-1.120334473155334,-1.1076974353042874,-1.120311953132172,2.0101160592361162e-05,True,0.024778087703882675,False,0.9982179349759415,5000,True,88.94834597595036
flight,7,plateau,High,0.0101959682201341,True,C_fitness_group,5000,12,15013012,8,-1.120334473155334,-1.1076974353042874,-1.1203216995663121,1.1401585265761717e-05,True,0.02059162037526883,False,0.9989891943687741,5000,True,88.75646296655759
flight,7,plateau,High,0.0101959682201341,True,C_fitness_group,5000,13,15013013,8,-1.120334473155334,-1.1076974353042874,-1.120300633220816,3.020520686342888e-05,True,0.041276082583318496,False,0.9973221624468677,5000,True,86.67686197441071
flight,7,plateau,High,0.0101959682201341,True,C_fitness_group,5000,14,15013014,8,-1.120334473155334,-1.1076974353042874,-1.1203290760716618,4.817386058823947e-06,True,0.015317633868950591,False,0.9995729154461818,5000,True,88.88502803165466
flight,7,plateau,High,0.0101959682201341,True,C_fitness_group,5000,15,15013015,8,-1.120334473155334,-1.1076974353042874,-1.1194736498458298,0.0007683627792687388,False,0.0830224155364649,False,0.9318809265548792,5000,True,87.44803199078888
flight,7,plateau,High,0.0101959682201341,True,C_fitness_group,5000,16,15013016,8,-1.120334473155334,-1.1076974353042874,-1.120311180859178,2.079048419393121e-05,True,0.025729561362984387,False,0.998156823107551,5000,True,87.80078700510785
flight,7,plateau,High,0.0101959682201341,True,C_fitness_group,5000,17,15013017,8,-1.120334473155334,-1.1076974353042874,-1.1203181933129447,1.4531234001419667e-05,True,0.011210261294500794,False,0.9987117358845349,5000,True,88.33064901409671
flight,7,plateau,High,0.0101959682201341,True,C_fitness_group,5000,18,15013018,8,-1.120334473155334,-1.1076974353042874,-1.120330435573848,3.603907210555386e-06,True,0.008837078816695825,False,0.9996804962101381,5000,True,88.06716999970376
flight,7,plateau,High,0.0101959682201341,True,C_fitness_group,5000,19,15013019,8,-1.120334473155334,-1.1076974353042874,-1.120322394714001,1.0781102985135879e-05,True,0.025297269406138186,False,0.9990442031213916,5000,True,87.5547569594346
flight,7,plateau,High,0.0101959682201341,True,C_fitness_group,5000,20,15013020,8,-1.120334473155334,-1.1076974353042874,-1.1203141437583988,1.8145828252464985e-05,True,0.026908490103739326,False,0.9983912846368891,5000,True,88.65731698460877
flight,7,plateau,High,0.0101959682201341,True,C_fitness_group,5000,21,15013021,8,-1.120334473155334,-1.1076974353042874,-1.1203212641087568,1.1790270578748083e-05,True,0.021030632166431598,False,0.9989547355374815,5000,True,87.6415409729816
flight,7,plateau,High,0.0101959682201341,True,C_fitness_group,5000,22,15013022,8,-1.120334473155334,-1.1076974353042874,-1.1202625422505437,6.420484820725755e-05,True,0.06324421548444663,False,0.9943079299406911,5000,True,87.97370095271617
flight,7,plateau,High,0.0101959682201341,True,C_fitness_group,5000,23,15013023,8,-1.120334473155334,-1.1076974353042874,-1.1203050757954252,2.623980660526868e-05,True,0.019075413244146893,False,0.9976737143422914,5000,True,88.50319101475179
flight,7,plateau,High,0.0101959682201341,True,C_fitness_group,5000,24,15013024,8,-1.120334473155334,-1.1076974353042874,-1.1203293420887093,4.579941747437321e-06,True,0.016097052791245844,False,0.9995939660318203,5000,True,88.90643203631043
flight,7,plateau,High,0.0101959682201341,True,C_fitness_group,5000,25,15013025,8,-1.120334473155334,-1.1076974353042874,-1.1203335117930036,8.581029625035475e-07,True,0.0049975135925088895,False,0.9999239250256475,5000,True,88.68875197367743
flight,7,plateau,High,0.0101959682201341,True,C_fitness_group,5000,26,15013026,8,-1.120334473155334,-1.1076974353042874,-1.1203306119856546,3.446443693235076e-06,True,0.007955387213081406,False,0.9996944561118807,5000,True,88.62646401394159
flight,7,plateau,High,0.0101959682201341,True,C_fitness_group,5000,27,15013027,8,-1.120334473155334,-1.1076974353042874,-1.1203117298286496,2.030047921344302e-05,True,0.030433294683939408,False,0.9982002644169884,5000,True,88.40039698407054
flight,7,plateau,High,0.0101959682201341,True,C_fitness_group,5000,28,15013028,8,-1.120334473155334,-1.1076974353042874,-1.120292651089719,3.732998190895885e-05,True,0.039976288231713134,False,0.9966905167090714,5000,True,88.47511099884287
flight,7,plateau,High,0.0101959682201341,True,C_fitness_group,5000,29,15013029,8,-1.120334473155334,-1.1076974353042874,-1.1203273862677434,6.325689122629991e-06,True,0.01170262835502162,False,0.9994391970907993,5000,True,87.76284800842404
flight,7,plateau,High,0.0101959682201341,True,D_no_warm_slot,5000,0,15014000,8,-1.120334473155334,-1.1076974353042874,-1.1202907587491524,3.9019067277687775e-05,True,0.02538064738142062,False,0.9965407711287388,5000,True,68.51545901736245
flight,7,plateau,High,0.0101959682201341,True,D_no_warm_slot,5000,1,15014001,8,-1.120334473155334,-1.1076974353042874,-1.1128991035706588,0.0066367408687639795,False,0.36284846421179534,False,0.41162085036728674,5000,True,67.08284805063158
flight,7,plateau,High,0.0101959682201341,True,D_no_warm_slot,5000,2,15014002,8,-1.120334473155334,-1.1076974353042874,-1.1202856138667387,4.3611340868238346e-05,True,0.02498324281541201,False,0.9961336438830742,5000,True,69.10174200311303
flight,7,plateau,High,0.0101959682201341,True,D_no_warm_slot,5000,3,15014003,8,-1.120334473155334,-1.1076974353042874,-1.1199351316013393,0.0003564485103006488,False,0.06713419428693229,False,0.968399117047702,5000,True,67.82972899964079
flight,7,plateau,High,0.0101959682201341,True,D_no_warm_slot,5000,4,15014004,8,-1.120334473155334,-1.1076974353042874,-1.1192028757902992,0.0010100531512234104,False,0.12084420494862357,False,0.9104539071281604,5000,True,67.28421099251136
flight,7,plateau,High,0.0101959682201341,True,D_no_warm_slot,5000,5,15014005,8,-1.120334473155334,-1.1076974353042874,-1.120333288803499,1.057141294342991e-06,True,0.0042339606538207165,False,0.9999062793156902,5000,True,68.93371499609202
flight,7,plateau,High,0.0101959682201341,True,D_no_warm_slot,5000,6,15014006,8,-1.120334473155334,-1.1076974353042874,-1.115759695522187,0.004083403432425464,False,0.2384261218694919,False,0.6379865529350925,5000,True,69.00643999688327
flight,7,plateau,High,0.0101959682201341,True,D_no_warm_slot,5000,7,15014007,8,-1.120334473155334,-1.1076974353042874,-1.0960852252854203,0.021644650281640955,False,0.6981451861598295,False,-0.9189028438262914,5000,True,67.76693696156144
flight,7,plateau,High,0.0101959682201341,True,D_no_warm_slot,5000,8,15014008,8,-1.120334473155334,-1.1076974353042874,-1.1202283929102796,9.46862277258611e-05,True,0.03811883791887271,False,0.9916056083470911,5000,True,67.22919299500063
flight,7,plateau,High,0.0101959682201341,True,D_no_warm_slot,5000,9,15014009,8,-1.120334473155334,-1.1076974353042874,-1.1202718975551098,5.585439145500723e-05,True,0.0286682277230532,False,0.9950482382848149,5000,True,67.74730002507567
flight,7,plateau,High,0.0101959682201341,True,D_no_warm_slot,5000,10,15014010,8,-1.120334473155334,-1.1076974353042874,-1.1183833644434964,0.0017415412616398598,False,0.1646560330397115,False,0.8456039512712239,5000,True,68.09072801843286
flight,7,plateau,High,0.0101959682201341,True,D_no_warm_slot,5000,11,15014011,8,-1.120334473155334,-1.1076974353042874,-1.120219972461693,0.00010220224083479074,False,0.04577062422875095,False,0.9909392774643421,5000,True,66.84849102748558
flight,7,plateau,High,0.0101959682201341,True,D_no_warm_slot,5000,12,15014012,8,-1.120334473155334,-1.1076974353042874,-1.1203164175544953,1.6116259270163518e-05,True,0.019222836066391632,False,0.9985712157349297,5000,True,68.28053295612335
flight,7,plateau,High,0.0101959682201341,True,D_no_warm_slot,5000,13,15014013,8,-1.120334473155334,-1.1076974353042874,-1.1203249591330835,8.492126662559972e-06,True,0.010404153368271461,False,0.9992471319337166,5000,True,67.89788196329027
flight,7,plateau,High,0.0101959682201341,True,D_no_warm_slot,5000,14,15014014,8,-1.120334473155334,-1.1076974353042874,-1.1201244819864855,0.00018743613972444504,False,0.056145877286890494,False,0.9833828804405247,5000,True,67.66590697225183
flight,7,plateau,High,0.0101959682201341,True,D_no_warm_slot,5000,15,15014015,8,-1.120334473155334,-1.1076974353042874,-1.116737313975131,0.0032107904080392645,False,0.21634089589701658,False,0.715347914392377,5000,True,67.29968800209463
flight,7,plateau,High,0.0101959682201341,True,D_no_warm_slot,5000,16,15014016,8,-1.120334473155334,-1.1076974353042874,-1.1203330895081332,1.2350304609635684e-06,True,0.004362502761350373,False,0.9998905085814316,5000,True,67.35159800155088
flight,7,plateau,High,0.0101959682201341,True,D_no_warm_slot,5000,17,15014017,8,-1.120334473155334,-1.1076974353042874,-1.1202250259350797,9.769155808090958e-05,True,0.03971801282085303,False,0.9913391712880534,5000,True,68.62367800204083
flight,7,plateau,High,0.0101959682201341,True,D_no_warm_slot,5000,18,15014018,8,-1.120334473155334,-1.1076974353042874,-1.1149106051298125,0.004841293520358718,False,0.30243498882520514,False,0.5707959341854593,5000,True,68.13943799352273
flight,7,plateau,High,0.0101959682201341,True,D_no_warm_slot,5000,19,15014019,8,-1.120334473155334,-1.1076974353042874,-1.1194427612472244,0.0007959336514908024,False,0.11645472580783152,False,0.929436635497954,5000,True,67.08149099722505
flight,7,plateau,High,0.0101959682201341,True,D_no_warm_slot,5000,20,15014020,8,-1.120334473155334,-1.1076974353042874,-1.1200179671490311,0.0002825102805338365,False,0.07120887691020854,False,0.9749540984181961,5000,True,68.3019399875775
flight,7,plateau,High,0.0101959682201341,True,D_no_warm_slot,5000,21,15014021,8,-1.120334473155334,-1.1076974353042874,-1.1202013222944114,0.00011884920451262455,False,0.044283802910482416,False,0.9894634436889373,5000,True,67.81832303386182
flight,7,plateau,High,0.0101959682201341,True,D_no_warm_slot,5000,22,15014022,8,-1.120334473155334,-1.1076974353042874,-1.119890813257759,0.00039600664641289334,False,0.07986537634002157,False,0.9648920971192424,5000,True,66.5817090193741
flight,7,plateau,High,0.0101959682201341,True,D_no_warm_slot,5000,23,15014023,8,-1.120334473155334,-1.1076974353042874,-1.1200491528165624,0.0002546742473861555,False,0.0636035999592952,False,0.9774218972725502,5000,True,67.2847909736447
flight,7,plateau,High,0.0101959682201341,True,D_no_warm_slot,5000,24,15014024,8,-1.120334473155334,-1.1076974353042874,-1.119983832407206,0.00031297862962335665,False,0.07274206166600418,False,0.9722529320351032,5000,True,68.00791702698916
flight,7,plateau,High,0.0101959682201341,True,D_no_warm_slot,5000,25,15014025,8,-1.120334473155334,-1.1076974353042874,-1.1203343337006346,1.2447595132110923e-07,True,0.0011017955203230663,False,0.9999889646053934,5000,True,67.51978496322408
flight,7,plateau,High,0.0101959682201341,True,D_no_warm_slot,5000,26,15014026,8,-1.120334473155334,-1.1076974353042874,-1.0855901996683004,0.03101241131068569,False,0.8577100104240688,False,-1.7494001281444485,5000,True,67.3872419865802
flight,7,plateau,High,0.0101959682201341,True,D_no_warm_slot,5000,27,15014027,8,-1.120334473155334,-1.1076974353042874,-1.120333967494639,4.513479741880347e-07,True,0.0028028485625474276,False,0.9999599858209787,5000,True,67.57216597907245
flight,7,plateau,High,0.0101959682201341,True,D_no_warm_slot,5000,28,15014028,8,-1.120334473155334,-1.1076974353042874,-1.1202957969989347,3.452197296970548e-05,True,0.02967561712553041,False,0.996939460271056,5000,True,66.19130203034729
flight,7,plateau,High,0.0101959682201341,True,D_no_warm_slot,5000,29,15014029,8,-1.120334473155334,-1.1076974353042874,-1.1176302017234236,0.0024138072126745802,False,0.20656846953004784,False,0.7860043260306949,5000,True,67.04113003797829
uav,0,plateau,Severe,12.449478195019829,True,baseline,1000,0,16000000,20,-1866.5028362955595,0.0,-1327.6590743889753,0.28869163840973594,False,0.8195197401987747,False,0.7113083615902641,1000,True,12.270437029656023
uav,0,plateau,Severe,12.449478195019829,True,baseline,1000,1,16000001,20,-1866.5028362955595,0.0,-1299.0173001111211,0.3040367928455574,False,0.8390987416222846,False,0.6959632071544426,1000,True,12.500851997174323
uav,0,plateau,Severe,12.449478195019829,True,baseline,1000,2,16000002,20,-1866.5028362955595,0.0,-1447.0485082431555,0.22472739922800936,False,0.6978406218853784,False,0.7752726007719907,1000,True,12.764526007231325
uav,0,plateau,Severe,12.449478195019829,True,baseline,1000,3,16000003,20,-1866.5028362955595,0.0,-1277.7121749089586,0.31545125458002055,False,0.8716776890247543,False,0.6845487454199795,1000,True,13.015311968047172
uav,0,plateau,Severe,12.449478195019829,True,baseline,1000,4,16000004,20,-1866.5028362955595,0.0,-1154.9593733444087,0.38121745604381085,False,0.9678885695158287,False,0.6187825439561891,1000,True,12.686672969721258
uav,0,plateau,Severe,12.449478195019829,True,baseline,1000,5,16000005,20,-1866.5028362955595,0.0,-1305.4082230060712,0.30061278363931687,False,0.8377428340309702,False,0.6993872163606831,1000,True,12.474835966713727
uav,0,plateau,Severe,12.449478195019829,True,baseline,1000,6,16000006,20,-1866.5028362955595,0.0,-1180.5283192586967,0.36751860414973364,False,0.9600952360964475,False,0.6324813958502663,1000,True,12.55025202408433
uav,0,plateau,Severe,12.449478195019829,True,baseline,1000,7,16000007,20,-1866.5028362955595,0.0,-1387.3289170850514,0.2567228454694034,False,0.7356737104405183,False,0.7432771545305966,1000,True,12.449160974938422
uav,0,plateau,Severe,12.449478195019829,True,baseline,1000,8,16000008,20,-1866.5028362955595,0.0,-1453.204604500291,0.2214292010482769,False,0.6352226031478061,False,0.7785707989517231,1000,True,12.339005013927817
uav,0,plateau,Severe,12.449478195019829,True,baseline,1000,9,16000009,20,-1866.5028362955595,0.0,-1229.1543628095412,0.34146665147906297,False,0.9097904275410513,False,0.658533348520937,1000,True,12.208184984046966
uav,0,plateau,Severe,12.449478195019829,True,baseline,1000,10,16000010,20,-1866.5028362955595,0.0,-1264.781056260333,0.32237924761446457,False,0.8542948324361062,False,0.6776207523855354,1000,True,12.29779195273295
uav,0,plateau,Severe,12.449478195019829,True,baseline,1000,11,16000011,20,-1866.5028362955595,0.0,-1203.139910625766,0.35540418839457383,False,0.9221322345659524,False,0.6445958116054262,1000,True,12.193291971925646
uav,0,plateau,Severe,12.449478195019829,True,baseline,1000,12,16000012,20,-1866.5028362955595,0.0,-1478.9792457337257,0.20762014556106984,False,0.6705998776800827,False,0.7923798544389301,1000,True,12.610920006409287
uav,0,plateau,Severe,12.449478195019829,True,baseline,1000,13,16000013,20,-1866.5028362955595,0.0,-1407.2178378885862,0.24606713125521648,False,0.7200150954009903,False,0.7539328687447835,1000,True,12.78606103733182
uav,0,plateau,Severe,12.449478195019829,True,baseline,1000,14,16000014,20,-1866.5028362955595,0.0,-1304.7635883397938,0.3009581539509724,False,0.762820786746819,False,0.6990418460490275,1000,True,12.91955099441111
uav,0,plateau,Severe,12.449478195019829,True,baseline,1000,15,16000015,20,-1866.5028362955595,0.0,-1264.9621261190812,0.3222822373901953,False,0.8774083421706883,False,0.6777177626098047,1000,True,12.477271957322955
uav,0,plateau,Severe,12.449478195019829,True,baseline,1000,16,16000016,20,-1866.5028362955595,0.0,-1363.1055677220845,0.26970077879579624,False,0.6371457576271963,False,0.7302992212042038,1000,True,12.46311899740249
uav,0,plateau,Severe,12.449478195019829,True,baseline,1000,17,16000017,20,-1866.5028362955595,0.0,-1424.3047974942858,0.23691259943590673,False,0.671940196054715,False,0.7630874005640933,1000,True,12.530784995760769
uav,0,plateau,Severe,12.449478195019829,True,baseline,1000,18,16000018,20,-1866.5028362955595,0.0,-1447.0126013007423,0.2247466367784245,False,0.6991747056571628,False,0.7752533632215755,1000,True,12.295439024455845
uav,0,plateau,Severe,12.449478195019829,True,baseline,1000,19,16000019,20,-1866.5028362955595,0.0,-1693.5282038243372,0.092673115254689,False,0.264688082791396,False,0.907326884745311,1000,True,12.560244009364396
uav,0,plateau,Severe,12.449478195019829,True,baseline,1000,20,16000020,20,-1866.5028362955595,0.0,-1259.465780785447,0.3252269665525377,False,0.8730247132079025,False,0.6747730334474623,1000,True,12.35286402516067
uav,0,plateau,Severe,12.449478195019829,True,baseline,1000,21,16000021,20,-1866.5028362955595,0.0,-1206.996632590953,0.35333790599189546,False,0.9365390137248415,False,0.6466620940081046,1000,True,12.597633991390467
uav,0,plateau,Severe,12.449478195019829,True,baseline,1000,22,16000022,20,-1866.5028362955595,0.0,-1541.3780912375314,0.17418925850833522,False,0.4304554477175105,False,0.8258107414916648,1000,True,12.50016299309209
uav,0,plateau,Severe,12.449478195019829,True,baseline,1000,23,16000023,20,-1866.5028362955595,0.0,-1267.658060870699,0.32083785986277163,False,0.7244210935254848,False,0.6791621401372284,1000,True,12.835027009714395
uav,0,plateau,Severe,12.449478195019829,True,baseline,1000,24,16000024,20,-1866.5028362955595,0.0,-1203.7036706029528,0.355102147612088,False,0.90356710644028,False,0.644897852387912,1000,True,12.522885983344167
uav,0,plateau,Severe,12.449478195019829,True,baseline,1000,25,16000025,20,-1866.5028362955595,0.0,-1187.5563428560008,0.36375326103819966,False,0.9490467720522767,False,0.6362467389618004,1000,True,12.553141976241022
uav,0,plateau,Severe,12.449478195019829,True,baseline,1000,26,16000026,20,-1866.5028362955595,0.0,-1552.1504599771695,0.16841784014766562,False,0.47294530662019013,False,0.8315821598523344,1000,True,12.56634300807491
uav,0,plateau,Severe,12.449478195019829,True,baseline,1000,27,16000027,20,-1866.5028362955595,0.0,-1116.311970826414,0.40192323894778875,False,1.0060017378934734,False,0.5980767610522113,1000,True,12.805687030777335
uav,0,plateau,Severe,12.449478195019829,True,baseline,1000,28,16000028,20,-1866.5028362955595,0.0,-1177.5264052848408,0.36912691350532706,False,0.963546036622436,False,0.6308730864946729,1000,True,12.718556972686201
uav,0,plateau,Severe,12.449478195019829,True,baseline,1000,29,16000029,20,-1866.5028362955595,0.0,-1237.3094300972034,0.3370974819663889,False,0.8884532911527618,False,0.6629025180336111,1000,True,12.704282999038696
uav,0,plateau,Severe,12.449478195019829,True,A_no_greedy,1000,0,16001000,20,-1866.5028362955595,0.0,-432.6469193322225,0.7682045208187869,False,1.0376912437138583,False,0.23179547918121307,1000,True,13.034527015406638
uav,0,plateau,Severe,12.449478195019829,True,A_no_greedy,1000,1,16001001,20,-1866.5028362955595,0.0,-1032.5141981582149,0.44681884319691606,False,1.0428440663318623,False,0.553181156803084,1000,True,13.071740977466106
uav,0,plateau,Severe,12.449478195019829,True,A_no_greedy,1000,2,16001002,20,-1866.5028362955595,0.0,-1169.989792433757,0.3731647390604394,False,0.8610865398831604,False,0.6268352609395605,1000,True,12.850350991357118
uav,0,plateau,Severe,12.449478195019829,True,A_no_greedy,1000,3,16001003,20,-1866.5028362955595,0.0,-217.32964403119854,0.8835631857583823,False,1.0051700782777306,False,0.11643681424161766,1000,True,13.215283979661763
uav,0,plateau,Severe,12.449478195019829,True,A_no_greedy,1000,4,16001004,20,-1866.5028362955595,0.0,-1061.3828947710278,0.43135211255421924,False,0.9139829455850635,False,0.5686478874457808,1000,True,12.945917958859354
uav,0,plateau,Severe,12.449478195019829,True,A_no_greedy,1000,5,16001005,20,-1866.5028362955595,0.0,-1407.6750137165877,0.2458221941358554,False,0.6766915264609574,False,0.7541778058641446,1000,True,12.751002970617265
uav,0,plateau,Severe,12.449478195019829,True,A_no_greedy,1000,6,16001006,20,-1866.5028362955595,0.0,-691.5669240822485,0.6294852005396367,False,0.9437384187737909,False,0.3705147994603633,1000,True,12.917326006572694
uav,0,plateau,Severe,12.449478195019829,True,A_no_greedy,1000,7,16001007,20,-1866.5028362955595,0.0,-1091.6934486931148,0.4151128905542977,False,0.9721368523805669,False,0.5848871094457023,1000,True,12.700700026471168
uav,0,plateau,Severe,12.449478195019829,True,A_no_greedy,1000,8,16001008,20,-1866.5028362955595,0.0,-1235.2683901734645,0.3381909921845624,False,0.8011667656186384,False,0.6618090078154376,1000,True,12.814279994927347
uav,0,plateau,Severe,12.449478195019829,True,A_no_greedy,1000,9,16001009,20,-1866.5028362955595,0.0,-550.1473928416626,0.7052523135011475,False,0.7832062738464902,False,0.2947476864988525,1000,True,12.945568014401942
uav,0,plateau,Severe,12.449478195019829,True,A_no_greedy,1000,10,16001010,20,-1866.5028362955595,0.0,-772.671463193119,0.5860325266225489,False,0.935700921957068,False,0.4139674733774511,1000,True,12.690831033978611
uav,0,plateau,Severe,12.449478195019829,True,A_no_greedy,1000,11,16001011,20,-1866.5028362955595,0.0,-685.0361233406468,0.6329841508838877,False,0.9731369573054448,False,0.36701584911611235,1000,True,12.677353981416672
uav,0,plateau,Severe,12.449478195019829,True,A_no_greedy,1000,12,16001012,20,-1866.5028362955595,0.0,-1013.1819941636875,0.4571762900856097,False,0.699876245138408,False,0.5428237099143903,1000,True,12.75963505031541
uav,0,plateau,Severe,12.449478195019829,True,A_no_greedy,1000,13,16001013,20,-1866.5028362955595,0.0,-1339.655173180095,0.2822645928366746,False,0.7793882795353396,False,0.7177354071633254,1000,True,12.647988041862845
uav,0,plateau,Severe,12.449478195019829,True,A_no_greedy,1000,14,16001014,20,-1866.5028362955595,0.0,-1025.5287813581283,0.45056135923506496,False,0.9660795926962314,False,0.5494386407649351,1000,True,12.680511979851872
uav,0,plateau,Severe,12.449478195019829,True,A_no_greedy,1000,15,16001015,20,-1866.5028362955595,0.0,-1472.4009002033704,0.21114456856350758,False,0.5139945331480086,False,0.7888554314364924,1000,True,12.197522970382124
uav,0,plateau,Severe,12.449478195019829,True,A_no_greedy,1000,16,16001016,20,-1866.5028362955595,0.0,-918.2992509868295,0.5080107926278996,False,1.0668246819531748,False,0.49198920737210033,1000,True,12.119359977077693
uav,0,plateau,Severe,12.449478195019829,True,A_no_greedy,1000,17,16001017,20,-1866.5028362955595,0.0,-811.8097233555854,0.5650637611851794,False,0.9046341103555743,False,0.4349362388148206,1000,True,12.028440018184483
uav,0,plateau,Severe,12.449478195019829,True,A_no_greedy,1000,18,16001018,20,-1866.5028362955595,0.0,-648.9118372018727,0.652338145657595,False,0.7755901427881428,False,0.34766185434240504,1000,True,12.333098973613232
uav,0,plateau,Severe,12.449478195019829,True,A_no_greedy,1000,19,16001019,20,-1866.5028362955595,0.0,-859.4127197299691,0.5395599176073892,False,0.8302824834806006,False,0.46044008239261075,1000,True,12.75221398100257
uav,0,plateau,Severe,12.449478195019829,True,A_no_greedy,1000,20,16001020,20,-1866.5028362955595,0.0,-920.8311414229711,0.5066543036974211,False,1.126675564699724,False,0.4933456963025788,1000,True,12.602533970493823
uav,0,plateau,Severe,12.449478195019829,True,A_no_greedy,1000,21,16001021,20,-1866.5028362955595,0.0,-876.688444872088,0.5303042525174791,False,1.0549384425111321,False,0.4696957474825208,1000,True,12.93470396194607
uav,0,plateau,Severe,12.449478195019829,True,A_no_greedy,1000,22,16001022,20,-1866.5028362955595,0.0,-1018.2250706050486,0.45447440485763435,False,0.614282905109542,False,0.5455255951423656,1000,True,12.634604005143046
uav,0,plateau,Severe,12.449478195019829,True,A_no_greedy,1000,23,16001023,20,-1866.5028362955595,0.0,-918.3515499947894,0.5079827728430149,False,0.8783200505259475,False,0.49201722715698515,1000,True,12.766681960783899
uav,0,plateau,Severe,12.449478195019829,True,A_no_greedy,1000,24,16001024,20,-1866.5028362955595,0.0,-1435.4658225735502,0.23093295404655623,False,0.5794064229155068,False,0.7690670459534438,1000,True,12.469285051338375
uav,0,plateau,Severe,12.449478195019829,True,A_no_greedy,1000,25,16001025,20,-1866.5028362955595,0.0,-851.49460031547,0.5438021396177314,False,1.0225370680914818,False,0.4561978603822686,1000,True,12.737548968289047
uav,0,plateau,Severe,12.449478195019829,True,A_no_greedy,1000,26,16001026,20,-1866.5028362955595,0.0,-677.5549933986485,0.6369922508430852,False,0.884887197599287,False,0.36300774915691486,1000,True,12.421499995980412
uav,0,plateau,Severe,12.449478195019829,True,A_no_greedy,1000,27,16001027,20,-1866.5028362955595,0.0,-1028.7395393153772,0.44884115935386826,False,1.048118139467663,False,0.5511588406461317,1000,True,12.585076969116926
uav,0,plateau,Severe,12.449478195019829,True,A_no_greedy,1000,28,16001028,20,-1866.5028362955595,0.0,-1086.754274183569,0.41775910914743336,False,0.9742211303102211,False,0.5822408908525666,1000,True,12.383510009385645
uav,0,plateau,Severe,12.449478195019829,True,A_no_greedy,1000,29,16001029,20,-1866.5028362955595,0.0,-1043.9892728127084,0.44067094219652536,False,0.8672748303619735,False,0.5593290578034746,1000,True,12.677694030571729
uav,0,plateau,Severe,12.449478195019829,True,B_no_bridge,1000,0,16002000,20,-1866.5028362955595,0.0,-1144.3432609435697,0.38690515830410255,False,0.9728200700794013,False,0.6130948416958975,1000,True,13.354003021959215
uav,0,plateau,Severe,12.449478195019829,True,B_no_bridge,1000,1,16002001,20,-1866.5028362955595,0.0,-1173.3406869219175,0.371369459448215,False,0.9562803192932816,False,0.628630540551785,1000,True,13.351643981877714
uav,0,plateau,Severe,12.449478195019829,True,B_no_bridge,1000,2,16002002,20,-1866.5028362955595,0.0,-1159.057105961318,0.3790220494592476,False,0.8983652228256895,False,0.6209779505407524,1000,True,13.420792995020747
uav,0,plateau,Severe,12.449478195019829,True,B_no_bridge,1000,3,16002003,20,-1866.5028362955595,0.0,-1067.6402890215782,0.42799964282908914,False,0.9980259900533534,False,0.5720003571709108,1000,True,13.336090021766722
uav,0,plateau,Severe,12.449478195019829,True,B_no_bridge,1000,4,16002004,20,-1866.5028362955595,0.0,-1173.105482775261,0.3714954727293538,False,0.9259104687586853,False,0.6285045272706462,1000,True,13.663924008142203
uav,0,plateau,Severe,12.449478195019829,True,B_no_bridge,1000,5,16002005,20,-1866.5028362955595,0.0,-1167.5410704510473,0.3744766695515656,False,0.9522870225192428,False,0.6255233304484343,1000,True,13.55657703243196
uav,0,plateau,Severe,12.449478195019829,True,B_no_bridge,1000,6,16002006,20,-1866.5028362955595,0.0,-1135.0539639986184,0.39188200418095515,False,0.9875747061793884,False,0.6081179958190449,1000,True,13.864897016901523
uav,0,plateau,Severe,12.449478195019829,True,B_no_bridge,1000,7,16002007,20,-1866.5028362955595,0.0,-1246.327447088022,0.33226597739245717,False,0.8677731350162816,False,0.6677340226075428,1000,True,13.676050992216915
uav,0,plateau,Severe,12.449478195019829,True,B_no_bridge,1000,8,16002008,20,-1866.5028362955595,0.0,-808.2202842545995,0.566986843771065,False,0.9992428617490094,False,0.43301315622893505,1000,True,13.657845032867044
uav,0,plateau,Severe,12.449478195019829,True,B_no_bridge,1000,9,16002009,20,-1866.5028362955595,0.0,-1117.6748173577093,0.4011930785082792,False,1.009788769350941,False,0.5988069214917208,1000,True,13.574712036643177
uav,0,plateau,Severe,12.449478195019829,True,B_no_bridge,1000,10,16002010,20,-1866.5028362955595,0.0,-988.0408584535803,0.4706459378253392,False,1.0565141896487351,False,0.5293540621746607,1000,True,13.585172011516988
uav,0,plateau,Severe,12.449478195019829,True,B_no_bridge,1000,11,16002011,20,-1866.5028362955595,0.0,-1047.4962245687675,0.43879205313840886,False,0.852836210088364,False,0.5612079468615911,1000,True,13.348106003832072
uav,0,plateau,Severe,12.449478195019829,True,B_no_bridge,1000,12,16002012,20,-1866.5028362955595,0.0,-1144.8275135961908,0.3866457144697807,False,0.9785417062265096,False,0.6133542855302193,1000,True,13.663754041772336
uav,0,plateau,Severe,12.449478195019829,True,B_no_bridge,1000,13,16002013,20,-1866.5028362955595,0.0,-1121.6852965617445,0.39904441892627995,False,0.9913080399232354,False,0.60095558107372,1000,True,13.703108998015523
uav,0,plateau,Severe,12.449478195019829,True,B_no_bridge,1000,14,16002014,20,-1866.5028362955595,0.0,-1170.4284402487624,0.3729297285335462,False,0.9526091922732055,False,0.6270702714664538,1000,True,13.832903990987688
uav,0,plateau,Severe,12.449478195019829,True,B_no_bridge,1000,15,16002015,20,-1866.5028362955595,0.0,-1017.2039739713106,0.45502146892519535,False,1.0451984185126846,False,0.5449785310748047,1000,True,13.927104009781033
uav,0,plateau,Severe,12.449478195019829,True,B_no_bridge,1000,16,16002016,20,-1866.5028362955595,0.0,-960.4887784155094,0.48540727625049446,False,0.9938879369211743,False,0.5145927237495055,1000,True,13.850672985427082
uav,0,plateau,Severe,12.449478195019829,True,B_no_bridge,1000,17,16002017,20,-1866.5028362955595,0.0,-997.4499164348832,0.465604928619065,False,1.0170730457332773,False,0.534395071380935,1000,True,13.338515011128038
uav,0,plateau,Severe,12.449478195019829,True,B_no_bridge,1000,18,16002018,20,-1866.5028362955595,0.0,-1324.1770513746437,0.2905571716125905,False,0.5678204392312174,False,0.7094428283874095,1000,True,12.919742031954229
uav,0,plateau,Severe,12.449478195019829,True,B_no_bridge,1000,19,16002019,20,-1866.5028362955595,0.0,-1049.8843006653242,0.43751261436654165,False,0.9896766825524868,False,0.5624873856334583,1000,True,13.134136039298028
uav,0,plateau,Severe,12.449478195019829,True,B_no_bridge,1000,20,16002020,20,-1866.5028362955595,0.0,-1157.9991226853872,0.3795888759624586,False,0.9060585483602197,False,0.6204111240375414,1000,True,13.284527987707406
uav,0,plateau,Severe,12.449478195019829,True,B_no_bridge,1000,21,16002021,20,-1866.5028362955595,0.0,-910.9439622638474,0.5119514717310614,False,1.0246661612855512,False,0.4880485282689386,1000,True,13.29298602649942
uav,0,plateau,Severe,12.449478195019829,True,B_no_bridge,1000,22,16002022,20,-1866.5028362955595,0.0,-1131.5163318903485,0.3937773305846862,False,0.9956819997109381,False,0.6062226694153138,1000,True,13.335328025277704
uav,0,plateau,Severe,12.449478195019829,True,B_no_bridge,1000,23,16002023,20,-1866.5028362955595,0.0,-1160.2368646333932,0.3783899804105787,False,0.9455274886197089,False,0.6216100195894213,1000,True,13.225311995483935
uav,0,plateau,Severe,12.449478195019829,True,B_no_bridge,1000,24,16002024,20,-1866.5028362955595,0.0,-1052.04562306579,0.4363546614513693,False,1.0080563947913999,False,0.5636453385486307,1000,True,13.1491840002127
uav,0,plateau,Severe,12.449478195019829,True,B_no_bridge,1000,25,16002025,20,-1866.5028362955595,0.0,-1157.6968760113352,0.37975080803573197,False,0.8544539109628624,False,0.620249191964268,1000,True,13.212773017585278
uav,0,plateau,Severe,12.449478195019829,True,B_no_bridge,1000,26,16002026,20,-1866.5028362955595,0.0,-1064.8793402572376,0.4294788523489741,False,0.9171692876367159,False,0.5705211476510259,1000,True,13.204392977058887
uav,0,plateau,Severe,12.449478195019829,True,B_no_bridge,1000,27,16002027,20,-1866.5028362955595,0.0,-1161.9158372301674,0.3774904518568978,False,0.9708110483722174,False,0.6225095481431022,1000,True,13.260742998681962
uav,0,plateau,Severe,12.449478195019829,True,B_no_bridge,1000,28,16002028,20,-1866.5028362955595,0.0,-1277.5441496899357,0.31554127599105486,False,0.7943125674032913,False,0.6844587240089451,1000,True,13.179666013456881
uav,0,plateau,Severe,12.449478195019829,True,B_no_bridge,1000,29,16002029,20,-1866.5028362955595,0.0,-1046.953995202655,0.4390825586525546,False,1.057900353144953,False,0.5609174413474455,1000,True,13.162492017727345
uav,0,plateau,Severe,12.449478195019829,True,C_fitness_group,1000,0,16003000,20,-1866.5028362955595,0.0,-999.4382872055794,0.46453963649518987,False,0.4686117899646289,False,0.5354603635048101,1000,True,15.949771972373128
uav,0,plateau,Severe,12.449478195019829,True,C_fitness_group,1000,1,16003001,20,-1866.5028362955595,0.0,-1121.080117507315,0.3993686504477443,False,0.8344175399422923,False,0.6006313495522557,1000,True,15.99879696732387
uav,0,plateau,Severe,12.449478195019829,True,C_fitness_group,1000,2,16003002,20,-1866.5028362955595,0.0,-1675.4939771080271,0.10233515613971789,False,0.05551400334115631,False,0.8976648438602821,1000,True,15.76820301124826
uav,0,plateau,Severe,12.449478195019829,True,C_fitness_group,1000,3,16003003,20,-1866.5028362955595,0.0,-619.266162743349,0.6682211509667974,False,1.098735771727498,False,0.33177884903320265,1000,True,16.166858025826514
uav,0,plateau,Severe,12.449478195019829,True,C_fitness_group,1000,4,16003004,20,-1866.5028362955595,0.0,-1276.6770000055442,0.3160058612397505,False,0.2908292011619049,False,0.6839941387602495,1000,True,15.740829985588789
uav,0,plateau,Severe,12.449478195019829,True,C_fitness_group,1000,5,16003005,20,-1866.5028362955595,0.0,-551.6350912342592,0.7044552622651852,False,0.778384463608958,False,0.2955447377348149,1000,True,20.246497995685786
uav,0,plateau,Severe,12.449478195019829,True,C_fitness_group,1000,6,16003006,20,-1866.5028362955595,0.0,-1265.1751924592272,0.3221680846892174,False,0.7671029400212058,False,0.6778319153107826,1000,True,17.48789503471926
uav,0,plateau,Severe,12.449478195019829,True,C_fitness_group,1000,7,16003007,20,-1866.5028362955595,0.0,-180.1113730886321,0.9035032952609393,False,1.2679754471518017,False,0.09649670473906077,1000,True,17.64469698537141
uav,0,plateau,Severe,12.449478195019829,True,C_fitness_group,1000,8,16003008,20,-1866.5028362955595,0.0,0.0,1.0,False,1.0001070105850103,True,0.0,1000,True,19.92514298763126
uav,0,plateau,Severe,12.449478195019829,True,C_fitness_group,1000,9,16003009,20,-1866.5028362955595,0.0,-1261.6494981585702,0.3240570152775333,False,0.3989416528086918,False,0.6759429847224667,1000,True,17.40062900353223
uav,0,plateau,Severe,12.449478195019829,True,C_fitness_group,1000,10,16003010,20,-1866.5028362955595,0.0,-1355.2563345566818,0.2739060942192547,False,0.3665980027557722,False,0.7260939057807453,1000,True,16.672432015184313
uav,0,plateau,Severe,12.449478195019829,True,C_fitness_group,1000,11,16003011,20,-1866.5028362955595,0.0,-1434.7338517394987,0.23132511569764924,False,0.6368422166620785,False,0.7686748843023508,1000,True,16.11552096437663
uav,0,plateau,Severe,12.449478195019829,True,C_fitness_group,1000,12,16003012,20,-1866.5028362955595,0.0,-1422.9373808770688,0.237645208350625,False,0.12261859173808752,False,0.762354791649375,1000,True,16.332345025148243
uav,0,plateau,Severe,12.449478195019829,True,C_fitness_group,1000,13,16003013,20,-1866.5028362955595,0.0,-1305.3427695346136,0.3006478510767645,False,0.4182615538249285,False,0.6993521489232355,1000,True,16.323387972079217
uav,0,plateau,Severe,12.449478195019829,True,C_fitness_group,1000,14,16003014,20,-1866.5028362955595,0.0,-1334.3478057855402,0.28510807493128976,False,0.7992861902398515,False,0.7148919250687102,1000,True,16.858957998920232
uav,0,plateau,Severe,12.449478195019829,True,C_fitness_group,1000,15,16003015,20,-1866.5028362955595,0.0,-1126.9161318396168,0.3962419397785633,False,0.9172192270182749,False,0.6037580602214367,1000,True,16.509297012817115
uav,0,plateau,Severe,12.449478195019829,True,C_fitness_group,1000,16,16003016,20,-1866.5028362955595,0.0,-248.415573389354,0.8669085476010402,False,0.028914758748508736,False,0.13309145239895984,1000,True,16.203763021621853
uav,0,plateau,Severe,12.449478195019829,True,C_fitness_group,1000,17,16003017,20,-1866.5028362955595,0.0,-521.1274891321555,0.7208000550556702,False,0.7373721782784942,False,0.2791999449443297,1000,True,16.18738198885694
uav,0,plateau,Severe,12.449478195019829,True,C_fitness_group,1000,18,16003018,20,-1866.5028362955595,0.0,-1514.8232861393346,0.1884162956077805,False,0.5442442437304488,False,0.8115837043922195,1000,True,16.064145951531827
uav,0,plateau,Severe,12.449478195019829,True,C_fitness_group,1000,19,16003019,20,-1866.5028362955595,0.0,-27.640289372107645,0.9851914024267088,False,0.5291602252199025,False,0.014808597573291242,1000,True,16.148363996762782
uav,0,plateau,Severe,12.449478195019829,True,C_fitness_group,1000,20,16003020,20,-1866.5028362955595,0.0,-800.1416247636471,0.5713150769426716,False,0.6763698970216993,False,0.42868492305732836,1000,True,16.192297043744475
uav,0,plateau,Severe,12.449478195019829,True,C_fitness_group,1000,21,16003021,20,-1866.5028362955595,0.0,-972.9385019929725,0.4787371960687938,False,0.8310824277271113,False,0.5212628039312062,1000,True,16.067656979430467
uav,0,plateau,Severe,12.449478195019829,True,C_fitness_group,1000,22,16003022,20,-1866.5028362955595,0.0,-1250.350003134469,0.33011084750557707,False,0.8679833049852653,False,0.6698891524944229,1000,True,16.025124001316726
uav,0,plateau,Severe,12.449478195019829,True,C_fitness_group,1000,23,16003023,20,-1866.5028362955595,0.0,-1311.5643781920667,0.29731455388778133,False,0.6360260557979812,False,0.7026854461122186,1000,True,16.08067099004984
uav,0,plateau,Severe,12.449478195019829,True,C_fitness_group,1000,24,16003024,20,-1866.5028362955595,0.0,-626.4672322155329,0.6643630965710827,False,1.0230220562261334,False,0.3356369034289173,1000,True,15.990387997590005
uav,0,plateau,Severe,12.449478195019829,True,C_fitness_group,1000,25,16003025,20,-1866.5028362955595,0.0,-996.9724859500016,0.46586071739987883,False,0.8218648245960084,False,0.5341392826001211,1000,True,15.933268005028367
uav,0,plateau,Severe,12.449478195019829,True,C_fitness_group,1000,26,16003026,20,-1866.5028362955595,0.0,-909.5933913768786,0.5126750553553163,False,0.7739424410749378,False,0.4873249446446837,1000,True,15.799186017829925
uav,0,plateau,Severe,12.449478195019829,True,C_fitness_group,1000,27,16003027,20,-1866.5028362955595,0.0,-738.3229676765623,0.6044351214906757,False,0.20359576416273376,False,0.3955648785093243,1000,True,16.165348002687097
uav,0,plateau,Severe,12.449478195019829,True,C_fitness_group,1000,28,16003028,20,-1866.5028362955595,0.0,-1722.7830809830702,0.07699948401778445,False,0.1037127140637954,False,0.9230005159822156,1000,True,16.354552994016558
uav,0,plateau,Severe,12.449478195019829,True,C_fitness_group,1000,29,16003029,20,-1866.5028362955595,0.0,-393.8680325815353,0.7889807478871859,False,1.3328496150793394,False,0.21101925211281414,1000,True,16.316015040501952
uav,0,plateau,Severe,12.449478195019829,True,D_no_warm_slot,1000,0,16004000,20,-1866.5028362955595,0.0,-1700.0870745483332,0.08915912609996937,False,0.28280588973479154,False,0.9108408739000307,1000,True,12.1741559705697
uav,0,plateau,Severe,12.449478195019829,True,D_no_warm_slot,1000,1,16004001,20,-1866.5028362955595,0.0,-1192.4210715927186,0.3611469276096511,False,0.92433240815501,False,0.6388530723903488,1000,True,12.394324003253132
uav,0,plateau,Severe,12.449478195019829,True,D_no_warm_slot,1000,2,16004002,20,-1866.5028362955595,0.0,-1217.3958921708277,0.34776638508249563,False,0.9179998121721112,False,0.6522336149175044,1000,True,12.404826004058123
uav,0,plateau,Severe,12.449478195019829,True,D_no_warm_slot,1000,3,16004003,20,-1866.5028362955595,0.0,-1748.8999543981024,0.06300707376950097,False,0.2212701767406442,False,0.936992926230499,1000,True,12.31119001749903
uav,0,plateau,Severe,12.449478195019829,True,D_no_warm_slot,1000,4,16004004,20,-1866.5028362955595,0.0,-1373.6765166800415,0.2640372733607137,False,0.7732421581607416,False,0.7359627266392863,1000,True,12.477234995458275
uav,0,plateau,Severe,12.449478195019829,True,D_no_warm_slot,1000,5,16004005,20,-1866.5028362955595,0.0,-1076.582159522246,0.423208934598281,False,1.026422940950553,False,0.576791065401719,1000,True,12.450199981685728
uav,0,plateau,Severe,12.449478195019829,True,D_no_warm_slot,1000,6,16004006,20,-1866.5028362955595,0.0,-1208.395159444406,0.3525886294163351,False,0.9202474521363841,False,0.6474113705836649,1000,True,12.375681020785123
uav,0,plateau,Severe,12.449478195019829,True,D_no_warm_slot,1000,7,16004007,20,-1866.5028362955595,0.0,-1561.5101529890046,0.16340327878197744,False,0.5101145928264395,False,0.8365967212180225,1000,True,12.88139499956742
uav,0,plateau,Severe,12.449478195019829,True,D_no_warm_slot,1000,8,16004008,20,-1866.5028362955595,0.0,-1461.2824153701413,0.21710142253502146,False,0.6786046739013183,False,0.7828985774649786,1000,True,12.61217100545764
uav,0,plateau,Severe,12.449478195019829,True,D_no_warm_slot,1000,9,16004009,20,-1866.5028362955595,0.0,-1711.2363896237846,0.0831857544775724,False,0.30655799646695586,False,0.9168142455224276,1000,True,12.142058985773474
uav,0,plateau,Severe,12.449478195019829,True,D_no_warm_slot,1000,10,16004010,20,-1866.5028362955595,0.0,-1396.6526229932488,0.2517275646014128,False,0.7165830289442439,False,0.7482724353985871,1000,True,12.474332004785538
uav,0,plateau,Severe,12.449478195019829,True,D_no_warm_slot,1000,11,16004011,20,-1866.5028362955595,0.0,-1281.1354902573164,0.3136171746730475,False,0.8730556107510175,False,0.6863828253269525,1000,True,12.423507985658944
uav,0,plateau,Severe,12.449478195019829,True,D_no_warm_slot,1000,12,16004012,20,-1866.5028362955595,0.0,-1441.3629432209977,0.22777350497807716,False,0.6085372568491477,False,0.7722264950219229,1000,True,12.505866005085409
uav,0,plateau,Severe,12.449478195019829,True,D_no_warm_slot,1000,13,16004013,20,-1866.5028362955595,0.0,-1558.8352853484273,0.16483636936644508,False,0.5560757924866278,False,0.8351636306335549,1000,True,12.552685977425426
uav,0,plateau,Severe,12.449478195019829,True,D_no_warm_slot,1000,14,16004014,20,-1866.5028362955595,0.0,-1660.4786199778414,0.11037980350815514,False,0.3863792318394391,False,0.8896201964918449,1000,True,12.13938498403877
uav,0,plateau,Severe,12.449478195019829,True,D_no_warm_slot,1000,15,16004015,20,-1866.5028362955595,0.0,-1333.3430869901374,0.28564636438677055,False,0.8108954151352333,False,0.7143536356132295,1000,True,12.277321016881615
uav,0,plateau,Severe,12.449478195019829,True,D_no_warm_slot,1000,16,16004016,20,-1866.5028362955595,0.0,-1226.455121659356,0.3429128004469061,False,0.9180196884191594,False,0.6570871995530939,1000,True,12.370651995297521
uav,0,plateau,Severe,12.449478195019829,True,D_no_warm_slot,1000,17,16004017,20,-1866.5028362955595,0.0,-1135.7241117561266,0.39152296494218375,False,0.9621185553665624,False,0.6084770350578163,1000,True,12.523519049864262
uav,0,plateau,Severe,12.449478195019829,True,D_no_warm_slot,1000,18,16004018,20,-1866.5028362955595,0.0,-1249.4921867090484,0.33057043235524336,False,0.8759222523845811,False,0.6694295676447566,1000,True,12.633536010980606
uav,0,plateau,Severe,12.449478195019829,True,D_no_warm_slot,1000,19,16004019,20,-1866.5028362955595,0.0,-1384.6070919203953,0.2581810940783678,False,0.5929952536354764,False,0.7418189059216321,1000,True,12.44216097984463
uav,0,plateau,Severe,12.449478195019829,True,D_no_warm_slot,1000,20,16004020,20,-1866.5028362955595,0.0,-1252.7761587551245,0.32881100719809025,False,0.8829251941963656,False,0.6711889928019098,1000,True,12.36797304591164
uav,0,plateau,Severe,12.449478195019829,True,D_no_warm_slot,1000,21,16004021,20,-1866.5028362955595,0.0,-1281.1614253696498,0.313603279643354,False,0.837620108739853,False,0.686396720356646,1000,True,12.581493996549398
uav,0,plateau,Severe,12.449478195019829,True,D_no_warm_slot,1000,22,16004022,20,-1866.5028362955595,0.0,-1345.5552437793745,0.2791035632981451,False,0.7998074673273676,False,0.7208964367018549,1000,True,12.815736001357436
uav,0,plateau,Severe,12.449478195019829,True,D_no_warm_slot,1000,23,16004023,20,-1866.5028362955595,0.0,-1501.0841406382237,0.19577719816519581,False,0.5899236023552662,False,0.8042228018348042,1000,True,16.853650973644108
uav,0,plateau,Severe,12.449478195019829,True,D_no_warm_slot,1000,24,16004024,20,-1866.5028362955595,0.0,-1464.5613653498265,0.21534468800672418,False,0.6780369959965626,False,0.7846553119932759,1000,True,14.247715997043997
uav,0,plateau,Severe,12.449478195019829,True,D_no_warm_slot,1000,25,16004025,20,-1866.5028362955595,0.0,-1402.3325722183229,0.24868446757813314,False,0.74653074279114,False,0.7513155324218669,1000,True,13.631506997626275
uav,0,plateau,Severe,12.449478195019829,True,D_no_warm_slot,1000,26,16004026,20,-1866.5028362955595,0.0,-1201.2870196105573,0.3563968957075111,False,0.9395592188578991,False,0.6436031042924889,1000,True,13.369627995416522
uav,0,plateau,Severe,12.449478195019829,True,D_no_warm_slot,1000,27,16004027,20,-1866.5028362955595,0.0,-1372.6914783064144,0.26456501880769195,False,0.7709225332573539,False,0.735434981192308,1000,True,13.982362987007946
uav,0,plateau,Severe,12.449478195019829,True,D_no_warm_slot,1000,28,16004028,20,-1866.5028362955595,0.0,-1313.548813771233,0.2962513700872655,False,0.8316852853150942,False,0.7037486299127345,1000,True,13.085734040942043
uav,0,plateau,Severe,12.449478195019829,True,D_no_warm_slot,1000,29,16004029,20,-1866.5028362955595,0.0,-1300.2164112479843,0.3033943554950506,False,0.8516229684199226,False,0.6966056445049494,1000,True,12.953521043527871
uav,0,plateau,Severe,12.449478195019829,True,baseline,5000,0,16010000,20,-1866.5028362955595,0.0,-1231.0586794949957,0.3404463922817965,False,0.8867173248481643,False,0.6595536077182035,5000,True,64.25209797453135
uav,0,plateau,Severe,12.449478195019829,True,baseline,5000,1,16010001,20,-1866.5028362955595,0.0,-1223.7204351894277,0.34437793964559915,False,0.9155269236898567,False,0.6556220603544008,5000,True,63.32301301881671
uav,0,plateau,Severe,12.449478195019829,True,baseline,5000,2,16010002,20,-1866.5028362955595,0.0,-1147.0464272488712,0.38545690639002217,False,0.9852403467412786,False,0.6145430936099778,5000,True,64.52052795793861
uav,0,plateau,Severe,12.449478195019829,True,baseline,5000,3,16010003,20,-1866.5028362955595,0.0,-1357.7985327150352,0.2725440828100469,False,0.779354020866447,False,0.7274559171899532,5000,True,63.028504024259746
uav,0,plateau,Severe,12.449478195019829,True,baseline,5000,4,16010004,20,-1866.5028362955595,0.0,-1490.3444022742326,0.20153113443314505,False,0.6431171082273968,False,0.7984688655668549,5000,True,63.67454398423433
uav,0,plateau,Severe,12.449478195019829,True,baseline,5000,5,16010005,20,-1866.5028362955595,0.0,-1591.416266943235,0.1473807400680342,False,0.4339106808642141,False,0.8526192599319659,5000,True,63.77437000628561
uav,0,plateau,Severe,12.449478195019829,True,baseline,5000,6,16010006,20,-1866.5028362955595,0.0,-1299.7060648150848,0.3036677793672116,False,0.8260446721962217,False,0.6963322206327883,5000,True,63.13136901007965
uav,0,plateau,Severe,12.449478195019829,True,baseline,5000,7,16010007,20,-1866.5028362955595,0.0,-1327.036405866001,0.2890252401117351,False,0.7083735727313691,False,0.710974759888265,5000,True,62.235108052846044
uav,0,plateau,Severe,12.449478195019829,True,baseline,5000,8,16010008,20,-1866.5028362955595,0.0,-1616.5409982414683,0.13391988117745884,False,0.31223374237543416,False,0.8660801188225412,5000,True,61.56036996981129
uav,0,plateau,Severe,12.449478195019829,True,baseline,5000,9,16010009,20,-1866.5028362955595,0.0,-1750.3294507448018,0.06224120493774689,False,0.19768900550174442,False,0.9377587950622531,5000,True,61.63003598339856
uav,0,plateau,Severe,12.449478195019829,True,baseline,5000,10,16010010,20,-1866.5028362955595,0.0,-1854.767907720514,0.006287120676621033,False,0.009444467823942435,False,0.9937128793233789,5000,True,62.05365003552288
uav,0,plateau,Severe,12.449478195019829,True,baseline,5000,11,16010011,20,-1866.5028362955595,0.0,-1361.6257264047695,0.2704936205148327,False,0.7621011481269744,False,0.7295063794851673,5000,True,61.87915400369093
uav,0,plateau,Severe,12.449478195019829,True,baseline,5000,12,16010012,20,-1866.5028362955595,0.0,-1256.3931593506343,0.32687315822986235,False,0.8917415740577712,False,0.6731268417701377,5000,True,62.20339395804331
uav,0,plateau,Severe,12.449478195019829,True,baseline,5000,13,16010013,20,-1866.5028362955595,0.0,-1767.0087081793906,0.0533051041666963,False,0.0823689740193037,False,0.9466948958333037,5000,True,61.99959298828617
uav,0,plateau,Severe,12.449478195019829,True,baseline,5000,14,16010014,20,-1866.5028362955595,0.0,-1318.1827507694873,0.2937686859422731,False,0.8205370870925734,False,0.7062313140577269,5000,True,62.40645999787375
uav,0,plateau,Severe,12.449478195019829,True,baseline,5000,15,16010015,20,-1866.5028362955595,0.0,-1390.4730063894363,0.25503836407283353,False,0.6626708538131552,False,0.7449616359271665,5000,True,61.911129974760115
uav,0,plateau,Severe,12.449478195019829,True,baseline,5000,16,16010016,20,-1866.5028362955595,0.0,-1273.475213503646,0.31772125456229844,False,0.8537548834949359,False,0.6822787454377016,5000,True,61.25528697157279
uav,0,plateau,Severe,12.449478195019829,True,baseline,5000,17,16010017,20,-1866.5028362955595,0.0,-1299.0885941293875,0.3039985962691151,False,0.8178260252472253,False,0.6960014037308849,5000,True,61.20694999117404
uav,0,plateau,Severe,12.449478195019829,True,baseline,5000,18,16010018,20,-1866.5028362955595,0.0,-1252.444783469534,0.32898854525436666,False,0.8541120078980057,False,0.6710114547456333,5000,True,62.28587101213634
uav,0,plateau,Severe,12.449478195019829,True,baseline,5000,19,16010019,20,-1866.5028362955595,0.0,-1202.3175412902883,0.35584478206498577,False,0.9364614424593056,False,0.6441552179350142,5000,True,62.14707298204303
uav,0,plateau,Severe,12.449478195019829,True,baseline,5000,20,16010020,20,-1866.5028362955595,0.0,-1395.6197016409847,0.25228096389563204,False,0.6811314082594458,False,0.747719036104368,5000,True,62.16108298394829
uav,0,plateau,Severe,12.449478195019829,True,baseline,5000,21,16010021,20,-1866.5028362955595,0.0,-1269.3696817259897,0.3199208396354208,False,0.8574834612055551,False,0.6800791603645792,5000,True,62.22661503124982
uav,0,plateau,Severe,12.449478195019829,True,baseline,5000,22,16010022,20,-1866.5028362955595,0.0,-1223.5027228576096,0.34449458148914985,False,0.9238962595110439,False,0.6555054185108502,5000,True,63.16098105162382
uav,0,plateau,Severe,12.449478195019829,True,baseline,5000,23,16010023,20,-1866.5028362955595,0.0,-1331.9320762030209,0.2864023293709529,False,0.7974628950125356,False,0.7135976706290471,5000,True,62.52260197652504
uav,0,plateau,Severe,12.449478195019829,True,baseline,5000,24,16010024,20,-1866.5028362955595,0.0,-1274.400642676869,0.3172254454184668,False,0.8491226864265137,False,0.6827745545815331,5000,True,61.6854410036467
uav,0,plateau,Severe,12.449478195019829,True,baseline,5000,25,16010025,20,-1866.5028362955595,0.0,-1234.1551520385044,0.3387874221032918,False,0.9034644435360533,False,0.6612125778967082,5000,True,61.95523001952097
uav,0,plateau,Severe,12.449478195019829,True,baseline,5000,26,16010026,20,-1866.5028362955595,0.0,-1468.0031689044115,0.21350070283420983,False,0.6659945449622005,False,0.7864992971657901,5000,True,62.67219001892954
uav,0,plateau,Severe,12.449478195019829,True,baseline,5000,27,16010027,20,-1866.5028362955595,0.0,-1559.3356180169558,0.1645683104817763,False,0.5288407956988765,False,0.8354316895182237,5000,True,62.273258983623236
uav,0,plateau,Severe,12.449478195019829,True,baseline,5000,28,16010028,20,-1866.5028362955595,0.0,-1477.2277942873527,0.20855850547797686,False,0.6042691485741774,False,0.7914414945220232,5000,True,62.34911602223292
uav,0,plateau,Severe,12.449478195019829,True,baseline,5000,29,16010029,20,-1866.5028362955595,0.0,-1669.7196489522294,0.10542881774232121,False,0.3677820701864163,False,0.8945711822576787,5000,True,62.52588296774775
uav,0,plateau,Severe,12.449478195019829,True,A_no_greedy,5000,0,16011000,20,-1866.5028362955595,0.0,-1226.3925039169796,0.3429463486104335,False,0.8406538558378482,False,0.6570536513895665,5000,True,63.71668598148972
uav,0,plateau,Severe,12.449478195019829,True,A_no_greedy,5000,1,16011001,20,-1866.5028362955595,0.0,-1818.1879927455848,0.025885223751315058,False,0.025882204725799707,False,0.9741147762486849,5000,True,63.27159999636933
uav,0,plateau,Severe,12.449478195019829,True,A_no_greedy,5000,2,16011002,20,-1866.5028362955595,0.0,-1733.8216901363317,0.0710854243450064,False,0.13036060883684347,False,0.9289145756549936,5000,True,62.169577984604985
uav,0,plateau,Severe,12.449478195019829,True,A_no_greedy,5000,3,16011003,20,-1866.5028362955595,0.0,-1464.0322951512187,0.21562814334808214,False,0.6077896234105014,False,0.7843718566519179,5000,True,62.503888038918376
uav,0,plateau,Severe,12.449478195019829,True,A_no_greedy,5000,4,16011004,20,-1866.5028362955595,0.0,-1715.496026749591,0.08090360572163453,False,0.07512053730810893,False,0.9190963942783654,5000,True,62.936998961959034
uav,0,plateau,Severe,12.449478195019829,True,A_no_greedy,5000,5,16011005,20,-1866.5028362955595,0.0,-1712.779382366496,0.08235907866829592,False,0.061790623649360735,False,0.917640921331704,5000,True,62.5631749862805
uav,0,plateau,Severe,12.449478195019829,True,A_no_greedy,5000,6,16011006,20,-1866.5028362955595,0.0,-1428.708664752139,0.23455317775584467,False,0.45315938210322293,False,0.7654468222441554,5000,True,63.47277102759108
uav,0,plateau,Severe,12.449478195019829,True,A_no_greedy,5000,7,16011007,20,-1866.5028362955595,0.0,-1587.7066887527171,0.14936818852960757,False,0.4694816813251065,False,0.8506318114703925,5000,True,63.42477898579091
uav,0,plateau,Severe,12.449478195019829,True,A_no_greedy,5000,8,16011008,20,-1866.5028362955595,0.0,-1165.2243660598028,0.37571787012527724,False,0.9458414098850408,False,0.6242821298747228,5000,True,62.48407799284905
uav,0,plateau,Severe,12.449478195019829,True,A_no_greedy,5000,9,16011009,20,-1866.5028362955595,0.0,-1209.6046324584472,0.3519406405729634,False,0.9345337496621757,False,0.6480593594270365,5000,True,62.96960997860879
uav,0,plateau,Severe,12.449478195019829,True,A_no_greedy,5000,10,16011010,20,-1866.5028362955595,0.0,-1789.425231352091,0.04129519840240055,False,0.023363725034396484,False,0.9587048015975994,5000,True,62.97109700972214
uav,0,plateau,Severe,12.449478195019829,True,A_no_greedy,5000,11,16011011,20,-1866.5028362955595,0.0,-1660.3300996703626,0.11045937494227819,False,0.13618000673206052,False,0.8895406250577218,5000,True,63.845466007478535
uav,0,plateau,Severe,12.449478195019829,True,A_no_greedy,5000,12,16011012,20,-1866.5028362955595,0.0,-1343.545919957627,0.2801800812560473,False,0.7080350745471563,False,0.7198199187439527,5000,True,63.765242986846715
uav,0,plateau,Severe,12.449478195019829,True,A_no_greedy,5000,13,16011013,20,-1866.5028362955595,0.0,-1777.7914257218279,0.047528141317908106,False,0.056458595979071324,False,0.9524718586820919,5000,True,63.82117699831724
uav,0,plateau,Severe,12.449478195019829,True,A_no_greedy,5000,14,16011014,20,-1866.5028362955595,0.0,-1590.4127797863146,0.14791836965927133,False,0.4894570990178682,False,0.8520816303407287,5000,True,64.29109495365992
uav,0,plateau,Severe,12.449478195019829,True,A_no_greedy,5000,15,16011015,20,-1866.5028362955595,0.0,-1221.228626187616,0.3457129544944151,False,0.9076755490074429,False,0.6542870455055849,5000,True,64.24469203921035
uav,0,plateau,Severe,12.449478195019829,True,A_no_greedy,5000,16,16011016,20,-1866.5028362955595,0.0,-1842.8659614445912,0.012663722975037265,False,0.0267810726702545,False,0.9873362770249627,5000,True,64.21138299629092
uav,0,plateau,Severe,12.449478195019829,True,A_no_greedy,5000,17,16011017,20,-1866.5028362955595,0.0,-1768.6698185887763,0.052415145481885285,False,0.0885916367193394,False,0.9475848545181147,5000,True,63.11930302763358
uav,0,plateau,Severe,12.449478195019829,True,A_no_greedy,5000,18,16011018,20,-1866.5028362955595,0.0,-1327.882923049776,0.28857170895854634,False,0.8094729184616055,False,0.7114282910414537,5000,True,64.03345795115456
uav,0,plateau,Severe,12.449478195019829,True,A_no_greedy,5000,19,16011019,20,-1866.5028362955595,0.0,-1224.0721387153194,0.34418951050471996,False,0.9114367996607186,False,0.65581048949528,5000,True,63.63550998503342
uav,0,plateau,Severe,12.449478195019829,True,A_no_greedy,5000,20,16011020,20,-1866.5028362955595,0.0,-1671.7351473500546,0.10434899168546646,False,0.3490920915103236,False,0.8956510083145335,5000,True,64.02782298391685
uav,0,plateau,Severe,12.449478195019829,True,A_no_greedy,5000,21,16011021,20,-1866.5028362955595,0.0,-1833.0827926442093,0.01790516628288591,False,0.012475715839623753,False,0.9820948337171141,5000,True,64.41743299365044
uav,0,plateau,Severe,12.449478195019829,True,A_no_greedy,5000,22,16011022,20,-1866.5028362955595,0.0,-1135.9847206035154,0.39138334080536435,False,0.9895960969747079,False,0.6086166591946357,5000,True,63.695362012367696
uav,0,plateau,Severe,12.449478195019829,True,A_no_greedy,5000,23,16011023,20,-1866.5028362955595,0.0,-1767.6009028116048,0.05298782919625506,False,0.05938305986268874,False,0.9470121708037449,5000,True,63.77710500964895
uav,0,plateau,Severe,12.449478195019829,True,A_no_greedy,5000,24,16011024,20,-1866.5028362955595,0.0,-1760.122079907754,0.056994693133678304,False,0.09242083105933477,False,0.9430053068663217,5000,True,63.51524800993502
uav,0,plateau,Severe,12.449478195019829,True,A_no_greedy,5000,25,16011025,20,-1866.5028362955595,0.0,-1138.9297944908749,0.3898054841688298,False,0.9792608125365088,False,0.6101945158311702,5000,True,62.72222602274269
uav,0,plateau,Severe,12.449478195019829,True,A_no_greedy,5000,26,16011026,20,-1866.5028362955595,0.0,-1402.2209502412086,0.24874427031453608,False,0.7210656212836002,False,0.751255729685464,5000,True,61.81710498640314
uav,0,plateau,Severe,12.449478195019829,True,A_no_greedy,5000,27,16011027,20,-1866.5028362955595,0.0,-1593.733558927881,0.14613922468451354,False,0.10448064544068891,False,0.8538607753154864,5000,True,63.152491056825966
uav,0,plateau,Severe,12.449478195019829,True,A_no_greedy,5000,28,16011028,20,-1866.5028362955595,0.0,-1263.2823330813767,0.3231822055043817,False,0.571814901392584,False,0.6768177944956183,5000,True,62.14926001848653
uav,0,plateau,Severe,12.449478195019829,True,A_no_greedy,5000,29,16011029,20,-1866.5028362955595,0.0,-1824.468271930506,0.022520493163824658,False,0.030842435952199966,False,0.9774795068361753,5000,True,62.90591001743451
uav,0,plateau,Severe,12.449478195019829,True,B_no_bridge,5000,0,16012000,20,-1866.5028362955595,0.0,-1058.0252690751167,0.43315099848710914,False,1.0192530649512432,False,0.5668490015128909,5000,True,68.04417003877461
uav,0,plateau,Severe,12.449478195019829,True,B_no_bridge,5000,1,16012001,20,-1866.5028362955595,0.0,-982.2562054980849,0.4737451310561281,False,1.0002360340904557,False,0.526254868943872,5000,True,66.83282303856686
uav,0,plateau,Severe,12.449478195019829,True,B_no_bridge,5000,2,16012002,20,-1866.5028362955595,0.0,-1100.1927422892795,0.4105592979045092,False,1.0056980622133334,False,0.5894407020954908,5000,True,67.11954099591821
uav,0,plateau,Severe,12.449478195019829,True,B_no_bridge,5000,3,16012003,20,-1866.5028362955595,0.0,-1032.1864909655687,0.44699441603092066,False,1.0481680227751744,False,0.5530055839690793,5000,True,65.21319504827261
uav,0,plateau,Severe,12.449478195019829,True,B_no_bridge,5000,4,16012004,20,-1866.5028362955595,0.0,-859.587074203034,0.539466505226934,False,1.0092080568457114,False,0.46053349477306604,5000,True,66.89493299927562
uav,0,plateau,Severe,12.449478195019829,True,B_no_bridge,5000,5,16012005,20,-1866.5028362955595,0.0,-1214.1002595022746,0.3495320575499931,False,0.9209067405541971,False,0.6504679424500069,5000,True,67.02609296189621
uav,0,plateau,Severe,12.449478195019829,True,B_no_bridge,5000,6,16012006,20,-1866.5028362955595,0.0,-1107.8382705392064,0.4064631196929074,False,1.0175982432410025,False,0.5935368803070926,5000,True,66.22668204363436
uav,0,plateau,Severe,12.449478195019829,True,B_no_bridge,5000,7,16012007,20,-1866.5028362955595,0.0,-821.2935748646448,0.5599826805006829,False,0.9561351191854627,False,0.4400173194993171,5000,True,66.73466396750882
uav,0,plateau,Severe,12.449478195019829,True,B_no_bridge,5000,8,16012008,20,-1866.5028362955595,0.0,-1179.7532757045494,0.36793384249766214,False,0.952859483767088,False,0.6320661575023379,5000,True,66.87298900214955
uav,0,plateau,Severe,12.449478195019829,True,B_no_bridge,5000,9,16012009,20,-1866.5028362955595,0.0,-1347.466181923283,0.2780797565796398,False,0.7521166987596251,False,0.7219202434203602,5000,True,68.51255497895181
uav,0,plateau,Severe,12.449478195019829,True,B_no_bridge,5000,10,16012010,20,-1866.5028362955595,0.0,-1049.5921619995984,0.4376691309600581,False,1.0035994179641312,False,0.5623308690399419,5000,True,68.5445640119724
uav,0,plateau,Severe,12.449478195019829,True,B_no_bridge,5000,11,16012011,20,-1866.5028362955595,0.0,-1130.6884662871203,0.3942208689426945,False,0.9220532177524411,False,0.6057791310573055,5000,True,67.83159798942506
uav,0,plateau,Severe,12.449478195019829,True,B_no_bridge,5000,12,16012012,20,-1866.5028362955595,0.0,-1036.6384071083232,0.4446092516174606,False,1.064519263881978,False,0.5553907483825394,5000,True,67.64597201254219
uav,0,plateau,Severe,12.449478195019829,True,B_no_bridge,5000,13,16012013,20,-1866.5028362955595,0.0,-1208.5873246147682,0.3524856747534086,False,0.9362356471661917,False,0.6475143252465914,5000,True,66.5657389909029
uav,0,plateau,Severe,12.449478195019829,True,B_no_bridge,5000,14,16012014,20,-1866.5028362955595,0.0,-1160.6970771872243,0.37814341633101667,False,0.9770918829530744,False,0.6218565836689833,5000,True,67.26111599709839
uav,0,plateau,Severe,12.449478195019829,True,B_no_bridge,5000,15,16012015,20,-1866.5028362955595,0.0,-1130.1594253014443,0.3945043086328939,False,0.9907286989619908,False,0.6054956913671061,5000,True,67.73852097103372
uav,0,plateau,Severe,12.449478195019829,True,B_no_bridge,5000,16,16012016,20,-1866.5028362955595,0.0,-1158.1401853847165,0.37951330002622846,False,0.9785812046790893,False,0.6204866999737716,5000,True,67.64738797210157
uav,0,plateau,Severe,12.449478195019829,True,B_no_bridge,5000,17,16012017,20,-1866.5028362955595,0.0,-1170.6964988259394,0.372786113119755,False,0.9517374425400913,False,0.6272138868802449,5000,True,67.56197504000738
uav,0,plateau,Severe,12.449478195019829,True,B_no_bridge,5000,18,16012018,20,-1866.5028362955595,0.0,-1073.1687435968151,0.42503771077748337,False,0.990859732616922,False,0.5749622892225167,5000,True,66.80941197555512
uav,0,plateau,Severe,12.449478195019829,True,B_no_bridge,5000,19,16012019,20,-1866.5028362955595,0.0,-1271.034246270139,0.3190290303588526,False,0.8711660412778175,False,0.6809709696411473,5000,True,67.93758197454736
uav,0,plateau,Severe,12.449478195019829,True,B_no_bridge,5000,20,16012020,20,-1866.5028362955595,0.0,-1090.8082135827838,0.41558716527444106,False,0.9817029842115881,False,0.5844128347255589,5000,True,67.35671596834436
uav,0,plateau,Severe,12.449478195019829,True,B_no_bridge,5000,21,16012021,20,-1866.5028362955595,0.0,-1142.895123399038,0.3876810143683803,False,0.9800882220967615,False,0.6123189856316197,5000,True,66.80458702612668
uav,0,plateau,Severe,12.449478195019829,True,B_no_bridge,5000,22,16012022,20,-1866.5028362955595,0.0,-1160.400400584501,0.37830236417559215,False,0.9524652063938047,False,0.6216976358244078,5000,True,67.98735598567873
uav,0,plateau,Severe,12.449478195019829,True,B_no_bridge,5000,23,16012023,20,-1866.5028362955595,0.0,-791.442123551753,0.5759759330864319,False,0.9601816802873575,False,0.4240240669135681,5000,True,66.5806420147419
uav,0,plateau,Severe,12.449478195019829,True,B_no_bridge,5000,24,16012024,20,-1866.5028362955595,0.0,-1114.5827171257736,0.4028497061714188,False,1.0045656967046823,False,0.5971502938285812,5000,True,66.69770699227229
uav,0,plateau,Severe,12.449478195019829,True,B_no_bridge,5000,25,16012025,20,-1866.5028362955595,0.0,-1138.5114757509143,0.39002960316389695,False,0.9881307788002818,False,0.609970396836103,5000,True,65.84814301459119
uav,0,plateau,Severe,12.449478195019829,True,B_no_bridge,5000,26,16012026,20,-1866.5028362955595,0.0,-1050.6137976705934,0.4371217780971915,False,1.0083225992253793,False,0.5628782219028085,5000,True,66.60254899179563
uav,0,plateau,Severe,12.449478195019829,True,B_no_bridge,5000,27,16012027,20,-1866.5028362955595,0.0,-717.7392355137939,0.6154630887471416,False,1.0023402156915115,False,0.3845369112528583,5000,True,67.73986999178305
uav,0,plateau,Severe,12.449478195019829,True,B_no_bridge,5000,28,16012028,20,-1866.5028362955595,0.0,-1157.1349158693827,0.3800518845361395,False,0.8306035726616247,False,0.6199481154638605,5000,True,66.62030896404758
uav,0,plateau,Severe,12.449478195019829,True,B_no_bridge,5000,29,16012029,20,-1866.5028362955595,0.0,-1055.5025176282168,0.4345025911007624,False,1.0504561847042782,False,0.5654974088992376,5000,True,67.14887701673433
uav,0,plateau,Severe,12.449478195019829,True,C_fitness_group,5000,0,16013000,20,-1866.5028362955595,0.0,-1818.053239656575,0.02595741924247072,False,0.08506824968790128,False,0.9740425807575293,5000,True,79.83800501096994
uav,0,plateau,Severe,12.449478195019829,True,C_fitness_group,5000,1,16013001,20,-1866.5028362955595,0.0,-1774.9584236364226,0.04904595421929534,False,0.19716619615996733,False,0.9509540457807046,5000,True,79.93990299291909
uav,0,plateau,Severe,12.449478195019829,True,C_fitness_group,5000,2,16013002,20,-1866.5028362955595,0.0,-1700.5258305990596,0.0889240575845648,False,0.019875202686309244,False,0.9110759424154352,5000,True,80.09993296582252
uav,0,plateau,Severe,12.449478195019829,True,C_fitness_group,5000,3,16013003,20,-1866.5028362955595,0.0,-1843.6769183021624,0.012229243668710183,False,0.013372863326218728,False,0.9877707563312899,5000,True,79.99275799375027
uav,0,plateau,Severe,12.449478195019829,True,C_fitness_group,5000,4,16013004,20,-1866.5028362955595,0.0,-1842.6857159059289,0.01276029156049952,False,0.029323875808151673,False,0.9872397084395005,5000,True,80.88509202934802
uav,0,plateau,Severe,12.449478195019829,True,C_fitness_group,5000,5,16013005,20,-1866.5028362955595,0.0,-1840.5647728692275,0.013896610774945958,False,0.042174770462389856,False,0.986103389225054,5000,True,79.65395302744582
uav,0,plateau,Severe,12.449478195019829,True,C_fitness_group,5000,6,16013006,20,-1866.5028362955595,0.0,-1798.7842520061104,0.03628099726001486,False,0.10137164233262257,False,0.9637190027399851,5000,True,81.57602697610855
uav,0,plateau,Severe,12.449478195019829,True,C_fitness_group,5000,7,16013007,20,-1866.5028362955595,0.0,-1854.5167681873843,0.006421671521251975,False,0.019224827440879416,False,0.993578328478748,5000,True,80.77448100084439
uav,0,plateau,Severe,12.449478195019829,True,C_fitness_group,5000,8,16013008,20,-1866.5028362955595,0.0,-1804.9123004960172,0.03299782598872487,False,0.0981786609138015,False,0.9670021740112751,5000,True,79.42547899438068
uav,0,plateau,Severe,12.449478195019829,True,C_fitness_group,5000,9,16013009,20,-1866.5028362955595,0.0,-1795.0133284305723,0.038301312205274836,False,0.12697353621164525,False,0.9616986877947251,5000,True,78.13670003088191
uav,0,plateau,Severe,12.449478195019829,True,C_fitness_group,5000,10,16013010,20,-1866.5028362955595,0.0,-1854.2711691743457,0.006553253969594801,False,0.011919821145076543,False,0.9934467460304052,5000,True,79.30584897985682
uav,0,plateau,Severe,12.449478195019829,True,C_fitness_group,5000,11,16013011,20,-1866.5028362955595,0.0,-1816.0947154487396,0.02700672073280353,False,0.1306835017155821,False,0.9729932792671965,5000,True,78.52233102312312
uav,0,plateau,Severe,12.449478195019829,True,C_fitness_group,5000,12,16013012,20,-1866.5028362955595,0.0,-1858.4274360996128,0.004326486967452955,False,0.00831067037178994,False,0.995673513032547,5000,True,79.73741996102035
uav,0,plateau,Severe,12.449478195019829,True,C_fitness_group,5000,13,16013013,20,-1866.5028362955595,0.0,-1630.2262300387397,0.126587863496504,False,0.35349559534437586,False,0.873412136503496,5000,True,79.75292799528688
uav,0,plateau,Severe,12.449478195019829,True,C_fitness_group,5000,14,16013014,20,-1866.5028362955595,0.0,-1835.4226133090494,0.016651580904208468,False,0.04835519242893038,False,0.9833484190957915,5000,True,79.42202896811068
uav,0,plateau,Severe,12.449478195019829,True,C_fitness_group,5000,15,16013015,20,-1866.5028362955595,0.0,-1836.1476060388677,0.0162631578513632,False,0.008363336700412555,False,0.9837368421486368,5000,True,78.4205969539471
uav,0,plateau,Severe,12.449478195019829,True,C_fitness_group,5000,16,16013016,20,-1866.5028362955595,0.0,-1679.0658858624363,0.10042146563523502,False,0.22704869538598615,False,0.899578534364765,5000,True,79.93803796125576
uav,0,plateau,Severe,12.449478195019829,True,C_fitness_group,5000,17,16013017,20,-1866.5028362955595,0.0,-1861.3620244692713,0.0027542480655915573,False,0.010793744190457432,False,0.9972457519344085,5000,True,80.00582497334108
uav,0,plateau,Severe,12.449478195019829,True,C_fitness_group,5000,18,16013018,20,-1866.5028362955595,0.0,-1788.7309003775438,0.041667194073152,False,0.1915851723310267,False,0.958332805926848,5000,True,79.57545097451657
uav,0,plateau,Severe,12.449478195019829,True,C_fitness_group,5000,19,16013019,20,-1866.5028362955595,0.0,-1839.629009140367,0.014397956773818145,False,0.04458981928954822,False,0.9856020432261818,5000,True,80.31750802183524
uav,0,plateau,Severe,12.449478195019829,True,C_fitness_group,5000,20,16013020,20,-1866.5028362955595,0.0,-1806.0507141822234,0.03238790798374313,False,0.09622740487962814,False,0.9676120920162569,5000,True,79.7107049729675
uav,0,plateau,Severe,12.449478195019829,True,C_fitness_group,5000,21,16013021,20,-1866.5028362955595,0.0,-1834.1752618193175,0.017319863569241842,False,0.022382771289354248,False,0.9826801364307581,5000,True,79.45963204838336
uav,0,plateau,Severe,12.449478195019829,True,C_fitness_group,5000,22,16013022,20,-1866.5028362955595,0.0,-1781.122894964566,0.04574326900056936,False,0.08008041619564324,False,0.9542567309994306,5000,True,79.52789502451196
uav,0,plateau,Severe,12.449478195019829,True,C_fitness_group,5000,23,16013023,20,-1866.5028362955595,0.0,-1757.2206778356792,0.05854915210135557,False,0.09162248016152906,False,0.9414508478986444,5000,True,80.13002498773858
uav,0,plateau,Severe,12.449478195019829,True,C_fitness_group,5000,24,16013024,20,-1866.5028362955595,0.0,-1797.355168828,0.03704664473202552,False,0.15632058732762333,False,0.9629533552679744,5000,True,81.03992399992421
uav,0,plateau,Severe,12.449478195019829,True,C_fitness_group,5000,25,16013025,20,-1866.5028362955595,0.0,-1826.3103673148423,0.02153356973219876,False,0.0663849764171599,False,0.9784664302678012,5000,True,79.51403094921261
uav,0,plateau,Severe,12.449478195019829,True,C_fitness_group,5000,26,16013026,20,-1866.5028362955595,0.0,-1734.8867305798976,0.07051481688443605,False,0.07205459644269188,False,0.9294851831155639,5000,True,80.34111699089408
uav,0,plateau,Severe,12.449478195019829,True,C_fitness_group,5000,27,16013027,20,-1866.5028362955595,0.0,-1818.451221677928,0.025744195874354683,False,0.030305085967242323,False,0.9742558041256453,5000,True,78.9516469812952
uav,0,plateau,Severe,12.449478195019829,True,C_fitness_group,5000,28,16013028,20,-1866.5028362955595,0.0,-1833.0348606017355,0.01793084641663215,False,0.03071676089308647,False,0.9820691535833679,5000,True,78.01453198771924
uav,0,plateau,Severe,12.449478195019829,True,C_fitness_group,5000,29,16013029,20,-1866.5028362955595,0.0,-1842.188654002284,0.013026598095897762,False,0.05314015197720322,False,0.9869734019041022,5000,True,79.9640910117887
uav,0,plateau,Severe,12.449478195019829,True,D_no_warm_slot,5000,0,16014000,20,-1866.5028362955595,0.0,-1462.9316949835907,0.21621780233290983,False,0.6293391503957624,False,0.7837821976670901,5000,True,62.255872995592654
uav,0,plateau,Severe,12.449478195019829,True,D_no_warm_slot,5000,1,16014001,20,-1866.5028362955595,0.0,-1858.7686957441128,0.004143653254123411,False,0.025303703248326193,False,0.9958563467458766,5000,True,63.03204700816423
uav,0,plateau,Severe,12.449478195019829,True,D_no_warm_slot,5000,2,16014002,20,-1866.5028362955595,0.0,-1848.223206696455,0.009793518254375662,False,0.03591612681218651,False,0.9902064817456243,5000,True,63.18078801268712
uav,0,plateau,Severe,12.449478195019829,True,D_no_warm_slot,5000,3,16014003,20,-1866.5028362955595,0.0,-1379.8298388197888,0.2607405614457402,False,0.7647869453762295,False,0.7392594385542598,5000,True,61.769616964738816
uav,0,plateau,Severe,12.449478195019829,True,D_no_warm_slot,5000,4,16014004,20,-1866.5028362955595,0.0,-1302.7214822662293,0.3020522353709704,False,0.8161470555725573,False,0.6979477646290295,5000,True,61.30637798923999
uav,0,plateau,Severe,12.449478195019829,True,D_no_warm_slot,5000,5,16014005,20,-1866.5028362955595,0.0,-1848.2183900082073,0.009796098849569017,False,0.03649841854306046,False,0.990203901150431,5000,True,62.49424599809572
uav,0,plateau,Severe,12.449478195019829,True,D_no_warm_slot,5000,6,16014006,20,-1866.5028362955595,0.0,-1440.4751086117233,0.22824917240917336,False,0.6872415982433716,False,0.7717508275908267,5000,True,61.763998004607856
uav,0,plateau,Severe,12.449478195019829,True,D_no_warm_slot,5000,7,16014007,20,-1866.5028362955595,0.0,-1198.9510723816431,0.3576484058490924,False,0.9443825550380948,False,0.6423515941509076,5000,True,62.749288976192474
uav,0,plateau,Severe,12.449478195019829,True,D_no_warm_slot,5000,8,16014008,20,-1866.5028362955595,0.0,-1451.7482374392096,0.22220946616910142,False,0.6526311156523448,False,0.7777905338308986,5000,True,62.42005102103576
uav,0,plateau,Severe,12.449478195019829,True,D_no_warm_slot,5000,9,16014009,20,-1866.5028362955595,0.0,-1357.2052413186323,0.27286194538430386,False,0.7765060164992101,False,0.7271380546156961,5000,True,60.80277799628675
uav,0,plateau,Severe,12.449478195019829,True,D_no_warm_slot,5000,10,16014010,20,-1866.5028362955595,0.0,-1323.831215015573,0.2907424573525024,False,0.8151810522746045,False,0.7092575426474975,5000,True,60.175918973982334
uav,0,plateau,Severe,12.449478195019829,True,D_no_warm_slot,5000,11,16014011,20,-1866.5028362955595,0.0,-1574.0819461515996,0.15666779843974224,False,0.48702320877432786,False,0.8433322015602578,5000,True,61.52480602031574
uav,0,plateau,Severe,12.449478195019829,True,D_no_warm_slot,5000,12,16014012,20,-1866.5028362955595,0.0,-1564.8533983760808,0.16161209726215103,False,0.5447756415973355,False,0.838387902737849,5000,True,60.97006698837504
uav,0,plateau,Severe,12.449478195019829,True,D_no_warm_slot,5000,13,16014013,20,-1866.5028362955595,0.0,-1461.5273770582787,0.21697018154070097,False,0.6462035002078121,False,0.7830298184592991,5000,True,60.72682299418375
uav,0,plateau,Severe,12.449478195019829,True,D_no_warm_slot,5000,14,16014014,20,-1866.5028362955595,0.0,-1583.4350870089036,0.15165674746493252,False,0.47752257279265065,False,0.8483432525350675,5000,True,61.00039399461821
uav,0,plateau,Severe,12.449478195019829,True,D_no_warm_slot,5000,15,16014015,20,-1866.5028362955595,0.0,-1430.619228059649,0.2335295718601783,False,0.67515015026401,False,0.7664704281398217,5000,True,61.899742984678596
uav,0,plateau,Severe,12.449478195019829,True,D_no_warm_slot,5000,16,16014016,20,-1866.5028362955595,0.0,-1257.3590972182521,0.32635564609495715,False,0.890702068793385,False,0.6736443539050428,5000,True,61.35993596399203
uav,0,plateau,Severe,12.449478195019829,True,D_no_warm_slot,5000,17,16014017,20,-1866.5028362955595,0.0,-1862.901490553411,0.0019294617035226155,False,0.0013411936302058752,False,0.9980705382964774,5000,True,60.62539800768718
uav,0,plateau,Severe,12.449478195019829,True,D_no_warm_slot,5000,18,16014018,20,-1866.5028362955595,0.0,-1866.4860403045154,8.998642122305202e-06,True,0.0003886155921759874,False,0.9999910013578777,5000,True,62.356507987715304
uav,0,plateau,Severe,12.449478195019829,True,D_no_warm_slot,5000,19,16014019,20,-1866.5028362955595,0.0,-1427.1021533808928,0.2354138843885946,False,0.7094441597294668,False,0.7645861156114054,5000,True,63.697976002004
uav,0,plateau,Severe,12.449478195019829,True,D_no_warm_slot,5000,20,16014020,20,-1866.5028362955595,0.0,-1565.8444525749453,0.1610811287687779,False,0.527257443196643,False,0.8389188712312221,5000,True,63.70413600234315
uav,0,plateau,Severe,12.449478195019829,True,D_no_warm_slot,5000,21,16014021,20,-1866.5028362955595,0.0,-1301.460574898731,0.30272778075080004,False,0.7460756593293719,False,0.6972722192492,5000,True,62.839537975378335
uav,0,plateau,Severe,12.449478195019829,True,D_no_warm_slot,5000,22,16014022,20,-1866.5028362955595,0.0,-1450.0390149753043,0.2231252014311477,False,0.6124550393361652,False,0.7768747985688523,5000,True,62.16719001531601
uav,0,plateau,Severe,12.449478195019829,True,D_no_warm_slot,5000,23,16014023,20,-1866.5028362955595,0.0,-1446.4768939322435,0.2250336480586013,False,0.6582586027215334,False,0.7749663519413987,5000,True,62.62407702160999
uav,0,plateau,Severe,12.449478195019829,True,D_no_warm_slot,5000,24,16014024,20,-1866.5028362955595,0.0,-1812.6232295802654,0.028866608540616397,False,0.05082312800064901,False,0.9711333914593836,5000,True,61.60656700376421
uav,0,plateau,Severe,12.449478195019829,True,D_no_warm_slot,5000,25,16014025,20,-1866.5028362955595,0.0,-1570.7399401487344,0.1584583159454633,False,0.4668821179448735,False,0.8415416840545367,5000,True,62.348642968572676
uav,0,plateau,Severe,12.449478195019829,True,D_no_warm_slot,5000,26,16014026,20,-1866.5028362955595,0.0,-1486.8045841875455,0.20342763199953104,False,0.5796050657601035,False,0.7965723680004689,5000,True,62.683352967724204
uav,0,plateau,Severe,12.449478195019829,True,D_no_warm_slot,5000,27,16014027,20,-1866.5028362955595,0.0,-1343.1939257414706,0.2803686661375227,False,0.8027220737328051,False,0.7196313338624772,5000,True,62.75125901447609
uav,0,plateau,Severe,12.449478195019829,True,D_no_warm_slot,5000,28,16014028,20,-1866.5028362955595,0.0,-1609.3746900108194,0.1377593118449588,False,0.3182124431146438,False,0.8622406881550412,5000,True,62.54288897616789
uav,0,plateau,Severe,12.449478195019829,True,D_no_warm_slot,5000,29,16014029,20,-1866.5028362955595,0.0,-1619.2546360138415,0.13246601905648883,False,0.4383273611378653,False,0.8675339809435112,5000,True,62.370416009798646
uav,495,plateau,High,0.097900899680984,True,baseline,1000,0,17000000,20,-4.2076719186023555,-3.4995583203168916,-4.087715691518449,0.028508930687673927,False,0.0032464207406103828,False,0.8305974812878142,1000,True,12.251304986421019
uav,495,plateau,High,0.097900899680984,True,baseline,1000,1,17000001,20,-4.2076719186023555,-3.4995583203168916,-3.9650597121199276,0.05765948752083678,False,0.008524326406598583,False,0.657382364821325,1000,True,12.271021027117968
uav,495,plateau,High,0.097900899680984,True,baseline,1000,2,17000002,20,-4.2076719186023555,-3.4995583203168916,-4.163959433624482,0.010388757922075102,False,0.007092254470019798,False,0.9382691067030586,1000,True,12.38237600773573
uav,495,plateau,High,0.097900899680984,True,baseline,1000,3,17000003,20,-4.2076719186023555,-3.4995583203168916,-4.191946838745879,0.003737240013166256,False,0.0030292042444136627,False,0.9777929983345166,1000,True,12.099711981136352
uav,495,plateau,High,0.097900899680984,True,baseline,1000,4,17000004,20,-4.2076719186023555,-3.4995583203168916,-4.137826126352567,0.016599628868637827,False,0.0035731308400635386,False,0.9013635772298342,1000,True,12.430515955202281
uav,495,plateau,High,0.097900899680984,True,baseline,1000,5,17000005,20,-4.2076719186023555,-3.4995583203168916,-4.1363865804589395,0.016941752950903673,False,0.0003720619437604961,False,0.8993306465007631,1000,True,12.312599981669337
uav,495,plateau,High,0.097900899680984,True,baseline,1000,6,17000006,20,-4.2076719186023555,-3.4995583203168916,-4.147958465119941,0.014191565938974016,False,0.004475345663939432,False,0.9156724943187121,1000,True,12.728906993288547
uav,495,plateau,High,0.097900899680984,True,baseline,1000,7,17000007,20,-4.2076719186023555,-3.4995583203168916,-4.160039765976902,0.011320310505880766,False,0.004873811695067025,False,0.9327337411104882,1000,True,12.682864035014063
uav,495,plateau,High,0.097900899680984,True,baseline,1000,8,17000008,20,-4.2076719186023555,-3.4995583203168916,-4.154127276529638,0.012725479340723635,False,0.0013401700368794445,False,0.9243841070100003,1000,True,12.707378016784787
uav,495,plateau,High,0.097900899680984,True,baseline,1000,9,17000009,20,-4.2076719186023555,-3.4995583203168916,-4.200237399020622,0.0017668962137624615,False,0.001663126572786338,False,0.9895009506952922,1000,True,12.427474022842944
uav,495,plateau,High,0.097900899680984,True,baseline,1000,10,17000010,20,-4.2076719186023555,-3.4995583203168916,-4.1369611893573985,0.016805190759369995,False,0.010176608407688017,False,0.9001421107910272,1000,True,12.206776009406894
uav,495,plateau,High,0.097900899680984,True,baseline,1000,11,17000011,20,-4.2076719186023555,-3.4995583203168916,-4.171948223482055,0.008490133216509668,False,0.006298508325076452,False,0.9495508980383972,1000,True,12.324134993832558
uav,495,plateau,High,0.097900899680984,True,baseline,1000,12,17000012,20,-4.2076719186023555,-3.4995583203168916,-4.0581769638718175,0.03552913763775458,False,0.0012469502085922745,False,0.7888828076561359,1000,True,12.706439010798931
uav,495,plateau,High,0.097900899680984,True,baseline,1000,13,17000013,20,-4.2076719186023555,-3.4995583203168916,-4.137331524449723,0.016717176508380633,False,0.001064409116193139,False,0.9006650990420951,1000,True,12.38604198442772
uav,495,plateau,High,0.097900899680984,True,baseline,1000,14,17000014,20,-4.2076719186023555,-3.4995583203168916,-4.156515291927973,0.01215794093836452,False,0.002026936223425072,False,0.9277564690210066,1000,True,12.263044016435742
uav,495,plateau,High,0.097900899680984,True,baseline,1000,15,17000015,20,-4.2076719186023555,-3.4995583203168916,-4.101085918070249,0.025331347736710207,False,0.005166898716225334,False,0.8494789525435176,1000,True,12.371636985335499
uav,495,plateau,High,0.097900899680984,True,baseline,1000,16,17000016,20,-4.2076719186023555,-3.4995583203168916,-4.119272683128768,0.021009060873489013,False,0.0014399682915434595,False,0.8751623529224324,1000,True,12.683298031333834
uav,495,plateau,High,0.097900899680984,True,baseline,1000,17,17000017,20,-4.2076719186023555,-3.4995583203168916,-4.126257863446684,0.019348955130207644,False,0.001716687962520977,False,0.885026844064572,1000,True,12.440771970432252
uav,495,plateau,High,0.097900899680984,True,baseline,1000,18,17000018,20,-4.2076719186023555,-3.4995583203168916,-4.04709651713635,0.03816252896431684,False,0.014788938749019837,False,0.7732349698483381,1000,True,12.586416967678815
uav,495,plateau,High,0.097900899680984,True,baseline,1000,19,17000019,20,-4.2076719186023555,-3.4995583203168916,-4.187431784537614,0.004810292830878522,False,0.0039728402169974435,False,0.9714168261790923,1000,True,12.326166033744812
uav,495,plateau,High,0.097900899680984,True,baseline,1000,20,17000020,20,-4.2076719186023555,-3.4995583203168916,-4.097605155527334,0.026158589643933555,False,0.006937576733471236,False,0.8445634099648371,1000,True,12.549845967441797
uav,495,plateau,High,0.097900899680984,True,baseline,1000,21,17000021,20,-4.2076719186023555,-3.4995583203168916,-4.163139560694537,0.010583609836816938,False,0.004573729587292881,False,0.937111279862944,1000,True,12.56273197941482
uav,495,plateau,High,0.097900899680984,True,baseline,1000,22,17000022,20,-4.2076719186023555,-3.4995583203168916,-3.996942702601677,0.05008214045135806,False,0.004277572447533988,False,0.7024076129721116,1000,True,12.237773975357413
uav,495,plateau,High,0.097900899680984,True,baseline,1000,23,17000023,20,-4.2076719186023555,-3.4995583203168916,-4.116072192033291,0.021769693155993565,False,0.003506204837818617,False,0.8706426104641234,1000,True,12.669774005189538
uav,495,plateau,High,0.097900899680984,True,baseline,1000,24,17000024,20,-4.2076719186023555,-3.4995583203168916,-4.1691135510129795,0.009163824636352277,False,0.0025928471113630816,False,0.9455477656653731,1000,True,12.506512983236462
uav,495,plateau,High,0.097900899680984,True,baseline,1000,25,17000025,20,-4.2076719186023555,-3.4995583203168916,-4.143217282908154,0.015318360590150612,False,0.00961616088115274,False,0.9089769835655409,1000,True,12.44154799496755
uav,495,plateau,High,0.097900899680984,True,baseline,1000,26,17000026,20,-4.2076719186023555,-3.4995583203168916,-4.158921571113575,0.01158606194395813,False,0.004852939976996375,False,0.9311546232033703,1000,True,12.200605007819831
uav,495,plateau,High,0.097900899680984,True,baseline,1000,27,17000027,20,-4.2076719186023555,-3.4995583203168916,-4.155599095232161,0.012375685266709423,False,0.0026369940514952106,False,0.9264626134898741,1000,True,12.434020987711847
uav,495,plateau,High,0.097900899680984,True,baseline,1000,28,17000028,20,-4.2076719186023555,-3.4995583203168916,-4.092774924721762,0.027306547683204008,False,0.0025865238805309137,False,0.8377421445389684,1000,True,12.664803012739867
uav,495,plateau,High,0.097900899680984,True,baseline,1000,29,17000029,20,-4.2076719186023555,-3.4995583203168916,-4.08297921120636,0.029634607880125365,False,0.005688998122169131,False,0.8239086105705206,1000,True,12.60241400450468
uav,495,plateau,High,0.097900899680984,True,A_no_greedy,1000,0,17001000,20,-4.2076719186023555,-3.4995583203168916,-3.499558320316596,0.16829106736082472,False,0.00530461889614904,True,-4.1767791845300753e-13,1000,True,12.381704000290483
uav,495,plateau,High,0.097900899680984,True,A_no_greedy,1000,1,17001001,20,-4.2076719186023555,-3.4995583203168916,-3.499558320316596,0.16829106736082472,False,0.00530461889614904,True,-4.1767791845300753e-13,1000,True,12.598200992215425
uav,495,plateau,High,0.097900899680984,True,A_no_greedy,1000,2,17001002,20,-4.2076719186023555,-3.4995583203168916,-3.499558320316596,0.16829106736082472,False,0.00530461889614904,True,-4.1767791845300753e-13,1000,True,12.435125012416393
uav,495,plateau,High,0.097900899680984,True,A_no_greedy,1000,3,17001003,20,-4.2076719186023555,-3.4995583203168916,-3.499558320316596,0.16829106736082472,False,0.00530461889614904,True,-4.1767791845300753e-13,1000,True,12.422662985045463
uav,495,plateau,High,0.097900899680984,True,A_no_greedy,1000,4,17001004,20,-4.2076719186023555,-3.4995583203168916,-3.499558320316596,0.16829106736082472,False,0.00530461889614904,True,-4.1767791845300753e-13,1000,True,12.411477975547314
uav,495,plateau,High,0.097900899680984,True,A_no_greedy,1000,5,17001005,20,-4.2076719186023555,-3.4995583203168916,-3.499558320316596,0.16829106736082472,False,0.00530461889614904,True,-4.1767791845300753e-13,1000,True,12.358629028312862
uav,495,plateau,High,0.097900899680984,True,A_no_greedy,1000,6,17001006,20,-4.2076719186023555,-3.4995583203168916,-3.499558320316596,0.16829106736082472,False,0.00530461889614904,True,-4.1767791845300753e-13,1000,True,12.738126039039344
uav,495,plateau,High,0.097900899680984,True,A_no_greedy,1000,7,17001007,20,-4.2076719186023555,-3.4995583203168916,-3.499558320316596,0.16829106736082472,False,0.00530461889614904,True,-4.1767791845300753e-13,1000,True,12.369198026135564
uav,495,plateau,High,0.097900899680984,True,A_no_greedy,1000,8,17001008,20,-4.2076719186023555,-3.4995583203168916,-3.499558320316596,0.16829106736082472,False,0.00530461889614904,True,-4.1767791845300753e-13,1000,True,12.574010994285345
uav,495,plateau,High,0.097900899680984,True,A_no_greedy,1000,9,17001009,20,-4.2076719186023555,-3.4995583203168916,-3.499558320316596,0.16829106736082472,False,0.00530461889614904,True,-4.1767791845300753e-13,1000,True,12.20301102148369
uav,495,plateau,High,0.097900899680984,True,A_no_greedy,1000,10,17001010,20,-4.2076719186023555,-3.4995583203168916,-3.499558320316596,0.16829106736082472,False,0.00530461889614904,True,-4.1767791845300753e-13,1000,True,12.420081999152899
uav,495,plateau,High,0.097900899680984,True,A_no_greedy,1000,11,17001011,20,-4.2076719186023555,-3.4995583203168916,-3.499558320316596,0.16829106736082472,False,0.00530461889614904,True,-4.1767791845300753e-13,1000,True,12.313588988035917
uav,495,plateau,High,0.097900899680984,True,A_no_greedy,1000,12,17001012,20,-4.2076719186023555,-3.4995583203168916,-3.499558320316596,0.16829106736082472,False,0.00530461889614904,True,-4.1767791845300753e-13,1000,True,12.044956034515053
uav,495,plateau,High,0.097900899680984,True,A_no_greedy,1000,13,17001013,20,-4.2076719186023555,-3.4995583203168916,-3.499558320316596,0.16829106736082472,False,0.00530461889614904,True,-4.1767791845300753e-13,1000,True,12.302040995564312
uav,495,plateau,High,0.097900899680984,True,A_no_greedy,1000,14,17001014,20,-4.2076719186023555,-3.4995583203168916,-3.499558320316596,0.16829106736082472,False,0.00530461889614904,True,-4.1767791845300753e-13,1000,True,12.823777040466666
uav,495,plateau,High,0.097900899680984,True,A_no_greedy,1000,15,17001015,20,-4.2076719186023555,-3.4995583203168916,-3.499558320316596,0.16829106736082472,False,0.00530461889614904,True,-4.1767791845300753e-13,1000,True,12.571388971991837
uav,495,plateau,High,0.097900899680984,True,A_no_greedy,1000,16,17001016,20,-4.2076719186023555,-3.4995583203168916,-3.499558320316596,0.16829106736082472,False,0.00530461889614904,True,-4.1767791845300753e-13,1000,True,12.466993008274585
uav,495,plateau,High,0.097900899680984,True,A_no_greedy,1000,17,17001017,20,-4.2076719186023555,-3.4995583203168916,-3.499558320316596,0.16829106736082472,False,0.00530461889614904,True,-4.1767791845300753e-13,1000,True,12.524329009465873
uav,495,plateau,High,0.097900899680984,True,A_no_greedy,1000,18,17001018,20,-4.2076719186023555,-3.4995583203168916,-3.499558320316596,0.16829106736082472,False,0.00530461889614904,True,-4.1767791845300753e-13,1000,True,12.615110957995057
uav,495,plateau,High,0.097900899680984,True,A_no_greedy,1000,19,17001019,20,-4.2076719186023555,-3.4995583203168916,-3.499558320316596,0.16829106736082472,False,0.00530461889614904,True,-4.1767791845300753e-13,1000,True,12.468200002331287
uav,495,plateau,High,0.097900899680984,True,A_no_greedy,1000,20,17001020,20,-4.2076719186023555,-3.4995583203168916,-3.499558320316596,0.16829106736082472,False,0.00530461889614904,True,-4.1767791845300753e-13,1000,True,12.29787600459531
uav,495,plateau,High,0.097900899680984,True,A_no_greedy,1000,21,17001021,20,-4.2076719186023555,-3.4995583203168916,-3.499558320316596,0.16829106736082472,False,0.00530461889614904,True,-4.1767791845300753e-13,1000,True,12.1954390197061
uav,495,plateau,High,0.097900899680984,True,A_no_greedy,1000,22,17001022,20,-4.2076719186023555,-3.4995583203168916,-3.499558320316596,0.16829106736082472,False,0.00530461889614904,True,-4.1767791845300753e-13,1000,True,12.592642044182867
uav,495,plateau,High,0.097900899680984,True,A_no_greedy,1000,23,17001023,20,-4.2076719186023555,-3.4995583203168916,-3.499558320316596,0.16829106736082472,False,0.00530461889614904,True,-4.1767791845300753e-13,1000,True,12.307077995501459
uav,495,plateau,High,0.097900899680984,True,A_no_greedy,1000,24,17001024,20,-4.2076719186023555,-3.4995583203168916,-3.499558320316596,0.16829106736082472,False,0.00530461889614904,True,-4.1767791845300753e-13,1000,True,12.49780599027872
uav,495,plateau,High,0.097900899680984,True,A_no_greedy,1000,25,17001025,20,-4.2076719186023555,-3.4995583203168916,-3.499558320316596,0.16829106736082472,False,0.00530461889614904,True,-4.1767791845300753e-13,1000,True,12.329245975706726
uav,495,plateau,High,0.097900899680984,True,A_no_greedy,1000,26,17001026,20,-4.2076719186023555,-3.4995583203168916,-3.499558320316596,0.16829106736082472,False,0.00530461889614904,True,-4.1767791845300753e-13,1000,True,12.125285051297396
uav,495,plateau,High,0.097900899680984,True,A_no_greedy,1000,27,17001027,20,-4.2076719186023555,-3.4995583203168916,-3.499558320316596,0.16829106736082472,False,0.00530461889614904,True,-4.1767791845300753e-13,1000,True,12.071578006725758
uav,495,plateau,High,0.097900899680984,True,A_no_greedy,1000,28,17001028,20,-4.2076719186023555,-3.4995583203168916,-3.499558320316596,0.16829106736082472,False,0.00530461889614904,True,-4.1767791845300753e-13,1000,True,12.236193055287004
uav,495,plateau,High,0.097900899680984,True,A_no_greedy,1000,29,17001029,20,-4.2076719186023555,-3.4995583203168916,-3.499558320316596,0.16829106736082472,False,0.00530461889614904,True,-4.1767791845300753e-13,1000,True,12.19621900236234
uav,495,plateau,High,0.097900899680984,True,B_no_bridge,1000,0,17002000,20,-4.2076719186023555,-3.4995583203168916,-3.499558320316596,0.16829106736082472,False,0.00530461889614904,True,-4.1767791845300753e-13,1000,True,12.831879022996873
uav,495,plateau,High,0.097900899680984,True,B_no_bridge,1000,1,17002001,20,-4.2076719186023555,-3.4995583203168916,-3.499558320316596,0.16829106736082472,False,0.00530461889614904,True,-4.1767791845300753e-13,1000,True,12.910744990222156
uav,495,plateau,High,0.097900899680984,True,B_no_bridge,1000,2,17002002,20,-4.2076719186023555,-3.4995583203168916,-3.499558320316596,0.16829106736082472,False,0.00530461889614904,True,-4.1767791845300753e-13,1000,True,13.11271800659597
uav,495,plateau,High,0.097900899680984,True,B_no_bridge,1000,3,17002003,20,-4.2076719186023555,-3.4995583203168916,-3.499558320316596,0.16829106736082472,False,0.00530461889614904,True,-4.1767791845300753e-13,1000,True,13.318451994564384
uav,495,plateau,High,0.097900899680984,True,B_no_bridge,1000,4,17002004,20,-4.2076719186023555,-3.4995583203168916,-3.499558320316596,0.16829106736082472,False,0.00530461889614904,True,-4.1767791845300753e-13,1000,True,13.222938985563815
uav,495,plateau,High,0.097900899680984,True,B_no_bridge,1000,5,17002005,20,-4.2076719186023555,-3.4995583203168916,-3.499558320316596,0.16829106736082472,False,0.00530461889614904,True,-4.1767791845300753e-13,1000,True,13.150434009730816
uav,495,plateau,High,0.097900899680984,True,B_no_bridge,1000,6,17002006,20,-4.2076719186023555,-3.4995583203168916,-3.499558320316596,0.16829106736082472,False,0.00530461889614904,True,-4.1767791845300753e-13,1000,True,13.485116010997444
uav,495,plateau,High,0.097900899680984,True,B_no_bridge,1000,7,17002007,20,-4.2076719186023555,-3.4995583203168916,-3.499558320316596,0.16829106736082472,False,0.00530461889614904,True,-4.1767791845300753e-13,1000,True,13.627233041916043
uav,495,plateau,High,0.097900899680984,True,B_no_bridge,1000,8,17002008,20,-4.2076719186023555,-3.4995583203168916,-3.499558320316596,0.16829106736082472,False,0.00530461889614904,True,-4.1767791845300753e-13,1000,True,13.536475016735494
uav,495,plateau,High,0.097900899680984,True,B_no_bridge,1000,9,17002009,20,-4.2076719186023555,-3.4995583203168916,-3.499558320316596,0.16829106736082472,False,0.00530461889614904,True,-4.1767791845300753e-13,1000,True,13.491640042047948
uav,495,plateau,High,0.097900899680984,True,B_no_bridge,1000,10,17002010,20,-4.2076719186023555,-3.4995583203168916,-3.499558320316596,0.16829106736082472,False,0.00530461889614904,True,-4.1767791845300753e-13,1000,True,13.403429999016225
uav,495,plateau,High,0.097900899680984,True,B_no_bridge,1000,11,17002011,20,-4.2076719186023555,-3.4995583203168916,-3.499558320316596,0.16829106736082472,False,0.00530461889614904,True,-4.1767791845300753e-13,1000,True,13.335643976461142
uav,495,plateau,High,0.097900899680984,True,B_no_bridge,1000,12,17002012,20,-4.2076719186023555,-3.4995583203168916,-3.499558320316596,0.16829106736082472,False,0.00530461889614904,True,-4.1767791845300753e-13,1000,True,13.0538220400922
uav,495,plateau,High,0.097900899680984,True,B_no_bridge,1000,13,17002013,20,-4.2076719186023555,-3.4995583203168916,-3.499558320316596,0.16829106736082472,False,0.00530461889614904,True,-4.1767791845300753e-13,1000,True,13.060274999588728
uav,495,plateau,High,0.097900899680984,True,B_no_bridge,1000,14,17002014,20,-4.2076719186023555,-3.4995583203168916,-3.499558320316596,0.16829106736082472,False,0.00530461889614904,True,-4.1767791845300753e-13,1000,True,13.228000956587493
uav,495,plateau,High,0.097900899680984,True,B_no_bridge,1000,15,17002015,20,-4.2076719186023555,-3.4995583203168916,-3.499558320316596,0.16829106736082472,False,0.00530461889614904,True,-4.1767791845300753e-13,1000,True,13.263495988212526
uav,495,plateau,High,0.097900899680984,True,B_no_bridge,1000,16,17002016,20,-4.2076719186023555,-3.4995583203168916,-3.7536549796369574,0.10790217197262066,False,0.024934411327937018,False,0.35883601153162864,1000,True,12.941732013132423
uav,495,plateau,High,0.097900899680984,True,B_no_bridge,1000,17,17002017,20,-4.2076719186023555,-3.4995583203168916,-3.499558320316596,0.16829106736082472,False,0.00530461889614904,True,-4.1767791845300753e-13,1000,True,13.083514000754803
uav,495,plateau,High,0.097900899680984,True,B_no_bridge,1000,18,17002018,20,-4.2076719186023555,-3.4995583203168916,-3.499558320316596,0.16829106736082472,False,0.00530461889614904,True,-4.1767791845300753e-13,1000,True,13.281822961289436
uav,495,plateau,High,0.097900899680984,True,B_no_bridge,1000,19,17002019,20,-4.2076719186023555,-3.4995583203168916,-3.499558320316596,0.16829106736082472,False,0.00530461889614904,True,-4.1767791845300753e-13,1000,True,13.312873023096472
uav,495,plateau,High,0.097900899680984,True,B_no_bridge,1000,20,17002020,20,-4.2076719186023555,-3.4995583203168916,-3.499558320316596,0.16829106736082472,False,0.00530461889614904,True,-4.1767791845300753e-13,1000,True,13.242468005046248
uav,495,plateau,High,0.097900899680984,True,B_no_bridge,1000,21,17002021,20,-4.2076719186023555,-3.4995583203168916,-3.499558320316596,0.16829106736082472,False,0.00530461889614904,True,-4.1767791845300753e-13,1000,True,13.135367014911026
uav,495,plateau,High,0.097900899680984,True,B_no_bridge,1000,22,17002022,20,-4.2076719186023555,-3.4995583203168916,-3.499558320316596,0.16829106736082472,False,0.00530461889614904,True,-4.1767791845300753e-13,1000,True,13.152497995179147
uav,495,plateau,High,0.097900899680984,True,B_no_bridge,1000,23,17002023,20,-4.2076719186023555,-3.4995583203168916,-3.499558320316596,0.16829106736082472,False,0.00530461889614904,True,-4.1767791845300753e-13,1000,True,13.070669956505299
uav,495,plateau,High,0.097900899680984,True,B_no_bridge,1000,24,17002024,20,-4.2076719186023555,-3.4995583203168916,-3.499558320316596,0.16829106736082472,False,0.00530461889614904,True,-4.1767791845300753e-13,1000,True,13.068379019387066
uav,495,plateau,High,0.097900899680984,True,B_no_bridge,1000,25,17002025,20,-4.2076719186023555,-3.4995583203168916,-3.499558320316596,0.16829106736082472,False,0.00530461889614904,True,-4.1767791845300753e-13,1000,True,13.106933969538659
uav,495,plateau,High,0.097900899680984,True,B_no_bridge,1000,26,17002026,20,-4.2076719186023555,-3.4995583203168916,-3.499558320316596,0.16829106736082472,False,0.00530461889614904,True,-4.1767791845300753e-13,1000,True,13.278046040795743
uav,495,plateau,High,0.097900899680984,True,B_no_bridge,1000,27,17002027,20,-4.2076719186023555,-3.4995583203168916,-3.499558320316596,0.16829106736082472,False,0.00530461889614904,True,-4.1767791845300753e-13,1000,True,13.49536597263068
uav,495,plateau,High,0.097900899680984,True,B_no_bridge,1000,28,17002028,20,-4.2076719186023555,-3.4995583203168916,-3.499558320316596,0.16829106736082472,False,0.00530461889614904,True,-4.1767791845300753e-13,1000,True,13.325931038707495
uav,495,plateau,High,0.097900899680984,True,B_no_bridge,1000,29,17002029,20,-4.2076719186023555,-3.4995583203168916,-3.499558320316596,0.16829106736082472,False,0.00530461889614904,True,-4.1767791845300753e-13,1000,True,13.358845026232302
uav,495,plateau,High,0.097900899680984,True,C_fitness_group,1000,0,17003000,20,-4.2076719186023555,-3.4995583203168916,-3.499558320316596,0.16829106736082472,False,0.00530461889614904,True,-4.1767791845300753e-13,1000,True,15.94755199039355
uav,495,plateau,High,0.097900899680984,True,C_fitness_group,1000,1,17003001,20,-4.2076719186023555,-3.4995583203168916,-3.499558320316596,0.16829106736082472,False,0.00530461889614904,True,-4.1767791845300753e-13,1000,True,15.699704992584884
uav,495,plateau,High,0.097900899680984,True,C_fitness_group,1000,2,17003002,20,-4.2076719186023555,-3.4995583203168916,-3.499558320316596,0.16829106736082472,False,0.00530461889614904,True,-4.1767791845300753e-13,1000,True,15.691883978433907
uav,495,plateau,High,0.097900899680984,True,C_fitness_group,1000,3,17003003,20,-4.2076719186023555,-3.4995583203168916,-3.499558320316596,0.16829106736082472,False,0.00530461889614904,True,-4.1767791845300753e-13,1000,True,15.638735028915107
uav,495,plateau,High,0.097900899680984,True,C_fitness_group,1000,4,17003004,20,-4.2076719186023555,-3.4995583203168916,-3.499558320316596,0.16829106736082472,False,0.00530461889614904,True,-4.1767791845300753e-13,1000,True,15.793876955285668
uav,495,plateau,High,0.097900899680984,True,C_fitness_group,1000,5,17003005,20,-4.2076719186023555,-3.4995583203168916,-3.499558320316596,0.16829106736082472,False,0.00530461889614904,True,-4.1767791845300753e-13,1000,True,15.95676998840645
uav,495,plateau,High,0.097900899680984,True,C_fitness_group,1000,6,17003006,20,-4.2076719186023555,-3.4995583203168916,-3.499558320316596,0.16829106736082472,False,0.00530461889614904,True,-4.1767791845300753e-13,1000,True,15.844092995394021
uav,495,plateau,High,0.097900899680984,True,C_fitness_group,1000,7,17003007,20,-4.2076719186023555,-3.4995583203168916,-3.499558320316596,0.16829106736082472,False,0.00530461889614904,True,-4.1767791845300753e-13,1000,True,15.85100102238357
uav,495,plateau,High,0.097900899680984,True,C_fitness_group,1000,8,17003008,20,-4.2076719186023555,-3.4995583203168916,-3.499558320316596,0.16829106736082472,False,0.00530461889614904,True,-4.1767791845300753e-13,1000,True,15.863346983678639
uav,495,plateau,High,0.097900899680984,True,C_fitness_group,1000,9,17003009,20,-4.2076719186023555,-3.4995583203168916,-3.499558320316596,0.16829106736082472,False,0.00530461889614904,True,-4.1767791845300753e-13,1000,True,16.12556795589626
uav,495,plateau,High,0.097900899680984,True,C_fitness_group,1000,10,17003010,20,-4.2076719186023555,-3.4995583203168916,-3.499558320316596,0.16829106736082472,False,0.00530461889614904,True,-4.1767791845300753e-13,1000,True,15.795347979292274
uav,495,plateau,High,0.097900899680984,True,C_fitness_group,1000,11,17003011,20,-4.2076719186023555,-3.4995583203168916,-3.499558320316596,0.16829106736082472,False,0.00530461889614904,True,-4.1767791845300753e-13,1000,True,16.08875097008422
uav,495,plateau,High,0.097900899680984,True,C_fitness_group,1000,12,17003012,20,-4.2076719186023555,-3.4995583203168916,-3.499558320316596,0.16829106736082472,False,0.00530461889614904,True,-4.1767791845300753e-13,1000,True,15.745548997074366
uav,495,plateau,High,0.097900899680984,True,C_fitness_group,1000,13,17003013,20,-4.2076719186023555,-3.4995583203168916,-3.499558320316596,0.16829106736082472,False,0.00530461889614904,True,-4.1767791845300753e-13,1000,True,15.959468961227685
uav,495,plateau,High,0.097900899680984,True,C_fitness_group,1000,14,17003014,20,-4.2076719186023555,-3.4995583203168916,-3.499558320316596,0.16829106736082472,False,0.00530461889614904,True,-4.1767791845300753e-13,1000,True,15.851495030801743
uav,495,plateau,High,0.097900899680984,True,C_fitness_group,1000,15,17003015,20,-4.2076719186023555,-3.4995583203168916,-3.499558320316596,0.16829106736082472,False,0.00530461889614904,True,-4.1767791845300753e-13,1000,True,15.821240958757699
uav,495,plateau,High,0.097900899680984,True,C_fitness_group,1000,16,17003016,20,-4.2076719186023555,-3.4995583203168916,-3.499558320316596,0.16829106736082472,False,0.00530461889614904,True,-4.1767791845300753e-13,1000,True,15.547530027106404
uav,495,plateau,High,0.097900899680984,True,C_fitness_group,1000,17,17003017,20,-4.2076719186023555,-3.4995583203168916,-3.499558320316596,0.16829106736082472,False,0.00530461889614904,True,-4.1767791845300753e-13,1000,True,15.6540009775199
uav,495,plateau,High,0.097900899680984,True,C_fitness_group,1000,18,17003018,20,-4.2076719186023555,-3.4995583203168916,-3.499558320316596,0.16829106736082472,False,0.00530461889614904,True,-4.1767791845300753e-13,1000,True,15.751047001685947
uav,495,plateau,High,0.097900899680984,True,C_fitness_group,1000,19,17003019,20,-4.2076719186023555,-3.4995583203168916,-3.499558320316596,0.16829106736082472,False,0.00530461889614904,True,-4.1767791845300753e-13,1000,True,15.858530008699745
uav,495,plateau,High,0.097900899680984,True,C_fitness_group,1000,20,17003020,20,-4.2076719186023555,-3.4995583203168916,-3.499558320316596,0.16829106736082472,False,0.00530461889614904,True,-4.1767791845300753e-13,1000,True,15.73058299254626
uav,495,plateau,High,0.097900899680984,True,C_fitness_group,1000,21,17003021,20,-4.2076719186023555,-3.4995583203168916,-3.499558320316596,0.16829106736082472,False,0.00530461889614904,True,-4.1767791845300753e-13,1000,True,15.498613996896893
uav,495,plateau,High,0.097900899680984,True,C_fitness_group,1000,22,17003022,20,-4.2076719186023555,-3.4995583203168916,-3.499558320316596,0.16829106736082472,False,0.00530461889614904,True,-4.1767791845300753e-13,1000,True,15.663986036088318
uav,495,plateau,High,0.097900899680984,True,C_fitness_group,1000,23,17003023,20,-4.2076719186023555,-3.4995583203168916,-3.499558320316596,0.16829106736082472,False,0.00530461889614904,True,-4.1767791845300753e-13,1000,True,15.54026803933084
uav,495,plateau,High,0.097900899680984,True,C_fitness_group,1000,24,17003024,20,-4.2076719186023555,-3.4995583203168916,-3.499558320316596,0.16829106736082472,False,0.00530461889614904,True,-4.1767791845300753e-13,1000,True,15.44770400505513
uav,495,plateau,High,0.097900899680984,True,C_fitness_group,1000,25,17003025,20,-4.2076719186023555,-3.4995583203168916,-3.499558320316596,0.16829106736082472,False,0.00530461889614904,True,-4.1767791845300753e-13,1000,True,15.904029016382992
uav,495,plateau,High,0.097900899680984,True,C_fitness_group,1000,26,17003026,20,-4.2076719186023555,-3.4995583203168916,-3.499558320316596,0.16829106736082472,False,0.00530461889614904,True,-4.1767791845300753e-13,1000,True,15.810260025318712
uav,495,plateau,High,0.097900899680984,True,C_fitness_group,1000,27,17003027,20,-4.2076719186023555,-3.4995583203168916,-3.499558320316596,0.16829106736082472,False,0.00530461889614904,True,-4.1767791845300753e-13,1000,True,15.81799000268802
uav,495,plateau,High,0.097900899680984,True,C_fitness_group,1000,28,17003028,20,-4.2076719186023555,-3.4995583203168916,-3.499558320316596,0.16829106736082472,False,0.00530461889614904,True,-4.1767791845300753e-13,1000,True,15.729132981505245
uav,495,plateau,High,0.097900899680984,True,C_fitness_group,1000,29,17003029,20,-4.2076719186023555,-3.4995583203168916,-3.499558320316596,0.16829106736082472,False,0.00530461889614904,True,-4.1767791845300753e-13,1000,True,15.912229020614177
uav,495,plateau,High,0.097900899680984,True,D_no_warm_slot,1000,0,17004000,20,-4.2076719186023555,-3.4995583203168916,-4.187691316475089,0.004748612181223358,False,0.005335274671286395,False,0.9717833379056057,1000,True,12.649698997847736
uav,495,plateau,High,0.097900899680984,True,D_no_warm_slot,1000,1,17004001,20,-4.2076719186023555,-3.4995583203168916,-2.2703346447347386,0.46042973676311105,False,0.05865668352097088,False,-1.735913105691571,1000,True,12.568417994771153
uav,495,plateau,High,0.097900899680984,True,D_no_warm_slot,1000,2,17004002,20,-4.2076719186023555,-3.4995583203168916,-2.4614299359159078,0.4150138167774472,False,0.05147000564706718,False,-1.4660478020964092,1000,True,12.056173000019044
uav,495,plateau,High,0.097900899680984,True,D_no_warm_slot,1000,3,17004003,20,-4.2076719186023555,-3.4995583203168916,-4.084576081837008,0.02925509382543211,False,0.002815331974465436,False,0.8261637157323395,1000,True,11.858195008244365
uav,495,plateau,High,0.097900899680984,True,D_no_warm_slot,1000,4,17004004,20,-4.2076719186023555,-3.4995583203168916,-4.161003966570813,0.011091157517586167,False,0.0044714362679551456,False,0.934095387880506,1000,True,11.901854013558477
uav,495,plateau,High,0.097900899680984,True,D_no_warm_slot,1000,5,17004005,20,-4.2076719186023555,-3.4995583203168916,-3.4328614562668607,0.18414231844218032,False,0.03640495441944831,False,-0.09418949757711509,1000,True,11.893710994627327
uav,495,plateau,High,0.097900899680984,True,D_no_warm_slot,1000,6,17004006,20,-4.2076719186023555,-3.4995583203168916,-3.8974453459736127,0.07372879317353939,False,0.005967371165927341,False,0.5618971682228869,1000,True,12.22850097110495
uav,495,plateau,High,0.097900899680984,True,D_no_warm_slot,1000,7,17004007,20,-4.2076719186023555,-3.4995583203168916,-3.640038101677891,0.13490448587850282,False,0.01411154468790917,False,0.19838593934806414,1000,True,12.073945021256804
uav,495,plateau,High,0.097900899680984,True,D_no_warm_slot,1000,8,17004008,20,-4.2076719186023555,-3.4995583203168916,-3.6630679641857533,0.12943118307510557,False,0.011793013480227772,False,0.23090877546309396,1000,True,11.802029970567673
uav,495,plateau,High,0.097900899680984,True,D_no_warm_slot,1000,9,17004009,20,-4.2076719186023555,-3.4995583203168916,-3.6392106287465182,0.13510114401805848,False,0.024824754041068757,False,0.19721737976471987,1000,True,12.02635100344196
uav,495,plateau,High,0.097900899680984,True,D_no_warm_slot,1000,10,17004010,20,-4.2076719186023555,-3.4995583203168916,-2.4951335751212387,0.4070037723021816,False,0.05635344404027444,False,-1.4184514287363486,1000,True,11.918037023860961
uav,495,plateau,High,0.097900899680984,True,D_no_warm_slot,1000,11,17004011,20,-4.2076719186023555,-3.4995583203168916,-4.084528293162391,0.029266451335128948,False,0.007540849200341623,False,0.8260962284326572,1000,True,12.40986300399527
uav,495,plateau,High,0.097900899680984,True,D_no_warm_slot,1000,12,17004012,20,-4.2076719186023555,-3.4995583203168916,-2.4828768753690142,0.4099167132323043,False,0.046433645612700906,False,-1.4357603743375928,1000,True,12.21647602505982
uav,495,plateau,High,0.097900899680984,True,D_no_warm_slot,1000,13,17004013,20,-4.2076719186023555,-3.4995583203168916,-4.181497894846997,0.006220547671419407,False,0.005609172650492044,False,0.963036970595208,1000,True,12.464738974813372
uav,495,plateau,High,0.097900899680984,True,D_no_warm_slot,1000,14,17004014,20,-4.2076719186023555,-3.4995583203168916,-3.845443139394141,0.08608769557502344,False,0.0054890520529495964,False,0.48845950694172646,1000,True,12.366971001029015
uav,495,plateau,High,0.097900899680984,True,D_no_warm_slot,1000,15,17004015,20,-4.2076719186023555,-3.4995583203168916,-3.0527738589846454,0.2744743606344022,False,0.026191960218945032,False,-0.6309502633673937,1000,True,12.624808005057275
uav,495,plateau,High,0.097900899680984,True,D_no_warm_slot,1000,16,17004016,20,-4.2076719186023555,-3.4995583203168916,-4.1049227936535235,0.024419471607225896,False,0.010669144227833594,False,0.8548973989517846,1000,True,12.375402031466365
uav,495,plateau,High,0.097900899680984,True,D_no_warm_slot,1000,17,17004017,20,-4.2076719186023555,-3.4995583203168916,-4.0426547459871776,0.03921816524848994,False,0.0033810734139445623,False,0.766962288233513,1000,True,12.736652046442032
uav,495,plateau,High,0.097900899680984,True,D_no_warm_slot,1000,18,17004018,20,-4.2076719186023555,-3.4995583203168916,-3.693026587329318,0.1223111832930132,False,0.03181586532306883,False,0.27321642668756263,1000,True,12.460347963497043
uav,495,plateau,High,0.097900899680984,True,D_no_warm_slot,1000,19,17004019,20,-4.2076719186023555,-3.4995583203168916,-4.010643320577573,0.04682603630613583,False,0.005366223457679272,False,0.7217556639191196,1000,True,12.700259976554662
uav,495,plateau,High,0.097900899680984,True,D_no_warm_slot,1000,20,17004020,20,-4.2076719186023555,-3.4995583203168916,-3.9232864932286384,0.06758735730236784,False,0.021761947448662323,False,0.598390108504777,1000,True,12.31991098029539
uav,495,plateau,High,0.097900899680984,True,D_no_warm_slot,1000,21,17004021,20,-4.2076719186023555,-3.4995583203168916,-4.122543109907485,0.02023180759852283,False,0.004674303497003936,False,0.8797808587478191,1000,True,12.300258036702871
uav,495,plateau,High,0.097900899680984,True,D_no_warm_slot,1000,22,17004022,20,-4.2076719186023555,-3.4995583203168916,-3.873132969827492,0.07950689959829038,False,0.012558106168521635,False,0.5275631627681302,1000,True,12.69808504730463
uav,495,plateau,High,0.097900899680984,True,D_no_warm_slot,1000,23,17004023,20,-4.2076719186023555,-3.4995583203168916,-3.3572895170050576,0.20210282979471597,False,0.025484752928260877,False,-0.2009124011405876,1000,True,12.766572996042669
uav,495,plateau,High,0.097900899680984,True,D_no_warm_slot,1000,24,17004024,20,-4.2076719186023555,-3.4995583203168916,-2.6925941281583228,0.3600750770861645,False,0.04301524499460011,False,-1.1395970845814136,1000,True,12.099774030502886
uav,495,plateau,High,0.097900899680984,True,D_no_warm_slot,1000,25,17004025,20,-4.2076719186023555,-3.4995583203168916,-2.114781222630013,0.4973987365125961,False,0.060075505974013906,False,-1.955586082571782,1000,True,12.341324996668845
uav,495,plateau,High,0.097900899680984,True,D_no_warm_slot,1000,26,17004026,20,-4.2076719186023555,-3.4995583203168916,-3.2968287640336715,0.21647199976352596,False,0.032109214056495125,False,-0.28629524524607863,1000,True,12.16682797530666
uav,495,plateau,High,0.097900899680984,True,D_no_warm_slot,1000,27,17004027,20,-4.2076719186023555,-3.4995583203168916,-4.149785484700193,0.013757354428286789,False,0.005575715337551798,False,0.9182526164695595,1000,True,12.258954986464232
uav,495,plateau,High,0.097900899680984,True,D_no_warm_slot,1000,28,17004028,20,-4.2076719186023555,-3.4995583203168916,-2.6426902844653846,0.37193528022422534,False,0.03617112837784797,False,-1.210071431937218,1000,True,12.04151101410389
uav,495,plateau,High,0.097900899680984,True,D_no_warm_slot,1000,29,17004029,20,-4.2076719186023555,-3.4995583203168916,-3.8833617025268428,0.0770759275792675,False,0.024403737821242492,False,0.5420082076368027,1000,True,12.075186998117715
uav,495,plateau,High,0.097900899680984,True,baseline,5000,0,17010000,20,-4.2076719186023555,-3.4995583203168916,-4.195955541429831,0.00278452726333662,False,0.0009377506085045618,False,0.983454099453968,5000,True,61.0358520061709
uav,495,plateau,High,0.097900899680984,True,baseline,5000,1,17010001,20,-4.2076719186023555,-3.4995583203168916,-4.179010832637512,0.006811625649360031,False,0.00046737485478941346,False,0.9595247344010339,5000,True,61.042034009005874
uav,495,plateau,High,0.097900899680984,True,baseline,5000,2,17010002,20,-4.2076719186023555,-3.4995583203168916,-4.196495774668908,0.0026561348293427708,False,0.0007605057211555116,False,0.9842170183421025,5000,True,63.30241297837347
uav,495,plateau,High,0.097900899680984,True,baseline,5000,3,17010003,20,-4.2076719186023555,-3.4995583203168916,-4.196302623803349,0.0027020392794272837,False,0.0005784988883139387,False,0.9839442501506328,5000,True,61.135957948863506
uav,495,plateau,High,0.097900899680984,True,baseline,5000,4,17010004,20,-4.2076719186023555,-3.4995583203168916,-4.204251480206587,0.0008129052031473331,False,0.00014807457961735874,False,0.9951696473502972,5000,True,60.92010700376704
uav,495,plateau,High,0.097900899680984,True,baseline,5000,5,17010005,20,-4.2076719186023555,-3.4995583203168916,-4.1932299082617375,0.003432304281322182,False,0.00019214659591610176,False,0.9796049526861424,5000,True,61.7375600268133
uav,495,plateau,High,0.097900899680984,True,baseline,5000,6,17010006,20,-4.2076719186023555,-3.4995583203168916,-4.202105697417893,0.0013228743333942284,False,0.00043190900886561404,False,0.9921393669067505,5000,True,62.220273015554994
uav,495,plateau,High,0.097900899680984,True,baseline,5000,7,17010007,20,-4.2076719186023555,-3.4995583203168916,-4.197619849288189,0.0023889860019090446,False,0.0005950243968675879,False,0.9858044396569906,5000,True,60.79929496627301
uav,495,plateau,High,0.097900899680984,True,baseline,5000,8,17010008,20,-4.2076719186023555,-3.4995583203168916,-4.171350038085592,0.008632298624848211,False,0.0018663972532554332,False,0.9487061389518451,5000,True,60.318561969324946
uav,495,plateau,High,0.097900899680984,True,baseline,5000,9,17010009,20,-4.2076719186023555,-3.4995583203168916,-4.205834558535103,0.0004366690423579543,False,0.0003821043962869181,False,0.9974052749845487,5000,True,61.735419963952154
uav,495,plateau,High,0.097900899680984,True,baseline,5000,10,17010010,20,-4.2076719186023555,-3.4995583203168916,-4.086772131656389,0.028733178176621115,False,0.0010485046632293497,False,0.829264983416929,5000,True,62.169216980692
uav,495,plateau,High,0.097900899680984,True,baseline,5000,11,17010011,20,-4.2076719186023555,-3.4995583203168916,-4.084817512379673,0.029197715173451648,False,0.0014960363262056448,False,0.8265046646185775,5000,True,62.05328699434176
uav,495,plateau,High,0.097900899680984,True,baseline,5000,12,17010012,20,-4.2076719186023555,-3.4995583203168916,-4.19260477361563,0.0035808744783813375,False,0.001044780297616775,False,0.9787221357940213,5000,True,62.17250297777355
uav,495,plateau,High,0.097900899680984,True,baseline,5000,13,17010013,20,-4.2076719186023555,-3.4995583203168916,-4.183045096276635,0.005852838054422521,False,0.0016369250639460557,False,0.965221932772723,5000,True,62.28278297930956
uav,495,plateau,High,0.097900899680984,True,baseline,5000,14,17010014,20,-4.2076719186023555,-3.4995583203168916,-4.175616249247855,0.007618386122924772,False,0.0017826345199701112,False,0.9547308942631296,5000,True,61.35939998785034
uav,495,plateau,High,0.097900899680984,True,baseline,5000,15,17010015,20,-4.2076719186023555,-3.4995583203168916,-4.192581401224197,0.003586429186991214,False,0.0009751651403611389,False,0.9786891292376011,5000,True,61.29047297872603
uav,495,plateau,High,0.097900899680984,True,baseline,5000,16,17010016,20,-4.2076719186023555,-3.4995583203168916,-4.18818706186146,0.004630792779910369,False,0.0004678642914453283,False,0.9724834309239738,5000,True,61.05609401129186
uav,495,plateau,High,0.097900899680984,True,baseline,5000,17,17010017,20,-4.2076719186023555,-3.4995583203168916,-4.207157560357117,0.00012224295410597578,False,0.00010797761599251892,False,0.9992736218503866,5000,True,61.25556700862944
uav,495,plateau,High,0.097900899680984,True,baseline,5000,18,17010018,20,-4.2076719186023555,-3.4995583203168916,-4.205945214125064,0.00041037051145965714,False,0.00016554108688153051,False,0.9975615431175562,5000,True,62.249865964986384
uav,495,plateau,High,0.097900899680984,True,baseline,5000,19,17010019,20,-4.2076719186023555,-3.4995583203168916,-4.176092079594008,0.0075052997522765,False,0.001601042995051797,False,0.9554028632061149,5000,True,61.2721320358105
uav,495,plateau,High,0.097900899680984,True,baseline,5000,20,17010020,20,-4.2076719186023555,-3.4995583203168916,-4.205617319738877,0.0004882982569041667,False,0.0004076826676933944,False,0.9970984897501575,5000,True,61.4535270142369
uav,495,plateau,High,0.097900899680984,True,baseline,5000,21,17010021,20,-4.2076719186023555,-3.4995583203168916,-4.197060049391046,0.0025220286696767884,False,0.00044988431000521524,False,0.9850138886797213,5000,True,62.51748098293319
uav,495,plateau,High,0.097900899680984,True,baseline,5000,22,17010022,20,-4.2076719186023555,-3.4995583203168916,-4.201934075330627,0.0013636622300235532,False,0.0005733640641942822,False,0.9918970017160782,5000,True,62.173842976335436
uav,495,plateau,High,0.097900899680984,True,baseline,5000,23,17010023,20,-4.2076719186023555,-3.4995583203168916,-4.206762813245137,0.00021605899290743258,False,0.00022226045985701404,False,0.998716158877023,5000,True,62.34052299987525
uav,495,plateau,High,0.097900899680984,True,baseline,5000,24,17010024,20,-4.2076719186023555,-3.4995583203168916,-4.09912114628589,0.025798297589827775,False,0.002135500307040798,False,0.8467042963455352,5000,True,61.32319802418351
uav,495,plateau,High,0.097900899680984,True,baseline,5000,25,17010025,20,-4.2076719186023555,-3.4995583203168916,-4.1992262503204865,0.0020072069413326196,False,0.00021653158443291255,False,0.9880730036786213,5000,True,63.73013003030792
uav,495,plateau,High,0.097900899680984,True,baseline,5000,26,17010026,20,-4.2076719186023555,-3.4995583203168916,-4.200638329490713,0.0016716106311775339,False,0.00029467046664248813,False,0.990067145824239,5000,True,62.166983960196376
uav,495,plateau,High,0.097900899680984,True,baseline,5000,27,17010027,20,-4.2076719186023555,-3.4995583203168916,-4.199521558617465,0.0019370236421849434,False,0.0003279697360462914,False,0.988490038879885,5000,True,61.4752319524996
uav,495,plateau,High,0.097900899680984,True,baseline,5000,28,17010028,20,-4.2076719186023555,-3.4995583203168916,-4.192540362396318,0.003596182520585682,False,0.0002479903835098096,False,0.9786311740903231,5000,True,60.00638601835817
uav,495,plateau,High,0.097900899680984,True,baseline,5000,29,17010029,20,-4.2076719186023555,-3.4995583203168916,-4.1945935689693705,0.0031082151569766666,False,0.0011413712310576964,False,0.9815307181437397,5000,True,60.3067500051111
uav,495,plateau,High,0.097900899680984,True,A_no_greedy,5000,0,17011000,20,-4.2076719186023555,-3.4995583203168916,-4.107698490902502,0.023759796303952654,False,0.010025654334167102,False,0.8588172463543751,5000,True,61.35014502797276
uav,495,plateau,High,0.097900899680984,True,A_no_greedy,5000,1,17011001,20,-4.2076719186023555,-3.4995583203168916,-4.137758915484156,0.01661560227856888,False,0.0037832185079097387,False,0.9012686618538635,5000,True,62.26585299009457
uav,495,plateau,High,0.097900899680984,True,A_no_greedy,5000,2,17011002,20,-4.2076719186023555,-3.4995583203168916,-4.096975936906532,0.026308130442972484,False,0.006771870280165606,False,0.8436748256722534,5000,True,62.02720000874251
uav,495,plateau,High,0.097900899680984,True,A_no_greedy,5000,3,17011003,20,-4.2076719186023555,-3.4995583203168916,-4.068626962108034,0.033045579404514795,False,0.008611474192584867,False,0.8036403243335716,5000,True,62.51526501728222
uav,495,plateau,High,0.097900899680984,True,A_no_greedy,5000,4,17011004,20,-4.2076719186023555,-3.4995583203168916,-3.8371705415017248,0.08805377041461411,False,0.01317811115760112,False,0.4767769211074105,5000,True,62.7245029900223
uav,495,plateau,High,0.097900899680984,True,A_no_greedy,5000,5,17011005,20,-4.2076719186023555,-3.4995583203168916,-4.090479162458734,0.027852161102557896,False,0.0031667545641485047,False,0.8345000626631415,5000,True,63.087479036767036
uav,495,plateau,High,0.097900899680984,True,A_no_greedy,5000,6,17011006,20,-4.2076719186023555,-3.4995583203168916,-4.138667893146739,0.016399573633710862,False,0.005657880392840607,False,0.9025523226461201,5000,True,62.05766694620252
uav,495,plateau,High,0.097900899680984,True,A_no_greedy,5000,7,17011007,20,-4.2076719186023555,-3.4995583203168916,-4.101527026053346,0.02522651352158347,False,0.003537801266421469,False,0.8501018864684775,5000,True,62.994864012580365
uav,495,plateau,High,0.097900899680984,True,A_no_greedy,5000,8,17011008,20,-4.2076719186023555,-3.4995583203168916,-4.180565573389597,0.006442124228583505,False,0.0009965204726107512,False,0.9617203436307529,5000,True,62.93653399916366
uav,495,plateau,High,0.097900899680984,True,A_no_greedy,5000,9,17011009,20,-4.2076719186023555,-3.4995583203168916,-3.738015475850534,0.11161907388155522,False,0.003135289010900018,False,0.3367498606311362,5000,True,62.797001970466226
uav,495,plateau,High,0.097900899680984,True,A_no_greedy,5000,10,17011010,20,-4.2076719186023555,-3.4995583203168916,-4.025265327177851,0.04335095391303549,False,0.003540175663998641,False,0.7424049024532781,5000,True,62.9894079756923
uav,495,plateau,High,0.097900899680984,True,A_no_greedy,5000,11,17011011,20,-4.2076719186023555,-3.4995583203168916,-4.19343306190359,0.0033840225602700205,False,0.0008167543810313657,False,0.9798918468262138,5000,True,63.33130900748074
uav,495,plateau,High,0.097900899680984,True,A_no_greedy,5000,12,17011012,20,-4.2076719186023555,-3.4995583203168916,-4.1494410585540376,0.013839211130239499,False,0.008329945803457991,False,0.9177662169045889,5000,True,62.3536939965561
uav,495,plateau,High,0.097900899680984,True,A_no_greedy,5000,13,17011013,20,-4.2076719186023555,-3.4995583203168916,-4.14407110535433,0.015115440195525387,False,0.002800391932362312,False,0.9101827540072378,5000,True,62.8879540017806
uav,495,plateau,High,0.097900899680984,True,A_no_greedy,5000,14,17011014,20,-4.2076719186023555,-3.4995583203168916,-4.037664004076314,0.0404042705360242,False,0.002069808425632345,False,0.7599143485767296,5000,True,62.55095201777294
uav,495,plateau,High,0.097900899680984,True,A_no_greedy,5000,15,17011015,20,-4.2076719186023555,-3.4995583203168916,-4.095749650953978,0.026599570929844225,False,0.009633339654693311,False,0.841943061227222,5000,True,63.35988698992878
uav,495,plateau,High,0.097900899680984,True,A_no_greedy,5000,16,17011016,20,-4.2076719186023555,-3.4995583203168916,-3.9772130110004382,0.054771120957184276,False,0.005946691212522879,False,0.6745452874229204,5000,True,62.68536200514063
uav,495,plateau,High,0.097900899680984,True,A_no_greedy,5000,17,17011017,20,-4.2076719186023555,-3.4995583203168916,-4.1758858700704895,0.007554307737572892,False,0.0016996334138375667,False,0.9551116535414252,5000,True,62.30793904978782
uav,495,plateau,High,0.097900899680984,True,A_no_greedy,5000,18,17011018,20,-4.2076719186023555,-3.4995583203168916,-4.075462731576076,0.03142098281041711,False,0.004749654559909222,False,0.813293817056481,5000,True,61.704855994321406
uav,495,plateau,High,0.097900899680984,True,A_no_greedy,5000,19,17011019,20,-4.2076719186023555,-3.4995583203168916,-4.099582612443051,0.025688625028352553,False,0.00320621269808477,False,0.8473559801407311,5000,True,62.81848001526669
uav,495,plateau,High,0.097900899680984,True,A_no_greedy,5000,20,17011020,20,-4.2076719186023555,-3.4995583203168916,-4.136037137246337,0.017024802014462465,False,0.007373633426504187,False,0.8988371618205527,5000,True,63.263791031204164
uav,495,plateau,High,0.097900899680984,True,A_no_greedy,5000,21,17011021,20,-4.2076719186023555,-3.4995583203168916,-3.9090557082253583,0.07096946153448846,False,0.015562811491243094,False,0.5782933542018845,5000,True,62.55565397441387
uav,495,plateau,High,0.097900899680984,True,A_no_greedy,5000,22,17011022,20,-4.2076719186023555,-3.4995583203168916,-4.123628262193431,0.019973909096230414,False,0.008320037811285059,False,0.8813133138349306,5000,True,62.678253976628184
uav,495,plateau,High,0.097900899680984,True,A_no_greedy,5000,23,17011023,20,-4.2076719186023555,-3.4995583203168916,-4.095001554971043,0.02677736425532375,False,0.0019267276441436508,False,0.84088659799202,5000,True,63.719218014739454
uav,495,plateau,High,0.097900899680984,True,A_no_greedy,5000,24,17011024,20,-4.2076719186023555,-3.4995583203168916,-4.140206103956398,0.016034000737483137,False,0.008614890397445273,False,0.904724588245007,5000,True,63.87789605651051
uav,495,plateau,High,0.097900899680984,True,A_no_greedy,5000,25,17011025,20,-4.2076719186023555,-3.4995583203168916,-4.1679017561488045,0.009451821155001363,False,0.002947754804310553,False,0.9438364655757984,5000,True,63.27606400009245
uav,495,plateau,High,0.097900899680984,True,A_no_greedy,5000,26,17011026,20,-4.2076719186023555,-3.4995583203168916,-4.06171070631807,0.03468930446762788,False,0.012926655002618566,False,0.793873168602189,5000,True,62.62367800809443
uav,495,plateau,High,0.097900899680984,True,A_no_greedy,5000,27,17011027,20,-4.2076719186023555,-3.4995583203168916,-4.169611288310511,0.009045531835211784,False,0.006573537708400034,False,0.9462506716662419,5000,True,64.09050401998684
uav,495,plateau,High,0.097900899680984,True,A_no_greedy,5000,28,17011028,20,-4.2076719186023555,-3.4995583203168916,-4.140352364918849,0.015999240194056706,False,0.0030634335196711845,False,0.9049311383844266,5000,True,63.22410004213452
uav,495,plateau,High,0.097900899680984,True,A_no_greedy,5000,29,17011029,20,-4.2076719186023555,-3.4995583203168916,-4.087603458278935,0.02853560416452401,False,0.010087088251308477,False,0.8304389851937054,5000,True,62.84474197309464
uav,495,plateau,High,0.097900899680984,True,B_no_bridge,5000,0,17012000,20,-4.2076719186023555,-3.4995583203168916,-3.5393156282032914,0.15884230123651588,False,0.013330239788834287,False,0.0561453811685908,5000,True,65.89982903096825
uav,495,plateau,High,0.097900899680984,True,B_no_bridge,5000,1,17012001,20,-4.2076719186023555,-3.4995583203168916,-3.5240619416427545,0.1624675093933352,False,0.012223267568125343,False,0.03460408243139642,5000,True,68.63304501166567
uav,495,plateau,High,0.097900899680984,True,B_no_bridge,5000,2,17012002,20,-4.2076719186023555,-3.4995583203168916,-3.5089144659077087,0.16606747536693642,False,0.011955658587588493,False,0.013212774918418288,5000,True,67.17463699169457
uav,495,plateau,High,0.097900899680984,True,B_no_bridge,5000,3,17012003,20,-4.2076719186023555,-3.4995583203168916,-3.5101176945477466,0.16578151470666766,False,0.008110671275764564,False,0.014911977762356326,5000,True,67.38489103736356
uav,495,plateau,High,0.097900899680984,True,B_no_bridge,5000,4,17012004,20,-4.2076719186023555,-3.4995583203168916,-3.60806085950402,0.14250423291022787,False,0.02401843847040363,False,0.15322758869458603,5000,True,67.04654695931822
uav,495,plateau,High,0.097900899680984,True,B_no_bridge,5000,5,17012005,20,-4.2076719186023555,-3.4995583203168916,-3.5116146707006677,0.16542574168493968,False,0.01273300220778132,False,0.017026011663902194,5000,True,68.37748899124563
uav,495,plateau,High,0.097900899680984,True,B_no_bridge,5000,6,17012006,20,-4.2076719186023555,-3.4995583203168916,-3.5384798901812724,0.1590409236667306,False,0.015930691318739438,False,0.05496514960116641,5000,True,66.42150698462501
uav,495,plateau,High,0.097900899680984,True,B_no_bridge,5000,7,17012007,20,-4.2076719186023555,-3.4995583203168916,-4.163733427148512,0.010442470873166014,False,0.0009704569498625598,False,0.9379499397268591,5000,True,67.48219300061464
uav,495,plateau,High,0.097900899680984,True,B_no_bridge,5000,8,17012008,20,-4.2076719186023555,-3.4995583203168916,-3.8031163848618803,0.09614711925421568,False,0.004404406373538446,False,0.42868554604795833,5000,True,67.32975604245439
uav,495,plateau,High,0.097900899680984,True,B_no_bridge,5000,9,17012009,20,-4.2076719186023555,-3.4995583203168916,-3.5406352760888153,0.15852867224854994,False,0.014505460143716039,False,0.05800899159595612,5000,True,67.59671698091552
uav,495,plateau,High,0.097900899680984,True,B_no_bridge,5000,10,17012010,20,-4.2076719186023555,-3.4995583203168916,-3.5031799485858417,0.16743034714800717,False,0.012220987322542343,False,0.005114473550174749,5000,True,66.21205899864435
uav,495,plateau,High,0.097900899680984,True,B_no_bridge,5000,11,17012011,20,-4.2076719186023555,-3.4995583203168916,-3.5043486277327713,0.1671525975587954,False,0.01311807674468786,False,0.006764885503510106,5000,True,66.04291399708018
uav,495,plateau,High,0.097900899680984,True,B_no_bridge,5000,12,17012012,20,-4.2076719186023555,-3.4995583203168916,-3.5440626820022954,0.15771411113737413,False,0.011497329229880386,False,0.0628491837936186,5000,True,65.97118999343365
uav,495,plateau,High,0.097900899680984,True,B_no_bridge,5000,13,17012013,20,-4.2076719186023555,-3.4995583203168916,-3.499558320316596,0.16829106736082472,False,0.00530461889614904,True,-4.1767791845300753e-13,5000,True,67.29718495626003
uav,495,plateau,High,0.097900899680984,True,B_no_bridge,5000,14,17012014,20,-4.2076719186023555,-3.4995583203168916,-3.5602506230835993,0.1538668670093954,False,0.010175244021024626,False,0.08570983937275077,5000,True,66.4893559878692
uav,495,plateau,High,0.097900899680984,True,B_no_bridge,5000,15,17012015,20,-4.2076719186023555,-3.4995583203168916,-3.623548664458019,0.13882338391496132,False,0.03279754058083096,False,0.17509951008050353,5000,True,64.77497902233154
uav,495,plateau,High,0.097900899680984,True,B_no_bridge,5000,16,17012016,20,-4.2076719186023555,-3.4995583203168916,-3.7499997198571666,0.10877088508773561,False,0.0038929721232844406,False,0.3536740434679717,5000,True,65.5738819623366
uav,495,plateau,High,0.097900899680984,True,B_no_bridge,5000,17,17012017,20,-4.2076719186023555,-3.4995583203168916,-3.5799410944596137,0.14918720762602908,False,0.020447577892382895,False,0.11351677801040783,5000,True,65.63244498101994
uav,495,plateau,High,0.097900899680984,True,B_no_bridge,5000,18,17012018,20,-4.2076719186023555,-3.4995583203168916,-3.499558320316596,0.16829106736082472,False,0.00530461889614904,True,-4.1767791845300753e-13,5000,True,65.29803498415276
uav,495,plateau,High,0.097900899680984,True,B_no_bridge,5000,19,17012019,20,-4.2076719186023555,-3.4995583203168916,-3.51259501501834,0.16519275196125466,False,0.013871741842222776,False,0.018410456645676355,5000,True,64.83012397075072
uav,495,plateau,High,0.097900899680984,True,B_no_bridge,5000,20,17012020,20,-4.2076719186023555,-3.4995583203168916,-3.8944292236886424,0.07444560815895587,False,0.004270522037304876,False,0.5576377919133892,5000,True,65.30387699604034
uav,495,plateau,High,0.097900899680984,True,B_no_bridge,5000,21,17012021,20,-4.2076719186023555,-3.4995583203168916,-3.5075278360186273,0.16639702337255707,False,0.015762552905006853,False,0.011254572318667546,5000,True,65.94883202342317
uav,495,plateau,High,0.097900899680984,True,B_no_bridge,5000,22,17012022,20,-4.2076719186023555,-3.4995583203168916,-3.9109601349673087,0.07051685335143817,False,0.023836625368210747,False,0.5809827909625419,5000,True,65.42976701166481
uav,495,plateau,High,0.097900899680984,True,B_no_bridge,5000,23,17012023,20,-4.2076719186023555,-3.4995583203168916,-3.607823413831072,0.14256066451362795,False,0.009800838210608129,False,0.15289226725248542,5000,True,66.65677600540221
uav,495,plateau,High,0.097900899680984,True,B_no_bridge,5000,24,17012024,20,-4.2076719186023555,-3.4995583203168916,-3.708792282373719,0.11856429062899639,False,0.006013332835884007,False,0.2954807852347982,5000,True,65.63598802313209
uav,495,plateau,High,0.097900899680984,True,B_no_bridge,5000,25,17012025,20,-4.2076719186023555,-3.4995583203168916,-3.807328074667913,0.09514616435860883,False,0.0052686579202469806,False,0.4346333061477928,5000,True,66.80444703670219
uav,495,plateau,High,0.097900899680984,True,B_no_bridge,5000,26,17012026,20,-4.2076719186023555,-3.4995583203168916,-3.514962202181656,0.16463016362045496,False,0.0120397425976604,False,0.021753404965052753,5000,True,66.58321199938655
uav,495,plateau,High,0.097900899680984,True,B_no_bridge,5000,27,17012027,20,-4.2076719186023555,-3.4995583203168916,-3.7941243009669896,0.09828418793942761,False,0.0068577003479814635,False,0.41598690007270384,5000,True,66.16663100430742
uav,495,plateau,High,0.097900899680984,True,B_no_bridge,5000,28,17012028,20,-4.2076719186023555,-3.4995583203168916,-3.5132947097055984,0.16502646174167623,False,0.01428442157132358,False,0.019398567436024885,5000,True,66.4559580036439
uav,495,plateau,High,0.097900899680984,True,B_no_bridge,5000,29,17012029,20,-4.2076719186023555,-3.4995583203168916,-3.540729951142937,0.15850617166961858,False,0.013327485032126305,False,0.058142691971645816,5000,True,66.31016795290634
uav,495,plateau,High,0.097900899680984,True,C_fitness_group,5000,0,17013000,20,-4.2076719186023555,-3.4995583203168916,-4.197457874275958,0.002427481163928275,False,0.0005733054833186575,False,0.9855756980926109,5000,True,77.8593779541552
uav,495,plateau,High,0.097900899680984,True,C_fitness_group,5000,1,17013001,20,-4.2076719186023555,-3.4995583203168916,-3.5691028911712035,0.1517630271048468,False,0.007780355469797421,False,0.09821103707469853,5000,True,79.50281701050699
uav,495,plateau,High,0.097900899680984,True,C_fitness_group,5000,2,17013002,20,-4.2076719186023555,-3.4995583203168916,-4.056933203261512,0.0358247311712728,False,0.003948848691510988,False,0.7871263654506528,5000,True,79.97171103488654
uav,495,plateau,High,0.097900899680984,True,C_fitness_group,5000,3,17013003,20,-4.2076719186023555,-3.4995583203168916,-3.499558320316596,0.16829106736082472,False,0.00530461889614904,True,-4.1767791845300753e-13,5000,True,79.60203103721142
uav,495,plateau,High,0.097900899680984,True,C_fitness_group,5000,4,17013004,20,-4.2076719186023555,-3.4995583203168916,-3.8537388228447287,0.08411613419593589,False,0.025023256117182646,False,0.5001746942657289,5000,True,80.63194202259183
uav,495,plateau,High,0.097900899680984,True,C_fitness_group,5000,5,17013005,20,-4.2076719186023555,-3.4995583203168916,-3.870969294698428,0.08002112104210077,False,0.00046175424693738296,False,0.5245076147115711,5000,True,80.6450149975717
uav,495,plateau,High,0.097900899680984,True,C_fitness_group,5000,6,17013006,20,-4.2076719186023555,-3.4995583203168916,-3.499558320316596,0.16829106736082472,False,0.00530461889614904,True,-4.1767791845300753e-13,5000,True,79.26487602526322
uav,495,plateau,High,0.097900899680984,True,C_fitness_group,5000,7,17013007,20,-4.2076719186023555,-3.4995583203168916,-3.499558320316596,0.16829106736082472,False,0.00530461889614904,True,-4.1767791845300753e-13,5000,True,81.0218449914828
uav,495,plateau,High,0.097900899680984,True,C_fitness_group,5000,8,17013008,20,-4.2076719186023555,-3.4995583203168916,-3.499558320316596,0.16829106736082472,False,0.00530461889614904,True,-4.1767791845300753e-13,5000,True,80.4565169964917
uav,495,plateau,High,0.097900899680984,True,C_fitness_group,5000,9,17013009,20,-4.2076719186023555,-3.4995583203168916,-3.6001802330144024,0.14437715138915608,False,0.0166732111068624,False,0.14209854596938096,5000,True,80.06340003339574
uav,495,plateau,High,0.097900899680984,True,C_fitness_group,5000,10,17013010,20,-4.2076719186023555,-3.4995583203168916,-3.509534306685838,0.16592016331644385,False,0.0371356994633201,False,0.01408811579540479,5000,True,79.43877496290952
uav,495,plateau,High,0.097900899680984,True,C_fitness_group,5000,11,17013011,20,-4.2076719186023555,-3.4995583203168916,-4.038041720213067,0.04031450209778572,False,0.0014391051670171223,False,0.760447760359341,5000,True,80.10529796592891
uav,495,plateau,High,0.097900899680984,True,C_fitness_group,5000,12,17013012,20,-4.2076719186023555,-3.4995583203168916,-3.499558320316596,0.16829106736082472,False,0.00530461889614904,True,-4.1767791845300753e-13,5000,True,80.0024100462906
uav,495,plateau,High,0.097900899680984,True,C_fitness_group,5000,13,17013013,20,-4.2076719186023555,-3.4995583203168916,-3.499558320316596,0.16829106736082472,False,0.00530461889614904,True,-4.1767791845300753e-13,5000,True,80.30419598799199
uav,495,plateau,High,0.097900899680984,True,C_fitness_group,5000,14,17013014,20,-4.2076719186023555,-3.4995583203168916,-3.499558320316596,0.16829106736082472,False,0.00530461889614904,True,-4.1767791845300753e-13,5000,True,79.71170300152153
uav,495,plateau,High,0.097900899680984,True,C_fitness_group,5000,15,17013015,20,-4.2076719186023555,-3.4995583203168916,-4.13639745189903,0.01693916923232944,False,0.002282045189006737,False,0.8993459991788033,5000,True,78.3839849755168
uav,495,plateau,High,0.097900899680984,True,C_fitness_group,5000,16,17013016,20,-4.2076719186023555,-3.4995583203168916,-3.499558320316596,0.16829106736082472,False,0.00530461889614904,True,-4.1767791845300753e-13,5000,True,78.50067998515442
uav,495,plateau,High,0.097900899680984,True,C_fitness_group,5000,17,17013017,20,-4.2076719186023555,-3.4995583203168916,-3.941148553103937,0.06334224023505816,False,0.017266534645768956,False,0.6236149593176232,5000,True,79.22048302134499
uav,495,plateau,High,0.097900899680984,True,C_fitness_group,5000,18,17013018,20,-4.2076719186023555,-3.4995583203168916,-4.1593426106291025,0.011485997223211811,False,0.0022160805713587624,False,0.9317492163824118,5000,True,77.18468701932579
uav,495,plateau,High,0.097900899680984,True,C_fitness_group,5000,19,17013019,20,-4.2076719186023555,-3.4995583203168916,-3.499558320316596,0.16829106736082472,False,0.00530461889614904,True,-4.1767791845300753e-13,5000,True,79.11343401065096
uav,495,plateau,High,0.097900899680984,True,C_fitness_group,5000,20,17013020,20,-4.2076719186023555,-3.4995583203168916,-3.797293291033797,0.09753104222652234,False,0.0035505390294132953,False,0.42046215669039944,5000,True,79.93127300869673
uav,495,plateau,High,0.097900899680984,True,C_fitness_group,5000,21,17013021,20,-4.2076719186023555,-3.4995583203168916,-3.499558320316596,0.16829106736082472,False,0.00530461889614904,True,-4.1767791845300753e-13,5000,True,78.45695101423189
uav,495,plateau,High,0.097900899680984,True,C_fitness_group,5000,22,17013022,20,-4.2076719186023555,-3.4995583203168916,-4.1743537253371,0.007918438963350288,False,0.001356868930192755,False,0.9529479544723781,5000,True,78.43621703796089
uav,495,plateau,High,0.097900899680984,True,C_fitness_group,5000,23,17013023,20,-4.2076719186023555,-3.4995583203168916,-3.499558320316596,0.16829106736082472,False,0.00530461889614904,True,-4.1767791845300753e-13,5000,True,78.56379303848371
uav,495,plateau,High,0.097900899680984,True,C_fitness_group,5000,24,17013024,20,-4.2076719186023555,-3.4995583203168916,-3.499558320316596,0.16829106736082472,False,0.00530461889614904,True,-4.1767791845300753e-13,5000,True,78.21683498332277
uav,495,plateau,High,0.097900899680984,True,C_fitness_group,5000,25,17013025,20,-4.2076719186023555,-3.4995583203168916,-3.7412224411498736,0.11085690293254148,False,0.01125620106217292,False,0.3412787459782113,5000,True,78.09064298635349
uav,495,plateau,High,0.097900899680984,True,C_fitness_group,5000,26,17013026,20,-4.2076719186023555,-3.4995583203168916,-3.499558320316596,0.16829106736082472,False,0.00530461889614904,True,-4.1767791845300753e-13,5000,True,78.6482939729467
uav,495,plateau,High,0.097900899680984,True,C_fitness_group,5000,27,17013027,20,-4.2076719186023555,-3.4995583203168916,-4.153769500493544,0.01281050879240509,False,0.004851617420254373,False,0.9238788546931962,5000,True,76.9458839786239
uav,495,plateau,High,0.097900899680984,True,C_fitness_group,5000,28,17013028,20,-4.2076719186023555,-3.4995583203168916,-3.917001314643117,0.0690810998533815,False,0.009240343082707471,False,0.5895141617629834,5000,True,77.37985998392105
uav,495,plateau,High,0.097900899680984,True,C_fitness_group,5000,29,17013029,20,-4.2076719186023555,-3.4995583203168916,-3.688813255244157,0.12331252849450902,False,0.0020722104078740515,False,0.2672663473565587,5000,True,77.96731102280319
uav,495,plateau,High,0.097900899680984,True,D_no_warm_slot,5000,0,17014000,20,-4.2076719186023555,-3.4995583203168916,-4.159519501710104,0.01144395709165603,False,0.001995662161215548,False,0.9319990224607443,5000,True,62.65350402100012
uav,495,plateau,High,0.097900899680984,True,D_no_warm_slot,5000,1,17014001,20,-4.2076719186023555,-3.4995583203168916,-3.9048795680184916,0.0719619676727175,False,0.00885280657408445,False,0.5723957973452187,5000,True,61.899811029434204
uav,495,plateau,High,0.097900899680984,True,D_no_warm_slot,5000,2,17014002,20,-4.2076719186023555,-3.4995583203168916,-3.435212093584004,0.18358366335627616,False,0.013217779017744914,False,-0.09086992099669793,5000,True,61.44714599940926
uav,495,plateau,High,0.097900899680984,True,D_no_warm_slot,5000,3,17014003,20,-4.2076719186023555,-3.4995583203168916,-4.110303552862982,0.023140674373613185,False,0.003522474759369633,False,0.862496122126268,5000,True,62.60319199645892
uav,495,plateau,High,0.097900899680984,True,D_no_warm_slot,5000,4,17014004,20,-4.2076719186023555,-3.4995583203168916,-4.1998530724115595,0.0018582357042212392,False,0.0008795621000966197,False,0.9889582035852333,5000,True,62.09062697598711
uav,495,plateau,High,0.097900899680984,True,D_no_warm_slot,5000,5,17014005,20,-4.2076719186023555,-3.4995583203168916,-3.8735399005952122,0.07941018797828002,False,0.0075410390996532226,False,0.5281378315341381,5000,True,61.24598695896566
uav,495,plateau,High,0.097900899680984,True,D_no_warm_slot,5000,6,17014006,20,-4.2076719186023555,-3.4995583203168916,-4.207367536710394,7.233973984896013e-05,True,7.372084569818743e-05,False,0.999570151042575,5000,True,60.92189205810428
uav,495,plateau,High,0.097900899680984,True,D_no_warm_slot,5000,7,17014007,20,-4.2076719186023555,-3.4995583203168916,-3.6428291958312555,0.13424115132976464,False,0.013600060325067734,False,0.2023275303020049,5000,True,61.19930499698967
uav,495,plateau,High,0.097900899680984,True,D_no_warm_slot,5000,8,17014008,20,-4.2076719186023555,-3.4995583203168916,-2.9050341392400623,0.30958634716819483,False,0.03393124381695547,False,-0.8395887079648443,5000,True,62.255710014142096
uav,495,plateau,High,0.097900899680984,True,D_no_warm_slot,5000,9,17014009,20,-4.2076719186023555,-3.4995583203168916,-2.831014305729541,0.32717798333718306,False,0.03416868276115662,False,-0.9441197234540871,5000,True,62.65459198039025
uav,495,plateau,High,0.097900899680984,True,D_no_warm_slot,5000,10,17014010,20,-4.2076719186023555,-3.4995583203168916,-4.173985806338173,0.008005879002888527,False,0.0013649326709608638,False,0.952428378235151,5000,True,64.89854998653755
uav,495,plateau,High,0.097900899680984,True,D_no_warm_slot,5000,11,17014011,20,-4.2076719186023555,-3.4995583203168916,-4.2019016551913655,0.0013713672364709095,False,0.0006391984410821643,False,0.9918512179049218,5000,True,62.517603975720704
uav,495,plateau,High,0.097900899680984,True,D_no_warm_slot,5000,12,17014012,20,-4.2076719186023555,-3.4995583203168916,-4.1530687523296415,0.012977049382417463,False,0.0019119797603112851,False,0.9228892561801904,5000,True,61.70274701435119
uav,495,plateau,High,0.097900899680984,True,D_no_warm_slot,5000,13,17014013,20,-4.2076719186023555,-3.4995583203168916,-4.060204959176462,0.0350471620123074,False,0.005325521942304305,False,0.7917467482859377,5000,True,61.09986500814557
uav,495,plateau,High,0.097900899680984,True,D_no_warm_slot,5000,14,17014014,20,-4.2076719186023555,-3.4995583203168916,-3.5711977372287875,0.15126516365491322,False,0.013320369665727983,False,0.1011693845243962,5000,True,60.67206000443548
uav,495,plateau,High,0.097900899680984,True,D_no_warm_slot,5000,15,17014015,20,-4.2076719186023555,-3.4995583203168916,-2.4554303382232265,0.41643968785502733,False,0.04300116316715615,False,-1.4745204507042142,5000,True,61.47120503010228
uav,495,plateau,High,0.097900899680984,True,D_no_warm_slot,5000,16,17014016,20,-4.2076719186023555,-3.4995583203168916,-3.8905024794462606,0.07537884257417286,False,0.005876025459191604,False,0.5520924327338882,5000,True,62.33769399113953
uav,495,plateau,High,0.097900899680984,True,D_no_warm_slot,5000,17,17014017,20,-4.2076719186023555,-3.4995583203168916,-4.203680389604352,0.0009486312324772581,False,0.000267957223278983,False,0.9943631516077812,5000,True,62.130940961651504
uav,495,plateau,High,0.097900899680984,True,D_no_warm_slot,5000,18,17014018,20,-4.2076719186023555,-3.4995583203168916,-3.8857348051560874,0.07651193336223908,False,0.007601991350405829,False,0.5453595097936749,5000,True,61.55809899792075
uav,495,plateau,High,0.097900899680984,True,D_no_warm_slot,5000,19,17014019,20,-4.2076719186023555,-3.4995583203168916,-1.9254701905460478,0.5423906074916546,False,0.05443749439486325,False,-2.2229316504896115,5000,True,62.38972902065143
uav,495,plateau,High,0.097900899680984,True,D_no_warm_slot,5000,20,17014020,20,-4.2076719186023555,-3.4995583203168916,-4.1683461965862225,0.009346194945064917,False,0.0013478531136038355,False,0.9444641056020514,5000,True,62.561752973124385
uav,495,plateau,High,0.097900899680984,True,D_no_warm_slot,5000,21,17014021,20,-4.2076719186023555,-3.4995583203168916,-3.3807967703374358,0.19651606975564276,False,0.019019647115379675,False,-0.16771539237067326,5000,True,62.37447296734899
uav,495,plateau,High,0.097900899680984,True,D_no_warm_slot,5000,22,17014022,20,-4.2076719186023555,-3.4995583203168916,-4.118822241468715,0.02111611334068871,False,0.003260950427567497,False,0.8745262379528231,5000,True,61.87038304051384
uav,495,plateau,High,0.097900899680984,True,D_no_warm_slot,5000,23,17014023,20,-4.2076719186023555,-3.4995583203168916,-4.207378995440382,6.961644530279578e-05,True,0.00016089464814460455,False,0.9995863330930479,5000,True,61.86070101102814
uav,495,plateau,High,0.097900899680984,True,D_no_warm_slot,5000,24,17014024,20,-4.2076719186023555,-3.4995583203168916,-4.205164235980525,0.0005959786481317726,False,0.00022816306824188304,False,0.9964586436019554,5000,True,62.36540502868593
uav,495,plateau,High,0.097900899680984,True,D_no_warm_slot,5000,25,17014025,20,-4.2076719186023555,-3.4995583203168916,-4.2022814664518675,0.0012811008687860029,False,0.0005841032159080926,False,0.9923875884271398,5000,True,61.393284995574504
uav,495,plateau,High,0.097900899680984,True,D_no_warm_slot,5000,26,17014026,20,-4.2076719186023555,-3.4995583203168916,-4.15630683780643,0.012207482377330143,False,0.00220080315311674,False,0.9274620895287224,5000,True,62.295905023347586
uav,495,plateau,High,0.097900899680984,True,D_no_warm_slot,5000,27,17014027,20,-4.2076719186023555,-3.4995583203168916,-4.149163308528277,0.013905221511070832,False,0.0026583202658193063,False,0.9173739775429487,5000,True,62.13305098935962
uav,495,plateau,High,0.097900899680984,True,D_no_warm_slot,5000,28,17014028,20,-4.2076719186023555,-3.4995583203168916,-4.204587209233607,0.0007331154682261173,False,0.0004613117054902205,False,0.9956437648193497,5000,True,62.120152986608446
uav,495,plateau,High,0.097900899680984,True,D_no_warm_slot,5000,29,17014029,20,-4.2076719186023555,-3.4995583203168916,-3.174576261558817,0.24552666582110746,False,0.02538544970645443,False,-0.4589405704747726,5000,True,61.99885701062158
uav,497,plateau,High,0.0119944584145897,True,baseline,1000,0,18000000,20,-5.9516986372351735,-5.713892241702612,-5.9204338940603245,0.00525307900827667,False,0.007104357349044036,False,0.8685285855965633,1000,True,12.325766030699015
uav,497,plateau,High,0.0119944584145897,True,baseline,1000,1,18000001,20,-5.9516986372351735,-5.713892241702612,-5.931281288661973,0.0034305077957854087,False,0.006455552063903635,False,0.9141429795129079,1000,True,12.01063598273322
uav,497,plateau,High,0.0119944584145897,True,baseline,1000,2,18000002,20,-5.9516986372351735,-5.713892241702612,-5.9352629975401845,0.0027615040170488265,False,0.002260724517139053,False,0.9308864689774984,1000,True,12.120540020987391
uav,497,plateau,High,0.0119944584145897,True,baseline,1000,3,18000003,20,-5.9516986372351735,-5.713892241702612,-5.73869197659404,0.03578922146839156,False,0.0024007901085925207,False,0.10428539920421036,1000,True,12.034952000249177
uav,497,plateau,High,0.0119944584145897,True,baseline,1000,4,18000004,20,-5.9516986372351735,-5.713892241702612,-5.848455949795233,0.017346759930691173,False,0.012000997210883966,False,0.5658540334513249,1000,True,12.279927963390946
uav,497,plateau,High,0.0119944584145897,True,baseline,1000,5,18000005,20,-5.9516986372351735,-5.713892241702612,-5.862626661321712,0.014965807468175099,False,0.005911932075889342,False,0.6254433119261267,1000,True,12.335659994278103
uav,497,plateau,High,0.0119944584145897,True,baseline,1000,6,18000006,20,-5.9516986372351735,-5.713892241702612,-5.934135583699245,0.0029509312561711606,False,0.004424698976297859,False,0.926145579488741,1000,True,12.256748043000698
uav,497,plateau,High,0.0119944584145897,True,baseline,1000,7,18000007,20,-5.9516986372351735,-5.713892241702612,-5.8598027771074355,0.01544027440381754,False,0.007229755334086624,False,0.613568592543781,1000,True,12.06035102950409
uav,497,plateau,High,0.0119944584145897,True,baseline,1000,8,18000008,20,-5.9516986372351735,-5.713892241702612,-5.778190219892679,0.02915275586317272,False,0.01640346019786524,False,0.2703795162702537,1000,True,12.205485021695495
uav,497,plateau,High,0.0119944584145897,True,baseline,1000,9,18000009,20,-5.9516986372351735,-5.713892241702612,-5.7942312527130735,0.026457553401132976,False,0.005552045474434697,False,0.3378336853832052,1000,True,12.084606976713985
uav,497,plateau,High,0.0119944584145897,True,baseline,1000,10,18000010,20,-5.9516986372351735,-5.713892241702612,-5.931766405102709,0.0033489988904619006,False,0.004122588768308881,False,0.9161829433231748,1000,True,11.805322952568531
uav,497,plateau,High,0.0119944584145897,True,baseline,1000,11,18000011,20,-5.9516986372351735,-5.713892241702612,-5.946896908007235,0.0008067829909762878,False,0.0020147713279499452,False,0.9798082418381359,1000,True,12.038054992444813
uav,497,plateau,High,0.0119944584145897,True,baseline,1000,12,18000012,20,-5.9516986372351735,-5.713892241702612,-5.923336775221966,0.004765339064005955,False,0.003382678982645734,False,0.8807354951506156,1000,True,12.265004974324256
uav,497,plateau,High,0.0119944584145897,True,baseline,1000,13,18000013,20,-5.9516986372351735,-5.713892241702612,-5.940927260793957,0.0018097986974387268,False,0.0019293881139409122,False,0.9547052701543461,1000,True,12.57088198326528
uav,497,plateau,High,0.0119944584145897,True,baseline,1000,14,18000014,20,-5.9516986372351735,-5.713892241702612,-5.938524954966964,0.0022134323444724844,False,0.003965669335139282,False,0.9446033306265501,1000,True,12.385962007101625
uav,497,plateau,High,0.0119944584145897,True,baseline,1000,15,18000015,20,-5.9516986372351735,-5.713892241702612,-5.756894957399139,0.03273077010608349,False,0.007855475802782893,False,0.1808307787527034,1000,True,12.598579982295632
uav,497,plateau,High,0.0119944584145897,True,baseline,1000,16,18000016,20,-5.9516986372351735,-5.713892241702612,-5.881001453309862,0.011878488518053293,False,0.0031023306481233943,False,0.7027111749161039,1000,True,12.682089000009
uav,497,plateau,High,0.0119944584145897,True,baseline,1000,17,18000017,20,-5.9516986372351735,-5.713892241702612,-5.936913439670517,0.002484197951851338,False,0.0016454884937290022,False,0.937826745443305,1000,True,12.411051953677088
uav,497,plateau,High,0.0119944584145897,True,baseline,1000,18,18000018,20,-5.9516986372351735,-5.713892241702612,-5.901802322336512,0.008383541899534138,False,0.0017850978217568306,False,0.7901809377879859,1000,True,12.223669968079776
uav,497,plateau,High,0.0119944584145897,True,baseline,1000,19,18000019,20,-5.9516986372351735,-5.713892241702612,-5.908589499486455,0.007243165418191367,False,0.004256358445626335,False,0.8187217057296685,1000,True,12.312956969253719
uav,497,plateau,High,0.0119944584145897,True,baseline,1000,20,18000020,20,-5.9516986372351735,-5.713892241702612,-5.9354182539777325,0.002735417945321896,False,0.0007752089540301893,False,0.9315393380359621,1000,True,12.483280035667121
uav,497,plateau,High,0.0119944584145897,True,baseline,1000,21,18000021,20,-5.9516986372351735,-5.713892241702612,-5.884512421395618,0.011288578258855944,False,0.0024917915299390797,False,0.7174751516287284,1000,True,12.275543995201588
uav,497,plateau,High,0.0119944584145897,True,baseline,1000,22,18000022,20,-5.9516986372351735,-5.713892241702612,-5.928455013315984,0.0039053764876083837,False,0.00041855537325450834,False,0.9022582051793199,1000,True,12.566127988975495
uav,497,plateau,High,0.0119944584145897,True,baseline,1000,23,18000023,20,-5.9516986372351735,-5.713892241702612,-5.878463395232817,0.012304931157666498,False,0.003596132678372678,False,0.6920383834154339,1000,True,12.301610026042908
uav,497,plateau,High,0.0119944584145897,True,baseline,1000,24,18000024,20,-5.9516986372351735,-5.713892241702612,-5.935150313162669,0.002780437162757891,False,0.003402963037275037,False,0.9304126197470651,1000,True,12.761832040268928
uav,497,plateau,High,0.0119944584145897,True,baseline,1000,25,18000025,20,-5.9516986372351735,-5.713892241702612,-5.869333480593587,0.013838932658029946,False,0.0019176518884348138,False,0.6536461668445396,1000,True,12.40541401784867
uav,497,plateau,High,0.0119944584145897,True,baseline,1000,26,18000026,20,-5.9516986372351735,-5.713892241702612,-5.780029280980779,0.02884375818029363,False,0.00464109467848952,False,0.2781129545740543,1000,True,12.088210962247103
uav,497,plateau,High,0.0119944584145897,True,baseline,1000,27,18000027,20,-5.9516986372351735,-5.713892241702612,-5.871713333909267,0.013439071465329277,False,0.009085427972374698,False,0.6636536912862191,1000,True,12.432974996045232
uav,497,plateau,High,0.0119944584145897,True,baseline,1000,28,18000028,20,-5.9516986372351735,-5.713892241702612,-5.937670099857341,0.0023570644672878597,False,0.0031742447850334203,False,0.9410085782326583,1000,True,12.540744966827333
uav,497,plateau,High,0.0119944584145897,True,baseline,1000,29,18000029,20,-5.9516986372351735,-5.713892241702612,-5.936896583311515,0.0024870301448151047,False,0.0018545348304671728,False,0.9377558627449442,1000,True,12.140413047745824
uav,497,plateau,High,0.0119944584145897,True,A_no_greedy,1000,0,18001000,20,-5.9516986372351735,-5.713892241702612,-5.713892241702545,0.039956054569843004,False,0.003319478077179845,True,-2.8385090210059953e-13,1000,True,12.503519013989717
uav,497,plateau,High,0.0119944584145897,True,A_no_greedy,1000,1,18001001,20,-5.9516986372351735,-5.713892241702612,-5.713892241702545,0.039956054569843004,False,0.003319478077179845,True,-2.8385090210059953e-13,1000,True,12.789870030246675
uav,497,plateau,High,0.0119944584145897,True,A_no_greedy,1000,2,18001002,20,-5.9516986372351735,-5.713892241702612,-5.713892241702545,0.039956054569843004,False,0.003319478077179845,True,-2.8385090210059953e-13,1000,True,12.458617042284459
uav,497,plateau,High,0.0119944584145897,True,A_no_greedy,1000,3,18001003,20,-5.9516986372351735,-5.713892241702612,-5.713892241702545,0.039956054569843004,False,0.003319478077179845,True,-2.8385090210059953e-13,1000,True,12.504277983680367
uav,497,plateau,High,0.0119944584145897,True,A_no_greedy,1000,4,18001004,20,-5.9516986372351735,-5.713892241702612,-5.713892241702545,0.039956054569843004,False,0.003319478077179845,True,-2.8385090210059953e-13,1000,True,12.499711010605097
uav,497,plateau,High,0.0119944584145897,True,A_no_greedy,1000,5,18001005,20,-5.9516986372351735,-5.713892241702612,-5.713892241702545,0.039956054569843004,False,0.003319478077179845,True,-2.8385090210059953e-13,1000,True,12.30946701252833
uav,497,plateau,High,0.0119944584145897,True,A_no_greedy,1000,6,18001006,20,-5.9516986372351735,-5.713892241702612,-5.713892241702545,0.039956054569843004,False,0.003319478077179845,True,-2.8385090210059953e-13,1000,True,12.523583020083606
uav,497,plateau,High,0.0119944584145897,True,A_no_greedy,1000,7,18001007,20,-5.9516986372351735,-5.713892241702612,-5.713892241702545,0.039956054569843004,False,0.003319478077179845,True,-2.8385090210059953e-13,1000,True,12.564755976200104
uav,497,plateau,High,0.0119944584145897,True,A_no_greedy,1000,8,18001008,20,-5.9516986372351735,-5.713892241702612,-5.713892241702545,0.039956054569843004,False,0.003319478077179845,True,-2.8385090210059953e-13,1000,True,12.540262017864734
uav,497,plateau,High,0.0119944584145897,True,A_no_greedy,1000,9,18001009,20,-5.9516986372351735,-5.713892241702612,-5.713892241702545,0.039956054569843004,False,0.003319478077179845,True,-2.8385090210059953e-13,1000,True,12.495289032813162
uav,497,plateau,High,0.0119944584145897,True,A_no_greedy,1000,10,18001010,20,-5.9516986372351735,-5.713892241702612,-5.713892241702545,0.039956054569843004,False,0.003319478077179845,True,-2.8385090210059953e-13,1000,True,12.655589962378144
uav,497,plateau,High,0.0119944584145897,True,A_no_greedy,1000,11,18001011,20,-5.9516986372351735,-5.713892241702612,-5.713892241702545,0.039956054569843004,False,0.003319478077179845,True,-2.8385090210059953e-13,1000,True,12.387275986839086
uav,497,plateau,High,0.0119944584145897,True,A_no_greedy,1000,12,18001012,20,-5.9516986372351735,-5.713892241702612,-5.713892241702545,0.039956054569843004,False,0.003319478077179845,True,-2.8385090210059953e-13,1000,True,12.52808899153024
uav,497,plateau,High,0.0119944584145897,True,A_no_greedy,1000,13,18001013,20,-5.9516986372351735,-5.713892241702612,-5.713892241702545,0.039956054569843004,False,0.003319478077179845,True,-2.8385090210059953e-13,1000,True,12.127075984608382
uav,497,plateau,High,0.0119944584145897,True,A_no_greedy,1000,14,18001014,20,-5.9516986372351735,-5.713892241702612,-5.713892241702545,0.039956054569843004,False,0.003319478077179845,True,-2.8385090210059953e-13,1000,True,12.433792988304049
uav,497,plateau,High,0.0119944584145897,True,A_no_greedy,1000,15,18001015,20,-5.9516986372351735,-5.713892241702612,-5.713892241702545,0.039956054569843004,False,0.003319478077179845,True,-2.8385090210059953e-13,1000,True,12.36183603759855
uav,497,plateau,High,0.0119944584145897,True,A_no_greedy,1000,16,18001016,20,-5.9516986372351735,-5.713892241702612,-5.713892241702545,0.039956054569843004,False,0.003319478077179845,True,-2.8385090210059953e-13,1000,True,12.370412005111575
uav,497,plateau,High,0.0119944584145897,True,A_no_greedy,1000,17,18001017,20,-5.9516986372351735,-5.713892241702612,-5.713892241702545,0.039956054569843004,False,0.003319478077179845,True,-2.8385090210059953e-13,1000,True,12.66536203911528
uav,497,plateau,High,0.0119944584145897,True,A_no_greedy,1000,18,18001018,20,-5.9516986372351735,-5.713892241702612,-5.713892241702545,0.039956054569843004,False,0.003319478077179845,True,-2.8385090210059953e-13,1000,True,12.448624009266496
uav,497,plateau,High,0.0119944584145897,True,A_no_greedy,1000,19,18001019,20,-5.9516986372351735,-5.713892241702612,-5.713892241702545,0.039956054569843004,False,0.003319478077179845,True,-2.8385090210059953e-13,1000,True,12.310334015637636
uav,497,plateau,High,0.0119944584145897,True,A_no_greedy,1000,20,18001020,20,-5.9516986372351735,-5.713892241702612,-5.713892241702545,0.039956054569843004,False,0.003319478077179845,True,-2.8385090210059953e-13,1000,True,12.396459002047777
uav,497,plateau,High,0.0119944584145897,True,A_no_greedy,1000,21,18001021,20,-5.9516986372351735,-5.713892241702612,-5.713892241702545,0.039956054569843004,False,0.003319478077179845,True,-2.8385090210059953e-13,1000,True,12.405769026372582
uav,497,plateau,High,0.0119944584145897,True,A_no_greedy,1000,22,18001022,20,-5.9516986372351735,-5.713892241702612,-5.713892241702545,0.039956054569843004,False,0.003319478077179845,True,-2.8385090210059953e-13,1000,True,12.507400999311358
uav,497,plateau,High,0.0119944584145897,True,A_no_greedy,1000,23,18001023,20,-5.9516986372351735,-5.713892241702612,-5.713892241702545,0.039956054569843004,False,0.003319478077179845,True,-2.8385090210059953e-13,1000,True,12.202409969177097
uav,497,plateau,High,0.0119944584145897,True,A_no_greedy,1000,24,18001024,20,-5.9516986372351735,-5.713892241702612,-5.713892241702545,0.039956054569843004,False,0.003319478077179845,True,-2.8385090210059953e-13,1000,True,12.850702041760087
uav,497,plateau,High,0.0119944584145897,True,A_no_greedy,1000,25,18001025,20,-5.9516986372351735,-5.713892241702612,-5.713892241702545,0.039956054569843004,False,0.003319478077179845,True,-2.8385090210059953e-13,1000,True,12.79823703225702
uav,497,plateau,High,0.0119944584145897,True,A_no_greedy,1000,26,18001026,20,-5.9516986372351735,-5.713892241702612,-5.713892241702545,0.039956054569843004,False,0.003319478077179845,True,-2.8385090210059953e-13,1000,True,12.94579601380974
uav,497,plateau,High,0.0119944584145897,True,A_no_greedy,1000,27,18001027,20,-5.9516986372351735,-5.713892241702612,-5.713892241702545,0.039956054569843004,False,0.003319478077179845,True,-2.8385090210059953e-13,1000,True,12.979155988432467
uav,497,plateau,High,0.0119944584145897,True,A_no_greedy,1000,28,18001028,20,-5.9516986372351735,-5.713892241702612,-5.713892241702545,0.039956054569843004,False,0.003319478077179845,True,-2.8385090210059953e-13,1000,True,12.650846969336271
uav,497,plateau,High,0.0119944584145897,True,A_no_greedy,1000,29,18001029,20,-5.9516986372351735,-5.713892241702612,-5.713892241702545,0.039956054569843004,False,0.003319478077179845,True,-2.8385090210059953e-13,1000,True,12.47607998084277
uav,497,plateau,High,0.0119944584145897,True,B_no_bridge,1000,0,18002000,20,-5.9516986372351735,-5.713892241702612,-5.713892241702545,0.039956054569843004,False,0.003319478077179845,True,-2.8385090210059953e-13,1000,True,13.064762984868139
uav,497,plateau,High,0.0119944584145897,True,B_no_bridge,1000,1,18002001,20,-5.9516986372351735,-5.713892241702612,-5.713892241702545,0.039956054569843004,False,0.003319478077179845,True,-2.8385090210059953e-13,1000,True,13.163911004085094
uav,497,plateau,High,0.0119944584145897,True,B_no_bridge,1000,2,18002002,20,-5.9516986372351735,-5.713892241702612,-5.713892241702545,0.039956054569843004,False,0.003319478077179845,True,-2.8385090210059953e-13,1000,True,13.180436042603105
uav,497,plateau,High,0.0119944584145897,True,B_no_bridge,1000,3,18002003,20,-5.9516986372351735,-5.713892241702612,-5.713892241702545,0.039956054569843004,False,0.003319478077179845,True,-2.8385090210059953e-13,1000,True,13.130126986652613
uav,497,plateau,High,0.0119944584145897,True,B_no_bridge,1000,4,18002004,20,-5.9516986372351735,-5.713892241702612,-5.713892241702545,0.039956054569843004,False,0.003319478077179845,True,-2.8385090210059953e-13,1000,True,13.130421983078122
uav,497,plateau,High,0.0119944584145897,True,B_no_bridge,1000,5,18002005,20,-5.9516986372351735,-5.713892241702612,-5.713892241702545,0.039956054569843004,False,0.003319478077179845,True,-2.8385090210059953e-13,1000,True,13.211890996899456
uav,497,plateau,High,0.0119944584145897,True,B_no_bridge,1000,6,18002006,20,-5.9516986372351735,-5.713892241702612,-5.713892241702545,0.039956054569843004,False,0.003319478077179845,True,-2.8385090210059953e-13,1000,True,13.284119020681828
uav,497,plateau,High,0.0119944584145897,True,B_no_bridge,1000,7,18002007,20,-5.9516986372351735,-5.713892241702612,-5.713892241702545,0.039956054569843004,False,0.003319478077179845,True,-2.8385090210059953e-13,1000,True,13.54548503877595
uav,497,plateau,High,0.0119944584145897,True,B_no_bridge,1000,8,18002008,20,-5.9516986372351735,-5.713892241702612,-5.713892241702545,0.039956054569843004,False,0.003319478077179845,True,-2.8385090210059953e-13,1000,True,13.62852199235931
uav,497,plateau,High,0.0119944584145897,True,B_no_bridge,1000,9,18002009,20,-5.9516986372351735,-5.713892241702612,-5.713892241702545,0.039956054569843004,False,0.003319478077179845,True,-2.8385090210059953e-13,1000,True,13.58639303361997
uav,497,plateau,High,0.0119944584145897,True,B_no_bridge,1000,10,18002010,20,-5.9516986372351735,-5.713892241702612,-5.713892241702545,0.039956054569843004,False,0.003319478077179845,True,-2.8385090210059953e-13,1000,True,13.214131002314389
uav,497,plateau,High,0.0119944584145897,True,B_no_bridge,1000,11,18002011,20,-5.9516986372351735,-5.713892241702612,-5.713892241702545,0.039956054569843004,False,0.003319478077179845,True,-2.8385090210059953e-13,1000,True,13.41880502877757
uav,497,plateau,High,0.0119944584145897,True,B_no_bridge,1000,12,18002012,20,-5.9516986372351735,-5.713892241702612,-5.713892241702545,0.039956054569843004,False,0.003319478077179845,True,-2.8385090210059953e-13,1000,True,13.390024018008262
uav,497,plateau,High,0.0119944584145897,True,B_no_bridge,1000,13,18002013,20,-5.9516986372351735,-5.713892241702612,-5.713892241702545,0.039956054569843004,False,0.003319478077179845,True,-2.8385090210059953e-13,1000,True,13.309103029314429
uav,497,plateau,High,0.0119944584145897,True,B_no_bridge,1000,14,18002014,20,-5.9516986372351735,-5.713892241702612,-5.713892241702545,0.039956054569843004,False,0.003319478077179845,True,-2.8385090210059953e-13,1000,True,13.391849002800882
uav,497,plateau,High,0.0119944584145897,True,B_no_bridge,1000,15,18002015,20,-5.9516986372351735,-5.713892241702612,-5.713892241702545,0.039956054569843004,False,0.003319478077179845,True,-2.8385090210059953e-13,1000,True,13.329987996257842
uav,497,plateau,High,0.0119944584145897,True,B_no_bridge,1000,16,18002016,20,-5.9516986372351735,-5.713892241702612,-5.713892241702545,0.039956054569843004,False,0.003319478077179845,True,-2.8385090210059953e-13,1000,True,13.426385005004704
uav,497,plateau,High,0.0119944584145897,True,B_no_bridge,1000,17,18002017,20,-5.9516986372351735,-5.713892241702612,-5.713892241702545,0.039956054569843004,False,0.003319478077179845,True,-2.8385090210059953e-13,1000,True,13.12863896600902
uav,497,plateau,High,0.0119944584145897,True,B_no_bridge,1000,18,18002018,20,-5.9516986372351735,-5.713892241702612,-5.713892241702545,0.039956054569843004,False,0.003319478077179845,True,-2.8385090210059953e-13,1000,True,13.18177703069523
uav,497,plateau,High,0.0119944584145897,True,B_no_bridge,1000,19,18002019,20,-5.9516986372351735,-5.713892241702612,-5.713892241702545,0.039956054569843004,False,0.003319478077179845,True,-2.8385090210059953e-13,1000,True,13.171333994250745
uav,497,plateau,High,0.0119944584145897,True,B_no_bridge,1000,20,18002020,20,-5.9516986372351735,-5.713892241702612,-5.713892241702545,0.039956054569843004,False,0.003319478077179845,True,-2.8385090210059953e-13,1000,True,13.170060003176332
uav,497,plateau,High,0.0119944584145897,True,B_no_bridge,1000,21,18002021,20,-5.9516986372351735,-5.713892241702612,-5.713892241702545,0.039956054569843004,False,0.003319478077179845,True,-2.8385090210059953e-13,1000,True,13.379946001805365
uav,497,plateau,High,0.0119944584145897,True,B_no_bridge,1000,22,18002022,20,-5.9516986372351735,-5.713892241702612,-5.713892241702545,0.039956054569843004,False,0.003319478077179845,True,-2.8385090210059953e-13,1000,True,13.19147797767073
uav,497,plateau,High,0.0119944584145897,True,B_no_bridge,1000,23,18002023,20,-5.9516986372351735,-5.713892241702612,-5.713892241702545,0.039956054569843004,False,0.003319478077179845,True,-2.8385090210059953e-13,1000,True,13.264672947116196
uav,497,plateau,High,0.0119944584145897,True,B_no_bridge,1000,24,18002024,20,-5.9516986372351735,-5.713892241702612,-5.713892241702545,0.039956054569843004,False,0.003319478077179845,True,-2.8385090210059953e-13,1000,True,12.992447009310126
uav,497,plateau,High,0.0119944584145897,True,B_no_bridge,1000,25,18002025,20,-5.9516986372351735,-5.713892241702612,-5.713892241702545,0.039956054569843004,False,0.003319478077179845,True,-2.8385090210059953e-13,1000,True,13.200327986851335
uav,497,plateau,High,0.0119944584145897,True,B_no_bridge,1000,26,18002026,20,-5.9516986372351735,-5.713892241702612,-5.713892241702545,0.039956054569843004,False,0.003319478077179845,True,-2.8385090210059953e-13,1000,True,12.949587951879948
uav,497,plateau,High,0.0119944584145897,True,B_no_bridge,1000,27,18002027,20,-5.9516986372351735,-5.713892241702612,-5.713892241702545,0.039956054569843004,False,0.003319478077179845,True,-2.8385090210059953e-13,1000,True,13.055003015324473
uav,497,plateau,High,0.0119944584145897,True,B_no_bridge,1000,28,18002028,20,-5.9516986372351735,-5.713892241702612,-5.713892241702545,0.039956054569843004,False,0.003319478077179845,True,-2.8385090210059953e-13,1000,True,13.186741038225591
uav,497,plateau,High,0.0119944584145897,True,B_no_bridge,1000,29,18002029,20,-5.9516986372351735,-5.713892241702612,-5.713892241702545,0.039956054569843004,False,0.003319478077179845,True,-2.8385090210059953e-13,1000,True,13.338771997950971
uav,497,plateau,High,0.0119944584145897,True,C_fitness_group,1000,0,18003000,20,-5.9516986372351735,-5.713892241702612,-5.713892241702545,0.039956054569843004,False,0.003319478077179845,True,-2.8385090210059953e-13,1000,True,15.661299985367805
uav,497,plateau,High,0.0119944584145897,True,C_fitness_group,1000,1,18003001,20,-5.9516986372351735,-5.713892241702612,-5.713892241702545,0.039956054569843004,False,0.003319478077179845,True,-2.8385090210059953e-13,1000,True,15.767808945383877
uav,497,plateau,High,0.0119944584145897,True,C_fitness_group,1000,2,18003002,20,-5.9516986372351735,-5.713892241702612,-5.713892241702545,0.039956054569843004,False,0.003319478077179845,True,-2.8385090210059953e-13,1000,True,15.857137972489
uav,497,plateau,High,0.0119944584145897,True,C_fitness_group,1000,3,18003003,20,-5.9516986372351735,-5.713892241702612,-5.713892241702545,0.039956054569843004,False,0.003319478077179845,True,-2.8385090210059953e-13,1000,True,16.136515012476593
uav,497,plateau,High,0.0119944584145897,True,C_fitness_group,1000,4,18003004,20,-5.9516986372351735,-5.713892241702612,-5.713892241702545,0.039956054569843004,False,0.003319478077179845,True,-2.8385090210059953e-13,1000,True,15.879372018389404
uav,497,plateau,High,0.0119944584145897,True,C_fitness_group,1000,5,18003005,20,-5.9516986372351735,-5.713892241702612,-5.713892241702545,0.039956054569843004,False,0.003319478077179845,True,-2.8385090210059953e-13,1000,True,15.599478967487812
uav,497,plateau,High,0.0119944584145897,True,C_fitness_group,1000,6,18003006,20,-5.9516986372351735,-5.713892241702612,-5.713892241702545,0.039956054569843004,False,0.003319478077179845,True,-2.8385090210059953e-13,1000,True,15.547267976216972
uav,497,plateau,High,0.0119944584145897,True,C_fitness_group,1000,7,18003007,20,-5.9516986372351735,-5.713892241702612,-5.713892241702545,0.039956054569843004,False,0.003319478077179845,True,-2.8385090210059953e-13,1000,True,15.500170004088432
uav,497,plateau,High,0.0119944584145897,True,C_fitness_group,1000,8,18003008,20,-5.9516986372351735,-5.713892241702612,-5.713892241702545,0.039956054569843004,False,0.003319478077179845,True,-2.8385090210059953e-13,1000,True,15.593888994771987
uav,497,plateau,High,0.0119944584145897,True,C_fitness_group,1000,9,18003009,20,-5.9516986372351735,-5.713892241702612,-5.713892241702545,0.039956054569843004,False,0.003319478077179845,True,-2.8385090210059953e-13,1000,True,15.580378996673971
uav,497,plateau,High,0.0119944584145897,True,C_fitness_group,1000,10,18003010,20,-5.9516986372351735,-5.713892241702612,-5.713892241702545,0.039956054569843004,False,0.003319478077179845,True,-2.8385090210059953e-13,1000,True,15.605752007104456
uav,497,plateau,High,0.0119944584145897,True,C_fitness_group,1000,11,18003011,20,-5.9516986372351735,-5.713892241702612,-5.713892241702545,0.039956054569843004,False,0.003319478077179845,True,-2.8385090210059953e-13,1000,True,15.808994008693844
uav,497,plateau,High,0.0119944584145897,True,C_fitness_group,1000,12,18003012,20,-5.9516986372351735,-5.713892241702612,-5.713892241702545,0.039956054569843004,False,0.003319478077179845,True,-2.8385090210059953e-13,1000,True,15.951014996971935
uav,497,plateau,High,0.0119944584145897,True,C_fitness_group,1000,13,18003013,20,-5.9516986372351735,-5.713892241702612,-5.713892241702545,0.039956054569843004,False,0.003319478077179845,True,-2.8385090210059953e-13,1000,True,16.008679987862706
uav,497,plateau,High,0.0119944584145897,True,C_fitness_group,1000,14,18003014,20,-5.9516986372351735,-5.713892241702612,-5.713892241702545,0.039956054569843004,False,0.003319478077179845,True,-2.8385090210059953e-13,1000,True,15.815274964552373
uav,497,plateau,High,0.0119944584145897,True,C_fitness_group,1000,15,18003015,20,-5.9516986372351735,-5.713892241702612,-5.713892241702545,0.039956054569843004,False,0.003319478077179845,True,-2.8385090210059953e-13,1000,True,15.882077976129949
uav,497,plateau,High,0.0119944584145897,True,C_fitness_group,1000,16,18003016,20,-5.9516986372351735,-5.713892241702612,-5.713892241702545,0.039956054569843004,False,0.003319478077179845,True,-2.8385090210059953e-13,1000,True,15.706617035903037
uav,497,plateau,High,0.0119944584145897,True,C_fitness_group,1000,17,18003017,20,-5.9516986372351735,-5.713892241702612,-5.713892241702545,0.039956054569843004,False,0.003319478077179845,True,-2.8385090210059953e-13,1000,True,15.426009020302445
uav,497,plateau,High,0.0119944584145897,True,C_fitness_group,1000,18,18003018,20,-5.9516986372351735,-5.713892241702612,-5.713892241702545,0.039956054569843004,False,0.003319478077179845,True,-2.8385090210059953e-13,1000,True,15.76013199519366
uav,497,plateau,High,0.0119944584145897,True,C_fitness_group,1000,19,18003019,20,-5.9516986372351735,-5.713892241702612,-5.713892241702545,0.039956054569843004,False,0.003319478077179845,True,-2.8385090210059953e-13,1000,True,15.77149797230959
uav,497,plateau,High,0.0119944584145897,True,C_fitness_group,1000,20,18003020,20,-5.9516986372351735,-5.713892241702612,-5.713892241702545,0.039956054569843004,False,0.003319478077179845,True,-2.8385090210059953e-13,1000,True,15.801622997969389
uav,497,plateau,High,0.0119944584145897,True,C_fitness_group,1000,21,18003021,20,-5.9516986372351735,-5.713892241702612,-5.713892241702545,0.039956054569843004,False,0.003319478077179845,True,-2.8385090210059953e-13,1000,True,15.689703985117376
uav,497,plateau,High,0.0119944584145897,True,C_fitness_group,1000,22,18003022,20,-5.9516986372351735,-5.713892241702612,-5.713892241702545,0.039956054569843004,False,0.003319478077179845,True,-2.8385090210059953e-13,1000,True,15.632241033017635
uav,497,plateau,High,0.0119944584145897,True,C_fitness_group,1000,23,18003023,20,-5.9516986372351735,-5.713892241702612,-5.713892241702545,0.039956054569843004,False,0.003319478077179845,True,-2.8385090210059953e-13,1000,True,15.671675035264343
uav,497,plateau,High,0.0119944584145897,True,C_fitness_group,1000,24,18003024,20,-5.9516986372351735,-5.713892241702612,-5.713892241702545,0.039956054569843004,False,0.003319478077179845,True,-2.8385090210059953e-13,1000,True,15.311199997086078
uav,497,plateau,High,0.0119944584145897,True,C_fitness_group,1000,25,18003025,20,-5.9516986372351735,-5.713892241702612,-5.713892241702545,0.039956054569843004,False,0.003319478077179845,True,-2.8385090210059953e-13,1000,True,15.532388992141932
uav,497,plateau,High,0.0119944584145897,True,C_fitness_group,1000,26,18003026,20,-5.9516986372351735,-5.713892241702612,-5.713892241702545,0.039956054569843004,False,0.003319478077179845,True,-2.8385090210059953e-13,1000,True,15.553523960988969
uav,497,plateau,High,0.0119944584145897,True,C_fitness_group,1000,27,18003027,20,-5.9516986372351735,-5.713892241702612,-5.713892241702545,0.039956054569843004,False,0.003319478077179845,True,-2.8385090210059953e-13,1000,True,15.614678035490215
uav,497,plateau,High,0.0119944584145897,True,C_fitness_group,1000,28,18003028,20,-5.9516986372351735,-5.713892241702612,-5.713892241702545,0.039956054569843004,False,0.003319478077179845,True,-2.8385090210059953e-13,1000,True,15.622881008312106
uav,497,plateau,High,0.0119944584145897,True,C_fitness_group,1000,29,18003029,20,-5.9516986372351735,-5.713892241702612,-5.713892241702545,0.039956054569843004,False,0.003319478077179845,True,-2.8385090210059953e-13,1000,True,15.700775024015456
uav,497,plateau,High,0.0119944584145897,True,D_no_warm_slot,1000,0,18004000,20,-5.9516986372351735,-5.713892241702612,-2.613202283075515,0.5609316865059784,False,0.07959413092924364,False,-13.038715597548087,1000,True,12.352189980447292
uav,497,plateau,High,0.0119944584145897,True,D_no_warm_slot,1000,1,18004001,20,-5.9516986372351735,-5.713892241702612,-4.52445318039306,0.23980472531202152,False,0.046216644504822914,False,-5.001711828001236,1000,True,12.19134102575481
uav,497,plateau,High,0.0119944584145897,True,D_no_warm_slot,1000,2,18004002,20,-5.9516986372351735,-5.713892241702612,-3.2567429884537042,0.45280445349185133,False,0.07215371139780215,False,-10.332561694760921,1000,True,12.012410967145115
uav,497,plateau,High,0.0119944584145897,True,D_no_warm_slot,1000,3,18004003,20,-5.9516986372351735,-5.713892241702612,-4.279188258375317,0.2810139559816172,False,0.05648092394128997,False,-6.0330756879532705,1000,True,12.13668001582846
uav,497,plateau,High,0.0119944584145897,True,D_no_warm_slot,1000,4,18004004,20,-5.9516986372351735,-5.713892241702612,-5.864401317458966,0.014667631057469191,False,0.012886332849607642,False,0.6329059208827938,1000,True,11.838998994790018
uav,497,plateau,High,0.0119944584145897,True,D_no_warm_slot,1000,5,18004005,20,-5.9516986372351735,-5.713892241702612,-5.779940611181824,0.028858656414286882,False,0.0013463361842501484,False,0.2777400890808608,1000,True,12.22603302448988
uav,497,plateau,High,0.0119944584145897,True,D_no_warm_slot,1000,6,18004006,20,-5.9516986372351735,-5.713892241702612,-3.604287635441545,0.39441025913303035,False,0.056663240537051476,False,-8.871101223062826,1000,True,12.12293200660497
uav,497,plateau,High,0.0119944584145897,True,D_no_warm_slot,1000,7,18004007,20,-5.9516986372351735,-5.713892241702612,-3.2685636873396637,0.4508183484138814,False,0.07428133057028065,False,-10.282854457663754,1000,True,12.122435960918665
uav,497,plateau,High,0.0119944584145897,True,D_no_warm_slot,1000,8,18004008,20,-5.9516986372351735,-5.713892241702612,-5.8391826464486,0.01890485349554635,False,0.0095518697029305,False,0.5268588528302734,1000,True,12.378358980640769
uav,497,plateau,High,0.0119944584145897,True,D_no_warm_slot,1000,9,18004009,20,-5.9516986372351735,-5.713892241702612,-5.903414539482325,0.00811265836794424,False,0.008138774135347925,False,0.7969604743189633,1000,True,12.722540006507188
uav,497,plateau,High,0.0119944584145897,True,D_no_warm_slot,1000,10,18004010,20,-5.9516986372351735,-5.713892241702612,-4.7136728726671295,0.20801217266322503,False,0.042079894475711456,False,-4.20602384050907,1000,True,12.344755989033729
uav,497,plateau,High,0.0119944584145897,True,D_no_warm_slot,1000,11,18004011,20,-5.9516986372351735,-5.713892241702612,-3.3754368433354185,0.4328615998434595,False,0.06854525106142384,False,-9.833442002811921,1000,True,12.08189397584647
uav,497,plateau,High,0.0119944584145897,True,D_no_warm_slot,1000,12,18004012,20,-5.9516986372351735,-5.713892241702612,-5.839783518814885,0.0188038953652865,False,0.006128117819559078,False,0.5293855820418227,1000,True,12.070632015820593
uav,497,plateau,High,0.0119944584145897,True,D_no_warm_slot,1000,13,18004013,20,-5.9516986372351735,-5.713892241702612,-5.728408617456954,0.037517023859586336,False,0.006207267684018863,False,0.06104283159345982,1000,True,12.03533902298659
uav,497,plateau,High,0.0119944584145897,True,D_no_warm_slot,1000,14,18004014,20,-5.9516986372351735,-5.713892241702612,-3.9762524453308727,0.3319130070775866,False,0.0623514155445686,False,-7.306951490855995,1000,True,11.887917993590236
uav,497,plateau,High,0.0119944584145897,True,D_no_warm_slot,1000,15,18004015,20,-5.9516986372351735,-5.713892241702612,-3.4996299507767077,0.4119947658501674,False,0.07066608346369257,False,-9.311197396382552,1000,True,11.81224500760436
uav,497,plateau,High,0.0119944584145897,True,D_no_warm_slot,1000,16,18004016,20,-5.9516986372351735,-5.713892241702612,-5.349350725257113,0.10120605035504239,False,0.033157803964285054,False,-1.5329340307653099,1000,True,11.97820802917704
uav,497,plateau,High,0.0119944584145897,True,D_no_warm_slot,1000,17,18004017,20,-5.9516986372351735,-5.713892241702612,-5.563011606277369,0.06530690726275862,False,0.0162035083919874,False,-0.634468366956026,1000,True,12.1869359863922
uav,497,plateau,High,0.0119944584145897,True,D_no_warm_slot,1000,18,18004018,20,-5.9516986372351735,-5.713892241702612,-5.9137600711877125,0.006374409787839168,False,0.003057702798856744,False,0.8404644838819474,1000,True,12.29217299260199
uav,497,plateau,High,0.0119944584145897,True,D_no_warm_slot,1000,19,18004019,20,-5.9516986372351735,-5.713892241702612,-5.6784671888918465,0.045908145723966794,False,0.006379474323055691,False,-0.14896593815919912,1000,True,12.186666019260883
uav,497,plateau,High,0.0119944584145897,True,D_no_warm_slot,1000,20,18004020,20,-5.9516986372351735,-5.713892241702612,-5.889648656606909,0.010425591820134526,False,0.0068064233184976335,False,0.7390735413599558,1000,True,12.83863402204588
uav,497,plateau,High,0.0119944584145897,True,D_no_warm_slot,1000,21,18004021,20,-5.9516986372351735,-5.713892241702612,-5.606406275138835,0.05801576711833346,False,0.011623308096219382,False,-0.45198938541188094,1000,True,11.899797013029456
uav,497,plateau,High,0.0119944584145897,True,D_no_warm_slot,1000,22,18004022,20,-5.9516986372351735,-5.713892241702612,-5.368103605659256,0.09805520526943605,False,0.0164929459323986,False,-1.4540762676671148,1000,True,11.963841039687395
uav,497,plateau,High,0.0119944584145897,True,D_no_warm_slot,1000,23,18004023,20,-5.9516986372351735,-5.713892241702612,-5.422429988787583,0.08892732658477806,False,0.021587636553358297,False,-1.2256283194667965,1000,True,12.304166972171515
uav,497,plateau,High,0.0119944584145897,True,D_no_warm_slot,1000,24,18004024,20,-5.9516986372351735,-5.713892241702612,-5.912343861045468,0.006612360367760113,False,0.003488486447933889,False,0.834509176670494,1000,True,12.261935975402594
uav,497,plateau,High,0.0119944584145897,True,D_no_warm_slot,1000,25,18004025,20,-5.9516986372351735,-5.713892241702612,-4.9844591667358245,0.16251485995075088,False,0.011560215329891616,False,-3.067340023943599,1000,True,12.182614009361714
uav,497,plateau,High,0.0119944584145897,True,D_no_warm_slot,1000,26,18004026,20,-5.9516986372351735,-5.713892241702612,-5.274531589045505,0.11377710624546038,False,0.009786443358056347,False,-1.8475560830614746,1000,True,12.144687003456056
uav,497,plateau,High,0.0119944584145897,True,D_no_warm_slot,1000,27,18004027,20,-5.9516986372351735,-5.713892241702612,-5.81586202429717,0.022823167169147167,False,0.0076699336333204806,False,0.4287932726375961,1000,True,12.220908014569432
uav,497,plateau,High,0.0119944584145897,True,D_no_warm_slot,1000,28,18004028,20,-5.9516986372351735,-5.713892241702612,-5.762210399628687,0.031837673436790816,False,0.008298528276124453,False,0.2031827521621851,1000,True,12.30925798881799
uav,497,plateau,High,0.0119944584145897,True,D_no_warm_slot,1000,29,18004029,20,-5.9516986372351735,-5.713892241702612,-5.918150370092767,0.0056367550152020465,False,0.005915971564824368,False,0.858926135828786,1000,True,12.240668991580606
uav,497,plateau,High,0.0119944584145897,True,baseline,5000,0,18010000,20,-5.9516986372351735,-5.713892241702612,-5.94706073852664,0.0007792563083616846,False,0.0004834434518758594,False,0.9804971657799754,5000,True,61.37846800265834
uav,497,plateau,High,0.0119944584145897,True,baseline,5000,1,18010001,20,-5.9516986372351735,-5.713892241702612,-5.943581471805737,0.0013638401276996658,False,0.0018375299567425763,False,0.965866496520169,5000,True,62.213625002186745
uav,497,plateau,High,0.0119944584145897,True,baseline,5000,2,18010002,20,-5.9516986372351735,-5.713892241702612,-5.941887674291955,0.0016484307323356001,False,0.0007759735697579405,False,0.9587439062719614,5000,True,61.32599897682667
uav,497,plateau,High,0.0119944584145897,True,baseline,5000,3,18010003,20,-5.9516986372351735,-5.713892241702612,-5.951293105376681,6.813716271771998e-05,True,0.00019322868000295172,False,0.9982946974256771,5000,True,62.78948695398867
uav,497,plateau,High,0.0119944584145897,True,baseline,5000,4,18010004,20,-5.9516986372351735,-5.713892241702612,-5.932322389334358,0.003255582831360701,False,0.0021007584352475813,False,0.9185209133781995,5000,True,62.14660202385858
uav,497,plateau,High,0.0119944584145897,True,baseline,5000,5,18010005,20,-5.9516986372351735,-5.713892241702612,-5.949304304227905,0.00040229405976458004,False,0.0009867413583098446,False,0.9899315869873617,5000,True,62.39311397075653
uav,497,plateau,High,0.0119944584145897,True,baseline,5000,6,18010006,20,-5.9516986372351735,-5.713892241702612,-5.951460294631531,4.004614785964197e-05,True,0.0002823967790154984,False,0.9989977451905404,5000,True,62.69942398648709
uav,497,plateau,High,0.0119944584145897,True,baseline,5000,7,18010007,20,-5.9516986372351735,-5.713892241702612,-5.946192206943299,0.0009251863421687907,False,0.0015664544682588886,False,0.9768449024276951,5000,True,61.191376007627696
uav,497,plateau,High,0.0119944584145897,True,baseline,5000,8,18010008,20,-5.9516986372351735,-5.713892241702612,-5.949241418380821,0.0004128600932478689,False,0.0011165385929796403,False,0.9896671456255445,5000,True,62.014020048081875
uav,497,plateau,High,0.0119944584145897,True,baseline,5000,9,18010009,20,-5.9516986372351735,-5.713892241702612,-5.943602681016513,0.0013602765718026323,False,0.0007386709509594152,False,0.9659556834014915,5000,True,62.12846399284899
uav,497,plateau,High,0.0119944584145897,True,baseline,5000,10,18010010,20,-5.9516986372351735,-5.713892241702612,-5.948895025971254,0.0004710606895281232,False,0.0009721364125629424,False,0.9882105304290031,5000,True,62.18217802233994
uav,497,plateau,High,0.0119944584145897,True,baseline,5000,11,18010011,20,-5.9516986372351735,-5.713892241702612,-5.949907282574678,0.00030098208422187143,False,0.00038681308114879635,False,0.9924671720603484,5000,True,61.77781900623813
uav,497,plateau,High,0.0119944584145897,True,baseline,5000,12,18010012,20,-5.9516986372351735,-5.713892241702612,-5.946283812003149,0.0009097949278123235,False,0.00046764546469401004,False,0.9772301109905067,5000,True,61.79807899752632
uav,497,plateau,High,0.0119944584145897,True,baseline,5000,13,18010013,20,-5.9516986372351735,-5.713892241702612,-5.817428493359029,0.022559970196763705,False,0.006841642034380175,False,0.4353804338379962,5000,True,61.96754495613277
uav,497,plateau,High,0.0119944584145897,True,baseline,5000,14,18010014,20,-5.9516986372351735,-5.713892241702612,-5.949343233995801,0.00039575310897569424,False,0.0004398136451273235,False,0.9900952906077343,5000,True,61.89757201354951
uav,497,plateau,High,0.0119944584145897,True,baseline,5000,15,18010015,20,-5.9516986372351735,-5.713892241702612,-5.928668340212324,0.0038695334603749193,False,0.003414447222946169,False,0.9031552664036914,5000,True,62.36319802701473
uav,497,plateau,High,0.0119944584145897,True,baseline,5000,16,18010016,20,-5.9516986372351735,-5.713892241702612,-5.940492364441241,0.0018828696607425394,False,0.0008927064105145112,False,0.9528764869050865,5000,True,62.033653957769275
uav,497,plateau,High,0.0119944584145897,True,baseline,5000,17,18010017,20,-5.9516986372351735,-5.713892241702612,-5.951254808599057,7.457175894964052e-05,True,0.0004438296528292087,False,0.9981336555935644,5000,True,64.44637104868889
uav,497,plateau,High,0.0119944584145897,True,baseline,5000,18,18010018,20,-5.9516986372351735,-5.713892241702612,-5.903361540015572,0.008121563299121618,False,0.0040629976703723475,False,0.7967376061886324,5000,True,61.950933013577014
uav,497,plateau,High,0.0119944584145897,True,baseline,5000,19,18010019,20,-5.9516986372351735,-5.713892241702612,-5.9460794003033115,0.0009441400303279354,False,0.0018805821400593148,False,0.9763705390711725,5000,True,62.217264028731734
uav,497,plateau,High,0.0119944584145897,True,baseline,5000,20,18010020,20,-5.9516986372351735,-5.713892241702612,-5.942055110452328,0.001620298232594192,False,0.0009112813879098855,False,0.9594479922995806,5000,True,61.98404502356425
uav,497,plateau,High,0.0119944584145897,True,baseline,5000,21,18010021,20,-5.9516986372351735,-5.713892241702612,-5.945123228718072,0.001104795272389038,False,0.0013443813487737245,False,0.9723497406267134,5000,True,61.556111031677574
uav,497,plateau,High,0.0119944584145897,True,baseline,5000,22,18010022,20,-5.9516986372351735,-5.713892241702612,-5.930159652414087,0.003618964287999018,False,0.0032865611023366456,False,0.9094263853886246,5000,True,62.24590603960678
uav,497,plateau,High,0.0119944584145897,True,baseline,5000,23,18010023,20,-5.9516986372351735,-5.713892241702612,-5.950251199056501,0.00024319749148875828,False,0.0007965543167405341,False,0.9939133757297353,5000,True,61.10891798743978
uav,497,plateau,High,0.0119944584145897,True,baseline,5000,24,18010024,20,-5.9516986372351735,-5.713892241702612,-5.949723587745193,0.0003318463535140176,False,0.0007960665092236533,False,0.9916947166809464,5000,True,61.425105028320104
uav,497,plateau,High,0.0119944584145897,True,baseline,5000,25,18010025,20,-5.9516986372351735,-5.713892241702612,-5.939103523410106,0.002116221702871487,False,0.0019265966924900595,False,0.9470362695802975,5000,True,61.298875021748245
uav,497,plateau,High,0.0119944584145897,True,baseline,5000,26,18010026,20,-5.9516986372351735,-5.713892241702612,-5.946529258009705,0.0008685552714526797,False,0.001433812085890098,False,0.9782622363292979,5000,True,61.44303601467982
uav,497,plateau,High,0.0119944584145897,True,baseline,5000,27,18010027,20,-5.9516986372351735,-5.713892241702612,-5.93971689911391,0.0020131627710957634,False,0.002745680947295719,False,0.9496155765935964,5000,True,61.05904094874859
uav,497,plateau,High,0.0119944584145897,True,baseline,5000,28,18010028,20,-5.9516986372351735,-5.713892241702612,-5.948004398495518,0.0006207032588214441,False,0.0006346053407426343,False,0.9844653516093128,5000,True,61.88643298810348
uav,497,plateau,High,0.0119944584145897,True,baseline,5000,29,18010029,20,-5.9516986372351735,-5.713892241702612,-5.912079740401137,0.006656737722937031,False,0.0012715491340579334,False,0.8333985225867842,5000,True,61.65968801360577
uav,497,plateau,High,0.0119944584145897,True,A_no_greedy,5000,0,18011000,20,-5.9516986372351735,-5.713892241702612,-5.7684669697674185,0.03078644915275384,False,0.01090917842270428,False,0.2294922638333071,5000,True,62.80423403950408
uav,497,plateau,High,0.0119944584145897,True,A_no_greedy,5000,1,18011001,20,-5.9516986372351735,-5.713892241702612,-5.9126752500443525,0.0065566806334383014,False,0.004189838217876696,False,0.8359027010041966,5000,True,62.944428995251656
uav,497,plateau,High,0.0119944584145897,True,A_no_greedy,5000,2,18011002,20,-5.9516986372351735,-5.713892241702612,-5.920386179924558,0.005261095902053576,False,0.0041358062040804154,False,0.8683279428188112,5000,True,62.791373988147825
uav,497,plateau,High,0.0119944584145897,True,A_no_greedy,5000,3,18011003,20,-5.9516986372351735,-5.713892241702612,-5.882999097278528,0.011542845856953404,False,0.007041137384932575,False,0.7111114703084651,5000,True,62.57295695831999
uav,497,plateau,High,0.0119944584145897,True,A_no_greedy,5000,4,18011004,20,-5.9516986372351735,-5.713892241702612,-5.873304969830492,0.01317164597586183,False,0.005234997233370865,False,0.6703466816814561,5000,True,61.697410012129694
uav,497,plateau,High,0.0119944584145897,True,A_no_greedy,5000,5,18011005,20,-5.9516986372351735,-5.713892241702612,-5.841168441136851,0.018571201741771726,False,0.005662217229501894,False,0.535209320797312,5000,True,62.57610803004354
uav,497,plateau,High,0.0119944584145897,True,A_no_greedy,5000,6,18011006,20,-5.9516986372351735,-5.713892241702612,-5.891420384740112,0.010127907370502127,False,0.005677658046529155,False,0.7465238377627734,5000,True,61.94599001901224
uav,497,plateau,High,0.0119944584145897,True,A_no_greedy,5000,7,18011007,20,-5.9516986372351735,-5.713892241702612,-5.821008744398108,0.02195841906702741,False,0.007444929315117251,False,0.45043575239265865,5000,True,61.84974097413942
uav,497,plateau,High,0.0119944584145897,True,A_no_greedy,5000,8,18011008,20,-5.9516986372351735,-5.713892241702612,-5.713892241702545,0.039956054569843004,False,0.003319478077179845,True,-2.8385090210059953e-13,5000,True,62.23381403833628
uav,497,plateau,High,0.0119944584145897,True,A_no_greedy,5000,9,18011009,20,-5.9516986372351735,-5.713892241702612,-5.713892241702545,0.039956054569843004,False,0.003319478077179845,True,-2.8385090210059953e-13,5000,True,62.56619800115004
uav,497,plateau,High,0.0119944584145897,True,A_no_greedy,5000,10,18011010,20,-5.9516986372351735,-5.713892241702612,-5.906057101560605,0.007668657043390058,False,0.009165691209567709,False,0.8080727157385508,5000,True,61.655629018787295
uav,497,plateau,High,0.0119944584145897,True,A_no_greedy,5000,11,18011011,20,-5.9516986372351735,-5.713892241702612,-5.902908190856241,0.008197734689335294,False,0.009537833083203343,False,0.7948312270169714,5000,True,62.019277014769614
uav,497,plateau,High,0.0119944584145897,True,A_no_greedy,5000,12,18011012,20,-5.9516986372351735,-5.713892241702612,-5.761151659066728,0.032015562242405926,False,0.002345335521137796,False,0.19873064077305339,5000,True,62.97690898645669
uav,497,plateau,High,0.0119944584145897,True,A_no_greedy,5000,13,18011013,20,-5.9516986372351735,-5.713892241702612,-5.880537404738379,0.011956457615577764,False,0.0016755850310872123,False,0.7007598036317294,5000,True,63.10207996284589
uav,497,plateau,High,0.0119944584145897,True,A_no_greedy,5000,14,18011014,20,-5.9516986372351735,-5.713892241702612,-5.869747324143189,0.01376939897112372,False,0.0011676236893882821,False,0.6553864209225467,5000,True,62.6349609810859
uav,497,plateau,High,0.0119944584145897,True,A_no_greedy,5000,15,18011015,20,-5.9516986372351735,-5.713892241702612,-5.919608605216748,0.005391743428953696,False,0.006113657554974411,False,0.8650581623485751,5000,True,60.58775901328772
uav,497,plateau,High,0.0119944584145897,True,A_no_greedy,5000,16,18011016,20,-5.9516986372351735,-5.713892241702612,-5.741418194867033,0.035331164291917995,False,0.01479306819831374,False,0.1157494234029211,5000,True,61.45344901597127
uav,497,plateau,High,0.0119944584145897,True,A_no_greedy,5000,17,18011017,20,-5.9516986372351735,-5.713892241702612,-5.713892241702545,0.039956054569843004,False,0.003319478077179845,True,-2.8385090210059953e-13,5000,True,61.51691800914705
uav,497,plateau,High,0.0119944584145897,True,A_no_greedy,5000,18,18011018,20,-5.9516986372351735,-5.713892241702612,-5.922116685000606,0.004970337719973869,False,0.0021740439046123617,False,0.875604892087452,5000,True,61.67196104070172
uav,497,plateau,High,0.0119944584145897,True,A_no_greedy,5000,19,18011019,20,-5.9516986372351735,-5.713892241702612,-5.884324217304882,0.011320200170885981,False,0.0026734810068277585,False,0.7166837343486571,5000,True,61.361449013929814
uav,497,plateau,High,0.0119944584145897,True,A_no_greedy,5000,20,18011020,20,-5.9516986372351735,-5.713892241702612,-5.91104923262687,0.0068298828764601065,False,0.0027317161716235512,False,0.8290651329318954,5000,True,62.40131799131632
uav,497,plateau,High,0.0119944584145897,True,A_no_greedy,5000,21,18011021,20,-5.9516986372351735,-5.713892241702612,-5.748866874013124,0.034079642734779675,False,0.005855378790359353,False,0.14707187429583957,5000,True,62.96028598444536
uav,497,plateau,High,0.0119944584145897,True,A_no_greedy,5000,22,18011022,20,-5.9516986372351735,-5.713892241702612,-5.883640078313147,0.01143514869792581,False,0.008037425346127985,False,0.7138068605362307,5000,True,62.98087094910443
uav,497,plateau,High,0.0119944584145897,True,A_no_greedy,5000,23,18011023,20,-5.9516986372351735,-5.713892241702612,-5.857675534180812,0.015797692185913387,False,0.012176595282825517,False,0.6046233203955717,5000,True,64.06308599980548
uav,497,plateau,High,0.0119944584145897,True,A_no_greedy,5000,24,18011024,20,-5.9516986372351735,-5.713892241702612,-5.843861279213889,0.01811875308111699,False,0.010627259072764964,False,0.5465329778882289,5000,True,63.774242997169495
uav,497,plateau,High,0.0119944584145897,True,A_no_greedy,5000,25,18011025,20,-5.9516986372351735,-5.713892241702612,-5.820698277954676,0.02201058340906733,False,0.004664489433642589,False,0.4491302095255883,5000,True,63.45563702052459
uav,497,plateau,High,0.0119944584145897,True,A_no_greedy,5000,26,18011026,20,-5.9516986372351735,-5.713892241702612,-5.802684734341615,0.025037205674577255,False,0.0071203587348290485,False,0.3733814325731426,5000,True,61.71227199956775
uav,497,plateau,High,0.0119944584145897,True,A_no_greedy,5000,27,18011027,20,-5.9516986372351735,-5.713892241702612,-5.824153309288926,0.021430071601457622,False,0.011703011922463282,False,0.46365896652773775,5000,True,60.54495502030477
uav,497,plateau,High,0.0119944584145897,True,A_no_greedy,5000,28,18011028,20,-5.9516986372351735,-5.713892241702612,-5.754192300781804,0.03318486847061198,False,0.0026399843375950636,False,0.16946583370451662,5000,True,61.77215703064576
uav,497,plateau,High,0.0119944584145897,True,A_no_greedy,5000,29,18011029,20,-5.9516986372351735,-5.713892241702612,-5.841379695695084,0.018535706907253258,False,0.00431013501946234,False,0.536097667629866,5000,True,62.31685099191964
uav,497,plateau,High,0.0119944584145897,True,B_no_bridge,5000,0,18012000,20,-5.9516986372351735,-5.713892241702612,-5.883532067897442,0.011453296528030817,False,0.003088084014319417,False,0.7133526657890169,5000,True,66.8779339757748
uav,497,plateau,High,0.0119944584145897,True,B_no_bridge,5000,1,18012001,20,-5.9516986372351735,-5.713892241702612,-5.720569704627673,0.03883411219135083,False,0.0036156071523398207,False,0.028079408504160564,5000,True,67.47987400740385
uav,497,plateau,High,0.0119944584145897,True,B_no_bridge,5000,2,18012002,20,-5.9516986372351735,-5.713892241702612,-5.891113573521027,0.010179457564452717,False,0.006438913074767672,False,0.7452336654846149,5000,True,67.03790900064632
uav,497,plateau,High,0.0119944584145897,True,B_no_bridge,5000,3,18012003,20,-5.9516986372351735,-5.713892241702612,-5.717865898154729,0.039288403753767694,False,0.008018172928528853,False,0.01670962819657558,5000,True,66.3995070499368
uav,497,plateau,High,0.0119944584145897,True,B_no_bridge,5000,4,18012004,20,-5.9516986372351735,-5.713892241702612,-5.713892241702545,0.039956054569843004,False,0.003319478077179845,True,-2.8385090210059953e-13,5000,True,66.12260895781219
uav,497,plateau,High,0.0119944584145897,True,B_no_bridge,5000,5,18012005,20,-5.9516986372351735,-5.713892241702612,-5.741888433170663,0.035252155200179346,False,0.009725117340900305,False,0.11772682313843724,5000,True,66.2888289662078
uav,497,plateau,High,0.0119944584145897,True,B_no_bridge,5000,6,18012006,20,-5.9516986372351735,-5.713892241702612,-5.713892241702545,0.039956054569843004,False,0.003319478077179845,True,-2.8385090210059953e-13,5000,True,66.41970999771729
uav,497,plateau,High,0.0119944584145897,True,B_no_bridge,5000,7,18012007,20,-5.9516986372351735,-5.713892241702612,-5.777877181609415,0.029205352323837825,False,0.010944041789024393,False,0.26906315855597585,5000,True,67.52150401007384
uav,497,plateau,High,0.0119944584145897,True,B_no_bridge,5000,8,18012008,20,-5.9516986372351735,-5.713892241702612,-5.754342048168868,0.03315970802546985,False,0.00943407205622494,False,0.17009553664723723,5000,True,67.23543000407517
uav,497,plateau,High,0.0119944584145897,True,B_no_bridge,5000,9,18012009,20,-5.9516986372351735,-5.713892241702612,-5.730177979238645,0.03721973700258359,False,0.007103818921609196,False,0.06848317724828858,5000,True,67.30468897148967
uav,497,plateau,High,0.0119944584145897,True,B_no_bridge,5000,10,18012010,20,-5.9516986372351735,-5.713892241702612,-5.81857181241115,0.022367870575830506,False,0.005353890259420719,False,0.4401882063521082,5000,True,67.81780597520992
uav,497,plateau,High,0.0119944584145897,True,B_no_bridge,5000,11,18012011,20,-5.9516986372351735,-5.713892241702612,-5.880179973352275,0.012016512972525395,False,0.006207688670819899,False,0.6992567684198149,5000,True,65.85263297893107
uav,497,plateau,High,0.0119944584145897,True,B_no_bridge,5000,12,18012012,20,-5.9516986372351735,-5.713892241702612,-5.7248872237917325,0.0381086858169292,False,0.0053657659342171695,False,0.04623501426232646,5000,True,66.07645604526624
uav,497,plateau,High,0.0119944584145897,True,B_no_bridge,5000,13,18012013,20,-5.9516986372351735,-5.713892241702612,-5.7410798022316065,0.035388020772067964,False,0.011993230724329118,False,0.11432644806759111,5000,True,66.67451997054741
uav,497,plateau,High,0.0119944584145897,True,B_no_bridge,5000,14,18012014,20,-5.9516986372351735,-5.713892241702612,-5.722036861531064,0.03858760157432922,False,0.003543705167961128,False,0.03424895201078425,5000,True,66.5227270219475
uav,497,plateau,High,0.0119944584145897,True,B_no_bridge,5000,15,18012015,20,-5.9516986372351735,-5.713892241702612,-5.834946147159827,0.019616666970487466,False,0.002996070646773948,False,0.5090439438607937,5000,True,67.47231195913628
uav,497,plateau,High,0.0119944584145897,True,B_no_bridge,5000,16,18012016,20,-5.9516986372351735,-5.713892241702612,-5.738364538754727,0.03584423733180645,False,0.012697457027888524,False,0.10290848989704272,5000,True,66.93697097944096
uav,497,plateau,High,0.0119944584145897,True,B_no_bridge,5000,17,18012017,20,-5.9516986372351735,-5.713892241702612,-5.789948081485972,0.02717720866060888,False,0.0031781401204989124,False,0.3198225161818478,5000,True,68.00855800975114
uav,497,plateau,High,0.0119944584145897,True,B_no_bridge,5000,18,18012018,20,-5.9516986372351735,-5.713892241702612,-5.7664311127735175,0.031128512338071086,False,0.010532812495714356,False,0.2209312787961229,5000,True,67.04230699688196
uav,497,plateau,High,0.0119944584145897,True,B_no_bridge,5000,19,18012019,20,-5.9516986372351735,-5.713892241702612,-5.863667380528152,0.014790946597376146,False,0.00866766566512899,False,0.6298196416884496,5000,True,66.86110701411963
uav,497,plateau,High,0.0119944584145897,True,B_no_bridge,5000,20,18012020,20,-5.9516986372351735,-5.713892241702612,-5.7829296535739845,0.02835643972383481,False,0.009841080503029986,False,0.2903093153435375,5000,True,66.3824169896543
uav,497,plateau,High,0.0119944584145897,True,B_no_bridge,5000,21,18012021,20,-5.9516986372351735,-5.713892241702612,-5.794893294729596,0.02634631759151369,False,0.008241012039691027,False,0.34061763917486093,5000,True,66.88249501166865
uav,497,plateau,High,0.0119944584145897,True,B_no_bridge,5000,22,18012022,20,-5.9516986372351735,-5.713892241702612,-5.80664933075314,0.02437107711982802,False,0.00679226653567888,False,0.39005296238059733,5000,True,67.31613096781075
uav,497,plateau,High,0.0119944584145897,True,B_no_bridge,5000,23,18012023,20,-5.9516986372351735,-5.713892241702612,-5.713892241702545,0.039956054569843004,False,0.003319478077179845,True,-2.8385090210059953e-13,5000,True,66.52143801329657
uav,497,plateau,High,0.0119944584145897,True,B_no_bridge,5000,24,18012024,20,-5.9516986372351735,-5.713892241702612,-5.800302420017304,0.02543748036412673,False,0.010251473333709318,False,0.36336355934069137,5000,True,67.53437302540988
uav,497,plateau,High,0.0119944584145897,True,B_no_bridge,5000,25,18012025,20,-5.9516986372351735,-5.713892241702612,-5.787496469304553,0.027589126724820057,False,0.006958478112015612,False,0.30951323843543616,5000,True,67.26221897406504
uav,497,plateau,High,0.0119944584145897,True,B_no_bridge,5000,26,18012026,20,-5.9516986372351735,-5.713892241702612,-5.735252276956315,0.03636715725569861,False,0.010449165790562383,False,0.08982111354014435,5000,True,67.41190497996286
uav,497,plateau,High,0.0119944584145897,True,B_no_bridge,5000,27,18012027,20,-5.9516986372351735,-5.713892241702612,-5.736391120132141,0.036175809668187835,False,0.010599527873430539,False,0.09461006454070817,5000,True,66.68973696650937
uav,497,plateau,High,0.0119944584145897,True,B_no_bridge,5000,28,18012028,20,-5.9516986372351735,-5.713892241702612,-5.902939656503621,0.008192447854551145,False,0.0023787446928523097,False,0.7949635432539239,5000,True,65.51438203314319
uav,497,plateau,High,0.0119944584145897,True,B_no_bridge,5000,29,18012029,20,-5.9516986372351735,-5.713892241702612,-5.7346417183618215,0.0364697428588529,False,0.008834148630374442,False,0.08725365275707334,5000,True,66.18449295638129
uav,497,plateau,High,0.0119944584145897,True,C_fitness_group,5000,0,18013000,20,-5.9516986372351735,-5.713892241702612,-5.713892241702545,0.039956054569843004,False,0.003319478077179845,True,-2.8385090210059953e-13,5000,True,78.12619698233902
uav,497,plateau,High,0.0119944584145897,True,C_fitness_group,5000,1,18013001,20,-5.9516986372351735,-5.713892241702612,-5.820925711613435,0.021972370174053117,False,0.002628206993708331,False,0.45008659111595345,5000,True,79.48151102755219
uav,497,plateau,High,0.0119944584145897,True,C_fitness_group,5000,2,18013002,20,-5.9516986372351735,-5.713892241702612,-5.869646708584043,0.01378630432290282,False,0.0019191684040826113,False,0.6549633222967914,5000,True,80.3826809860766
uav,497,plateau,High,0.0119944584145897,True,C_fitness_group,5000,3,18013003,20,-5.9516986372351735,-5.713892241702612,-5.713892241702545,0.039956054569843004,False,0.003319478077179845,True,-2.8385090210059953e-13,5000,True,80.84370102733374
uav,497,plateau,High,0.0119944584145897,True,C_fitness_group,5000,4,18013004,20,-5.9516986372351735,-5.713892241702612,-5.713892241702545,0.039956054569843004,False,0.003319478077179845,True,-2.8385090210059953e-13,5000,True,79.4569609570317
uav,497,plateau,High,0.0119944584145897,True,C_fitness_group,5000,5,18013005,20,-5.9516986372351735,-5.713892241702612,-5.863211325554632,0.014867572616487156,False,0.006457917003491628,False,0.6279018842938328,5000,True,78.78384098876268
uav,497,plateau,High,0.0119944584145897,True,C_fitness_group,5000,6,18013006,20,-5.9516986372351735,-5.713892241702612,-5.713892241702545,0.039956054569843004,False,0.003319478077179845,True,-2.8385090210059953e-13,5000,True,78.269531019032
uav,497,plateau,High,0.0119944584145897,True,C_fitness_group,5000,7,18013007,20,-5.9516986372351735,-5.713892241702612,-5.713892241702545,0.039956054569843004,False,0.003319478077179845,True,-2.8385090210059953e-13,5000,True,78.69758002925664
uav,497,plateau,High,0.0119944584145897,True,C_fitness_group,5000,8,18013008,20,-5.9516986372351735,-5.713892241702612,-5.713892241702545,0.039956054569843004,False,0.003319478077179845,True,-2.8385090210059953e-13,5000,True,79.90165404044092
uav,497,plateau,High,0.0119944584145897,True,C_fitness_group,5000,9,18013009,20,-5.9516986372351735,-5.713892241702612,-5.713892241702545,0.039956054569843004,False,0.003319478077179845,True,-2.8385090210059953e-13,5000,True,79.63546103565022
uav,497,plateau,High,0.0119944584145897,True,C_fitness_group,5000,10,18013010,20,-5.9516986372351735,-5.713892241702612,-5.9314564858670815,0.003401071291051676,False,0.0014510229255619619,False,0.9148797015203896,5000,True,77.83219800330698
uav,497,plateau,High,0.0119944584145897,True,C_fitness_group,5000,11,18013011,20,-5.9516986372351735,-5.713892241702612,-5.713892241702545,0.039956054569843004,False,0.003319478077179845,True,-2.8385090210059953e-13,5000,True,77.70665700081736
uav,497,plateau,High,0.0119944584145897,True,C_fitness_group,5000,12,18013012,20,-5.9516986372351735,-5.713892241702612,-5.713892241702545,0.039956054569843004,False,0.003319478077179845,True,-2.8385090210059953e-13,5000,True,78.99252697825432
uav,497,plateau,High,0.0119944584145897,True,C_fitness_group,5000,13,18013013,20,-5.9516986372351735,-5.713892241702612,-5.713892241702545,0.039956054569843004,False,0.003319478077179845,True,-2.8385090210059953e-13,5000,True,78.17487098509446
uav,497,plateau,High,0.0119944584145897,True,C_fitness_group,5000,14,18013014,20,-5.9516986372351735,-5.713892241702612,-5.713892241702545,0.039956054569843004,False,0.003319478077179845,True,-2.8385090210059953e-13,5000,True,78.76640005270019
uav,497,plateau,High,0.0119944584145897,True,C_fitness_group,5000,15,18013015,20,-5.9516986372351735,-5.713892241702612,-5.80628679161029,0.024431990678283638,False,0.0007231123745128966,False,0.388528448533787,5000,True,78.68454500567168
uav,497,plateau,High,0.0119944584145897,True,C_fitness_group,5000,16,18013016,20,-5.9516986372351735,-5.713892241702612,-5.855257533881337,0.016203962806597562,False,0.0057784667578442955,False,0.5944553840200186,5000,True,78.41986097628251
uav,497,plateau,High,0.0119944584145897,True,C_fitness_group,5000,17,18013017,20,-5.9516986372351735,-5.713892241702612,-5.713892241702545,0.039956054569843004,False,0.003319478077179845,True,-2.8385090210059953e-13,5000,True,78.68331100326031
uav,497,plateau,High,0.0119944584145897,True,C_fitness_group,5000,18,18013018,20,-5.9516986372351735,-5.713892241702612,-5.713892241702545,0.039956054569843004,False,0.003319478077179845,True,-2.8385090210059953e-13,5000,True,79.38109699171036
uav,497,plateau,High,0.0119944584145897,True,C_fitness_group,5000,19,18013019,20,-5.9516986372351735,-5.713892241702612,-5.727119000294327,0.03773370438076705,False,0.007540917171133344,False,0.055619860694218065,5000,True,80.09474503342062
uav,497,plateau,High,0.0119944584145897,True,C_fitness_group,5000,20,18013020,20,-5.9516986372351735,-5.713892241702612,-5.713892241702545,0.039956054569843004,False,0.003319478077179845,True,-2.8385090210059953e-13,5000,True,79.84525099163875
uav,497,plateau,High,0.0119944584145897,True,C_fitness_group,5000,21,18013021,20,-5.9516986372351735,-5.713892241702612,-5.816728084779788,0.022677652327854632,False,0.013540579059707295,False,0.43243514476083633,5000,True,80.4213429801166
uav,497,plateau,High,0.0119944584145897,True,C_fitness_group,5000,22,18013022,20,-5.9516986372351735,-5.713892241702612,-5.713892241702545,0.039956054569843004,False,0.003319478077179845,True,-2.8385090210059953e-13,5000,True,79.52758501050994
uav,497,plateau,High,0.0119944584145897,True,C_fitness_group,5000,23,18013023,20,-5.9516986372351735,-5.713892241702612,-5.713892241702545,0.039956054569843004,False,0.003319478077179845,True,-2.8385090210059953e-13,5000,True,78.19938100874424
uav,497,plateau,High,0.0119944584145897,True,C_fitness_group,5000,24,18013024,20,-5.9516986372351735,-5.713892241702612,-5.713892241702545,0.039956054569843004,False,0.003319478077179845,True,-2.8385090210059953e-13,5000,True,79.8019070061855
uav,497,plateau,High,0.0119944584145897,True,C_fitness_group,5000,25,18013025,20,-5.9516986372351735,-5.713892241702612,-5.713892241702545,0.039956054569843004,False,0.003319478077179845,True,-2.8385090210059953e-13,5000,True,78.84578895755112
uav,497,plateau,High,0.0119944584145897,True,C_fitness_group,5000,26,18013026,20,-5.9516986372351735,-5.713892241702612,-5.713892241702545,0.039956054569843004,False,0.003319478077179845,True,-2.8385090210059953e-13,5000,True,80.10300202295184
uav,497,plateau,High,0.0119944584145897,True,C_fitness_group,5000,27,18013027,20,-5.9516986372351735,-5.713892241702612,-5.713892241702545,0.039956054569843004,False,0.003319478077179845,True,-2.8385090210059953e-13,5000,True,79.72734200302511
uav,497,plateau,High,0.0119944584145897,True,C_fitness_group,5000,28,18013028,20,-5.9516986372351735,-5.713892241702612,-5.713892241702545,0.039956054569843004,False,0.003319478077179845,True,-2.8385090210059953e-13,5000,True,78.00068199867383
uav,497,plateau,High,0.0119944584145897,True,C_fitness_group,5000,29,18013029,20,-5.9516986372351735,-5.713892241702612,-5.713892241702545,0.039956054569843004,False,0.003319478077179845,True,-2.8385090210059953e-13,5000,True,77.69085996551439
uav,497,plateau,High,0.0119944584145897,True,D_no_warm_slot,5000,0,18014000,20,-5.9516986372351735,-5.713892241702612,-5.53869079794457,0.06939327147828572,False,0.016828607584086722,False,-0.736739831431712,5000,True,61.342453001998365
uav,497,plateau,High,0.0119944584145897,True,D_no_warm_slot,5000,1,18014001,20,-5.9516986372351735,-5.713892241702612,-5.797832326155707,0.02585250370656262,False,0.0056203042340141575,False,0.3529765642556149,5000,True,62.81241599936038
uav,497,plateau,High,0.0119944584145897,True,D_no_warm_slot,5000,2,18014002,20,-5.9516986372351735,-5.713892241702612,-5.946971293904654,0.0007942847275472192,False,0.0004632025402646428,False,0.9801210420773894,5000,True,63.228308979887515
uav,497,plateau,High,0.0119944584145897,True,D_no_warm_slot,5000,3,18014003,20,-5.9516986372351735,-5.713892241702612,-5.937133879744879,0.002447159773711339,False,0.0008093995943309686,False,0.9387537183023311,5000,True,62.08211899502203
uav,497,plateau,High,0.0119944584145897,True,D_no_warm_slot,5000,4,18014004,20,-5.9516986372351735,-5.713892241702612,-5.929772931850026,0.0036839407909491553,False,0.0021241108732711193,False,0.9078001862143148,5000,True,62.79262900352478
uav,497,plateau,High,0.0119944584145897,True,D_no_warm_slot,5000,5,18014005,20,-5.9516986372351735,-5.713892241702612,-4.403793087203999,0.2600779448655426,False,0.0520599577907183,False,-5.50909975135311,5000,True,62.04644404351711
uav,497,plateau,High,0.0119944584145897,True,D_no_warm_slot,5000,6,18014006,20,-5.9516986372351735,-5.713892241702612,-5.598124690547469,0.05940723283192894,False,0.004749359153229228,False,-0.4868142881350367,5000,True,61.776198039297014
uav,497,plateau,High,0.0119944584145897,True,D_no_warm_slot,5000,7,18014007,20,-5.9516986372351735,-5.713892241702612,-4.214758327115046,0.2918394253454696,False,0.05354377067515176,False,-6.304010080260012,5000,True,61.644380970392376
uav,497,plateau,High,0.0119944584145897,True,D_no_warm_slot,5000,8,18014008,20,-5.9516986372351735,-5.713892241702612,-5.920838519282149,0.0051850941779808726,False,0.0016418074122633494,False,0.8702300756717903,5000,True,60.76103402301669
uav,497,plateau,High,0.0119944584145897,True,D_no_warm_slot,5000,9,18014009,20,-5.9516986372351735,-5.713892241702612,-5.264950289819025,0.11538694905009064,False,0.031183860179150112,False,-1.8878464175792815,5000,True,61.688612040597945
uav,497,plateau,High,0.0119944584145897,True,D_no_warm_slot,5000,10,18014010,20,-5.9516986372351735,-5.713892241702612,-5.9466231140209995,0.0008527856539006034,False,0.00022065745036795706,False,0.9786569103711134,5000,True,61.55028799548745
uav,497,plateau,High,0.0119944584145897,True,D_no_warm_slot,5000,11,18014011,20,-5.9516986372351735,-5.713892241702612,-5.729897684591198,0.037266831901793265,False,0.01199904659229633,False,0.06730450984189174,5000,True,61.97470403276384
uav,497,plateau,High,0.0119944584145897,True,D_no_warm_slot,5000,12,18014012,20,-5.9516986372351735,-5.713892241702612,-5.689333501142804,0.0440823959820401,False,0.010734091655329627,False,-0.10327199360979897,5000,True,62.16333602787927
uav,497,plateau,High,0.0119944584145897,True,D_no_warm_slot,5000,13,18014013,20,-5.9516986372351735,-5.713892241702612,-5.951140266577841,9.381702457831546e-05,True,0.000558857853678566,False,0.9976519947830598,5000,True,62.23907397361472
uav,497,plateau,High,0.0119944584145897,True,D_no_warm_slot,5000,14,18014014,20,-5.9516986372351735,-5.713892241702612,-5.61993481854906,0.055742711267422654,False,0.0045689533198272235,False,-0.39510048896345523,5000,True,61.67960201855749
uav,497,plateau,High,0.0119944584145897,True,D_no_warm_slot,5000,15,18014015,20,-5.9516986372351735,-5.713892241702612,-5.019401553566432,0.15664386597736651,False,0.034786653291424316,False,-2.9204037451595277,5000,True,61.606722010765225
uav,497,plateau,High,0.0119944584145897,True,D_no_warm_slot,5000,16,18014016,20,-5.9516986372351735,-5.713892241702612,-5.792741155347709,0.026707918457596323,False,0.002311027115806402,False,0.3315676749084777,5000,True,61.076064012013376
uav,497,plateau,High,0.0119944584145897,True,D_no_warm_slot,5000,17,18014017,20,-5.9516986372351735,-5.713892241702612,-5.827279189151268,0.020904863580543102,False,0.007079869330478964,False,0.4768036082239444,5000,True,61.34276097873226
uav,497,plateau,High,0.0119944584145897,True,D_no_warm_slot,5000,18,18014018,20,-5.9516986372351735,-5.713892241702612,-5.943172126664208,0.0014326179954109205,False,0.0011351107982480759,False,0.9641451587041179,5000,True,62.028848042245954
uav,497,plateau,High,0.0119944584145897,True,D_no_warm_slot,5000,19,18014019,20,-5.9516986372351735,-5.713892241702612,-3.9734006844253176,0.33239215783426534,False,0.06052678802413324,False,-7.31894343455107,5000,True,61.443998012691736
uav,497,plateau,High,0.0119944584145897,True,D_no_warm_slot,5000,20,18014020,20,-5.9516986372351735,-5.713892241702612,-5.511470787127021,0.07396675754951486,False,0.02300958244431302,False,-0.8512027362522064,5000,True,62.98987800255418
uav,497,plateau,High,0.0119944584145897,True,D_no_warm_slot,5000,21,18014021,20,-5.9516986372351735,-5.713892241702612,-5.472420151423327,0.08052801645791875,False,0.022166848828054878,False,-1.0154146180068653,5000,True,61.92464998457581
uav,497,plateau,High,0.0119944584145897,True,D_no_warm_slot,5000,22,18014022,20,-5.9516986372351735,-5.713892241702612,-5.949704429437924,0.00033506531812166085,False,0.0010439254577483677,False,0.991614154056776,5000,True,62.23822897300124
uav,497,plateau,High,0.0119944584145897,True,D_no_warm_slot,5000,23,18014023,20,-5.9516986372351735,-5.713892241702612,-5.8227790711154395,0.021660970082252488,False,0.003504263123597755,False,0.4578801556996736,5000,True,61.176386021543294
uav,497,plateau,High,0.0119944584145897,True,D_no_warm_slot,5000,24,18014024,20,-5.9516986372351735,-5.713892241702612,-5.945304492788575,0.0010743394174219125,False,0.0015794023802964414,False,0.973111974418188,5000,True,61.41382100759074
uav,497,plateau,High,0.0119944584145897,True,D_no_warm_slot,5000,25,18014025,20,-5.9516986372351735,-5.713892241702612,-5.949698169805641,0.00033611705690486687,False,0.0011280720793193837,False,0.9915878316684789,5000,True,60.64368097577244
uav,497,plateau,High,0.0119944584145897,True,D_no_warm_slot,5000,26,18014026,20,-5.9516986372351735,-5.713892241702612,-3.7667589237665955,0.3671119535184629,False,0.060143970388166955,False,-8.187892985701504,5000,True,60.832221002783626
uav,497,plateau,High,0.0119944584145897,True,D_no_warm_slot,5000,27,18014027,20,-5.9516986372351735,-5.713892241702612,-5.3431443069292115,0.10224884816894263,False,0.019738210121413507,False,-1.5590326489879303,5000,True,60.17191300634295
uav,497,plateau,High,0.0119944584145897,True,D_no_warm_slot,5000,28,18014028,20,-5.9516986372351735,-5.713892241702612,-5.614531399975503,0.05665058965692182,False,0.01467730681935561,False,-0.4178224118177864,5000,True,61.97508698096499
uav,497,plateau,High,0.0119944584145897,True,D_no_warm_slot,5000,29,18014029,20,-5.9516986372351735,-5.713892241702612,-4.312374293958822,0.27543806284484357,False,0.05131701180694363,False,-5.893525044207187,5000,True,61.84160400880501
cstr,11,recoverable_difficult,High,0.0100038012931925,False,baseline,1000,0,19000000,30,-0.9266003076598814,-0.9105646406749187,-0.9261972451424036,0.0004030625174777924,False,0.000919425875370361,False,0.9748646240997796,1000,True,11.683037038892508
cstr,11,recoverable_difficult,High,0.0100038012931925,False,baseline,1000,1,19000001,30,-0.9266003076598814,-0.9105646406749187,-0.9265997324637871,5.751960943101153e-07,True,3.473269475057911e-05,False,0.9999641302045715,1000,True,12.053888000082225
cstr,11,recoverable_difficult,High,0.0100038012931925,False,baseline,1000,2,19000002,30,-0.9266003076598814,-0.9105646406749187,-0.9265623920695862,3.7915590295201085e-05,True,0.0002819937132182912,False,0.9976355464147044,1000,True,12.115653953514993
cstr,11,recoverable_difficult,High,0.0100038012931925,False,baseline,1000,3,19000003,30,-0.9266003076598814,-0.9105646406749187,-0.9264117869349957,0.00018852072488573235,False,0.0006287964278890376,False,0.9882436617658301,1000,True,11.855571996420622
cstr,11,recoverable_difficult,High,0.0100038012931925,False,baseline,1000,4,19000004,30,-0.9266003076598814,-0.9105646406749187,-0.9264871630728635,0.00011314458701794372,False,0.0004871328374064787,False,0.9929441920236904,1000,True,11.87452202429995
cstr,11,recoverable_difficult,High,0.0100038012931925,False,baseline,1000,5,19000005,30,-0.9266003076598814,-0.9105646406749187,-0.9264139747944062,0.00018633286547520278,False,0.0006251370611132859,False,0.9883800988353066,1000,True,11.78500399691984
cstr,11,recoverable_difficult,High,0.0100038012931925,False,baseline,1000,6,19000006,30,-0.9266003076598814,-0.9105646406749187,-0.9252768186427638,0.0013234890171176517,False,0.0016660601862959964,False,0.9174659202913893,1000,True,11.770920013077557
cstr,11,recoverable_difficult,High,0.0100038012931925,False,baseline,1000,7,19000007,30,-0.9266003076598814,-0.9105646406749187,-0.9265868711506722,1.3436509209263647e-05,True,0.00016787025202046751,False,0.9991620860409571,1000,True,11.649897962342948
cstr,11,recoverable_difficult,High,0.0100038012931925,False,baseline,1000,8,19000008,30,-0.9266003076598814,-0.9105646406749187,-0.9265172268871383,8.308077274310488e-05,True,0.00041742723294189987,False,0.994819001116635,1000,True,11.94637903245166
cstr,11,recoverable_difficult,High,0.0100038012931925,False,baseline,1000,9,19000009,30,-0.9266003076598814,-0.9105646406749187,-0.92650268708564,9.762057424145265e-05,True,0.00045248188224236013,False,0.993912284762898,1000,True,12.118226033635437
cstr,11,recoverable_difficult,High,0.0100038012931925,False,baseline,1000,10,19000010,30,-0.9266003076598814,-0.9105646406749187,-0.9265930174036234,7.290256258007943e-06,True,0.00012365221847086133,False,0.9995453724335356,1000,True,11.922529025468975
cstr,11,recoverable_difficult,High,0.0100038012931925,False,baseline,1000,11,19000011,30,-0.9266003076598814,-0.9105646406749187,-0.9258437627643898,0.0007565448954915954,False,0.0012596441325395877,False,0.9528211145691017,1000,True,11.723203992005438
cstr,11,recoverable_difficult,High,0.0100038012931925,False,baseline,1000,12,19000012,30,-0.9266003076598814,-0.9105646406749187,-0.9265716857697652,2.8621890116209414e-05,True,0.0002450076644527274,False,0.9982151107189337,1000,True,11.895372008439153
cstr,11,recoverable_difficult,High,0.0100038012931925,False,baseline,1000,13,19000013,30,-0.9266003076598814,-0.9105646406749187,-0.9229438571908144,0.0036564504690670407,False,0.00308485404984334,False,0.7719801444806856,1000,True,11.912450019735843
cstr,11,recoverable_difficult,High,0.0100038012931925,False,baseline,1000,14,19000014,30,-0.9266003076598814,-0.9105646406749187,-0.9218216618701247,0.00477864578975673,False,0.003165796069020642,False,0.7019989381023032,1000,True,12.172802002169192
cstr,11,recoverable_difficult,High,0.0100038012931925,False,baseline,1000,15,19000015,30,-0.9266003076598814,-0.9105646406749187,-0.9262781207163604,0.00032218694352104116,False,0.0008220239740789614,False,0.9799081046130997,1000,True,11.780061991885304
cstr,11,recoverable_difficult,High,0.0100038012931925,False,baseline,1000,16,19000016,30,-0.9266003076598814,-0.9105646406749187,-0.9265640452882268,3.626237165466062e-05,True,0.00027577736501775,False,0.9977386427587537,1000,True,11.889643035829067
cstr,11,recoverable_difficult,High,0.0100038012931925,False,baseline,1000,17,19000017,30,-0.9266003076598814,-0.9105646406749187,-0.9265988055112857,1.502148595733388e-06,True,5.612895587379235e-05,False,0.999906324532859,1000,True,11.941682954784483
cstr,11,recoverable_difficult,High,0.0100038012931925,False,baseline,1000,18,19000018,30,-0.9266003076598814,-0.9105646406749187,-0.9265889326831126,1.1374976768840916e-05,True,0.00015445635243607064,False,0.9992906452360536,1000,True,11.797073006164283
cstr,11,recoverable_difficult,High,0.0100038012931925,False,baseline,1000,19,19000019,30,-0.9266003076598814,-0.9105646406749187,-0.9265910152681196,9.29239176183927e-06,True,0.00013960284562646724,False,0.9994205172899542,1000,True,11.723590025212616
cstr,11,recoverable_difficult,High,0.0100038012931925,False,baseline,1000,20,19000020,30,-0.9266003076598814,-0.9105646406749187,-0.9265650571577253,3.5250502156136676e-05,True,0.0002719024803883516,False,0.9978017439381104,1000,True,11.912348971236497
cstr,11,recoverable_difficult,High,0.0100038012931925,False,baseline,1000,21,19000021,30,-0.9266003076598814,-0.9105646406749187,-0.9263138551404912,0.0002864525193901901,False,0.0007750983966269137,False,0.9821365385263483,1000,True,11.27994799753651
cstr,11,recoverable_difficult,High,0.0100038012931925,False,baseline,1000,22,19000022,30,-0.9266003076598814,-0.9105646406749187,-0.9265244171826683,7.589047721312525e-05,True,0.00039895522497097186,False,0.9952673950335654,1000,True,11.434126005042344
cstr,11,recoverable_difficult,High,0.0100038012931925,False,baseline,1000,23,19000023,30,-0.9266003076598814,-0.9105646406749187,-0.9265289228166349,7.138484324653582e-05,True,0.00038693099527222635,False,0.9955483708090548,1000,True,11.385231977328658
cstr,11,recoverable_difficult,High,0.0100038012931925,False,baseline,1000,24,19000024,30,-0.9266003076598814,-0.9105646406749187,-0.9264969792595837,0.00010332840029769752,False,0.00046552216962030685,False,0.9935563391036624,1000,True,11.548618029337376
cstr,11,recoverable_difficult,High,0.0100038012931925,False,baseline,1000,25,19000025,30,-0.9266003076598814,-0.9105646406749187,-0.9265779713816102,2.2336278271195553e-05,True,0.0002164392005470639,False,0.9986070876694969,1000,True,11.407992977183312
cstr,11,recoverable_difficult,High,0.0100038012931925,False,baseline,1000,26,19000026,30,-0.9266003076598814,-0.9105646406749187,-0.9265651816714596,3.512598842181358e-05,True,0.0002714218412392458,False,0.9978095087373196,1000,True,11.617851036135107
cstr,11,recoverable_difficult,High,0.0100038012931925,False,baseline,1000,27,19000027,30,-0.9266003076598814,-0.9105646406749187,-0.9265739384692468,2.6369190634589756e-05,True,0.00023516837343213332,False,0.9983555912791581,1000,True,11.803660017903894
cstr,11,recoverable_difficult,High,0.0100038012931925,False,baseline,1000,28,19000028,30,-0.9266003076598814,-0.9105646406749187,-0.9261341707623221,0.00046613689755936605,False,0.0009887517291967893,False,0.9709312435836638,1000,True,11.878336954396218
cstr,11,recoverable_difficult,High,0.0100038012931925,False,baseline,1000,29,19000029,30,-0.9266003076598814,-0.9105646406749187,-0.9265809354858445,1.9372174036913492e-05,True,0.000201567122666918,False,0.9987919321313494,1000,True,11.810501979198307
cstr,11,recoverable_difficult,High,0.0100038012931925,False,A_no_greedy,1000,0,19001000,30,-0.9266003076598814,-0.9105646406749187,-0.9105646406749188,0.016035666984962615,False,0.005799279357355115,True,6.923460219436187e-15,1000,True,12.022932001855224
cstr,11,recoverable_difficult,High,0.0100038012931925,False,A_no_greedy,1000,1,19001001,30,-0.9266003076598814,-0.9105646406749187,-0.9105646406749188,0.016035666984962615,False,0.005799279357355115,True,6.923460219436187e-15,1000,True,12.055097962729633
cstr,11,recoverable_difficult,High,0.0100038012931925,False,A_no_greedy,1000,2,19001002,30,-0.9266003076598814,-0.9105646406749187,-0.9105646406749188,0.016035666984962615,False,0.005799279357355115,True,6.923460219436187e-15,1000,True,11.463442991953343
cstr,11,recoverable_difficult,High,0.0100038012931925,False,A_no_greedy,1000,3,19001003,30,-0.9266003076598814,-0.9105646406749187,-0.9105646406749188,0.016035666984962615,False,0.005799279357355115,True,6.923460219436187e-15,1000,True,11.733273044228554
cstr,11,recoverable_difficult,High,0.0100038012931925,False,A_no_greedy,1000,4,19001004,30,-0.9266003076598814,-0.9105646406749187,-0.9105646406749188,0.016035666984962615,False,0.005799279357355115,True,6.923460219436187e-15,1000,True,11.98980095796287
cstr,11,recoverable_difficult,High,0.0100038012931925,False,A_no_greedy,1000,5,19001005,30,-0.9266003076598814,-0.9105646406749187,-0.9105646406749188,0.016035666984962615,False,0.005799279357355115,True,6.923460219436187e-15,1000,True,11.948800995014608
cstr,11,recoverable_difficult,High,0.0100038012931925,False,A_no_greedy,1000,6,19001006,30,-0.9266003076598814,-0.9105646406749187,-0.9105646406749188,0.016035666984962615,False,0.005799279357355115,True,6.923460219436187e-15,1000,True,12.120890023652464
cstr,11,recoverable_difficult,High,0.0100038012931925,False,A_no_greedy,1000,7,19001007,30,-0.9266003076598814,-0.9105646406749187,-0.9228720190292139,0.0037282886306675422,False,0.004807231593176741,False,0.7675002459103382,1000,True,12.071445991750807
cstr,11,recoverable_difficult,High,0.0100038012931925,False,A_no_greedy,1000,8,19001008,30,-0.9266003076598814,-0.9105646406749187,-0.9105646406749188,0.016035666984962615,False,0.005799279357355115,True,6.923460219436187e-15,1000,True,12.087884999345988
cstr,11,recoverable_difficult,High,0.0100038012931925,False,A_no_greedy,1000,9,19001009,30,-0.9266003076598814,-0.9105646406749187,-0.9105646406749188,0.016035666984962615,False,0.005799279357355115,True,6.923460219436187e-15,1000,True,11.891264002770185
cstr,11,recoverable_difficult,High,0.0100038012931925,False,A_no_greedy,1000,10,19001010,30,-0.9266003076598814,-0.9105646406749187,-0.9257129197680021,0.0008873878918793654,False,0.0013642289604004904,False,0.9446616163386591,1000,True,11.982252995949239
cstr,11,recoverable_difficult,High,0.0100038012931925,False,A_no_greedy,1000,11,19001011,30,-0.9266003076598814,-0.9105646406749187,-0.925151488943921,0.001448818715960476,False,0.0017431611539258443,False,0.9096502367304653,1000,True,11.840428051073104
cstr,11,recoverable_difficult,High,0.0100038012931925,False,A_no_greedy,1000,12,19001012,30,-0.9266003076598814,-0.9105646406749187,-0.9105646406749188,0.016035666984962615,False,0.005799279357355115,True,6.923460219436187e-15,1000,True,11.734027008060366
cstr,11,recoverable_difficult,High,0.0100038012931925,False,A_no_greedy,1000,13,19001013,30,-0.9266003076598814,-0.9105646406749187,-0.9105646406749188,0.016035666984962615,False,0.005799279357355115,True,6.923460219436187e-15,1000,True,11.895032017491758
cstr,11,recoverable_difficult,High,0.0100038012931925,False,A_no_greedy,1000,14,19001014,30,-0.9266003076598814,-0.9105646406749187,-0.9105646406749188,0.016035666984962615,False,0.005799279357355115,True,6.923460219436187e-15,1000,True,11.82636700104922
cstr,11,recoverable_difficult,High,0.0100038012931925,False,A_no_greedy,1000,15,19001015,30,-0.9266003076598814,-0.9105646406749187,-0.9105646406749188,0.016035666984962615,False,0.005799279357355115,True,6.923460219436187e-15,1000,True,11.87324698548764
cstr,11,recoverable_difficult,High,0.0100038012931925,False,A_no_greedy,1000,16,19001016,30,-0.9266003076598814,-0.9105646406749187,-0.9264702262457298,0.000130081414151606,False,0.0005223217854799581,False,0.9918879947885181,1000,True,12.187064974568784
cstr,11,recoverable_difficult,High,0.0100038012931925,False,A_no_greedy,1000,17,19001017,30,-0.9266003076598814,-0.9105646406749187,-0.9105646406749188,0.016035666984962615,False,0.005799279357355115,True,6.923460219436187e-15,1000,True,12.102549953851849
cstr,11,recoverable_difficult,High,0.0100038012931925,False,A_no_greedy,1000,18,19001018,30,-0.9266003076598814,-0.9105646406749187,-0.9105646406749188,0.016035666984962615,False,0.005799279357355115,True,6.923460219436187e-15,1000,True,12.366000039037317
cstr,11,recoverable_difficult,High,0.0100038012931925,False,A_no_greedy,1000,19,19001019,30,-0.9266003076598814,-0.9105646406749187,-0.9242711435750581,0.0023291640848233097,False,0.0022101948251937245,False,0.8547510317464526,1000,True,12.357288971543312
cstr,11,recoverable_difficult,High,0.0100038012931925,False,A_no_greedy,1000,20,19001020,30,-0.9266003076598814,-0.9105646406749187,-0.9105646406749188,0.016035666984962615,False,0.005799279357355115,True,6.923460219436187e-15,1000,True,12.323180038947612
cstr,11,recoverable_difficult,High,0.0100038012931925,False,A_no_greedy,1000,21,19001021,30,-0.9266003076598814,-0.9105646406749187,-0.9105646406749188,0.016035666984962615,False,0.005799279357355115,True,6.923460219436187e-15,1000,True,11.991456965915859
cstr,11,recoverable_difficult,High,0.0100038012931925,False,A_no_greedy,1000,22,19001022,30,-0.9266003076598814,-0.9105646406749187,-0.9204159129463112,0.00618439471357024,False,0.003601464311297521,False,0.614335049526185,1000,True,11.831253999844193
cstr,11,recoverable_difficult,High,0.0100038012931925,False,A_no_greedy,1000,23,19001023,30,-0.9266003076598814,-0.9105646406749187,-0.9105646406749188,0.016035666984962615,False,0.005799279357355115,True,6.923460219436187e-15,1000,True,11.864696978591383
cstr,11,recoverable_difficult,High,0.0100038012931925,False,A_no_greedy,1000,24,19001024,30,-0.9266003076598814,-0.9105646406749187,-0.9105646406749188,0.016035666984962615,False,0.005799279357355115,True,6.923460219436187e-15,1000,True,11.874400021042675
cstr,11,recoverable_difficult,High,0.0100038012931925,False,A_no_greedy,1000,25,19001025,30,-0.9266003076598814,-0.9105646406749187,-0.9192869558439922,0.007313351815889213,False,0.003916415389080094,False,0.5439321717801181,1000,True,11.97442295961082
cstr,11,recoverable_difficult,High,0.0100038012931925,False,A_no_greedy,1000,26,19001026,30,-0.9266003076598814,-0.9105646406749187,-0.9265886538905339,1.1653769347530485e-05,True,0.00015633770217571286,False,0.9992732594560327,1000,True,12.151469010859728
cstr,11,recoverable_difficult,High,0.0100038012931925,False,A_no_greedy,1000,27,19001027,30,-0.9266003076598814,-0.9105646406749187,-0.9228389902233303,0.0037613174365511703,False,0.0028086686645680675,False,0.7654405370179921,1000,True,11.83945097727701
cstr,11,recoverable_difficult,High,0.0100038012931925,False,A_no_greedy,1000,28,19001028,30,-0.9266003076598814,-0.9105646406749187,-0.926450199597656,0.00015010806222548467,False,0.0005610899949404918,False,0.9906391132737885,1000,True,11.896991985850036
cstr,11,recoverable_difficult,High,0.0100038012931925,False,A_no_greedy,1000,29,19001029,30,-0.9266003076598814,-0.9105646406749187,-0.9105646406749188,0.016035666984962615,False,0.005799279357355115,True,6.923460219436187e-15,1000,True,11.945712030865252
cstr,11,recoverable_difficult,High,0.0100038012931925,False,B_no_bridge,1000,0,19002000,30,-0.9266003076598814,-0.9105646406749187,-0.9105646406749188,0.016035666984962615,False,0.005799279357355115,True,6.923460219436187e-15,1000,True,12.616574007552117
cstr,11,recoverable_difficult,High,0.0100038012931925,False,B_no_bridge,1000,1,19002001,30,-0.9266003076598814,-0.9105646406749187,-0.9105646406749188,0.016035666984962615,False,0.005799279357355115,True,6.923460219436187e-15,1000,True,12.615740997716784
cstr,11,recoverable_difficult,High,0.0100038012931925,False,B_no_bridge,1000,2,19002002,30,-0.9266003076598814,-0.9105646406749187,-0.9105646406749188,0.016035666984962615,False,0.005799279357355115,True,6.923460219436187e-15,1000,True,12.951368000358343
cstr,11,recoverable_difficult,High,0.0100038012931925,False,B_no_bridge,1000,3,19002003,30,-0.9266003076598814,-0.9105646406749187,-0.9105646406749188,0.016035666984962615,False,0.005799279357355115,True,6.923460219436187e-15,1000,True,12.748713023029268
cstr,11,recoverable_difficult,High,0.0100038012931925,False,B_no_bridge,1000,4,19002004,30,-0.9266003076598814,-0.9105646406749187,-0.9105646406749188,0.016035666984962615,False,0.005799279357355115,True,6.923460219436187e-15,1000,True,12.70119403488934
cstr,11,recoverable_difficult,High,0.0100038012931925,False,B_no_bridge,1000,5,19002005,30,-0.9266003076598814,-0.9105646406749187,-0.9105646406749188,0.016035666984962615,False,0.005799279357355115,True,6.923460219436187e-15,1000,True,12.85362197086215
cstr,11,recoverable_difficult,High,0.0100038012931925,False,B_no_bridge,1000,6,19002006,30,-0.9266003076598814,-0.9105646406749187,-0.9105646406749188,0.016035666984962615,False,0.005799279357355115,True,6.923460219436187e-15,1000,True,12.864726013503969
cstr,11,recoverable_difficult,High,0.0100038012931925,False,B_no_bridge,1000,7,19002007,30,-0.9266003076598814,-0.9105646406749187,-0.9105646406749188,0.016035666984962615,False,0.005799279357355115,True,6.923460219436187e-15,1000,True,12.858853966463357
cstr,11,recoverable_difficult,High,0.0100038012931925,False,B_no_bridge,1000,8,19002008,30,-0.9266003076598814,-0.9105646406749187,-0.9105646406749188,0.016035666984962615,False,0.005799279357355115,True,6.923460219436187e-15,1000,True,12.939156033098698
cstr,11,recoverable_difficult,High,0.0100038012931925,False,B_no_bridge,1000,9,19002009,30,-0.9266003076598814,-0.9105646406749187,-0.9105646406749188,0.016035666984962615,False,0.005799279357355115,True,6.923460219436187e-15,1000,True,12.815051013603806
cstr,11,recoverable_difficult,High,0.0100038012931925,False,B_no_bridge,1000,10,19002010,30,-0.9266003076598814,-0.9105646406749187,-0.9105646406749188,0.016035666984962615,False,0.005799279357355115,True,6.923460219436187e-15,1000,True,12.693558004684746
cstr,11,recoverable_difficult,High,0.0100038012931925,False,B_no_bridge,1000,11,19002011,30,-0.9266003076598814,-0.9105646406749187,-0.9105646406749188,0.016035666984962615,False,0.005799279357355115,True,6.923460219436187e-15,1000,True,12.977281992789358
cstr,11,recoverable_difficult,High,0.0100038012931925,False,B_no_bridge,1000,12,19002012,30,-0.9266003076598814,-0.9105646406749187,-0.9105646406749188,0.016035666984962615,False,0.005799279357355115,True,6.923460219436187e-15,1000,True,12.828707986045629
cstr,11,recoverable_difficult,High,0.0100038012931925,False,B_no_bridge,1000,13,19002013,30,-0.9266003076598814,-0.9105646406749187,-0.9105646406749188,0.016035666984962615,False,0.005799279357355115,True,6.923460219436187e-15,1000,True,12.783125974237919
cstr,11,recoverable_difficult,High,0.0100038012931925,False,B_no_bridge,1000,14,19002014,30,-0.9266003076598814,-0.9105646406749187,-0.9105646406749188,0.016035666984962615,False,0.005799279357355115,True,6.923460219436187e-15,1000,True,12.701036990620196
cstr,11,recoverable_difficult,High,0.0100038012931925,False,B_no_bridge,1000,15,19002015,30,-0.9266003076598814,-0.9105646406749187,-0.9105646406749188,0.016035666984962615,False,0.005799279357355115,True,6.923460219436187e-15,1000,True,12.995505996514112
cstr,11,recoverable_difficult,High,0.0100038012931925,False,B_no_bridge,1000,16,19002016,30,-0.9266003076598814,-0.9105646406749187,-0.9105646406749188,0.016035666984962615,False,0.005799279357355115,True,6.923460219436187e-15,1000,True,12.87974399747327
cstr,11,recoverable_difficult,High,0.0100038012931925,False,B_no_bridge,1000,17,19002017,30,-0.9266003076598814,-0.9105646406749187,-0.9105646406749188,0.016035666984962615,False,0.005799279357355115,True,6.923460219436187e-15,1000,True,12.830435007344931
cstr,11,recoverable_difficult,High,0.0100038012931925,False,B_no_bridge,1000,18,19002018,30,-0.9266003076598814,-0.9105646406749187,-0.9129833460215646,0.013616961638316827,False,0.0053440513476200255,False,0.15083284960419885,1000,True,12.822056945879012
cstr,11,recoverable_difficult,High,0.0100038012931925,False,B_no_bridge,1000,19,19002019,30,-0.9266003076598814,-0.9105646406749187,-0.9105646406749188,0.016035666984962615,False,0.005799279357355115,True,6.923460219436187e-15,1000,True,12.552701984532177
cstr,11,recoverable_difficult,High,0.0100038012931925,False,B_no_bridge,1000,20,19002020,30,-0.9266003076598814,-0.9105646406749187,-0.9105646406749188,0.016035666984962615,False,0.005799279357355115,True,6.923460219436187e-15,1000,True,12.491474044509232
cstr,11,recoverable_difficult,High,0.0100038012931925,False,B_no_bridge,1000,21,19002021,30,-0.9266003076598814,-0.9105646406749187,-0.9105646406749188,0.016035666984962615,False,0.005799279357355115,True,6.923460219436187e-15,1000,True,12.663052009884268
cstr,11,recoverable_difficult,High,0.0100038012931925,False,B_no_bridge,1000,22,19002022,30,-0.9266003076598814,-0.9105646406749187,-0.9105646406749188,0.016035666984962615,False,0.005799279357355115,True,6.923460219436187e-15,1000,True,12.512860994320363
cstr,11,recoverable_difficult,High,0.0100038012931925,False,B_no_bridge,1000,23,19002023,30,-0.9266003076598814,-0.9105646406749187,-0.9105646406749188,0.016035666984962615,False,0.005799279357355115,True,6.923460219436187e-15,1000,True,12.636933999601752
cstr,11,recoverable_difficult,High,0.0100038012931925,False,B_no_bridge,1000,24,19002024,30,-0.9266003076598814,-0.9105646406749187,-0.9105646406749188,0.016035666984962615,False,0.005799279357355115,True,6.923460219436187e-15,1000,True,12.656646023970097
cstr,11,recoverable_difficult,High,0.0100038012931925,False,B_no_bridge,1000,25,19002025,30,-0.9266003076598814,-0.9105646406749187,-0.9105646406749188,0.016035666984962615,False,0.005799279357355115,True,6.923460219436187e-15,1000,True,12.551963969599456
cstr,11,recoverable_difficult,High,0.0100038012931925,False,B_no_bridge,1000,26,19002026,30,-0.9266003076598814,-0.9105646406749187,-0.9105646406749188,0.016035666984962615,False,0.005799279357355115,True,6.923460219436187e-15,1000,True,12.480351026169956
cstr,11,recoverable_difficult,High,0.0100038012931925,False,B_no_bridge,1000,27,19002027,30,-0.9266003076598814,-0.9105646406749187,-0.9105646406749188,0.016035666984962615,False,0.005799279357355115,True,6.923460219436187e-15,1000,True,12.734541029203683
cstr,11,recoverable_difficult,High,0.0100038012931925,False,B_no_bridge,1000,28,19002028,30,-0.9266003076598814,-0.9105646406749187,-0.9105646406749188,0.016035666984962615,False,0.005799279357355115,True,6.923460219436187e-15,1000,True,12.528143997769803
cstr,11,recoverable_difficult,High,0.0100038012931925,False,B_no_bridge,1000,29,19002029,30,-0.9266003076598814,-0.9105646406749187,-0.9105646406749188,0.016035666984962615,False,0.005799279357355115,True,6.923460219436187e-15,1000,True,12.48441101051867
cstr,11,recoverable_difficult,High,0.0100038012931925,False,C_fitness_group,1000,0,19003000,30,-0.9266003076598814,-0.9105646406749187,-0.926353516769028,0.0002467908908534433,False,0.0007194408246404965,False,0.9846098767775068,1000,True,14.96406301157549
cstr,11,recoverable_difficult,High,0.0100038012931925,False,C_fitness_group,1000,1,19003001,30,-0.9266003076598814,-0.9105646406749187,-0.9105646406749188,0.016035666984962615,False,0.005799279357355115,True,6.923460219436187e-15,1000,True,14.89338802639395
cstr,11,recoverable_difficult,High,0.0100038012931925,False,C_fitness_group,1000,2,19003002,30,-0.9266003076598814,-0.9105646406749187,-0.9265990020185378,1.305641343596342e-06,True,5.23290032159035e-05,False,0.9999185789188051,1000,True,14.741247985512018
cstr,11,recoverable_difficult,High,0.0100038012931925,False,C_fitness_group,1000,3,19003003,30,-0.9266003076598814,-0.9105646406749187,-0.9252954068249677,0.001304900834913747,False,0.0016543190464012106,False,0.9186250976565301,1000,True,15.1551470044069
cstr,11,recoverable_difficult,High,0.0100038012931925,False,C_fitness_group,1000,4,19003004,30,-0.9266003076598814,-0.9105646406749187,-0.9105646406749188,0.016035666984962615,False,0.005799279357355115,True,6.923460219436187e-15,1000,True,15.224736998789012
cstr,11,recoverable_difficult,High,0.0100038012931925,False,C_fitness_group,1000,5,19003005,30,-0.9266003076598814,-0.9105646406749187,-0.9247878332858697,0.0018124743740117744,False,0.0019496939894253842,False,0.8869723114285547,1000,True,15.11726895114407
cstr,11,recoverable_difficult,High,0.0100038012931925,False,C_fitness_group,1000,6,19003006,30,-0.9266003076598814,-0.9105646406749187,-0.9261363058497956,0.00046400181008587893,False,0.0009864846973701297,False,0.9710643897431275,1000,True,14.757130003999919
cstr,11,recoverable_difficult,High,0.0100038012931925,False,C_fitness_group,1000,7,19003007,30,-0.9266003076598814,-0.9105646406749187,-0.9152571373147336,0.011343170345147868,False,0.004877505215101399,False,0.2926287159876291,1000,True,14.641771034803241
cstr,11,recoverable_difficult,High,0.0100038012931925,False,C_fitness_group,1000,8,19003008,30,-0.9266003076598814,-0.9105646406749187,-0.9265226112023646,7.769645751687371e-05,True,0.0004036743218929287,False,0.995154772321617,1000,True,14.650010969489813
cstr,11,recoverable_difficult,High,0.0100038012931925,False,C_fitness_group,1000,9,19003009,30,-0.9266003076598814,-0.9105646406749187,-0.9208802525811246,0.005720055078756836,False,0.0034636230462955914,False,0.6432917268660695,1000,True,14.654514961875975
cstr,11,recoverable_difficult,High,0.0100038012931925,False,C_fitness_group,1000,10,19003010,30,-0.9266003076598814,-0.9105646406749187,-0.9106537647435332,0.015946542916348228,False,0.005783141097326187,False,0.005557864770955526,1000,True,14.554927009157836
cstr,11,recoverable_difficult,High,0.0100038012931925,False,C_fitness_group,1000,11,19003011,30,-0.9266003076598814,-0.9105646406749187,-0.9254422086925425,0.001158098967338983,False,0.0015584876048495913,False,0.9277798068253115,1000,True,14.789625012781471
cstr,11,recoverable_difficult,High,0.0100038012931925,False,C_fitness_group,1000,12,19003012,30,-0.9266003076598814,-0.9105646406749187,-0.9230753022389955,0.0035250054208859627,False,0.0027190075277718495,False,0.7801771872544186,1000,True,14.67373303603381
cstr,11,recoverable_difficult,High,0.0100038012931925,False,C_fitness_group,1000,13,19003013,30,-0.9266003076598814,-0.9105646406749187,-0.9129637225698132,0.013636585090068265,False,0.005347900626999823,False,0.1496091118095789,1000,True,14.74428700748831
cstr,11,recoverable_difficult,High,0.0100038012931925,False,C_fitness_group,1000,14,19003014,30,-0.9266003076598814,-0.9105646406749187,-0.9258117782913972,0.0007885293684842809,False,0.00128599550895208,False,0.9508265313052637,1000,True,14.6816479973495
cstr,11,recoverable_difficult,High,0.0100038012931925,False,C_fitness_group,1000,15,19003015,30,-0.9266003076598814,-0.9105646406749187,-0.9177876876302873,0.008812620029594154,False,0.004299154353527124,False,0.45043632810171896,1000,True,14.664525049738586
cstr,11,recoverable_difficult,High,0.0100038012931925,False,C_fitness_group,1000,16,19003016,30,-0.9266003076598814,-0.9105646406749187,-0.9105646406749188,0.016035666984962615,False,0.005799279357355115,True,6.923460219436187e-15,1000,True,15.019667043816298
cstr,11,recoverable_difficult,High,0.0100038012931925,False,C_fitness_group,1000,17,19003017,30,-0.9266003076598814,-0.9105646406749187,-0.9262739318988177,0.00032637576106375743,False,0.0008273503674856575,False,0.9796468858220981,1000,True,15.214575978461653
cstr,11,recoverable_difficult,High,0.0100038012931925,False,C_fitness_group,1000,18,19003018,30,-0.9266003076598814,-0.9105646406749187,-0.9105646406749188,0.016035666984962615,False,0.005799279357355115,True,6.923460219436187e-15,1000,True,15.064998995512724
cstr,11,recoverable_difficult,High,0.0100038012931925,False,C_fitness_group,1000,19,19003019,30,-0.9266003076598814,-0.9105646406749187,-0.9242670434414386,0.002333264218442821,False,0.00221213932312965,False,0.8544953433723204,1000,True,15.110658016055822
cstr,11,recoverable_difficult,High,0.0100038012931925,False,C_fitness_group,1000,20,19003020,30,-0.9266003076598814,-0.9105646406749187,-0.9237986848492996,0.0028016228105818275,False,0.0024240152499627604,False,0.8252880398920095,1000,True,15.384210972115397
cstr,11,recoverable_difficult,High,0.0100038012931925,False,C_fitness_group,1000,21,19003021,30,-0.9266003076598814,-0.9105646406749187,-0.9250130339259943,0.001587273733887118,False,0.0018245527765738748,False,0.9010160453334702,1000,True,15.326052031014115
cstr,11,recoverable_difficult,High,0.0100038012931925,False,C_fitness_group,1000,22,19003022,30,-0.9266003076598814,-0.9105646406749187,-0.9147994625413527,0.011800845118528747,False,0.004974931102329591,False,0.2640876659764223,1000,True,15.30966704012826
cstr,11,recoverable_difficult,High,0.0100038012931925,False,C_fitness_group,1000,23,19003023,30,-0.9266003076598814,-0.9105646406749187,-0.9105646406749188,0.016035666984962615,False,0.005799279357355115,True,6.923460219436187e-15,1000,True,15.291546995285898
cstr,11,recoverable_difficult,High,0.0100038012931925,False,C_fitness_group,1000,24,19003024,30,-0.9266003076598814,-0.9105646406749187,-0.9261697609904678,0.00043054666941366726,False,0.000950256026054426,False,0.9731506852931401,1000,True,14.993028016760945
cstr,11,recoverable_difficult,High,0.0100038012931925,False,C_fitness_group,1000,25,19003025,30,-0.9266003076598814,-0.9105646406749187,-0.9253497423696166,0.0012505652902647935,False,0.0016195102485469862,False,0.9220135157809465,1000,True,15.005182009190321
cstr,11,recoverable_difficult,High,0.0100038012931925,False,C_fitness_group,1000,26,19003026,30,-0.9266003076598814,-0.9105646406749187,-0.9108068349020376,0.01579347275784382,False,0.005755318110917541,False,0.01510347074094412,1000,True,14.985659974627197
cstr,11,recoverable_difficult,High,0.0100038012931925,False,C_fitness_group,1000,27,19003027,30,-0.9266003076598814,-0.9105646406749187,-0.9226839542415215,0.003916353418359941,False,0.0028659687693288888,False,0.755772340368975,1000,True,15.086141997016966
cstr,11,recoverable_difficult,High,0.0100038012931925,False,C_fitness_group,1000,28,19003028,30,-0.9266003076598814,-0.9105646406749187,-0.9264575085606926,0.00014279909918879508,False,0.0005472594243311271,False,0.9910949074134114,1000,True,15.330732974689454
cstr,11,recoverable_difficult,High,0.0100038012931925,False,C_fitness_group,1000,29,19003029,30,-0.9266003076598814,-0.9105646406749187,-0.9265949043399662,5.403319915275873e-06,True,0.00010645372338732167,False,0.9996630436438757,1000,True,15.104317048098892
cstr,11,recoverable_difficult,High,0.0100038012931925,False,D_no_warm_slot,1000,0,19004000,30,-0.9266003076598814,-0.9105646406749187,-0.9226973978843203,0.003902909775561181,False,0.0028610455438460927,False,0.7566106991856907,1000,True,12.005919008515775
cstr,11,recoverable_difficult,High,0.0100038012931925,False,D_no_warm_slot,1000,1,19004001,30,-0.9266003076598814,-0.9105646406749187,-0.896974521856914,0.029625785802967486,False,0.007882526775227341,False,-0.8474932056614013,1000,True,11.961365002207458
cstr,11,recoverable_difficult,High,0.0100038012931925,False,D_no_warm_slot,1000,2,19004002,30,-0.9266003076598814,-0.9105646406749187,-0.9248353780472576,0.0017649296126238667,False,0.0019239519005260705,False,0.8899372496149421,1000,True,11.592824012041092
cstr,11,recoverable_difficult,High,0.0100038012931925,False,D_no_warm_slot,1000,3,19004003,30,-0.9266003076598814,-0.9105646406749187,-0.9141725075429739,0.012427800116907584,False,0.005044539305284048,False,0.2249901342699609,1000,True,11.713379004504532
cstr,11,recoverable_difficult,High,0.0100038012931925,False,D_no_warm_slot,1000,4,19004004,30,-0.9266003076598814,-0.9105646406749187,-0.9262630062320985,0.00033730142778298777,False,0.0008410844525918171,False,0.9789655504757433,1000,True,11.714735010173172
cstr,11,recoverable_difficult,High,0.0100038012931925,False,D_no_warm_slot,1000,5,19004005,30,-0.9266003076598814,-0.9105646406749187,-0.9262777363727159,0.0003225712871655073,False,0.0008225141328668181,False,0.9798841365645723,1000,True,11.787437018938363
cstr,11,recoverable_difficult,High,0.0100038012931925,False,D_no_warm_slot,1000,6,19004006,30,-0.9266003076598814,-0.9105646406749187,-0.9256552035008554,0.0009451041590260445,False,0.0014078952786212018,False,0.9410623730268092,1000,True,11.408118007238954
cstr,11,recoverable_difficult,High,0.0100038012931925,False,D_no_warm_slot,1000,7,19004007,30,-0.9266003076598814,-0.9105646406749187,-0.9225725986382283,0.00402770902165317,False,0.0029064279362112228,False,0.7488280951811914,1000,True,11.4390539820306
cstr,11,recoverable_difficult,High,0.0100038012931925,False,D_no_warm_slot,1000,8,19004008,30,-0.9266003076598814,-0.9105646406749187,-0.9258037462487767,0.0007965614111047348,False,0.0012925285569044195,False,0.950325645210037,1000,True,11.827100010123104
cstr,11,recoverable_difficult,High,0.0100038012931925,False,D_no_warm_slot,1000,9,19004009,30,-0.9266003076598814,-0.9105646406749187,-0.9265314568826551,6.885077722629251e-05,True,0.0003800011745233728,False,0.9957063976639788,1000,True,11.58585405210033
cstr,11,recoverable_difficult,High,0.0100038012931925,False,D_no_warm_slot,1000,10,19004010,30,-0.9266003076598814,-0.9105646406749187,-0.8999897595409523,0.026610548118929156,False,0.007470633404683458,False,-0.6594600114783445,1000,True,11.872383009176701
cstr,11,recoverable_difficult,High,0.0100038012931925,False,D_no_warm_slot,1000,11,19004011,30,-0.9266003076598814,-0.9105646406749187,-0.9255068723209454,0.0010934353389360219,False,0.001514352811811094,False,0.9318122944333167,1000,True,11.340674012899399
cstr,11,recoverable_difficult,High,0.0100038012931925,False,D_no_warm_slot,1000,12,19004012,30,-0.9266003076598814,-0.9105646406749187,-0.9263817641392639,0.00021854352061756455,False,0.0006770168579291538,False,0.9863714106296606,1000,True,11.391529988031834
cstr,11,recoverable_difficult,High,0.0100038012931925,False,D_no_warm_slot,1000,13,19004013,30,-0.9266003076598814,-0.9105646406749187,-0.9266001789760056,1.2868387588849117e-07,True,1.6428298367655858e-05,False,0.9999919751466522,1000,True,11.63317303871736
cstr,11,recoverable_difficult,High,0.0100038012931925,False,D_no_warm_slot,1000,14,19004014,30,-0.9266003076598814,-0.9105646406749187,-0.9260588433279459,0.0005414643319355816,False,0.001065652092613327,False,0.9662337505235464,1000,True,11.469974007923156
cstr,11,recoverable_difficult,High,0.0100038012931925,False,D_no_warm_slot,1000,15,19004015,30,-0.9266003076598814,-0.9105646406749187,-0.9265945212606747,5.7863992067863634e-06,True,0.00011016273552279243,False,0.9996391544416449,1000,True,11.595501971896738
cstr,11,recoverable_difficult,High,0.0100038012931925,False,D_no_warm_slot,1000,16,19004016,30,-0.9266003076598814,-0.9105646406749187,-0.9265667942770236,3.3513382857841556e-05,True,0.0002651182652363554,False,0.9979100724098805,1000,True,11.609642999246716
cstr,11,recoverable_difficult,High,0.0100038012931925,False,D_no_warm_slot,1000,17,19004017,30,-0.9266003076598814,-0.9105646406749187,-0.9263882321833076,0.00021207547657386971,False,0.0006669230707853496,False,0.9867747642319623,1000,True,11.469247983768582
cstr,11,recoverable_difficult,High,0.0100038012931925,False,D_no_warm_slot,1000,18,19004018,30,-0.9266003076598814,-0.9105646406749187,-0.926575417969409,2.4889690472429393e-05,True,0.0002284758297656994,False,0.9984478543676563,1000,True,11.524046014528722
cstr,11,recoverable_difficult,High,0.0100038012931925,False,D_no_warm_slot,1000,19,19004019,30,-0.9266003076598814,-0.9105646406749187,-0.9265549991105198,4.530854936168893e-05,True,0.00030826242758909966,False,0.997174514199866,1000,True,11.696818983182311
cstr,11,recoverable_difficult,High,0.0100038012931925,False,D_no_warm_slot,1000,20,19004020,30,-0.9266003076598814,-0.9105646406749187,-0.9265978030756439,2.5045842375615024e-06,True,7.247668765253401e-05,False,0.999843811658105,1000,True,11.718048015609384
cstr,11,recoverable_difficult,High,0.0100038012931925,False,D_no_warm_slot,1000,21,19004021,30,-0.9266003076598814,-0.9105646406749187,-0.9265999617678113,3.458920700971646e-07,True,2.693399765441029e-05,False,0.999978429829553,1000,True,11.670716980006546
cstr,11,recoverable_difficult,High,0.0100038012931925,False,D_no_warm_slot,1000,22,19004022,30,-0.9266003076598814,-0.9105646406749187,-0.9263146800521482,0.0002856276077332076,False,0.0007739815471623848,False,0.9821879808304168,1000,True,11.900144978426397
cstr,11,recoverable_difficult,High,0.0100038012931925,False,D_no_warm_slot,1000,23,19004023,30,-0.9266003076598814,-0.9105646406749187,-0.9264126143690595,0.00018769329082191089,False,0.000627414988958741,False,0.9882952613696756,1000,True,11.835356999654323
cstr,11,recoverable_difficult,High,0.0100038012931925,False,D_no_warm_slot,1000,24,19004024,30,-0.9266003076598814,-0.9105646406749187,-0.9260014944463685,0.0005988132135129609,False,0.0011206660176270797,False,0.9626574177379406,1000,True,12.095323007088155
cstr,11,recoverable_difficult,High,0.0100038012931925,False,D_no_warm_slot,1000,25,19004025,30,-0.9266003076598814,-0.9105646406749187,-0.9245094812326281,0.002090826427253334,False,0.002094061854545845,False,0.8696140030087939,1000,True,11.792397010140121
cstr,11,recoverable_difficult,High,0.0100038012931925,False,D_no_warm_slot,1000,26,19004026,30,-0.9266003076598814,-0.9105646406749187,-0.926595940270681,4.367389200399252e-06,True,9.5706506384588e-05,False,0.9997276453044021,1000,True,11.654429021291435
cstr,11,recoverable_difficult,High,0.0100038012931925,False,D_no_warm_slot,1000,27,19004027,30,-0.9266003076598814,-0.9105646406749187,-0.9264093481216007,0.00019095953828074386,False,0.0006328505958287517,False,0.9880915749585087,1000,True,11.77341298898682
cstr,11,recoverable_difficult,High,0.0100038012931925,False,D_no_warm_slot,1000,28,19004028,30,-0.9266003076598814,-0.9105646406749187,-0.9265840713890554,1.6236270826031074e-05,True,0.0001845328370753338,False,0.99898749014673,1000,True,11.78633701056242
cstr,11,recoverable_difficult,High,0.0100038012931925,False,D_no_warm_slot,1000,29,19004029,30,-0.9266003076598814,-0.9105646406749187,-0.9265629537449829,3.7353914898563545e-05,True,0.00027989721541894774,False,0.9976705730460983,1000,True,12.13999802712351
cstr,15,recoverable_difficult,High,0.0413489282932192,False,baseline,1000,0,20000000,30,-0.05494846455070787,-0.05232909119040623,-0.05488449243591157,6.397211479629988e-05,True,0.03255801900288153,False,0.9755773209860648,1000,True,11.505854956340045
cstr,15,recoverable_difficult,High,0.0413489282932192,False,baseline,1000,1,20000001,30,-0.05494846455070787,-0.05232909119040623,-0.054900474223265855,4.79903274420157e-05,True,0.019499745154565793,False,0.9816786991234846,1000,True,11.738361965399235
cstr,15,recoverable_difficult,High,0.0413489282932192,False,baseline,1000,2,20000002,30,-0.05494846455070787,-0.05232909119040623,-0.054927787468054184,2.0677082653686174e-05,True,0.01601037347271306,False,0.9921060956917936,1000,True,11.711961997207254
cstr,15,recoverable_difficult,High,0.0413489282932192,False,baseline,1000,3,20000003,30,-0.05494846455070787,-0.05232909119040623,-0.05494059682516051,7.867725547359983e-06,True,0.009616135295333231,False,0.9969963329143525,1000,True,11.983848991803825
cstr,15,recoverable_difficult,High,0.0413489282932192,False,baseline,1000,4,20000004,30,-0.05494846455070787,-0.05232909119040623,-0.054925590765790164,2.2873784917706863e-05,True,0.0038346091536102514,False,0.991267459131877,1000,True,12.03162397723645
cstr,15,recoverable_difficult,High,0.0413489282932192,False,baseline,1000,5,20000005,30,-0.05494846455070787,-0.05232909119040623,-0.05494289585146682,5.568699241051411e-06,True,0.009384246292613741,False,0.9978740337954685,1000,True,12.04945199424401
cstr,15,recoverable_difficult,High,0.0413489282932192,False,baseline,1000,6,20000006,30,-0.05494846455070787,-0.05232909119040623,-0.0548451319783593,0.00010333257234856896,False,0.017744909696294837,False,0.9605506515739057,1000,True,11.765933013521135
cstr,15,recoverable_difficult,High,0.0413489282932192,False,baseline,1000,7,20000007,30,-0.05494846455070787,-0.05232909119040623,-0.05488359405302197,6.487049768590103e-05,True,0.03258120252316016,False,0.9752343447218877,1000,True,11.850666021928191
cstr,15,recoverable_difficult,High,0.0413489282932192,False,baseline,1000,8,20000008,30,-0.05494846455070787,-0.05232909119040623,-0.05494652263479545,1.9419159124206553e-06,True,0.0010548471413616585,False,0.9992586334037554,1000,True,12.025167001411319
cstr,15,recoverable_difficult,High,0.0413489282932192,False,baseline,1000,9,20000009,30,-0.05494846455070787,-0.05232909119040623,-0.05483642333154597,0.00011204121916189719,False,0.02103939327523381,False,0.9572259453883296,1000,True,11.737803986761719
cstr,15,recoverable_difficult,High,0.0413489282932192,False,baseline,1000,10,20000010,30,-0.05494846455070787,-0.05232909119040623,-0.05481258859587344,0.00013587595483442738,False,0.002022007864692274,False,0.9481265416783577,1000,True,11.28983695525676
cstr,15,recoverable_difficult,High,0.0413489282932192,False,baseline,1000,11,20000011,30,-0.05494846455070787,-0.05232909119040623,-0.054905760153279956,4.270439742791454e-05,True,0.026160500375092443,False,0.9836967123224477,1000,True,11.8086879956536
cstr,15,recoverable_difficult,High,0.0413489282932192,False,baseline,1000,12,20000012,30,-0.05494846455070787,-0.05232909119040623,-0.05490404025703908,4.4424293668791914e-05,True,0.009279064515202731,False,0.9830401063315097,1000,True,11.931377986911684
cstr,15,recoverable_difficult,High,0.0413489282932192,False,baseline,1000,13,20000013,30,-0.05494846455070787,-0.05232909119040623,-0.054844607982218053,0.00010385656848981711,False,0.041471641914784946,False,0.960350605200529,1000,True,11.950845015235245
cstr,15,recoverable_difficult,High,0.0413489282932192,False,baseline,1000,14,20000014,30,-0.05494846455070787,-0.05232909119040623,-0.05470440098629536,0.00024406356441251248,False,0.03149157617608079,False,0.9068236822930785,1000,True,12.067443982232362
cstr,15,recoverable_difficult,High,0.0413489282932192,False,baseline,1000,15,20000015,30,-0.05494846455070787,-0.05232909119040623,-0.05492425994640437,2.4204604303502963e-05,True,0.0042484926645535385,False,0.9907593912840605,1000,True,11.940299009438604
cstr,15,recoverable_difficult,High,0.0413489282932192,False,baseline,1000,16,20000016,30,-0.05494846455070787,-0.05232909119040623,-0.054868309340284444,8.01552104234271e-05,True,0.019319777935169223,False,0.9693990892485077,1000,True,11.863939987961203
cstr,15,recoverable_difficult,High,0.0413489282932192,False,baseline,1000,17,20000017,30,-0.05494846455070787,-0.05232909119040623,-0.05493595685380431,1.2507696903557575e-05,True,0.01013107267161226,False,0.9952249278040618,1000,True,11.667303973808885
cstr,15,recoverable_difficult,High,0.0413489282932192,False,baseline,1000,18,20000018,30,-0.05494846455070787,-0.05232909119040623,-0.054891296484794884,5.7168065912986676e-05,True,0.024493032852962147,False,0.978174907487643,1000,True,11.782841000240296
cstr,15,recoverable_difficult,High,0.0413489282932192,False,baseline,1000,19,20000019,30,-0.05494846455070787,-0.05232909119040623,-0.05491386860058868,3.459595011919003e-05,True,0.023690286181809486,False,0.986792279923315,1000,True,11.78055303171277
cstr,15,recoverable_difficult,High,0.0413489282932192,False,baseline,1000,20,20000020,30,-0.05494846455070787,-0.05232909119040623,-0.05494390985782115,4.554692886724054e-06,True,0.008517499210232208,False,0.9982611517106521,1000,True,11.485693976283073
cstr,15,recoverable_difficult,High,0.0413489282932192,False,baseline,1000,21,20000021,30,-0.05494846455070787,-0.05232909119040623,-0.054931111738132234,1.7352812575636978e-05,True,0.014007139951319858,False,0.9933752046047996,1000,True,11.772491037845612
cstr,15,recoverable_difficult,High,0.0413489282932192,False,baseline,1000,22,20000022,30,-0.05494846455070787,-0.05232909119040623,-0.05493634899938424,1.2115551323632623e-05,True,0.010782454963707087,False,0.9953746374964135,1000,True,11.66776695754379
cstr,15,recoverable_difficult,High,0.0413489282932192,False,baseline,1000,23,20000023,30,-0.05494846455070787,-0.05232909119040623,-0.054842905510325245,0.00010555904038262592,False,0.041364856742501156,False,0.9597006513151413,1000,True,11.813518998678774
cstr,15,recoverable_difficult,High,0.0413489282932192,False,baseline,1000,24,20000024,30,-0.05494846455070787,-0.05232909119040623,-0.05494397366327966,4.490887428210133e-06,True,0.005632131849284881,False,0.9982855107651805,1000,True,11.668641003780067
cstr,15,recoverable_difficult,High,0.0413489282932192,False,baseline,1000,25,20000025,30,-0.05494846455070787,-0.05232909119040623,-0.05489491233989591,5.3552210811963485e-05,True,0.021278646047918966,False,0.979555335018832,1000,True,11.699135007802397
cstr,15,recoverable_difficult,High,0.0413489282932192,False,baseline,1000,26,20000026,30,-0.05494846455070787,-0.05232909119040623,-0.054919804188095174,2.866036261269661e-05,True,0.002628827702059119,False,0.9890583133175807,1000,True,11.501454981043935
cstr,15,recoverable_difficult,High,0.0413489282932192,False,baseline,1000,27,20000027,30,-0.05494846455070787,-0.05232909119040623,-0.054558926140096595,0.0003895384106112759,False,0.06543984541125766,False,0.8512856485009006,1000,True,11.721350019797683
cstr,15,recoverable_difficult,High,0.0413489282932192,False,baseline,1000,28,20000028,30,-0.05494846455070787,-0.05232909119040623,-0.054944201596479905,4.26295422796541e-06,True,0.00039961738507185944,False,0.998372528982476,1000,True,11.828626971691847
cstr,15,recoverable_difficult,High,0.0413489282932192,False,baseline,1000,29,20000029,30,-0.05494846455070787,-0.05232909119040623,-0.05481139835297927,0.0001370661977286025,False,0.045749722681835185,False,0.94767214181608,1000,True,11.68347301427275
cstr,15,recoverable_difficult,High,0.0413489282932192,False,A_no_greedy,1000,0,20001000,30,-0.05494846455070787,-0.05232909119040623,-0.05344747123712265,0.0015009933135852194,False,0.056615625250342756,False,0.4269647327357843,1000,True,11.77192700561136
cstr,15,recoverable_difficult,High,0.0413489282932192,False,A_no_greedy,1000,1,20001001,30,-0.05494846455070787,-0.05232909119040623,-0.05232909119040635,0.002619373360301519,False,0.056654714836306755,True,4.768319482944836e-14,1000,True,11.854598997160792
cstr,15,recoverable_difficult,High,0.0413489282932192,False,A_no_greedy,1000,2,20001002,30,-0.05494846455070787,-0.05232909119040623,-0.05232909119040635,0.002619373360301519,False,0.056654714836306755,True,4.768319482944836e-14,1000,True,12.417652003932744
cstr,15,recoverable_difficult,High,0.0413489282932192,False,A_no_greedy,1000,3,20001003,30,-0.05494846455070787,-0.05232909119040623,-0.05232909119040635,0.002619373360301519,False,0.056654714836306755,True,4.768319482944836e-14,1000,True,11.916215007659048
cstr,15,recoverable_difficult,High,0.0413489282932192,False,A_no_greedy,1000,4,20001004,30,-0.05494846455070787,-0.05232909119040623,-0.05236897798616802,0.0025794865645398513,False,0.05651593773688581,False,0.015227609918579665,1000,True,12.625032977666706
cstr,15,recoverable_difficult,High,0.0413489282932192,False,A_no_greedy,1000,5,20001005,30,-0.05494846455070787,-0.05232909119040623,-0.054665231777757325,0.00028323277295054516,False,0.056528590907510605,False,0.8918700261508621,1000,True,12.149226036854088
cstr,15,recoverable_difficult,High,0.0413489282932192,False,A_no_greedy,1000,6,20001006,30,-0.05494846455070787,-0.05232909119040623,-0.05232909119040635,0.002619373360301519,False,0.056654714836306755,True,4.768319482944836e-14,1000,True,12.436888995580375
cstr,15,recoverable_difficult,High,0.0413489282932192,False,A_no_greedy,1000,7,20001007,30,-0.05494846455070787,-0.05232909119040623,-0.054116259720154984,0.0008322048305528865,False,0.05651666877644543,False,0.6822885797170012,1000,True,12.21868599532172
cstr,15,recoverable_difficult,High,0.0413489282932192,False,A_no_greedy,1000,8,20001008,30,-0.05494846455070787,-0.05232909119040623,-0.05232909119040635,0.002619373360301519,False,0.056654714836306755,True,4.768319482944836e-14,1000,True,11.908755986951292
cstr,15,recoverable_difficult,High,0.0413489282932192,False,A_no_greedy,1000,9,20001009,30,-0.05494846455070787,-0.05232909119040623,-0.05232909119040635,0.002619373360301519,False,0.056654714836306755,True,4.768319482944836e-14,1000,True,12.204225989989936
cstr,15,recoverable_difficult,High,0.0413489282932192,False,A_no_greedy,1000,10,20001010,30,-0.05494846455070787,-0.05232909119040623,-0.05232909119040635,0.002619373360301519,False,0.056654714836306755,True,4.768319482944836e-14,1000,True,12.168487999588251
cstr,15,recoverable_difficult,High,0.0413489282932192,False,A_no_greedy,1000,11,20001011,30,-0.05494846455070787,-0.05232909119040623,-0.05428739057657671,0.0006610739741311628,False,0.10281302995682835,False,0.7476213264782405,1000,True,11.788161005824804
cstr,15,recoverable_difficult,High,0.0413489282932192,False,A_no_greedy,1000,12,20001012,30,-0.05494846455070787,-0.05232909119040623,-0.05472808021288156,0.00022038433782631262,False,0.056533286920926074,False,0.9158637171903843,1000,True,11.91155199194327
cstr,15,recoverable_difficult,High,0.0413489282932192,False,A_no_greedy,1000,13,20001013,30,-0.05494846455070787,-0.05232909119040623,-0.05232909119040635,0.002619373360301519,False,0.056654714836306755,True,4.768319482944836e-14,1000,True,12.148965033702552
cstr,15,recoverable_difficult,High,0.0413489282932192,False,A_no_greedy,1000,14,20001014,30,-0.05494846455070787,-0.05232909119040623,-0.05232909119040635,0.002619373360301519,False,0.056654714836306755,True,4.768319482944836e-14,1000,True,12.294633022975177
cstr,15,recoverable_difficult,High,0.0413489282932192,False,A_no_greedy,1000,15,20001015,30,-0.05494846455070787,-0.05232909119040623,-0.05232909119040635,0.002619373360301519,False,0.056654714836306755,True,4.768319482944836e-14,1000,True,12.101632019039243
cstr,15,recoverable_difficult,High,0.0413489282932192,False,A_no_greedy,1000,16,20001016,30,-0.05494846455070787,-0.05232909119040623,-0.05232909119040635,0.002619373360301519,False,0.056654714836306755,True,4.768319482944836e-14,1000,True,11.978144000750035
cstr,15,recoverable_difficult,High,0.0413489282932192,False,A_no_greedy,1000,17,20001017,30,-0.05494846455070787,-0.05232909119040623,-0.05232909119040635,0.002619373360301519,False,0.056654714836306755,True,4.768319482944836e-14,1000,True,11.90875202883035
cstr,15,recoverable_difficult,High,0.0413489282932192,False,A_no_greedy,1000,18,20001018,30,-0.05494846455070787,-0.05232909119040623,-0.05232909119040635,0.002619373360301519,False,0.056654714836306755,True,4.768319482944836e-14,1000,True,12.229570013005286
cstr,15,recoverable_difficult,High,0.0413489282932192,False,A_no_greedy,1000,19,20001019,30,-0.05494846455070787,-0.05232909119040623,-0.05232909119040635,0.002619373360301519,False,0.056654714836306755,True,4.768319482944836e-14,1000,True,11.59031904535368
cstr,15,recoverable_difficult,High,0.0413489282932192,False,A_no_greedy,1000,20,20001020,30,-0.05494846455070787,-0.05232909119040623,-0.05441518050622142,0.0005332840444864512,False,0.0031339846323746316,False,0.7964077773070736,1000,True,11.607565975282341
cstr,15,recoverable_difficult,High,0.0413489282932192,False,A_no_greedy,1000,21,20001021,30,-0.05494846455070787,-0.05232909119040623,-0.05232909119040635,0.002619373360301519,False,0.056654714836306755,True,4.768319482944836e-14,1000,True,11.882756021805108
cstr,15,recoverable_difficult,High,0.0413489282932192,False,A_no_greedy,1000,22,20001022,30,-0.05494846455070787,-0.05232909119040623,-0.05232909119040635,0.002619373360301519,False,0.056654714836306755,True,4.768319482944836e-14,1000,True,12.418405967764556
cstr,15,recoverable_difficult,High,0.0413489282932192,False,A_no_greedy,1000,23,20001023,30,-0.05494846455070787,-0.05232909119040623,-0.054259408391559016,0.0006890561591488542,False,0.06208221528455927,False,0.7369385481306479,1000,True,11.55637897318229
cstr,15,recoverable_difficult,High,0.0413489282932192,False,A_no_greedy,1000,24,20001024,30,-0.05494846455070787,-0.05232909119040623,-0.05232909119040635,0.002619373360301519,False,0.056654714836306755,True,4.768319482944836e-14,1000,True,11.845605971757323
cstr,15,recoverable_difficult,High,0.0413489282932192,False,A_no_greedy,1000,25,20001025,30,-0.05494846455070787,-0.05232909119040623,-0.05450611039980913,0.00044235415089874386,False,0.0565227575041388,False,0.8311221463870264,1000,True,11.851705959998071
cstr,15,recoverable_difficult,High,0.0413489282932192,False,A_no_greedy,1000,26,20001026,30,-0.05494846455070787,-0.05232909119040623,-0.0524318338108533,0.0025166307398545723,False,0.056651333164323296,False,0.03922412207599145,1000,True,11.618349002674222
cstr,15,recoverable_difficult,High,0.0413489282932192,False,A_no_greedy,1000,27,20001027,30,-0.05494846455070787,-0.05232909119040623,-0.05258881758953825,0.002359646961169623,False,0.05664610117478371,False,0.09915592907385723,1000,True,11.75320998299867
cstr,15,recoverable_difficult,High,0.0413489282932192,False,A_no_greedy,1000,28,20001028,30,-0.05494846455070787,-0.05232909119040623,-0.05232909119040635,0.002619373360301519,False,0.056654714836306755,True,4.768319482944836e-14,1000,True,12.044062023051083
cstr,15,recoverable_difficult,High,0.0413489282932192,False,A_no_greedy,1000,29,20001029,30,-0.05494846455070787,-0.05232909119040623,-0.054573326235506064,0.0003751383152018062,False,0.009474565993934583,False,0.8567831829981635,1000,True,11.809026007540524
cstr,15,recoverable_difficult,High,0.0413489282932192,False,B_no_bridge,1000,0,20002000,30,-0.05494846455070787,-0.05232909119040623,-0.05232909119040635,0.002619373360301519,False,0.056654714836306755,True,4.768319482944836e-14,1000,True,12.845523015130311
cstr,15,recoverable_difficult,High,0.0413489282932192,False,B_no_bridge,1000,1,20002001,30,-0.05494846455070787,-0.05232909119040623,-0.05232909119040635,0.002619373360301519,False,0.056654714836306755,True,4.768319482944836e-14,1000,True,12.821949028875679
cstr,15,recoverable_difficult,High,0.0413489282932192,False,B_no_bridge,1000,2,20002002,30,-0.05494846455070787,-0.05232909119040623,-0.05232909119040635,0.002619373360301519,False,0.056654714836306755,True,4.768319482944836e-14,1000,True,12.554620974697173
cstr,15,recoverable_difficult,High,0.0413489282932192,False,B_no_bridge,1000,3,20002003,30,-0.05494846455070787,-0.05232909119040623,-0.05232909119040635,0.002619373360301519,False,0.056654714836306755,True,4.768319482944836e-14,1000,True,12.629274977371097
cstr,15,recoverable_difficult,High,0.0413489282932192,False,B_no_bridge,1000,4,20002004,30,-0.05494846455070787,-0.05232909119040623,-0.05232909119040635,0.002619373360301519,False,0.056654714836306755,True,4.768319482944836e-14,1000,True,12.402797990944237
cstr,15,recoverable_difficult,High,0.0413489282932192,False,B_no_bridge,1000,5,20002005,30,-0.05494846455070787,-0.05232909119040623,-0.05232909119040635,0.002619373360301519,False,0.056654714836306755,True,4.768319482944836e-14,1000,True,12.516529008280486
cstr,15,recoverable_difficult,High,0.0413489282932192,False,B_no_bridge,1000,6,20002006,30,-0.05494846455070787,-0.05232909119040623,-0.05232909119040635,0.002619373360301519,False,0.056654714836306755,True,4.768319482944836e-14,1000,True,12.699147046077996
cstr,15,recoverable_difficult,High,0.0413489282932192,False,B_no_bridge,1000,7,20002007,30,-0.05494846455070787,-0.05232909119040623,-0.05232909119040635,0.002619373360301519,False,0.056654714836306755,True,4.768319482944836e-14,1000,True,12.772191024851054
cstr,15,recoverable_difficult,High,0.0413489282932192,False,B_no_bridge,1000,8,20002008,30,-0.05494846455070787,-0.05232909119040623,-0.05232909119040635,0.002619373360301519,False,0.056654714836306755,True,4.768319482944836e-14,1000,True,12.741926999296993
cstr,15,recoverable_difficult,High,0.0413489282932192,False,B_no_bridge,1000,9,20002009,30,-0.05494846455070787,-0.05232909119040623,-0.05232909119040635,0.002619373360301519,False,0.056654714836306755,True,4.768319482944836e-14,1000,True,13.072714966256171
cstr,15,recoverable_difficult,High,0.0413489282932192,False,B_no_bridge,1000,10,20002010,30,-0.05494846455070787,-0.05232909119040623,-0.05232909119040635,0.002619373360301519,False,0.056654714836306755,True,4.768319482944836e-14,1000,True,13.021531980484724
cstr,15,recoverable_difficult,High,0.0413489282932192,False,B_no_bridge,1000,11,20002011,30,-0.05494846455070787,-0.05232909119040623,-0.05232909119040635,0.002619373360301519,False,0.056654714836306755,True,4.768319482944836e-14,1000,True,12.910222983919084
cstr,15,recoverable_difficult,High,0.0413489282932192,False,B_no_bridge,1000,12,20002012,30,-0.05494846455070787,-0.05232909119040623,-0.05232909119040635,0.002619373360301519,False,0.056654714836306755,True,4.768319482944836e-14,1000,True,12.850976025220007
cstr,15,recoverable_difficult,High,0.0413489282932192,False,B_no_bridge,1000,13,20002013,30,-0.05494846455070787,-0.05232909119040623,-0.05232909119040635,0.002619373360301519,False,0.056654714836306755,True,4.768319482944836e-14,1000,True,12.75468000676483
cstr,15,recoverable_difficult,High,0.0413489282932192,False,B_no_bridge,1000,14,20002014,30,-0.05494846455070787,-0.05232909119040623,-0.05232909119040635,0.002619373360301519,False,0.056654714836306755,True,4.768319482944836e-14,1000,True,12.914579012431204
cstr,15,recoverable_difficult,High,0.0413489282932192,False,B_no_bridge,1000,15,20002015,30,-0.05494846455070787,-0.05232909119040623,-0.05232909119040635,0.002619373360301519,False,0.056654714836306755,True,4.768319482944836e-14,1000,True,13.06616998044774
cstr,15,recoverable_difficult,High,0.0413489282932192,False,B_no_bridge,1000,16,20002016,30,-0.05494846455070787,-0.05232909119040623,-0.05458166302811171,0.0003668015225961607,False,0.059985277923862476,False,0.8599659261427626,1000,True,13.126322999596596
cstr,15,recoverable_difficult,High,0.0413489282932192,False,B_no_bridge,1000,17,20002017,30,-0.05494846455070787,-0.05232909119040623,-0.05232909119040635,0.002619373360301519,False,0.056654714836306755,True,4.768319482944836e-14,1000,True,12.899250024929643
cstr,15,recoverable_difficult,High,0.0413489282932192,False,B_no_bridge,1000,18,20002018,30,-0.05494846455070787,-0.05232909119040623,-0.05232909119040635,0.002619373360301519,False,0.056654714836306755,True,4.768319482944836e-14,1000,True,12.920431036036462
cstr,15,recoverable_difficult,High,0.0413489282932192,False,B_no_bridge,1000,19,20002019,30,-0.05494846455070787,-0.05232909119040623,-0.05232909119040635,0.002619373360301519,False,0.056654714836306755,True,4.768319482944836e-14,1000,True,12.898005021270365
cstr,15,recoverable_difficult,High,0.0413489282932192,False,B_no_bridge,1000,20,20002020,30,-0.05494846455070787,-0.05232909119040623,-0.05232909119040635,0.002619373360301519,False,0.056654714836306755,True,4.768319482944836e-14,1000,True,12.663482979405671
cstr,15,recoverable_difficult,High,0.0413489282932192,False,B_no_bridge,1000,21,20002021,30,-0.05494846455070787,-0.05232909119040623,-0.05232909119040635,0.002619373360301519,False,0.056654714836306755,True,4.768319482944836e-14,1000,True,12.912576028611511
cstr,15,recoverable_difficult,High,0.0413489282932192,False,B_no_bridge,1000,22,20002022,30,-0.05494846455070787,-0.05232909119040623,-0.05232909119040635,0.002619373360301519,False,0.056654714836306755,True,4.768319482944836e-14,1000,True,12.734955991618335
cstr,15,recoverable_difficult,High,0.0413489282932192,False,B_no_bridge,1000,23,20002023,30,-0.05494846455070787,-0.05232909119040623,-0.05232909119040635,0.002619373360301519,False,0.056654714836306755,True,4.768319482944836e-14,1000,True,12.628497963305563
cstr,15,recoverable_difficult,High,0.0413489282932192,False,B_no_bridge,1000,24,20002024,30,-0.05494846455070787,-0.05232909119040623,-0.05232909119040635,0.002619373360301519,False,0.056654714836306755,True,4.768319482944836e-14,1000,True,12.656870996579528
cstr,15,recoverable_difficult,High,0.0413489282932192,False,B_no_bridge,1000,25,20002025,30,-0.05494846455070787,-0.05232909119040623,-0.05232909119040635,0.002619373360301519,False,0.056654714836306755,True,4.768319482944836e-14,1000,True,12.81806401675567
cstr,15,recoverable_difficult,High,0.0413489282932192,False,B_no_bridge,1000,26,20002026,30,-0.05494846455070787,-0.05232909119040623,-0.05232909119040635,0.002619373360301519,False,0.056654714836306755,True,4.768319482944836e-14,1000,True,12.676301994360983
cstr,15,recoverable_difficult,High,0.0413489282932192,False,B_no_bridge,1000,27,20002027,30,-0.05494846455070787,-0.05232909119040623,-0.05232909119040635,0.002619373360301519,False,0.056654714836306755,True,4.768319482944836e-14,1000,True,12.664364010561258
cstr,15,recoverable_difficult,High,0.0413489282932192,False,B_no_bridge,1000,28,20002028,30,-0.05494846455070787,-0.05232909119040623,-0.05475573546786855,0.00019272908283932133,False,0.05653837802722037,False,0.9264216832314707,1000,True,12.705073051620275
cstr,15,recoverable_difficult,High,0.0413489282932192,False,B_no_bridge,1000,29,20002029,30,-0.05494846455070787,-0.05232909119040623,-0.05232909119040635,0.002619373360301519,False,0.056654714836306755,True,4.768319482944836e-14,1000,True,12.721934006549418
cstr,15,recoverable_difficult,High,0.0413489282932192,False,C_fitness_group,1000,0,20003000,30,-0.05494846455070787,-0.05232909119040623,-0.05232909119040635,0.002619373360301519,False,0.056654714836306755,True,4.768319482944836e-14,1000,True,15.230047982186079
cstr,15,recoverable_difficult,High,0.0413489282932192,False,C_fitness_group,1000,1,20003001,30,-0.05494846455070787,-0.05232909119040623,-0.05232909119040635,0.002619373360301519,False,0.056654714836306755,True,4.768319482944836e-14,1000,True,15.506156021729112
cstr,15,recoverable_difficult,High,0.0413489282932192,False,C_fitness_group,1000,2,20003002,30,-0.05494846455070787,-0.05232909119040623,-0.05232909119040635,0.002619373360301519,False,0.056654714836306755,True,4.768319482944836e-14,1000,True,15.487591968849301
cstr,15,recoverable_difficult,High,0.0413489282932192,False,C_fitness_group,1000,3,20003003,30,-0.05494846455070787,-0.05232909119040623,-0.05232909119040635,0.002619373360301519,False,0.056654714836306755,True,4.768319482944836e-14,1000,True,15.30733797699213
cstr,15,recoverable_difficult,High,0.0413489282932192,False,C_fitness_group,1000,4,20003004,30,-0.05494846455070787,-0.05232909119040623,-0.05232909119040635,0.002619373360301519,False,0.056654714836306755,True,4.768319482944836e-14,1000,True,15.33695199759677
cstr,15,recoverable_difficult,High,0.0413489282932192,False,C_fitness_group,1000,5,20003005,30,-0.05494846455070787,-0.05232909119040623,-0.05376694281189712,0.0011815217388107535,False,0.05660307212838928,False,0.5489296193060882,1000,True,15.787942975293845
cstr,15,recoverable_difficult,High,0.0413489282932192,False,C_fitness_group,1000,6,20003006,30,-0.05494846455070787,-0.05232909119040623,-0.05473211220014013,0.00021635235056773755,False,0.05654805275111127,False,0.917403011786444,1000,True,15.734487038571388
cstr,15,recoverable_difficult,High,0.0413489282932192,False,C_fitness_group,1000,7,20003007,30,-0.05494846455070787,-0.05232909119040623,-0.05232909119040635,0.002619373360301519,False,0.056654714836306755,True,4.768319482944836e-14,1000,True,15.539801039267331
cstr,15,recoverable_difficult,High,0.0413489282932192,False,C_fitness_group,1000,8,20003008,30,-0.05494846455070787,-0.05232909119040623,-0.05232909119040635,0.002619373360301519,False,0.056654714836306755,True,4.768319482944836e-14,1000,True,15.50660002976656
cstr,15,recoverable_difficult,High,0.0413489282932192,False,C_fitness_group,1000,9,20003009,30,-0.05494846455070787,-0.05232909119040623,-0.05232909119040635,0.002619373360301519,False,0.056654714836306755,True,4.768319482944836e-14,1000,True,15.102531004231423
cstr,15,recoverable_difficult,High,0.0413489282932192,False,C_fitness_group,1000,10,20003010,30,-0.05494846455070787,-0.05232909119040623,-0.05232909119040635,0.002619373360301519,False,0.056654714836306755,True,4.768319482944836e-14,1000,True,15.163012023549527
cstr,15,recoverable_difficult,High,0.0413489282932192,False,C_fitness_group,1000,11,20003011,30,-0.05494846455070787,-0.05232909119040623,-0.05232909119040635,0.002619373360301519,False,0.056654714836306755,True,4.768319482944836e-14,1000,True,15.145381970796734
cstr,15,recoverable_difficult,High,0.0413489282932192,False,C_fitness_group,1000,12,20003012,30,-0.05494846455070787,-0.05232909119040623,-0.05232909119040635,0.002619373360301519,False,0.056654714836306755,True,4.768319482944836e-14,1000,True,15.211227990221232
cstr,15,recoverable_difficult,High,0.0413489282932192,False,C_fitness_group,1000,13,20003013,30,-0.05494846455070787,-0.05232909119040623,-0.05232909119040635,0.002619373360301519,False,0.056654714836306755,True,4.768319482944836e-14,1000,True,15.124193974770606
cstr,15,recoverable_difficult,High,0.0413489282932192,False,C_fitness_group,1000,14,20003014,30,-0.05494846455070787,-0.05232909119040623,-0.05232909119040635,0.002619373360301519,False,0.056654714836306755,True,4.768319482944836e-14,1000,True,15.114682028070092
cstr,15,recoverable_difficult,High,0.0413489282932192,False,C_fitness_group,1000,15,20003015,30,-0.05494846455070787,-0.05232909119040623,-0.05232909119040635,0.002619373360301519,False,0.056654714836306755,True,4.768319482944836e-14,1000,True,15.204861003439873
cstr,15,recoverable_difficult,High,0.0413489282932192,False,C_fitness_group,1000,16,20003016,30,-0.05494846455070787,-0.05232909119040623,-0.05232909119040635,0.002619373360301519,False,0.056654714836306755,True,4.768319482944836e-14,1000,True,15.333602961618453
cstr,15,recoverable_difficult,High,0.0413489282932192,False,C_fitness_group,1000,17,20003017,30,-0.05494846455070787,-0.05232909119040623,-0.05232909119040635,0.002619373360301519,False,0.056654714836306755,True,4.768319482944836e-14,1000,True,15.39230695925653
cstr,15,recoverable_difficult,High,0.0413489282932192,False,C_fitness_group,1000,18,20003018,30,-0.05494846455070787,-0.05232909119040623,-0.05446609144412548,0.00048237310658238997,False,0.05689662004952416,False,0.8158440816826356,1000,True,15.500086010433733
cstr,15,recoverable_difficult,High,0.0413489282932192,False,C_fitness_group,1000,19,20003019,30,-0.05494846455070787,-0.05232909119040623,-0.05232909119040635,0.002619373360301519,False,0.056654714836306755,True,4.768319482944836e-14,1000,True,15.393333975225687
cstr,15,recoverable_difficult,High,0.0413489282932192,False,C_fitness_group,1000,20,20003020,30,-0.05494846455070787,-0.05232909119040623,-0.0544304444982206,0.0005180200524872725,False,0.05657195680295057,False,0.8022351222096807,1000,True,15.536781982518733
cstr,15,recoverable_difficult,High,0.0413489282932192,False,C_fitness_group,1000,21,20003021,30,-0.05494846455070787,-0.05232909119040623,-0.05232909119040635,0.002619373360301519,False,0.056654714836306755,True,4.768319482944836e-14,1000,True,15.336926968302578
cstr,15,recoverable_difficult,High,0.0413489282932192,False,C_fitness_group,1000,22,20003022,30,-0.05494846455070787,-0.05232909119040623,-0.05232909119040635,0.002619373360301519,False,0.056654714836306755,True,4.768319482944836e-14,1000,True,15.037927019875497
cstr,15,recoverable_difficult,High,0.0413489282932192,False,C_fitness_group,1000,23,20003023,30,-0.05494846455070787,-0.05232909119040623,-0.05232909119040635,0.002619373360301519,False,0.056654714836306755,True,4.768319482944836e-14,1000,True,15.276981983333826
cstr,15,recoverable_difficult,High,0.0413489282932192,False,C_fitness_group,1000,24,20003024,30,-0.05494846455070787,-0.05232909119040623,-0.05232909119040635,0.002619373360301519,False,0.056654714836306755,True,4.768319482944836e-14,1000,True,15.78924898058176
cstr,15,recoverable_difficult,High,0.0413489282932192,False,C_fitness_group,1000,25,20003025,30,-0.05494846455070787,-0.05232909119040623,-0.054312176135039386,0.0006362884156684845,False,0.056518972779272966,False,0.7570837264699026,1000,True,15.260562009643763
cstr,15,recoverable_difficult,High,0.0413489282932192,False,C_fitness_group,1000,26,20003026,30,-0.05494846455070787,-0.05232909119040623,-0.05232909119040635,0.002619373360301519,False,0.056654714836306755,True,4.768319482944836e-14,1000,True,15.369142056442797
cstr,15,recoverable_difficult,High,0.0413489282932192,False,C_fitness_group,1000,27,20003027,30,-0.05494846455070787,-0.05232909119040623,-0.05232909119040635,0.002619373360301519,False,0.056654714836306755,True,4.768319482944836e-14,1000,True,15.530951030086726
cstr,15,recoverable_difficult,High,0.0413489282932192,False,C_fitness_group,1000,28,20003028,30,-0.05494846455070787,-0.05232909119040623,-0.05456017407773395,0.0003882904729739234,False,0.05652429730125057,False,0.8517620745256383,1000,True,15.489323996007442
cstr,15,recoverable_difficult,High,0.0413489282932192,False,C_fitness_group,1000,29,20003029,30,-0.05494846455070787,-0.05232909119040623,-0.05232909119040635,0.002619373360301519,False,0.056654714836306755,True,4.768319482944836e-14,1000,True,15.359290002379566
cstr,15,recoverable_difficult,High,0.0413489282932192,False,D_no_warm_slot,1000,0,20004000,30,-0.05494846455070787,-0.05232909119040623,-0.054928294416248795,2.0170134459075728e-05,True,0.007760046570107493,False,0.9922996336586576,1000,True,11.834036966320127
cstr,15,recoverable_difficult,High,0.0413489282932192,False,D_no_warm_slot,1000,1,20004001,30,-0.05494846455070787,-0.05232909119040623,-0.054894402009123364,5.406254158450696e-05,True,0.03005365253453558,False,0.9793605056828244,1000,True,11.745865980628878
cstr,15,recoverable_difficult,High,0.0413489282932192,False,D_no_warm_slot,1000,2,20004002,30,-0.05494846455070787,-0.05232909119040623,-0.05491446040784663,3.400414286124087e-05,True,0.008930650289210576,False,0.9870182145941482,1000,True,11.624670005403459
cstr,15,recoverable_difficult,High,0.0413489282932192,False,D_no_warm_slot,1000,3,20004003,30,-0.05494846455070787,-0.05232909119040623,-0.054915195934846915,3.3268615860955475e-05,True,0.001523474040524443,False,0.9872990172515443,1000,True,11.887172993738204
cstr,15,recoverable_difficult,High,0.0413489282932192,False,D_no_warm_slot,1000,4,20004004,30,-0.05494846455070787,-0.05232909119040623,-0.054939572946294486,8.89160441338438e-06,True,0.011936931171693244,False,0.9966054459634726,1000,True,11.793840036261827
cstr,15,recoverable_difficult,High,0.0413489282932192,False,D_no_warm_slot,1000,5,20004005,30,-0.05494846455070787,-0.05232909119040623,-0.0546498019918831,0.00029866255882476933,False,0.056557060737565515,False,0.8859793860046069,1000,True,12.053262966219336
cstr,15,recoverable_difficult,High,0.0413489282932192,False,D_no_warm_slot,1000,6,20004006,30,-0.05494846455070787,-0.05232909119040623,-0.05472693480482944,0.0002215297458784335,False,0.056533162016590276,False,0.9154264339571193,1000,True,11.691182968206704
cstr,15,recoverable_difficult,High,0.0413489282932192,False,D_no_warm_slot,1000,7,20004007,30,-0.05494846455070787,-0.05232909119040623,-0.054922058419730434,2.640613097743688e-05,True,0.009872622788980712,False,0.9899189129057967,1000,True,12.215705995913595
cstr,15,recoverable_difficult,High,0.0413489282932192,False,D_no_warm_slot,1000,8,20004008,30,-0.05494846455070787,-0.05232909119040623,-0.05493973131325963,8.733237448238507e-06,True,0.01119954776893584,False,0.9966659058305332,1000,True,11.906542989891022
cstr,15,recoverable_difficult,High,0.0413489282932192,False,D_no_warm_slot,1000,9,20004009,30,-0.05494846455070787,-0.05232909119040623,-0.05483908908172407,0.00010937546898379807,False,0.022318510831567058,False,0.9582436506985005,1000,True,11.677331000100821
cstr,15,recoverable_difficult,High,0.0413489282932192,False,D_no_warm_slot,1000,10,20004010,30,-0.05494846455070787,-0.05232909119040623,-0.05483052340285463,0.00011794114785323995,False,0.031270094693559396,False,0.9549735254848671,1000,True,11.98071800172329
cstr,15,recoverable_difficult,High,0.0413489282932192,False,D_no_warm_slot,1000,11,20004011,30,-0.05494846455070787,-0.05232909119040623,-0.05493349672584459,1.4967824863279522e-05,True,0.014670044875112023,False,0.9942857230320324,1000,True,11.848328984342515
cstr,15,recoverable_difficult,High,0.0413489282932192,False,D_no_warm_slot,1000,12,20004012,30,-0.05494846455070787,-0.05232909119040623,-0.05481133519515248,0.0001371293555553904,False,0.02898140485902466,False,0.9476480300083686,1000,True,11.804545007180423
cstr,15,recoverable_difficult,High,0.0413489282932192,False,D_no_warm_slot,1000,13,20004013,30,-0.05494846455070787,-0.05232909119040623,-0.05482749507347318,0.00012096947723468782,False,0.043258937194021074,False,0.9538173980586115,1000,True,11.896085983607918
cstr,15,recoverable_difficult,High,0.0413489282932192,False,D_no_warm_slot,1000,14,20004014,30,-0.05494846455070787,-0.05232909119040623,-0.054850918515987265,9.75460347206053e-05,True,0.03307253233921456,False,0.9627597820917855,1000,True,11.5716970176436
cstr,15,recoverable_difficult,High,0.0413489282932192,False,D_no_warm_slot,1000,15,20004015,30,-0.05494846455070787,-0.05232909119040623,-0.05490076315684417,4.770139386370276e-05,True,0.020276091133020088,False,0.9817890054977846,1000,True,11.794254009146243
cstr,15,recoverable_difficult,High,0.0413489282932192,False,D_no_warm_slot,1000,16,20004016,30,-0.05494846455070787,-0.05232909119040623,-0.05454773392584493,0.0004007306248629411,False,0.07421122760212884,False,0.8470127890371484,1000,True,11.492436984553933
cstr,15,recoverable_difficult,High,0.0413489282932192,False,D_no_warm_slot,1000,17,20004017,30,-0.05494846455070787,-0.05232909119040623,-0.05490686321719421,4.160133351366335e-05,True,0.012584845355403475,False,0.9841178298045787,1000,True,11.6408770554699
cstr,15,recoverable_difficult,High,0.0413489282932192,False,D_no_warm_slot,1000,18,20004018,30,-0.05494846455070787,-0.05232909119040623,-0.05494033437805002,8.130172657848378e-06,True,0.011678288765142923,False,0.996896138297401,1000,True,11.854424024932086
cstr,15,recoverable_difficult,High,0.0413489282932192,False,D_no_warm_slot,1000,19,20004019,30,-0.05494846455070787,-0.05232909119040623,-0.054699157417274206,0.0002493071334336641,False,0.022658356385263864,False,0.904821841280025,1000,True,11.587859014980495
cstr,15,recoverable_difficult,High,0.0413489282932192,False,D_no_warm_slot,1000,20,20004020,30,-0.05494846455070787,-0.05232909119040623,-0.05491187562467581,3.6588926032060654e-05,True,0.004987854426922411,False,0.9860314201149823,1000,True,11.558583995793015
cstr,15,recoverable_difficult,High,0.0413489282932192,False,D_no_warm_slot,1000,21,20004021,30,-0.05494846455070787,-0.05232909119040623,-0.05490632727936013,4.2137271347740535e-05,True,0.017008200288167984,False,0.9839132244427774,1000,True,11.802120017819107
cstr,15,recoverable_difficult,High,0.0413489282932192,False,D_no_warm_slot,1000,22,20004022,30,-0.05494846455070787,-0.05232909119040623,-0.05481666456687373,0.00013179998383414104,False,0.0446227450079689,False,0.949682627978257,1000,True,11.82392198825255
cstr,15,recoverable_difficult,High,0.0413489282932192,False,D_no_warm_slot,1000,23,20004023,30,-0.05494846455070787,-0.05232909119040623,-0.054835214168464375,0.00011325038224349604,False,0.007891502325812835,False,0.9567643223528645,1000,True,11.893215996678919
cstr,15,recoverable_difficult,High,0.0413489282932192,False,D_no_warm_slot,1000,24,20004024,30,-0.05494846455070787,-0.05232909119040623,-0.05490962673214876,3.883781855910928e-05,True,0.01397469579798687,False,0.9851728588418427,1000,True,11.831907962914556
cstr,15,recoverable_difficult,High,0.0413489282932192,False,D_no_warm_slot,1000,25,20004025,30,-0.05494846455070787,-0.05232909119040623,-0.05483911085892729,0.00010935369178058374,False,0.04112307140830428,False,0.9582519645966047,1000,True,11.989305028691888
cstr,15,recoverable_difficult,High,0.0413489282932192,False,D_no_warm_slot,1000,26,20004026,30,-0.05494846455070787,-0.05232909119040623,-0.05493542043598954,1.3044114718328836e-05,True,0.013571132052279203,False,0.9950201391996952,1000,True,11.89251901814714
cstr,15,recoverable_difficult,High,0.0413489282932192,False,D_no_warm_slot,1000,27,20004027,30,-0.05494846455070787,-0.05232909119040623,-0.054793626186986924,0.00015483836372094661,False,0.03466454117994048,False,0.9408872495736478,1000,True,11.880794016178697
cstr,15,recoverable_difficult,High,0.0413489282932192,False,D_no_warm_slot,1000,28,20004028,30,-0.05494846455070787,-0.05232909119040623,-0.054930394414619776,1.8070136088094158e-05,True,0.015164493939663687,False,0.9931013515056848,1000,True,11.984917044173926
cstr,15,recoverable_difficult,High,0.0413489282932192,False,D_no_warm_slot,1000,29,20004029,30,-0.05494846455070787,-0.05232909119040623,-0.05483969939680906,0.00010876515389881408,False,0.01374497012414302,False,0.9584766511154069,1000,True,11.874260962940753
hvac,298,recoverable_difficult,Benign,5.456946795795032e-05,False,baseline,1000,0,21000000,30,-2.516700850412535,-2.5165633326340022,-2.5165633326340022,5.4642083706710694e-05,True,0.11680240217861484,True,0.0,1000,True,11.83451700489968
hvac,298,recoverable_difficult,Benign,5.456946795795032e-05,False,baseline,1000,1,21000001,30,-2.516700850412535,-2.5165633326340022,-2.5165633326340022,5.4642083706710694e-05,True,0.11680240217861484,True,0.0,1000,True,11.997230001725256
hvac,298,recoverable_difficult,Benign,5.456946795795032e-05,False,baseline,1000,2,21000002,30,-2.516700850412535,-2.5165633326340022,-2.5165633326340022,5.4642083706710694e-05,True,0.11680240217861484,True,0.0,1000,True,11.886887019500136
hvac,298,recoverable_difficult,Benign,5.456946795795032e-05,False,baseline,1000,3,21000003,30,-2.516700850412535,-2.5165633326340022,-2.5165633326340022,5.4642083706710694e-05,True,0.11680240217861484,True,0.0,1000,True,11.846793990116566
hvac,298,recoverable_difficult,Benign,5.456946795795032e-05,False,baseline,1000,4,21000004,30,-2.516700850412535,-2.5165633326340022,-2.5165633326340022,5.4642083706710694e-05,True,0.11680240217861484,True,0.0,1000,True,11.754326988011599
hvac,298,recoverable_difficult,Benign,5.456946795795032e-05,False,baseline,1000,5,21000005,30,-2.516700850412535,-2.5165633326340022,-2.5165633326340022,5.4642083706710694e-05,True,0.11680240217861484,True,0.0,1000,True,11.62770699011162
hvac,298,recoverable_difficult,Benign,5.456946795795032e-05,False,baseline,1000,6,21000006,30,-2.516700850412535,-2.5165633326340022,-2.5165633326340022,5.4642083706710694e-05,True,0.11680240217861484,True,0.0,1000,True,11.582295002881438
hvac,298,recoverable_difficult,Benign,5.456946795795032e-05,False,baseline,1000,7,21000007,30,-2.516700850412535,-2.5165633326340022,-2.5165633326340022,5.4642083706710694e-05,True,0.11680240217861484,True,0.0,1000,True,11.811527016106993
hvac,298,recoverable_difficult,Benign,5.456946795795032e-05,False,baseline,1000,8,21000008,30,-2.516700850412535,-2.5165633326340022,-2.5165633326340022,5.4642083706710694e-05,True,0.11680240217861484,True,0.0,1000,True,11.783111956901848
hvac,298,recoverable_difficult,Benign,5.456946795795032e-05,False,baseline,1000,9,21000009,30,-2.516700850412535,-2.5165633326340022,-2.5165633326340022,5.4642083706710694e-05,True,0.11680240217861484,True,0.0,1000,True,11.74121699295938
hvac,298,recoverable_difficult,Benign,5.456946795795032e-05,False,baseline,1000,10,21000010,30,-2.516700850412535,-2.5165633326340022,-2.5165633326340022,5.4642083706710694e-05,True,0.11680240217861484,True,0.0,1000,True,12.08809798117727
hvac,298,recoverable_difficult,Benign,5.456946795795032e-05,False,baseline,1000,11,21000011,30,-2.516700850412535,-2.5165633326340022,-2.5165633326340022,5.4642083706710694e-05,True,0.11680240217861484,True,0.0,1000,True,12.151897011790425
hvac,298,recoverable_difficult,Benign,5.456946795795032e-05,False,baseline,1000,12,21000012,30,-2.516700850412535,-2.5165633326340022,-2.5165633326340022,5.4642083706710694e-05,True,0.11680240217861484,True,0.0,1000,True,12.131447030697018
hvac,298,recoverable_difficult,Benign,5.456946795795032e-05,False,baseline,1000,13,21000013,30,-2.516700850412535,-2.5165633326340022,-2.5165633326340022,5.4642083706710694e-05,True,0.11680240217861484,True,0.0,1000,True,12.18724698992446
hvac,298,recoverable_difficult,Benign,5.456946795795032e-05,False,baseline,1000,14,21000014,30,-2.516700850412535,-2.5165633326340022,-2.5165633326340022,5.4642083706710694e-05,True,0.11680240217861484,True,0.0,1000,True,11.904096987564117
hvac,298,recoverable_difficult,Benign,5.456946795795032e-05,False,baseline,1000,15,21000015,30,-2.516700850412535,-2.5165633326340022,-2.5165633326340022,5.4642083706710694e-05,True,0.11680240217861484,True,0.0,1000,True,12.341964989900589
hvac,298,recoverable_difficult,Benign,5.456946795795032e-05,False,baseline,1000,16,21000016,30,-2.516700850412535,-2.5165633326340022,-2.5165633326340022,5.4642083706710694e-05,True,0.11680240217861484,True,0.0,1000,True,11.722366034518927
hvac,298,recoverable_difficult,Benign,5.456946795795032e-05,False,baseline,1000,17,21000017,30,-2.516700850412535,-2.5165633326340022,-2.5165633326340022,5.4642083706710694e-05,True,0.11680240217861484,True,0.0,1000,True,11.858760030008852
hvac,298,recoverable_difficult,Benign,5.456946795795032e-05,False,baseline,1000,18,21000018,30,-2.516700850412535,-2.5165633326340022,-2.5165633326340022,5.4642083706710694e-05,True,0.11680240217861484,True,0.0,1000,True,11.839344981126487
hvac,298,recoverable_difficult,Benign,5.456946795795032e-05,False,baseline,1000,19,21000019,30,-2.516700850412535,-2.5165633326340022,-2.5165633326340022,5.4642083706710694e-05,True,0.11680240217861484,True,0.0,1000,True,12.080217013135552
hvac,298,recoverable_difficult,Benign,5.456946795795032e-05,False,baseline,1000,20,21000020,30,-2.516700850412535,-2.5165633326340022,-2.5165633326340022,5.4642083706710694e-05,True,0.11680240217861484,True,0.0,1000,True,11.989567952696234
hvac,298,recoverable_difficult,Benign,5.456946795795032e-05,False,baseline,1000,21,21000021,30,-2.516700850412535,-2.5165633326340022,-2.5166155034909394,3.391222344991692e-05,True,0.09201662097525874,False,0.37937536145328044,1000,True,11.57189201330766
hvac,298,recoverable_difficult,Benign,5.456946795795032e-05,False,baseline,1000,22,21000022,30,-2.516700850412535,-2.5165633326340022,-2.5165633326340022,5.4642083706710694e-05,True,0.11680240217861484,True,0.0,1000,True,12.160947022493929
hvac,298,recoverable_difficult,Benign,5.456946795795032e-05,False,baseline,1000,23,21000023,30,-2.516700850412535,-2.5165633326340022,-2.5165633326340022,5.4642083706710694e-05,True,0.11680240217861484,True,0.0,1000,True,11.860586004331708
hvac,298,recoverable_difficult,Benign,5.456946795795032e-05,False,baseline,1000,24,21000024,30,-2.516700850412535,-2.5165633326340022,-2.5165952506716316,4.195959201361505e-05,True,0.10235375426422132,False,0.23210117244372383,1000,True,11.9443450239487
hvac,298,recoverable_difficult,Benign,5.456946795795032e-05,False,baseline,1000,25,21000025,30,-2.516700850412535,-2.5165633326340022,-2.5165633326340022,5.4642083706710694e-05,True,0.11680240217861484,True,0.0,1000,True,11.975499975960702
hvac,298,recoverable_difficult,Benign,5.456946795795032e-05,False,baseline,1000,26,21000026,30,-2.516700850412535,-2.5165633326340022,-2.516688948713881,4.729087548176409e-06,True,0.034361872802367986,False,0.9134533819471525,1000,True,11.980228999163955
hvac,298,recoverable_difficult,Benign,5.456946795795032e-05,False,baseline,1000,27,21000027,30,-2.516700850412535,-2.5165633326340022,-2.5165633326340022,5.4642083706710694e-05,True,0.11680240217861484,True,0.0,1000,True,11.927918007131666
hvac,298,recoverable_difficult,Benign,5.456946795795032e-05,False,baseline,1000,28,21000028,30,-2.516700850412535,-2.5165633326340022,-2.5165633326340022,5.4642083706710694e-05,True,0.11680240217861484,True,0.0,1000,True,11.961193988099694
hvac,298,recoverable_difficult,Benign,5.456946795795032e-05,False,baseline,1000,29,21000029,30,-2.516700850412535,-2.5165633326340022,-2.5165633326340022,5.4642083706710694e-05,True,0.11680240217861484,True,0.0,1000,True,11.951227963436395
hvac,298,recoverable_difficult,Benign,5.456946795795032e-05,False,A_no_greedy,1000,0,21001000,30,-2.516700850412535,-2.5165633326340022,-2.5165633326340022,5.4642083706710694e-05,True,0.11680240217861484,True,0.0,1000,True,12.12330802809447
hvac,298,recoverable_difficult,Benign,5.456946795795032e-05,False,A_no_greedy,1000,1,21001001,30,-2.516700850412535,-2.5165633326340022,-2.5165633326340022,5.4642083706710694e-05,True,0.11680240217861484,True,0.0,1000,True,12.248334009200335
hvac,298,recoverable_difficult,Benign,5.456946795795032e-05,False,A_no_greedy,1000,2,21001002,30,-2.516700850412535,-2.5165633326340022,-2.5165633326340022,5.4642083706710694e-05,True,0.11680240217861484,True,0.0,1000,True,12.172746006399393
hvac,298,recoverable_difficult,Benign,5.456946795795032e-05,False,A_no_greedy,1000,3,21001003,30,-2.516700850412535,-2.5165633326340022,-2.5165633326340022,5.4642083706710694e-05,True,0.11680240217861484,True,0.0,1000,True,12.135164986830205
hvac,298,recoverable_difficult,Benign,5.456946795795032e-05,False,A_no_greedy,1000,4,21001004,30,-2.516700850412535,-2.5165633326340022,-2.5165633326340022,5.4642083706710694e-05,True,0.11680240217861484,True,0.0,1000,True,12.199226999655366
hvac,298,recoverable_difficult,Benign,5.456946795795032e-05,False,A_no_greedy,1000,5,21001005,30,-2.516700850412535,-2.5165633326340022,-2.5165633326340022,5.4642083706710694e-05,True,0.11680240217861484,True,0.0,1000,True,12.366468028631061
hvac,298,recoverable_difficult,Benign,5.456946795795032e-05,False,A_no_greedy,1000,6,21001006,30,-2.516700850412535,-2.5165633326340022,-2.5165633326340022,5.4642083706710694e-05,True,0.11680240217861484,True,0.0,1000,True,12.106085021514446
hvac,298,recoverable_difficult,Benign,5.456946795795032e-05,False,A_no_greedy,1000,7,21001007,30,-2.516700850412535,-2.5165633326340022,-2.5165633326340022,5.4642083706710694e-05,True,0.11680240217861484,True,0.0,1000,True,12.324754963628948
hvac,298,recoverable_difficult,Benign,5.456946795795032e-05,False,A_no_greedy,1000,8,21001008,30,-2.516700850412535,-2.5165633326340022,-2.5165633326340022,5.4642083706710694e-05,True,0.11680240217861484,True,0.0,1000,True,12.414228986017406
hvac,298,recoverable_difficult,Benign,5.456946795795032e-05,False,A_no_greedy,1000,9,21001009,30,-2.516700850412535,-2.5165633326340022,-2.5165633326340022,5.4642083706710694e-05,True,0.11680240217861484,True,0.0,1000,True,12.597834982443601
hvac,298,recoverable_difficult,Benign,5.456946795795032e-05,False,A_no_greedy,1000,10,21001010,30,-2.516700850412535,-2.5165633326340022,-2.5165633326340022,5.4642083706710694e-05,True,0.11680240217861484,True,0.0,1000,True,12.574794993270189
hvac,298,recoverable_difficult,Benign,5.456946795795032e-05,False,A_no_greedy,1000,11,21001011,30,-2.516700850412535,-2.5165633326340022,-2.5165633326340022,5.4642083706710694e-05,True,0.11680240217861484,True,0.0,1000,True,12.733114999718964
hvac,298,recoverable_difficult,Benign,5.456946795795032e-05,False,A_no_greedy,1000,12,21001012,30,-2.516700850412535,-2.5165633326340022,-2.5165633326340022,5.4642083706710694e-05,True,0.11680240217861484,True,0.0,1000,True,12.3946379753761
hvac,298,recoverable_difficult,Benign,5.456946795795032e-05,False,A_no_greedy,1000,13,21001013,30,-2.516700850412535,-2.5165633326340022,-2.5165633326340022,5.4642083706710694e-05,True,0.11680240217861484,True,0.0,1000,True,11.885274027008563
hvac,298,recoverable_difficult,Benign,5.456946795795032e-05,False,A_no_greedy,1000,14,21001014,30,-2.516700850412535,-2.5165633326340022,-2.5165633326340022,5.4642083706710694e-05,True,0.11680240217861484,True,0.0,1000,True,12.196948984637856
hvac,298,recoverable_difficult,Benign,5.456946795795032e-05,False,A_no_greedy,1000,15,21001015,30,-2.516700850412535,-2.5165633326340022,-2.5165633326340022,5.4642083706710694e-05,True,0.11680240217861484,True,0.0,1000,True,11.723362957127392
hvac,298,recoverable_difficult,Benign,5.456946795795032e-05,False,A_no_greedy,1000,16,21001016,30,-2.516700850412535,-2.5165633326340022,-2.5165633326340022,5.4642083706710694e-05,True,0.11680240217861484,True,0.0,1000,True,11.649930034764111
hvac,298,recoverable_difficult,Benign,5.456946795795032e-05,False,A_no_greedy,1000,17,21001017,30,-2.516700850412535,-2.5165633326340022,-2.5165633326340022,5.4642083706710694e-05,True,0.11680240217861484,True,0.0,1000,True,11.72855799086392
hvac,298,recoverable_difficult,Benign,5.456946795795032e-05,False,A_no_greedy,1000,18,21001018,30,-2.516700850412535,-2.5165633326340022,-2.5165633326340022,5.4642083706710694e-05,True,0.11680240217861484,True,0.0,1000,True,11.799917032476515
hvac,298,recoverable_difficult,Benign,5.456946795795032e-05,False,A_no_greedy,1000,19,21001019,30,-2.516700850412535,-2.5165633326340022,-2.5165633326340022,5.4642083706710694e-05,True,0.11680240217861484,True,0.0,1000,True,11.96161302505061
hvac,298,recoverable_difficult,Benign,5.456946795795032e-05,False,A_no_greedy,1000,20,21001020,30,-2.516700850412535,-2.5165633326340022,-2.5165633326340022,5.4642083706710694e-05,True,0.11680240217861484,True,0.0,1000,True,11.890309979207814
hvac,298,recoverable_difficult,Benign,5.456946795795032e-05,False,A_no_greedy,1000,21,21001021,30,-2.516700850412535,-2.5165633326340022,-2.5165633326340022,5.4642083706710694e-05,True,0.11680240217861484,True,0.0,1000,True,12.130271003115922
hvac,298,recoverable_difficult,Benign,5.456946795795032e-05,False,A_no_greedy,1000,22,21001022,30,-2.516700850412535,-2.5165633326340022,-2.5165633326340022,5.4642083706710694e-05,True,0.11680240217861484,True,0.0,1000,True,12.105096015147865
hvac,298,recoverable_difficult,Benign,5.456946795795032e-05,False,A_no_greedy,1000,23,21001023,30,-2.516700850412535,-2.5165633326340022,-2.5165633326340022,5.4642083706710694e-05,True,0.11680240217861484,True,0.0,1000,True,12.120503990445286
hvac,298,recoverable_difficult,Benign,5.456946795795032e-05,False,A_no_greedy,1000,24,21001024,30,-2.516700850412535,-2.5165633326340022,-2.5165633326340022,5.4642083706710694e-05,True,0.11680240217861484,True,0.0,1000,True,12.270581966731697
hvac,298,recoverable_difficult,Benign,5.456946795795032e-05,False,A_no_greedy,1000,25,21001025,30,-2.516700850412535,-2.5165633326340022,-2.5165633326340022,5.4642083706710694e-05,True,0.11680240217861484,True,0.0,1000,True,12.178078992292285
hvac,298,recoverable_difficult,Benign,5.456946795795032e-05,False,A_no_greedy,1000,26,21001026,30,-2.516700850412535,-2.5165633326340022,-2.5165633326340022,5.4642083706710694e-05,True,0.11680240217861484,True,0.0,1000,True,12.452973984181881
hvac,298,recoverable_difficult,Benign,5.456946795795032e-05,False,A_no_greedy,1000,27,21001027,30,-2.516700850412535,-2.5165633326340022,-2.5165633326340022,5.4642083706710694e-05,True,0.11680240217861484,True,0.0,1000,True,12.257000023964792
hvac,298,recoverable_difficult,Benign,5.456946795795032e-05,False,A_no_greedy,1000,28,21001028,30,-2.516700850412535,-2.5165633326340022,-2.5165633326340022,5.4642083706710694e-05,True,0.11680240217861484,True,0.0,1000,True,12.231584987603128
hvac,298,recoverable_difficult,Benign,5.456946795795032e-05,False,A_no_greedy,1000,29,21001029,30,-2.516700850412535,-2.5165633326340022,-2.5165633326340022,5.4642083706710694e-05,True,0.11680240217861484,True,0.0,1000,True,12.818260001949966
hvac,298,recoverable_difficult,Benign,5.456946795795032e-05,False,B_no_bridge,1000,0,21002000,30,-2.516700850412535,-2.5165633326340022,-2.5165633326340022,5.4642083706710694e-05,True,0.11680240217861484,True,0.0,1000,True,13.199956971220672
hvac,298,recoverable_difficult,Benign,5.456946795795032e-05,False,B_no_bridge,1000,1,21002001,30,-2.516700850412535,-2.5165633326340022,-2.5165633326340022,5.4642083706710694e-05,True,0.11680240217861484,True,0.0,1000,True,12.935537961311638
hvac,298,recoverable_difficult,Benign,5.456946795795032e-05,False,B_no_bridge,1000,2,21002002,30,-2.516700850412535,-2.5165633326340022,-2.5165633326340022,5.4642083706710694e-05,True,0.11680240217861484,True,0.0,1000,True,12.991112016607076
hvac,298,recoverable_difficult,Benign,5.456946795795032e-05,False,B_no_bridge,1000,3,21002003,30,-2.516700850412535,-2.5165633326340022,-2.5165633326340022,5.4642083706710694e-05,True,0.11680240217861484,True,0.0,1000,True,12.905528012197465
hvac,298,recoverable_difficult,Benign,5.456946795795032e-05,False,B_no_bridge,1000,4,21002004,30,-2.516700850412535,-2.5165633326340022,-2.5165633326340022,5.4642083706710694e-05,True,0.11680240217861484,True,0.0,1000,True,12.998037040233612
hvac,298,recoverable_difficult,Benign,5.456946795795032e-05,False,B_no_bridge,1000,5,21002005,30,-2.516700850412535,-2.5165633326340022,-2.5165633326340022,5.4642083706710694e-05,True,0.11680240217861484,True,0.0,1000,True,13.078283052891493
hvac,298,recoverable_difficult,Benign,5.456946795795032e-05,False,B_no_bridge,1000,6,21002006,30,-2.516700850412535,-2.5165633326340022,-2.5165633326340022,5.4642083706710694e-05,True,0.11680240217861484,True,0.0,1000,True,12.784630001988262
hvac,298,recoverable_difficult,Benign,5.456946795795032e-05,False,B_no_bridge,1000,7,21002007,30,-2.516700850412535,-2.5165633326340022,-2.5165633326340022,5.4642083706710694e-05,True,0.11680240217861484,True,0.0,1000,True,12.704581022262573
hvac,298,recoverable_difficult,Benign,5.456946795795032e-05,False,B_no_bridge,1000,8,21002008,30,-2.516700850412535,-2.5165633326340022,-2.5165633326340022,5.4642083706710694e-05,True,0.11680240217861484,True,0.0,1000,True,13.016747019719332
hvac,298,recoverable_difficult,Benign,5.456946795795032e-05,False,B_no_bridge,1000,9,21002009,30,-2.516700850412535,-2.5165633326340022,-2.5165633326340022,5.4642083706710694e-05,True,0.11680240217861484,True,0.0,1000,True,12.873600993771106
hvac,298,recoverable_difficult,Benign,5.456946795795032e-05,False,B_no_bridge,1000,10,21002010,30,-2.516700850412535,-2.5165633326340022,-2.5165633326340022,5.4642083706710694e-05,True,0.11680240217861484,True,0.0,1000,True,12.891207006759942
hvac,298,recoverable_difficult,Benign,5.456946795795032e-05,False,B_no_bridge,1000,11,21002011,30,-2.516700850412535,-2.5165633326340022,-2.5165633326340022,5.4642083706710694e-05,True,0.11680240217861484,True,0.0,1000,True,12.865082011558115
hvac,298,recoverable_difficult,Benign,5.456946795795032e-05,False,B_no_bridge,1000,12,21002012,30,-2.516700850412535,-2.5165633326340022,-2.5165633326340022,5.4642083706710694e-05,True,0.11680240217861484,True,0.0,1000,True,12.783519981894642
hvac,298,recoverable_difficult,Benign,5.456946795795032e-05,False,B_no_bridge,1000,13,21002013,30,-2.516700850412535,-2.5165633326340022,-2.5165633326340022,5.4642083706710694e-05,True,0.11680240217861484,True,0.0,1000,True,12.625954987015575
hvac,298,recoverable_difficult,Benign,5.456946795795032e-05,False,B_no_bridge,1000,14,21002014,30,-2.516700850412535,-2.5165633326340022,-2.5165633326340022,5.4642083706710694e-05,True,0.11680240217861484,True,0.0,1000,True,12.80442497227341
hvac,298,recoverable_difficult,Benign,5.456946795795032e-05,False,B_no_bridge,1000,15,21002015,30,-2.516700850412535,-2.5165633326340022,-2.5165633326340022,5.4642083706710694e-05,True,0.11680240217861484,True,0.0,1000,True,13.074362010229379
hvac,298,recoverable_difficult,Benign,5.456946795795032e-05,False,B_no_bridge,1000,16,21002016,30,-2.516700850412535,-2.5165633326340022,-2.5165633326340022,5.4642083706710694e-05,True,0.11680240217861484,True,0.0,1000,True,12.87261996185407
hvac,298,recoverable_difficult,Benign,5.456946795795032e-05,False,B_no_bridge,1000,17,21002017,30,-2.516700850412535,-2.5165633326340022,-2.5165633326340022,5.4642083706710694e-05,True,0.11680240217861484,True,0.0,1000,True,13.01025104476139
hvac,298,recoverable_difficult,Benign,5.456946795795032e-05,False,B_no_bridge,1000,18,21002018,30,-2.516700850412535,-2.5165633326340022,-2.5165633326340022,5.4642083706710694e-05,True,0.11680240217861484,True,0.0,1000,True,12.91526498971507
hvac,298,recoverable_difficult,Benign,5.456946795795032e-05,False,B_no_bridge,1000,19,21002019,30,-2.516700850412535,-2.5165633326340022,-2.5165633326340022,5.4642083706710694e-05,True,0.11680240217861484,True,0.0,1000,True,12.946123024448752
hvac,298,recoverable_difficult,Benign,5.456946795795032e-05,False,B_no_bridge,1000,20,21002020,30,-2.516700850412535,-2.5165633326340022,-2.5165633326340022,5.4642083706710694e-05,True,0.11680240217861484,True,0.0,1000,True,12.810947955586016
hvac,298,recoverable_difficult,Benign,5.456946795795032e-05,False,B_no_bridge,1000,21,21002021,30,-2.516700850412535,-2.5165633326340022,-2.5165633326340022,5.4642083706710694e-05,True,0.11680240217861484,True,0.0,1000,True,12.787235027644783
hvac,298,recoverable_difficult,Benign,5.456946795795032e-05,False,B_no_bridge,1000,22,21002022,30,-2.516700850412535,-2.5165633326340022,-2.5165633326340022,5.4642083706710694e-05,True,0.11680240217861484,True,0.0,1000,True,12.702403008006513
hvac,298,recoverable_difficult,Benign,5.456946795795032e-05,False,B_no_bridge,1000,23,21002023,30,-2.516700850412535,-2.5165633326340022,-2.5165633326340022,5.4642083706710694e-05,True,0.11680240217861484,True,0.0,1000,True,12.7720549935475
hvac,298,recoverable_difficult,Benign,5.456946795795032e-05,False,B_no_bridge,1000,24,21002024,30,-2.516700850412535,-2.5165633326340022,-2.5165633326340022,5.4642083706710694e-05,True,0.11680240217861484,True,0.0,1000,True,12.773338006809354
hvac,298,recoverable_difficult,Benign,5.456946795795032e-05,False,B_no_bridge,1000,25,21002025,30,-2.516700850412535,-2.5165633326340022,-2.5165633326340022,5.4642083706710694e-05,True,0.11680240217861484,True,0.0,1000,True,12.578552006743848
hvac,298,recoverable_difficult,Benign,5.456946795795032e-05,False,B_no_bridge,1000,26,21002026,30,-2.516700850412535,-2.5165633326340022,-2.5165633326340022,5.4642083706710694e-05,True,0.11680240217861484,True,0.0,1000,True,12.572266976349056
hvac,298,recoverable_difficult,Benign,5.456946795795032e-05,False,B_no_bridge,1000,27,21002027,30,-2.516700850412535,-2.5165633326340022,-2.5165633326340022,5.4642083706710694e-05,True,0.11680240217861484,True,0.0,1000,True,12.649792013689876
hvac,298,recoverable_difficult,Benign,5.456946795795032e-05,False,B_no_bridge,1000,28,21002028,30,-2.516700850412535,-2.5165633326340022,-2.5165633326340022,5.4642083706710694e-05,True,0.11680240217861484,True,0.0,1000,True,12.571286002639681
hvac,298,recoverable_difficult,Benign,5.456946795795032e-05,False,B_no_bridge,1000,29,21002029,30,-2.516700850412535,-2.5165633326340022,-2.5165633326340022,5.4642083706710694e-05,True,0.11680240217861484,True,0.0,1000,True,12.66555703477934
hvac,298,recoverable_difficult,Benign,5.456946795795032e-05,False,C_fitness_group,1000,0,21003000,30,-2.516700850412535,-2.5165633326340022,-2.5165633326340022,5.4642083706710694e-05,True,0.11680240217861484,True,0.0,1000,True,14.623569033574313
hvac,298,recoverable_difficult,Benign,5.456946795795032e-05,False,C_fitness_group,1000,1,21003001,30,-2.516700850412535,-2.5165633326340022,-2.5165633326340022,5.4642083706710694e-05,True,0.11680240217861484,True,0.0,1000,True,14.939767017494887
hvac,298,recoverable_difficult,Benign,5.456946795795032e-05,False,C_fitness_group,1000,2,21003002,30,-2.516700850412535,-2.5165633326340022,-2.5165633326340022,5.4642083706710694e-05,True,0.11680240217861484,True,0.0,1000,True,14.992113981861621
hvac,298,recoverable_difficult,Benign,5.456946795795032e-05,False,C_fitness_group,1000,3,21003003,30,-2.516700850412535,-2.5165633326340022,-2.5165633326340022,5.4642083706710694e-05,True,0.11680240217861484,True,0.0,1000,True,14.867851976305246
hvac,298,recoverable_difficult,Benign,5.456946795795032e-05,False,C_fitness_group,1000,4,21003004,30,-2.516700850412535,-2.5165633326340022,-2.5165633326340022,5.4642083706710694e-05,True,0.11680240217861484,True,0.0,1000,True,14.96324804611504
hvac,298,recoverable_difficult,Benign,5.456946795795032e-05,False,C_fitness_group,1000,5,21003005,30,-2.516700850412535,-2.5165633326340022,-2.5165633326340022,5.4642083706710694e-05,True,0.11680240217861484,True,0.0,1000,True,14.838132017757744
hvac,298,recoverable_difficult,Benign,5.456946795795032e-05,False,C_fitness_group,1000,6,21003006,30,-2.516700850412535,-2.5165633326340022,-2.5165633326340022,5.4642083706710694e-05,True,0.11680240217861484,True,0.0,1000,True,14.990288997069001
hvac,298,recoverable_difficult,Benign,5.456946795795032e-05,False,C_fitness_group,1000,7,21003007,30,-2.516700850412535,-2.5165633326340022,-2.5165633326340022,5.4642083706710694e-05,True,0.11680240217861484,True,0.0,1000,True,14.909298974089324
hvac,298,recoverable_difficult,Benign,5.456946795795032e-05,False,C_fitness_group,1000,8,21003008,30,-2.516700850412535,-2.5165633326340022,-2.5165633326340022,5.4642083706710694e-05,True,0.11680240217861484,True,0.0,1000,True,14.918793982360512
hvac,298,recoverable_difficult,Benign,5.456946795795032e-05,False,C_fitness_group,1000,9,21003009,30,-2.516700850412535,-2.5165633326340022,-2.5165633326340022,5.4642083706710694e-05,True,0.11680240217861484,True,0.0,1000,True,15.111873974092305
hvac,298,recoverable_difficult,Benign,5.456946795795032e-05,False,C_fitness_group,1000,10,21003010,30,-2.516700850412535,-2.5165633326340022,-2.5165633326340022,5.4642083706710694e-05,True,0.11680240217861484,True,0.0,1000,True,15.284893976058811
hvac,298,recoverable_difficult,Benign,5.456946795795032e-05,False,C_fitness_group,1000,11,21003011,30,-2.516700850412535,-2.5165633326340022,-2.5165633326340022,5.4642083706710694e-05,True,0.11680240217861484,True,0.0,1000,True,15.44722996186465
hvac,298,recoverable_difficult,Benign,5.456946795795032e-05,False,C_fitness_group,1000,12,21003012,30,-2.516700850412535,-2.5165633326340022,-2.5165633326340022,5.4642083706710694e-05,True,0.11680240217861484,True,0.0,1000,True,15.531027980614454
hvac,298,recoverable_difficult,Benign,5.456946795795032e-05,False,C_fitness_group,1000,13,21003013,30,-2.516700850412535,-2.5165633326340022,-2.5165633326340022,5.4642083706710694e-05,True,0.11680240217861484,True,0.0,1000,True,15.21048997528851
hvac,298,recoverable_difficult,Benign,5.456946795795032e-05,False,C_fitness_group,1000,14,21003014,30,-2.516700850412535,-2.5165633326340022,-2.5165633326340022,5.4642083706710694e-05,True,0.11680240217861484,True,0.0,1000,True,15.330051013734192
hvac,298,recoverable_difficult,Benign,5.456946795795032e-05,False,C_fitness_group,1000,15,21003015,30,-2.516700850412535,-2.5165633326340022,-2.5165633326340022,5.4642083706710694e-05,True,0.11680240217861484,True,0.0,1000,True,15.233065991196781
hvac,298,recoverable_difficult,Benign,5.456946795795032e-05,False,C_fitness_group,1000,16,21003016,30,-2.516700850412535,-2.5165633326340022,-2.5165633326340022,5.4642083706710694e-05,True,0.11680240217861484,True,0.0,1000,True,15.151161991525441
hvac,298,recoverable_difficult,Benign,5.456946795795032e-05,False,C_fitness_group,1000,17,21003017,30,-2.516700850412535,-2.5165633326340022,-2.5165633326340022,5.4642083706710694e-05,True,0.11680240217861484,True,0.0,1000,True,15.099305019248277
hvac,298,recoverable_difficult,Benign,5.456946795795032e-05,False,C_fitness_group,1000,18,21003018,30,-2.516700850412535,-2.5165633326340022,-2.5165633326340022,5.4642083706710694e-05,True,0.11680240217861484,True,0.0,1000,True,15.25441202102229
hvac,298,recoverable_difficult,Benign,5.456946795795032e-05,False,C_fitness_group,1000,19,21003019,30,-2.516700850412535,-2.5165633326340022,-2.5165633326340022,5.4642083706710694e-05,True,0.11680240217861484,True,0.0,1000,True,15.145857003517449
hvac,298,recoverable_difficult,Benign,5.456946795795032e-05,False,C_fitness_group,1000,20,21003020,30,-2.516700850412535,-2.5165633326340022,-2.5165633326340022,5.4642083706710694e-05,True,0.11680240217861484,True,0.0,1000,True,15.235711995046586
hvac,298,recoverable_difficult,Benign,5.456946795795032e-05,False,C_fitness_group,1000,21,21003021,30,-2.516700850412535,-2.5165633326340022,-2.5165633326340022,5.4642083706710694e-05,True,0.11680240217861484,True,0.0,1000,True,15.237918007187545
hvac,298,recoverable_difficult,Benign,5.456946795795032e-05,False,C_fitness_group,1000,22,21003022,30,-2.516700850412535,-2.5165633326340022,-2.5165633326340022,5.4642083706710694e-05,True,0.11680240217861484,True,0.0,1000,True,15.317160985432565
hvac,298,recoverable_difficult,Benign,5.456946795795032e-05,False,C_fitness_group,1000,23,21003023,30,-2.516700850412535,-2.5165633326340022,-2.5165633326340022,5.4642083706710694e-05,True,0.11680240217861484,True,0.0,1000,True,15.413902990985662
hvac,298,recoverable_difficult,Benign,5.456946795795032e-05,False,C_fitness_group,1000,24,21003024,30,-2.516700850412535,-2.5165633326340022,-2.5165633326340022,5.4642083706710694e-05,True,0.11680240217861484,True,0.0,1000,True,15.85522695677355
hvac,298,recoverable_difficult,Benign,5.456946795795032e-05,False,C_fitness_group,1000,25,21003025,30,-2.516700850412535,-2.5165633326340022,-2.5165633326340022,5.4642083706710694e-05,True,0.11680240217861484,True,0.0,1000,True,15.808037016540766
hvac,298,recoverable_difficult,Benign,5.456946795795032e-05,False,C_fitness_group,1000,26,21003026,30,-2.516700850412535,-2.5165633326340022,-2.5165633326340022,5.4642083706710694e-05,True,0.11680240217861484,True,0.0,1000,True,15.492221980821341
hvac,298,recoverable_difficult,Benign,5.456946795795032e-05,False,C_fitness_group,1000,27,21003027,30,-2.516700850412535,-2.5165633326340022,-2.5165633326340022,5.4642083706710694e-05,True,0.11680240217861484,True,0.0,1000,True,15.487716998904943
hvac,298,recoverable_difficult,Benign,5.456946795795032e-05,False,C_fitness_group,1000,28,21003028,30,-2.516700850412535,-2.5165633326340022,-2.5165633326340022,5.4642083706710694e-05,True,0.11680240217861484,True,0.0,1000,True,15.188853023573756
hvac,298,recoverable_difficult,Benign,5.456946795795032e-05,False,C_fitness_group,1000,29,21003029,30,-2.516700850412535,-2.5165633326340022,-2.5165633326340022,5.4642083706710694e-05,True,0.11680240217861484,True,0.0,1000,True,15.278785955160856
hvac,298,recoverable_difficult,Benign,5.456946795795032e-05,False,D_no_warm_slot,1000,0,21004000,30,-2.516700850412535,-2.5165633326340022,-2.5105922331698514,0.0024272321605813964,False,0.7784734539183764,False,-43.42056371073755,1000,True,12.121650041081011
hvac,298,recoverable_difficult,Benign,5.456946795795032e-05,False,D_no_warm_slot,1000,1,21004001,30,-2.516700850412535,-2.5165633326340022,-2.4896328528921146,0.010755349614152076,False,1.6387036267196475,False,-195.83271362565537,1000,True,12.216703966259956
hvac,298,recoverable_difficult,Benign,5.456946795795032e-05,False,D_no_warm_slot,1000,2,21004002,30,-2.516700850412535,-2.5165633326340022,-2.5157848968550462,0.00036395011244138393,False,0.30144568900116625,False,-5.6606192105497355,1000,True,11.747550975997001
hvac,298,recoverable_difficult,Benign,5.456946795795032e-05,False,D_no_warm_slot,1000,3,21004003,30,-2.516700850412535,-2.5165633326340022,-2.514656251220756,0.0008124124849577845,False,0.45037724853633343,False,-13.867889909147273,1000,True,11.950121959671378
hvac,298,recoverable_difficult,Benign,5.456946795795032e-05,False,D_no_warm_slot,1000,4,21004004,30,-2.516700850412535,-2.5165633326340022,-2.5064780756129794,0.0040619745480993865,False,1.0070632490028342,False,-73.33784132211869,1000,True,11.941535980440676
hvac,298,recoverable_difficult,Benign,5.456946795795032e-05,False,D_no_warm_slot,1000,5,21004005,30,-2.516700850412535,-2.5165633326340022,-2.513571797960357,0.0012433152123205993,False,0.5571585152343378,False,-21.753803075923063,1000,True,11.795316997449845
hvac,298,recoverable_difficult,Benign,5.456946795795032e-05,False,D_no_warm_slot,1000,6,21004006,30,-2.516700850412535,-2.5165633326340022,-2.5145738728533837,0.0008451451664598218,False,0.4593606659191618,False,-14.466927853558923,1000,True,11.799358995631337
hvac,298,recoverable_difficult,Benign,5.456946795795032e-05,False,D_no_warm_slot,1000,7,21004007,30,-2.516700850412535,-2.5165633326340022,-2.513205565805835,0.0013888359461264803,False,0.5888621267401182,False,-24.41696531159032,1000,True,12.141773011535406
hvac,298,recoverable_difficult,Benign,5.456946795795032e-05,False,D_no_warm_slot,1000,8,21004008,30,-2.516700850412535,-2.5165633326340022,-2.515171125980474,0.0006078292665615654,False,0.38956412174472516,False,-10.123830303106043,1000,True,11.749318975489587
hvac,298,recoverable_difficult,Benign,5.456946795795032e-05,False,D_no_warm_slot,1000,9,21004009,30,-2.516700850412535,-2.5165633326340022,-2.5158850708790563,0.0003241464051419408,False,0.2844845945848399,False,-4.932175040794277,1000,True,11.810747033450752
hvac,298,recoverable_difficult,Benign,5.456946795795032e-05,False,D_no_warm_slot,1000,10,21004010,30,-2.516700850412535,-2.5165633326340022,-2.5124898407566665,0.0016732261425423175,False,0.6463466014168852,False,-29.621565449870012,1000,True,12.003518000710756
hvac,298,recoverable_difficult,Benign,5.456946795795032e-05,False,D_no_warm_slot,1000,11,21004011,30,-2.516700850412535,-2.5165633326340022,-2.5160431713938634,0.0002613258618178866,False,0.25543437649221634,False,-3.7825017658649926,1000,True,11.930690961889923
hvac,298,recoverable_difficult,Benign,5.456946795795032e-05,False,D_no_warm_slot,1000,12,21004012,30,-2.516700850412535,-2.5165633326340022,-2.514816282410312,0.0007488247965244315,False,0.4323926045003499,False,-12.704177178595899,1000,True,12.254005996510386
hvac,298,recoverable_difficult,Benign,5.456946795795032e-05,False,D_no_warm_slot,1000,13,21004013,30,-2.516700850412535,-2.5165633326340022,-2.5036582836571415,0.005182406464103908,False,1.1375064940339326,False,-93.84276792810972,1000,True,11.883446015417576
hvac,298,recoverable_difficult,Benign,5.456946795795032e-05,False,D_no_warm_slot,1000,14,21004014,30,-2.516700850412535,-2.5165633326340022,-2.516133426815311,0.000225463267567601,False,0.23726083092685574,False,-3.126183561698827,1000,True,12.015390035230666
hvac,298,recoverable_difficult,Benign,5.456946795795032e-05,False,D_no_warm_slot,1000,15,21004015,30,-2.516700850412535,-2.5165633326340022,-2.515406714593369,0.0005142191687002175,False,0.3583127644380972,False,-8.41068008058165,1000,True,11.821274005342275
hvac,298,recoverable_difficult,Benign,5.456946795795032e-05,False,D_no_warm_slot,1000,16,21004016,30,-2.516700850412535,-2.5165633326340022,-2.500768930535554,0.006330478202989381,False,1.2572058922490943,False,-114.85352851783584,1000,True,11.851435992866755
hvac,298,recoverable_difficult,Benign,5.456946795795032e-05,False,D_no_warm_slot,1000,17,21004017,30,-2.516700850412535,-2.5165633326340022,-2.5141896734232363,0.0009978051181121883,False,0.4991269412353146,False,-17.260744291302455,1000,True,11.770258017349988
hvac,298,recoverable_difficult,Benign,5.456946795795032e-05,False,D_no_warm_slot,1000,18,21004018,30,-2.516700850412535,-2.5165633326340022,-2.512772118521736,0.0015610643156715415,False,0.6243074919602735,False,-27.568901655553525,1000,True,11.543273983988911
hvac,298,recoverable_difficult,Benign,5.456946795795032e-05,False,D_no_warm_slot,1000,19,21004019,30,-2.516700850412535,-2.5165633326340022,-2.5143221512144414,0.0009451656511754048,False,0.4857827777879388,False,-16.297394005846215,1000,True,11.380102951079607
hvac,298,recoverable_difficult,Benign,5.456946795795032e-05,False,D_no_warm_slot,1000,20,21004020,30,-2.516700850412535,-2.5165633326340022,-2.513155206643436,0.001408845937536864,False,0.5930890431237332,False,-24.783166416178254,1000,True,11.880210018716753
hvac,298,recoverable_difficult,Benign,5.456946795795032e-05,False,D_no_warm_slot,1000,21,21004021,30,-2.516700850412535,-2.5165633326340022,-2.504887313959581,0.0046940566857668715,False,1.0825857683526607,False,-84.90552130043287,1000,True,11.936609982512891
hvac,298,recoverable_difficult,Benign,5.456946795795032e-05,False,D_no_warm_slot,1000,22,21004022,30,-2.516700850412535,-2.5165633326340022,-2.5132737540575225,0.001361741644602273,False,0.5830898855177333,False,-23.921114866544425,1000,True,11.894038994796574
hvac,298,recoverable_difficult,Benign,5.456946795795032e-05,False,D_no_warm_slot,1000,23,21004023,30,-2.516700850412535,-2.5165633326340022,-2.5117624684483704,0.0019622443260808513,False,0.699946247695259,False,-34.910861976148695,1000,True,12.002456991467625
hvac,298,recoverable_difficult,Benign,5.456946795795032e-05,False,D_no_warm_slot,1000,24,21004024,30,-2.516700850412535,-2.5165633326340022,-2.496939688480516,0.007852010670549118,False,1.4001629740626242,False,-142.69896127487536,1000,True,11.786814022343606
hvac,298,recoverable_difficult,Benign,5.456946795795032e-05,False,D_no_warm_slot,1000,25,21004025,30,-2.516700850412535,-2.5165633326340022,-2.515255383953758,0.0005743497319279568,False,0.3786834805706964,False,-9.511124264783843,1000,True,11.81830302812159
hvac,298,recoverable_difficult,Benign,5.456946795795032e-05,False,D_no_warm_slot,1000,26,21004026,30,-2.516700850412535,-2.5165633326340022,-2.513931047018029,0.00110056918129632,False,0.524199765694912,False,-19.14142043344436,1000,True,11.682195996399969
hvac,298,recoverable_difficult,Benign,5.456946795795032e-05,False,D_no_warm_slot,1000,27,21004027,30,-2.516700850412535,-2.5165633326340022,-2.514814414764274,0.0007495668974530981,False,0.432606806158714,False,-12.717758302856273,1000,True,11.962923977989703
hvac,298,recoverable_difficult,Benign,5.456946795795032e-05,False,D_no_warm_slot,1000,28,21004028,30,-2.516700850412535,-2.5165633326340022,-2.5159794905081405,0.00028662918132540786,False,0.267515130327519,False,-4.245575605496289,1000,True,11.673336033709347
hvac,298,recoverable_difficult,Benign,5.456946795795032e-05,False,D_no_warm_slot,1000,29,21004029,30,-2.516700850412535,-2.5165633326340022,-2.505963070023504,0.004266609751123685,False,1.032118611723706,False,-77.08285229429664,1000,True,11.785941023845226
pendcart,10,recoverable_difficult,High,0.0668564901913047,False,baseline,1000,0,22000000,20,-0.6185960298867788,-0.5552309006278788,-0.6185959515602079,7.832657089590356e-08,True,0.0007854251727179573,False,0.9999987638852502,1000,True,39.73169904202223
pendcart,10,recoverable_difficult,High,0.0668564901913047,False,baseline,1000,1,22000001,20,-0.6185960298867788,-0.5552309006278788,-0.6185959767680579,5.311872086632974e-08,True,0.0006468060349522631,False,0.9999991617042135,1000,True,40.505143988411874
pendcart,10,recoverable_difficult,High,0.0668564901913047,False,baseline,1000,2,22000002,20,-0.6185960298867788,-0.5552309006278788,-0.6185957505548995,2.793318792937427e-07,True,0.0014832368639368099,False,0.9999955917097848,1000,True,40.38940498139709
pendcart,10,recoverable_difficult,High,0.0668564901913047,False,baseline,1000,3,22000003,20,-0.6185960298867788,-0.5552309006278788,-0.6185952955794054,7.343073733512284e-07,True,0.002404856705311431,False,0.9999884114909582,1000,True,40.02434998983517
pendcart,10,recoverable_difficult,High,0.0668564901913047,False,baseline,1000,4,22000004,20,-0.6185960298867788,-0.5552309006278788,-0.618593873307641,2.156579137713166e-06,True,0.00412128794857658,False,0.999965965837,1000,True,41.11283697420731
pendcart,10,recoverable_difficult,High,0.0668564901913047,False,baseline,1000,5,22000005,20,-0.6185960298867788,-0.5552309006278788,-0.6185956577246389,3.7216213988333635e-07,True,0.0017120496462474932,False,0.9999941267043209,1000,True,40.824033960234374
pendcart,10,recoverable_difficult,High,0.0668564901913047,False,baseline,1000,6,22000006,20,-0.6185960298867788,-0.5552309006278788,-0.6185955522760507,4.776107280779485e-07,True,0.0019394888898229823,False,0.9999924625620801,1000,True,40.596116974484175
pendcart,10,recoverable_difficult,High,0.0668564901913047,False,baseline,1000,7,22000007,20,-0.6185960298867788,-0.5552309006278788,-0.618595701568661,3.2831811780376086e-07,True,0.001608043097390155,False,0.9999948186309782,1000,True,39.73369597224519
pendcart,10,recoverable_difficult,High,0.0668564901913047,False,baseline,1000,8,22000008,20,-0.6185960298867788,-0.5552309006278788,-0.6185929021890929,3.127697685845199e-06,True,0.0049632099159993,False,0.9999506400803971,1000,True,39.606957987416536
pendcart,10,recoverable_difficult,High,0.0668564901913047,False,baseline,1000,9,22000009,20,-0.6185960298867788,-0.5552309006278788,-0.6185956549181586,3.749686201537372e-07,True,0.0017184928194939886,False,0.9999940824137102,1000,True,40.61684902990237
pendcart,10,recoverable_difficult,High,0.0668564901913047,False,baseline,1000,10,22000010,20,-0.6185960298867788,-0.5552309006278788,-0.6185955143480344,5.155387443611659e-07,True,0.002015027206083264,False,0.9999918639991682,1000,True,39.1764179803431
pendcart,10,recoverable_difficult,High,0.0668564901913047,False,baseline,1000,11,22000011,20,-0.6185960298867788,-0.5552309006278788,-0.618596017124854,1.2761924739201902e-08,True,0.00031703583120101797,False,0.9999997985970377,1000,True,38.97346602752805
pendcart,10,recoverable_difficult,High,0.0668564901913047,False,baseline,1000,12,22000012,20,-0.6185960298867788,-0.5552309006278788,-0.6185959603633953,6.952338349464071e-08,True,0.0007399727193164729,False,0.9999989028131986,1000,True,38.854082056786865
pendcart,10,recoverable_difficult,High,0.0668564901913047,False,baseline,1000,13,22000013,20,-0.6185960298867788,-0.5552309006278788,-0.6185960287391222,1.1476565253687454e-09,True,9.507278771403449e-05,False,0.9999999818882004,1000,True,39.46830396307632
pendcart,10,recoverable_difficult,High,0.0668564901913047,False,baseline,1000,14,22000014,20,-0.6185960298867788,-0.5552309006278788,-0.6185931473149954,2.88257178338025e-06,True,0.0047647522619787,False,0.9999545085472548,1000,True,40.16419698018581
pendcart,10,recoverable_difficult,High,0.0668564901913047,False,baseline,1000,15,22000015,20,-0.6185960298867788,-0.5552309006278788,-0.6185936892503044,2.340636474307267e-06,True,0.0042935571064703915,False,0.9999630611268109,1000,True,40.35033198306337
pendcart,10,recoverable_difficult,High,0.0668564901913047,False,baseline,1000,16,22000016,20,-0.6185960298867788,-0.5552309006278788,-0.6185918984581671,4.131428611664489e-06,True,0.005704274097728224,False,0.9999347996499023,1000,True,40.07742297835648
pendcart,10,recoverable_difficult,High,0.0668564901913047,False,baseline,1000,17,22000017,20,-0.6185960298867788,-0.5552309006278788,-0.6185944607059071,1.5691808716855604e-06,True,0.003515497246906918,False,0.9999752358925164,1000,True,39.419029955752194
pendcart,10,recoverable_difficult,High,0.0668564901913047,False,baseline,1000,18,22000018,20,-0.6185960298867788,-0.5552309006278788,-0.6185933299083133,2.6999784654702097e-06,True,0.004611374668062496,False,0.9999573901529588,1000,True,39.181879023090005
pendcart,10,recoverable_difficult,High,0.0668564901913047,False,baseline,1000,19,22000019,20,-0.6185960298867788,-0.5552309006278788,-0.6185956049314771,4.2495530161446027e-07,True,0.0018294556475737522,False,0.9999932935463625,1000,True,38.52069895947352
pendcart,10,recoverable_difficult,High,0.0668564901913047,False,baseline,1000,20,22000020,20,-0.6185960298867788,-0.5552309006278788,-0.6185954224842791,6.074024996305383e-07,True,0.002187200250082455,False,0.9999904142466569,1000,True,38.55761798331514
pendcart,10,recoverable_difficult,High,0.0668564901913047,False,baseline,1000,21,22000021,20,-0.6185960298867788,-0.5552309006278788,-0.6185960063806002,2.3506178559173918e-08,True,0.00043027020639963,False,0.9999996290360513,1000,True,39.21664599329233
pendcart,10,recoverable_difficult,High,0.0668564901913047,False,baseline,1000,22,22000022,20,-0.6185960298867788,-0.5552309006278788,-0.6185954796375377,5.502492410602855e-07,True,0.0020817567692534844,False,0.9999913162137046,1000,True,39.553592971060425
pendcart,10,recoverable_difficult,High,0.0668564901913047,False,baseline,1000,23,22000023,20,-0.6185960298867788,-0.5552309006278788,-0.6185960297297503,1.5702850131305013e-10,True,3.5167337528285714e-05,False,0.9999999975218468,1000,True,39.44098902866244
pendcart,10,recoverable_difficult,High,0.0668564901913047,False,baseline,1000,24,22000024,20,-0.6185960298867788,-0.5552309006278788,-0.6185956809862851,3.4890049360747355e-07,True,0.0016576813499717957,False,0.9999944938091709,1000,True,39.9066919926554
pendcart,10,recoverable_difficult,High,0.0668564901913047,False,baseline,1000,25,22000025,20,-0.6185960298867788,-0.5552309006278788,-0.6185942015264773,1.82836030149236e-06,True,0.003794732360181019,False,0.9999711456392044,1000,True,40.04076198907569
pendcart,10,recoverable_difficult,High,0.0668564901913047,False,baseline,1000,26,22000026,20,-0.6185960298867788,-0.5552309006278788,-0.6185380236145043,5.8006272274480075e-05,True,0.021374095119473857,False,0.9990845710731927,1000,True,40.609452000353485
pendcart,10,recoverable_difficult,High,0.0668564901913047,False,baseline,1000,27,22000027,20,-0.6185960298867788,-0.5552309006278788,-0.6185960120706386,1.7816140118753765e-08,True,0.0003745907665280157,False,0.9999997188336814,1000,True,40.804994001518935
pendcart,10,recoverable_difficult,High,0.0668564901913047,False,baseline,1000,28,22000028,20,-0.6185960298867788,-0.5552309006278788,-0.6185922930288605,3.736857918212877e-06,True,0.005425047588632381,False,0.9999410265873057,1000,True,40.56517803110182
pendcart,10,recoverable_difficult,High,0.0668564901913047,False,baseline,1000,29,22000029,20,-0.6185960298867788,-0.5552309006278788,-0.6185840328087958,1.1997077982939253e-05,True,0.009720486474833478,False,0.9998106675055626,1000,True,40.246467979159206
pendcart,10,recoverable_difficult,High,0.0668564901913047,False,A_no_greedy,1000,0,22001000,20,-0.6185960298867788,-0.5552309006278788,-0.6185878183311123,8.211555666437498e-06,True,0.008041979839193303,False,0.9998704089179257,1000,True,40.915980003774166
pendcart,10,recoverable_difficult,High,0.0668564901913047,False,A_no_greedy,1000,1,22001001,20,-0.6185960298867788,-0.5552309006278788,-0.6184717350256896,0.0001242948610891137,False,0.031287931061165786,False,0.998038434347995,1000,True,40.47234897734597
pendcart,10,recoverable_difficult,High,0.0668564901913047,False,A_no_greedy,1000,2,22001002,20,-0.6185960298867788,-0.5552309006278788,-0.61859514602669,8.83860088785049e-07,True,0.002638408400568615,False,0.9999860513171973,1000,True,40.309428004547954
pendcart,10,recoverable_difficult,High,0.0668564901913047,False,A_no_greedy,1000,3,22001003,20,-0.6185960298867788,-0.5552309006278788,-0.6185130792847015,8.295060207730298e-05,True,0.025559951810366854,False,0.9986909108677364,1000,True,40.73111602338031
pendcart,10,recoverable_difficult,High,0.0668564901913047,False,A_no_greedy,1000,4,22001004,20,-0.6185960298867788,-0.5552309006278788,-0.6185843403738689,1.1689512909862643e-05,True,0.009595077057183321,False,0.9998155213593568,1000,True,40.565902017988265
pendcart,10,recoverable_difficult,High,0.0668564901913047,False,A_no_greedy,1000,5,22001005,20,-0.6185960298867788,-0.5552309006278788,-0.6185944776489577,1.5522378210564014e-06,True,0.003496466647910701,False,0.9999755032801289,1000,True,40.105860971380025
pendcart,10,recoverable_difficult,High,0.0668564901913047,False,A_no_greedy,1000,6,22001006,20,-0.6185960298867788,-0.5552309006278788,-0.6185837878896245,1.2241997154216477e-05,True,0.009819206569523509,False,0.9998068023012436,1000,True,39.57598999841139
pendcart,10,recoverable_difficult,High,0.0668564901913047,False,A_no_greedy,1000,7,22001007,20,-0.6185960298867788,-0.5552309006278788,-0.6185119492378109,8.408064896781031e-05,True,0.0257334661380324,False,0.9986730769754407,1000,True,39.38030399149284
pendcart,10,recoverable_difficult,High,0.0668564901913047,False,A_no_greedy,1000,8,22001008,20,-0.6185960298867788,-0.5552309006278788,-0.6185959248339068,1.0505287195705648e-07,True,0.0009096079007981928,False,0.999998342102775,1000,True,40.0940389954485
pendcart,10,recoverable_difficult,High,0.0668564901913047,False,A_no_greedy,1000,9,22001009,20,-0.6185960298867788,-0.5552309006278788,-0.6185944247195909,1.6051671878347662e-06,True,0.0035555795203867646,False,0.9999746679726434,1000,True,40.15674896072596
pendcart,10,recoverable_difficult,High,0.0668564901913047,False,A_no_greedy,1000,10,22001010,20,-0.6185960298867788,-0.5552309006278788,-0.6185181312629774,7.789862380136459e-05,True,0.024769380917272432,False,0.9987706389190325,1000,True,40.46667803777382
pendcart,10,recoverable_difficult,High,0.0668564901913047,False,A_no_greedy,1000,11,22001011,20,-0.6185960298867788,-0.5552309006278788,-0.6185844509717187,1.157891506009534e-05,True,0.009549578287835203,False,0.9998172667649302,1000,True,39.829790010116994
pendcart,10,recoverable_difficult,High,0.0668564901913047,False,A_no_greedy,1000,12,22001012,20,-0.6185960298867788,-0.5552309006278788,-0.6184931544921968,0.00010287539458198047,False,0.028464661027227223,False,0.9983764667446404,1000,True,39.41596602089703
pendcart,10,recoverable_difficult,High,0.0668564901913047,False,A_no_greedy,1000,13,22001013,20,-0.6185960298867788,-0.5552309006278788,-0.618595022882208,1.0070045707299968e-06,True,0.0028162161208995506,False,0.9999841079063121,1000,True,39.87863304791972
pendcart,10,recoverable_difficult,High,0.0668564901913047,False,A_no_greedy,1000,14,22001014,20,-0.6185960298867788,-0.5552309006278788,-0.6185456716498317,5.0358236947101176e-05,True,0.019915238779244948,False,0.9992052689304658,1000,True,39.55209697596729
pendcart,10,recoverable_difficult,High,0.0668564901913047,False,A_no_greedy,1000,15,22001015,20,-0.6185960298867788,-0.5552309006278788,-0.6185664447046574,2.9585182121372178e-05,True,0.015264668699749961,False,0.9995330999483881,1000,True,39.44224998122081
pendcart,10,recoverable_difficult,High,0.0668564901913047,False,A_no_greedy,1000,16,22001016,20,-0.6185960298867788,-0.5552309006278788,-0.618499296088109,9.673379866970144e-05,True,0.027601925584092246,False,0.9984733906519079,1000,True,40.9517060033977
pendcart,10,recoverable_difficult,High,0.0668564901913047,False,A_no_greedy,1000,17,22001017,20,-0.6185960298867788,-0.5552309006278788,-0.6185230238734399,7.300601333881662e-05,True,0.023978917644543074,False,0.9988478518991017,1000,True,40.041020954959095
pendcart,10,recoverable_difficult,High,0.0668564901913047,False,A_no_greedy,1000,18,22001018,20,-0.6185960298867788,-0.5552309006278788,-0.6185951621265731,8.677602056916811e-07,True,0.002614268104553563,False,0.9999863053983186,1000,True,39.49949500383809
pendcart,10,recoverable_difficult,High,0.0668564901913047,False,A_no_greedy,1000,19,22001019,20,-0.6185960298867788,-0.5552309006278788,-0.6185959908151797,3.907159906724189e-08,True,0.0005547289761516083,False,0.9999993833895784,1000,True,38.86362799676135
pendcart,10,recoverable_difficult,High,0.0668564901913047,False,A_no_greedy,1000,20,22001020,20,-0.6185960298867788,-0.5552309006278788,-0.6185960096575956,2.022918310640165e-08,True,0.0003991530318856462,False,0.9999996807521212,1000,True,38.76449604285881
pendcart,10,recoverable_difficult,High,0.0668564901913047,False,A_no_greedy,1000,21,22001021,20,-0.6185960298867788,-0.5552309006278788,-0.618592639811636,3.390075142717386e-06,True,0.005167195838251981,False,0.999946499357259,1000,True,39.84344401396811
pendcart,10,recoverable_difficult,High,0.0668564901913047,False,A_no_greedy,1000,22,22001022,20,-0.6185960298867788,-0.5552309006278788,-0.6185960194030177,1.0483761081481191e-08,True,0.0002873484224759082,False,0.999999834549993,1000,True,38.970759022049606
pendcart,10,recoverable_difficult,High,0.0668564901913047,False,A_no_greedy,1000,23,22001023,20,-0.6185960298867788,-0.5552309006278788,-0.6185936849721662,2.344914612595339e-06,True,0.004297479126411208,False,0.9999629936111546,1000,True,38.95098599605262
pendcart,10,recoverable_difficult,High,0.0668564901913047,False,A_no_greedy,1000,24,22001024,20,-0.6185960298867788,-0.5552309006278788,-0.6185722325374485,2.3797349330223483e-05,True,0.013690350033676246,False,0.9996244409250238,1000,True,39.052646956406534
pendcart,10,recoverable_difficult,High,0.0668564901913047,False,A_no_greedy,1000,25,22001025,20,-0.6185960298867788,-0.5552309006278788,-0.6185416346822435,5.4395204535206965e-05,True,0.02069810407962791,False,0.9991415593218005,1000,True,39.20371999265626
pendcart,10,recoverable_difficult,High,0.0668564901913047,False,A_no_greedy,1000,26,22001026,20,-0.6185960298867788,-0.5552309006278788,-0.6183346883940511,0.000261341492727607,False,0.04536850234613121,False,0.9958756259825525,1000,True,39.26380799384788
pendcart,10,recoverable_difficult,High,0.0668564901913047,False,A_no_greedy,1000,27,22001027,20,-0.6185960298867788,-0.5552309006278788,-0.6185952117401682,8.181466105705582e-07,True,0.002538433713354049,False,0.9999870883777854,1000,True,38.89964398695156
pendcart,10,recoverable_difficult,High,0.0668564901913047,False,A_no_greedy,1000,28,22001028,20,-0.6185960298867788,-0.5552309006278788,-0.6185957877107386,2.4217604011056437e-07,True,0.0013810704921888295,False,0.9999961780865447,1000,True,38.92483003437519
pendcart,10,recoverable_difficult,High,0.0668564901913047,False,A_no_greedy,1000,29,22001029,20,-0.6185960298867788,-0.5552309006278788,-0.6185840731425613,1.1956744217500592e-05,True,0.009704132745902427,False,0.9998113040349267,1000,True,39.166025002487004
pendcart,10,recoverable_difficult,High,0.0668564901913047,False,B_no_bridge,1000,0,22002000,20,-0.6185960298867788,-0.5552309006278788,-0.6185902775773078,5.752309470974382e-06,True,0.006730872759840967,False,0.9999092196364427,1000,True,40.722556004766375
pendcart,10,recoverable_difficult,High,0.0668564901913047,False,B_no_bridge,1000,1,22002001,20,-0.6185960298867788,-0.5552309006278788,-0.6185043722876863,9.165759909246507e-05,True,0.026867947925633295,False,0.9985535009528984,1000,True,41.118791967164725
pendcart,10,recoverable_difficult,High,0.0668564901913047,False,B_no_bridge,1000,2,22002002,20,-0.6185960298867788,-0.5552309006278788,-0.6178663369418963,0.0007296929448824541,False,0.07580892409053686,False,0.9884843137950363,1000,True,40.58591998182237
pendcart,10,recoverable_difficult,High,0.0668564901913047,False,B_no_bridge,1000,3,22002003,20,-0.6185960298867788,-0.5552309006278788,-0.6185957179924592,3.1189431959344205e-07,True,0.0015673067059500667,False,0.9999950778239823,1000,True,41.01173800881952
pendcart,10,recoverable_difficult,High,0.0668564901913047,False,B_no_bridge,1000,4,22002004,20,-0.6185960298867788,-0.5552309006278788,-0.6161155711257491,0.002480458761029647,False,0.13977074013296686,False,0.960854514303997,1000,True,40.69175402401015
pendcart,10,recoverable_difficult,High,0.0668564901913047,False,B_no_bridge,1000,5,22002005,20,-0.6185960298867788,-0.5552309006278788,-0.6182044316332951,0.0003915982534836715,False,0.05553549312030581,False,0.9938199723086864,1000,True,40.58621503645554
pendcart,10,recoverable_difficult,High,0.0668564901913047,False,B_no_bridge,1000,6,22002006,20,-0.6185960298867788,-0.5552309006278788,-0.6185957978140048,2.320727739979489e-07,True,0.0013519553735390488,False,0.9999963375317511,1000,True,41.05129698291421
pendcart,10,recoverable_difficult,High,0.0668564901913047,False,B_no_bridge,1000,7,22002007,20,-0.6185960298867788,-0.5552309006278788,-0.6183883061613977,0.00020772372538102601,False,0.040447651537237395,False,0.9967217974963438,1000,True,40.27869302080944
pendcart,10,recoverable_difficult,High,0.0668564901913047,False,B_no_bridge,1000,8,22002008,20,-0.6185960298867788,-0.5552309006278788,-0.6185771838159005,1.8846070878208998e-05,True,0.01218318024497389,False,0.9997025797769431,1000,True,40.511822036933154
pendcart,10,recoverable_difficult,High,0.0668564901913047,False,B_no_bridge,1000,9,22002009,20,-0.6185960298867788,-0.5552309006278788,-0.618373354646282,0.00022267524049679466,False,0.041878028141638435,False,0.9964858394025051,1000,True,41.5255639818497
pendcart,10,recoverable_difficult,High,0.0668564901913047,False,B_no_bridge,1000,10,22002010,20,-0.6185960298867788,-0.5552309006278788,-0.6185043014883671,9.172839841165015e-05,True,0.026878322762252882,False,0.9985523836298532,1000,True,40.68991495296359
pendcart,10,recoverable_difficult,High,0.0668564901913047,False,B_no_bridge,1000,11,22002011,20,-0.6185960298867788,-0.5552309006278788,-0.6181961130998167,0.00039991678696205124,False,0.05612225033835028,False,0.9936886929508492,1000,True,41.0244429949671
pendcart,10,recoverable_difficult,High,0.0668564901913047,False,B_no_bridge,1000,12,22002012,20,-0.6185960298867788,-0.5552309006278788,-0.6183529494730623,0.0002430804137164566,False,0.04375475362928416,False,0.9961638141268004,1000,True,40.804620017297566
pendcart,10,recoverable_difficult,High,0.0668564901913047,False,B_no_bridge,1000,13,22002013,20,-0.6185960298867788,-0.5552309006278788,-0.6185543974670307,4.1632419748083294e-05,True,0.01810781655668192,False,0.9993429758569894,1000,True,40.58035695925355
pendcart,10,recoverable_difficult,High,0.0668564901913047,False,B_no_bridge,1000,14,22002014,20,-0.6185960298867788,-0.5552309006278788,-0.6179843626260334,0.0006116672607453522,False,0.06940773580285642,False,0.990346942113127,1000,True,40.50711903255433
pendcart,10,recoverable_difficult,High,0.0668564901913047,False,B_no_bridge,1000,15,22002015,20,-0.6185960298867788,-0.5552309006278788,-0.6181992913943248,0.00039673849245391857,False,0.05589879278269949,False,0.9937388513667682,1000,True,40.387222019489855
pendcart,10,recoverable_difficult,High,0.0668564901913047,False,B_no_bridge,1000,16,22002016,20,-0.6185960298867788,-0.5552309006278788,-0.6185587922076685,3.723767911023579e-05,True,0.017125433037425086,False,0.9994123316791782,1000,True,40.885889029596
pendcart,10,recoverable_difficult,High,0.0668564901913047,False,B_no_bridge,1000,17,22002017,20,-0.6185960298867788,-0.5552309006278788,-0.6154232018180549,0.0031728280687238763,False,0.15807876300943802,False,0.949927852971621,1000,True,40.31143500469625
pendcart,10,recoverable_difficult,High,0.0668564901913047,False,B_no_bridge,1000,18,22002018,20,-0.6185960298867788,-0.5552309006278788,-0.618595737713959,2.921728197158302e-07,True,0.001516946154401122,False,0.9999953890598325,1000,True,40.18140898551792
pendcart,10,recoverable_difficult,High,0.0668564901913047,False,B_no_bridge,1000,19,22002019,20,-0.6185960298867788,-0.5552309006278788,-0.6185743058032154,2.1724083563379182e-05,True,0.013080398999173237,False,0.9996571602738374,1000,True,40.285405004397035
pendcart,10,recoverable_difficult,High,0.0668564901913047,False,B_no_bridge,1000,20,22002020,20,-0.6185960298867788,-0.5552309006278788,-0.6185920370280457,3.992858733092852e-06,True,0.005607796329062609,False,0.9999369864974664,1000,True,40.84241599775851
pendcart,10,recoverable_difficult,High,0.0668564901913047,False,B_no_bridge,1000,21,22002021,20,-0.6185960298867788,-0.5552309006278788,-0.6185960039598057,2.5926973012957433e-08,True,0.00045188316899302805,False,0.999999590832161,1000,True,41.51284199906513
pendcart,10,recoverable_difficult,High,0.0668564901913047,False,B_no_bridge,1000,22,22002022,20,-0.6185960298867788,-0.5552309006278788,-0.6166655812204995,0.0019304486662792275,False,0.12330463107912326,False,0.9695345264997137,1000,True,40.95016198698431
pendcart,10,recoverable_difficult,High,0.0668564901913047,False,B_no_bridge,1000,23,22002023,20,-0.6185960298867788,-0.5552309006278788,-0.6185924077822047,3.6221045740525426e-06,True,0.0053411005223891195,False,0.9999428375730245,1000,True,41.244148975238204
pendcart,10,recoverable_difficult,High,0.0668564901913047,False,B_no_bridge,1000,24,22002024,20,-0.6185960298867788,-0.5552309006278788,-0.6185942665544097,1.763332369009163e-06,True,0.003726639211000471,False,0.9999721718808179,1000,True,41.964425006881356
pendcart,10,recoverable_difficult,High,0.0668564901913047,False,B_no_bridge,1000,25,22002025,20,-0.6185960298867788,-0.5552309006278788,-0.6184063987124832,0.0001896311742956014,False,0.03864605135054955,False,0.9970073260085875,1000,True,40.78220296651125
pendcart,10,recoverable_difficult,High,0.0668564901913047,False,B_no_bridge,1000,26,22002026,20,-0.6185960298867788,-0.5552309006278788,-0.6185899009291511,6.1289576276379876e-06,True,0.006947740175723194,False,0.9999032755444623,1000,True,40.83027900196612
pendcart,10,recoverable_difficult,High,0.0668564901913047,False,B_no_bridge,1000,27,22002027,20,-0.6185960298867788,-0.5552309006278788,-0.6184334708777814,0.00016255900899730946,False,0.03578127245436802,False,0.9974345667577964,1000,True,40.89206299977377
pendcart,10,recoverable_difficult,High,0.0668564901913047,False,B_no_bridge,1000,28,22002028,20,-0.6185960298867788,-0.5552309006278788,-0.6164235841657596,0.002172445721019156,False,0.13080511487389535,False,0.9657154377111283,1000,True,41.321270051412284
pendcart,10,recoverable_difficult,High,0.0668564901913047,False,B_no_bridge,1000,29,22002029,20,-0.6185960298867788,-0.5552309006278788,-0.6181332533771224,0.0004627765096563152,False,0.060372048531911915,False,0.992696669050173,1000,True,41.060551011469215
pendcart,10,recoverable_difficult,High,0.0668564901913047,False,C_fitness_group,1000,0,22003000,20,-0.6185960298867788,-0.5552309006278788,-0.6185959881544574,4.1732321376386494e-08,True,0.000573306057580325,False,0.9999993413992544,1000,True,44.2454400472343
pendcart,10,recoverable_difficult,High,0.0668564901913047,False,C_fitness_group,1000,1,22003001,20,-0.6185960298867788,-0.5552309006278788,-0.6185959701844106,5.970236816033037e-08,True,0.0006857187711761803,False,0.99999905780405,1000,True,43.54029102250934
pendcart,10,recoverable_difficult,High,0.0668564901913047,False,C_fitness_group,1000,2,22003002,20,-0.6185960298867788,-0.5552309006278788,-0.618595903333755,1.2655302372710509e-07,True,0.0009983585048876087,False,0.9999980027970399,1000,True,42.46483399765566
pendcart,10,recoverable_difficult,High,0.0668564901913047,False,C_fitness_group,1000,3,22003003,20,-0.6185960298867788,-0.5552309006278788,-0.6185959226133151,1.0727346366756763e-07,True,0.0009191712058291834,False,0.9999983070583944,1000,True,42.769607971422374
pendcart,10,recoverable_difficult,High,0.0668564901913047,False,C_fitness_group,1000,4,22003004,20,-0.6185960298867788,-0.5552309006278788,-0.6185960213631262,8.52365256154286e-09,True,0.000259097440896916,False,0.9999998654835449,1000,True,42.54441597731784
pendcart,10,recoverable_difficult,High,0.0668564901913047,False,C_fitness_group,1000,5,22003005,20,-0.6185960298867788,-0.5552309006278788,-0.6185958150208232,2.1486595558339872e-07,True,0.0013008704954526884,False,0.9999966090820283,1000,True,42.9886769852601
pendcart,10,recoverable_difficult,High,0.0668564901913047,False,C_fitness_group,1000,6,22003006,20,-0.6185960298867788,-0.5552309006278788,-0.618596022217542,7.669236801177703e-09,True,0.0002457685620584904,False,0.9999998789675506,1000,True,43.37320401100442
pendcart,10,recoverable_difficult,High,0.0668564901913047,False,C_fitness_group,1000,7,22003007,20,-0.6185960298867788,-0.5552309006278788,-0.618595926735062,1.0315171672381496e-07,True,0.0009013396774038007,False,0.9999983721059528,1000,True,42.458017996978015
pendcart,10,recoverable_difficult,High,0.0668564901913047,False,C_fitness_group,1000,8,22003008,20,-0.6185960298867788,-0.5552309006278788,-0.6185957562628871,2.7362389165563883e-07,True,0.0014680040945900252,False,0.9999956817906811,1000,True,42.694272997323424
pendcart,10,recoverable_difficult,High,0.0668564901913047,False,C_fitness_group,1000,9,22003009,20,-0.6185960298867788,-0.5552309006278788,-0.6185955061732401,5.237135386471081e-07,True,0.0020309403114397995,False,0.9999917349882377,1000,True,43.06280199671164
pendcart,10,recoverable_difficult,High,0.0668564901913047,False,C_fitness_group,1000,10,22003010,20,-0.6185960298867788,-0.5552309006278788,-0.6185954091425664,6.207442123651319e-07,True,0.0022110909077310836,False,0.9999902036937409,1000,True,43.932689004577696
pendcart,10,recoverable_difficult,High,0.0668564901913047,False,C_fitness_group,1000,11,22003011,20,-0.6185960298867788,-0.5552309006278788,-0.618595016030866,1.013855912779249e-06,True,0.0028257802045192904,False,0.9999839997815102,1000,True,43.18273800890893
pendcart,10,recoverable_difficult,High,0.0668564901913047,False,C_fitness_group,1000,12,22003012,20,-0.6185960298867788,-0.5552309006278788,-0.6185957756385955,2.5424818328456666e-07,True,0.0014150741202119121,False,0.9999959875694051,1000,True,43.04687998956069
pendcart,10,recoverable_difficult,High,0.0668564901913047,False,C_fitness_group,1000,13,22003013,20,-0.6185960298867788,-0.5552309006278788,-0.6185956665921264,3.632946523612901e-07,True,0.0016915302229811857,False,0.9999942666470247,1000,True,44.04350504046306
pendcart,10,recoverable_difficult,High,0.0668564901913047,False,C_fitness_group,1000,14,22003014,20,-0.6185960298867788,-0.5552309006278788,-0.6185934821517346,2.547735044156063e-06,True,0.0044794778128798285,False,0.999959792790231,1000,True,43.96326502319425
pendcart,10,recoverable_difficult,High,0.0668564901913047,False,C_fitness_group,1000,15,22003015,20,-0.6185960298867788,-0.5552309006278788,-0.6185933881903751,2.641696403626881e-06,True,0.004561332293602671,False,0.9999583099342726,1000,True,43.350870022550225
pendcart,10,recoverable_difficult,High,0.0668564901913047,False,C_fitness_group,1000,16,22003016,20,-0.6185960298867788,-0.5552309006278788,-0.6185948946899225,1.1351968562944847e-06,True,0.002990100937728002,False,0.9999820848332581,1000,True,44.052269018720835
pendcart,10,recoverable_difficult,High,0.0668564901913047,False,C_fitness_group,1000,17,22003017,20,-0.6185960298867788,-0.5552309006278788,-0.6185960289658532,9.209255580344688e-10,True,8.516525866530955e-05,False,0.9999999854663666,1000,True,42.7899369969964
pendcart,10,recoverable_difficult,High,0.0668564901913047,False,C_fitness_group,1000,18,22003018,20,-0.6185960298867788,-0.5552309006278788,-0.618596000023353,2.986342573230161e-08,True,0.00048497580376327676,False,0.9999995287088327,1000,True,43.07335498742759
pendcart,10,recoverable_difficult,High,0.0668564901913047,False,C_fitness_group,1000,19,22003019,20,-0.6185960298867788,-0.5552309006278788,-0.6185951144302528,9.154565259184011e-07,True,0.002685153524981665,False,0.9999855526764228,1000,True,42.450656008441
pendcart,10,recoverable_difficult,High,0.0668564901913047,False,C_fitness_group,1000,20,22003020,20,-0.6185960298867788,-0.5552309006278788,-0.6185960098979746,1.9988804167425656e-08,True,0.0003967744196526901,False,0.9999996845456736,1000,True,42.298399028368294
pendcart,10,recoverable_difficult,High,0.0668564901913047,False,C_fitness_group,1000,21,22003021,20,-0.6185960298867788,-0.5552309006278788,-0.6185960002691963,2.9617582497643014e-08,True,0.00048297545738096304,False,0.9999995325886202,1000,True,42.617305007297546
pendcart,10,recoverable_difficult,High,0.0668564901913047,False,C_fitness_group,1000,22,22003022,20,-0.6185960298867788,-0.5552309006278788,-0.6185930871686951,2.9427180836538724e-06,True,0.004814205098360613,False,0.9999535593453676,1000,True,43.35906699998304
pendcart,10,recoverable_difficult,High,0.0668564901913047,False,C_fitness_group,1000,23,22003023,20,-0.6185960298867788,-0.5552309006278788,-0.618594117905259,1.911981519775452e-06,True,0.0038805394651846292,False,0.9999698259667086,1000,True,43.768080009613186
pendcart,10,recoverable_difficult,High,0.0668564901913047,False,C_fitness_group,1000,24,22003024,20,-0.6185960298867788,-0.5552309006278788,-0.6185959856342894,4.425248933959125e-08,True,0.0005903629749521855,False,0.9999993016270959,1000,True,43.652657011989504
pendcart,10,recoverable_difficult,High,0.0668564901913047,False,C_fitness_group,1000,25,22003025,20,-0.6185960298867788,-0.5552309006278788,-0.6185960285585915,1.328187226867783e-09,True,0.00010227744817115081,False,0.999999979039146,1000,True,42.92224900564179
pendcart,10,recoverable_difficult,High,0.0668564901913047,False,C_fitness_group,1000,26,22003026,20,-0.6185960298867788,-0.5552309006278788,-0.6185960218602795,8.026499243030116e-09,True,0.00025142782856057977,False,0.9999998733293952,1000,True,43.44735399354249
pendcart,10,recoverable_difficult,High,0.0668564901913047,False,C_fitness_group,1000,27,22003027,20,-0.6185960298867788,-0.5552309006278788,-0.618595621207734,4.086790447166422e-07,True,0.001794078509527175,False,0.9999935504109358,1000,True,42.90791100356728
pendcart,10,recoverable_difficult,High,0.0668564901913047,False,C_fitness_group,1000,28,22003028,20,-0.6185960298867788,-0.5552309006278788,-0.6185959084114464,1.2147533234863062e-07,True,0.0009781248829563438,False,0.9999980829308838,1000,True,43.4112370130606
pendcart,10,recoverable_difficult,High,0.0668564901913047,False,C_fitness_group,1000,29,22003029,20,-0.6185960298867788,-0.5552309006278788,-0.6185954595238288,5.703629499809182e-07,True,0.0021194633569656673,False,0.9999909987881875,1000,True,44.21265597920865
pendcart,10,recoverable_difficult,High,0.0668564901913047,False,D_no_warm_slot,1000,0,22004000,20,-0.6185960298867788,-0.5552309006278788,-0.6185880677809041,7.962105874614878e-06,True,0.007918888600097151,False,0.9998743456224625,1000,True,39.0712299849838
pendcart,10,recoverable_difficult,High,0.0668564901913047,False,D_no_warm_slot,1000,1,22004001,20,-0.6185960298867788,-0.5552309006278788,-0.6185959728247286,5.706205019606614e-08,True,0.0006703844693296546,False,0.9999990994723618,1000,True,39.012820983771235
pendcart,10,recoverable_difficult,High,0.0668564901913047,False,D_no_warm_slot,1000,2,22004002,20,-0.6185960298867788,-0.5552309006278788,-0.6185959672559925,6.263078622392726e-08,True,0.0007023348053167844,False,0.9999990115890718,1000,True,38.94667100394145
pendcart,10,recoverable_difficult,High,0.0668564901913047,False,D_no_warm_slot,1000,3,22004003,20,-0.6185960298867788,-0.5552309006278788,-0.6185943592175134,1.6706692653745137e-06,True,0.0036274004370775437,False,0.9999736342482859,1000,True,39.097186003345996
pendcart,10,recoverable_difficult,High,0.0668564901913047,False,D_no_warm_slot,1000,4,22004004,20,-0.6185960298867788,-0.5552309006278788,-0.6185949400896877,1.0897970910139776e-06,True,0.0029296995312027008,False,0.9999828013119556,1000,True,38.84140000445768
pendcart,10,recoverable_difficult,High,0.0668564901913047,False,D_no_warm_slot,1000,5,22004005,20,-0.6185960298867788,-0.5552309006278788,-0.6185947172731955,1.3126135832708385e-06,True,0.0032152793146136283,False,0.9999792849221864,1000,True,39.142185007222
pendcart,10,recoverable_difficult,High,0.0668564901913047,False,D_no_warm_slot,1000,6,22004006,20,-0.6185960298867788,-0.5552309006278788,-0.6185956487833234,3.8110345534914103e-07,True,0.0017324938539702295,False,0.9999939855964975,1000,True,39.77175004547462
pendcart,10,recoverable_difficult,High,0.0668564901913047,False,D_no_warm_slot,1000,7,22004007,20,-0.6185960298867788,-0.5552309006278788,-0.6185959181090909,1.1177768788339648e-07,True,0.0009382699784072912,False,0.9999982359747516,1000,True,39.30657700402662
pendcart,10,recoverable_difficult,High,0.0668564901913047,False,D_no_warm_slot,1000,8,22004008,20,-0.6185960298867788,-0.5552309006278788,-0.6185918727218914,4.157164887330644e-06,True,0.00572201358598079,False,0.9999343934915631,1000,True,39.43529701791704
pendcart,10,recoverable_difficult,High,0.0668564901913047,False,D_no_warm_slot,1000,9,22004009,20,-0.6185960298867788,-0.5552309006278788,-0.6185958067547185,2.2313206027302357e-07,True,0.0013256572367761343,False,0.999996478630078,1000,True,39.548675005789846
pendcart,10,recoverable_difficult,High,0.0668564901913047,False,D_no_warm_slot,1000,10,22004010,20,-0.6185960298867788,-0.5552309006278788,-0.6185958931631541,1.3672362464411947e-07,True,0.0010377005367923076,False,0.9999978422891859,1000,True,39.67588802333921
pendcart,10,recoverable_difficult,High,0.0668564901913047,False,D_no_warm_slot,1000,11,22004011,20,-0.6185960298867788,-0.5552309006278788,-0.618591758924088,4.270962690733349e-06,True,0.005799801744124977,False,0.9999325975857591,1000,True,39.277250005397946
pendcart,10,recoverable_difficult,High,0.0668564901913047,False,D_no_warm_slot,1000,12,22004012,20,-0.6185960298867788,-0.5552309006278788,-0.6185960253242834,4.562495381499332e-09,True,0.00018956208479670167,False,0.9999999279967479,1000,True,39.21960497973487
pendcart,10,recoverable_difficult,High,0.0668564901913047,False,D_no_warm_slot,1000,13,22004013,20,-0.6185960298867788,-0.5552309006278788,-0.618595514944893,5.149418857985921e-07,True,0.002013860431758996,False,0.9999918734185218,1000,True,39.69819296617061
pendcart,10,recoverable_difficult,High,0.0668564901913047,False,D_no_warm_slot,1000,14,22004014,20,-0.6185960298867788,-0.5552309006278788,-0.6185931176124784,2.9122743003817675e-06,True,0.0047892377626577165,False,0.9999540397954767,1000,True,39.67000002739951
pendcart,10,recoverable_difficult,High,0.0668564901913047,False,D_no_warm_slot,1000,15,22004015,20,-0.6185960298867788,-0.5552309006278788,-0.6185944140860806,1.6158006981292772e-06,True,0.003567337138334903,False,0.9999745001593616,1000,True,40.636310004629195
pendcart,10,recoverable_difficult,High,0.0668564901913047,False,D_no_warm_slot,1000,16,22004016,20,-0.6185960298867788,-0.5552309006278788,-0.6185745639378002,2.146594897856069e-05,True,0.013002453394489244,False,0.9996612340378751,1000,True,39.37307500746101
pendcart,10,recoverable_difficult,High,0.0668564901913047,False,D_no_warm_slot,1000,17,22004017,20,-0.6185960298867788,-0.5552309006278788,-0.6185959733869666,5.649981216215849e-08,True,0.0006670736115972353,False,0.9999991083453499,1000,True,39.75960297975689
pendcart,10,recoverable_difficult,High,0.0668564901913047,False,D_no_warm_slot,1000,18,22004018,20,-0.6185960298867788,-0.5552309006278788,-0.6185960236990481,6.18773066118905e-09,True,0.0002207577491164514,False,0.9999999023480148,1000,True,39.749589981511235
pendcart,10,recoverable_difficult,High,0.0668564901913047,False,D_no_warm_slot,1000,19,22004019,20,-0.6185960298867788,-0.5552309006278788,-0.6185873896044775,8.640282301297653e-06,True,0.008249245443311626,False,0.9998636429468013,1000,True,39.01633294299245
pendcart,10,recoverable_difficult,High,0.0668564901913047,False,D_no_warm_slot,1000,20,22004020,20,-0.6185960298867788,-0.5552309006278788,-0.6185711452010634,2.4884685715376165e-05,True,0.013999622962659775,False,0.9996072810707337,1000,True,38.42533001443371
pendcart,10,recoverable_difficult,High,0.0668564901913047,False,D_no_warm_slot,1000,21,22004021,20,-0.6185960298867788,-0.5552309006278788,-0.6185956644781632,3.65408615587981e-07,True,0.0016964444800047218,False,0.9999942332854069,1000,True,38.978266005869955
pendcart,10,recoverable_difficult,High,0.0668564901913047,False,D_no_warm_slot,1000,22,22004022,20,-0.6185960298867788,-0.5552309006278788,-0.6185957610732403,2.688135384287804e-07,True,0.0014550430000381809,False,0.9999957577055145,1000,True,38.83941099047661
pendcart,10,recoverable_difficult,High,0.0668564901913047,False,D_no_warm_slot,1000,23,22004023,20,-0.6185960298867788,-0.5552309006278788,-0.6185947155852557,1.3143015230587807e-06,True,0.003217345974513286,False,0.999979258283879,1000,True,38.818841974716634
pendcart,10,recoverable_difficult,High,0.0668564901913047,False,D_no_warm_slot,1000,24,22004024,20,-0.6185960298867788,-0.5552309006278788,-0.6185873448127914,8.685073987324543e-06,True,0.00827060006820135,False,0.9998629360645374,1000,True,39.022235956508666
pendcart,10,recoverable_difficult,High,0.0668564901913047,False,D_no_warm_slot,1000,25,22004025,20,-0.6185960298867788,-0.5552309006278788,-0.6185956371479339,3.9273884488988386e-07,True,0.001758742217622622,False,0.9999938019720076,1000,True,39.41079700598493
pendcart,10,recoverable_difficult,High,0.0668564901913047,False,D_no_warm_slot,1000,26,22004026,20,-0.6185960298867788,-0.5552309006278788,-0.618595849410041,1.8047673777665807e-07,True,0.0011922322774653438,False,0.9999971517972126,1000,True,38.819198962301016
pendcart,10,recoverable_difficult,High,0.0668564901913047,False,D_no_warm_slot,1000,27,22004027,20,-0.6185960298867788,-0.5552309006278788,-0.6185960185449296,1.13418491265449e-08,True,0.00029887678877305035,False,0.999999821008033,1000,True,39.07612897455692
pendcart,10,recoverable_difficult,High,0.0668564901913047,False,D_no_warm_slot,1000,28,22004028,20,-0.6185960298867788,-0.5552309006278788,-0.6185949779987587,1.0518880200205416e-06,True,0.0028782930813231467,False,0.9999833995758816,1000,True,39.52283103717491
pendcart,10,recoverable_difficult,High,0.0668564901913047,False,D_no_warm_slot,1000,29,22004029,20,-0.6185960298867788,-0.5552309006278788,-0.618593855863885,2.1740228937083828e-06,True,0.004137922151970841,False,0.9999656905474804,1000,True,39.3982749665156
cstr,0,benign_reliable,Benign,0.0,False,baseline,1000,0,23000000,30,-3404.760030526873,0.0,-3404.760030526873,0.0,True,0.0,False,1.0,1000,True,11.479125008918345
cstr,0,benign_reliable,Benign,0.0,False,baseline,1000,1,23000001,30,-3404.760030526873,0.0,-3404.760030526873,0.0,True,0.0,False,1.0,1000,True,11.559511011000723
cstr,0,benign_reliable,Benign,0.0,False,baseline,1000,2,23000002,30,-3404.760030526873,0.0,-3404.760030526873,0.0,True,0.0,False,1.0,1000,True,11.49269798770547
cstr,0,benign_reliable,Benign,0.0,False,baseline,1000,3,23000003,30,-3404.760030526873,0.0,-3404.760030526873,0.0,True,0.0,False,1.0,1000,True,11.540038976818323
cstr,0,benign_reliable,Benign,0.0,False,baseline,1000,4,23000004,30,-3404.760030526873,0.0,-3404.760030526873,0.0,True,0.0,False,1.0,1000,True,11.643752048257738
cstr,0,benign_reliable,Benign,0.0,False,baseline,1000,5,23000005,30,-3404.760030526873,0.0,-3404.760030526873,0.0,True,0.0,False,1.0,1000,True,11.566822999157012
cstr,0,benign_reliable,Benign,0.0,False,baseline,1000,6,23000006,30,-3404.760030526873,0.0,-3404.760030526873,0.0,True,0.0,False,1.0,1000,True,11.629990010987967
cstr,0,benign_reliable,Benign,0.0,False,baseline,1000,7,23000007,30,-3404.760030526873,0.0,-3404.760030526873,0.0,True,0.0,False,1.0,1000,True,11.560663988348097
cstr,0,benign_reliable,Benign,0.0,False,baseline,1000,8,23000008,30,-3404.760030526873,0.0,-3404.760030526873,0.0,True,0.0,False,1.0,1000,True,11.759969987906516
cstr,0,benign_reliable,Benign,0.0,False,baseline,1000,9,23000009,30,-3404.760030526873,0.0,-3404.760030526873,0.0,True,0.0,False,1.0,1000,True,11.555229022633284
cstr,0,benign_reliable,Benign,0.0,False,baseline,1000,10,23000010,30,-3404.760030526873,0.0,-3404.760030526873,0.0,True,0.0,False,1.0,1000,True,11.590090987738222
cstr,0,benign_reliable,Benign,0.0,False,baseline,1000,11,23000011,30,-3404.760030526873,0.0,-3404.760030526873,0.0,True,0.0,False,1.0,1000,True,11.510241020005196
cstr,0,benign_reliable,Benign,0.0,False,baseline,1000,12,23000012,30,-3404.760030526873,0.0,-3404.760030526873,0.0,True,0.0,False,1.0,1000,True,11.751003039535135
cstr,0,benign_reliable,Benign,0.0,False,baseline,1000,13,23000013,30,-3404.760030526873,0.0,-3404.760030526873,0.0,True,0.0,False,1.0,1000,True,11.885815009009093
cstr,0,benign_reliable,Benign,0.0,False,baseline,1000,14,23000014,30,-3404.760030526873,0.0,-3404.760030526873,0.0,True,0.0,False,1.0,1000,True,11.700968025252223
cstr,0,benign_reliable,Benign,0.0,False,baseline,1000,15,23000015,30,-3404.760030526873,0.0,-3404.760030526873,0.0,True,0.0,False,1.0,1000,True,11.661264987196773
cstr,0,benign_reliable,Benign,0.0,False,baseline,1000,16,23000016,30,-3404.760030526873,0.0,-3404.760030526873,0.0,True,0.0,False,1.0,1000,True,11.926048959139735
cstr,0,benign_reliable,Benign,0.0,False,baseline,1000,17,23000017,30,-3404.760030526873,0.0,-3404.760030526873,0.0,True,0.0,False,1.0,1000,True,11.597338016144931
cstr,0,benign_reliable,Benign,0.0,False,baseline,1000,18,23000018,30,-3404.760030526873,0.0,-3404.760030526873,0.0,True,0.0,False,1.0,1000,True,11.47148001473397
cstr,0,benign_reliable,Benign,0.0,False,baseline,1000,19,23000019,30,-3404.760030526873,0.0,-3404.760030526873,0.0,True,0.0,False,1.0,1000,True,11.613818001933396
cstr,0,benign_reliable,Benign,0.0,False,baseline,1000,20,23000020,30,-3404.760030526873,0.0,-3404.760030526873,0.0,True,0.0,False,1.0,1000,True,11.649138003122061
cstr,0,benign_reliable,Benign,0.0,False,baseline,1000,21,23000021,30,-3404.760030526873,0.0,-3404.760030526873,0.0,True,0.0,False,1.0,1000,True,11.954838992096484
cstr,0,benign_reliable,Benign,0.0,False,baseline,1000,22,23000022,30,-3404.760030526873,0.0,-3404.760030526873,0.0,True,0.0,False,1.0,1000,True,11.681441974360496
cstr,0,benign_reliable,Benign,0.0,False,baseline,1000,23,23000023,30,-3404.760030526873,0.0,-3404.760030526873,0.0,True,0.0,False,1.0,1000,True,11.86690601753071
cstr,0,benign_reliable,Benign,0.0,False,baseline,1000,24,23000024,30,-3404.760030526873,0.0,-3404.760030526873,0.0,True,0.0,False,1.0,1000,True,11.862910003401339
cstr,0,benign_reliable,Benign,0.0,False,baseline,1000,25,23000025,30,-3404.760030526873,0.0,-3404.760030526873,0.0,True,0.0,False,1.0,1000,True,11.639180011115968
cstr,0,benign_reliable,Benign,0.0,False,baseline,1000,26,23000026,30,-3404.760030526873,0.0,-3404.760030526873,0.0,True,0.0,False,1.0,1000,True,11.777498002629727
cstr,0,benign_reliable,Benign,0.0,False,baseline,1000,27,23000027,30,-3404.760030526873,0.0,-3404.760030526873,0.0,True,0.0,False,1.0,1000,True,11.798658000770956
cstr,0,benign_reliable,Benign,0.0,False,baseline,1000,28,23000028,30,-3404.760030526873,0.0,-3404.760030526873,0.0,True,0.0,False,1.0,1000,True,11.645873019006103
cstr,0,benign_reliable,Benign,0.0,False,baseline,1000,29,23000029,30,-3404.760030526873,0.0,-3404.760030526873,0.0,True,0.0,False,1.0,1000,True,11.7277079843916
cstr,0,benign_reliable,Benign,0.0,False,A_no_greedy,1000,0,23001000,30,-3404.760030526873,0.0,-3324.726695994141,0.023506306998190084,False,0.8859579542619844,False,0.9764936930018099,1000,True,12.039842957165092
cstr,0,benign_reliable,Benign,0.0,False,A_no_greedy,1000,1,23001001,30,-3404.760030526873,0.0,-3404.760030526873,0.0,True,0.0,False,1.0,1000,True,12.321807036641985
cstr,0,benign_reliable,Benign,0.0,False,A_no_greedy,1000,2,23001002,30,-3404.760030526873,0.0,-3401.092706032787,0.0010771168779017384,False,0.04079155480999885,False,0.9989228831220983,1000,True,12.019081972539425
cstr,0,benign_reliable,Benign,0.0,False,A_no_greedy,1000,3,23001003,30,-3404.760030526873,0.0,-3404.760030526873,0.0,True,0.0,False,1.0,1000,True,12.318442983087152
cstr,0,benign_reliable,Benign,0.0,False,A_no_greedy,1000,4,23001004,30,-3404.760030526873,0.0,-3404.760030526873,0.0,True,0.0,False,1.0,1000,True,11.859205027576536
cstr,0,benign_reliable,Benign,0.0,False,A_no_greedy,1000,5,23001005,30,-3404.760030526873,0.0,-3404.760030526873,0.0,True,0.0,False,1.0,1000,True,11.829836992546916
cstr,0,benign_reliable,Benign,0.0,False,A_no_greedy,1000,6,23001006,30,-3404.760030526873,0.0,-3399.5027020113557,0.0015441113230830693,False,0.05847125962396871,False,0.9984558886769169,1000,True,11.927202984225005
cstr,0,benign_reliable,Benign,0.0,False,A_no_greedy,1000,7,23001007,30,-3404.760030526873,0.0,-3398.2876662051385,0.0019009751828920616,False,0.07197919594276292,False,0.998099024817108,1000,True,12.107049988117069
cstr,0,benign_reliable,Benign,0.0,False,A_no_greedy,1000,8,23001008,30,-3404.760030526873,0.0,-3404.760030526873,0.0,True,0.0,False,1.0,1000,True,12.040685047395527
cstr,0,benign_reliable,Benign,0.0,False,A_no_greedy,1000,9,23001009,30,-3404.760030526873,0.0,-3404.760030526873,0.0,True,0.0,False,1.0,1000,True,12.038494984153658
cstr,0,benign_reliable,Benign,0.0,False,A_no_greedy,1000,10,23001010,30,-3404.760030526873,0.0,-3404.760030526873,0.0,True,0.0,False,1.0,1000,True,11.97076600510627
cstr,0,benign_reliable,Benign,0.0,False,A_no_greedy,1000,11,23001011,30,-3404.760030526873,0.0,-3404.760030526873,0.0,True,0.0,False,1.0,1000,True,12.158365978393704
cstr,0,benign_reliable,Benign,0.0,False,A_no_greedy,1000,12,23001012,30,-3404.760030526873,0.0,-3404.760030526873,0.0,True,0.0,False,1.0,1000,True,12.151258997619152
cstr,0,benign_reliable,Benign,0.0,False,A_no_greedy,1000,13,23001013,30,-3404.760030526873,0.0,-3404.760030526873,0.0,True,0.0,False,1.0,1000,True,11.928147985599935
cstr,0,benign_reliable,Benign,0.0,False,A_no_greedy,1000,14,23001014,30,-3404.760030526873,0.0,-3404.760030526873,0.0,True,0.0,False,1.0,1000,True,11.91642798949033
cstr,0,benign_reliable,Benign,0.0,False,A_no_greedy,1000,15,23001015,30,-3404.760030526873,0.0,-3404.760030526873,0.0,True,0.0,False,1.0,1000,True,11.857923003844917
cstr,0,benign_reliable,Benign,0.0,False,A_no_greedy,1000,16,23001016,30,-3404.760030526873,0.0,-3404.760030526873,0.0,True,0.0,False,1.0,1000,True,11.875659984070808
cstr,0,benign_reliable,Benign,0.0,False,A_no_greedy,1000,17,23001017,30,-3404.760030526873,0.0,-3302.208176468531,0.030120141548558004,False,1.1336484334441024,False,0.969879858451442,1000,True,11.813021963462234
cstr,0,benign_reliable,Benign,0.0,False,A_no_greedy,1000,18,23001018,30,-3404.760030526873,0.0,-3404.760030526873,0.0,True,0.0,False,1.0,1000,True,11.676747992169112
cstr,0,benign_reliable,Benign,0.0,False,A_no_greedy,1000,19,23001019,30,-3404.760030526873,0.0,-3291.4937291083356,0.033267043904122016,False,1.251259866806906,False,0.966732956095878,1000,True,11.73881598515436
cstr,0,benign_reliable,Benign,0.0,False,A_no_greedy,1000,20,23001020,30,-3404.760030526873,0.0,-3404.760030526873,0.0,True,0.0,False,1.0,1000,True,11.912029993254691
cstr,0,benign_reliable,Benign,0.0,False,A_no_greedy,1000,21,23001021,30,-3404.760030526873,0.0,-3404.760030526873,0.0,True,0.0,False,1.0,1000,True,11.838262958917767
cstr,0,benign_reliable,Benign,0.0,False,A_no_greedy,1000,22,23001022,30,-3404.760030526873,0.0,-3375.8062052839714,0.008503925381907472,False,0.321540181292828,False,0.9914960746180925,1000,True,11.831392999738455
cstr,0,benign_reliable,Benign,0.0,False,A_no_greedy,1000,23,23001023,30,-3404.760030526873,0.0,-3404.760030526873,0.0,True,0.0,False,1.0,1000,True,12.06969900522381
cstr,0,benign_reliable,Benign,0.0,False,A_no_greedy,1000,24,23001024,30,-3404.760030526873,0.0,-3404.760030526873,0.0,True,0.0,False,1.0,1000,True,11.69458101503551
cstr,0,benign_reliable,Benign,0.0,False,A_no_greedy,1000,25,23001025,30,-3404.760030526873,0.0,-3404.760030526873,0.0,True,0.0,False,1.0,1000,True,12.033959967084229
cstr,0,benign_reliable,Benign,0.0,False,A_no_greedy,1000,26,23001026,30,-3404.760030526873,0.0,-3404.760030526873,0.0,True,0.0,False,1.0,1000,True,11.872909963130951
cstr,0,benign_reliable,Benign,0.0,False,A_no_greedy,1000,27,23001027,30,-3404.760030526873,0.0,-3404.760030526873,0.0,True,0.0,False,1.0,1000,True,11.735236970707774
cstr,0,benign_reliable,Benign,0.0,False,A_no_greedy,1000,28,23001028,30,-3404.760030526873,0.0,-3404.760030526873,0.0,True,0.0,False,1.0,1000,True,11.770504002925009
cstr,0,benign_reliable,Benign,0.0,False,A_no_greedy,1000,29,23001029,30,-3404.760030526873,0.0,-3404.760030526873,0.0,True,0.0,False,1.0,1000,True,11.718616995494813
cstr,0,benign_reliable,Benign,0.0,False,B_no_bridge,1000,0,23002000,30,-3404.760030526873,0.0,-3372.5662020168693,0.009455535256921404,False,0.3574485584235646,False,0.9905444647430786,1000,True,12.482854013796896
cstr,0,benign_reliable,Benign,0.0,False,B_no_bridge,1000,1,23002001,30,-3404.760030526873,0.0,-3161.120328107135,0.07155855338857342,False,0.7248082020189421,False,0.9284414466114266,1000,True,12.776683957781643
cstr,0,benign_reliable,Benign,0.0,False,B_no_bridge,1000,2,23002002,30,-3404.760030526873,0.0,-3258.1244186109107,0.04306782580893697,False,0.3289164788857252,False,0.956932174191063,1000,True,12.75057898601517
cstr,0,benign_reliable,Benign,0.0,False,B_no_bridge,1000,3,23002003,30,-3404.760030526873,0.0,-3227.165224182677,0.05216074106600516,False,1.444943341684958,False,0.9478392589339948,1000,True,12.964928988367319
cstr,0,benign_reliable,Benign,0.0,False,B_no_bridge,1000,4,23002004,30,-3404.760030526873,0.0,-3343.9701407358975,0.017854383053706256,False,0.6737434731614486,False,0.9821456169462938,1000,True,12.679899984505028
cstr,0,benign_reliable,Benign,0.0,False,B_no_bridge,1000,5,23002005,30,-3404.760030526873,0.0,-3297.3729850525683,0.03154026848044469,False,0.7656638257953712,False,0.9684597315195553,1000,True,12.909832992590964
cstr,0,benign_reliable,Benign,0.0,False,B_no_bridge,1000,6,23002006,30,-3404.760030526873,0.0,-3305.4951277249043,0.029154742746027782,False,1.0975367936769185,False,0.9708452572539722,1000,True,12.966723006684333
cstr,0,benign_reliable,Benign,0.0,False,B_no_bridge,1000,7,23002007,30,-3404.760030526873,0.0,-3332.9588640644656,0.021088466094127747,False,0.44402771919914485,False,0.9789115339058723,1000,True,12.70330703118816
cstr,0,benign_reliable,Benign,0.0,False,B_no_bridge,1000,8,23002008,30,-3404.760030526873,0.0,-3357.046998178041,0.014013625606809183,False,0.3523041267912991,False,0.9859863743931908,1000,True,12.691046053078026
cstr,0,benign_reliable,Benign,0.0,False,B_no_bridge,1000,9,23002009,30,-3404.760030526873,0.0,-3369.754951143349,0.01028121778617891,False,0.38859333686967057,False,0.989718782213821,1000,True,12.730056012514979
cstr,0,benign_reliable,Benign,0.0,False,B_no_bridge,1000,10,23002010,30,-3404.760030526873,0.0,-3390.551827136929,0.004173041055038777,False,0.1579324520085439,False,0.9958269589449612,1000,True,12.741199985612184
cstr,0,benign_reliable,Benign,0.0,False,B_no_bridge,1000,11,23002011,30,-3404.760030526873,0.0,-3289.794998298746,0.03376597210885856,False,0.9062032056654123,False,0.9662340278911414,1000,True,13.01210600649938
cstr,0,benign_reliable,Benign,0.0,False,B_no_bridge,1000,12,23002012,30,-3404.760030526873,0.0,-3316.6189649689336,0.025887599938812678,False,0.9752176177121943,False,0.9741124000611873,1000,True,13.01256101578474
cstr,0,benign_reliable,Benign,0.0,False,B_no_bridge,1000,13,23002013,30,-3404.760030526873,0.0,-3262.5745290598084,0.041760799642922834,False,0.977536109174788,False,0.9582392003570772,1000,True,13.11497698770836
cstr,0,benign_reliable,Benign,0.0,False,B_no_bridge,1000,14,23002014,30,-3404.760030526873,0.0,-3305.6411108231778,0.029111866567687855,False,1.0959326311174666,False,0.9708881334323122,1000,True,13.251012016553432
cstr,0,benign_reliable,Benign,0.0,False,B_no_bridge,1000,15,23002015,30,-3404.760030526873,0.0,-3124.9866311037977,0.08217125345535188,False,1.8130912983815564,False,0.9178287465446481,1000,True,13.03315203404054
cstr,0,benign_reliable,Benign,0.0,False,B_no_bridge,1000,16,23002016,30,-3404.760030526873,0.0,-3403.6518312236217,0.0003254852892172112,False,0.012328464030670894,False,0.9996745147107828,1000,True,12.961513013578951
cstr,0,benign_reliable,Benign,0.0,False,B_no_bridge,1000,17,23002017,30,-3404.760030526873,0.0,-3178.578721805721,0.06643091045865898,False,1.0732868347489228,False,0.933569089541341,1000,True,13.848296948708594
cstr,0,benign_reliable,Benign,0.0,False,B_no_bridge,1000,18,23002018,30,-3404.760030526873,0.0,-3272.5659785250914,0.03882624643632374,False,0.5258845348554132,False,0.9611737535636763,1000,True,13.313460978679359
cstr,0,benign_reliable,Benign,0.0,False,B_no_bridge,1000,19,23002019,30,-3404.760030526873,0.0,-3222.9521462371663,0.05339814925563861,False,2.0,False,0.9466018507443614,1000,True,12.903438997454941
cstr,0,benign_reliable,Benign,0.0,False,B_no_bridge,1000,20,23002020,30,-3404.760030526873,0.0,-2991.426842733814,0.12139862547936967,False,1.432858978990608,False,0.8786013745206304,1000,True,12.804259022232145
cstr,0,benign_reliable,Benign,0.0,False,B_no_bridge,1000,21,23002021,30,-3404.760030526873,0.0,-3404.760030526873,0.0,True,0.0,False,1.0,1000,True,13.03223503055051
cstr,0,benign_reliable,Benign,0.0,False,B_no_bridge,1000,22,23002022,30,-3404.760030526873,0.0,-3134.088151628029,0.07949807812357287,False,0.5228610055696861,False,0.9205019218764271,1000,True,13.035415962804109
cstr,0,benign_reliable,Benign,0.0,False,B_no_bridge,1000,23,23002023,30,-3404.760030526873,0.0,-3309.2336677450025,0.028056709408412567,False,0.8775797083120153,False,0.9719432905915875,1000,True,12.898062996100634
cstr,0,benign_reliable,Benign,0.0,False,B_no_bridge,1000,24,23002024,30,-3404.760030526873,0.0,-2650.585390654434,0.22150596021762317,False,1.5219344080730084,False,0.7784940397823769,1000,True,12.80698599293828
cstr,0,benign_reliable,Benign,0.0,False,B_no_bridge,1000,25,23002025,30,-3404.760030526873,0.0,-3332.339911978691,0.02127025631729332,False,0.8020608813214263,False,0.9787297436827067,1000,True,12.8209920367226
cstr,0,benign_reliable,Benign,0.0,False,B_no_bridge,1000,26,23002026,30,-3404.760030526873,0.0,-3093.58270188045,0.09139479019267907,False,1.2531061669772652,False,0.908605209807321,1000,True,16.145076020620763
cstr,0,benign_reliable,Benign,0.0,False,B_no_bridge,1000,27,23002027,30,-3404.760030526873,0.0,-3239.3709773326223,0.04857583257303963,False,1.2660492161401597,False,0.9514241674269603,1000,True,14.683938003145158
cstr,0,benign_reliable,Benign,0.0,False,B_no_bridge,1000,28,23002028,30,-3404.760030526873,0.0,-3357.290030218015,0.013942245527803626,False,0.5265555361207659,False,0.9860577544721963,1000,True,14.333605009596795
cstr,0,benign_reliable,Benign,0.0,False,B_no_bridge,1000,29,23002029,30,-3404.760030526873,0.0,-3404.760030526873,0.0,True,0.0,False,1.0,1000,True,14.763667015358806
cstr,0,benign_reliable,Benign,0.0,False,C_fitness_group,1000,0,23003000,30,-3404.760030526873,0.0,-3404.760030526873,0.0,True,0.0,False,1.0,1000,True,15.139034017920494
cstr,0,benign_reliable,Benign,0.0,False,C_fitness_group,1000,1,23003001,30,-3404.760030526873,0.0,-3404.760030526873,0.0,True,0.0,False,1.0,1000,True,14.676749997306615
cstr,0,benign_reliable,Benign,0.0,False,C_fitness_group,1000,2,23003002,30,-3404.760030526873,0.0,-3404.760030526873,0.0,True,0.0,False,1.0,1000,True,14.135000004898757
cstr,0,benign_reliable,Benign,0.0,False,C_fitness_group,1000,3,23003003,30,-3404.760030526873,0.0,-3404.760030526873,0.0,True,0.0,False,1.0,1000,True,14.823538018390536
cstr,0,benign_reliable,Benign,0.0,False,C_fitness_group,1000,4,23003004,30,-3404.760030526873,0.0,-3404.760030526873,0.0,True,0.0,False,1.0,1000,True,14.632574981078506
cstr,0,benign_reliable,Benign,0.0,False,C_fitness_group,1000,5,23003005,30,-3404.760030526873,0.0,-3404.760030526873,0.0,True,0.0,False,1.0,1000,True,14.43316601216793
cstr,0,benign_reliable,Benign,0.0,False,C_fitness_group,1000,6,23003006,30,-3404.760030526873,0.0,-3404.760030526873,0.0,True,0.0,False,1.0,1000,True,14.516353025101125
cstr,0,benign_reliable,Benign,0.0,False,C_fitness_group,1000,7,23003007,30,-3404.760030526873,0.0,-3404.760030526873,0.0,True,0.0,False,1.0,1000,True,14.413063006941229
cstr,0,benign_reliable,Benign,0.0,False,C_fitness_group,1000,8,23003008,30,-3404.760030526873,0.0,-3404.760030526873,0.0,True,0.0,False,1.0,1000,True,15.297639998607337
cstr,0,benign_reliable,Benign,0.0,False,C_fitness_group,1000,9,23003009,30,-3404.760030526873,0.0,-3404.760030526873,0.0,True,0.0,False,1.0,1000,True,14.776426018215716
cstr,0,benign_reliable,Benign,0.0,False,C_fitness_group,1000,10,23003010,30,-3404.760030526873,0.0,-3404.760030526873,0.0,True,0.0,False,1.0,1000,True,15.010158997029066
cstr,0,benign_reliable,Benign,0.0,False,C_fitness_group,1000,11,23003011,30,-3404.760030526873,0.0,-3404.760030526873,0.0,True,0.0,False,1.0,1000,True,14.214163005817682
cstr,0,benign_reliable,Benign,0.0,False,C_fitness_group,1000,12,23003012,30,-3404.760030526873,0.0,-3404.760030526873,0.0,True,0.0,False,1.0,1000,True,14.42566397599876
cstr,0,benign_reliable,Benign,0.0,False,C_fitness_group,1000,13,23003013,30,-3404.760030526873,0.0,-3404.760030526873,0.0,True,0.0,False,1.0,1000,True,14.419724000617862
cstr,0,benign_reliable,Benign,0.0,False,C_fitness_group,1000,14,23003014,30,-3404.760030526873,0.0,-3404.760030526873,0.0,True,0.0,False,1.0,1000,True,13.816285005304962
cstr,0,benign_reliable,Benign,0.0,False,C_fitness_group,1000,15,23003015,30,-3404.760030526873,0.0,-3404.760030526873,0.0,True,0.0,False,1.0,1000,True,14.105634007137269
cstr,0,benign_reliable,Benign,0.0,False,C_fitness_group,1000,16,23003016,30,-3404.760030526873,0.0,-3404.760030526873,0.0,True,0.0,False,1.0,1000,True,14.09490202786401
cstr,0,benign_reliable,Benign,0.0,False,C_fitness_group,1000,17,23003017,30,-3404.760030526873,0.0,-3391.249898043195,0.003968013123552549,False,0.1501795928152213,False,0.9960319868764475,1000,True,14.928498945664614
cstr,0,benign_reliable,Benign,0.0,False,C_fitness_group,1000,18,23003018,30,-3404.760030526873,0.0,-3404.760030526873,0.0,True,0.0,False,1.0,1000,True,14.554836030583829
cstr,0,benign_reliable,Benign,0.0,False,C_fitness_group,1000,19,23003019,30,-3404.760030526873,0.0,-3404.760030526873,0.0,True,0.0,False,1.0,1000,True,14.812839042861015
cstr,0,benign_reliable,Benign,0.0,False,C_fitness_group,1000,20,23003020,30,-3404.760030526873,0.0,-3404.760030526873,0.0,True,0.0,False,1.0,1000,True,14.143130974844098
cstr,0,benign_reliable,Benign,0.0,False,C_fitness_group,1000,21,23003021,30,-3404.760030526873,0.0,-3404.760030526873,0.0,True,0.0,False,1.0,1000,True,14.359863998834044
cstr,0,benign_reliable,Benign,0.0,False,C_fitness_group,1000,22,23003022,30,-3404.760030526873,0.0,-3404.760030526873,0.0,True,0.0,False,1.0,1000,True,13.852731965016574
cstr,0,benign_reliable,Benign,0.0,False,C_fitness_group,1000,23,23003023,30,-3404.760030526873,0.0,-3404.760030526873,0.0,True,0.0,False,1.0,1000,True,14.470966008957475
cstr,0,benign_reliable,Benign,0.0,False,C_fitness_group,1000,24,23003024,30,-3404.760030526873,0.0,-3404.760030526873,0.0,True,0.0,False,1.0,1000,True,14.354698010720313
cstr,0,benign_reliable,Benign,0.0,False,C_fitness_group,1000,25,23003025,30,-3404.760030526873,0.0,-3404.760030526873,0.0,True,0.0,False,1.0,1000,True,14.067609969060868
cstr,0,benign_reliable,Benign,0.0,False,C_fitness_group,1000,26,23003026,30,-3404.760030526873,0.0,-3404.760030526873,0.0,True,0.0,False,1.0,1000,True,14.220584998838603
cstr,0,benign_reliable,Benign,0.0,False,C_fitness_group,1000,27,23003027,30,-3404.760030526873,0.0,-3404.760030526873,0.0,True,0.0,False,1.0,1000,True,13.798989006318152
cstr,0,benign_reliable,Benign,0.0,False,C_fitness_group,1000,28,23003028,30,-3404.760030526873,0.0,-3404.760030526873,0.0,True,0.0,False,1.0,1000,True,14.432630967348814
cstr,0,benign_reliable,Benign,0.0,False,C_fitness_group,1000,29,23003029,30,-3404.760030526873,0.0,-3404.760030526873,0.0,True,0.0,False,1.0,1000,True,13.737117988057435
cstr,0,benign_reliable,Benign,0.0,False,D_no_warm_slot,1000,0,23004000,30,-3404.760030526873,0.0,-3404.760030526873,0.0,True,0.0,False,1.0,1000,True,11.447754048276693
cstr,0,benign_reliable,Benign,0.0,False,D_no_warm_slot,1000,1,23004001,30,-3404.760030526873,0.0,-3404.760030526873,0.0,True,0.0,False,1.0,1000,True,11.305399995762855
cstr,0,benign_reliable,Benign,0.0,False,D_no_warm_slot,1000,2,23004002,30,-3404.760030526873,0.0,-3404.760030526873,0.0,True,0.0,False,1.0,1000,True,11.475711013190448
cstr,0,benign_reliable,Benign,0.0,False,D_no_warm_slot,1000,3,23004003,30,-3404.760030526873,0.0,-3404.760030526873,0.0,True,0.0,False,1.0,1000,True,11.787322990130633
cstr,0,benign_reliable,Benign,0.0,False,D_no_warm_slot,1000,4,23004004,30,-3404.760030526873,0.0,-3404.760030526873,0.0,True,0.0,False,1.0,1000,True,11.378526978660375
cstr,0,benign_reliable,Benign,0.0,False,D_no_warm_slot,1000,5,23004005,30,-3404.760030526873,0.0,-3404.760030526873,0.0,True,0.0,False,1.0,1000,True,11.509652016684413
cstr,0,benign_reliable,Benign,0.0,False,D_no_warm_slot,1000,6,23004006,30,-3404.760030526873,0.0,-3404.760030526873,0.0,True,0.0,False,1.0,1000,True,11.657006980385631
cstr,0,benign_reliable,Benign,0.0,False,D_no_warm_slot,1000,7,23004007,30,-3404.760030526873,0.0,-3404.760030526873,0.0,True,0.0,False,1.0,1000,True,11.752754973713309
cstr,0,benign_reliable,Benign,0.0,False,D_no_warm_slot,1000,8,23004008,30,-3404.760030526873,0.0,-3404.760030526873,0.0,True,0.0,False,1.0,1000,True,11.618462041951716
cstr,0,benign_reliable,Benign,0.0,False,D_no_warm_slot,1000,9,23004009,30,-3404.760030526873,0.0,-3404.760030526873,0.0,True,0.0,False,1.0,1000,True,11.413787957280874
cstr,0,benign_reliable,Benign,0.0,False,D_no_warm_slot,1000,10,23004010,30,-3404.760030526873,0.0,-3404.760030526873,0.0,True,0.0,False,1.0,1000,True,11.620245000813156
cstr,0,benign_reliable,Benign,0.0,False,D_no_warm_slot,1000,11,23004011,30,-3404.760030526873,0.0,-3404.760030526873,0.0,True,0.0,False,1.0,1000,True,11.580310994759202
cstr,0,benign_reliable,Benign,0.0,False,D_no_warm_slot,1000,12,23004012,30,-3404.760030526873,0.0,-3404.760030526873,0.0,True,0.0,False,1.0,1000,True,11.695727007463574
cstr,0,benign_reliable,Benign,0.0,False,D_no_warm_slot,1000,13,23004013,30,-3404.760030526873,0.0,-3404.760030526873,0.0,True,0.0,False,1.0,1000,True,11.437456007115543
cstr,0,benign_reliable,Benign,0.0,False,D_no_warm_slot,1000,14,23004014,30,-3404.760030526873,0.0,-3404.760030526873,0.0,True,0.0,False,1.0,1000,True,11.72065397258848
cstr,0,benign_reliable,Benign,0.0,False,D_no_warm_slot,1000,15,23004015,30,-3404.760030526873,0.0,-3404.760030526873,0.0,True,0.0,False,1.0,1000,True,11.801400978583843
cstr,0,benign_reliable,Benign,0.0,False,D_no_warm_slot,1000,16,23004016,30,-3404.760030526873,0.0,-3404.760030526873,0.0,True,0.0,False,1.0,1000,True,11.786190036218613
cstr,0,benign_reliable,Benign,0.0,False,D_no_warm_slot,1000,17,23004017,30,-3404.760030526873,0.0,-3404.760030526873,0.0,True,0.0,False,1.0,1000,True,11.541248997673392
cstr,0,benign_reliable,Benign,0.0,False,D_no_warm_slot,1000,18,23004018,30,-3404.760030526873,0.0,-3404.760030526873,0.0,True,0.0,False,1.0,1000,True,11.766909970901906
cstr,0,benign_reliable,Benign,0.0,False,D_no_warm_slot,1000,19,23004019,30,-3404.760030526873,0.0,-3404.760030526873,0.0,True,0.0,False,1.0,1000,True,11.635032016783953
cstr,0,benign_reliable,Benign,0.0,False,D_no_warm_slot,1000,20,23004020,30,-3404.760030526873,0.0,-3404.760030526873,0.0,True,0.0,False,1.0,1000,True,11.63889595773071
cstr,0,benign_reliable,Benign,0.0,False,D_no_warm_slot,1000,21,23004021,30,-3404.760030526873,0.0,-3404.760030526873,0.0,True,0.0,False,1.0,1000,True,11.772672005463392
cstr,0,benign_reliable,Benign,0.0,False,D_no_warm_slot,1000,22,23004022,30,-3404.760030526873,0.0,-3404.760030526873,0.0,True,0.0,False,1.0,1000,True,11.654601956252009
cstr,0,benign_reliable,Benign,0.0,False,D_no_warm_slot,1000,23,23004023,30,-3404.760030526873,0.0,-3404.760030526873,0.0,True,0.0,False,1.0,1000,True,11.618024960625917
cstr,0,benign_reliable,Benign,0.0,False,D_no_warm_slot,1000,24,23004024,30,-3404.760030526873,0.0,-3404.760030526873,0.0,True,0.0,False,1.0,1000,True,11.585214000660926
cstr,0,benign_reliable,Benign,0.0,False,D_no_warm_slot,1000,25,23004025,30,-3404.760030526873,0.0,-3404.760030526873,0.0,True,0.0,False,1.0,1000,True,11.913469003047794
cstr,0,benign_reliable,Benign,0.0,False,D_no_warm_slot,1000,26,23004026,30,-3404.760030526873,0.0,-3404.760030526873,0.0,True,0.0,False,1.0,1000,True,11.614907998591661
cstr,0,benign_reliable,Benign,0.0,False,D_no_warm_slot,1000,27,23004027,30,-3404.760030526873,0.0,-3404.760030526873,0.0,True,0.0,False,1.0,1000,True,11.826895992271602
cstr,0,benign_reliable,Benign,0.0,False,D_no_warm_slot,1000,28,23004028,30,-3404.760030526873,0.0,-3404.760030526873,0.0,True,0.0,False,1.0,1000,True,12.038794986438006
cstr,0,benign_reliable,Benign,0.0,False,D_no_warm_slot,1000,29,23004029,30,-3404.760030526873,0.0,-3404.760030526873,0.0,True,0.0,False,1.0,1000,True,11.939827993046492
flight,130,benign_reliable,Benign,6.324736890111455e-09,False,baseline,1000,0,24000000,8,-2.2272642024183514e-08,-1.3894899519615479e-08,-2.227211351965561e-08,5.285045279053352e-13,True,2.0437269389520664e-06,False,0.9999369156395512,1000,True,13.216583989560604
flight,130,benign_reliable,Benign,6.324736890111455e-09,False,baseline,1000,1,24000001,8,-2.2272642024183514e-08,-1.3894899519615479e-08,-2.1996032274472686e-08,2.7660974971082786e-10,True,9.421786858622823e-05,False,0.9669827821086643,1000,True,13.162755989469588
flight,130,benign_reliable,Benign,6.324736890111455e-09,False,baseline,1000,2,24000002,8,-2.2272642024183514e-08,-1.3894899519615479e-08,-2.2196998445964216e-08,7.564357821929788e-11,True,5.5886281983522585e-05,False,0.9909708876611985,1000,True,13.68356600869447
flight,130,benign_reliable,Benign,6.324736890111455e-09,False,baseline,1000,3,24000003,8,-2.2272642024183514e-08,-1.3894899519615479e-08,-2.2193560965352613e-08,7.908105883090125e-11,True,5.392005795469841e-05,False,0.9905605765768306,1000,True,13.089333020616323
flight,130,benign_reliable,Benign,6.324736890111455e-09,False,baseline,1000,4,24000004,8,-2.2272642024183514e-08,-1.3894899519615479e-08,-2.2271996536033883e-08,6.454881496308453e-13,True,2.809596446532309e-06,False,0.9999229520184848,1000,True,13.39587796246633
flight,130,benign_reliable,Benign,6.324736890111455e-09,False,baseline,1000,5,24000005,8,-2.2272642024183514e-08,-1.3894899519615479e-08,-2.223181949017384e-08,4.082253400967465e-11,True,3.9605628145327004e-05,False,0.9951272632230681,1000,True,13.380598975345492
flight,130,benign_reliable,Benign,6.324736890111455e-09,False,baseline,1000,6,24000006,8,-2.2272642024183514e-08,-1.3894899519615479e-08,-2.222683485812159e-08,4.580716606192491e-11,True,4.077974206352902e-05,False,0.9945322781122781,1000,True,13.741397997364402
flight,130,benign_reliable,Benign,6.324736890111455e-09,False,baseline,1000,7,24000007,8,-2.2272642024183514e-08,-1.3894899519615479e-08,-2.227185237253123e-08,7.896516522844294e-13,True,4.175504176336845e-06,False,0.9999057441008895,1000,True,13.328999979421496
flight,130,benign_reliable,Benign,6.324736890111455e-09,False,baseline,1000,8,24000008,8,-2.2272642024183514e-08,-1.3894899519615479e-08,-2.1278349725149266e-08,9.942922990342478e-10,True,0.0002116854064110409,False,0.8813173956478011,1000,True,13.062309997621924
flight,130,benign_reliable,Benign,6.324736890111455e-09,False,baseline,1000,9,24000009,8,-2.2272642024183514e-08,-1.3894899519615479e-08,-2.225099318434798e-08,2.1648839835535013e-11,True,2.4375340654595237e-05,False,0.9974159100946668,1000,True,13.03997600916773
flight,130,benign_reliable,Benign,6.324736890111455e-09,False,baseline,1000,10,24000010,8,-2.2272642024183514e-08,-1.3894899519615479e-08,-2.2270142072433813e-08,2.4999517497007455e-12,True,1.0906815262017357e-05,False,0.9997015960148766,1000,True,13.326772022992373
flight,130,benign_reliable,Benign,6.324736890111455e-09,False,baseline,1000,11,24000011,8,-2.2272642024183514e-08,-1.3894899519615479e-08,-2.2269634021327978e-08,3.008002855535997e-12,True,5.168271763412076e-06,False,0.9996409530546092,1000,True,13.345849001780152
flight,130,benign_reliable,Benign,6.324736890111455e-09,False,baseline,1000,12,24000012,8,-2.2272642024183514e-08,-1.3894899519615479e-08,-2.2213910543502172e-08,5.873148068134189e-11,True,4.83228085836714e-05,False,0.9929895815430806,1000,True,13.297850033268332
flight,130,benign_reliable,Benign,6.324736890111455e-09,False,baseline,1000,13,24000013,8,-2.2272642024183514e-08,-1.3894899519615479e-08,-2.226945726037129e-08,3.1847638122240743e-12,True,1.309664647977149e-05,False,0.9996198541778424,1000,True,13.793687045108527
flight,130,benign_reliable,Benign,6.324736890111455e-09,False,baseline,1000,14,24000014,8,-2.2272642024183514e-08,-1.3894899519615479e-08,-2.226938418040298e-08,3.2578437805352507e-12,True,1.1010480596616492e-05,False,0.9996111310679746,1000,True,13.87277600588277
flight,130,benign_reliable,Benign,6.324736890111455e-09,False,baseline,1000,15,24000015,8,-2.2272642024183514e-08,-1.3894899519615479e-08,-2.1072487434788584e-08,1.2001545893949296e-09,True,0.00023192643416488176,False,0.8567448702630172,1000,True,13.79047695081681
flight,130,benign_reliable,Benign,6.324736890111455e-09,False,baseline,1000,16,24000016,8,-2.2272642024183514e-08,-1.3894899519615479e-08,-2.225399673619189e-08,1.86452879916233e-11,True,2.7599460961775242e-05,False,0.9977744257499611,1000,True,13.697205984499305
flight,130,benign_reliable,Benign,6.324736890111455e-09,False,baseline,1000,17,24000017,8,-2.2272642024183514e-08,-1.3894899519615479e-08,-2.2264861959928774e-08,7.780064254739972e-12,True,1.5847136614241925e-05,False,0.9990713412055219,1000,True,13.707415026146919
flight,130,benign_reliable,Benign,6.324736890111455e-09,False,baseline,1000,18,24000018,8,-2.2272642024183514e-08,-1.3894899519615479e-08,-2.2260219781788774e-08,1.2422242394739464e-11,True,2.21544205390808e-05,False,0.9985172327285106,1000,True,13.739725982304662
flight,130,benign_reliable,Benign,6.324736890111455e-09,False,baseline,1000,19,24000019,8,-2.2272642024183514e-08,-1.3894899519615479e-08,-2.224562963265417e-08,2.7012391529344445e-11,True,3.17123713632477e-05,False,0.9967756956585123,1000,True,13.617729011457413
flight,130,benign_reliable,Benign,6.324736890111455e-09,False,baseline,1000,20,24000020,8,-2.2272642024183514e-08,-1.3894899519615479e-08,-2.2121051552066068e-08,1.51590472117446e-10,True,8.057802059905056e-05,False,0.9819055703807094,1000,True,13.074648973997682
flight,130,benign_reliable,Benign,6.324736890111455e-09,False,baseline,1000,21,24000021,8,-2.2272642024183514e-08,-1.3894899519615479e-08,-2.2202098941959338e-08,7.054308222417588e-11,True,5.467905311251965e-05,False,0.9915797027438225,1000,True,13.410524989012629
flight,130,benign_reliable,Benign,6.324736890111455e-09,False,baseline,1000,22,24000022,8,-2.2272642024183514e-08,-1.3894899519615479e-08,-2.2271937053113127e-08,7.049710703868293e-13,True,2.382696589686766e-06,False,0.9999158519052116,1000,True,13.303551997523755
flight,130,benign_reliable,Benign,6.324736890111455e-09,False,baseline,1000,23,24000023,8,-2.2272642024183514e-08,-1.3894899519615479e-08,-2.224999231680252e-08,2.264970738099426e-11,True,3.175187967141768e-05,False,0.9972964426432724,1000,True,13.233481033239514
flight,130,benign_reliable,Benign,6.324736890111455e-09,False,baseline,1000,24,24000024,8,-2.2272642024183514e-08,-1.3894899519615479e-08,-2.2255565675217808e-08,1.707634896570637e-11,True,2.9898998019210688e-05,False,0.9979617004274844,1000,True,13.73483904171735
flight,130,benign_reliable,Benign,6.324736890111455e-09,False,baseline,1000,25,24000025,8,-2.2272642024183514e-08,-1.3894899519615479e-08,-2.2271530705044068e-08,1.1113191394458512e-12,True,6.158598956123446e-06,False,0.9998673486158306,1000,True,13.265415036585182
flight,130,benign_reliable,Benign,6.324736890111455e-09,False,baseline,1000,26,24000026,8,-2.2272642024183514e-08,-1.3894899519615479e-08,-2.2266012937483813e-08,6.6290866997006124e-12,True,1.2670788169797517e-05,False,0.9992087263727566,1000,True,13.488442986272275
flight,130,benign_reliable,Benign,6.324736890111455e-09,False,baseline,1000,27,24000027,8,-2.2272642024183514e-08,-1.3894899519615479e-08,-2.2250926903046735e-08,2.1715121136779405e-11,True,2.7712330761537298e-05,False,0.9974079985001999,1000,True,13.335307012312114
flight,130,benign_reliable,Benign,6.324736890111455e-09,False,baseline,1000,28,24000028,8,-2.2272642024183514e-08,-1.3894899519615479e-08,-2.1081794828231116e-08,1.1908471959523983e-09,True,0.0002425536871141297,False,0.8578558370225536,1000,True,13.500407978426665
flight,130,benign_reliable,Benign,6.324736890111455e-09,False,baseline,1000,29,24000029,8,-2.2272642024183514e-08,-1.3894899519615479e-08,-2.2267879770636156e-08,4.7622535473576316e-12,True,7.5600545140274445e-06,False,0.999431558854338,1000,True,13.488002005033195
flight,130,benign_reliable,Benign,6.324736890111455e-09,False,A_no_greedy,1000,0,24001000,8,-2.2272642024183514e-08,-1.3894899519615479e-08,-2.1467447184185157e-08,8.051948399983571e-10,True,0.00011204833416078301,False,0.9038888054199186,1000,True,13.762415968813002
flight,130,benign_reliable,Benign,6.324736890111455e-09,False,A_no_greedy,1000,1,24001001,8,-2.2272642024183514e-08,-1.3894899519615479e-08,-2.107470883643831e-08,1.1979331877452038e-09,True,9.606244815764007e-05,False,0.8570100254224786,1000,True,13.667106977663934
flight,130,benign_reliable,Benign,6.324736890111455e-09,False,A_no_greedy,1000,2,24001002,8,-2.2272642024183514e-08,-1.3894899519615479e-08,-2.0997280267772336e-08,1.2753617564111777e-09,True,0.00017125782579767353,False,0.8477678496664495,1000,True,13.651080953422934
flight,130,benign_reliable,Benign,6.324736890111455e-09,False,A_no_greedy,1000,3,24001003,8,-2.2272642024183514e-08,-1.3894899519615479e-08,-1.3894899519630904e-08,8.37774250455261e-09,True,0.0006475243912628444,True,1.8412196429381906e-12,1000,True,14.01129801524803
flight,130,benign_reliable,Benign,6.324736890111455e-09,False,A_no_greedy,1000,4,24001004,8,-2.2272642024183514e-08,-1.3894899519615479e-08,-1.6259835979169146e-08,6.012806045014368e-09,True,0.0005665904371908248,False,0.2822880338306131,1000,True,13.79694597562775
flight,130,benign_reliable,Benign,6.324736890111455e-09,False,A_no_greedy,1000,5,24001005,8,-2.2272642024183514e-08,-1.3894899519615479e-08,-2.1766917669662262e-08,5.057243545212521e-10,True,0.00011269233383433966,False,0.939634769838593,1000,True,13.711620005778968
flight,130,benign_reliable,Benign,6.324736890111455e-09,False,A_no_greedy,1000,6,24001006,8,-2.2272642024183514e-08,-1.3894899519615479e-08,-2.121809719730422e-08,1.0545448268792926e-09,True,9.004515654354012e-05,False,0.8741254190727045,1000,True,13.531660020817071
flight,130,benign_reliable,Benign,6.324736890111455e-09,False,A_no_greedy,1000,7,24001007,8,-2.2272642024183514e-08,-1.3894899519615479e-08,-2.167697398267091e-08,5.956680415126026e-10,True,0.00016409542194806276,False,0.928898740777983,1000,True,13.582169020082802
flight,130,benign_reliable,Benign,6.324736890111455e-09,False,A_no_greedy,1000,8,24001008,8,-2.2272642024183514e-08,-1.3894899519615479e-08,-2.1693942613399297e-08,5.786994107842166e-10,True,0.0001336717437191207,False,0.9309241826818292,1000,True,13.70870997197926
flight,130,benign_reliable,Benign,6.324736890111455e-09,False,A_no_greedy,1000,9,24001009,8,-2.2272642024183514e-08,-1.3894899519615479e-08,-2.1716775159982484e-08,5.5586686420103e-10,True,0.00011780617173600132,False,0.9336495644383986,1000,True,13.406343990936875
flight,130,benign_reliable,Benign,6.324736890111455e-09,False,A_no_greedy,1000,10,24001010,8,-2.2272642024183514e-08,-1.3894899519615479e-08,-1.3894899519630904e-08,8.37774250455261e-09,True,0.0006475243912628444,True,1.8412196429381906e-12,1000,True,13.676560018211603
flight,130,benign_reliable,Benign,6.324736890111455e-09,False,A_no_greedy,1000,11,24001011,8,-2.2272642024183514e-08,-1.3894899519615479e-08,-1.797373350399183e-08,4.298908520191684e-09,True,0.0004859720904438044,False,0.48686552280072254,1000,True,13.536721002310514
flight,130,benign_reliable,Benign,6.324736890111455e-09,False,A_no_greedy,1000,12,24001012,8,-2.2272642024183514e-08,-1.3894899519615479e-08,-1.3894899519630904e-08,8.37774250455261e-09,True,0.0006475243912628444,True,1.8412196429381906e-12,1000,True,13.863014988601208
flight,130,benign_reliable,Benign,6.324736890111455e-09,False,A_no_greedy,1000,13,24001013,8,-2.2272642024183514e-08,-1.3894899519615479e-08,-2.074852728612572e-08,1.5241147380577953e-09,True,0.0002472248647387197,False,0.8180757241910027,1000,True,13.696226989850402
flight,130,benign_reliable,Benign,6.324736890111455e-09,False,A_no_greedy,1000,14,24001014,8,-2.2272642024183514e-08,-1.3894899519615479e-08,-2.215721373475572e-08,1.1542828942779524e-10,True,6.0454288397300155e-05,False,0.986222029459027,1000,True,14.169295958708972
flight,130,benign_reliable,Benign,6.324736890111455e-09,False,A_no_greedy,1000,15,24001015,8,-2.2272642024183514e-08,-1.3894899519615479e-08,-1.3894899519630904e-08,8.37774250455261e-09,True,0.0006475243912628444,True,1.8412196429381906e-12,1000,True,13.882936036679894
flight,130,benign_reliable,Benign,6.324736890111455e-09,False,A_no_greedy,1000,16,24001016,8,-2.2272642024183514e-08,-1.3894899519615479e-08,-1.886941153539718e-08,3.4032304887863324e-09,True,0.0004348784649510545,False,0.5937771437913385,1000,True,13.44764098757878
flight,130,benign_reliable,Benign,6.324736890111455e-09,False,A_no_greedy,1000,17,24001017,8,-2.2272642024183514e-08,-1.3894899519615479e-08,-2.1733677105083808e-08,5.389649190997057e-10,True,0.0001705582968748472,False,0.9356670464858725,1000,True,13.550127041526139
flight,130,benign_reliable,Benign,6.324736890111455e-09,False,A_no_greedy,1000,18,24001018,8,-2.2272642024183514e-08,-1.3894899519615479e-08,-1.3894899519630904e-08,8.37774250455261e-09,True,0.0006475243912628444,True,1.8412196429381906e-12,1000,True,13.78358801594004
flight,130,benign_reliable,Benign,6.324736890111455e-09,False,A_no_greedy,1000,19,24001019,8,-2.2272642024183514e-08,-1.3894899519615479e-08,-1.3894899519630904e-08,8.37774250455261e-09,True,0.0006475243912628444,True,1.8412196429381906e-12,1000,True,13.847624009940773
flight,130,benign_reliable,Benign,6.324736890111455e-09,False,A_no_greedy,1000,20,24001020,8,-2.2272642024183514e-08,-1.3894899519615479e-08,-1.942240089852947e-08,2.8502411256540453e-09,True,0.0001776615834390522,False,0.6597841096094889,1000,True,13.857006968464702
flight,130,benign_reliable,Benign,6.324736890111455e-09,False,A_no_greedy,1000,21,24001021,8,-2.2272642024183514e-08,-1.3894899519615479e-08,-2.0978578098851928e-08,1.294063925331586e-09,True,0.00016044232548340467,False,0.845535485887041,1000,True,13.385027996264398
flight,130,benign_reliable,Benign,6.324736890111455e-09,False,A_no_greedy,1000,22,24001022,8,-2.2272642024183514e-08,-1.3894899519615479e-08,-2.168132109544796e-08,5.913209287355529e-10,True,0.00016758009103045432,False,0.9294176291031707,1000,True,13.783406000584364
flight,130,benign_reliable,Benign,6.324736890111455e-09,False,A_no_greedy,1000,23,24001023,8,-2.2272642024183514e-08,-1.3894899519615479e-08,-1.3894899519630904e-08,8.37774250455261e-09,True,0.0006475243912628444,True,1.8412196429381906e-12,1000,True,14.066737028770149
flight,130,benign_reliable,Benign,6.324736890111455e-09,False,A_no_greedy,1000,24,24001024,8,-2.2272642024183514e-08,-1.3894899519615479e-08,-1.3894899519630904e-08,8.37774250455261e-09,True,0.0006475243912628444,True,1.8412196429381906e-12,1000,True,13.79353302763775
flight,130,benign_reliable,Benign,6.324736890111455e-09,False,A_no_greedy,1000,25,24001025,8,-2.2272642024183514e-08,-1.3894899519615479e-08,-2.1702419557921517e-08,5.70222466261997e-10,True,0.00011992322794857834,False,0.9319360238213243,1000,True,13.489532982930541
flight,130,benign_reliable,Benign,6.324736890111455e-09,False,A_no_greedy,1000,26,24001026,8,-2.2272642024183514e-08,-1.3894899519615479e-08,-2.1288058870946067e-08,9.845831532374465e-10,True,0.00014601306482469394,False,0.8824763171342883,1000,True,13.337687007151544
flight,130,benign_reliable,Benign,6.324736890111455e-09,False,A_no_greedy,1000,27,24001027,8,-2.2272642024183514e-08,-1.3894899519615479e-08,-1.806203148698313e-08,4.210610537200384e-09,True,0.0002636342796736952,False,0.4974051142172832,1000,True,13.454562984406948
flight,130,benign_reliable,Benign,6.324736890111455e-09,False,A_no_greedy,1000,28,24001028,8,-2.2272642024183514e-08,-1.3894899519615479e-08,-1.3894899519630904e-08,8.37774250455261e-09,True,0.0006475243912628444,True,1.8412196429381906e-12,1000,True,13.576011988334358
flight,130,benign_reliable,Benign,6.324736890111455e-09,False,A_no_greedy,1000,29,24001029,8,-2.2272642024183514e-08,-1.3894899519615479e-08,-1.3894899519630904e-08,8.37774250455261e-09,True,0.0006475243912628444,True,1.8412196429381906e-12,1000,True,13.784530980046839
flight,130,benign_reliable,Benign,6.324736890111455e-09,False,B_no_bridge,1000,0,24002000,8,-2.2272642024183514e-08,-1.3894899519615479e-08,-1.5165446233732826e-08,7.107195790450688e-09,True,0.0006274068482224738,False,0.15165740811735035,1000,True,14.424694993067533
flight,130,benign_reliable,Benign,6.324736890111455e-09,False,B_no_bridge,1000,1,24002001,8,-2.2272642024183514e-08,-1.3894899519615479e-08,-2.225715030588072e-08,1.5491718302793844e-11,True,2.064150944572497e-05,False,0.9981508481199622,1000,True,14.563572010956705
flight,130,benign_reliable,Benign,6.324736890111455e-09,False,B_no_bridge,1000,2,24002002,8,-2.2272642024183514e-08,-1.3894899519615479e-08,-2.2248513617028645e-08,2.4128407154869423e-11,True,3.0973977116930014e-05,False,0.9971199392746061,1000,True,14.909614983480424
flight,130,benign_reliable,Benign,6.324736890111455e-09,False,B_no_bridge,1000,3,24002003,8,-2.2272642024183514e-08,-1.3894899519615479e-08,-2.2151464245001322e-08,1.21177779182192e-10,True,3.719818599101004e-05,False,0.9855357479516565,1000,True,14.633402985055
flight,130,benign_reliable,Benign,6.324736890111455e-09,False,B_no_bridge,1000,4,24002004,8,-2.2272642024183514e-08,-1.3894899519615479e-08,-2.2020601144632773e-08,2.5204087955074134e-10,True,4.983515002548159e-05,False,0.9699154182151918,1000,True,14.599198999349028
flight,130,benign_reliable,Benign,6.324736890111455e-09,False,B_no_bridge,1000,5,24002005,8,-2.2272642024183514e-08,-1.3894899519615479e-08,-1.5935520095872404e-08,6.33712192831111e-09,True,0.0005825307153108439,False,0.24357642588612138,1000,True,14.686446986161172
flight,130,benign_reliable,Benign,6.324736890111455e-09,False,B_no_bridge,1000,6,24002006,8,-2.2272642024183514e-08,-1.3894899519615479e-08,-1.924294129141313e-08,3.0297007327703848e-09,True,0.00017032835068561656,False,0.6383631114087817,1000,True,14.617401990108192
flight,130,benign_reliable,Benign,6.324736890111455e-09,False,B_no_bridge,1000,7,24002007,8,-2.2272642024183514e-08,-1.3894899519615479e-08,-1.5957460888786655e-08,6.315181135396859e-09,True,0.00028216527492901203,False,0.24619536444890103,1000,True,14.659594045951962
flight,130,benign_reliable,Benign,6.324736890111455e-09,False,B_no_bridge,1000,8,24002008,8,-2.2272642024183514e-08,-1.3894899519615479e-08,-2.0317040741354694e-08,1.9556012828288204e-09,True,0.0003161379942342475,False,0.7665718083645431,1000,True,15.055662952363491
flight,130,benign_reliable,Benign,6.324736890111455e-09,False,B_no_bridge,1000,9,24002009,8,-2.2272642024183514e-08,-1.3894899519615479e-08,-2.023789523910369e-08,2.0347467850798224e-09,True,0.000237526499249671,False,0.7571246927235638,1000,True,14.919418026693165
flight,130,benign_reliable,Benign,6.324736890111455e-09,False,B_no_bridge,1000,10,24002010,8,-2.2272642024183514e-08,-1.3894899519615479e-08,-2.0159251749818588e-08,2.113390274364926e-09,True,0.0003256801697512205,False,0.7477374993069336,1000,True,14.999200007878244
flight,130,benign_reliable,Benign,6.324736890111455e-09,False,B_no_bridge,1000,11,24002011,8,-2.2272642024183514e-08,-1.3894899519615479e-08,-2.2163759218783877e-08,1.0888280539963673e-10,True,3.24595445404518e-05,False,0.9870033239455298,1000,True,15.047131979372352
flight,130,benign_reliable,Benign,6.324736890111455e-09,False,B_no_bridge,1000,12,24002012,8,-2.2272642024183514e-08,-1.3894899519615479e-08,-1.4916809309295195e-08,7.355832714888319e-09,True,0.0006330073810391046,False,0.12197913568273447,1000,True,14.902421971783042
flight,130,benign_reliable,Benign,6.324736890111455e-09,False,B_no_bridge,1000,13,24002013,8,-2.2272642024183514e-08,-1.3894899519615479e-08,-1.9603018638732596e-08,2.669623385450918e-09,True,0.0003766240143799102,False,0.6813433470895909,1000,True,14.694700948894024
flight,130,benign_reliable,Benign,6.324736890111455e-09,False,B_no_bridge,1000,14,24002014,8,-2.2272642024183514e-08,-1.3894899519615479e-08,-2.154425003576299e-08,7.283919884205244e-10,True,0.00011183802829299702,False,0.9130562931453954,1000,True,14.721513958647847
flight,130,benign_reliable,Benign,6.324736890111455e-09,False,B_no_bridge,1000,15,24002015,8,-2.2272642024183514e-08,-1.3894899519615479e-08,-2.2252537473783074e-08,2.0104550400440374e-11,True,3.332909211935909e-05,False,0.9976002425009508,1000,True,14.88147402415052
flight,130,benign_reliable,Benign,6.324736890111455e-09,False,B_no_bridge,1000,16,24002016,8,-2.2272642024183514e-08,-1.3894899519615479e-08,-1.3948963276613195e-08,8.323678747570319e-09,True,0.000657988216811095,False,0.0064532607642497145,1000,True,14.939601009245962
flight,130,benign_reliable,Benign,6.324736890111455e-09,False,B_no_bridge,1000,17,24002017,8,-2.2272642024183514e-08,-1.3894899519615479e-08,-1.8736996982806905e-08,3.5356450413766086e-09,True,0.00022518488376798565,False,0.5779716266704583,1000,True,15.04756702343002
flight,130,benign_reliable,Benign,6.324736890111455e-09,False,B_no_bridge,1000,18,24002018,8,-2.2272642024183514e-08,-1.3894899519615479e-08,-1.405663905676063e-08,8.216002967422884e-09,True,0.0006525704458997867,False,0.019305861579889904,1000,True,14.825139020103961
flight,130,benign_reliable,Benign,6.324736890111455e-09,False,B_no_bridge,1000,19,24002019,8,-2.2272642024183514e-08,-1.3894899519615479e-08,-2.2102087268586792e-08,1.7055475559672208e-10,True,7.311555242550438e-05,False,0.9796419195858878,1000,True,14.712115982547402
flight,130,benign_reliable,Benign,6.324736890111455e-09,False,B_no_bridge,1000,20,24002020,8,-2.2272642024183514e-08,-1.3894899519615479e-08,-1.3894899519630904e-08,8.37774250455261e-09,True,0.0006475243912628444,True,1.8412196429381906e-12,1000,True,14.767421991564333
flight,130,benign_reliable,Benign,6.324736890111455e-09,False,B_no_bridge,1000,21,24002021,8,-2.2272642024183514e-08,-1.3894899519615479e-08,-1.5751068423649112e-08,6.521573600534402e-09,True,0.0005957241346740679,False,0.2215595553362426,1000,True,14.793030975852162
flight,130,benign_reliable,Benign,6.324736890111455e-09,False,B_no_bridge,1000,22,24002022,8,-2.2272642024183514e-08,-1.3894899519615479e-08,-1.8846143840824376e-08,3.426498183359138e-09,True,0.0004359444791130511,False,0.5909998210746139,1000,True,14.712931006215513
flight,130,benign_reliable,Benign,6.324736890111455e-09,False,B_no_bridge,1000,23,24002023,8,-2.2272642024183514e-08,-1.3894899519615479e-08,-1.4806770850522132e-08,7.465871173661382e-09,True,0.000644252888516323,False,0.10884451633712151,1000,True,14.894753985572606
flight,130,benign_reliable,Benign,6.324736890111455e-09,False,B_no_bridge,1000,24,24002024,8,-2.2272642024183514e-08,-1.3894899519615479e-08,-2.1853339882082167e-08,4.193021421013465e-10,True,0.00012600934949154953,False,0.949950461968398,1000,True,14.934682985767722
flight,130,benign_reliable,Benign,6.324736890111455e-09,False,B_no_bridge,1000,25,24002025,8,-2.2272642024183514e-08,-1.3894899519615479e-08,-1.586048782163386e-08,6.412154202549653e-09,True,0.0005970736188493401,False,0.23462028117319536,1000,True,15.288082999177277
flight,130,benign_reliable,Benign,6.324736890111455e-09,False,B_no_bridge,1000,26,24002026,8,-2.2272642024183514e-08,-1.3894899519615479e-08,-1.90179488516211e-08,3.2546931725624123e-09,True,0.00025045105775858633,False,0.6115071368226269,1000,True,15.518021013122052
flight,130,benign_reliable,Benign,6.324736890111455e-09,False,B_no_bridge,1000,27,24002027,8,-2.2272642024183514e-08,-1.3894899519615479e-08,-1.4991772654980796e-08,7.280869369202718e-09,True,0.0006189476361076929,False,0.13092705281491257,1000,True,15.410778985824436
flight,130,benign_reliable,Benign,6.324736890111455e-09,False,B_no_bridge,1000,28,24002028,8,-2.2272642024183514e-08,-1.3894899519615479e-08,-1.8458886745973317e-08,3.8137552782101966e-09,True,0.00029611661131044944,False,0.5447753047875709,1000,True,15.164089039899409
flight,130,benign_reliable,Benign,6.324736890111455e-09,False,B_no_bridge,1000,29,24002029,8,-2.2272642024183514e-08,-1.3894899519615479e-08,-1.5093499349545257e-08,7.179142674638257e-09,True,0.0002503736036385731,False,0.14306954758710133,1000,True,14.571545994840562
flight,130,benign_reliable,Benign,6.324736890111455e-09,False,C_fitness_group,1000,0,24003000,8,-2.2272642024183514e-08,-1.3894899519615479e-08,-1.3894899519630904e-08,8.37774250455261e-09,True,0.0006475243912628444,True,1.8412196429381906e-12,1000,True,17.37362303538248
flight,130,benign_reliable,Benign,6.324736890111455e-09,False,C_fitness_group,1000,1,24003001,8,-2.2272642024183514e-08,-1.3894899519615479e-08,-1.3894899519630904e-08,8.37774250455261e-09,True,0.0006475243912628444,True,1.8412196429381906e-12,1000,True,17.75147096486762
flight,130,benign_reliable,Benign,6.324736890111455e-09,False,C_fitness_group,1000,2,24003002,8,-2.2272642024183514e-08,-1.3894899519615479e-08,-1.3894899519630904e-08,8.37774250455261e-09,True,0.0006475243912628444,True,1.8412196429381906e-12,1000,True,17.32225704472512
flight,130,benign_reliable,Benign,6.324736890111455e-09,False,C_fitness_group,1000,3,24003003,8,-2.2272642024183514e-08,-1.3894899519615479e-08,-1.3894899519630904e-08,8.37774250455261e-09,True,0.0006475243912628444,True,1.8412196429381906e-12,1000,True,17.510952951852232
flight,130,benign_reliable,Benign,6.324736890111455e-09,False,C_fitness_group,1000,4,24003004,8,-2.2272642024183514e-08,-1.3894899519615479e-08,-1.3894899519630904e-08,8.37774250455261e-09,True,0.0006475243912628444,True,1.8412196429381906e-12,1000,True,17.124145000707358
flight,130,benign_reliable,Benign,6.324736890111455e-09,False,C_fitness_group,1000,5,24003005,8,-2.2272642024183514e-08,-1.3894899519615479e-08,-1.3894899519630904e-08,8.37774250455261e-09,True,0.0006475243912628444,True,1.8412196429381906e-12,1000,True,17.282949993386865
flight,130,benign_reliable,Benign,6.324736890111455e-09,False,C_fitness_group,1000,6,24003006,8,-2.2272642024183514e-08,-1.3894899519615479e-08,-1.3894899519630904e-08,8.37774250455261e-09,True,0.0006475243912628444,True,1.8412196429381906e-12,1000,True,17.46748003643006
flight,130,benign_reliable,Benign,6.324736890111455e-09,False,C_fitness_group,1000,7,24003007,8,-2.2272642024183514e-08,-1.3894899519615479e-08,-1.3894899519630904e-08,8.37774250455261e-09,True,0.0006475243912628444,True,1.8412196429381906e-12,1000,True,17.65149598941207
flight,130,benign_reliable,Benign,6.324736890111455e-09,False,C_fitness_group,1000,8,24003008,8,-2.2272642024183514e-08,-1.3894899519615479e-08,-1.3894899519630904e-08,8.37774250455261e-09,True,0.0006475243912628444,True,1.8412196429381906e-12,1000,True,17.612418974749744
flight,130,benign_reliable,Benign,6.324736890111455e-09,False,C_fitness_group,1000,9,24003009,8,-2.2272642024183514e-08,-1.3894899519615479e-08,-1.3894899519630904e-08,8.37774250455261e-09,True,0.0006475243912628444,True,1.8412196429381906e-12,1000,True,17.605412984266877
flight,130,benign_reliable,Benign,6.324736890111455e-09,False,C_fitness_group,1000,10,24003010,8,-2.2272642024183514e-08,-1.3894899519615479e-08,-1.3894899519630904e-08,8.37774250455261e-09,True,0.0006475243912628444,True,1.8412196429381906e-12,1000,True,17.348499037325382
flight,130,benign_reliable,Benign,6.324736890111455e-09,False,C_fitness_group,1000,11,24003011,8,-2.2272642024183514e-08,-1.3894899519615479e-08,-1.3894899519630904e-08,8.37774250455261e-09,True,0.0006475243912628444,True,1.8412196429381906e-12,1000,True,17.30486797168851
flight,130,benign_reliable,Benign,6.324736890111455e-09,False,C_fitness_group,1000,12,24003012,8,-2.2272642024183514e-08,-1.3894899519615479e-08,-1.3894899519630904e-08,8.37774250455261e-09,True,0.0006475243912628444,True,1.8412196429381906e-12,1000,True,17.48432801105082
flight,130,benign_reliable,Benign,6.324736890111455e-09,False,C_fitness_group,1000,13,24003013,8,-2.2272642024183514e-08,-1.3894899519615479e-08,-1.3894899519630904e-08,8.37774250455261e-09,True,0.0006475243912628444,True,1.8412196429381906e-12,1000,True,17.470851016696543
flight,130,benign_reliable,Benign,6.324736890111455e-09,False,C_fitness_group,1000,14,24003014,8,-2.2272642024183514e-08,-1.3894899519615479e-08,-1.3894899519630904e-08,8.37774250455261e-09,True,0.0006475243912628444,True,1.8412196429381906e-12,1000,True,17.330901988316327
flight,130,benign_reliable,Benign,6.324736890111455e-09,False,C_fitness_group,1000,15,24003015,8,-2.2272642024183514e-08,-1.3894899519615479e-08,-1.3894899519630904e-08,8.37774250455261e-09,True,0.0006475243912628444,True,1.8412196429381906e-12,1000,True,17.165210039820522
flight,130,benign_reliable,Benign,6.324736890111455e-09,False,C_fitness_group,1000,16,24003016,8,-2.2272642024183514e-08,-1.3894899519615479e-08,-1.3894899519630904e-08,8.37774250455261e-09,True,0.0006475243912628444,True,1.8412196429381906e-12,1000,True,17.230106983333826
flight,130,benign_reliable,Benign,6.324736890111455e-09,False,C_fitness_group,1000,17,24003017,8,-2.2272642024183514e-08,-1.3894899519615479e-08,-1.3894899519630904e-08,8.37774250455261e-09,True,0.0006475243912628444,True,1.8412196429381906e-12,1000,True,17.341042985208333
flight,130,benign_reliable,Benign,6.324736890111455e-09,False,C_fitness_group,1000,18,24003018,8,-2.2272642024183514e-08,-1.3894899519615479e-08,-1.3894899519630904e-08,8.37774250455261e-09,True,0.0006475243912628444,True,1.8412196429381906e-12,1000,True,17.200708971358836
flight,130,benign_reliable,Benign,6.324736890111455e-09,False,C_fitness_group,1000,19,24003019,8,-2.2272642024183514e-08,-1.3894899519615479e-08,-1.3894899519630904e-08,8.37774250455261e-09,True,0.0006475243912628444,True,1.8412196429381906e-12,1000,True,17.03010796336457
flight,130,benign_reliable,Benign,6.324736890111455e-09,False,C_fitness_group,1000,20,24003020,8,-2.2272642024183514e-08,-1.3894899519615479e-08,-1.3894899519630904e-08,8.37774250455261e-09,True,0.0006475243912628444,True,1.8412196429381906e-12,1000,True,17.36747700488195
flight,130,benign_reliable,Benign,6.324736890111455e-09,False,C_fitness_group,1000,21,24003021,8,-2.2272642024183514e-08,-1.3894899519615479e-08,-1.3894899519630904e-08,8.37774250455261e-09,True,0.0006475243912628444,True,1.8412196429381906e-12,1000,True,17.439777962863445
flight,130,benign_reliable,Benign,6.324736890111455e-09,False,C_fitness_group,1000,22,24003022,8,-2.2272642024183514e-08,-1.3894899519615479e-08,-1.3894899519630904e-08,8.37774250455261e-09,True,0.0006475243912628444,True,1.8412196429381906e-12,1000,True,17.363860039040446
flight,130,benign_reliable,Benign,6.324736890111455e-09,False,C_fitness_group,1000,23,24003023,8,-2.2272642024183514e-08,-1.3894899519615479e-08,-1.3894899519630904e-08,8.37774250455261e-09,True,0.0006475243912628444,True,1.8412196429381906e-12,1000,True,17.430119041819125
flight,130,benign_reliable,Benign,6.324736890111455e-09,False,C_fitness_group,1000,24,24003024,8,-2.2272642024183514e-08,-1.3894899519615479e-08,-1.3894899519630904e-08,8.37774250455261e-09,True,0.0006475243912628444,True,1.8412196429381906e-12,1000,True,16.998292005155236
flight,130,benign_reliable,Benign,6.324736890111455e-09,False,C_fitness_group,1000,25,24003025,8,-2.2272642024183514e-08,-1.3894899519615479e-08,-1.3894899519630904e-08,8.37774250455261e-09,True,0.0006475243912628444,True,1.8412196429381906e-12,1000,True,17.0370580162853
flight,130,benign_reliable,Benign,6.324736890111455e-09,False,C_fitness_group,1000,26,24003026,8,-2.2272642024183514e-08,-1.3894899519615479e-08,-1.3894899519630904e-08,8.37774250455261e-09,True,0.0006475243912628444,True,1.8412196429381906e-12,1000,True,17.15850201435387
flight,130,benign_reliable,Benign,6.324736890111455e-09,False,C_fitness_group,1000,27,24003027,8,-2.2272642024183514e-08,-1.3894899519615479e-08,-1.3894899519630904e-08,8.37774250455261e-09,True,0.0006475243912628444,True,1.8412196429381906e-12,1000,True,17.33952696667984
flight,130,benign_reliable,Benign,6.324736890111455e-09,False,C_fitness_group,1000,28,24003028,8,-2.2272642024183514e-08,-1.3894899519615479e-08,-1.3894899519630904e-08,8.37774250455261e-09,True,0.0006475243912628444,True,1.8412196429381906e-12,1000,True,17.183768970426172
flight,130,benign_reliable,Benign,6.324736890111455e-09,False,C_fitness_group,1000,29,24003029,8,-2.2272642024183514e-08,-1.3894899519615479e-08,-1.3894899519630904e-08,8.37774250455261e-09,True,0.0006475243912628444,True,1.8412196429381906e-12,1000,True,17.33099395642057
flight,130,benign_reliable,Benign,6.324736890111455e-09,False,D_no_warm_slot,1000,0,24004000,8,-2.2272642024183514e-08,-1.3894899519615479e-08,-2.2263298649151487e-08,9.343375032026915e-12,True,2.141839256689962e-05,False,0.9988847383376928,1000,True,13.196868996601552
flight,130,benign_reliable,Benign,6.324736890111455e-09,False,D_no_warm_slot,1000,1,24004001,8,-2.2272642024183514e-08,-1.3894899519615479e-08,-2.2272509915112713e-08,1.3210907080048218e-13,True,2.523162279355981e-06,False,0.9999842309463762,1000,True,13.217294996138662
flight,130,benign_reliable,Benign,6.324736890111455e-09,False,D_no_warm_slot,1000,2,24004002,8,-2.2272642024183514e-08,-1.3894899519615479e-08,-2.2271538829957065e-08,1.1031942264490131e-12,True,7.773601589336204e-06,False,0.9998683184371151,1000,True,13.20384000428021
flight,130,benign_reliable,Benign,6.324736890111455e-09,False,D_no_warm_slot,1000,3,24004003,8,-2.2272642024183514e-08,-1.3894899519615479e-08,-2.2169846704496106e-08,1.0279531968740838e-10,True,5.134826104990914e-05,False,0.9877299499678632,1000,True,12.903088005259633
flight,130,benign_reliable,Benign,6.324736890111455e-09,False,D_no_warm_slot,1000,4,24004004,8,-2.2272642024183514e-08,-1.3894899519615479e-08,-2.2263344683643557e-08,9.297340539957136e-12,True,1.1177546460063372e-05,False,0.9988902331940988,1000,True,13.276838988531381
flight,130,benign_reliable,Benign,6.324736890111455e-09,False,D_no_warm_slot,1000,5,24004005,8,-2.2272642024183514e-08,-1.3894899519615479e-08,-2.219451845750038e-08,7.812356668313242e-11,True,5.234713747133334e-05,False,0.9906748665716886,1000,True,13.375098002143204
flight,130,benign_reliable,Benign,6.324736890111455e-09,False,D_no_warm_slot,1000,6,24004006,8,-2.2272642024183514e-08,-1.3894899519615479e-08,-2.2261807362199126e-08,1.0834661984388225e-11,True,2.083647745229612e-05,False,0.9987067325143402,1000,True,13.265598972793669
flight,130,benign_reliable,Benign,6.324736890111455e-09,False,D_no_warm_slot,1000,7,24004007,8,-2.2272642024183514e-08,-1.3894899519615479e-08,-2.2115437354987852e-08,1.5720466919566173e-10,True,8.2406142237088e-05,False,0.9812354379345098,1000,True,13.383799989242107
flight,130,benign_reliable,Benign,6.324736890111455e-09,False,D_no_warm_slot,1000,8,24004008,8,-2.2272642024183514e-08,-1.3894899519615479e-08,-2.219804802771999e-08,7.459399646352358e-11,True,4.6480085818885475e-05,False,0.9910961698306137,1000,True,13.774539984297007
flight,130,benign_reliable,Benign,6.324736890111455e-09,False,D_no_warm_slot,1000,9,24004009,8,-2.2272642024183514e-08,-1.3894899519615479e-08,-2.2052735623145623e-08,2.1990640103789123e-10,True,0.00010580287199610431,False,0.973751114823834,1000,True,13.127398036886007
flight,130,benign_reliable,Benign,6.324736890111455e-09,False,D_no_warm_slot,1000,10,24004010,8,-2.2272642024183514e-08,-1.3894899519615479e-08,-2.227183747769291e-08,8.045464906044018e-13,True,3.649331234190048e-06,False,0.9999039661949307,1000,True,13.381992990616709
flight,130,benign_reliable,Benign,6.324736890111455e-09,False,D_no_warm_slot,1000,11,24004011,8,-2.2272642024183514e-08,-1.3894899519615479e-08,-2.226992872635874e-08,2.7132978247727605e-12,True,1.0449542530299615e-05,False,0.9996761301957785,1000,True,13.40203097788617
flight,130,benign_reliable,Benign,6.324736890111455e-09,False,D_no_warm_slot,1000,12,24004012,8,-2.2272642024183514e-08,-1.3894899519615479e-08,-2.2266169383253265e-08,6.472640930248613e-12,True,1.5236021142702858e-05,False,0.9992274003495907,1000,True,13.448896002955735
flight,130,benign_reliable,Benign,6.324736890111455e-09,False,D_no_warm_slot,1000,13,24004013,8,-2.2272642024183514e-08,-1.3894899519615479e-08,-2.2267574152048808e-08,5.067872134706338e-12,True,6.670398199510451e-06,False,0.999395079028516,1000,True,13.548540999181569
flight,130,benign_reliable,Benign,6.324736890111455e-09,False,D_no_warm_slot,1000,14,24004014,8,-2.2272642024183514e-08,-1.3894899519615479e-08,-2.208393684517968e-08,1.8870517900383455e-10,True,8.042823299638093e-05,False,0.9774754143015327,1000,True,13.641242985613644
flight,130,benign_reliable,Benign,6.324736890111455e-09,False,D_no_warm_slot,1000,15,24004015,8,-2.2272642024183514e-08,-1.3894899519615479e-08,-2.2271325492588605e-08,1.316531594909068e-12,True,8.132523201907701e-06,False,0.9998428536572721,1000,True,13.781290967017412
flight,130,benign_reliable,Benign,6.324736890111455e-09,False,D_no_warm_slot,1000,16,24004016,8,-2.2272642024183514e-08,-1.3894899519615479e-08,-2.226306832457584e-08,9.573699607674377e-12,True,9.17231235551762e-06,False,0.9988572458985874,1000,True,13.668473984580487
flight,130,benign_reliable,Benign,6.324736890111455e-09,False,D_no_warm_slot,1000,17,24004017,8,-2.2272642024183514e-08,-1.3894899519615479e-08,-2.2271030150417194e-08,1.6118737663202273e-12,True,3.931436164909648e-06,False,0.9998076004645116,1000,True,13.90571496449411
flight,130,benign_reliable,Benign,6.324736890111455e-09,False,D_no_warm_slot,1000,18,24004018,8,-2.2272642024183514e-08,-1.3894899519615479e-08,-2.2271738841409206e-08,9.031827743079061e-13,True,6.56859822801064e-06,False,0.9998921925836447,1000,True,13.346256979275495
flight,130,benign_reliable,Benign,6.324736890111455e-09,False,D_no_warm_slot,1000,19,24004019,8,-2.2272642024183514e-08,-1.3894899519615479e-08,-2.2272584056902443e-08,5.796728107133893e-14,True,7.25275616047132e-07,False,0.9999930807993872,1000,True,13.409297971520573
flight,130,benign_reliable,Benign,6.324736890111455e-09,False,D_no_warm_slot,1000,20,24004020,8,-2.2272642024183514e-08,-1.3894899519615479e-08,-2.227074303846616e-08,1.898985717353455e-12,True,9.965939379591758e-06,False,0.9997733296629351,1000,True,13.584856002125889
flight,130,benign_reliable,Benign,6.324736890111455e-09,False,D_no_warm_slot,1000,21,24004021,8,-2.2272642024183514e-08,-1.3894899519615479e-08,-2.2267128548898547e-08,5.513475284967222e-12,True,1.552582436692571e-05,False,0.9993418900996347,1000,True,13.538465020246804
flight,130,benign_reliable,Benign,6.324736890111455e-09,False,D_no_warm_slot,1000,22,24004022,8,-2.2272642024183514e-08,-1.3894899519615479e-08,-2.2271700423442444e-08,9.41600741070172e-13,True,7.057288069582294e-06,False,0.9998876068653868,1000,True,13.355048024095595
flight,130,benign_reliable,Benign,6.324736890111455e-09,False,D_no_warm_slot,1000,23,24004023,8,-2.2272642024183514e-08,-1.3894899519615479e-08,-2.225212044831431e-08,2.0521575869202973e-11,True,2.8978976308685995e-05,False,0.9975504647155229,1000,True,13.700757001060992
flight,130,benign_reliable,Benign,6.324736890111455e-09,False,D_no_warm_slot,1000,24,24004024,8,-2.2272642024183514e-08,-1.3894899519615479e-08,-2.226957819007524e-08,3.0638341082736675e-12,True,1.2827815071284227e-05,False,0.9996342888186641,1000,True,13.41163896722719
flight,130,benign_reliable,Benign,6.324736890111455e-09,False,D_no_warm_slot,1000,25,24004025,8,-2.2272642024183514e-08,-1.3894899519615479e-08,-2.20958319339886e-08,1.768100901949149e-10,True,7.325987853715422e-05,False,0.9788952584662864,1000,True,13.439922011457384
flight,130,benign_reliable,Benign,6.324736890111455e-09,False,D_no_warm_slot,1000,26,24004026,8,-2.2272642024183514e-08,-1.3894899519615479e-08,-2.2005623836441503e-08,2.6701818774201135e-10,True,9.816139373126261e-05,False,0.9681276683311265,1000,True,13.042283011600375
flight,130,benign_reliable,Benign,6.324736890111455e-09,False,D_no_warm_slot,1000,27,24004027,8,-2.2272642024183514e-08,-1.3894899519615479e-08,-2.2261205963053415e-08,1.1436061130099053e-11,True,2.1248845533794734e-05,False,0.9986349471681825,1000,True,13.507932948414236
flight,130,benign_reliable,Benign,6.324736890111455e-09,False,D_no_warm_slot,1000,28,24004028,8,-2.2272642024183514e-08,-1.3894899519615479e-08,-2.2254427147389188e-08,1.821487679432596e-11,True,2.6749031674394367e-05,False,0.9978258013081216,1000,True,13.575572986155748
flight,130,benign_reliable,Benign,6.324736890111455e-09,False,D_no_warm_slot,1000,29,24004029,8,-2.2272642024183514e-08,-1.3894899519615479e-08,-2.2272378753021092e-08,2.6327116242207237e-13,True,2.6232445947941844e-06,False,0.9999685749278784,1000,True,13.276059995405376
hvac,0,benign_reliable,Benign,0.0,False,baseline,1000,0,25000000,30,-160.35966334536283,0.0,-160.35966334536283,0.0,True,0.0,False,1.0,1000,True,11.696289002429694
hvac,0,benign_reliable,Benign,0.0,False,baseline,1000,1,25000001,30,-160.35966334536283,0.0,-160.35966334536283,0.0,True,0.0,False,1.0,1000,True,11.748086020816118
hvac,0,benign_reliable,Benign,0.0,False,baseline,1000,2,25000002,30,-160.35966334536283,0.0,-160.35966334536283,0.0,True,0.0,False,1.0,1000,True,11.941126955207437
hvac,0,benign_reliable,Benign,0.0,False,baseline,1000,3,25000003,30,-160.35966334536283,0.0,-160.35966334536283,0.0,True,0.0,False,1.0,1000,True,11.775315972045064
hvac,0,benign_reliable,Benign,0.0,False,baseline,1000,4,25000004,30,-160.35966334536283,0.0,-160.35966334536283,0.0,True,0.0,False,1.0,1000,True,11.853805975988507
hvac,0,benign_reliable,Benign,0.0,False,baseline,1000,5,25000005,30,-160.35966334536283,0.0,-160.35966334536283,0.0,True,0.0,False,1.0,1000,True,11.605001986026764
hvac,0,benign_reliable,Benign,0.0,False,baseline,1000,6,25000006,30,-160.35966334536283,0.0,-160.35966334536283,0.0,True,0.0,False,1.0,1000,True,12.001818977296352
hvac,0,benign_reliable,Benign,0.0,False,baseline,1000,7,25000007,30,-160.35966334536283,0.0,-160.35966334536283,0.0,True,0.0,False,1.0,1000,True,12.394368008244783
hvac,0,benign_reliable,Benign,0.0,False,baseline,1000,8,25000008,30,-160.35966334536283,0.0,-160.35966334536283,0.0,True,0.0,False,1.0,1000,True,11.800115986261517
hvac,0,benign_reliable,Benign,0.0,False,baseline,1000,9,25000009,30,-160.35966334536283,0.0,-160.35966334536283,0.0,True,0.0,False,1.0,1000,True,11.405527009628713
hvac,0,benign_reliable,Benign,0.0,False,baseline,1000,10,25000010,30,-160.35966334536283,0.0,-160.35966334536283,0.0,True,0.0,False,1.0,1000,True,11.686850048135966
hvac,0,benign_reliable,Benign,0.0,False,baseline,1000,11,25000011,30,-160.35966334536283,0.0,-160.35966334536283,0.0,True,0.0,False,1.0,1000,True,11.429996986407787
hvac,0,benign_reliable,Benign,0.0,False,baseline,1000,12,25000012,30,-160.35966334536283,0.0,-160.35966334536283,0.0,True,0.0,False,1.0,1000,True,11.48189598461613
hvac,0,benign_reliable,Benign,0.0,False,baseline,1000,13,25000013,30,-160.35966334536283,0.0,-160.35966334536283,0.0,True,0.0,False,1.0,1000,True,11.52054499834776
hvac,0,benign_reliable,Benign,0.0,False,baseline,1000,14,25000014,30,-160.35966334536283,0.0,-160.35966334536283,0.0,True,0.0,False,1.0,1000,True,11.262916028499603
hvac,0,benign_reliable,Benign,0.0,False,baseline,1000,15,25000015,30,-160.35966334536283,0.0,-160.35966334536283,0.0,True,0.0,False,1.0,1000,True,11.433301027864218
hvac,0,benign_reliable,Benign,0.0,False,baseline,1000,16,25000016,30,-160.35966334536283,0.0,-160.35966334536283,0.0,True,0.0,False,1.0,1000,True,11.546435998752713
hvac,0,benign_reliable,Benign,0.0,False,baseline,1000,17,25000017,30,-160.35966334536283,0.0,-160.35966334536283,0.0,True,0.0,False,1.0,1000,True,11.483534995932132
hvac,0,benign_reliable,Benign,0.0,False,baseline,1000,18,25000018,30,-160.35966334536283,0.0,-160.35966334536283,0.0,True,0.0,False,1.0,1000,True,11.227537004742771
hvac,0,benign_reliable,Benign,0.0,False,baseline,1000,19,25000019,30,-160.35966334536283,0.0,-160.35966334536283,0.0,True,0.0,False,1.0,1000,True,11.41136500518769
hvac,0,benign_reliable,Benign,0.0,False,baseline,1000,20,25000020,30,-160.35966334536283,0.0,-160.35966334536283,0.0,True,0.0,False,1.0,1000,True,11.576670978683978
hvac,0,benign_reliable,Benign,0.0,False,baseline,1000,21,25000021,30,-160.35966334536283,0.0,-160.35966334536283,0.0,True,0.0,False,1.0,1000,True,11.367234052158892
hvac,0,benign_reliable,Benign,0.0,False,baseline,1000,22,25000022,30,-160.35966334536283,0.0,-160.35966334536283,0.0,True,0.0,False,1.0,1000,True,11.601247999351472
hvac,0,benign_reliable,Benign,0.0,False,baseline,1000,23,25000023,30,-160.35966334536283,0.0,-160.35966334536283,0.0,True,0.0,False,1.0,1000,True,11.637982970569283
hvac,0,benign_reliable,Benign,0.0,False,baseline,1000,24,25000024,30,-160.35966334536283,0.0,-160.35966334536283,0.0,True,0.0,False,1.0,1000,True,11.871770024299622
hvac,0,benign_reliable,Benign,0.0,False,baseline,1000,25,25000025,30,-160.35966334536283,0.0,-160.35966334536283,0.0,True,0.0,False,1.0,1000,True,11.512366007082164
hvac,0,benign_reliable,Benign,0.0,False,baseline,1000,26,25000026,30,-160.35966334536283,0.0,-160.35966334536283,0.0,True,0.0,False,1.0,1000,True,11.75805099774152
hvac,0,benign_reliable,Benign,0.0,False,baseline,1000,27,25000027,30,-160.35966334536283,0.0,-160.35966334536283,0.0,True,0.0,False,1.0,1000,True,11.508886003866792
hvac,0,benign_reliable,Benign,0.0,False,baseline,1000,28,25000028,30,-160.35966334536283,0.0,-160.35966334536283,0.0,True,0.0,False,1.0,1000,True,11.443217983469367
hvac,0,benign_reliable,Benign,0.0,False,baseline,1000,29,25000029,30,-160.35966334536283,0.0,-160.35966334536283,0.0,True,0.0,False,1.0,1000,True,11.504250986035913
hvac,0,benign_reliable,Benign,0.0,False,A_no_greedy,1000,0,25001000,30,-160.35966334536283,0.0,-160.35966334536283,0.0,True,0.0,False,1.0,1000,True,11.946397018618882
hvac,0,benign_reliable,Benign,0.0,False,A_no_greedy,1000,1,25001001,30,-160.35966334536283,0.0,-160.35966334536283,0.0,True,0.0,False,1.0,1000,True,11.710589984431863
hvac,0,benign_reliable,Benign,0.0,False,A_no_greedy,1000,2,25001002,30,-160.35966334536283,0.0,-160.35966334536283,0.0,True,0.0,False,1.0,1000,True,11.69378700433299
hvac,0,benign_reliable,Benign,0.0,False,A_no_greedy,1000,3,25001003,30,-160.35966334536283,0.0,-160.35966334536283,0.0,True,0.0,False,1.0,1000,True,11.823164008092135
hvac,0,benign_reliable,Benign,0.0,False,A_no_greedy,1000,4,25001004,30,-160.35966334536283,0.0,-160.35966334536283,0.0,True,0.0,False,1.0,1000,True,11.623723024968058
hvac,0,benign_reliable,Benign,0.0,False,A_no_greedy,1000,5,25001005,30,-160.35966334536283,0.0,-160.35966334536283,0.0,True,0.0,False,1.0,1000,True,11.880050005856901
hvac,0,benign_reliable,Benign,0.0,False,A_no_greedy,1000,6,25001006,30,-160.35966334536283,0.0,-160.35966334536283,0.0,True,0.0,False,1.0,1000,True,11.9452039944008
hvac,0,benign_reliable,Benign,0.0,False,A_no_greedy,1000,7,25001007,30,-160.35966334536283,0.0,-160.35966334536283,0.0,True,0.0,False,1.0,1000,True,11.67563401395455
hvac,0,benign_reliable,Benign,0.0,False,A_no_greedy,1000,8,25001008,30,-160.35966334536283,0.0,-160.35966334536283,0.0,True,0.0,False,1.0,1000,True,11.831121984869242
hvac,0,benign_reliable,Benign,0.0,False,A_no_greedy,1000,9,25001009,30,-160.35966334536283,0.0,-160.35966334536283,0.0,True,0.0,False,1.0,1000,True,11.755539977457374
hvac,0,benign_reliable,Benign,0.0,False,A_no_greedy,1000,10,25001010,30,-160.35966334536283,0.0,-160.35966334536283,0.0,True,0.0,False,1.0,1000,True,11.767739022616297
hvac,0,benign_reliable,Benign,0.0,False,A_no_greedy,1000,11,25001011,30,-160.35966334536283,0.0,-160.35966334536283,0.0,True,0.0,False,1.0,1000,True,11.989521037321538
hvac,0,benign_reliable,Benign,0.0,False,A_no_greedy,1000,12,25001012,30,-160.35966334536283,0.0,-143.60052806693596,0.10450966863364582,False,20.127333198264903,False,0.8954903313663541,1000,True,11.842936975881457
hvac,0,benign_reliable,Benign,0.0,False,A_no_greedy,1000,13,25001013,30,-160.35966334536283,0.0,-160.35966334536283,0.0,True,0.0,False,1.0,1000,True,11.90006802789867
hvac,0,benign_reliable,Benign,0.0,False,A_no_greedy,1000,14,25001014,30,-160.35966334536283,0.0,-160.20332614673822,0.0009749159817572873,False,0.24726458134117024,False,0.9990250840182427,1000,True,11.794774967711419
hvac,0,benign_reliable,Benign,0.0,False,A_no_greedy,1000,15,25001015,30,-160.35966334536283,0.0,-150.65214600795176,0.060535904945773204,False,11.290141651552432,False,0.9394640950542268,1000,True,11.885832995176315
hvac,0,benign_reliable,Benign,0.0,False,A_no_greedy,1000,16,25001016,30,-160.35966334536283,0.0,-131.22578607670297,0.18167833893436727,False,27.065103368768433,False,0.8183216610656328,1000,True,12.062800000421703
hvac,0,benign_reliable,Benign,0.0,False,A_no_greedy,1000,17,25001017,30,-160.35966334536283,0.0,-160.35966334536283,0.0,True,0.0,False,1.0,1000,True,11.982930009253323
hvac,0,benign_reliable,Benign,0.0,False,A_no_greedy,1000,18,25001018,30,-160.35966334536283,0.0,-160.35966334536283,0.0,True,0.0,False,1.0,1000,True,11.799785017501563
hvac,0,benign_reliable,Benign,0.0,False,A_no_greedy,1000,19,25001019,30,-160.35966334536283,0.0,-160.35966334536283,0.0,True,0.0,False,1.0,1000,True,11.85080298455432
hvac,0,benign_reliable,Benign,0.0,False,A_no_greedy,1000,20,25001020,30,-160.35966334536283,0.0,-160.35966334536283,0.0,True,0.0,False,1.0,1000,True,11.932475958019495
hvac,0,benign_reliable,Benign,0.0,False,A_no_greedy,1000,21,25001021,30,-160.35966334536283,0.0,-160.35966334536283,0.0,True,0.0,False,1.0,1000,True,12.08414597203955
hvac,0,benign_reliable,Benign,0.0,False,A_no_greedy,1000,22,25001022,30,-160.35966334536283,0.0,-160.35966334536283,0.0,True,0.0,False,1.0,1000,True,11.9338309741579
hvac,0,benign_reliable,Benign,0.0,False,A_no_greedy,1000,23,25001023,30,-160.35966334536283,0.0,-160.35966334536283,0.0,True,0.0,False,1.0,1000,True,11.745483032427728
hvac,0,benign_reliable,Benign,0.0,False,A_no_greedy,1000,24,25001024,30,-160.35966334536283,0.0,-160.35966334536283,0.0,True,0.0,False,1.0,1000,True,12.060270004440099
hvac,0,benign_reliable,Benign,0.0,False,A_no_greedy,1000,25,25001025,30,-160.35966334536283,0.0,-160.35966334536283,0.0,True,0.0,False,1.0,1000,True,11.770687997341156
hvac,0,benign_reliable,Benign,0.0,False,A_no_greedy,1000,26,25001026,30,-160.35966334536283,0.0,-160.35966334536283,0.0,True,0.0,False,1.0,1000,True,11.71747298212722
hvac,0,benign_reliable,Benign,0.0,False,A_no_greedy,1000,27,25001027,30,-160.35966334536283,0.0,-160.35966334536283,0.0,True,0.0,False,1.0,1000,True,11.878859018906951
hvac,0,benign_reliable,Benign,0.0,False,A_no_greedy,1000,28,25001028,30,-160.35966334536283,0.0,-160.35966334536283,0.0,True,0.0,False,1.0,1000,True,11.55947701772675
hvac,0,benign_reliable,Benign,0.0,False,A_no_greedy,1000,29,25001029,30,-160.35966334536283,0.0,-160.35966334536283,0.0,True,0.0,False,1.0,1000,True,11.86833594692871
hvac,0,benign_reliable,Benign,0.0,False,B_no_bridge,1000,0,25002000,30,-160.35966334536283,0.0,-59.10817324490236,0.6314024860628294,False,60.01762695770536,False,0.3685975139371706,1000,True,12.567790981847793
hvac,0,benign_reliable,Benign,0.0,False,B_no_bridge,1000,1,25002001,30,-160.35966334536283,0.0,-57.39119030721108,0.6421095610333815,False,61.04050015802535,False,0.3578904389666186,1000,True,12.51649099867791
hvac,0,benign_reliable,Benign,0.0,False,B_no_bridge,1000,2,25002002,30,-160.35966334536283,0.0,-87.88892565492189,0.4519262274476245,False,53.038476813708435,False,0.5480737725523754,1000,True,12.412868964020163
hvac,0,benign_reliable,Benign,0.0,False,B_no_bridge,1000,3,25002003,30,-160.35966334536283,0.0,-140.60502965804199,0.12318954327545424,False,17.665591791471346,False,0.8768104567245457,1000,True,12.455901014618576
hvac,0,benign_reliable,Benign,0.0,False,B_no_bridge,1000,4,25002004,30,-160.35966334536283,0.0,-89.41291732218568,0.4424226425967284,False,47.018816614492195,False,0.5575773574032715,1000,True,12.717859004624188
hvac,0,benign_reliable,Benign,0.0,False,B_no_bridge,1000,5,25002005,30,-160.35966334536283,0.0,-121.1635287883798,0.24442639588589837,False,29.135564436487225,False,0.7555736041141017,1000,True,12.734659016132355
hvac,0,benign_reliable,Benign,0.0,False,B_no_bridge,1000,6,25002006,30,-160.35966334536283,0.0,-116.54395328454233,0.273233986320211,False,32.80969765341398,False,0.726766013679789,1000,True,12.70804600790143
hvac,0,benign_reliable,Benign,0.0,False,B_no_bridge,1000,7,25002007,30,-160.35966334536283,0.0,-99.22558964627721,0.3812309930298532,False,46.66886346787416,False,0.6187690069701468,1000,True,12.760340992826968
hvac,0,benign_reliable,Benign,0.0,False,B_no_bridge,1000,8,25002008,30,-160.35966334536283,0.0,-109.73591551736024,0.31568878838923115,False,36.482200126717764,False,0.6843112116107689,1000,True,12.775851006153971
hvac,0,benign_reliable,Benign,0.0,False,B_no_bridge,1000,9,25002009,30,-160.35966334536283,0.0,-77.56196461740107,0.5163249722571586,False,51.84654976448625,False,0.4836750277428414,1000,True,12.623315036762506
hvac,0,benign_reliable,Benign,0.0,False,B_no_bridge,1000,10,25002010,30,-160.35966334536283,0.0,-144.41874424877847,0.09940728711965917,False,14.041468128011356,False,0.9005927128803408,1000,True,12.478125980123878
hvac,0,benign_reliable,Benign,0.0,False,B_no_bridge,1000,11,25002011,30,-160.35966334536283,0.0,-110.31023269689976,0.3121073567027438,False,35.686196992283286,False,0.6878926432972562,1000,True,12.750244000926614
hvac,0,benign_reliable,Benign,0.0,False,B_no_bridge,1000,12,25002012,30,-160.35966334536283,0.0,-147.05734481667722,0.08295302104767287,False,13.187497485773322,False,0.9170469789523271,1000,True,12.647518946323544
hvac,0,benign_reliable,Benign,0.0,False,B_no_bridge,1000,13,25002013,30,-160.35966334536283,0.0,-116.01803021281586,0.27651363321366823,False,31.722097099088373,False,0.7234863667863318,1000,True,12.872366001829505
hvac,0,benign_reliable,Benign,0.0,False,B_no_bridge,1000,14,25002014,30,-160.35966334536283,0.0,-117.0750912019648,0.26992181974202,False,33.2210659163615,False,0.73007818025798,1000,True,12.796336959581822
hvac,0,benign_reliable,Benign,0.0,False,B_no_bridge,1000,15,25002015,30,-160.35966334536283,0.0,-104.58958130703043,0.3477812367204943,False,39.35800450717703,False,0.6522187632795057,1000,True,12.73921801475808
hvac,0,benign_reliable,Benign,0.0,False,B_no_bridge,1000,16,25002016,30,-160.35966334536283,0.0,-134.55635135767295,0.16090899325547905,False,20.12161118699745,False,0.839091006744521,1000,True,13.111917010974139
hvac,0,benign_reliable,Benign,0.0,False,B_no_bridge,1000,17,25002017,30,-160.35966334536283,0.0,-102.41914652933986,0.36131602927625167,False,39.702603521909595,False,0.6386839707237484,1000,True,12.57678196998313
hvac,0,benign_reliable,Benign,0.0,False,B_no_bridge,1000,18,25002018,30,-160.35966334536283,0.0,-116.94995239980545,0.27070218307996136,False,36.862876884818064,False,0.7292978169200386,1000,True,12.729329988360405
hvac,0,benign_reliable,Benign,0.0,False,B_no_bridge,1000,19,25002019,30,-160.35966334536283,0.0,-94.19460271794154,0.4126041377682564,False,51.20279091190293,False,0.5873958622317437,1000,True,13.007631001528352
hvac,0,benign_reliable,Benign,0.0,False,B_no_bridge,1000,20,25002020,30,-160.35966334536283,0.0,-119.9057521233226,0.25226986873198654,False,29.58090125092413,False,0.7477301312680135,1000,True,13.167068944312632
hvac,0,benign_reliable,Benign,0.0,False,B_no_bridge,1000,21,25002021,30,-160.35966334536283,0.0,-119.59344478538156,0.2542174117202031,False,29.71839393117471,False,0.7457825882797968,1000,True,13.04627995705232
hvac,0,benign_reliable,Benign,0.0,False,B_no_bridge,1000,22,25002022,30,-160.35966334536283,0.0,-114.53897427703754,0.2857369996446198,False,36.03150937597374,False,0.7142630003553802,1000,True,12.695301964413375
hvac,0,benign_reliable,Benign,0.0,False,B_no_bridge,1000,23,25002023,30,-160.35966334536283,0.0,-135.9782964997709,0.1520417687151311,False,19.238453986091372,False,0.8479582312848689,1000,True,12.940365995746106
hvac,0,benign_reliable,Benign,0.0,False,B_no_bridge,1000,24,25002024,30,-160.35966334536283,0.0,-130.82490648748902,0.18417821690150038,False,26.968734548857086,False,0.8158217830984996,1000,True,12.865086959209293
hvac,0,benign_reliable,Benign,0.0,False,B_no_bridge,1000,25,25002025,30,-160.35966334536283,0.0,-130.92501439140335,0.18355394579849404,False,27.213618404577314,False,0.816446054201506,1000,True,12.789615022484213
hvac,0,benign_reliable,Benign,0.0,False,B_no_bridge,1000,26,25002026,30,-160.35966334536283,0.0,-64.17313511667236,0.5998174741832415,False,66.01344775848965,False,0.40018252581675845,1000,True,12.68878800328821
hvac,0,benign_reliable,Benign,0.0,False,B_no_bridge,1000,27,25002027,30,-160.35966334536283,0.0,-141.19084869682098,0.11953638619992878,False,17.136690883175426,False,0.8804636138000712,1000,True,12.597355002071708
hvac,0,benign_reliable,Benign,0.0,False,B_no_bridge,1000,28,25002028,30,-160.35966334536283,0.0,-105.22257737430212,0.3438338845368693,False,42.104289083469205,False,0.6561661154631308,1000,True,12.524060963187367
hvac,0,benign_reliable,Benign,0.0,False,B_no_bridge,1000,29,25002029,30,-160.35966334536283,0.0,-110.87834842651935,0.30856459714733087,False,38.09466219573107,False,0.6914354028526691,1000,True,12.692778022028506
hvac,0,benign_reliable,Benign,0.0,False,C_fitness_group,1000,0,25003000,30,-160.35966334536283,0.0,-160.35966334536283,0.0,True,0.0,False,1.0,1000,True,13.676240050699562
hvac,0,benign_reliable,Benign,0.0,False,C_fitness_group,1000,1,25003001,30,-160.35966334536283,0.0,-160.35966334536283,0.0,True,0.0,False,1.0,1000,True,13.963117031380534
hvac,0,benign_reliable,Benign,0.0,False,C_fitness_group,1000,2,25003002,30,-160.35966334536283,0.0,-160.35966334536283,0.0,True,0.0,False,1.0,1000,True,13.898681034334004
hvac,0,benign_reliable,Benign,0.0,False,C_fitness_group,1000,3,25003003,30,-160.35966334536283,0.0,-160.35966334536283,0.0,True,0.0,False,1.0,1000,True,14.139105973299593
hvac,0,benign_reliable,Benign,0.0,False,C_fitness_group,1000,4,25003004,30,-160.35966334536283,0.0,-160.35966334536283,0.0,True,0.0,False,1.0,1000,True,13.891243026591837
hvac,0,benign_reliable,Benign,0.0,False,C_fitness_group,1000,5,25003005,30,-160.35966334536283,0.0,-160.35966334536283,0.0,True,0.0,False,1.0,1000,True,13.621189980767667
hvac,0,benign_reliable,Benign,0.0,False,C_fitness_group,1000,6,25003006,30,-160.35966334536283,0.0,-160.35966334536283,0.0,True,0.0,False,1.0,1000,True,13.75268102856353
hvac,0,benign_reliable,Benign,0.0,False,C_fitness_group,1000,7,25003007,30,-160.35966334536283,0.0,-160.35966334536283,0.0,True,0.0,False,1.0,1000,True,13.91888502985239
hvac,0,benign_reliable,Benign,0.0,False,C_fitness_group,1000,8,25003008,30,-160.35966334536283,0.0,-160.35966334536283,0.0,True,0.0,False,1.0,1000,True,13.921473000664264
hvac,0,benign_reliable,Benign,0.0,False,C_fitness_group,1000,9,25003009,30,-160.35966334536283,0.0,-160.35966334536283,0.0,True,0.0,False,1.0,1000,True,13.99006595602259
hvac,0,benign_reliable,Benign,0.0,False,C_fitness_group,1000,10,25003010,30,-160.35966334536283,0.0,-160.35966334536283,0.0,True,0.0,False,1.0,1000,True,13.798939005937427
hvac,0,benign_reliable,Benign,0.0,False,C_fitness_group,1000,11,25003011,30,-160.35966334536283,0.0,-160.35966334536283,0.0,True,0.0,False,1.0,1000,True,13.79035203717649
hvac,0,benign_reliable,Benign,0.0,False,C_fitness_group,1000,12,25003012,30,-160.35966334536283,0.0,-160.35966334536283,0.0,True,0.0,False,1.0,1000,True,14.079757034778595
hvac,0,benign_reliable,Benign,0.0,False,C_fitness_group,1000,13,25003013,30,-160.35966334536283,0.0,-160.35966334536283,0.0,True,0.0,False,1.0,1000,True,14.035746979061514
hvac,0,benign_reliable,Benign,0.0,False,C_fitness_group,1000,14,25003014,30,-160.35966334536283,0.0,-160.35966334536283,0.0,True,0.0,False,1.0,1000,True,13.958876021206379
hvac,0,benign_reliable,Benign,0.0,False,C_fitness_group,1000,15,25003015,30,-160.35966334536283,0.0,-160.35966334536283,0.0,True,0.0,False,1.0,1000,True,14.012715022545308
hvac,0,benign_reliable,Benign,0.0,False,C_fitness_group,1000,16,25003016,30,-160.35966334536283,0.0,-160.35966334536283,0.0,True,0.0,False,1.0,1000,True,13.624935003463179
hvac,0,benign_reliable,Benign,0.0,False,C_fitness_group,1000,17,25003017,30,-160.35966334536283,0.0,-160.35966334536283,0.0,True,0.0,False,1.0,1000,True,14.226352039258927
hvac,0,benign_reliable,Benign,0.0,False,C_fitness_group,1000,18,25003018,30,-160.35966334536283,0.0,-160.35966334536283,0.0,True,0.0,False,1.0,1000,True,13.85730504989624
hvac,0,benign_reliable,Benign,0.0,False,C_fitness_group,1000,19,25003019,30,-160.35966334536283,0.0,-160.35966334536283,0.0,True,0.0,False,1.0,1000,True,13.650414010044187
hvac,0,benign_reliable,Benign,0.0,False,C_fitness_group,1000,20,25003020,30,-160.35966334536283,0.0,-160.35966334536283,0.0,True,0.0,False,1.0,1000,True,13.882093015126884
hvac,0,benign_reliable,Benign,0.0,False,C_fitness_group,1000,21,25003021,30,-160.35966334536283,0.0,-160.35966334536283,0.0,True,0.0,False,1.0,1000,True,13.843622989952564
hvac,0,benign_reliable,Benign,0.0,False,C_fitness_group,1000,22,25003022,30,-160.35966334536283,0.0,-160.35966334536283,0.0,True,0.0,False,1.0,1000,True,13.882761995773762
hvac,0,benign_reliable,Benign,0.0,False,C_fitness_group,1000,23,25003023,30,-160.35966334536283,0.0,-160.35966334536283,0.0,True,0.0,False,1.0,1000,True,13.96385399857536
hvac,0,benign_reliable,Benign,0.0,False,C_fitness_group,1000,24,25003024,30,-160.35966334536283,0.0,-160.35966334536283,0.0,True,0.0,False,1.0,1000,True,13.713955006096512
hvac,0,benign_reliable,Benign,0.0,False,C_fitness_group,1000,25,25003025,30,-160.35966334536283,0.0,-160.35966334536283,0.0,True,0.0,False,1.0,1000,True,14.056255051400512
hvac,0,benign_reliable,Benign,0.0,False,C_fitness_group,1000,26,25003026,30,-160.35966334536283,0.0,-160.35966334536283,0.0,True,0.0,False,1.0,1000,True,13.543210981879383
hvac,0,benign_reliable,Benign,0.0,False,C_fitness_group,1000,27,25003027,30,-160.35966334536283,0.0,-160.35966334536283,0.0,True,0.0,False,1.0,1000,True,14.430304989218712
hvac,0,benign_reliable,Benign,0.0,False,C_fitness_group,1000,28,25003028,30,-160.35966334536283,0.0,-160.35966334536283,0.0,True,0.0,False,1.0,1000,True,14.061497990041971
hvac,0,benign_reliable,Benign,0.0,False,C_fitness_group,1000,29,25003029,30,-160.35966334536283,0.0,-160.35966334536283,0.0,True,0.0,False,1.0,1000,True,13.949012034572661
hvac,0,benign_reliable,Benign,0.0,False,D_no_warm_slot,1000,0,25004000,30,-160.35966334536283,0.0,-160.35966334536283,0.0,True,0.0,False,1.0,1000,True,11.597976030316204
hvac,0,benign_reliable,Benign,0.0,False,D_no_warm_slot,1000,1,25004001,30,-160.35966334536283,0.0,-160.35966334536283,0.0,True,0.0,False,1.0,1000,True,11.518235027324408
hvac,0,benign_reliable,Benign,0.0,False,D_no_warm_slot,1000,2,25004002,30,-160.35966334536283,0.0,-160.35966334536283,0.0,True,0.0,False,1.0,1000,True,11.576454970054328
hvac,0,benign_reliable,Benign,0.0,False,D_no_warm_slot,1000,3,25004003,30,-160.35966334536283,0.0,-160.35966334536283,0.0,True,0.0,False,1.0,1000,True,11.264420987572521
hvac,0,benign_reliable,Benign,0.0,False,D_no_warm_slot,1000,4,25004004,30,-160.35966334536283,0.0,-160.35966334536283,0.0,True,0.0,False,1.0,1000,True,11.650713044218719
hvac,0,benign_reliable,Benign,0.0,False,D_no_warm_slot,1000,5,25004005,30,-160.35966334536283,0.0,-160.35966334536283,0.0,True,0.0,False,1.0,1000,True,11.621568992268294
hvac,0,benign_reliable,Benign,0.0,False,D_no_warm_slot,1000,6,25004006,30,-160.35966334536283,0.0,-160.35966334536283,0.0,True,0.0,False,1.0,1000,True,11.662361968774348
hvac,0,benign_reliable,Benign,0.0,False,D_no_warm_slot,1000,7,25004007,30,-160.35966334536283,0.0,-160.35966334536283,0.0,True,0.0,False,1.0,1000,True,11.665906989946961
hvac,0,benign_reliable,Benign,0.0,False,D_no_warm_slot,1000,8,25004008,30,-160.35966334536283,0.0,-160.35966334536283,0.0,True,0.0,False,1.0,1000,True,11.651922017335892
hvac,0,benign_reliable,Benign,0.0,False,D_no_warm_slot,1000,9,25004009,30,-160.35966334536283,0.0,-160.35966334536283,0.0,True,0.0,False,1.0,1000,True,11.364680016413331
hvac,0,benign_reliable,Benign,0.0,False,D_no_warm_slot,1000,10,25004010,30,-160.35966334536283,0.0,-160.35966334536283,0.0,True,0.0,False,1.0,1000,True,11.546839028596878
hvac,0,benign_reliable,Benign,0.0,False,D_no_warm_slot,1000,11,25004011,30,-160.35966334536283,0.0,-160.35966334536283,0.0,True,0.0,False,1.0,1000,True,11.433895968366414
hvac,0,benign_reliable,Benign,0.0,False,D_no_warm_slot,1000,12,25004012,30,-160.35966334536283,0.0,-160.35966334536283,0.0,True,0.0,False,1.0,1000,True,11.306874977890402
hvac,0,benign_reliable,Benign,0.0,False,D_no_warm_slot,1000,13,25004013,30,-160.35966334536283,0.0,-160.35966334536283,0.0,True,0.0,False,1.0,1000,True,11.513041972648352
hvac,0,benign_reliable,Benign,0.0,False,D_no_warm_slot,1000,14,25004014,30,-160.35966334536283,0.0,-160.35966334536283,0.0,True,0.0,False,1.0,1000,True,11.686271987855434
hvac,0,benign_reliable,Benign,0.0,False,D_no_warm_slot,1000,15,25004015,30,-160.35966334536283,0.0,-160.35966334536283,0.0,True,0.0,False,1.0,1000,True,11.615341005381197
hvac,0,benign_reliable,Benign,0.0,False,D_no_warm_slot,1000,16,25004016,30,-160.35966334536283,0.0,-160.35966334536283,0.0,True,0.0,False,1.0,1000,True,11.379312025383115
hvac,0,benign_reliable,Benign,0.0,False,D_no_warm_slot,1000,17,25004017,30,-160.35966334536283,0.0,-160.35966334536283,0.0,True,0.0,False,1.0,1000,True,11.400245013646781
hvac,0,benign_reliable,Benign,0.0,False,D_no_warm_slot,1000,18,25004018,30,-160.35966334536283,0.0,-160.35966334536283,0.0,True,0.0,False,1.0,1000,True,11.421586968936026
hvac,0,benign_reliable,Benign,0.0,False,D_no_warm_slot,1000,19,25004019,30,-160.35966334536283,0.0,-160.35966334536283,0.0,True,0.0,False,1.0,1000,True,11.518318031448871
hvac,0,benign_reliable,Benign,0.0,False,D_no_warm_slot,1000,20,25004020,30,-160.35966334536283,0.0,-160.35966334536283,0.0,True,0.0,False,1.0,1000,True,11.31717802491039
hvac,0,benign_reliable,Benign,0.0,False,D_no_warm_slot,1000,21,25004021,30,-160.35966334536283,0.0,-160.35966334536283,0.0,True,0.0,False,1.0,1000,True,11.523158987984061
hvac,0,benign_reliable,Benign,0.0,False,D_no_warm_slot,1000,22,25004022,30,-160.35966334536283,0.0,-160.35966334536283,0.0,True,0.0,False,1.0,1000,True,11.504711990710348
hvac,0,benign_reliable,Benign,0.0,False,D_no_warm_slot,1000,23,25004023,30,-160.35966334536283,0.0,-160.35966334536283,0.0,True,0.0,False,1.0,1000,True,11.96620101109147
hvac,0,benign_reliable,Benign,0.0,False,D_no_warm_slot,1000,24,25004024,30,-160.35966334536283,0.0,-160.35966334536283,0.0,True,0.0,False,1.0,1000,True,11.349483975209296
hvac,0,benign_reliable,Benign,0.0,False,D_no_warm_slot,1000,25,25004025,30,-160.35966334536283,0.0,-160.35966334536283,0.0,True,0.0,False,1.0,1000,True,11.662214994430542
hvac,0,benign_reliable,Benign,0.0,False,D_no_warm_slot,1000,26,25004026,30,-160.35966334536283,0.0,-160.35966334536283,0.0,True,0.0,False,1.0,1000,True,11.47461897926405
hvac,0,benign_reliable,Benign,0.0,False,D_no_warm_slot,1000,27,25004027,30,-160.35966334536283,0.0,-160.35966334536283,0.0,True,0.0,False,1.0,1000,True,11.529601993970573
hvac,0,benign_reliable,Benign,0.0,False,D_no_warm_slot,1000,28,25004028,30,-160.35966334536283,0.0,-160.35966334536283,0.0,True,0.0,False,1.0,1000,True,11.309462017379701
hvac,0,benign_reliable,Benign,0.0,False,D_no_warm_slot,1000,29,25004029,30,-160.35966334536283,0.0,-160.35966334536283,0.0,True,0.0,False,1.0,1000,True,11.20431802701205
pendcart,3,benign_reliable,Benign,0.0,False,baseline,1000,0,26000000,20,-3.2732772669915065,-3.2704688271710713,-3.2732772669915065,0.0,True,0.0,False,1.0,1000,True,38.53945602895692
pendcart,3,benign_reliable,Benign,0.0,False,baseline,1000,1,26000001,20,-3.2732772669915065,-3.2704688271710713,-3.2732772669915065,0.0,True,0.0,False,1.0,1000,True,39.23908999422565
pendcart,3,benign_reliable,Benign,0.0,False,baseline,1000,2,26000002,20,-3.2732772669915065,-3.2704688271710713,-3.2732772669915065,0.0,True,0.0,False,1.0,1000,True,38.369530986528844
pendcart,3,benign_reliable,Benign,0.0,False,baseline,1000,3,26000003,20,-3.2732772669915065,-3.2704688271710713,-3.2732772669915065,0.0,True,0.0,False,1.0,1000,True,38.7925379909575
pendcart,3,benign_reliable,Benign,0.0,False,baseline,1000,4,26000004,20,-3.2732772669915065,-3.2704688271710713,-3.2732772669915065,0.0,True,0.0,False,1.0,1000,True,38.637655961792916
pendcart,3,benign_reliable,Benign,0.0,False,baseline,1000,5,26000005,20,-3.2732772669915065,-3.2704688271710713,-3.2732772669915065,0.0,True,0.0,False,1.0,1000,True,38.48731197649613
pendcart,3,benign_reliable,Benign,0.0,False,baseline,1000,6,26000006,20,-3.2732772669915065,-3.2704688271710713,-3.2732772669915065,0.0,True,0.0,False,1.0,1000,True,38.53534796508029
pendcart,3,benign_reliable,Benign,0.0,False,baseline,1000,7,26000007,20,-3.2732772669915065,-3.2704688271710713,-3.2732772669915065,0.0,True,0.0,False,1.0,1000,True,38.61962596420199
pendcart,3,benign_reliable,Benign,0.0,False,baseline,1000,8,26000008,20,-3.2732772669915065,-3.2704688271710713,-3.2732772669915065,0.0,True,0.0,False,1.0,1000,True,38.25590398628265
pendcart,3,benign_reliable,Benign,0.0,False,baseline,1000,9,26000009,20,-3.2732772669915065,-3.2704688271710713,-3.2732772669915065,0.0,True,0.0,False,1.0,1000,True,38.16947102313861
pendcart,3,benign_reliable,Benign,0.0,False,baseline,1000,10,26000010,20,-3.2732772669915065,-3.2704688271710713,-3.2732772669915065,0.0,True,0.0,False,1.0,1000,True,38.29042601864785
pendcart,3,benign_reliable,Benign,0.0,False,baseline,1000,11,26000011,20,-3.2732772669915065,-3.2704688271710713,-3.2732772669915065,0.0,True,0.0,False,1.0,1000,True,39.143942994996905
pendcart,3,benign_reliable,Benign,0.0,False,baseline,1000,12,26000012,20,-3.2732772669915065,-3.2704688271710713,-3.2732772669915065,0.0,True,0.0,False,1.0,1000,True,38.95304002799094
pendcart,3,benign_reliable,Benign,0.0,False,baseline,1000,13,26000013,20,-3.2732772669915065,-3.2704688271710713,-3.2732772669915065,0.0,True,0.0,False,1.0,1000,True,38.60719595104456
pendcart,3,benign_reliable,Benign,0.0,False,baseline,1000,14,26000014,20,-3.2732772669915065,-3.2704688271710713,-3.2732772669915065,0.0,True,0.0,False,1.0,1000,True,38.023935980163515
pendcart,3,benign_reliable,Benign,0.0,False,baseline,1000,15,26000015,20,-3.2732772669915065,-3.2704688271710713,-3.2732772669915065,0.0,True,0.0,False,1.0,1000,True,38.28629001509398
pendcart,3,benign_reliable,Benign,0.0,False,baseline,1000,16,26000016,20,-3.2732772669915065,-3.2704688271710713,-3.2732772669915065,0.0,True,0.0,False,1.0,1000,True,38.19572500651702
pendcart,3,benign_reliable,Benign,0.0,False,baseline,1000,17,26000017,20,-3.2732772669915065,-3.2704688271710713,-3.2732772669915065,0.0,True,0.0,False,1.0,1000,True,38.212698011193424
pendcart,3,benign_reliable,Benign,0.0,False,baseline,1000,18,26000018,20,-3.2732772669915065,-3.2704688271710713,-3.2732772669915065,0.0,True,0.0,False,1.0,1000,True,38.65644900361076
pendcart,3,benign_reliable,Benign,0.0,False,baseline,1000,19,26000019,20,-3.2732772669915065,-3.2704688271710713,-3.2732772669915065,0.0,True,0.0,False,1.0,1000,True,38.13898196676746
pendcart,3,benign_reliable,Benign,0.0,False,baseline,1000,20,26000020,20,-3.2732772669915065,-3.2704688271710713,-3.2732772669915065,0.0,True,0.0,False,1.0,1000,True,38.26564998598769
pendcart,3,benign_reliable,Benign,0.0,False,baseline,1000,21,26000021,20,-3.2732772669915065,-3.2704688271710713,-3.2732772669915065,0.0,True,0.0,False,1.0,1000,True,37.961700989399105
pendcart,3,benign_reliable,Benign,0.0,False,baseline,1000,22,26000022,20,-3.2732772669915065,-3.2704688271710713,-3.2732772669915065,0.0,True,0.0,False,1.0,1000,True,37.79459203360602
pendcart,3,benign_reliable,Benign,0.0,False,baseline,1000,23,26000023,20,-3.2732772669915065,-3.2704688271710713,-3.2732772669915065,0.0,True,0.0,False,1.0,1000,True,37.935303000267595
pendcart,3,benign_reliable,Benign,0.0,False,baseline,1000,24,26000024,20,-3.2732772669915065,-3.2704688271710713,-3.2732772669915065,0.0,True,0.0,False,1.0,1000,True,38.071683957241476
pendcart,3,benign_reliable,Benign,0.0,False,baseline,1000,25,26000025,20,-3.2732772669915065,-3.2704688271710713,-3.2732772669915065,0.0,True,0.0,False,1.0,1000,True,37.976140971295536
pendcart,3,benign_reliable,Benign,0.0,False,baseline,1000,26,26000026,20,-3.2732772669915065,-3.2704688271710713,-3.2732772669915065,0.0,True,0.0,False,1.0,1000,True,38.11842994764447
pendcart,3,benign_reliable,Benign,0.0,False,baseline,1000,27,26000027,20,-3.2732772669915065,-3.2704688271710713,-3.2732772669915065,0.0,True,0.0,False,1.0,1000,True,37.87395200924948
pendcart,3,benign_reliable,Benign,0.0,False,baseline,1000,28,26000028,20,-3.2732772669915065,-3.2704688271710713,-3.2732772669915065,0.0,True,0.0,False,1.0,1000,True,38.0835349787958
pendcart,3,benign_reliable,Benign,0.0,False,baseline,1000,29,26000029,20,-3.2732772669915065,-3.2704688271710713,-3.2732772669915065,0.0,True,0.0,False,1.0,1000,True,38.281347951851785
pendcart,3,benign_reliable,Benign,0.0,False,A_no_greedy,1000,0,26001000,20,-3.2732772669915065,-3.2704688271710713,-3.2732772669915065,0.0,True,0.0,False,1.0,1000,True,38.47945499001071
pendcart,3,benign_reliable,Benign,0.0,False,A_no_greedy,1000,1,26001001,20,-3.2732772669915065,-3.2704688271710713,-3.2732772669915065,0.0,True,0.0,False,1.0,1000,True,38.65099500399083
pendcart,3,benign_reliable,Benign,0.0,False,A_no_greedy,1000,2,26001002,20,-3.2732772669915065,-3.2704688271710713,-3.2732772669915065,0.0,True,0.0,False,1.0,1000,True,38.65115303779021
pendcart,3,benign_reliable,Benign,0.0,False,A_no_greedy,1000,3,26001003,20,-3.2732772669915065,-3.2704688271710713,-3.2732772669915065,0.0,True,0.0,False,1.0,1000,True,39.2098689917475
pendcart,3,benign_reliable,Benign,0.0,False,A_no_greedy,1000,4,26001004,20,-3.2732772669915065,-3.2704688271710713,-3.2732772669915065,0.0,True,0.0,False,1.0,1000,True,38.828557007946074
pendcart,3,benign_reliable,Benign,0.0,False,A_no_greedy,1000,5,26001005,20,-3.2732772669915065,-3.2704688271710713,-3.2732772669915065,0.0,True,0.0,False,1.0,1000,True,38.96193497348577
pendcart,3,benign_reliable,Benign,0.0,False,A_no_greedy,1000,6,26001006,20,-3.2732772669915065,-3.2704688271710713,-3.2732772669915065,0.0,True,0.0,False,1.0,1000,True,39.35457800980657
pendcart,3,benign_reliable,Benign,0.0,False,A_no_greedy,1000,7,26001007,20,-3.2732772669915065,-3.2704688271710713,-3.2732772669915065,0.0,True,0.0,False,1.0,1000,True,39.12200004560873
pendcart,3,benign_reliable,Benign,0.0,False,A_no_greedy,1000,8,26001008,20,-3.2732772669915065,-3.2704688271710713,-3.2732772669915065,0.0,True,0.0,False,1.0,1000,True,40.883845009375364
pendcart,3,benign_reliable,Benign,0.0,False,A_no_greedy,1000,9,26001009,20,-3.2732772669915065,-3.2704688271710713,-3.2732772669915065,0.0,True,0.0,False,1.0,1000,True,39.19022699119523
pendcart,3,benign_reliable,Benign,0.0,False,A_no_greedy,1000,10,26001010,20,-3.2732772669915065,-3.2704688271710713,-3.2732772669915065,0.0,True,0.0,False,1.0,1000,True,39.064498036168516
pendcart,3,benign_reliable,Benign,0.0,False,A_no_greedy,1000,11,26001011,20,-3.2732772669915065,-3.2704688271710713,-3.2732772669915065,0.0,True,0.0,False,1.0,1000,True,39.06133497366682
pendcart,3,benign_reliable,Benign,0.0,False,A_no_greedy,1000,12,26001012,20,-3.2732772669915065,-3.2704688271710713,-3.2732772669915065,0.0,True,0.0,False,1.0,1000,True,38.8455759966746
pendcart,3,benign_reliable,Benign,0.0,False,A_no_greedy,1000,13,26001013,20,-3.2732772669915065,-3.2704688271710713,-3.2732772669915065,0.0,True,0.0,False,1.0,1000,True,38.54389698244631
pendcart,3,benign_reliable,Benign,0.0,False,A_no_greedy,1000,14,26001014,20,-3.2732772669915065,-3.2704688271710713,-3.2732772669915065,0.0,True,0.0,False,1.0,1000,True,39.102825976442546
pendcart,3,benign_reliable,Benign,0.0,False,A_no_greedy,1000,15,26001015,20,-3.2732772669915065,-3.2704688271710713,-3.2732772669915065,0.0,True,0.0,False,1.0,1000,True,38.55789400404319
pendcart,3,benign_reliable,Benign,0.0,False,A_no_greedy,1000,16,26001016,20,-3.2732772669915065,-3.2704688271710713,-3.2732772669915065,0.0,True,0.0,False,1.0,1000,True,39.250410976819694
pendcart,3,benign_reliable,Benign,0.0,False,A_no_greedy,1000,17,26001017,20,-3.2732772669915065,-3.2704688271710713,-3.2732772669915065,0.0,True,0.0,False,1.0,1000,True,38.70685998117551
pendcart,3,benign_reliable,Benign,0.0,False,A_no_greedy,1000,18,26001018,20,-3.2732772669915065,-3.2704688271710713,-3.2732772669915065,0.0,True,0.0,False,1.0,1000,True,38.672718044836074
pendcart,3,benign_reliable,Benign,0.0,False,A_no_greedy,1000,19,26001019,20,-3.2732772669915065,-3.2704688271710713,-3.2732772669915065,0.0,True,0.0,False,1.0,1000,True,38.804679992608726
pendcart,3,benign_reliable,Benign,0.0,False,A_no_greedy,1000,20,26001020,20,-3.2732772669915065,-3.2704688271710713,-3.2732772669915065,0.0,True,0.0,False,1.0,1000,True,38.84049301268533
pendcart,3,benign_reliable,Benign,0.0,False,A_no_greedy,1000,21,26001021,20,-3.2732772669915065,-3.2704688271710713,-3.2732772669915065,0.0,True,0.0,False,1.0,1000,True,38.47816603956744
pendcart,3,benign_reliable,Benign,0.0,False,A_no_greedy,1000,22,26001022,20,-3.2732772669915065,-3.2704688271710713,-3.2732772669915065,0.0,True,0.0,False,1.0,1000,True,38.35336898919195
pendcart,3,benign_reliable,Benign,0.0,False,A_no_greedy,1000,23,26001023,20,-3.2732772669915065,-3.2704688271710713,-3.2732772669915065,0.0,True,0.0,False,1.0,1000,True,38.34717598510906
pendcart,3,benign_reliable,Benign,0.0,False,A_no_greedy,1000,24,26001024,20,-3.2732772669915065,-3.2704688271710713,-3.2732772669915065,0.0,True,0.0,False,1.0,1000,True,38.68456499185413
pendcart,3,benign_reliable,Benign,0.0,False,A_no_greedy,1000,25,26001025,20,-3.2732772669915065,-3.2704688271710713,-3.2732772669915065,0.0,True,0.0,False,1.0,1000,True,38.764080964028835
pendcart,3,benign_reliable,Benign,0.0,False,A_no_greedy,1000,26,26001026,20,-3.2732772669915065,-3.2704688271710713,-3.2732772669915065,0.0,True,0.0,False,1.0,1000,True,39.29727501235902
pendcart,3,benign_reliable,Benign,0.0,False,A_no_greedy,1000,27,26001027,20,-3.2732772669915065,-3.2704688271710713,-3.2732772669915065,0.0,True,0.0,False,1.0,1000,True,38.584448979236186
pendcart,3,benign_reliable,Benign,0.0,False,A_no_greedy,1000,28,26001028,20,-3.2732772669915065,-3.2704688271710713,-3.2732772669915065,0.0,True,0.0,False,1.0,1000,True,39.713629987090826
pendcart,3,benign_reliable,Benign,0.0,False,A_no_greedy,1000,29,26001029,20,-3.2732772669915065,-3.2704688271710713,-3.2732772669915065,0.0,True,0.0,False,1.0,1000,True,39.44245399907231
pendcart,3,benign_reliable,Benign,0.0,False,B_no_bridge,1000,0,26002000,20,-3.2732772669915065,-3.2704688271710713,-3.2732772669915065,0.0,True,0.0,False,1.0,1000,True,41.017299983650446
pendcart,3,benign_reliable,Benign,0.0,False,B_no_bridge,1000,1,26002001,20,-3.2732772669915065,-3.2704688271710713,-3.2704688271710713,0.0008579902010612021,False,0.08993623967957376,True,0.0,1000,True,42.04633098561317
pendcart,3,benign_reliable,Benign,0.0,False,B_no_bridge,1000,2,26002002,20,-3.2732772669915065,-3.2704688271710713,-3.2732772669915065,0.0,True,0.0,False,1.0,1000,True,40.70945200510323
pendcart,3,benign_reliable,Benign,0.0,False,B_no_bridge,1000,3,26002003,20,-3.2732772669915065,-3.2704688271710713,-3.2704688271710713,0.0008579902010612021,False,0.08993623967957376,True,0.0,1000,True,40.748729021288455
pendcart,3,benign_reliable,Benign,0.0,False,B_no_bridge,1000,4,26002004,20,-3.2732772669915065,-3.2704688271710713,-3.2732772669915065,0.0,True,0.0,False,1.0,1000,True,41.638561990112066
pendcart,3,benign_reliable,Benign,0.0,False,B_no_bridge,1000,5,26002005,20,-3.2732772669915065,-3.2704688271710713,-3.2704688271710713,0.0008579902010612021,False,0.08993623967957376,True,0.0,1000,True,40.90046702185646
pendcart,3,benign_reliable,Benign,0.0,False,B_no_bridge,1000,6,26002006,20,-3.2732772669915065,-3.2704688271710713,-3.2732772669915065,0.0,True,0.0,False,1.0,1000,True,40.395335003267974
pendcart,3,benign_reliable,Benign,0.0,False,B_no_bridge,1000,7,26002007,20,-3.2732772669915065,-3.2704688271710713,-3.2704688271710713,0.0008579902010612021,False,0.08993623967957376,True,0.0,1000,True,40.236758009996265
pendcart,3,benign_reliable,Benign,0.0,False,B_no_bridge,1000,8,26002008,20,-3.2732772669915065,-3.2704688271710713,-3.2732772669915065,0.0,True,0.0,False,1.0,1000,True,40.22286395775154
pendcart,3,benign_reliable,Benign,0.0,False,B_no_bridge,1000,9,26002009,20,-3.2732772669915065,-3.2704688271710713,-3.2704688271710713,0.0008579902010612021,False,0.08993623967957376,True,0.0,1000,True,40.55288201197982
pendcart,3,benign_reliable,Benign,0.0,False,B_no_bridge,1000,10,26002010,20,-3.2732772669915065,-3.2704688271710713,-3.2732772669915065,0.0,True,0.0,False,1.0,1000,True,40.82095000194386
pendcart,3,benign_reliable,Benign,0.0,False,B_no_bridge,1000,11,26002011,20,-3.2732772669915065,-3.2704688271710713,-3.2704688271710713,0.0008579902010612021,False,0.08993623967957376,True,0.0,1000,True,40.692879003472626
pendcart,3,benign_reliable,Benign,0.0,False,B_no_bridge,1000,12,26002012,20,-3.2732772669915065,-3.2704688271710713,-3.2732772669915065,0.0,True,0.0,False,1.0,1000,True,41.17825999855995
pendcart,3,benign_reliable,Benign,0.0,False,B_no_bridge,1000,13,26002013,20,-3.2732772669915065,-3.2704688271710713,-3.2704688271710713,0.0008579902010612021,False,0.08993623967957376,True,0.0,1000,True,40.47464701579884
pendcart,3,benign_reliable,Benign,0.0,False,B_no_bridge,1000,14,26002014,20,-3.2732772669915065,-3.2704688271710713,-3.2720447770106333,0.0003765308833754554,False,0.04766124598858745,False,0.5611478045906066,1000,True,40.94818403245881
pendcart,3,benign_reliable,Benign,0.0,False,B_no_bridge,1000,15,26002015,20,-3.2732772669915065,-3.2704688271710713,-3.2732772669915065,0.0,True,0.0,False,1.0,1000,True,40.481077041476965
pendcart,3,benign_reliable,Benign,0.0,False,B_no_bridge,1000,16,26002016,20,-3.2732772669915065,-3.2704688271710713,-3.2704688271710713,0.0008579902010612021,False,0.08993623967957376,True,0.0,1000,True,40.5957720358856
pendcart,3,benign_reliable,Benign,0.0,False,B_no_bridge,1000,17,26002017,20,-3.2732772669915065,-3.2704688271710713,-3.2704688271710713,0.0008579902010612021,False,0.08993623967957376,True,0.0,1000,True,40.54253699723631
pendcart,3,benign_reliable,Benign,0.0,False,B_no_bridge,1000,18,26002018,20,-3.2732772669915065,-3.2704688271710713,-3.2732772669915065,0.0,True,0.0,False,1.0,1000,True,40.795431996230036
pendcart,3,benign_reliable,Benign,0.0,False,B_no_bridge,1000,19,26002019,20,-3.2732772669915065,-3.2704688271710713,-3.2732772669915065,0.0,True,0.0,False,1.0,1000,True,40.37915199296549
pendcart,3,benign_reliable,Benign,0.0,False,B_no_bridge,1000,20,26002020,20,-3.2732772669915065,-3.2704688271710713,-3.2732772669915065,0.0,True,0.0,False,1.0,1000,True,40.063351043500006
pendcart,3,benign_reliable,Benign,0.0,False,B_no_bridge,1000,21,26002021,20,-3.2732772669915065,-3.2704688271710713,-3.2704688271710713,0.0008579902010612021,False,0.08993623967957376,True,0.0,1000,True,40.31004098942503
pendcart,3,benign_reliable,Benign,0.0,False,B_no_bridge,1000,22,26002022,20,-3.2732772669915065,-3.2704688271710713,-3.2732772669915065,0.0,True,0.0,False,1.0,1000,True,40.43523600557819
pendcart,3,benign_reliable,Benign,0.0,False,B_no_bridge,1000,23,26002023,20,-3.2732772669915065,-3.2704688271710713,-3.2732772669915065,0.0,True,0.0,False,1.0,1000,True,41.22437100159004
pendcart,3,benign_reliable,Benign,0.0,False,B_no_bridge,1000,24,26002024,20,-3.2732772669915065,-3.2704688271710713,-3.2732772669915065,0.0,True,0.0,False,1.0,1000,True,40.2762740268372
pendcart,3,benign_reliable,Benign,0.0,False,B_no_bridge,1000,25,26002025,20,-3.2732772669915065,-3.2704688271710713,-3.2732772669915065,0.0,True,0.0,False,1.0,1000,True,40.434211026877165
pendcart,3,benign_reliable,Benign,0.0,False,B_no_bridge,1000,26,26002026,20,-3.2732772669915065,-3.2704688271710713,-3.2732772669915065,0.0,True,0.0,False,1.0,1000,True,40.64158897381276
pendcart,3,benign_reliable,Benign,0.0,False,B_no_bridge,1000,27,26002027,20,-3.2732772669915065,-3.2704688271710713,-3.2732772669915065,0.0,True,0.0,False,1.0,1000,True,40.493137028533965
pendcart,3,benign_reliable,Benign,0.0,False,B_no_bridge,1000,28,26002028,20,-3.2732772669915065,-3.2704688271710713,-3.2732772669915065,0.0,True,0.0,False,1.0,1000,True,40.30857403995469
pendcart,3,benign_reliable,Benign,0.0,False,B_no_bridge,1000,29,26002029,20,-3.2732772669915065,-3.2704688271710713,-3.2732772669915065,0.0,True,0.0,False,1.0,1000,True,40.25079502025619
pendcart,3,benign_reliable,Benign,0.0,False,C_fitness_group,1000,0,26003000,20,-3.2732772669915065,-3.2704688271710713,-3.2732772669915065,0.0,True,0.0,False,1.0,1000,True,40.67798895994201
pendcart,3,benign_reliable,Benign,0.0,False,C_fitness_group,1000,1,26003001,20,-3.2732772669915065,-3.2704688271710713,-3.2732772669915065,0.0,True,0.0,False,1.0,1000,True,40.23597697960213
pendcart,3,benign_reliable,Benign,0.0,False,C_fitness_group,1000,2,26003002,20,-3.2732772669915065,-3.2704688271710713,-3.2732772669915065,0.0,True,0.0,False,1.0,1000,True,40.85512098390609
pendcart,3,benign_reliable,Benign,0.0,False,C_fitness_group,1000,3,26003003,20,-3.2732772669915065,-3.2704688271710713,-3.2732772669915065,0.0,True,0.0,False,1.0,1000,True,40.27908795978874
pendcart,3,benign_reliable,Benign,0.0,False,C_fitness_group,1000,4,26003004,20,-3.2732772669915065,-3.2704688271710713,-3.2732772669915065,0.0,True,0.0,False,1.0,1000,True,40.76861299108714
pendcart,3,benign_reliable,Benign,0.0,False,C_fitness_group,1000,5,26003005,20,-3.2732772669915065,-3.2704688271710713,-3.2732772669915065,0.0,True,0.0,False,1.0,1000,True,40.60500499326736
pendcart,3,benign_reliable,Benign,0.0,False,C_fitness_group,1000,6,26003006,20,-3.2732772669915065,-3.2704688271710713,-3.2732772669915065,0.0,True,0.0,False,1.0,1000,True,40.83016695221886
pendcart,3,benign_reliable,Benign,0.0,False,C_fitness_group,1000,7,26003007,20,-3.2732772669915065,-3.2704688271710713,-3.2732772669915065,0.0,True,0.0,False,1.0,1000,True,40.74020404368639
pendcart,3,benign_reliable,Benign,0.0,False,C_fitness_group,1000,8,26003008,20,-3.2732772669915065,-3.2704688271710713,-3.2732772669915065,0.0,True,0.0,False,1.0,1000,True,40.82779900636524
pendcart,3,benign_reliable,Benign,0.0,False,C_fitness_group,1000,9,26003009,20,-3.2732772669915065,-3.2704688271710713,-3.2732772669915065,0.0,True,0.0,False,1.0,1000,True,40.39726598421112
pendcart,3,benign_reliable,Benign,0.0,False,C_fitness_group,1000,10,26003010,20,-3.2732772669915065,-3.2704688271710713,-3.2732772669915065,0.0,True,0.0,False,1.0,1000,True,40.210650011431426
pendcart,3,benign_reliable,Benign,0.0,False,C_fitness_group,1000,11,26003011,20,-3.2732772669915065,-3.2704688271710713,-3.2732772669915065,0.0,True,0.0,False,1.0,1000,True,40.53671396104619
pendcart,3,benign_reliable,Benign,0.0,False,C_fitness_group,1000,12,26003012,20,-3.2732772669915065,-3.2704688271710713,-3.2732772669915065,0.0,True,0.0,False,1.0,1000,True,40.805169963277876
pendcart,3,benign_reliable,Benign,0.0,False,C_fitness_group,1000,13,26003013,20,-3.2732772669915065,-3.2704688271710713,-3.2732772669915065,0.0,True,0.0,False,1.0,1000,True,40.89661798207089
pendcart,3,benign_reliable,Benign,0.0,False,C_fitness_group,1000,14,26003014,20,-3.2732772669915065,-3.2704688271710713,-3.2732772669915065,0.0,True,0.0,False,1.0,1000,True,40.253721992485225
pendcart,3,benign_reliable,Benign,0.0,False,C_fitness_group,1000,15,26003015,20,-3.2732772669915065,-3.2704688271710713,-3.2732772669915065,0.0,True,0.0,False,1.0,1000,True,40.708319982513785
pendcart,3,benign_reliable,Benign,0.0,False,C_fitness_group,1000,16,26003016,20,-3.2732772669915065,-3.2704688271710713,-3.2732772669915065,0.0,True,0.0,False,1.0,1000,True,40.589833981357515
pendcart,3,benign_reliable,Benign,0.0,False,C_fitness_group,1000,17,26003017,20,-3.2732772669915065,-3.2704688271710713,-3.2732772669915065,0.0,True,0.0,False,1.0,1000,True,41.018388990778476
pendcart,3,benign_reliable,Benign,0.0,False,C_fitness_group,1000,18,26003018,20,-3.2732772669915065,-3.2704688271710713,-3.2732772669915065,0.0,True,0.0,False,1.0,1000,True,41.41060897381976
pendcart,3,benign_reliable,Benign,0.0,False,C_fitness_group,1000,19,26003019,20,-3.2732772669915065,-3.2704688271710713,-3.2732772669915065,0.0,True,0.0,False,1.0,1000,True,40.91129300650209
pendcart,3,benign_reliable,Benign,0.0,False,C_fitness_group,1000,20,26003020,20,-3.2732772669915065,-3.2704688271710713,-3.2732772669915065,0.0,True,0.0,False,1.0,1000,True,40.697365009691566
pendcart,3,benign_reliable,Benign,0.0,False,C_fitness_group,1000,21,26003021,20,-3.2732772669915065,-3.2704688271710713,-3.2732772669915065,0.0,True,0.0,False,1.0,1000,True,40.64011503942311
pendcart,3,benign_reliable,Benign,0.0,False,C_fitness_group,1000,22,26003022,20,-3.2732772669915065,-3.2704688271710713,-3.2732772669915065,0.0,True,0.0,False,1.0,1000,True,40.79948802245781
pendcart,3,benign_reliable,Benign,0.0,False,C_fitness_group,1000,23,26003023,20,-3.2732772669915065,-3.2704688271710713,-3.2732772669915065,0.0,True,0.0,False,1.0,1000,True,41.31821502232924
pendcart,3,benign_reliable,Benign,0.0,False,C_fitness_group,1000,24,26003024,20,-3.2732772669915065,-3.2704688271710713,-3.2732772669915065,0.0,True,0.0,False,1.0,1000,True,40.85011698771268
pendcart,3,benign_reliable,Benign,0.0,False,C_fitness_group,1000,25,26003025,20,-3.2732772669915065,-3.2704688271710713,-3.2732772669915065,0.0,True,0.0,False,1.0,1000,True,40.30712100211531
pendcart,3,benign_reliable,Benign,0.0,False,C_fitness_group,1000,26,26003026,20,-3.2732772669915065,-3.2704688271710713,-3.2732772669915065,0.0,True,0.0,False,1.0,1000,True,40.90289300074801
pendcart,3,benign_reliable,Benign,0.0,False,C_fitness_group,1000,27,26003027,20,-3.2732772669915065,-3.2704688271710713,-3.2732772669915065,0.0,True,0.0,False,1.0,1000,True,40.33296403940767
pendcart,3,benign_reliable,Benign,0.0,False,C_fitness_group,1000,28,26003028,20,-3.2732772669915065,-3.2704688271710713,-3.2732772669915065,0.0,True,0.0,False,1.0,1000,True,41.07402102090418
pendcart,3,benign_reliable,Benign,0.0,False,C_fitness_group,1000,29,26003029,20,-3.2732772669915065,-3.2704688271710713,-3.2732772669915065,0.0,True,0.0,False,1.0,1000,True,40.51326698390767
pendcart,3,benign_reliable,Benign,0.0,False,D_no_warm_slot,1000,0,26004000,20,-3.2732772669915065,-3.2704688271710713,-3.2732772669915065,0.0,True,0.0,False,1.0,1000,True,38.58649200992659
pendcart,3,benign_reliable,Benign,0.0,False,D_no_warm_slot,1000,1,26004001,20,-3.2732772669915065,-3.2704688271710713,-3.2732772669915065,0.0,True,0.0,False,1.0,1000,True,38.24625100241974
pendcart,3,benign_reliable,Benign,0.0,False,D_no_warm_slot,1000,2,26004002,20,-3.2732772669915065,-3.2704688271710713,-3.2732772669915065,0.0,True,0.0,False,1.0,1000,True,38.44562900485471
pendcart,3,benign_reliable,Benign,0.0,False,D_no_warm_slot,1000,3,26004003,20,-3.2732772669915065,-3.2704688271710713,-3.2732772669915065,0.0,True,0.0,False,1.0,1000,True,38.12320501310751
pendcart,3,benign_reliable,Benign,0.0,False,D_no_warm_slot,1000,4,26004004,20,-3.2732772669915065,-3.2704688271710713,-3.2732772669915065,0.0,True,0.0,False,1.0,1000,True,38.61643804702908
pendcart,3,benign_reliable,Benign,0.0,False,D_no_warm_slot,1000,5,26004005,20,-3.2732772669915065,-3.2704688271710713,-3.2732772669915065,0.0,True,0.0,False,1.0,1000,True,38.51260698866099
pendcart,3,benign_reliable,Benign,0.0,False,D_no_warm_slot,1000,6,26004006,20,-3.2732772669915065,-3.2704688271710713,-3.2732772669915065,0.0,True,0.0,False,1.0,1000,True,38.6054270202294
pendcart,3,benign_reliable,Benign,0.0,False,D_no_warm_slot,1000,7,26004007,20,-3.2732772669915065,-3.2704688271710713,-3.2732772669915065,0.0,True,0.0,False,1.0,1000,True,37.7753849606961
pendcart,3,benign_reliable,Benign,0.0,False,D_no_warm_slot,1000,8,26004008,20,-3.2732772669915065,-3.2704688271710713,-3.2732772669915065,0.0,True,0.0,False,1.0,1000,True,38.180565054062754
pendcart,3,benign_reliable,Benign,0.0,False,D_no_warm_slot,1000,9,26004009,20,-3.2732772669915065,-3.2704688271710713,-3.2732772669915065,0.0,True,0.0,False,1.0,1000,True,38.1171140470542
pendcart,3,benign_reliable,Benign,0.0,False,D_no_warm_slot,1000,10,26004010,20,-3.2732772669915065,-3.2704688271710713,-3.2732772669915065,0.0,True,0.0,False,1.0,1000,True,38.75167400110513
pendcart,3,benign_reliable,Benign,0.0,False,D_no_warm_slot,1000,11,26004011,20,-3.2732772669915065,-3.2704688271710713,-3.2732772669915065,0.0,True,0.0,False,1.0,1000,True,38.68881496600807
pendcart,3,benign_reliable,Benign,0.0,False,D_no_warm_slot,1000,12,26004012,20,-3.2732772669915065,-3.2704688271710713,-3.2732772669915065,0.0,True,0.0,False,1.0,1000,True,38.822065049316734
pendcart,3,benign_reliable,Benign,0.0,False,D_no_warm_slot,1000,13,26004013,20,-3.2732772669915065,-3.2704688271710713,-3.2732772669915065,0.0,True,0.0,False,1.0,1000,True,38.694393006153405
pendcart,3,benign_reliable,Benign,0.0,False,D_no_warm_slot,1000,14,26004014,20,-3.2732772669915065,-3.2704688271710713,-3.2732772669915065,0.0,True,0.0,False,1.0,1000,True,38.255836989264935
pendcart,3,benign_reliable,Benign,0.0,False,D_no_warm_slot,1000,15,26004015,20,-3.2732772669915065,-3.2704688271710713,-3.2732772669915065,0.0,True,0.0,False,1.0,1000,True,38.07856299681589
pendcart,3,benign_reliable,Benign,0.0,False,D_no_warm_slot,1000,16,26004016,20,-3.2732772669915065,-3.2704688271710713,-3.2732772669915065,0.0,True,0.0,False,1.0,1000,True,38.51214796304703
pendcart,3,benign_reliable,Benign,0.0,False,D_no_warm_slot,1000,17,26004017,20,-3.2732772669915065,-3.2704688271710713,-3.2732772669915065,0.0,True,0.0,False,1.0,1000,True,38.72740099905059
pendcart,3,benign_reliable,Benign,0.0,False,D_no_warm_slot,1000,18,26004018,20,-3.2732772669915065,-3.2704688271710713,-3.2732772669915065,0.0,True,0.0,False,1.0,1000,True,39.14250899106264
pendcart,3,benign_reliable,Benign,0.0,False,D_no_warm_slot,1000,19,26004019,20,-3.2732772669915065,-3.2704688271710713,-3.2732772669915065,0.0,True,0.0,False,1.0,1000,True,38.37986598955467
pendcart,3,benign_reliable,Benign,0.0,False,D_no_warm_slot,1000,20,26004020,20,-3.2732772669915065,-3.2704688271710713,-3.2732772669915065,0.0,True,0.0,False,1.0,1000,True,38.44282095087692
pendcart,3,benign_reliable,Benign,0.0,False,D_no_warm_slot,1000,21,26004021,20,-3.2732772669915065,-3.2704688271710713,-3.2732772669915065,0.0,True,0.0,False,1.0,1000,True,38.055456010624766
pendcart,3,benign_reliable,Benign,0.0,False,D_no_warm_slot,1000,22,26004022,20,-3.2732772669915065,-3.2704688271710713,-3.2732772669915065,0.0,True,0.0,False,1.0,1000,True,38.29056303948164
pendcart,3,benign_reliable,Benign,0.0,False,D_no_warm_slot,1000,23,26004023,20,-3.2732772669915065,-3.2704688271710713,-3.2732772669915065,0.0,True,0.0,False,1.0,1000,True,37.76636201655492
pendcart,3,benign_reliable,Benign,0.0,False,D_no_warm_slot,1000,24,26004024,20,-3.2732772669915065,-3.2704688271710713,-3.2732772669915065,0.0,True,0.0,False,1.0,1000,True,38.23205298976973
pendcart,3,benign_reliable,Benign,0.0,False,D_no_warm_slot,1000,25,26004025,20,-3.2732772669915065,-3.2704688271710713,-3.2732772669915065,0.0,True,0.0,False,1.0,1000,True,38.23072399245575
pendcart,3,benign_reliable,Benign,0.0,False,D_no_warm_slot,1000,26,26004026,20,-3.2732772669915065,-3.2704688271710713,-3.2732772669915065,0.0,True,0.0,False,1.0,1000,True,38.42652798630297
pendcart,3,benign_reliable,Benign,0.0,False,D_no_warm_slot,1000,27,26004027,20,-3.2732772669915065,-3.2704688271710713,-3.2732772669915065,0.0,True,0.0,False,1.0,1000,True,37.87828900385648
pendcart,3,benign_reliable,Benign,0.0,False,D_no_warm_slot,1000,28,26004028,20,-3.2732772669915065,-3.2704688271710713,-3.2732772669915065,0.0,True,0.0,False,1.0,1000,True,38.46590401371941
pendcart,3,benign_reliable,Benign,0.0,False,D_no_warm_slot,1000,29,26004029,20,-3.2732772669915065,-3.2704688271710713,-3.2732772669915065,0.0,True,0.0,False,1.0,1000,True,38.378173019737005
uav,275,benign_reliable,Benign,1.535852248019092e-11,False,baseline,1000,0,27000000,20,-4.070569740456063e-11,-3.641365109436612e-11,-3.641365038805107e-11,4.29204701650956e-12,True,5.48276217303455e-09,True,-1.6456370652867006e-07,1000,True,11.718555993866175
uav,275,benign_reliable,Benign,1.535852248019092e-11,False,baseline,1000,1,27000001,20,-4.070569740456063e-11,-3.641365109436612e-11,-3.641365038805107e-11,4.29204701650956e-12,True,5.48276217303455e-09,True,-1.6456370652867006e-07,1000,True,11.97029504692182
uav,275,benign_reliable,Benign,1.535852248019092e-11,False,baseline,1000,2,27000002,20,-4.070569740456063e-11,-3.641365109436612e-11,-3.641365038805107e-11,4.29204701650956e-12,True,5.48276217303455e-09,True,-1.6456370652867006e-07,1000,True,12.12230499368161
uav,275,benign_reliable,Benign,1.535852248019092e-11,False,baseline,1000,3,27000003,20,-4.070569740456063e-11,-3.641365109436612e-11,-3.641365038805107e-11,4.29204701650956e-12,True,5.48276217303455e-09,True,-1.6456370652867006e-07,1000,True,11.850819981191307
uav,275,benign_reliable,Benign,1.535852248019092e-11,False,baseline,1000,4,27000004,20,-4.070569740456063e-11,-3.641365109436612e-11,-3.641365038805107e-11,4.29204701650956e-12,True,5.48276217303455e-09,True,-1.6456370652867006e-07,1000,True,12.157703982666135
uav,275,benign_reliable,Benign,1.535852248019092e-11,False,baseline,1000,5,27000005,20,-4.070569740456063e-11,-3.641365109436612e-11,-3.641365038805107e-11,4.29204701650956e-12,True,5.48276217303455e-09,True,-1.6456370652867006e-07,1000,True,12.070891039911658
uav,275,benign_reliable,Benign,1.535852248019092e-11,False,baseline,1000,6,27000006,20,-4.070569740456063e-11,-3.641365109436612e-11,-3.641365038805107e-11,4.29204701650956e-12,True,5.48276217303455e-09,True,-1.6456370652867006e-07,1000,True,11.999195034150034
uav,275,benign_reliable,Benign,1.535852248019092e-11,False,baseline,1000,7,27000007,20,-4.070569740456063e-11,-3.641365109436612e-11,-3.641365038805107e-11,4.29204701650956e-12,True,5.48276217303455e-09,True,-1.6456370652867006e-07,1000,True,12.33122800476849
uav,275,benign_reliable,Benign,1.535852248019092e-11,False,baseline,1000,8,27000008,20,-4.070569740456063e-11,-3.641365109436612e-11,-3.641365038805107e-11,4.29204701650956e-12,True,5.48276217303455e-09,True,-1.6456370652867006e-07,1000,True,12.21080799587071
uav,275,benign_reliable,Benign,1.535852248019092e-11,False,baseline,1000,9,27000009,20,-4.070569740456063e-11,-3.641365109436612e-11,-3.641365038805107e-11,4.29204701650956e-12,True,5.48276217303455e-09,True,-1.6456370652867006e-07,1000,True,12.28518399875611
uav,275,benign_reliable,Benign,1.535852248019092e-11,False,baseline,1000,10,27000010,20,-4.070569740456063e-11,-3.641365109436612e-11,-3.641365038805107e-11,4.29204701650956e-12,True,5.48276217303455e-09,True,-1.6456370652867006e-07,1000,True,12.195463990792632
uav,275,benign_reliable,Benign,1.535852248019092e-11,False,baseline,1000,11,27000011,20,-4.070569740456063e-11,-3.641365109436612e-11,-3.641365038805107e-11,4.29204701650956e-12,True,5.48276217303455e-09,True,-1.6456370652867006e-07,1000,True,12.23401096649468
uav,275,benign_reliable,Benign,1.535852248019092e-11,False,baseline,1000,12,27000012,20,-4.070569740456063e-11,-3.641365109436612e-11,-3.641365038805107e-11,4.29204701650956e-12,True,5.48276217303455e-09,True,-1.6456370652867006e-07,1000,True,12.248245009686798
uav,275,benign_reliable,Benign,1.535852248019092e-11,False,baseline,1000,13,27000013,20,-4.070569740456063e-11,-3.641365109436612e-11,-3.641365038805107e-11,4.29204701650956e-12,True,5.48276217303455e-09,True,-1.6456370652867006e-07,1000,True,12.01030396623537
uav,275,benign_reliable,Benign,1.535852248019092e-11,False,baseline,1000,14,27000014,20,-4.070569740456063e-11,-3.641365109436612e-11,-3.641365038805107e-11,4.29204701650956e-12,True,5.48276217303455e-09,True,-1.6456370652867006e-07,1000,True,11.873117997311056
uav,275,benign_reliable,Benign,1.535852248019092e-11,False,baseline,1000,15,27000015,20,-4.070569740456063e-11,-3.641365109436612e-11,-3.641365038805107e-11,4.29204701650956e-12,True,5.48276217303455e-09,True,-1.6456370652867006e-07,1000,True,11.949282023124397
uav,275,benign_reliable,Benign,1.535852248019092e-11,False,baseline,1000,16,27000016,20,-4.070569740456063e-11,-3.641365109436612e-11,-3.641365038805107e-11,4.29204701650956e-12,True,5.48276217303455e-09,True,-1.6456370652867006e-07,1000,True,12.042001006193459
uav,275,benign_reliable,Benign,1.535852248019092e-11,False,baseline,1000,17,27000017,20,-4.070569740456063e-11,-3.641365109436612e-11,-3.641365038805107e-11,4.29204701650956e-12,True,5.48276217303455e-09,True,-1.6456370652867006e-07,1000,True,11.992847954388708
uav,275,benign_reliable,Benign,1.535852248019092e-11,False,baseline,1000,18,27000018,20,-4.070569740456063e-11,-3.641365109436612e-11,-3.641365038805107e-11,4.29204701650956e-12,True,5.48276217303455e-09,True,-1.6456370652867006e-07,1000,True,12.035134015604854
uav,275,benign_reliable,Benign,1.535852248019092e-11,False,baseline,1000,19,27000019,20,-4.070569740456063e-11,-3.641365109436612e-11,-3.641365038805107e-11,4.29204701650956e-12,True,5.48276217303455e-09,True,-1.6456370652867006e-07,1000,True,12.123962980695069
uav,275,benign_reliable,Benign,1.535852248019092e-11,False,baseline,1000,20,27000020,20,-4.070569740456063e-11,-3.641365109436612e-11,-3.641365038805107e-11,4.29204701650956e-12,True,5.48276217303455e-09,True,-1.6456370652867006e-07,1000,True,12.127415975555778
uav,275,benign_reliable,Benign,1.535852248019092e-11,False,baseline,1000,21,27000021,20,-4.070569740456063e-11,-3.641365109436612e-11,-3.641365038805107e-11,4.29204701650956e-12,True,5.48276217303455e-09,True,-1.6456370652867006e-07,1000,True,12.195080984383821
uav,275,benign_reliable,Benign,1.535852248019092e-11,False,baseline,1000,22,27000022,20,-4.070569740456063e-11,-3.641365109436612e-11,-3.641365038805107e-11,4.29204701650956e-12,True,5.48276217303455e-09,True,-1.6456370652867006e-07,1000,True,11.831972980871797
uav,275,benign_reliable,Benign,1.535852248019092e-11,False,baseline,1000,23,27000023,20,-4.070569740456063e-11,-3.641365109436612e-11,-3.641365038805107e-11,4.29204701650956e-12,True,5.48276217303455e-09,True,-1.6456370652867006e-07,1000,True,12.182145961560309
uav,275,benign_reliable,Benign,1.535852248019092e-11,False,baseline,1000,24,27000024,20,-4.070569740456063e-11,-3.641365109436612e-11,-3.641365038805107e-11,4.29204701650956e-12,True,5.48276217303455e-09,True,-1.6456370652867006e-07,1000,True,12.168169021606445
uav,275,benign_reliable,Benign,1.535852248019092e-11,False,baseline,1000,25,27000025,20,-4.070569740456063e-11,-3.641365109436612e-11,-3.641365038805107e-11,4.29204701650956e-12,True,5.48276217303455e-09,True,-1.6456370652867006e-07,1000,True,11.97085896274075
uav,275,benign_reliable,Benign,1.535852248019092e-11,False,baseline,1000,26,27000026,20,-4.070569740456063e-11,-3.641365109436612e-11,-3.641365038805107e-11,4.29204701650956e-12,True,5.48276217303455e-09,True,-1.6456370652867006e-07,1000,True,12.464497005566955
uav,275,benign_reliable,Benign,1.535852248019092e-11,False,baseline,1000,27,27000027,20,-4.070569740456063e-11,-3.641365109436612e-11,-3.641365038805107e-11,4.29204701650956e-12,True,5.48276217303455e-09,True,-1.6456370652867006e-07,1000,True,12.07303797127679
uav,275,benign_reliable,Benign,1.535852248019092e-11,False,baseline,1000,28,27000028,20,-4.070569740456063e-11,-3.641365109436612e-11,-3.641365038805107e-11,4.29204701650956e-12,True,5.48276217303455e-09,True,-1.6456370652867006e-07,1000,True,12.182642007246614
uav,275,benign_reliable,Benign,1.535852248019092e-11,False,baseline,1000,29,27000029,20,-4.070569740456063e-11,-3.641365109436612e-11,-3.641365038805107e-11,4.29204701650956e-12,True,5.48276217303455e-09,True,-1.6456370652867006e-07,1000,True,12.138277001213282
uav,275,benign_reliable,Benign,1.535852248019092e-11,False,A_no_greedy,1000,0,27001000,20,-4.070569740456063e-11,-3.641365109436612e-11,-3.641365038805107e-11,4.29204701650956e-12,True,5.48276217303455e-09,True,-1.6456370652867006e-07,1000,True,12.434115982614458
uav,275,benign_reliable,Benign,1.535852248019092e-11,False,A_no_greedy,1000,1,27001001,20,-4.070569740456063e-11,-3.641365109436612e-11,-3.641365038805107e-11,4.29204701650956e-12,True,5.48276217303455e-09,True,-1.6456370652867006e-07,1000,True,12.668132956605405
uav,275,benign_reliable,Benign,1.535852248019092e-11,False,A_no_greedy,1000,2,27001002,20,-4.070569740456063e-11,-3.641365109436612e-11,-3.641365038805107e-11,4.29204701650956e-12,True,5.48276217303455e-09,True,-1.6456370652867006e-07,1000,True,12.478090997319669
uav,275,benign_reliable,Benign,1.535852248019092e-11,False,A_no_greedy,1000,3,27001003,20,-4.070569740456063e-11,-3.641365109436612e-11,-3.641365038805107e-11,4.29204701650956e-12,True,5.48276217303455e-09,True,-1.6456370652867006e-07,1000,True,12.646513991057873
uav,275,benign_reliable,Benign,1.535852248019092e-11,False,A_no_greedy,1000,4,27001004,20,-4.070569740456063e-11,-3.641365109436612e-11,-3.641365038805107e-11,4.29204701650956e-12,True,5.48276217303455e-09,True,-1.6456370652867006e-07,1000,True,12.553689011838287
uav,275,benign_reliable,Benign,1.535852248019092e-11,False,A_no_greedy,1000,5,27001005,20,-4.070569740456063e-11,-3.641365109436612e-11,-3.641365038805107e-11,4.29204701650956e-12,True,5.48276217303455e-09,True,-1.6456370652867006e-07,1000,True,12.68815400544554
uav,275,benign_reliable,Benign,1.535852248019092e-11,False,A_no_greedy,1000,6,27001006,20,-4.070569740456063e-11,-3.641365109436612e-11,-3.641365038805107e-11,4.29204701650956e-12,True,5.48276217303455e-09,True,-1.6456370652867006e-07,1000,True,12.70205102628097
uav,275,benign_reliable,Benign,1.535852248019092e-11,False,A_no_greedy,1000,7,27001007,20,-4.070569740456063e-11,-3.641365109436612e-11,-3.641365038805107e-11,4.29204701650956e-12,True,5.48276217303455e-09,True,-1.6456370652867006e-07,1000,True,12.56789598846808
uav,275,benign_reliable,Benign,1.535852248019092e-11,False,A_no_greedy,1000,8,27001008,20,-4.070569740456063e-11,-3.641365109436612e-11,-3.641365038805107e-11,4.29204701650956e-12,True,5.48276217303455e-09,True,-1.6456370652867006e-07,1000,True,12.517608003690839
uav,275,benign_reliable,Benign,1.535852248019092e-11,False,A_no_greedy,1000,9,27001009,20,-4.070569740456063e-11,-3.641365109436612e-11,-3.641365038805107e-11,4.29204701650956e-12,True,5.48276217303455e-09,True,-1.6456370652867006e-07,1000,True,12.742883001919836
uav,275,benign_reliable,Benign,1.535852248019092e-11,False,A_no_greedy,1000,10,27001010,20,-4.070569740456063e-11,-3.641365109436612e-11,-3.641365038805107e-11,4.29204701650956e-12,True,5.48276217303455e-09,True,-1.6456370652867006e-07,1000,True,12.671186996158212
uav,275,benign_reliable,Benign,1.535852248019092e-11,False,A_no_greedy,1000,11,27001011,20,-4.070569740456063e-11,-3.641365109436612e-11,-3.641365038805107e-11,4.29204701650956e-12,True,5.48276217303455e-09,True,-1.6456370652867006e-07,1000,True,12.608640012331307
uav,275,benign_reliable,Benign,1.535852248019092e-11,False,A_no_greedy,1000,12,27001012,20,-4.070569740456063e-11,-3.641365109436612e-11,-3.641365038805107e-11,4.29204701650956e-12,True,5.48276217303455e-09,True,-1.6456370652867006e-07,1000,True,12.731083028484136
uav,275,benign_reliable,Benign,1.535852248019092e-11,False,A_no_greedy,1000,13,27001013,20,-4.070569740456063e-11,-3.641365109436612e-11,-3.641365038805107e-11,4.29204701650956e-12,True,5.48276217303455e-09,True,-1.6456370652867006e-07,1000,True,12.774368980899453
uav,275,benign_reliable,Benign,1.535852248019092e-11,False,A_no_greedy,1000,14,27001014,20,-4.070569740456063e-11,-3.641365109436612e-11,-3.641365038805107e-11,4.29204701650956e-12,True,5.48276217303455e-09,True,-1.6456370652867006e-07,1000,True,12.74129404919222
uav,275,benign_reliable,Benign,1.535852248019092e-11,False,A_no_greedy,1000,15,27001015,20,-4.070569740456063e-11,-3.641365109436612e-11,-3.641365038805107e-11,4.29204701650956e-12,True,5.48276217303455e-09,True,-1.6456370652867006e-07,1000,True,12.538699025753886
uav,275,benign_reliable,Benign,1.535852248019092e-11,False,A_no_greedy,1000,16,27001016,20,-4.070569740456063e-11,-3.641365109436612e-11,-3.641365038805107e-11,4.29204701650956e-12,True,5.48276217303455e-09,True,-1.6456370652867006e-07,1000,True,12.281648989301175
uav,275,benign_reliable,Benign,1.535852248019092e-11,False,A_no_greedy,1000,17,27001017,20,-4.070569740456063e-11,-3.641365109436612e-11,-3.641365038805107e-11,4.29204701650956e-12,True,5.48276217303455e-09,True,-1.6456370652867006e-07,1000,True,12.242799974046648
uav,275,benign_reliable,Benign,1.535852248019092e-11,False,A_no_greedy,1000,18,27001018,20,-4.070569740456063e-11,-3.641365109436612e-11,-3.641365038805107e-11,4.29204701650956e-12,True,5.48276217303455e-09,True,-1.6456370652867006e-07,1000,True,12.13045499753207
uav,275,benign_reliable,Benign,1.535852248019092e-11,False,A_no_greedy,1000,19,27001019,20,-4.070569740456063e-11,-3.641365109436612e-11,-3.641365038805107e-11,4.29204701650956e-12,True,5.48276217303455e-09,True,-1.6456370652867006e-07,1000,True,12.397726997733116
uav,275,benign_reliable,Benign,1.535852248019092e-11,False,A_no_greedy,1000,20,27001020,20,-4.070569740456063e-11,-3.641365109436612e-11,-3.641365038805107e-11,4.29204701650956e-12,True,5.48276217303455e-09,True,-1.6456370652867006e-07,1000,True,12.413597025442868
uav,275,benign_reliable,Benign,1.535852248019092e-11,False,A_no_greedy,1000,21,27001021,20,-4.070569740456063e-11,-3.641365109436612e-11,-3.641365038805107e-11,4.29204701650956e-12,True,5.48276217303455e-09,True,-1.6456370652867006e-07,1000,True,12.54317897837609
uav,275,benign_reliable,Benign,1.535852248019092e-11,False,A_no_greedy,1000,22,27001022,20,-4.070569740456063e-11,-3.641365109436612e-11,-3.641365038805107e-11,4.29204701650956e-12,True,5.48276217303455e-09,True,-1.6456370652867006e-07,1000,True,12.410146999172866
uav,275,benign_reliable,Benign,1.535852248019092e-11,False,A_no_greedy,1000,23,27001023,20,-4.070569740456063e-11,-3.641365109436612e-11,-3.641365038805107e-11,4.29204701650956e-12,True,5.48276217303455e-09,True,-1.6456370652867006e-07,1000,True,12.256372021511197
uav,275,benign_reliable,Benign,1.535852248019092e-11,False,A_no_greedy,1000,24,27001024,20,-4.070569740456063e-11,-3.641365109436612e-11,-3.641365038805107e-11,4.29204701650956e-12,True,5.48276217303455e-09,True,-1.6456370652867006e-07,1000,True,12.54739600699395
uav,275,benign_reliable,Benign,1.535852248019092e-11,False,A_no_greedy,1000,25,27001025,20,-4.070569740456063e-11,-3.641365109436612e-11,-3.641365038805107e-11,4.29204701650956e-12,True,5.48276217303455e-09,True,-1.6456370652867006e-07,1000,True,12.54751201486215
uav,275,benign_reliable,Benign,1.535852248019092e-11,False,A_no_greedy,1000,26,27001026,20,-4.070569740456063e-11,-3.641365109436612e-11,-3.641365038805107e-11,4.29204701650956e-12,True,5.48276217303455e-09,True,-1.6456370652867006e-07,1000,True,12.5473240041174
uav,275,benign_reliable,Benign,1.535852248019092e-11,False,A_no_greedy,1000,27,27001027,20,-4.070569740456063e-11,-3.641365109436612e-11,-3.641365038805107e-11,4.29204701650956e-12,True,5.48276217303455e-09,True,-1.6456370652867006e-07,1000,True,12.329163029789925
uav,275,benign_reliable,Benign,1.535852248019092e-11,False,A_no_greedy,1000,28,27001028,20,-4.070569740456063e-11,-3.641365109436612e-11,-3.641365038805107e-11,4.29204701650956e-12,True,5.48276217303455e-09,True,-1.6456370652867006e-07,1000,True,12.71387399174273
uav,275,benign_reliable,Benign,1.535852248019092e-11,False,A_no_greedy,1000,29,27001029,20,-4.070569740456063e-11,-3.641365109436612e-11,-3.641365038805107e-11,4.29204701650956e-12,True,5.48276217303455e-09,True,-1.6456370652867006e-07,1000,True,12.31117598945275
uav,275,benign_reliable,Benign,1.535852248019092e-11,False,B_no_bridge,1000,0,27002000,20,-4.070569740456063e-11,-3.641365109436612e-11,-3.641365038805107e-11,4.29204701650956e-12,True,5.48276217303455e-09,True,-1.6456370652867006e-07,1000,True,13.115549983922392
uav,275,benign_reliable,Benign,1.535852248019092e-11,False,B_no_bridge,1000,1,27002001,20,-4.070569740456063e-11,-3.641365109436612e-11,-3.641365038805107e-11,4.29204701650956e-12,True,5.48276217303455e-09,True,-1.6456370652867006e-07,1000,True,13.11329600866884
uav,275,benign_reliable,Benign,1.535852248019092e-11,False,B_no_bridge,1000,2,27002002,20,-4.070569740456063e-11,-3.641365109436612e-11,-3.641365038805107e-11,4.29204701650956e-12,True,5.48276217303455e-09,True,-1.6456370652867006e-07,1000,True,13.23231402784586
uav,275,benign_reliable,Benign,1.535852248019092e-11,False,B_no_bridge,1000,3,27002003,20,-4.070569740456063e-11,-3.641365109436612e-11,-3.641365038805107e-11,4.29204701650956e-12,True,5.48276217303455e-09,True,-1.6456370652867006e-07,1000,True,13.085884973406792
uav,275,benign_reliable,Benign,1.535852248019092e-11,False,B_no_bridge,1000,4,27002004,20,-4.070569740456063e-11,-3.641365109436612e-11,-3.641365038805107e-11,4.29204701650956e-12,True,5.48276217303455e-09,True,-1.6456370652867006e-07,1000,True,13.406856975052506
uav,275,benign_reliable,Benign,1.535852248019092e-11,False,B_no_bridge,1000,5,27002005,20,-4.070569740456063e-11,-3.641365109436612e-11,-3.641365038805107e-11,4.29204701650956e-12,True,5.48276217303455e-09,True,-1.6456370652867006e-07,1000,True,13.348842971026897
uav,275,benign_reliable,Benign,1.535852248019092e-11,False,B_no_bridge,1000,6,27002006,20,-4.070569740456063e-11,-3.641365109436612e-11,-3.641365038805107e-11,4.29204701650956e-12,True,5.48276217303455e-09,True,-1.6456370652867006e-07,1000,True,13.270521012600511
uav,275,benign_reliable,Benign,1.535852248019092e-11,False,B_no_bridge,1000,7,27002007,20,-4.070569740456063e-11,-3.641365109436612e-11,-3.641365038805107e-11,4.29204701650956e-12,True,5.48276217303455e-09,True,-1.6456370652867006e-07,1000,True,13.274680997710675
uav,275,benign_reliable,Benign,1.535852248019092e-11,False,B_no_bridge,1000,8,27002008,20,-4.070569740456063e-11,-3.641365109436612e-11,-3.641365038805107e-11,4.29204701650956e-12,True,5.48276217303455e-09,True,-1.6456370652867006e-07,1000,True,13.15583399264142
uav,275,benign_reliable,Benign,1.535852248019092e-11,False,B_no_bridge,1000,9,27002009,20,-4.070569740456063e-11,-3.641365109436612e-11,-3.641365038805107e-11,4.29204701650956e-12,True,5.48276217303455e-09,True,-1.6456370652867006e-07,1000,True,13.265374000184238
uav,275,benign_reliable,Benign,1.535852248019092e-11,False,B_no_bridge,1000,10,27002010,20,-4.070569740456063e-11,-3.641365109436612e-11,-3.641365038805107e-11,4.29204701650956e-12,True,5.48276217303455e-09,True,-1.6456370652867006e-07,1000,True,13.202741974964738
uav,275,benign_reliable,Benign,1.535852248019092e-11,False,B_no_bridge,1000,11,27002011,20,-4.070569740456063e-11,-3.641365109436612e-11,-3.641365038805107e-11,4.29204701650956e-12,True,5.48276217303455e-09,True,-1.6456370652867006e-07,1000,True,13.532919983845204
uav,275,benign_reliable,Benign,1.535852248019092e-11,False,B_no_bridge,1000,12,27002012,20,-4.070569740456063e-11,-3.641365109436612e-11,-3.641365038805107e-11,4.29204701650956e-12,True,5.48276217303455e-09,True,-1.6456370652867006e-07,1000,True,13.1734199821949
uav,275,benign_reliable,Benign,1.535852248019092e-11,False,B_no_bridge,1000,13,27002013,20,-4.070569740456063e-11,-3.641365109436612e-11,-3.641365038805107e-11,4.29204701650956e-12,True,5.48276217303455e-09,True,-1.6456370652867006e-07,1000,True,13.127440004609525
uav,275,benign_reliable,Benign,1.535852248019092e-11,False,B_no_bridge,1000,14,27002014,20,-4.070569740456063e-11,-3.641365109436612e-11,-3.641365038805107e-11,4.29204701650956e-12,True,5.48276217303455e-09,True,-1.6456370652867006e-07,1000,True,13.09362699976191
uav,275,benign_reliable,Benign,1.535852248019092e-11,False,B_no_bridge,1000,15,27002015,20,-4.070569740456063e-11,-3.641365109436612e-11,-3.641365038805107e-11,4.29204701650956e-12,True,5.48276217303455e-09,True,-1.6456370652867006e-07,1000,True,12.898412009235471
uav,275,benign_reliable,Benign,1.535852248019092e-11,False,B_no_bridge,1000,16,27002016,20,-4.070569740456063e-11,-3.641365109436612e-11,-3.641365038805107e-11,4.29204701650956e-12,True,5.48276217303455e-09,True,-1.6456370652867006e-07,1000,True,12.911760015413165
uav,275,benign_reliable,Benign,1.535852248019092e-11,False,B_no_bridge,1000,17,27002017,20,-4.070569740456063e-11,-3.641365109436612e-11,-3.641365038805107e-11,4.29204701650956e-12,True,5.48276217303455e-09,True,-1.6456370652867006e-07,1000,True,12.846191006246954
uav,275,benign_reliable,Benign,1.535852248019092e-11,False,B_no_bridge,1000,18,27002018,20,-4.070569740456063e-11,-3.641365109436612e-11,-3.641365038805107e-11,4.29204701650956e-12,True,5.48276217303455e-09,True,-1.6456370652867006e-07,1000,True,13.404923025518656
uav,275,benign_reliable,Benign,1.535852248019092e-11,False,B_no_bridge,1000,19,27002019,20,-4.070569740456063e-11,-3.641365109436612e-11,-3.641365038805107e-11,4.29204701650956e-12,True,5.48276217303455e-09,True,-1.6456370652867006e-07,1000,True,13.354255992453545
uav,275,benign_reliable,Benign,1.535852248019092e-11,False,B_no_bridge,1000,20,27002020,20,-4.070569740456063e-11,-3.641365109436612e-11,-3.641365038805107e-11,4.29204701650956e-12,True,5.48276217303455e-09,True,-1.6456370652867006e-07,1000,True,13.352303998544812
uav,275,benign_reliable,Benign,1.535852248019092e-11,False,B_no_bridge,1000,21,27002021,20,-4.070569740456063e-11,-3.641365109436612e-11,-3.641365038805107e-11,4.29204701650956e-12,True,5.48276217303455e-09,True,-1.6456370652867006e-07,1000,True,13.305425003636628
uav,275,benign_reliable,Benign,1.535852248019092e-11,False,B_no_bridge,1000,22,27002022,20,-4.070569740456063e-11,-3.641365109436612e-11,-3.641365038805107e-11,4.29204701650956e-12,True,5.48276217303455e-09,True,-1.6456370652867006e-07,1000,True,13.253640965558589
uav,275,benign_reliable,Benign,1.535852248019092e-11,False,B_no_bridge,1000,23,27002023,20,-4.070569740456063e-11,-3.641365109436612e-11,-3.641365038805107e-11,4.29204701650956e-12,True,5.48276217303455e-09,True,-1.6456370652867006e-07,1000,True,13.13046901486814
uav,275,benign_reliable,Benign,1.535852248019092e-11,False,B_no_bridge,1000,24,27002024,20,-4.070569740456063e-11,-3.641365109436612e-11,-3.641365038805107e-11,4.29204701650956e-12,True,5.48276217303455e-09,True,-1.6456370652867006e-07,1000,True,13.117005000822246
uav,275,benign_reliable,Benign,1.535852248019092e-11,False,B_no_bridge,1000,25,27002025,20,-4.070569740456063e-11,-3.641365109436612e-11,-3.641365038805107e-11,4.29204701650956e-12,True,5.48276217303455e-09,True,-1.6456370652867006e-07,1000,True,13.412991014774889
uav,275,benign_reliable,Benign,1.535852248019092e-11,False,B_no_bridge,1000,26,27002026,20,-4.070569740456063e-11,-3.641365109436612e-11,-3.641365038805107e-11,4.29204701650956e-12,True,5.48276217303455e-09,True,-1.6456370652867006e-07,1000,True,13.186692027375102
uav,275,benign_reliable,Benign,1.535852248019092e-11,False,B_no_bridge,1000,27,27002027,20,-4.070569740456063e-11,-3.641365109436612e-11,-3.641365038805107e-11,4.29204701650956e-12,True,5.48276217303455e-09,True,-1.6456370652867006e-07,1000,True,13.310411013662815
uav,275,benign_reliable,Benign,1.535852248019092e-11,False,B_no_bridge,1000,28,27002028,20,-4.070569740456063e-11,-3.641365109436612e-11,-3.641365038805107e-11,4.29204701650956e-12,True,5.48276217303455e-09,True,-1.6456370652867006e-07,1000,True,13.189589022658765
uav,275,benign_reliable,Benign,1.535852248019092e-11,False,B_no_bridge,1000,29,27002029,20,-4.070569740456063e-11,-3.641365109436612e-11,-3.641365038805107e-11,4.29204701650956e-12,True,5.48276217303455e-09,True,-1.6456370652867006e-07,1000,True,13.107249978929758
uav,275,benign_reliable,Benign,1.535852248019092e-11,False,C_fitness_group,1000,0,27003000,20,-4.070569740456063e-11,-3.641365109436612e-11,-3.641365038805107e-11,4.29204701650956e-12,True,5.48276217303455e-09,True,-1.6456370652867006e-07,1000,True,15.28963097371161
uav,275,benign_reliable,Benign,1.535852248019092e-11,False,C_fitness_group,1000,1,27003001,20,-4.070569740456063e-11,-3.641365109436612e-11,-3.641365038805107e-11,4.29204701650956e-12,True,5.48276217303455e-09,True,-1.6456370652867006e-07,1000,True,15.6487159547396
uav,275,benign_reliable,Benign,1.535852248019092e-11,False,C_fitness_group,1000,2,27003002,20,-4.070569740456063e-11,-3.641365109436612e-11,-3.641365038805107e-11,4.29204701650956e-12,True,5.48276217303455e-09,True,-1.6456370652867006e-07,1000,True,15.467933961190283
uav,275,benign_reliable,Benign,1.535852248019092e-11,False,C_fitness_group,1000,3,27003003,20,-4.070569740456063e-11,-3.641365109436612e-11,-3.641365038805107e-11,4.29204701650956e-12,True,5.48276217303455e-09,True,-1.6456370652867006e-07,1000,True,15.442819974850863
uav,275,benign_reliable,Benign,1.535852248019092e-11,False,C_fitness_group,1000,4,27003004,20,-4.070569740456063e-11,-3.641365109436612e-11,-3.641365038805107e-11,4.29204701650956e-12,True,5.48276217303455e-09,True,-1.6456370652867006e-07,1000,True,15.594652970321476
uav,275,benign_reliable,Benign,1.535852248019092e-11,False,C_fitness_group,1000,5,27003005,20,-4.070569740456063e-11,-3.641365109436612e-11,-3.641365038805107e-11,4.29204701650956e-12,True,5.48276217303455e-09,True,-1.6456370652867006e-07,1000,True,15.636941010598093
uav,275,benign_reliable,Benign,1.535852248019092e-11,False,C_fitness_group,1000,6,27003006,20,-4.070569740456063e-11,-3.641365109436612e-11,-3.641365038805107e-11,4.29204701650956e-12,True,5.48276217303455e-09,True,-1.6456370652867006e-07,1000,True,15.967982006259263
uav,275,benign_reliable,Benign,1.535852248019092e-11,False,C_fitness_group,1000,7,27003007,20,-4.070569740456063e-11,-3.641365109436612e-11,-3.641365038805107e-11,4.29204701650956e-12,True,5.48276217303455e-09,True,-1.6456370652867006e-07,1000,True,15.559315972495824
uav,275,benign_reliable,Benign,1.535852248019092e-11,False,C_fitness_group,1000,8,27003008,20,-4.070569740456063e-11,-3.641365109436612e-11,-3.641365038805107e-11,4.29204701650956e-12,True,5.48276217303455e-09,True,-1.6456370652867006e-07,1000,True,15.763381030410528
uav,275,benign_reliable,Benign,1.535852248019092e-11,False,C_fitness_group,1000,9,27003009,20,-4.070569740456063e-11,-3.641365109436612e-11,-3.641365038805107e-11,4.29204701650956e-12,True,5.48276217303455e-09,True,-1.6456370652867006e-07,1000,True,15.636526048183441
uav,275,benign_reliable,Benign,1.535852248019092e-11,False,C_fitness_group,1000,10,27003010,20,-4.070569740456063e-11,-3.641365109436612e-11,-3.641365038805107e-11,4.29204701650956e-12,True,5.48276217303455e-09,True,-1.6456370652867006e-07,1000,True,15.704973018728197
uav,275,benign_reliable,Benign,1.535852248019092e-11,False,C_fitness_group,1000,11,27003011,20,-4.070569740456063e-11,-3.641365109436612e-11,-3.641365038805107e-11,4.29204701650956e-12,True,5.48276217303455e-09,True,-1.6456370652867006e-07,1000,True,15.711360960267484
uav,275,benign_reliable,Benign,1.535852248019092e-11,False,C_fitness_group,1000,12,27003012,20,-4.070569740456063e-11,-3.641365109436612e-11,-3.641365038805107e-11,4.29204701650956e-12,True,5.48276217303455e-09,True,-1.6456370652867006e-07,1000,True,15.474388026632369
uav,275,benign_reliable,Benign,1.535852248019092e-11,False,C_fitness_group,1000,13,27003013,20,-4.070569740456063e-11,-3.641365109436612e-11,-3.641365038805107e-11,4.29204701650956e-12,True,5.48276217303455e-09,True,-1.6456370652867006e-07,1000,True,15.253668010700494
uav,275,benign_reliable,Benign,1.535852248019092e-11,False,C_fitness_group,1000,14,27003014,20,-4.070569740456063e-11,-3.641365109436612e-11,-3.641365038805107e-11,4.29204701650956e-12,True,5.48276217303455e-09,True,-1.6456370652867006e-07,1000,True,15.580396051518619
uav,275,benign_reliable,Benign,1.535852248019092e-11,False,C_fitness_group,1000,15,27003015,20,-4.070569740456063e-11,-3.641365109436612e-11,-3.641365038805107e-11,4.29204701650956e-12,True,5.48276217303455e-09,True,-1.6456370652867006e-07,1000,True,15.851546952035278
uav,275,benign_reliable,Benign,1.535852248019092e-11,False,C_fitness_group,1000,16,27003016,20,-4.070569740456063e-11,-3.641365109436612e-11,-3.641365038805107e-11,4.29204701650956e-12,True,5.48276217303455e-09,True,-1.6456370652867006e-07,1000,True,15.870485978666693
uav,275,benign_reliable,Benign,1.535852248019092e-11,False,C_fitness_group,1000,17,27003017,20,-4.070569740456063e-11,-3.641365109436612e-11,-3.641365038805107e-11,4.29204701650956e-12,True,5.48276217303455e-09,True,-1.6456370652867006e-07,1000,True,16.028818034101278
uav,275,benign_reliable,Benign,1.535852248019092e-11,False,C_fitness_group,1000,18,27003018,20,-4.070569740456063e-11,-3.641365109436612e-11,-3.641365038805107e-11,4.29204701650956e-12,True,5.48276217303455e-09,True,-1.6456370652867006e-07,1000,True,16.02308201836422
uav,275,benign_reliable,Benign,1.535852248019092e-11,False,C_fitness_group,1000,19,27003019,20,-4.070569740456063e-11,-3.641365109436612e-11,-3.641365038805107e-11,4.29204701650956e-12,True,5.48276217303455e-09,True,-1.6456370652867006e-07,1000,True,15.754697029478848
uav,275,benign_reliable,Benign,1.535852248019092e-11,False,C_fitness_group,1000,20,27003020,20,-4.070569740456063e-11,-3.641365109436612e-11,-3.641365038805107e-11,4.29204701650956e-12,True,5.48276217303455e-09,True,-1.6456370652867006e-07,1000,True,15.719668008387089
uav,275,benign_reliable,Benign,1.535852248019092e-11,False,C_fitness_group,1000,21,27003021,20,-4.070569740456063e-11,-3.641365109436612e-11,-3.641365038805107e-11,4.29204701650956e-12,True,5.48276217303455e-09,True,-1.6456370652867006e-07,1000,True,15.477502020075917
uav,275,benign_reliable,Benign,1.535852248019092e-11,False,C_fitness_group,1000,22,27003022,20,-4.070569740456063e-11,-3.641365109436612e-11,-3.641365038805107e-11,4.29204701650956e-12,True,5.48276217303455e-09,True,-1.6456370652867006e-07,1000,True,15.455571992788464
uav,275,benign_reliable,Benign,1.535852248019092e-11,False,C_fitness_group,1000,23,27003023,20,-4.070569740456063e-11,-3.641365109436612e-11,-3.641365038805107e-11,4.29204701650956e-12,True,5.48276217303455e-09,True,-1.6456370652867006e-07,1000,True,15.536732971668243
uav,275,benign_reliable,Benign,1.535852248019092e-11,False,C_fitness_group,1000,24,27003024,20,-4.070569740456063e-11,-3.641365109436612e-11,-3.641365038805107e-11,4.29204701650956e-12,True,5.48276217303455e-09,True,-1.6456370652867006e-07,1000,True,15.652823029085994
uav,275,benign_reliable,Benign,1.535852248019092e-11,False,C_fitness_group,1000,25,27003025,20,-4.070569740456063e-11,-3.641365109436612e-11,-3.641365038805107e-11,4.29204701650956e-12,True,5.48276217303455e-09,True,-1.6456370652867006e-07,1000,True,15.698093979153782
uav,275,benign_reliable,Benign,1.535852248019092e-11,False,C_fitness_group,1000,26,27003026,20,-4.070569740456063e-11,-3.641365109436612e-11,-3.641365038805107e-11,4.29204701650956e-12,True,5.48276217303455e-09,True,-1.6456370652867006e-07,1000,True,15.782891015987843
uav,275,benign_reliable,Benign,1.535852248019092e-11,False,C_fitness_group,1000,27,27003027,20,-4.070569740456063e-11,-3.641365109436612e-11,-3.641365038805107e-11,4.29204701650956e-12,True,5.48276217303455e-09,True,-1.6456370652867006e-07,1000,True,15.982154000084847
uav,275,benign_reliable,Benign,1.535852248019092e-11,False,C_fitness_group,1000,28,27003028,20,-4.070569740456063e-11,-3.641365109436612e-11,-3.641365038805107e-11,4.29204701650956e-12,True,5.48276217303455e-09,True,-1.6456370652867006e-07,1000,True,15.885867993347347
uav,275,benign_reliable,Benign,1.535852248019092e-11,False,C_fitness_group,1000,29,27003029,20,-4.070569740456063e-11,-3.641365109436612e-11,-3.641365038805107e-11,4.29204701650956e-12,True,5.48276217303455e-09,True,-1.6456370652867006e-07,1000,True,16.016202978789806
uav,275,benign_reliable,Benign,1.535852248019092e-11,False,D_no_warm_slot,1000,0,27004000,20,-4.070569740456063e-11,-3.641365109436612e-11,0.0014868264009018446,0.001486826441607542,False,0.0012260894613277203,False,-346414351.0716487,1000,True,12.522741977591068
uav,275,benign_reliable,Benign,1.535852248019092e-11,False,D_no_warm_slot,1000,1,27004001,20,-4.070569740456063e-11,-3.641365109436612e-11,0.00012935588636883,0.0001293559270745274,False,0.0003657822588690322,False,-30138519.81867801,1000,True,12.220759002957493
uav,275,benign_reliable,Benign,1.535852248019092e-11,False,D_no_warm_slot,1000,2,27004002,20,-4.070569740456063e-11,-3.641365109436612e-11,0.0020375060884680663,0.002037506129173764,False,0.0010534083823808848,False,-474716714.9716472,1000,True,12.24070496391505
uav,275,benign_reliable,Benign,1.535852248019092e-11,False,D_no_warm_slot,1000,3,27004003,20,-4.070569740456063e-11,-3.641365109436612e-11,0.000545107951170328,0.0005451079918760254,False,0.0006656229035915897,False,-127004218.5447145,1000,True,12.151255970820785
uav,275,benign_reliable,Benign,1.535852248019092e-11,False,D_no_warm_slot,1000,4,27004004,20,-4.070569740456063e-11,-3.641365109436612e-11,0.0008577611071592471,0.0008577611478649445,False,0.0004861048670514487,False,-199848995.46296495,1000,True,12.04345200676471
uav,275,benign_reliable,Benign,1.535852248019092e-11,False,D_no_warm_slot,1000,5,27004005,20,-4.070569740456063e-11,-3.641365109436612e-11,0.0027445057146857654,0.002744505755391463,False,0.000571256058722087,False,-639439920.4362357,1000,True,12.145952030550689
uav,275,benign_reliable,Benign,1.535852248019092e-11,False,D_no_warm_slot,1000,6,27004006,20,-4.070569740456063e-11,-3.641365109436612e-11,0.0002817045048028458,0.0002817045455085432,False,0.0001431644860795532,False,-65634087.06643951,1000,True,12.159394042100757
uav,275,benign_reliable,Benign,1.535852248019092e-11,False,D_no_warm_slot,1000,7,27004007,20,-4.070569740456063e-11,-3.641365109436612e-11,0.0002905985496706418,0.00029059859037633916,False,0.00025047014551622454,False,-67706302.56110245,1000,True,12.143814994487911
uav,275,benign_reliable,Benign,1.535852248019092e-11,False,D_no_warm_slot,1000,8,27004008,20,-4.070569740456063e-11,-3.641365109436612e-11,0.0002534591379200418,0.0002534591786257392,False,0.00024862825467158783,False,-59053224.50311736,1000,True,12.083385023288429
uav,275,benign_reliable,Benign,1.535852248019092e-11,False,D_no_warm_slot,1000,9,27004009,20,-4.070569740456063e-11,-3.641365109436612e-11,0.0005573246971272577,0.0005573247378329551,False,0.00039854970824897276,False,-129850587.17030746,1000,True,12.10815494414419
uav,275,benign_reliable,Benign,1.535852248019092e-11,False,D_no_warm_slot,1000,10,27004010,20,-4.070569740456063e-11,-3.641365109436612e-11,0.00020760415583877408,0.0002076041965444715,False,0.00022322130951551276,False,-48369513.57195789,1000,True,12.22242700168863
uav,275,benign_reliable,Benign,1.535852248019092e-11,False,D_no_warm_slot,1000,11,27004011,20,-4.070569740456063e-11,-3.641365109436612e-11,0.001073618687279014,0.0010736187279847115,False,0.000772574516762082,False,-250141458.43268174,1000,True,12.21560500562191
uav,275,benign_reliable,Benign,1.535852248019092e-11,False,D_no_warm_slot,1000,12,27004012,20,-4.070569740456063e-11,-3.641365109436612e-11,0.00038163614433506384,0.0003816361850407612,False,0.0007583170931194028,False,-88917069.66028045,1000,True,12.07444298779592
uav,275,benign_reliable,Benign,1.535852248019092e-11,False,D_no_warm_slot,1000,13,27004013,20,-4.070569740456063e-11,-3.641365109436612e-11,0.00015756510083256948,0.0001575651415382669,False,0.00028282763315640223,False,-36710959.2624782,1000,True,11.994009022600949
uav,275,benign_reliable,Benign,1.535852248019092e-11,False,D_no_warm_slot,1000,14,27004014,20,-4.070569740456063e-11,-3.641365109436612e-11,0.0005117704650263907,0.0005117705057320881,False,0.00044002708445263294,False,-119236947.70591813,1000,True,12.011542043182999
uav,275,benign_reliable,Benign,1.535852248019092e-11,False,D_no_warm_slot,1000,15,27004015,20,-4.070569740456063e-11,-3.641365109436612e-11,0.0005075756521328577,0.0005075756928385551,False,0.0009720347802514539,False,-118259602.03199811,1000,True,12.049829994793981
uav,275,benign_reliable,Benign,1.535852248019092e-11,False,D_no_warm_slot,1000,16,27004016,20,-4.070569740456063e-11,-3.641365109436612e-11,0.0005827574735581009,0.0005827575142637983,False,0.0004026761494896401,False,-135776146.82012647,1000,True,11.918291973415762
uav,275,benign_reliable,Benign,1.535852248019092e-11,False,D_no_warm_slot,1000,17,27004017,20,-4.070569740456063e-11,-3.641365109436612e-11,0.0006799728287574792,0.0006799728694631766,False,0.00043782938687274097,False,-158426264.7763264,1000,True,12.117200996726751
uav,275,benign_reliable,Benign,1.535852248019092e-11,False,D_no_warm_slot,1000,18,27004018,20,-4.070569740456063e-11,-3.641365109436612e-11,0.0003219414263270492,0.0003219414670327466,False,0.0005198780379970807,False,-75008851.13378711,1000,True,11.945458012633026
uav,275,benign_reliable,Benign,1.535852248019092e-11,False,D_no_warm_slot,1000,19,27004019,20,-4.070569740456063e-11,-3.641365109436612e-11,0.00020512120072655333,0.00020512124143225074,False,0.0003010363560541128,False,-47791012.09905364,1000,True,12.163636041805148
uav,275,benign_reliable,Benign,1.535852248019092e-11,False,D_no_warm_slot,1000,20,27004020,20,-4.070569740456063e-11,-3.641365109436612e-11,0.0008743113168440485,0.0008743113575497459,False,0.0007646788347167443,False,-203705013.89535958,1000,True,12.552710017189384
uav,275,benign_reliable,Benign,1.535852248019092e-11,False,D_no_warm_slot,1000,21,27004021,20,-4.070569740456063e-11,-3.641365109436612e-11,0.004435356086194544,0.004435356126900242,False,0.0002995707785484336,False,-1033389623.9826894,1000,True,12.798893032595515
uav,275,benign_reliable,Benign,1.535852248019092e-11,False,D_no_warm_slot,1000,22,27004022,20,-4.070569740456063e-11,-3.641365109436612e-11,0.0005346518753185936,0.000534651916024291,False,0.0007799139426612177,False,-124568066.85946845,1000,True,12.447394023183733
uav,275,benign_reliable,Benign,1.535852248019092e-11,False,D_no_warm_slot,1000,23,27004023,20,-4.070569740456063e-11,-3.641365109436612e-11,0.00025021970975933896,0.00025021975046503634,False,0.00032476997700505583,False,-58298473.05670157,1000,True,12.746087042614818
uav,275,benign_reliable,Benign,1.535852248019092e-11,False,D_no_warm_slot,1000,24,27004024,20,-4.070569740456063e-11,-3.641365109436612e-11,0.00028489014252478195,0.00028489018323047934,False,0.00010327910711066559,False,-66376305.92702579,1000,True,12.589571997523308
uav,275,benign_reliable,Benign,1.535852248019092e-11,False,D_no_warm_slot,1000,25,27004025,20,-4.070569740456063e-11,-3.641365109436612e-11,0.0004569083920051048,0.0004569084327108022,False,0.0005987506429235229,False,-106454682.77765375,1000,True,12.253783002961427
uav,275,benign_reliable,Benign,1.535852248019092e-11,False,D_no_warm_slot,1000,26,27004026,20,-4.070569740456063e-11,-3.641365109436612e-11,0.0003571597807859398,0.0003571598214916372,False,0.00023200168058853848,False,-83214343.78544831,1000,True,12.314366991631687
uav,275,benign_reliable,Benign,1.535852248019092e-11,False,D_no_warm_slot,1000,27,27004027,20,-4.070569740456063e-11,-3.641365109436612e-11,0.002454264097377629,0.0024542641380833263,False,0.0021584473088027013,False,-571816787.7084382,1000,True,12.45976600330323
uav,275,benign_reliable,Benign,1.535852248019092e-11,False,D_no_warm_slot,1000,28,27004028,20,-4.070569740456063e-11,-3.641365109436612e-11,0.0006689459229731117,0.0006689459636788091,False,0.0008632364996626658,False,-155857115.93975016,1000,True,12.418636993970722
uav,275,benign_reliable,Benign,1.535852248019092e-11,False,D_no_warm_slot,1000,29,27004029,20,-4.070569740456063e-11,-3.641365109436612e-11,8.342619679482471e-05,8.342623750052211e-05,True,0.00024048717520947389,False,-19437402.856143698,1000,True,12.059684027917683
uav,31,stratum_Moderate,Moderate,0.009803058901052,False,baseline,1000,0,28000000,20,-0.026875893871632164,-0.008159777398978893,-0.0248216472438958,0.002054246627736362,False,0.0006705333087394973,False,0.8902418335161632,1000,True,12.34790199669078
uav,31,stratum_Moderate,Moderate,0.009803058901052,False,baseline,1000,1,28000001,20,-0.026875893871632164,-0.008159777398978893,-0.026208504364385373,0.0006673895072467906,False,0.0006205245253142472,False,0.9643414536225005,1000,True,12.229495972860605
uav,31,stratum_Moderate,Moderate,0.009803058901052,False,baseline,1000,2,28000002,20,-0.026875893871632164,-0.008159777398978893,-0.025350055485886775,0.0015258383857453886,False,0.00043044198784473656,False,0.9184746265083976,1000,True,12.092360993847251
uav,31,stratum_Moderate,Moderate,0.009803058901052,False,baseline,1000,3,28000003,20,-0.026875893871632164,-0.008159777398978893,-0.024035060163354573,0.0028408337082775903,False,0.0002544978654783544,False,0.8482145741917975,1000,True,11.77001598989591
uav,31,stratum_Moderate,Moderate,0.009803058901052,False,baseline,1000,4,28000004,20,-0.026875893871632164,-0.008159777398978893,-0.026364129338725544,0.0005117645329066195,False,0.00023003142268521567,False,0.9726564785138854,1000,True,12.292578991036862
uav,31,stratum_Moderate,Moderate,0.009803058901052,False,baseline,1000,5,28000005,20,-0.026875893871632164,-0.008159777398978893,-0.023999135605185462,0.0028767582664467016,False,0.0011319490803488185,False,0.8462951290856721,1000,True,12.7700439770706
uav,31,stratum_Moderate,Moderate,0.009803058901052,False,baseline,1000,6,28000006,20,-0.026875893871632164,-0.008159777398978893,-0.026152430543274242,0.0007234633283579213,False,0.0007025702491568614,False,0.9613454356615597,1000,True,12.600910034961998
uav,31,stratum_Moderate,Moderate,0.009803058901052,False,baseline,1000,7,28000007,20,-0.026875893871632164,-0.008159777398978893,-0.023090848887799838,0.003785044983832326,False,0.001783819055783683,False,0.7977654718401236,1000,True,12.80084199970588
uav,31,stratum_Moderate,Moderate,0.009803058901052,False,baseline,1000,8,28000008,20,-0.026875893871632164,-0.008159777398978893,-0.024006461764114702,0.002869432107517462,False,0.00022688217662677056,False,0.8466865649340193,1000,True,12.566000979859382
uav,31,stratum_Moderate,Moderate,0.009803058901052,False,baseline,1000,9,28000009,20,-0.026875893871632164,-0.008159777398978893,-0.026020948453712354,0.0008549454179198092,False,0.00021024609461206133,False,0.9543203623909375,1000,True,12.406966008711606
uav,31,stratum_Moderate,Moderate,0.009803058901052,False,baseline,1000,10,28000010,20,-0.026875893871632164,-0.008159777398978893,-0.02112911370058735,0.005746780171044814,False,0.002365230130444116,False,0.6929501812279475,1000,True,12.580580019857734
uav,31,stratum_Moderate,Moderate,0.009803058901052,False,baseline,1000,11,28000011,20,-0.026875893871632164,-0.008159777398978893,-0.025780479351652365,0.0010954145199797982,False,0.0008311744063753983,False,0.9414721252894347,1000,True,12.335438979789615
uav,31,stratum_Moderate,Moderate,0.009803058901052,False,baseline,1000,12,28000012,20,-0.026875893871632164,-0.008159777398978893,-0.02529500202322383,0.001580891848408334,False,0.00034898881947388637,False,0.9155331261846856,1000,True,12.387235998176038
uav,31,stratum_Moderate,Moderate,0.009803058901052,False,baseline,1000,13,28000013,20,-0.026875893871632164,-0.008159777398978893,-0.026408915830136475,0.00046697804149568867,False,0.0004603550124182135,False,0.9750494157173041,1000,True,12.318391003645957
uav,31,stratum_Moderate,Moderate,0.009803058901052,False,baseline,1000,14,28000014,20,-0.026875893871632164,-0.008159777398978893,-0.025343233350952305,0.0015326605206798585,False,0.0004174019029968422,False,0.9181101206054536,1000,True,12.540328956674784
uav,31,stratum_Moderate,Moderate,0.009803058901052,False,baseline,1000,15,28000015,20,-0.026875893871632164,-0.008159777398978893,-0.022771245667707118,0.004104648203925046,False,0.000788760967833019,False,0.7806891077044492,1000,True,12.423511012457311
uav,31,stratum_Moderate,Moderate,0.009803058901052,False,baseline,1000,16,28000016,20,-0.026875893871632164,-0.008159777398978893,-0.023154641318576048,0.003721252553056116,False,0.001412537189069725,False,0.8011738942481279,1000,True,12.465789972338825
uav,31,stratum_Moderate,Moderate,0.009803058901052,False,baseline,1000,17,28000017,20,-0.026875893871632164,-0.008159777398978893,-0.024700938061753414,0.00217495580987875,False,0.0015954182919551156,False,0.8837923554784111,1000,True,12.423315027263016
uav,31,stratum_Moderate,Moderate,0.009803058901052,False,baseline,1000,18,28000018,20,-0.026875893871632164,-0.008159777398978893,-0.02612634486199908,0.0007495490096330847,False,0.0007520538284544516,False,0.9599516806422811,1000,True,12.215044989716262
uav,31,stratum_Moderate,Moderate,0.009803058901052,False,baseline,1000,19,28000019,20,-0.026875893871632164,-0.008159777398978893,-0.024464604368186975,0.002411289503445189,False,0.000612988400275357,False,0.871165072788022,1000,True,12.162304017692804
uav,31,stratum_Moderate,Moderate,0.009803058901052,False,baseline,1000,20,28000020,20,-0.026875893871632164,-0.008159777398978893,-0.023956395105408434,0.00291949876622373,False,0.0003502564824178973,False,0.8440115089853439,1000,True,12.17167399590835
uav,31,stratum_Moderate,Moderate,0.009803058901052,False,baseline,1000,21,28000021,20,-0.026875893871632164,-0.008159777398978893,-0.02506542567587597,0.001810468195756195,False,0.0013146807285631125,False,0.9032668877434309,1000,True,12.10849400376901
uav,31,stratum_Moderate,Moderate,0.009803058901052,False,baseline,1000,22,28000022,20,-0.026875893871632164,-0.008159777398978893,-0.023635946005330234,0.0032399478663019295,False,0.0019723816637342924,False,0.8268899495770973,1000,True,12.207786028739065
uav,31,stratum_Moderate,Moderate,0.009803058901052,False,baseline,1000,23,28000023,20,-0.026875893871632164,-0.008159777398978893,-0.022743022417682772,0.004132871453949392,False,0.0003017483813300852,False,0.7791811426271009,1000,True,12.173313007224351
uav,31,stratum_Moderate,Moderate,0.009803058901052,False,baseline,1000,24,28000024,20,-0.026875893871632164,-0.008159777398978893,-0.02438406152150758,0.002491832350124585,False,0.0006863433994517426,False,0.8668616775405582,1000,True,12.177659024018794
uav,31,stratum_Moderate,Moderate,0.009803058901052,False,baseline,1000,25,28000025,20,-0.026875893871632164,-0.008159777398978893,-0.02475183897751096,0.0021240548941212044,False,0.0003137380249783888,False,0.8865119856875903,1000,True,12.459323043003678
uav,31,stratum_Moderate,Moderate,0.009803058901052,False,baseline,1000,26,28000026,20,-0.026875893871632164,-0.008159777398978893,-0.026801363131056116,7.453074057604814e-05,True,5.3344365584878264e-05,False,0.9960178309060564,1000,True,11.864349013194442
uav,31,stratum_Moderate,Moderate,0.009803058901052,False,baseline,1000,27,28000027,20,-0.026875893871632164,-0.008159777398978893,-0.0252506171455409,0.0016252767260912654,False,0.0014764964133774598,False,0.9131616471576243,1000,True,12.02043698867783
uav,31,stratum_Moderate,Moderate,0.009803058901052,False,baseline,1000,28,28000028,20,-0.026875893871632164,-0.008159777398978893,-0.024144664081740277,0.0027312297898918862,False,0.000346145506759745,False,0.854070699234931,1000,True,12.155849020928144
uav,31,stratum_Moderate,Moderate,0.009803058901052,False,baseline,1000,29,28000029,20,-0.026875893871632164,-0.008159777398978893,-0.02246609094869724,0.004409802922934924,False,0.0024407712706483215,False,0.7643847253580501,1000,True,12.16636598110199
uav,31,stratum_Moderate,Moderate,0.009803058901052,False,A_no_greedy,1000,0,28001000,20,-0.026875893871632164,-0.008159777398978893,-0.008159777398922664,0.0187161164727095,False,7.033858430469475e-05,False,-3.00432660976815e-12,1000,True,12.403527973219752
uav,31,stratum_Moderate,Moderate,0.009803058901052,False,A_no_greedy,1000,1,28001001,20,-0.026875893871632164,-0.008159777398978893,-0.008159777398922664,0.0187161164727095,False,7.033858430469475e-05,False,-3.00432660976815e-12,1000,True,12.239755014888942
uav,31,stratum_Moderate,Moderate,0.009803058901052,False,A_no_greedy,1000,2,28001002,20,-0.026875893871632164,-0.008159777398978893,-0.008159777398922664,0.0187161164727095,False,7.033858430469475e-05,False,-3.00432660976815e-12,1000,True,12.276943016331643
uav,31,stratum_Moderate,Moderate,0.009803058901052,False,A_no_greedy,1000,3,28001003,20,-0.026875893871632164,-0.008159777398978893,-0.008159777398922664,0.0187161164727095,False,7.033858430469475e-05,False,-3.00432660976815e-12,1000,True,12.522634002380073
uav,31,stratum_Moderate,Moderate,0.009803058901052,False,A_no_greedy,1000,4,28001004,20,-0.026875893871632164,-0.008159777398978893,-0.008159777398922664,0.0187161164727095,False,7.033858430469475e-05,False,-3.00432660976815e-12,1000,True,12.18255195999518
uav,31,stratum_Moderate,Moderate,0.009803058901052,False,A_no_greedy,1000,5,28001005,20,-0.026875893871632164,-0.008159777398978893,-0.008159777398922664,0.0187161164727095,False,7.033858430469475e-05,False,-3.00432660976815e-12,1000,True,12.567005003802478
uav,31,stratum_Moderate,Moderate,0.009803058901052,False,A_no_greedy,1000,6,28001006,20,-0.026875893871632164,-0.008159777398978893,-0.008159777398922664,0.0187161164727095,False,7.033858430469475e-05,False,-3.00432660976815e-12,1000,True,12.47991604031995
uav,31,stratum_Moderate,Moderate,0.009803058901052,False,A_no_greedy,1000,7,28001007,20,-0.026875893871632164,-0.008159777398978893,-0.008159777398922664,0.0187161164727095,False,7.033858430469475e-05,False,-3.00432660976815e-12,1000,True,12.580921989865601
uav,31,stratum_Moderate,Moderate,0.009803058901052,False,A_no_greedy,1000,8,28001008,20,-0.026875893871632164,-0.008159777398978893,-0.008159777398922664,0.0187161164727095,False,7.033858430469475e-05,False,-3.00432660976815e-12,1000,True,12.82179803820327
uav,31,stratum_Moderate,Moderate,0.009803058901052,False,A_no_greedy,1000,9,28001009,20,-0.026875893871632164,-0.008159777398978893,-0.008159777398922664,0.0187161164727095,False,7.033858430469475e-05,False,-3.00432660976815e-12,1000,True,12.660685053560883
uav,31,stratum_Moderate,Moderate,0.009803058901052,False,A_no_greedy,1000,10,28001010,20,-0.026875893871632164,-0.008159777398978893,-0.008159777398922664,0.0187161164727095,False,7.033858430469475e-05,False,-3.00432660976815e-12,1000,True,12.494196009356529
uav,31,stratum_Moderate,Moderate,0.009803058901052,False,A_no_greedy,1000,11,28001011,20,-0.026875893871632164,-0.008159777398978893,-0.008159777398922664,0.0187161164727095,False,7.033858430469475e-05,False,-3.00432660976815e-12,1000,True,12.605483003426343
uav,31,stratum_Moderate,Moderate,0.009803058901052,False,A_no_greedy,1000,12,28001012,20,-0.026875893871632164,-0.008159777398978893,-0.008159777398922664,0.0187161164727095,False,7.033858430469475e-05,False,-3.00432660976815e-12,1000,True,12.963187997229397
uav,31,stratum_Moderate,Moderate,0.009803058901052,False,A_no_greedy,1000,13,28001013,20,-0.026875893871632164,-0.008159777398978893,-0.008159777398922664,0.0187161164727095,False,7.033858430469475e-05,False,-3.00432660976815e-12,1000,True,12.631237041205168
uav,31,stratum_Moderate,Moderate,0.009803058901052,False,A_no_greedy,1000,14,28001014,20,-0.026875893871632164,-0.008159777398978893,-0.008159777398922664,0.0187161164727095,False,7.033858430469475e-05,False,-3.00432660976815e-12,1000,True,12.566460995003581
uav,31,stratum_Moderate,Moderate,0.009803058901052,False,A_no_greedy,1000,15,28001015,20,-0.026875893871632164,-0.008159777398978893,-0.008159777398922664,0.0187161164727095,False,7.033858430469475e-05,False,-3.00432660976815e-12,1000,True,12.628244003280997
uav,31,stratum_Moderate,Moderate,0.009803058901052,False,A_no_greedy,1000,16,28001016,20,-0.026875893871632164,-0.008159777398978893,-0.008159777398922664,0.0187161164727095,False,7.033858430469475e-05,False,-3.00432660976815e-12,1000,True,12.564803007990122
uav,31,stratum_Moderate,Moderate,0.009803058901052,False,A_no_greedy,1000,17,28001017,20,-0.026875893871632164,-0.008159777398978893,-0.008159777398922664,0.0187161164727095,False,7.033858430469475e-05,False,-3.00432660976815e-12,1000,True,12.741343991365284
uav,31,stratum_Moderate,Moderate,0.009803058901052,False,A_no_greedy,1000,18,28001018,20,-0.026875893871632164,-0.008159777398978893,-0.008159777398922664,0.0187161164727095,False,7.033858430469475e-05,False,-3.00432660976815e-12,1000,True,12.656274950131774
uav,31,stratum_Moderate,Moderate,0.009803058901052,False,A_no_greedy,1000,19,28001019,20,-0.026875893871632164,-0.008159777398978893,-0.008159777398922664,0.0187161164727095,False,7.033858430469475e-05,False,-3.00432660976815e-12,1000,True,12.611348007339984
uav,31,stratum_Moderate,Moderate,0.009803058901052,False,A_no_greedy,1000,20,28001020,20,-0.026875893871632164,-0.008159777398978893,-0.008159777398922664,0.0187161164727095,False,7.033858430469475e-05,False,-3.00432660976815e-12,1000,True,12.687472975812852
uav,31,stratum_Moderate,Moderate,0.009803058901052,False,A_no_greedy,1000,21,28001021,20,-0.026875893871632164,-0.008159777398978893,-0.008159777398922664,0.0187161164727095,False,7.033858430469475e-05,False,-3.00432660976815e-12,1000,True,12.81176001066342
uav,31,stratum_Moderate,Moderate,0.009803058901052,False,A_no_greedy,1000,22,28001022,20,-0.026875893871632164,-0.008159777398978893,-0.008159777398922664,0.0187161164727095,False,7.033858430469475e-05,False,-3.00432660976815e-12,1000,True,12.393908982630819
uav,31,stratum_Moderate,Moderate,0.009803058901052,False,A_no_greedy,1000,23,28001023,20,-0.026875893871632164,-0.008159777398978893,-0.008159777398922664,0.0187161164727095,False,7.033858430469475e-05,False,-3.00432660976815e-12,1000,True,12.790450011380017
uav,31,stratum_Moderate,Moderate,0.009803058901052,False,A_no_greedy,1000,24,28001024,20,-0.026875893871632164,-0.008159777398978893,-0.008159777398922664,0.0187161164727095,False,7.033858430469475e-05,False,-3.00432660976815e-12,1000,True,12.633720005396754
uav,31,stratum_Moderate,Moderate,0.009803058901052,False,A_no_greedy,1000,25,28001025,20,-0.026875893871632164,-0.008159777398978893,-0.008159777398922664,0.0187161164727095,False,7.033858430469475e-05,False,-3.00432660976815e-12,1000,True,12.768802989739925
uav,31,stratum_Moderate,Moderate,0.009803058901052,False,A_no_greedy,1000,26,28001026,20,-0.026875893871632164,-0.008159777398978893,-0.008159777398922664,0.0187161164727095,False,7.033858430469475e-05,False,-3.00432660976815e-12,1000,True,12.167696026153862
uav,31,stratum_Moderate,Moderate,0.009803058901052,False,A_no_greedy,1000,27,28001027,20,-0.026875893871632164,-0.008159777398978893,-0.008159777398922664,0.0187161164727095,False,7.033858430469475e-05,False,-3.00432660976815e-12,1000,True,12.443371000699699
uav,31,stratum_Moderate,Moderate,0.009803058901052,False,A_no_greedy,1000,28,28001028,20,-0.026875893871632164,-0.008159777398978893,-0.008159777398922664,0.0187161164727095,False,7.033858430469475e-05,False,-3.00432660976815e-12,1000,True,12.593411025591195
uav,31,stratum_Moderate,Moderate,0.009803058901052,False,A_no_greedy,1000,29,28001029,20,-0.026875893871632164,-0.008159777398978893,-0.008159777398922664,0.0187161164727095,False,7.033858430469475e-05,False,-3.00432660976815e-12,1000,True,12.332400016020983
uav,31,stratum_Moderate,Moderate,0.009803058901052,False,B_no_bridge,1000,0,28002000,20,-0.026875893871632164,-0.008159777398978893,-0.016885594947964468,0.009990298923667696,False,0.0007696548147837634,False,0.4662194511203835,1000,True,13.105224003084004
uav,31,stratum_Moderate,Moderate,0.009803058901052,False,B_no_bridge,1000,1,28002001,20,-0.026875893871632164,-0.008159777398978893,-0.023191150047516877,0.003684743824115287,False,0.0002497173998839424,False,0.803124551532943,1000,True,13.46925098914653
uav,31,stratum_Moderate,Moderate,0.009803058901052,False,B_no_bridge,1000,2,28002002,20,-0.026875893871632164,-0.008159777398978893,-0.025839073227299433,0.0010368206443327303,False,0.0004701821282595033,False,0.9446027894810518,1000,True,13.69196898303926
uav,31,stratum_Moderate,Moderate,0.009803058901052,False,B_no_bridge,1000,3,28002003,20,-0.026875893871632164,-0.008159777398978893,-0.015980782566312413,0.010895111305319751,False,0.002191924292739895,False,0.4178754272426679,1000,True,13.238226994872093
uav,31,stratum_Moderate,Moderate,0.009803058901052,False,B_no_bridge,1000,4,28002004,20,-0.026875893871632164,-0.008159777398978893,-0.014765930729809144,0.01210996314182302,False,0.0008942492143438769,False,0.3529660301314494,1000,True,13.530608033761382
uav,31,stratum_Moderate,Moderate,0.009803058901052,False,B_no_bridge,1000,5,28002005,20,-0.026875893871632164,-0.008159777398978893,-0.022326133617986743,0.0045497602536454206,False,0.00057609357344742,False,0.7569068209052223,1000,True,13.366994040552527
uav,31,stratum_Moderate,Moderate,0.009803058901052,False,B_no_bridge,1000,6,28002006,20,-0.026875893871632164,-0.008159777398978893,-0.01913385320865392,0.007742040662978244,False,0.0006400778090845641,False,0.586343637351777,1000,True,13.750712969340384
uav,31,stratum_Moderate,Moderate,0.009803058901052,False,B_no_bridge,1000,7,28002007,20,-0.026875893871632164,-0.008159777398978893,-0.008923707454970632,0.017952186416661534,False,6.771493137508905e-05,False,0.040816697048660804,1000,True,14.117268030531704
uav,31,stratum_Moderate,Moderate,0.009803058901052,False,B_no_bridge,1000,8,28002008,20,-0.026875893871632164,-0.008159777398978893,-0.023886696137062395,0.0029891977345697686,False,0.00013572335710851664,False,0.8402875009387027,1000,True,13.672022032551467
uav,31,stratum_Moderate,Moderate,0.009803058901052,False,B_no_bridge,1000,9,28002009,20,-0.026875893871632164,-0.008159777398978893,-0.02050810694646783,0.006367786925164334,False,0.0010463397842716893,False,0.6597698601379984,1000,True,13.575419958215207
uav,31,stratum_Moderate,Moderate,0.009803058901052,False,B_no_bridge,1000,10,28002010,20,-0.026875893871632164,-0.008159777398978893,-0.008159777398922664,0.0187161164727095,False,7.033858430469475e-05,False,-3.00432660976815e-12,1000,True,13.385079975705594
uav,31,stratum_Moderate,Moderate,0.009803058901052,False,B_no_bridge,1000,11,28002011,20,-0.026875893871632164,-0.008159777398978893,-0.024777715833415637,0.0020981780382165263,False,0.0007423742088016463,False,0.8878945831907894,1000,True,13.235231977887452
uav,31,stratum_Moderate,Moderate,0.009803058901052,False,B_no_bridge,1000,12,28002012,20,-0.026875893871632164,-0.008159777398978893,-0.02621549202326048,0.0006604018483716834,False,0.00020615026686494905,False,0.9647148034509927,1000,True,13.268843002151698
uav,31,stratum_Moderate,Moderate,0.009803058901052,False,B_no_bridge,1000,13,28002013,20,-0.026875893871632164,-0.008159777398978893,-0.022211974703624217,0.004663919168007947,False,0.0009173062061701473,False,0.7508073229388933,1000,True,13.58562899986282
uav,31,stratum_Moderate,Moderate,0.009803058901052,False,B_no_bridge,1000,14,28002014,20,-0.026875893871632164,-0.008159777398978893,-0.01929091397189058,0.007584979899741582,False,0.0028379534354797107,False,0.5947353762825615,1000,True,13.800834014546126
uav,31,stratum_Moderate,Moderate,0.009803058901052,False,B_no_bridge,1000,15,28002015,20,-0.026875893871632164,-0.008159777398978893,-0.021968284783407524,0.00490760908822464,False,0.00021677725273364356,False,0.737786997885202,1000,True,13.63982999464497
uav,31,stratum_Moderate,Moderate,0.009803058901052,False,B_no_bridge,1000,16,28002016,20,-0.026875893871632164,-0.008159777398978893,-0.008941485206647597,0.017934408664984566,False,0.0007168839014053709,False,0.04176656032307145,1000,True,13.695808011107147
uav,31,stratum_Moderate,Moderate,0.009803058901052,False,B_no_bridge,1000,17,28002017,20,-0.026875893871632164,-0.008159777398978893,-0.01810520433045142,0.008770689541180744,False,0.0036073900967084262,False,0.5313830433789037,1000,True,13.57235200703144
uav,31,stratum_Moderate,Moderate,0.009803058901052,False,B_no_bridge,1000,18,28002018,20,-0.026875893871632164,-0.008159777398978893,-0.017878378239756007,0.008997515631876157,False,0.0005919787997391766,False,0.5192637508415424,1000,True,13.609952002298087
uav,31,stratum_Moderate,Moderate,0.009803058901052,False,B_no_bridge,1000,19,28002019,20,-0.026875893871632164,-0.008159777398978893,-0.026422439705606163,0.00045345416602600094,False,0.0003418037318238264,False,0.975771994863969,1000,True,13.3755540009588
uav,31,stratum_Moderate,Moderate,0.009803058901052,False,B_no_bridge,1000,20,28002020,20,-0.026875893871632164,-0.008159777398978893,-0.019500726285490926,0.007375167586141238,False,0.003199602643249126,False,0.6059456246215749,1000,True,13.286789995618165
uav,31,stratum_Moderate,Moderate,0.009803058901052,False,B_no_bridge,1000,21,28002021,20,-0.026875893871632164,-0.008159777398978893,-0.024780662644468834,0.0020952312271633293,False,0.00025101053132768424,False,0.8880520309742281,1000,True,13.34904896793887
uav,31,stratum_Moderate,Moderate,0.009803058901052,False,B_no_bridge,1000,22,28002022,20,-0.026875893871632164,-0.008159777398978893,-0.024985178200505505,0.0018907156711266589,False,0.0006290865001664361,False,0.8989792741518123,1000,True,13.80487298592925
uav,31,stratum_Moderate,Moderate,0.009803058901052,False,B_no_bridge,1000,23,28002023,20,-0.026875893871632164,-0.008159777398978893,-0.025249757307558955,0.0016261365640732085,False,0.001074305768072772,False,0.9131157061108693,1000,True,13.712373038288206
uav,31,stratum_Moderate,Moderate,0.009803058901052,False,B_no_bridge,1000,24,28002024,20,-0.026875893871632164,-0.008159777398978893,-0.008159777398922664,0.0187161164727095,False,7.033858430469475e-05,False,-3.00432660976815e-12,1000,True,13.946395018137991
uav,31,stratum_Moderate,Moderate,0.009803058901052,False,B_no_bridge,1000,25,28002025,20,-0.026875893871632164,-0.008159777398978893,-0.02309154250426662,0.0037843513673655425,False,0.00152280256622585,False,0.797802531690002,1000,True,13.906972017139196
uav,31,stratum_Moderate,Moderate,0.009803058901052,False,B_no_bridge,1000,26,28002026,20,-0.026875893871632164,-0.008159777398978893,-0.025265514308939002,0.0016103795626931615,False,0.0006125113998189211,False,0.9139576009239878,1000,True,13.556474004872143
uav,31,stratum_Moderate,Moderate,0.009803058901052,False,B_no_bridge,1000,27,28002027,20,-0.026875893871632164,-0.008159777398978893,-0.025807731191976505,0.0010681626796556591,False,0.00026152015578288974,False,0.9429281880556587,1000,True,13.709406019188464
uav,31,stratum_Moderate,Moderate,0.009803058901052,False,B_no_bridge,1000,28,28002028,20,-0.026875893871632164,-0.008159777398978893,-0.02591255733784807,0.000963336533784092,False,0.0006252155292742536,False,0.948529037250241,1000,True,13.68325500516221
uav,31,stratum_Moderate,Moderate,0.009803058901052,False,B_no_bridge,1000,29,28002029,20,-0.026875893871632164,-0.008159777398978893,-0.01709175851193777,0.009784135359694395,False,0.0007140537842134382,False,0.4772347471768348,1000,True,13.625270978081971
uav,31,stratum_Moderate,Moderate,0.009803058901052,False,C_fitness_group,1000,0,28003000,20,-0.026875893871632164,-0.008159777398978893,-0.008159777398922664,0.0187161164727095,False,7.033858430469475e-05,False,-3.00432660976815e-12,1000,True,16.087399038951844
uav,31,stratum_Moderate,Moderate,0.009803058901052,False,C_fitness_group,1000,1,28003001,20,-0.026875893871632164,-0.008159777398978893,-0.008159777398922664,0.0187161164727095,False,7.033858430469475e-05,False,-3.00432660976815e-12,1000,True,16.204151965212077
uav,31,stratum_Moderate,Moderate,0.009803058901052,False,C_fitness_group,1000,2,28003002,20,-0.026875893871632164,-0.008159777398978893,-0.008159777398922664,0.0187161164727095,False,7.033858430469475e-05,False,-3.00432660976815e-12,1000,True,16.346033022273332
uav,31,stratum_Moderate,Moderate,0.009803058901052,False,C_fitness_group,1000,3,28003003,20,-0.026875893871632164,-0.008159777398978893,-0.008159777398922664,0.0187161164727095,False,7.033858430469475e-05,False,-3.00432660976815e-12,1000,True,16.220705991145223
uav,31,stratum_Moderate,Moderate,0.009803058901052,False,C_fitness_group,1000,4,28003004,20,-0.026875893871632164,-0.008159777398978893,-0.008159777398922664,0.0187161164727095,False,7.033858430469475e-05,False,-3.00432660976815e-12,1000,True,16.010913997888565
uav,31,stratum_Moderate,Moderate,0.009803058901052,False,C_fitness_group,1000,5,28003005,20,-0.026875893871632164,-0.008159777398978893,-0.008159777398922664,0.0187161164727095,False,7.033858430469475e-05,False,-3.00432660976815e-12,1000,True,16.014466003980488
uav,31,stratum_Moderate,Moderate,0.009803058901052,False,C_fitness_group,1000,6,28003006,20,-0.026875893871632164,-0.008159777398978893,-0.008159777398922664,0.0187161164727095,False,7.033858430469475e-05,False,-3.00432660976815e-12,1000,True,15.881739964243025
uav,31,stratum_Moderate,Moderate,0.009803058901052,False,C_fitness_group,1000,7,28003007,20,-0.026875893871632164,-0.008159777398978893,-0.008159777398922664,0.0187161164727095,False,7.033858430469475e-05,False,-3.00432660976815e-12,1000,True,15.95666800858453
uav,31,stratum_Moderate,Moderate,0.009803058901052,False,C_fitness_group,1000,8,28003008,20,-0.026875893871632164,-0.008159777398978893,-0.008159777398922664,0.0187161164727095,False,7.033858430469475e-05,False,-3.00432660976815e-12,1000,True,16.14444301230833
uav,31,stratum_Moderate,Moderate,0.009803058901052,False,C_fitness_group,1000,9,28003009,20,-0.026875893871632164,-0.008159777398978893,-0.008159777398922664,0.0187161164727095,False,7.033858430469475e-05,False,-3.00432660976815e-12,1000,True,15.863262000493705
uav,31,stratum_Moderate,Moderate,0.009803058901052,False,C_fitness_group,1000,10,28003010,20,-0.026875893871632164,-0.008159777398978893,-0.008159777398922664,0.0187161164727095,False,7.033858430469475e-05,False,-3.00432660976815e-12,1000,True,16.01853099418804
uav,31,stratum_Moderate,Moderate,0.009803058901052,False,C_fitness_group,1000,11,28003011,20,-0.026875893871632164,-0.008159777398978893,-0.008159777398922664,0.0187161164727095,False,7.033858430469475e-05,False,-3.00432660976815e-12,1000,True,15.886784996837378
uav,31,stratum_Moderate,Moderate,0.009803058901052,False,C_fitness_group,1000,12,28003012,20,-0.026875893871632164,-0.008159777398978893,-0.008159777398922664,0.0187161164727095,False,7.033858430469475e-05,False,-3.00432660976815e-12,1000,True,15.878801990766078
uav,31,stratum_Moderate,Moderate,0.009803058901052,False,C_fitness_group,1000,13,28003013,20,-0.026875893871632164,-0.008159777398978893,-0.008159777398922664,0.0187161164727095,False,7.033858430469475e-05,False,-3.00432660976815e-12,1000,True,15.802761015947908
uav,31,stratum_Moderate,Moderate,0.009803058901052,False,C_fitness_group,1000,14,28003014,20,-0.026875893871632164,-0.008159777398978893,-0.008159777398922664,0.0187161164727095,False,7.033858430469475e-05,False,-3.00432660976815e-12,1000,True,15.788153978064656
uav,31,stratum_Moderate,Moderate,0.009803058901052,False,C_fitness_group,1000,15,28003015,20,-0.026875893871632164,-0.008159777398978893,-0.008159777398922664,0.0187161164727095,False,7.033858430469475e-05,False,-3.00432660976815e-12,1000,True,16.010964987799525
uav,31,stratum_Moderate,Moderate,0.009803058901052,False,C_fitness_group,1000,16,28003016,20,-0.026875893871632164,-0.008159777398978893,-0.008159777398922664,0.0187161164727095,False,7.033858430469475e-05,False,-3.00432660976815e-12,1000,True,16.00552099989727
uav,31,stratum_Moderate,Moderate,0.009803058901052,False,C_fitness_group,1000,17,28003017,20,-0.026875893871632164,-0.008159777398978893,-0.008159777398922664,0.0187161164727095,False,7.033858430469475e-05,False,-3.00432660976815e-12,1000,True,15.97219001268968
uav,31,stratum_Moderate,Moderate,0.009803058901052,False,C_fitness_group,1000,18,28003018,20,-0.026875893871632164,-0.008159777398978893,-0.008159777398922664,0.0187161164727095,False,7.033858430469475e-05,False,-3.00432660976815e-12,1000,True,15.615192998666316
uav,31,stratum_Moderate,Moderate,0.009803058901052,False,C_fitness_group,1000,19,28003019,20,-0.026875893871632164,-0.008159777398978893,-0.008159777398922664,0.0187161164727095,False,7.033858430469475e-05,False,-3.00432660976815e-12,1000,True,15.826929011382163
uav,31,stratum_Moderate,Moderate,0.009803058901052,False,C_fitness_group,1000,20,28003020,20,-0.026875893871632164,-0.008159777398978893,-0.008159777398922664,0.0187161164727095,False,7.033858430469475e-05,False,-3.00432660976815e-12,1000,True,15.814703016076237
uav,31,stratum_Moderate,Moderate,0.009803058901052,False,C_fitness_group,1000,21,28003021,20,-0.026875893871632164,-0.008159777398978893,-0.008159777398922664,0.0187161164727095,False,7.033858430469475e-05,False,-3.00432660976815e-12,1000,True,16.09097298933193
uav,31,stratum_Moderate,Moderate,0.009803058901052,False,C_fitness_group,1000,22,28003022,20,-0.026875893871632164,-0.008159777398978893,-0.008159777398922664,0.0187161164727095,False,7.033858430469475e-05,False,-3.00432660976815e-12,1000,True,15.876796969678253
uav,31,stratum_Moderate,Moderate,0.009803058901052,False,C_fitness_group,1000,23,28003023,20,-0.026875893871632164,-0.008159777398978893,-0.008159777398922664,0.0187161164727095,False,7.033858430469475e-05,False,-3.00432660976815e-12,1000,True,15.965704049449414
uav,31,stratum_Moderate,Moderate,0.009803058901052,False,C_fitness_group,1000,24,28003024,20,-0.026875893871632164,-0.008159777398978893,-0.008159777398922664,0.0187161164727095,False,7.033858430469475e-05,False,-3.00432660976815e-12,1000,True,15.776760003063828
uav,31,stratum_Moderate,Moderate,0.009803058901052,False,C_fitness_group,1000,25,28003025,20,-0.026875893871632164,-0.008159777398978893,-0.008159777398922664,0.0187161164727095,False,7.033858430469475e-05,False,-3.00432660976815e-12,1000,True,15.61048801522702
uav,31,stratum_Moderate,Moderate,0.009803058901052,False,C_fitness_group,1000,26,28003026,20,-0.026875893871632164,-0.008159777398978893,-0.008159777398922664,0.0187161164727095,False,7.033858430469475e-05,False,-3.00432660976815e-12,1000,True,15.53770701866597
uav,31,stratum_Moderate,Moderate,0.009803058901052,False,C_fitness_group,1000,27,28003027,20,-0.026875893871632164,-0.008159777398978893,-0.008159777398922664,0.0187161164727095,False,7.033858430469475e-05,False,-3.00432660976815e-12,1000,True,15.73330000974238
uav,31,stratum_Moderate,Moderate,0.009803058901052,False,C_fitness_group,1000,28,28003028,20,-0.026875893871632164,-0.008159777398978893,-0.008159777398922664,0.0187161164727095,False,7.033858430469475e-05,False,-3.00432660976815e-12,1000,True,15.703935991041362
uav,31,stratum_Moderate,Moderate,0.009803058901052,False,C_fitness_group,1000,29,28003029,20,-0.026875893871632164,-0.008159777398978893,-0.008159777398922664,0.0187161164727095,False,7.033858430469475e-05,False,-3.00432660976815e-12,1000,True,15.918884018901736
uav,31,stratum_Moderate,Moderate,0.009803058901052,False,D_no_warm_slot,1000,0,28004000,20,-0.026875893871632164,-0.008159777398978893,-0.025403794173800228,0.0014720996978319356,False,0.0002545824677414153,False,0.9213458785649861,1000,True,12.479582976084203
uav,31,stratum_Moderate,Moderate,0.009803058901052,False,D_no_warm_slot,1000,1,28004001,20,-0.026875893871632164,-0.008159777398978893,-0.023094353013045694,0.003781540858586469,False,0.0012935266211256435,False,0.7979526968582504,1000,True,12.613015016540885
uav,31,stratum_Moderate,Moderate,0.009803058901052,False,D_no_warm_slot,1000,2,28004002,20,-0.026875893871632164,-0.008159777398978893,-0.025276752632302543,0.0015991412393296205,False,0.00033151276335635844,False,0.9145580632784491,1000,True,13.009353016968817
uav,31,stratum_Moderate,Moderate,0.009803058901052,False,D_no_warm_slot,1000,3,28004003,20,-0.026875893871632164,-0.008159777398978893,-0.024530432456757102,0.0023454614148750615,False,0.0013676998673006068,False,0.874682260163208,1000,True,12.407613976392895
uav,31,stratum_Moderate,Moderate,0.009803058901052,False,D_no_warm_slot,1000,4,28004004,20,-0.026875893871632164,-0.008159777398978893,-0.02487876105891933,0.001997132812712833,False,0.00030141867059869834,False,0.893293418234979,1000,True,12.782419042196125
uav,31,stratum_Moderate,Moderate,0.009803058901052,False,D_no_warm_slot,1000,5,28004005,20,-0.026875893871632164,-0.008159777398978893,-0.020920808025460345,0.005955085846171819,False,0.002780425915091288,False,0.6818204324132633,1000,True,12.52533501246944
uav,31,stratum_Moderate,Moderate,0.009803058901052,False,D_no_warm_slot,1000,6,28004006,20,-0.026875893871632164,-0.008159777398978893,-0.02300216407165815,0.0038737297999740135,False,0.0008465978229612506,False,0.7930270520792043,1000,True,12.41212000604719
uav,31,stratum_Moderate,Moderate,0.009803058901052,False,D_no_warm_slot,1000,7,28004007,20,-0.026875893871632164,-0.008159777398978893,-0.024250977545015092,0.0026249163266170716,False,0.0005852609411220256,False,0.8597510156312383,1000,True,12.491243018303066
uav,31,stratum_Moderate,Moderate,0.009803058901052,False,D_no_warm_slot,1000,8,28004008,20,-0.026875893871632164,-0.008159777398978893,-0.025673607049989413,0.0012022868216427507,False,0.0004046335308666116,False,0.9357619502208457,1000,True,12.58271699771285
uav,31,stratum_Moderate,Moderate,0.009803058901052,False,D_no_warm_slot,1000,9,28004009,20,-0.026875893871632164,-0.008159777398978893,-0.023552230282769055,0.0033236635888631086,False,0.00188517815843941,False,0.8224170279278065,1000,True,12.600890011526644
uav,31,stratum_Moderate,Moderate,0.009803058901052,False,D_no_warm_slot,1000,10,28004010,20,-0.026875893871632164,-0.008159777398978893,-0.020276610656298495,0.0065992832153336685,False,0.000609247144717396,False,0.6474010393675368,1000,True,12.674021010752767
uav,31,stratum_Moderate,Moderate,0.009803058901052,False,D_no_warm_slot,1000,11,28004011,20,-0.026875893871632164,-0.008159777398978893,-0.02654336790602191,0.00033252596561025513,False,0.0006263277311246296,False,0.9822331750234555,1000,True,12.692650023382157
uav,31,stratum_Moderate,Moderate,0.009803058901052,False,D_no_warm_slot,1000,12,28004012,20,-0.026875893871632164,-0.008159777398978893,-0.02438176494652205,0.0024941289251101152,False,0.00018086508505241265,False,0.8667389717971479,1000,True,12.373292003758252
uav,31,stratum_Moderate,Moderate,0.009803058901052,False,D_no_warm_slot,1000,13,28004013,20,-0.026875893871632164,-0.008159777398978893,-0.023895957836909214,0.002979936034722949,False,0.0005912262578095242,False,0.840782352520779,1000,True,12.427114008460194
uav,31,stratum_Moderate,Moderate,0.009803058901052,False,D_no_warm_slot,1000,14,28004014,20,-0.026875893871632164,-0.008159777398978893,-0.02439215452713365,0.0024837393444985152,False,0.0005949579247483227,False,0.8672940859217464,1000,True,12.485166022088379
uav,31,stratum_Moderate,Moderate,0.009803058901052,False,D_no_warm_slot,1000,15,28004015,20,-0.026875893871632164,-0.008159777398978893,-0.021963568992547238,0.0049123248790849255,False,0.0003648823193975942,False,0.7375350337094513,1000,True,12.444136023987085
uav,31,stratum_Moderate,Moderate,0.009803058901052,False,D_no_warm_slot,1000,16,28004016,20,-0.026875893871632164,-0.008159777398978893,-0.022327586610569296,0.004548307261062867,False,0.0018302668261969328,False,0.7569844541356351,1000,True,12.499578995630145
uav,31,stratum_Moderate,Moderate,0.009803058901052,False,D_no_warm_slot,1000,17,28004017,20,-0.026875893871632164,-0.008159777398978893,-0.019807738255585017,0.007068155616047147,False,0.001939377194931794,False,0.6223492396847039,1000,True,12.857786030508578
uav,31,stratum_Moderate,Moderate,0.009803058901052,False,D_no_warm_slot,1000,18,28004018,20,-0.026875893871632164,-0.008159777398978893,-0.025198908672620667,0.0016769851990114971,False,0.0005324630701651511,False,0.9103988692599883,1000,True,12.715525983367115
uav,31,stratum_Moderate,Moderate,0.009803058901052,False,D_no_warm_slot,1000,19,28004019,20,-0.026875893871632164,-0.008159777398978893,-0.024115513492303703,0.0027603803793284608,False,0.0012980109526340153,False,0.8525131865169925,1000,True,12.659177999012172
uav,31,stratum_Moderate,Moderate,0.009803058901052,False,D_no_warm_slot,1000,20,28004020,20,-0.026875893871632164,-0.008159777398978893,-0.022249021806702105,0.0046268720649300585,False,0.0017528453159712076,False,0.7527867454933543,1000,True,12.341291992925107
uav,31,stratum_Moderate,Moderate,0.009803058901052,False,D_no_warm_slot,1000,21,28004021,20,-0.026875893871632164,-0.008159777398978893,-0.023361934419515753,0.003513959452116411,False,0.0024580107782046375,False,0.8122495413377678,1000,True,12.45768298394978
uav,31,stratum_Moderate,Moderate,0.009803058901052,False,D_no_warm_slot,1000,22,28004022,20,-0.026875893871632164,-0.008159777398978893,-0.021744502608835016,0.005131391262797148,False,0.0013970353258854248,False,0.725830341444242,1000,True,12.278992973733693
uav,31,stratum_Moderate,Moderate,0.009803058901052,False,D_no_warm_slot,1000,23,28004023,20,-0.026875893871632164,-0.008159777398978893,-0.02398620304332971,0.0028896908283024547,False,0.00042886805530378044,False,0.8456041437589535,1000,True,12.123188003897667
uav,31,stratum_Moderate,Moderate,0.009803058901052,False,D_no_warm_slot,1000,24,28004024,20,-0.026875893871632164,-0.008159777398978893,-0.02601796178024672,0.0008579320913854431,False,0.00021586960625209783,False,0.9541607847632818,1000,True,12.004935997538269
uav,31,stratum_Moderate,Moderate,0.009803058901052,False,D_no_warm_slot,1000,25,28004025,20,-0.026875893871632164,-0.008159777398978893,-0.024722166237551392,0.0021537276340807716,False,0.0013129996360775973,False,0.8849265745258825,1000,True,12.178967997897416
uav,31,stratum_Moderate,Moderate,0.009803058901052,False,D_no_warm_slot,1000,26,28004026,20,-0.026875893871632164,-0.008159777398978893,-0.024057331151194676,0.0028185627204374876,False,0.0006748260231051173,False,0.8494045105694988,1000,True,12.492249021306634
uav,31,stratum_Moderate,Moderate,0.009803058901052,False,D_no_warm_slot,1000,27,28004027,20,-0.026875893871632164,-0.008159777398978893,-0.018696075940561517,0.008179817931070647,False,0.0011890641865823924,False,0.5629532471107217,1000,True,12.413696036674082
uav,31,stratum_Moderate,Moderate,0.009803058901052,False,D_no_warm_slot,1000,28,28004028,20,-0.026875893871632164,-0.008159777398978893,-0.026174986478261077,0.0007009073933710863,False,0.0009493577445255598,False,0.962550596733291,1000,True,12.404386012349278
uav,31,stratum_Moderate,Moderate,0.009803058901052,False,D_no_warm_slot,1000,29,28004029,20,-0.026875893871632164,-0.008159777398978893,-0.020270460245289428,0.0066054336263427355,False,0.002496473119829035,False,0.6470724235984453,1000,True,12.557492009364069
cstr,3,stratum_Severe,Severe,17.955046114859805,False,baseline,1000,0,29000000,30,-153.24957219308163,-44.10446725771044,-153.24727622865097,1.4981865187626342e-05,True,0.002194386350376276,False,0.9999789641099157,1000,True,11.979328002780676
cstr,3,stratum_Severe,Severe,17.955046114859805,False,baseline,1000,1,29000001,30,-153.24957219308163,-44.10446725771044,-153.2200706927664,0.0001925062490749725,False,0.007865975090494803,False,0.9997297038622786,1000,True,12.101759028155357
cstr,3,stratum_Severe,Severe,17.955046114859805,False,baseline,1000,2,29000002,30,-153.24957219308163,-44.10446725771044,-153.1633685283052,0.0005625050924633235,False,0.013446008456405645,False,0.9992101921123492,1000,True,12.283377000130713
cstr,3,stratum_Severe,Severe,17.955046114859805,False,baseline,1000,3,29000003,30,-153.24957219308163,-44.10446725771044,-153.24805897603648,9.874200779180104e-06,True,0.0017814807244844744,False,0.9999861357314553,1000,True,11.814591009169817
cstr,3,stratum_Severe,Severe,17.955046114859805,False,baseline,1000,4,29000004,30,-153.24957219308163,-44.10446725771044,-153.22440093958681,0.00016425007348865308,False,0.007265791598873306,False,0.9997693780815023,1000,True,12.128014990594238
cstr,3,stratum_Severe,Severe,17.955046114859805,False,baseline,1000,5,29000005,30,-153.24957219308163,-44.10446725771044,-153.2245069012181,0.00016355864166433585,False,0.00725048232784864,False,0.9997703489141507,1000,True,12.12081196717918
cstr,3,stratum_Severe,Severe,17.955046114859805,False,baseline,1000,6,29000006,30,-153.24957219308163,-44.10446725771044,-153.2436900642549,3.838267697945541e-05,True,0.0035123499611240394,False,0.999946107259412,1000,True,11.821283958852291
cstr,3,stratum_Severe,Severe,17.955046114859805,False,baseline,1000,7,29000007,30,-153.24957219308163,-44.10446725771044,-153.2435755816866,3.912971050567499e-05,True,0.0035463652944726087,False,0.999945058356959,1000,True,12.181307014543563
cstr,3,stratum_Severe,Severe,17.955046114859805,False,baseline,1000,8,29000008,30,-153.24957219308163,-44.10446725771044,-153.22611707634385,0.00015305175996333155,False,0.007013734384077042,False,0.9997851015237773,1000,True,11.938601965084672
cstr,3,stratum_Severe,Severe,17.955046114859805,False,baseline,1000,9,29000009,30,-153.24957219308163,-44.10446725771044,-153.20540142725244,0.00028822766156594385,False,0.009624938870294919,False,0.9995953023650914,1000,True,12.136892997659743
cstr,3,stratum_Severe,Severe,17.955046114859805,False,baseline,1000,10,29000010,30,-153.24957219308163,-44.10446725771044,-153.2413986160612,5.333507234946906e-05,True,0.004140345612385743,False,0.9999251127476099,1000,True,12.455991993192583
cstr,3,stratum_Severe,Severe,17.955046114859805,False,baseline,1000,11,29000011,30,-153.24957219308163,-44.10446725771044,-153.21659897610925,0.000215160254612889,False,0.008315936712981586,False,0.9996978955951171,1000,True,12.02519197249785
cstr,3,stratum_Severe,Severe,17.955046114859805,False,baseline,1000,12,29000012,30,-153.24957219308163,-44.10446725771044,-153.2457389485178,2.5013084923932242e-05,True,0.0028353963737001164,False,0.9999648793725922,1000,True,12.141037033870816
cstr,3,stratum_Severe,Severe,17.955046114859805,False,baseline,1000,13,29000013,30,-153.24957219308163,-44.10446725771044,-153.24390677584876,3.696856801491314e-05,True,0.0034470411264764245,False,0.9999480927959505,1000,True,11.83700398541987
cstr,3,stratum_Severe,Severe,17.955046114859805,False,baseline,1000,14,29000014,30,-153.24957219308163,-44.10446725771044,-153.24924485104665,2.1360061910391813e-06,True,0.0008285741965182725,False,0.9999970008546405,1000,True,11.950474989134818
cstr,3,stratum_Severe,Severe,17.955046114859805,False,baseline,1000,15,29000015,30,-153.24957219308163,-44.10446725771044,-153.24694115902906,1.7168296230248656e-05,True,0.00234905805367136,False,0.9999758941635163,1000,True,12.007985031232238
cstr,3,stratum_Severe,Severe,17.955046114859805,False,baseline,1000,16,29000016,30,-153.24957219308163,-44.10446725771044,-153.2158591613084,0.0002199877708680068,False,0.008408710881529391,False,0.999691117326854,1000,True,11.849328991957009
cstr,3,stratum_Severe,Severe,17.955046114859805,False,baseline,1000,17,29000017,30,-153.24957219308163,-44.10446725771044,-153.2487900187398,5.103925124413752e-06,True,0.001280802887690724,False,0.9999928336287525,1000,True,11.800355976447463
cstr,3,stratum_Severe,Severe,17.955046114859805,False,baseline,1000,18,29000018,30,-153.24957219308163,-44.10446725771044,-153.21429822582635,0.00023017334893983522,False,0.008601172725143713,False,0.9996768158565044,1000,True,11.89553295262158
cstr,3,stratum_Severe,Severe,17.955046114859805,False,baseline,1000,19,29000019,30,-153.24957219308163,-44.10446725771044,-153.13374666829745,0.0007557967250848478,False,0.015585927569210623,False,0.9989387932252869,1000,True,12.067211966495961
cstr,3,stratum_Severe,Severe,17.955046114859805,False,baseline,1000,20,29000020,30,-153.24957219308163,-44.10446725771044,-153.11539880428464,0.0008755221099602673,False,0.016775045614698336,False,0.9987706879857191,1000,True,11.821603984571993
cstr,3,stratum_Severe,Severe,17.955046114859805,False,baseline,1000,21,29000021,30,-153.24957219308163,-44.10446725771044,-153.24885070311865,4.707941122833032e-06,True,0.0012301148525312167,False,0.9999933896260084,1000,True,11.89990300917998
cstr,3,stratum_Severe,Severe,17.955046114859805,False,baseline,1000,22,29000022,30,-153.24957219308163,-44.10446725771044,-153.24024580823192,6.0857493539779815e-05,True,0.004422696947388949,False,0.999914550589738,1000,True,12.081659981049597
cstr,3,stratum_Severe,Severe,17.955046114859805,False,baseline,1000,23,29000023,30,-153.24957219308163,-44.10446725771044,-153.1528155388322,0.0006313665536863059,False,0.014245278248657844,False,0.9991135044095039,1000,True,12.086183996871114
cstr,3,stratum_Severe,Severe,17.955046114859805,False,baseline,1000,24,29000024,30,-153.24957219308163,-44.10446725771044,-153.1786062400229,0.0004630743958575003,False,0.012199879333552155,False,0.9993498017790101,1000,True,12.001441966276616
cstr,3,stratum_Severe,Severe,17.955046114859805,False,baseline,1000,25,29000025,30,-153.24957219308163,-44.10446725771044,-153.23649089747826,8.535942656263636e-05,True,0.0052378842298336226,False,0.9998801476657051,1000,True,11.8984590517357
cstr,3,stratum_Severe,Severe,17.955046114859805,False,baseline,1000,26,29000026,30,-153.24957219308163,-44.10446725771044,-153.23378443518243,0.00010301991498751479,False,0.005754276737511499,False,0.9998553507469845,1000,True,12.06610701046884
cstr,3,stratum_Severe,Severe,17.955046114859805,False,baseline,1000,27,29000027,30,-153.24957219308163,-44.10446725771044,-153.24566547280259,2.5492536280137627e-05,True,0.002862441856462561,False,0.9999642061796417,1000,True,12.059453001711518
cstr,3,stratum_Severe,Severe,17.955046114859805,False,baseline,1000,28,29000028,30,-153.24957219308163,-44.10446725771044,-153.22758866275487,0.000143449211715038,False,0.0067901478969844,False,0.9997985843676656,1000,True,12.085490045137703
cstr,3,stratum_Severe,Severe,17.955046114859805,False,baseline,1000,29,29000029,30,-153.24957219308163,-44.10446725771044,-153.21663567516484,0.00021492078212980475,False,0.00831130762280996,False,0.9996982318360838,1000,True,11.979523987974972
cstr,3,stratum_Severe,Severe,17.955046114859805,False,A_no_greedy,1000,0,29001000,30,-153.24957219308163,-44.10446725771044,-151.84975012074202,0.009134264143823897,False,0.05418348489866209,False,0.9871746692335079,1000,True,12.213749985676259
cstr,3,stratum_Severe,Severe,17.955046114859805,False,A_no_greedy,1000,1,29001001,30,-153.24957219308163,-44.10446725771044,-152.10958425642798,0.007438767497617314,False,0.14564667245953708,False,0.9895552994581966,1000,True,12.027259974274784
cstr,3,stratum_Severe,Severe,17.955046114859805,False,A_no_greedy,1000,2,29001002,30,-153.24957219308163,-44.10446725771044,-152.61015720414662,0.0041723769912349684,False,0.03662030201367872,False,0.9941416063568436,1000,True,12.056494015268981
cstr,3,stratum_Severe,Severe,17.955046114859805,False,A_no_greedy,1000,3,29001003,30,-153.24957219308163,-44.10446725771044,-153.1617617789021,0.0005729896202835417,False,0.013570739943345345,False,0.9991954708895875,1000,True,12.04469904769212
cstr,3,stratum_Severe,Severe,17.955046114859805,False,A_no_greedy,1000,4,29001004,30,-153.24957219308163,-44.10446725771044,-152.99697184961695,0.0016482939550814726,False,0.02301693460076315,False,0.9976856466113231,1000,True,12.072499026544392
cstr,3,stratum_Severe,Severe,17.955046114859805,False,A_no_greedy,1000,5,29001005,30,-153.24957219308163,-44.10446725771044,-150.82086551844264,0.01584804864302669,False,0.30144823001018567,False,0.9777479102147814,1000,True,12.104118999559432
cstr,3,stratum_Severe,Severe,17.955046114859805,False,A_no_greedy,1000,6,29001006,30,-153.24957219308163,-44.10446725771044,-152.71736559292518,0.0034728096955854515,False,0.03340955133558221,False,0.9951238619407476,1000,True,11.865829990711063
cstr,3,stratum_Severe,Severe,17.955046114859805,False,A_no_greedy,1000,7,29001007,30,-153.24957219308163,-44.10446725771044,-151.03725581610357,0.014436036233698143,False,0.14093408727613907,False,0.9797305030006791,1000,True,12.006923032458872
cstr,3,stratum_Severe,Severe,17.955046114859805,False,A_no_greedy,1000,8,29001008,30,-153.24957219308163,-44.10446725771044,-152.91395388612318,0.002190011379187413,False,0.03626271303542227,False,0.996925026485089,1000,True,12.064383015967906
cstr,3,stratum_Severe,Severe,17.955046114859805,False,A_no_greedy,1000,9,29001009,30,-153.24957219308163,-44.10446725771044,-152.32316856841152,0.006045064997003217,False,0.04407888884788458,False,0.9915121834807097,1000,True,12.261285039130598
cstr,3,stratum_Severe,Severe,17.955046114859805,False,A_no_greedy,1000,10,29001010,30,-153.24957219308163,-44.10446725771044,-152.43846019036505,0.005292752150033089,False,0.05070167080962741,False,0.9925684985763047,1000,True,12.051036988850683
cstr,3,stratum_Severe,Severe,17.955046114859805,False,A_no_greedy,1000,11,29001011,30,-153.24957219308163,-44.10446725771044,-153.24713352793185,1.5913030717694716e-05,True,0.002261552121773369,False,0.9999776566695205,1000,True,12.054221995640546
cstr,3,stratum_Severe,Severe,17.955046114859805,False,A_no_greedy,1000,12,29001012,30,-153.24957219308163,-44.10446725771044,-152.1461693831711,0.007200038434824072,False,0.12585241464096575,False,0.989890496595666,1000,True,12.154135969467461
cstr,3,stratum_Severe,Severe,17.955046114859805,False,A_no_greedy,1000,13,29001013,30,-153.24957219308163,-44.10446725771044,-150.13436116673086,0.020327698027279795,False,0.3709235953005293,False,0.971458078415927,1000,True,12.218524003401399
cstr,3,stratum_Severe,Severe,17.955046114859805,False,A_no_greedy,1000,14,29001014,30,-153.24957219308163,-44.10446725771044,-153.01138374873673,0.0015542519364739374,False,0.02235068610603863,False,0.9978176900880169,1000,True,12.265258003026247
cstr,3,stratum_Severe,Severe,17.955046114859805,False,A_no_greedy,1000,15,29001015,30,-153.24957219308163,-44.10446725771044,-153.23768370758842,7.757597834098811e-05,True,0.004993370387959328,False,0.9998910763290735,1000,True,12.148056994192302
cstr,3,stratum_Severe,Severe,17.955046114859805,False,A_no_greedy,1000,16,29001016,30,-153.24957219308163,-44.10446725771044,-153.19972243817656,0.0003252847899781524,False,0.010224969684155094,False,0.9995432708142561,1000,True,12.095095997210592
cstr,3,stratum_Severe,Severe,17.955046114859805,False,A_no_greedy,1000,17,29001017,30,-153.24957219308163,-44.10446725771044,-152.8587301283398,0.0025503631700152752,False,0.02863064716020236,False,0.9964190600671164,1000,True,12.425469991285354
cstr,3,stratum_Severe,Severe,17.955046114859805,False,A_no_greedy,1000,18,29001018,30,-153.24957219308163,-44.10446725771044,-152.73807996945632,0.0033376420978250654,False,0.03201685666437508,False,0.99531364944009,1000,True,12.200803030282259
cstr,3,stratum_Severe,Severe,17.955046114859805,False,A_no_greedy,1000,19,29001019,30,-153.24957219308163,-44.10446725771044,-152.84174251392713,0.002661212513146018,False,0.029246232567549157,False,0.9962634175907752,1000,True,12.10128900129348
cstr,3,stratum_Severe,Severe,17.955046114859805,False,A_no_greedy,1000,20,29001020,30,-153.24957219308163,-44.10446725771044,-151.74183233458336,0.009838460472820392,False,0.102594873815739,False,0.986185914069247,1000,True,11.940536031033844
cstr,3,stratum_Severe,Severe,17.955046114859805,False,A_no_greedy,1000,21,29001021,30,-153.24957219308163,-44.10446725771044,-153.23355886689689,0.00010449181655510438,False,0.00579523818779526,False,0.9998532840644184,1000,True,12.40280905039981
cstr,3,stratum_Severe,Severe,17.955046114859805,False,A_no_greedy,1000,22,29001022,30,-153.24957219308163,-44.10446725771044,-152.94572448251748,0.001982698589078823,False,0.025244019068116352,False,0.9972161123419683,1000,True,12.21837301272899
cstr,3,stratum_Severe,Severe,17.955046114859805,False,A_no_greedy,1000,23,29001023,30,-153.24957219308163,-44.10446725771044,-153.20500158763502,0.00029083673649968426,False,0.009668403839390272,False,0.9995916389885465,1000,True,12.145729037001729
cstr,3,stratum_Severe,Severe,17.955046114859805,False,A_no_greedy,1000,24,29001024,30,-153.24957219308163,-44.10446725771044,-150.07868424764897,0.02069100683320417,False,0.2057471703490866,False,0.970947960082037,1000,True,12.167557957582176
cstr,3,stratum_Severe,Severe,17.955046114859805,False,A_no_greedy,1000,25,29001025,30,-153.24957219308163,-44.10446725771044,-153.11260747535584,0.000893736378938956,False,0.01694864053325129,False,0.9987451135091502,1000,True,12.205965002067387
cstr,3,stratum_Severe,Severe,17.955046114859805,False,A_no_greedy,1000,26,29001026,30,-153.24957219308163,-44.10446725771044,-152.25569262786217,0.006485366001330519,False,0.045655951272475126,False,0.990893961155583,1000,True,12.139033991843462
cstr,3,stratum_Severe,Severe,17.955046114859805,False,A_no_greedy,1000,27,29001027,30,-153.24957219308163,-44.10446725771044,-152.94946212039542,0.0019583093668156908,False,0.025088274995235027,False,0.997250357009928,1000,True,11.9258250342682
cstr,3,stratum_Severe,Severe,17.955046114859805,False,A_no_greedy,1000,28,29001028,30,-153.24957219308163,-44.10446725771044,-153.1605304016464,0.0005810247308425506,False,0.013665560835406154,False,0.9991841888695975,1000,True,11.878635035827756
cstr,3,stratum_Severe,Severe,17.955046114859805,False,A_no_greedy,1000,29,29001029,30,-153.24957219308163,-44.10446725771044,-152.49228380247587,0.00494153673493878,False,0.059942147714651124,False,0.9930616366986482,1000,True,11.809425021056086
cstr,3,stratum_Severe,Severe,17.955046114859805,False,B_no_bridge,1000,0,29002000,30,-153.24957219308163,-44.10446725771044,-152.14168754246785,0.0072292838065344915,False,0.04820341287802049,False,0.9898494334558586,1000,True,12.774273985996842
cstr,3,stratum_Severe,Severe,17.955046114859805,False,B_no_bridge,1000,1,29002001,30,-153.24957219308163,-44.10446725771044,-147.85537635018716,0.03519876607615087,False,0.43993914037269066,False,0.950577757508332,1000,True,13.039142999332398
cstr,3,stratum_Severe,Severe,17.955046114859805,False,B_no_bridge,1000,2,29002002,30,-153.24957219308163,-44.10446725771044,-145.56903708249604,0.05011782415228386,False,0.7089275368131902,False,0.9296300542737714,1000,True,12.94350903481245
cstr,3,stratum_Severe,Severe,17.955046114859805,False,B_no_bridge,1000,3,29002003,30,-153.24957219308163,-44.10446725771044,-149.9725696163872,0.021383437028885663,False,0.3981155563321962,False,0.9699757256302528,1000,True,13.074865972157568
cstr,3,stratum_Severe,Severe,17.955046114859805,False,B_no_bridge,1000,4,29002004,30,-153.24957219308163,-44.10446725771044,-149.24326939307696,0.026142342472297863,False,0.4097541280646031,False,0.9632937931355057,1000,True,12.784858990926296
cstr,3,stratum_Severe,Severe,17.955046114859805,False,B_no_bridge,1000,5,29002005,30,-153.24957219308163,-44.10446725771044,-152.40626659155635,0.005502825159360268,False,0.04205552006521096,False,0.9922735371226713,1000,True,12.959330982994288
cstr,3,stratum_Severe,Severe,17.955046114859805,False,B_no_bridge,1000,6,29002006,30,-153.24957219308163,-44.10446725771044,-151.63756678786612,0.010518824830287427,False,0.16213009101823378,False,0.9852306211426519,1000,True,12.999062018934637
cstr,3,stratum_Severe,Severe,17.955046114859805,False,B_no_bridge,1000,7,29002007,30,-153.24957219308163,-44.10446725771044,-148.7436108479471,0.029402766224087,False,0.5765922246573675,False,0.9587158640985075,1000,True,12.33664300525561
cstr,3,stratum_Severe,Severe,17.955046114859805,False,B_no_bridge,1000,8,29002008,30,-153.24957219308163,-44.10446725771044,-151.59774747459886,0.010778657942363523,False,0.05885894802168179,False,0.984865792016409,1000,True,11.85491302749142
cstr,3,stratum_Severe,Severe,17.955046114859805,False,B_no_bridge,1000,9,29002009,30,-153.24957219308163,-44.10446725771044,-151.99116083561765,0.008211516283246073,False,0.12659230116745376,False,0.9884702904614079,1000,True,12.726267043035477
cstr,3,stratum_Severe,Severe,17.955046114859805,False,B_no_bridge,1000,10,29002010,30,-153.24957219308163,-44.10446725771044,-152.1883849209075,0.006924569230360503,False,0.1230992506841184,False,0.9902772802059928,1000,True,12.833053013309836
cstr,3,stratum_Severe,Severe,17.955046114859805,False,B_no_bridge,1000,11,29002011,30,-153.24957219308163,-44.10446725771044,-151.35653458835336,0.012352645280752946,False,0.0630100952272673,False,0.9826557718200077,1000,True,12.7559220418334
cstr,3,stratum_Severe,Severe,17.955046114859805,False,B_no_bridge,1000,12,29002012,30,-153.24957219308163,-44.10446725771044,-148.55674616115613,0.03062211505564882,False,0.1030062522029369,False,0.9570037883540055,1000,True,12.87923997733742
cstr,3,stratum_Severe,Severe,17.955046114859805,False,B_no_bridge,1000,13,29002013,30,-153.24957219308163,-44.10446725771044,-150.88385453312807,0.0154370261926275,False,0.30226186327877846,False,0.978325022809274,1000,True,13.063410005997866
cstr,3,stratum_Severe,Severe,17.955046114859805,False,B_no_bridge,1000,14,29002014,30,-153.24957219308163,-44.10446725771044,-144.51174237223444,0.05701699323400565,False,0.49160760740509274,False,0.9199429985795406,1000,True,13.105944963172078
cstr,3,stratum_Severe,Severe,17.955046114859805,False,B_no_bridge,1000,15,29002015,30,-153.24957219308163,-44.10446725771044,-151.35555686358995,0.012359025231766253,False,0.24377205638282579,False,0.9826468137933149,1000,True,13.316836033482105
cstr,3,stratum_Severe,Severe,17.955046114859805,False,B_no_bridge,1000,16,29002016,30,-153.24957219308163,-44.10446725771044,-148.24217916939506,0.03267476020995138,False,0.6428603197154916,False,0.9541216894092353,1000,True,13.043049024417996
cstr,3,stratum_Severe,Severe,17.955046114859805,False,B_no_bridge,1000,17,29002017,30,-153.24957219308163,-44.10446725771044,-144.70024162632646,0.05578697835439131,False,1.0945347120456812,False,0.9216700504175835,1000,True,13.149262988008559
cstr,3,stratum_Severe,Severe,17.955046114859805,False,B_no_bridge,1000,18,29002018,30,-153.24957219308163,-44.10446725771044,-152.59369434356216,0.004279802156270419,False,0.07179149701565456,False,0.9939907717354082,1000,True,13.172933016903698
cstr,3,stratum_Severe,Severe,17.955046114859805,False,B_no_bridge,1000,19,29002019,30,-153.24957219308163,-44.10446725771044,-150.66426049632665,0.016869943972813894,False,0.2960505456525973,False,0.9763130769970322,1000,True,13.162465998902917
cstr,3,stratum_Severe,Severe,17.955046114859805,False,B_no_bridge,1000,20,29002020,30,-153.24957219308163,-44.10446725771044,-148.86922976606945,0.028583064633246193,False,0.47582749689435117,False,0.9598667990689465,1000,True,12.999438971746713
cstr,3,stratum_Severe,Severe,17.955046114859805,False,B_no_bridge,1000,21,29002021,30,-153.24957219308163,-44.10446725771044,-144.24290008787372,0.058771270786063,False,0.3913325287176345,False,0.917479834661013,1000,True,13.229241012595594
cstr,3,stratum_Severe,Severe,17.955046114859805,False,B_no_bridge,1000,22,29002022,30,-153.24957219308163,-44.10446725771044,-149.5983084054514,0.023825605092260494,False,0.41345573223009935,False,0.9665467013862667,1000,True,13.422176009044051
cstr,3,stratum_Severe,Severe,17.955046114859805,False,B_no_bridge,1000,23,29002023,30,-153.24957219308163,-44.10446725771044,-152.94240214912733,0.002004377823432305,False,0.02859896082502419,False,0.997185672741474,1000,True,13.233163976110518
cstr,3,stratum_Severe,Severe,17.955046114859805,False,B_no_bridge,1000,24,29002024,30,-153.24957219308163,-44.10446725771044,-144.83398899454525,0.05491423615808501,False,0.8852099416523574,False,0.9228954591823467,1000,True,13.161564012989402
cstr,3,stratum_Severe,Severe,17.955046114859805,False,B_no_bridge,1000,25,29002025,30,-153.24957219308163,-44.10446725771044,-148.32570091791152,0.03212975543557439,False,0.6252917586498306,False,0.9548869252717681,1000,True,13.167514989618212
cstr,3,stratum_Severe,Severe,17.955046114859805,False,B_no_bridge,1000,26,29002026,30,-153.24957219308163,-44.10446725771044,-150.07831387649549,0.020693423617461244,False,0.2636043021454691,False,0.9709445666989467,1000,True,13.123666984029114
cstr,3,stratum_Severe,Severe,17.955046114859805,False,B_no_bridge,1000,27,29002027,30,-153.24957219308163,-44.10446725771044,-148.31988814755638,0.03216768552746275,False,0.6055178799115352,False,0.9548336680014711,1000,True,13.15851102117449
cstr,3,stratum_Severe,Severe,17.955046114859805,False,B_no_bridge,1000,28,29002028,30,-153.24957219308163,-44.10446725771044,-151.47284618021544,0.011593676820367665,False,0.22508664627790398,False,0.9837214319971724,1000,True,13.44050996704027
cstr,3,stratum_Severe,Severe,17.955046114859805,False,B_no_bridge,1000,29,29002029,30,-153.24957219308163,-44.10446725771044,-151.50726988214197,0.011369051710920985,False,0.08209718833506928,False,0.9840368259119697,1000,True,13.08221701765433
cstr,3,stratum_Severe,Severe,17.955046114859805,False,C_fitness_group,1000,0,29003000,30,-153.24957219308163,-44.10446725771044,-153.2271818244228,0.0001461039553874718,False,0.006852690816596563,False,0.9997948568680922,1000,True,15.26881696190685
cstr,3,stratum_Severe,Severe,17.955046114859805,False,C_fitness_group,1000,1,29003001,30,-153.24957219308163,-44.10446725771044,-152.87386933884528,0.0024515752237337226,False,0.028070668961983736,False,0.9965577672543462,1000,True,15.520891989581287
cstr,3,stratum_Severe,Severe,17.955046114859805,False,C_fitness_group,1000,2,29003002,30,-153.24957219308163,-44.10446725771044,-153.2389743345527,6.915424543950326e-05,True,0.004714542708010083,False,0.9999029012017057,1000,True,15.351611014921218
cstr,3,stratum_Severe,Severe,17.955046114859805,False,C_fitness_group,1000,3,29003003,30,-153.24957219308163,-44.10446725771044,-152.7800547033431,0.0030637442116117817,False,0.034648721196707574,False,0.9956982267778609,1000,True,15.253088029567152
cstr,3,stratum_Severe,Severe,17.955046114859805,False,C_fitness_group,1000,4,29003004,30,-153.24957219308163,-44.10446725771044,-152.88453605182605,0.0023819716820851658,False,0.027669317563471685,False,0.9966554969050445,1000,True,15.337294025812298
cstr,3,stratum_Severe,Severe,17.955046114859805,False,C_fitness_group,1000,5,29003005,30,-153.24957219308163,-44.10446725771044,-153.24735345582442,1.4477934427207994e-05,True,0.002157165438052222,False,0.9999796716741578,1000,True,15.588034992106259
cstr,3,stratum_Severe,Severe,17.955046114859805,False,C_fitness_group,1000,6,29003006,30,-153.24957219308163,-44.10446725771044,-152.72867170343685,0.003399033890864615,False,0.03305277278830321,False,0.9952274498251367,1000,True,15.301965991966426
cstr,3,stratum_Severe,Severe,17.955046114859805,False,C_fitness_group,1000,7,29003007,30,-153.24957219308163,-44.10446725771044,-152.93731636842412,0.002037564087057263,False,0.02559091353666526,False,0.997139076233951,1000,True,15.180803020484746
cstr,3,stratum_Severe,Severe,17.955046114859805,False,C_fitness_group,1000,8,29003008,30,-153.24957219308163,-44.10446725771044,-153.2367828699149,8.345421774247686e-05,True,0.0051790999937798565,False,0.9998828227507379,1000,True,15.282463980838656
cstr,3,stratum_Severe,Severe,17.955046114859805,False,C_fitness_group,1000,9,29003009,30,-153.24957219308163,-44.10446725771044,-153.10363543764353,0.0009522816497930074,False,0.01749495616318164,False,0.9986629106681009,1000,True,15.013886033557355
cstr,3,stratum_Severe,Severe,17.955046114859805,False,C_fitness_group,1000,10,29003010,30,-153.24957219308163,-44.10446725771044,-153.24596386757997,2.3545419736069797e-05,True,0.0027509542584644997,False,0.999966940106899,1000,True,15.202933049295098
cstr,3,stratum_Severe,Severe,17.955046114859805,False,C_fitness_group,1000,11,29003011,30,-153.24957219308163,-44.10446725771044,-153.24794448457942,1.0621292307176706e-05,True,0.0018476462774784652,False,0.9999850867475626,1000,True,15.15205402392894
cstr,3,stratum_Severe,Severe,17.955046114859805,False,C_fitness_group,1000,12,29003012,30,-153.24957219308163,-44.10446725771044,-153.16835769863508,0.0005299492408646489,False,0.013051105127895979,False,0.9992559034645242,1000,True,15.167558973189443
cstr,3,stratum_Severe,Severe,17.955046114859805,False,C_fitness_group,1000,13,29003013,30,-153.24957219308163,-44.10446725771044,-153.23655872202133,8.491685082101631e-05,True,0.005224287763481605,False,0.9998807690819665,1000,True,15.770363970659673
cstr,3,stratum_Severe,Severe,17.955046114859805,False,C_fitness_group,1000,14,29003014,30,-153.24957219308163,-44.10446725771044,-151.34739223004715,0.012412301945208022,False,0.06316206448135542,False,0.9825720084820951,1000,True,15.052734001073986
cstr,3,stratum_Severe,Severe,17.955046114859805,False,C_fitness_group,1000,15,29003015,30,-153.24957219308163,-44.10446725771044,-153.2433354179683,4.069685170460848e-05,True,0.0036166839394525807,False,0.9999428579493599,1000,True,15.180364018306136
cstr,3,stratum_Severe,Severe,17.955046114859805,False,C_fitness_group,1000,16,29003016,30,-153.24957219308163,-44.10446725771044,-153.0246847760714,0.0014674586936326537,False,0.02443384503040297,False,0.9979395556296969,1000,True,15.184457995928824
cstr,3,stratum_Severe,Severe,17.955046114859805,False,C_fitness_group,1000,17,29003017,30,-153.24957219308163,-44.10446725771044,-152.64474837986543,0.003946659064432314,False,0.03561598472002858,False,0.9944585346857806,1000,True,15.132667031139135
cstr,3,stratum_Severe,Severe,17.955046114859805,False,C_fitness_group,1000,18,29003018,30,-153.24957219308163,-44.10446725771044,-149.8722972166945,0.022037744889310644,False,0.4242141572842643,False,0.9690570183757949,1000,True,15.193901024758816
cstr,3,stratum_Severe,Severe,17.955046114859805,False,C_fitness_group,1000,19,29003019,30,-153.24957219308163,-44.10446725771044,-152.93252173692,0.0020688505137370383,False,0.025786636990252465,False,0.997095147268864,1000,True,14.989972987677902
cstr,3,stratum_Severe,Severe,17.955046114859805,False,C_fitness_group,1000,20,29003020,30,-153.24957219308163,-44.10446725771044,-153.24242494835565,4.663794243405859e-05,True,0.003871683447811969,False,0.9999345161220907,1000,True,14.975591970141977
cstr,3,stratum_Severe,Severe,17.955046114859805,False,C_fitness_group,1000,21,29003021,30,-153.24957219308163,-44.10446725771044,-152.9171048208121,0.002169450573412619,False,0.02640614664621127,False,0.9969538957109768,1000,True,15.217663021758199
cstr,3,stratum_Severe,Severe,17.955046114859805,False,C_fitness_group,1000,22,29003022,30,-153.24957219308163,-44.10446725771044,-153.09060984035207,0.0010372776279550119,False,0.018259028072699635,False,0.9985435686481433,1000,True,15.28687501559034
cstr,3,stratum_Severe,Severe,17.955046114859805,False,C_fitness_group,1000,23,29003023,30,-153.24957219308163,-44.10446725771044,-153.19418951038932,0.0003613888241236579,False,0.010777487051809032,False,0.9994925774937401,1000,True,15.383591002319008
cstr,3,stratum_Severe,Severe,17.955046114859805,False,C_fitness_group,1000,24,29003024,30,-153.24957219308163,-44.10446725771044,-153.22007167429263,0.0001924998443182521,False,0.007865844237402664,False,0.9997297128551347,1000,True,15.233912039548159
cstr,3,stratum_Severe,Severe,17.955046114859805,False,C_fitness_group,1000,25,29003025,30,-153.24957219308163,-44.10446725771044,-152.4525434455605,0.005200854632839924,False,0.07068387480137127,False,0.9926975309795792,1000,True,15.175150998402387
cstr,3,stratum_Severe,Severe,17.955046114859805,False,C_fitness_group,1000,26,29003026,30,-153.24957219308163,-44.10446725771044,-151.74613937095842,0.00981035575243901,False,0.08928552461794267,False,0.9862253756317019,1000,True,15.419248025864363
cstr,3,stratum_Severe,Severe,17.955046114859805,False,C_fitness_group,1000,27,29003027,30,-153.24957219308163,-44.10446725771044,-152.4536175655897,0.005193845673442412,False,0.09782515999194714,False,0.9927073721907799,1000,True,15.34219301538542
cstr,3,stratum_Severe,Severe,17.955046114859805,False,C_fitness_group,1000,28,29003028,30,-153.24957219308163,-44.10446725771044,-153.2372996535676,8.008204746295232e-05,True,0.00507338399966506,False,0.9998875575819794,1000,True,15.551741002127528
cstr,3,stratum_Severe,Severe,17.955046114859805,False,C_fitness_group,1000,29,29003029,30,-153.24957219308163,-44.10446725771044,-152.72905434478469,0.0033965370398629127,False,0.06458733092428792,False,0.9952309556291584,1000,True,15.436613000929356
cstr,3,stratum_Severe,Severe,17.955046114859805,False,D_no_warm_slot,1000,0,29004000,30,-153.24957219308163,-44.10446725771044,-153.23280587750054,0.00010940530104690961,False,0.005929926815513409,False,0.9998463850889967,1000,True,12.131903029512614
cstr,3,stratum_Severe,Severe,17.955046114859805,False,D_no_warm_slot,1000,1,29004001,30,-153.24957219308163,-44.10446725771044,-153.2492332126734,2.211950111046576e-06,True,0.0008431751810691335,False,0.9999968942225267,1000,True,12.139518978074193
cstr,3,stratum_Severe,Severe,17.955046114859805,False,D_no_warm_slot,1000,2,29004002,30,-153.24957219308163,-44.10446725771044,-153.238320216402,7.342256502650802e-05,True,0.004857859244557061,False,0.999896908096004,1000,True,12.145423970650882
cstr,3,stratum_Severe,Severe,17.955046114859805,False,D_no_warm_slot,1000,3,29004003,30,-153.24957219308163,-44.10446725771044,-153.24561192660383,2.584194148884702e-05,True,0.0028819916632115694,False,0.9999637155832124,1000,True,12.06801796797663
cstr,3,stratum_Severe,Severe,17.955046114859805,False,D_no_warm_slot,1000,4,29004004,30,-153.24957219308163,-44.10446725771044,-153.24915237848268,2.739417754636894e-06,True,0.000938337955720514,False,0.9999961536103776,1000,True,12.083681009244174
cstr,3,stratum_Severe,Severe,17.955046114859805,False,D_no_warm_slot,1000,5,29004005,30,-153.24957219308163,-44.10446725771044,-153.22277953009137,0.00017483026286366321,False,0.007496153240405201,False,0.9997545225412892,1000,True,12.258966045919806
cstr,3,stratum_Severe,Severe,17.955046114859805,False,D_no_warm_slot,1000,6,29004006,30,-153.24957219308163,-44.10446725771044,-153.24278914692135,4.4261436186807175e-05,True,0.003771750022831255,False,0.9999378529512222,1000,True,11.995204025879502
cstr,3,stratum_Severe,Severe,17.955046114859805,False,D_no_warm_slot,1000,7,29004007,30,-153.24957219308163,-44.10446725771044,-153.2208786217328,0.00018723426720361404,False,0.007757518472693903,False,0.9997371062003575,1000,True,11.998407018836588
cstr,3,stratum_Severe,Severe,17.955046114859805,False,D_no_warm_slot,1000,8,29004008,30,-153.24957219308163,-44.10446725771044,-153.2488749342973,4.5498253231625775e-06,True,0.0012092817885082097,False,0.999993611634853,1000,True,11.839945043902844
cstr,3,stratum_Severe,Severe,17.955046114859805,False,D_no_warm_slot,1000,9,29004009,30,-153.24957219308163,-44.10446725771044,-153.2494652770981,6.976592626440227e-07,True,0.0004735347261958234,False,0.9999990204234666,1000,True,12.033785984385759
cstr,3,stratum_Severe,Severe,17.955046114859805,False,D_no_warm_slot,1000,10,29004010,30,-153.24957219308163,-44.10446725771044,-153.2057053405763,0.0002862445348302654,False,0.009591769917346449,False,0.9995980868539059,1000,True,11.875103984493762
cstr,3,stratum_Severe,Severe,17.955046114859805,False,D_no_warm_slot,1000,11,29004011,30,-153.24957219308163,-44.10446725771044,-153.24163703438728,5.177932036478411e-05,True,0.004079513021056802,False,0.9999272971637249,1000,True,11.775941995438188
cstr,3,stratum_Severe,Severe,17.955046114859805,False,D_no_warm_slot,1000,12,29004012,30,-153.24957219308163,-44.10446725771044,-153.22542852811003,0.00015754474629909302,False,0.007115937309793652,False,0.9997787929656955,1000,True,11.712741979863495
cstr,3,stratum_Severe,Severe,17.955046114859805,False,D_no_warm_slot,1000,13,29004013,30,-153.24957219308163,-44.10446725771044,-153.1613442386444,0.000575714197270774,False,0.013602966248137172,False,0.9991916453377412,1000,True,12.157835997641087
cstr,3,stratum_Severe,Severe,17.955046114859805,False,D_no_warm_slot,1000,14,29004014,30,-153.24957219308163,-44.10446725771044,-153.2061643068671,0.00028324964039604686,False,0.0095414600085727,False,0.9996022919558304,1000,True,12.120004976168275
cstr,3,stratum_Severe,Severe,17.955046114859805,False,D_no_warm_slot,1000,15,29004015,30,-153.24957219308163,-44.10446725771044,-153.2462351173787,2.177543242169751e-05,True,0.0026455352026799606,False,0.9999694253287409,1000,True,12.171396985650063
cstr,3,stratum_Severe,Severe,17.955046114859805,False,D_no_warm_slot,1000,16,29004016,30,-153.24957219308163,-44.10446725771044,-153.23936387698512,6.661236276501825e-05,True,0.004627085984795332,False,0.9999064702342578,1000,True,12.361149012576789
cstr,3,stratum_Severe,Severe,17.955046114859805,False,D_no_warm_slot,1000,17,29004017,30,-153.24957219308163,-44.10446725771044,-153.20396904500583,0.00029757439073528,False,0.00977975392434094,False,0.9995821787142648,1000,True,12.217647978104651
cstr,3,stratum_Severe,Severe,17.955046114859805,False,D_no_warm_slot,1000,18,29004018,30,-153.24957219308163,-44.10446725771044,-153.2182846249422,0.00020416088405127286,False,0.00810058567384786,False,0.9997133397035264,1000,True,12.008182995487005
cstr,3,stratum_Severe,Severe,17.955046114859805,False,D_no_warm_slot,1000,19,29004019,30,-153.24957219308163,-44.10446725771044,-153.22977339863075,0.00012919314662708064,False,0.006443916271235195,False,0.9998186011689429,1000,True,11.934375972487032
cstr,3,stratum_Severe,Severe,17.955046114859805,False,D_no_warm_slot,1000,20,29004020,30,-153.24957219308163,-44.10446725771044,-153.24543368895056,2.7004996306700004e-05,True,0.002946132071859897,False,0.9999620825493408,1000,True,12.06582598388195
cstr,3,stratum_Severe,Severe,17.955046114859805,False,D_no_warm_slot,1000,21,29004021,30,-153.24957219308163,-44.10446725771044,-153.10885048798252,0.0009182518625357935,False,0.017179521359491856,False,0.998710691558889,1000,True,11.907672975212336
cstr,3,stratum_Severe,Severe,17.955046114859805,False,D_no_warm_slot,1000,22,29004022,30,-153.24957219308163,-44.10446725771044,-153.24886630615669,4.60612656104713e-06,True,0.0012167408364595067,False,0.9999935325828367,1000,True,11.860283033456653
cstr,3,stratum_Severe,Severe,17.955046114859805,False,D_no_warm_slot,1000,23,29004023,30,-153.24957219308163,-44.10446725771044,-153.17416589061193,0.0004920490242850152,False,0.012575762829126758,False,0.999309118787193,1000,True,11.639518023002893
cstr,3,stratum_Severe,Severe,17.955046114859805,False,D_no_warm_slot,1000,24,29004024,30,-153.24957219308163,-44.10446725771044,-153.24184474746508,5.0423929450299875e-05,True,0.0040257656881107495,False,0.9999292002548247,1000,True,11.911673005670309
cstr,3,stratum_Severe,Severe,17.955046114859805,False,D_no_warm_slot,1000,25,29004025,30,-153.24957219308163,-44.10446725771044,-153.24443621580875,3.3513811486631346e-05,True,0.0032820263387015602,False,0.9999529435857345,1000,True,12.057442043442279
cstr,3,stratum_Severe,Severe,17.955046114859805,False,D_no_warm_slot,1000,26,29004026,30,-153.24957219308163,-44.10446725771044,-153.21946858242566,0.00019643520190740005,False,0.007945839887630868,False,0.9997241872581112,1000,True,12.077274965122342
cstr,3,stratum_Severe,Severe,17.955046114859805,False,D_no_warm_slot,1000,27,29004027,30,-153.24957219308163,-44.10446725771044,-152.92648160832024,0.0021082641872195323,False,0.025422100554242825,False,0.9970398069161901,1000,True,11.977338988799602
cstr,3,stratum_Severe,Severe,17.955046114859805,False,D_no_warm_slot,1000,28,29004028,30,-153.24957219308163,-44.10446725771044,-153.21854065319434,0.00020249022195114067,False,0.008067373774669706,False,0.9997156854638083,1000,True,12.016046966891736
cstr,3,stratum_Severe,Severe,17.955046114859805,False,D_no_warm_slot,1000,29,29004029,30,-153.24957219308163,-44.10446725771044,-153.2325078224932,0.00011135020048818879,False,0.005982402818797361,False,0.9998436542747516,1000,True,12.112852011341602
