system,alg,NP,requested_FE,realized_FE,trial,difference,overshoot,shortfall,J,interrupted,termination
pendcart,SGO,8,200,200,0,0,0,0,-2.1316887104658577,False,optimizer loop ended at budget
pendcart,SGO,8,200,200,1,0,0,0,-2.136940727894173,False,optimizer loop ended at budget
pendcart,SGO,8,200,200,2,0,0,0,-2.1373623666479684,False,optimizer loop ended at budget
pendcart,SGO,8,200,200,3,0,0,0,-2.13767927788429,False,optimizer loop ended at budget
pendcart,SGO,8,200,200,4,0,0,0,-2.1378008472065666,False,optimizer loop ended at budget
pendcart,GWO,8,200,200,0,0,0,0,-2.137836075811973,False,optimizer loop ended at budget
pendcart,GWO,8,200,200,1,0,0,0,-2.1378410842238256,False,optimizer loop ended at budget
pendcart,GWO,8,200,200,2,0,0,0,-2.1378399087089317,False,optimizer loop ended at budget
pendcart,GWO,8,200,200,3,0,0,0,-2.1378417551052196,False,optimizer loop ended at budget
pendcart,GWO,8,200,200,4,0,0,0,-2.1378410165396167,False,optimizer loop ended at budget
pendcart,PSO,8,200,200,0,0,0,0,-2.137841644536528,False,optimizer loop ended at budget
pendcart,PSO,8,200,200,1,0,0,0,-2.1378414235094736,False,optimizer loop ended at budget
pendcart,PSO,8,200,200,2,0,0,0,-2.1378380174648504,False,optimizer loop ended at budget
pendcart,PSO,8,200,200,3,0,0,0,-2.137841137289028,False,optimizer loop ended at budget
pendcart,PSO,8,200,200,4,0,0,0,-2.1378417849367146,False,optimizer loop ended at budget
pendcart,WOA,8,200,200,0,0,0,0,-2.1378408017333475,False,optimizer loop ended at budget
pendcart,WOA,8,200,200,1,0,0,0,-2.1378418236905827,False,optimizer loop ended at budget
pendcart,WOA,8,200,200,2,0,0,0,-2.1378418495552713,False,optimizer loop ended at budget
pendcart,WOA,8,200,200,3,0,0,0,-2.137841779513354,False,optimizer loop ended at budget
pendcart,WOA,8,200,200,4,0,0,0,-2.137832032641573,False,optimizer loop ended at budget
pendcart,SGO,8,500,500,0,0,0,0,-2.137835477385673,False,optimizer loop ended at budget
pendcart,SGO,8,500,500,1,0,0,0,-2.137734117754755,False,optimizer loop ended at budget
pendcart,SGO,8,500,500,2,0,0,0,-2.1378334642183066,False,optimizer loop ended at budget
pendcart,SGO,8,500,500,3,0,0,0,-2.1378247599677938,False,optimizer loop ended at budget
pendcart,SGO,8,500,500,4,0,0,0,-2.1378008472065666,False,optimizer loop ended at budget
pendcart,GWO,8,500,500,0,0,0,0,-2.1378407427488364,False,optimizer loop ended at budget
pendcart,GWO,8,500,500,1,0,0,0,-2.137836771566531,False,optimizer loop ended at budget
pendcart,GWO,8,500,500,2,0,0,0,-2.137841755988316,False,optimizer loop ended at budget
pendcart,GWO,8,500,500,3,0,0,0,-2.1378418328135274,False,optimizer loop ended at budget
pendcart,GWO,8,500,500,4,0,0,0,-2.1378418506510184,False,optimizer loop ended at budget
pendcart,PSO,8,500,500,0,0,0,0,-2.137841850809268,False,optimizer loop ended at budget
pendcart,PSO,8,500,500,1,0,0,0,-2.1378418508270842,False,optimizer loop ended at budget
pendcart,PSO,8,500,500,2,0,0,0,-2.1378418508268706,False,optimizer loop ended at budget
pendcart,PSO,8,500,500,3,0,0,0,-2.137841850740269,False,optimizer loop ended at budget
pendcart,PSO,8,500,500,4,0,0,0,-2.1378418507905224,False,optimizer loop ended at budget
pendcart,WOA,8,500,500,0,0,0,0,-2.1378418508267285,False,optimizer loop ended at budget
pendcart,WOA,8,500,500,1,0,0,0,-2.1378418484322483,False,optimizer loop ended at budget
pendcart,WOA,8,500,500,2,0,0,0,-2.137841850797164,False,optimizer loop ended at budget
pendcart,WOA,8,500,500,3,0,0,0,-2.137841848465806,False,optimizer loop ended at budget
pendcart,WOA,8,500,500,4,0,0,0,-2.137841845036934,False,optimizer loop ended at budget
pendcart,SGO,8,1000,1000,0,0,0,0,-2.1378418467342226,False,optimizer loop ended at budget
pendcart,SGO,8,1000,1000,1,0,0,0,-2.1378374127860695,False,optimizer loop ended at budget
pendcart,SGO,8,1000,1000,2,0,0,0,-2.1378401087356513,False,optimizer loop ended at budget
pendcart,SGO,8,1000,1000,3,0,0,0,-2.1378247599677938,False,optimizer loop ended at budget
pendcart,SGO,8,1000,1000,4,0,0,0,-2.1378008472065666,False,optimizer loop ended at budget
pendcart,GWO,8,1000,1000,0,0,0,0,-2.137841801991854,False,optimizer loop ended at budget
pendcart,GWO,8,1000,1000,1,0,0,0,-2.137841850825957,False,optimizer loop ended at budget
pendcart,GWO,8,1000,1000,2,0,0,0,-2.137841842335272,False,optimizer loop ended at budget
pendcart,GWO,8,1000,1000,3,0,0,0,-2.137841818347794,False,optimizer loop ended at budget
pendcart,GWO,8,1000,1000,4,0,0,0,-2.1378417480969616,False,optimizer loop ended at budget
pendcart,PSO,8,1000,1000,0,0,0,0,-2.1378418508270904,False,optimizer loop ended at budget
pendcart,PSO,8,1000,1000,1,0,0,0,-2.1378418508270904,False,optimizer loop ended at budget
pendcart,PSO,8,1000,1000,2,0,0,0,-2.1378418508270904,False,optimizer loop ended at budget
pendcart,PSO,8,1000,1000,3,0,0,0,-2.137841850827091,False,optimizer loop ended at budget
pendcart,PSO,8,1000,1000,4,0,0,0,-2.1378418508270904,False,optimizer loop ended at budget
pendcart,WOA,8,1000,1000,0,0,0,0,-2.137841850818805,False,optimizer loop ended at budget
pendcart,WOA,8,1000,1000,1,0,0,0,-2.1378418508235324,False,optimizer loop ended at budget
pendcart,WOA,8,1000,1000,2,0,0,0,-2.137841850826647,False,optimizer loop ended at budget
pendcart,WOA,8,1000,1000,3,0,0,0,-2.13784185073344,False,optimizer loop ended at budget
pendcart,WOA,8,1000,1000,4,0,0,0,-2.137841850827086,False,optimizer loop ended at budget
pendcart,SGO,8,2000,2000,0,0,0,0,-2.1378418467342226,False,optimizer loop ended at budget
pendcart,SGO,8,2000,2000,1,0,0,0,-2.1378374127860695,False,optimizer loop ended at budget
pendcart,SGO,8,2000,2000,2,0,0,0,-2.1378401087356513,False,optimizer loop ended at budget
pendcart,SGO,8,2000,2000,3,0,0,0,-2.13784145383696,False,optimizer loop ended at budget
pendcart,SGO,8,2000,2000,4,0,0,0,-2.1378154586324416,False,optimizer loop ended at budget
pendcart,GWO,8,2000,2000,0,0,0,0,-2.1378418500553718,False,optimizer loop ended at budget
pendcart,GWO,8,2000,2000,1,0,0,0,-2.137841849463573,False,optimizer loop ended at budget
pendcart,GWO,8,2000,2000,2,0,0,0,-2.1378418472823295,False,optimizer loop ended at budget
pendcart,GWO,8,2000,2000,3,0,0,0,-2.1378418506236194,False,optimizer loop ended at budget
pendcart,GWO,8,2000,2000,4,0,0,0,-2.1378418127174292,False,optimizer loop ended at budget
pendcart,PSO,8,2000,2000,0,0,0,0,-2.137841850827091,False,optimizer loop ended at budget
pendcart,PSO,8,2000,2000,1,0,0,0,-2.137841850827091,False,optimizer loop ended at budget
pendcart,PSO,8,2000,2000,2,0,0,0,-2.137841850827091,False,optimizer loop ended at budget
pendcart,PSO,8,2000,2000,3,0,0,0,-2.137841850827091,False,optimizer loop ended at budget
pendcart,PSO,8,2000,2000,4,0,0,0,-2.137841850827091,False,optimizer loop ended at budget
pendcart,WOA,8,2000,2000,0,0,0,0,-2.1378418508260735,False,optimizer loop ended at budget
pendcart,WOA,8,2000,2000,1,0,0,0,-2.1378418508198065,False,optimizer loop ended at budget
pendcart,WOA,8,2000,2000,2,0,0,0,-2.1378418508242376,False,optimizer loop ended at budget
pendcart,WOA,8,2000,2000,3,0,0,0,-2.1378418508178436,False,optimizer loop ended at budget
pendcart,WOA,8,2000,2000,4,0,0,0,-2.1378418508232637,False,optimizer loop ended at budget
pendcart,SGO,10,200,200,0,0,0,0,-2.1375609701455653,False,optimizer loop ended at budget
pendcart,SGO,10,200,200,1,0,0,0,-2.1374765310977235,False,optimizer loop ended at budget
pendcart,SGO,10,200,200,2,0,0,0,-2.1378333258668363,False,optimizer loop ended at budget
pendcart,SGO,10,200,200,3,0,0,0,-2.1375187246955423,False,optimizer loop ended at budget
pendcart,SGO,10,200,200,4,0,0,0,-2.1374121662057215,False,optimizer loop ended at budget
pendcart,GWO,10,200,200,0,0,0,0,-2.1378395803415957,False,optimizer loop ended at budget
pendcart,GWO,10,200,200,1,0,0,0,-2.1378265596575616,False,optimizer loop ended at budget
pendcart,GWO,10,200,200,2,0,0,0,-2.137829255835731,False,optimizer loop ended at budget
pendcart,GWO,10,200,200,3,0,0,0,-2.13780414675135,False,optimizer loop ended at budget
pendcart,GWO,10,200,200,4,0,0,0,-2.1377939858947093,False,optimizer loop ended at budget
pendcart,PSO,10,200,200,0,0,0,0,-2.1378403434872895,False,optimizer loop ended at budget
pendcart,PSO,10,200,200,1,0,0,0,-2.1378417461143853,False,optimizer loop ended at budget
pendcart,PSO,10,200,200,2,0,0,0,-2.13783581924506,False,optimizer loop ended at budget
pendcart,PSO,10,200,200,3,0,0,0,-2.1378417934182834,False,optimizer loop ended at budget
pendcart,PSO,10,200,200,4,0,0,0,-2.1378418308527043,False,optimizer loop ended at budget
pendcart,WOA,10,200,200,0,0,0,0,-2.137841328104138,False,optimizer loop ended at budget
pendcart,WOA,10,200,200,1,0,0,0,-2.137841832499962,False,optimizer loop ended at budget
pendcart,WOA,10,200,200,2,0,0,0,-2.1378418398017893,False,optimizer loop ended at budget
pendcart,WOA,10,200,200,3,0,0,0,-2.137841760578556,False,optimizer loop ended at budget
pendcart,WOA,10,200,200,4,0,0,0,-2.1378418459149695,False,optimizer loop ended at budget
pendcart,SGO,10,500,500,0,0,0,0,-2.137750175641796,False,optimizer loop ended at budget
pendcart,SGO,10,500,500,1,0,0,0,-2.137779830758981,False,optimizer loop ended at budget
pendcart,SGO,10,500,500,2,0,0,0,-2.1378417700436154,False,optimizer loop ended at budget
pendcart,SGO,10,500,500,3,0,0,0,-2.137790914263878,False,optimizer loop ended at budget
pendcart,SGO,10,500,500,4,0,0,0,-2.1378312759991682,False,optimizer loop ended at budget
pendcart,GWO,10,500,500,0,0,0,0,-2.137841836133543,False,optimizer loop ended at budget
pendcart,GWO,10,500,500,1,0,0,0,-2.137841787102519,False,optimizer loop ended at budget
pendcart,GWO,10,500,500,2,0,0,0,-2.137841794002591,False,optimizer loop ended at budget
pendcart,GWO,10,500,500,3,0,0,0,-2.137841841822313,False,optimizer loop ended at budget
pendcart,GWO,10,500,500,4,0,0,0,-2.1378415405518774,False,optimizer loop ended at budget
pendcart,PSO,10,500,500,0,0,0,0,-2.137841850750724,False,optimizer loop ended at budget
pendcart,PSO,10,500,500,1,0,0,0,-2.1378418495791425,False,optimizer loop ended at budget
pendcart,PSO,10,500,500,2,0,0,0,-2.137841850682669,False,optimizer loop ended at budget
pendcart,PSO,10,500,500,3,0,0,0,-2.137841850791732,False,optimizer loop ended at budget
pendcart,PSO,10,500,500,4,0,0,0,-2.137841850825451,False,optimizer loop ended at budget
pendcart,WOA,10,500,500,0,0,0,0,-2.1378418508177295,False,optimizer loop ended at budget
pendcart,WOA,10,500,500,1,0,0,0,-2.137841850813033,False,optimizer loop ended at budget
pendcart,WOA,10,500,500,2,0,0,0,-2.1378418497070233,False,optimizer loop ended at budget
pendcart,WOA,10,500,500,3,0,0,0,-2.1378417540038726,False,optimizer loop ended at budget
pendcart,WOA,10,500,500,4,0,0,0,-2.137841850620338,False,optimizer loop ended at budget
pendcart,SGO,10,1000,1000,0,0,0,0,-2.137834585267036,False,optimizer loop ended at budget
pendcart,SGO,10,1000,1000,1,0,0,0,-2.137779830758981,False,optimizer loop ended at budget
pendcart,SGO,10,1000,1000,2,0,0,0,-2.1378417700436154,False,optimizer loop ended at budget
pendcart,SGO,10,1000,1000,3,0,0,0,-2.1378250176854667,False,optimizer loop ended at budget
pendcart,SGO,10,1000,1000,4,0,0,0,-2.1378412671683695,False,optimizer loop ended at budget
pendcart,GWO,10,1000,1000,0,0,0,0,-2.137841838195453,False,optimizer loop ended at budget
pendcart,GWO,10,1000,1000,1,0,0,0,-2.1378416558160036,False,optimizer loop ended at budget
pendcart,GWO,10,1000,1000,2,0,0,0,-2.137841790154027,False,optimizer loop ended at budget
pendcart,GWO,10,1000,1000,3,0,0,0,-2.1378418504247327,False,optimizer loop ended at budget
pendcart,GWO,10,1000,1000,4,0,0,0,-2.1378411369277353,False,optimizer loop ended at budget
pendcart,PSO,10,1000,1000,0,0,0,0,-2.1378418508270904,False,optimizer loop ended at budget
pendcart,PSO,10,1000,1000,1,0,0,0,-2.1378418508270904,False,optimizer loop ended at budget
pendcart,PSO,10,1000,1000,2,0,0,0,-2.137841850827091,False,optimizer loop ended at budget
pendcart,PSO,10,1000,1000,3,0,0,0,-2.137841850827091,False,optimizer loop ended at budget
pendcart,PSO,10,1000,1000,4,0,0,0,-2.13784185082709,False,optimizer loop ended at budget
pendcart,WOA,10,1000,1000,0,0,0,0,-2.137841850716983,False,optimizer loop ended at budget
pendcart,WOA,10,1000,1000,1,0,0,0,-2.1378418502821095,False,optimizer loop ended at budget
pendcart,WOA,10,1000,1000,2,0,0,0,-2.137841850793273,False,optimizer loop ended at budget
pendcart,WOA,10,1000,1000,3,0,0,0,-2.137841850755142,False,optimizer loop ended at budget
pendcart,WOA,10,1000,1000,4,0,0,0,-2.137841850826752,False,optimizer loop ended at budget
pendcart,SGO,10,2000,2000,0,0,0,0,-2.137834585267036,False,optimizer loop ended at budget
pendcart,SGO,10,2000,2000,1,0,0,0,-2.137841094829521,False,optimizer loop ended at budget
pendcart,SGO,10,2000,2000,2,0,0,0,-2.1378417700436154,False,optimizer loop ended at budget
pendcart,SGO,10,2000,2000,3,0,0,0,-2.13783926930597,False,optimizer loop ended at budget
pendcart,SGO,10,2000,2000,4,0,0,0,-2.1378418415303417,False,optimizer loop ended at budget
pendcart,GWO,10,2000,2000,0,0,0,0,-2.1378418442649907,False,optimizer loop ended at budget
pendcart,GWO,10,2000,2000,1,0,0,0,-2.13784184997178,False,optimizer loop ended at budget
pendcart,GWO,10,2000,2000,2,0,0,0,-2.1378418491888196,False,optimizer loop ended at budget
pendcart,GWO,10,2000,2000,3,0,0,0,-2.1378418492962266,False,optimizer loop ended at budget
pendcart,GWO,10,2000,2000,4,0,0,0,-2.1378418489363082,False,optimizer loop ended at budget
pendcart,PSO,10,2000,2000,0,0,0,0,-2.137841850827091,False,optimizer loop ended at budget
pendcart,PSO,10,2000,2000,1,0,0,0,-2.137841850827091,False,optimizer loop ended at budget
pendcart,PSO,10,2000,2000,2,0,0,0,-2.137841850827091,False,optimizer loop ended at budget
pendcart,PSO,10,2000,2000,3,0,0,0,-2.137841850827091,False,optimizer loop ended at budget
pendcart,PSO,10,2000,2000,4,0,0,0,-2.137841850827091,False,optimizer loop ended at budget
pendcart,WOA,10,2000,2000,0,0,0,0,-2.1378418508267716,False,optimizer loop ended at budget
pendcart,WOA,10,2000,2000,1,0,0,0,-2.1378418508270234,False,optimizer loop ended at budget
pendcart,WOA,10,2000,2000,2,0,0,0,-2.137841850806436,False,optimizer loop ended at budget
pendcart,WOA,10,2000,2000,3,0,0,0,-2.1378418508270727,False,optimizer loop ended at budget
pendcart,WOA,10,2000,2000,4,0,0,0,-2.137841850821654,False,optimizer loop ended at budget
pendcart,SGO,14,200,200,0,0,0,0,-2.1375959568956513,False,optimizer loop ended at budget
pendcart,SGO,14,200,200,1,0,0,0,-2.137739740061739,False,optimizer loop ended at budget
pendcart,SGO,14,200,200,2,0,0,0,-2.1378418464838185,False,optimizer loop ended at budget
pendcart,SGO,14,200,200,3,0,0,0,-2.137734630572599,False,optimizer loop ended at budget
pendcart,SGO,14,200,200,4,0,0,0,-2.137534270305372,False,optimizer loop ended at budget
pendcart,GWO,14,200,200,0,0,0,0,-2.1378417405569943,False,optimizer loop ended at budget
pendcart,GWO,14,200,200,1,0,0,0,-2.137733906439208,False,optimizer loop ended at budget
pendcart,GWO,14,200,200,2,0,0,0,-2.1378032707528796,False,optimizer loop ended at budget
pendcart,GWO,14,200,200,3,0,0,0,-2.137828959116637,False,optimizer loop ended at budget
pendcart,GWO,14,200,200,4,0,0,0,-2.137841723636509,False,optimizer loop ended at budget
pendcart,PSO,14,200,200,0,0,0,0,-2.137841823815079,False,optimizer loop ended at budget
pendcart,PSO,14,200,200,1,0,0,0,-2.1378414256138236,False,optimizer loop ended at budget
pendcart,PSO,14,200,200,2,0,0,0,-2.137836777356797,False,optimizer loop ended at budget
pendcart,PSO,14,200,200,3,0,0,0,-2.1378413237819984,False,optimizer loop ended at budget
pendcart,PSO,14,200,200,4,0,0,0,-2.137841431728662,False,optimizer loop ended at budget
pendcart,WOA,14,200,200,0,0,0,0,-2.137827237251739,False,optimizer loop ended at budget
pendcart,WOA,14,200,200,1,0,0,0,-2.1378401343899354,False,optimizer loop ended at budget
pendcart,WOA,14,200,200,2,0,0,0,-2.1378417370504232,False,optimizer loop ended at budget
pendcart,WOA,14,200,200,3,0,0,0,-2.1378401741231783,False,optimizer loop ended at budget
pendcart,WOA,14,200,200,4,0,0,0,-2.137841774259037,False,optimizer loop ended at budget
pendcart,SGO,14,500,500,0,0,0,0,-2.1375959568956513,False,optimizer loop ended at budget
pendcart,SGO,14,500,500,1,0,0,0,-2.137839528462018,False,optimizer loop ended at budget
pendcart,SGO,14,500,500,2,0,0,0,-2.1378418464838185,False,optimizer loop ended at budget
pendcart,SGO,14,500,500,3,0,0,0,-2.137734630572599,False,optimizer loop ended at budget
pendcart,SGO,14,500,500,4,0,0,0,-2.1378305111394393,False,optimizer loop ended at budget
pendcart,GWO,14,500,500,0,0,0,0,-2.1378415387259606,False,optimizer loop ended at budget
pendcart,GWO,14,500,500,1,0,0,0,-2.1378396626195033,False,optimizer loop ended at budget
pendcart,GWO,14,500,500,2,0,0,0,-2.137841243819068,False,optimizer loop ended at budget
pendcart,GWO,14,500,500,3,0,0,0,-2.1378396160654103,False,optimizer loop ended at budget
pendcart,GWO,14,500,500,4,0,0,0,-2.1378418051734744,False,optimizer loop ended at budget
pendcart,PSO,14,500,500,0,0,0,0,-2.137841845809121,False,optimizer loop ended at budget
pendcart,PSO,14,500,500,1,0,0,0,-2.137841839572552,False,optimizer loop ended at budget
pendcart,PSO,14,500,500,2,0,0,0,-2.137841848374882,False,optimizer loop ended at budget
pendcart,PSO,14,500,500,3,0,0,0,-2.137841837751696,False,optimizer loop ended at budget
pendcart,PSO,14,500,500,4,0,0,0,-2.1378418501872978,False,optimizer loop ended at budget
pendcart,WOA,14,500,500,0,0,0,0,-2.1378418504844188,False,optimizer loop ended at budget
pendcart,WOA,14,500,500,1,0,0,0,-2.1378418506084134,False,optimizer loop ended at budget
pendcart,WOA,14,500,500,2,0,0,0,-2.1378418503909162,False,optimizer loop ended at budget
pendcart,WOA,14,500,500,3,0,0,0,-2.1378418501710277,False,optimizer loop ended at budget
pendcart,WOA,14,500,500,4,0,0,0,-2.137841850691195,False,optimizer loop ended at budget
pendcart,SGO,14,1000,1000,0,0,0,0,-2.137748426156566,False,optimizer loop ended at budget
pendcart,SGO,14,1000,1000,1,0,0,0,-2.137839528462018,False,optimizer loop ended at budget
pendcart,SGO,14,1000,1000,2,0,0,0,-2.1378418464838185,False,optimizer loop ended at budget
pendcart,SGO,14,1000,1000,3,0,0,0,-2.137837951214945,False,optimizer loop ended at budget
pendcart,SGO,14,1000,1000,4,0,0,0,-2.1378305111394393,False,optimizer loop ended at budget
pendcart,GWO,14,1000,1000,0,0,0,0,-2.137841840974422,False,optimizer loop ended at budget
pendcart,GWO,14,1000,1000,1,0,0,0,-2.1378417072287923,False,optimizer loop ended at budget
pendcart,GWO,14,1000,1000,2,0,0,0,-2.137841850723271,False,optimizer loop ended at budget
pendcart,GWO,14,1000,1000,3,0,0,0,-2.1378415727620785,False,optimizer loop ended at budget
pendcart,GWO,14,1000,1000,4,0,0,0,-2.137841847969103,False,optimizer loop ended at budget
pendcart,PSO,14,1000,1000,0,0,0,0,-2.137841850822585,False,optimizer loop ended at budget
pendcart,PSO,14,1000,1000,1,0,0,0,-2.1378418508270753,False,optimizer loop ended at budget
pendcart,PSO,14,1000,1000,2,0,0,0,-2.13784185082709,False,optimizer loop ended at budget
pendcart,PSO,14,1000,1000,3,0,0,0,-2.1378418508265216,False,optimizer loop ended at budget
pendcart,PSO,14,1000,1000,4,0,0,0,-2.137841850827088,False,optimizer loop ended at budget
pendcart,WOA,14,1000,1000,0,0,0,0,-2.1378418508134933,False,optimizer loop ended at budget
pendcart,WOA,14,1000,1000,1,0,0,0,-2.1378418507372197,False,optimizer loop ended at budget
pendcart,WOA,14,1000,1000,2,0,0,0,-2.137841850614064,False,optimizer loop ended at budget
pendcart,WOA,14,1000,1000,3,0,0,0,-2.1378418507911965,False,optimizer loop ended at budget
pendcart,WOA,14,1000,1000,4,0,0,0,-2.1378418508252395,False,optimizer loop ended at budget
pendcart,SGO,14,2000,2000,0,0,0,0,-2.1378203969977525,False,optimizer loop ended at budget
pendcart,SGO,14,2000,2000,1,0,0,0,-2.137839528462018,False,optimizer loop ended at budget
pendcart,SGO,14,2000,2000,2,0,0,0,-2.1378418464838185,False,optimizer loop ended at budget
pendcart,SGO,14,2000,2000,3,0,0,0,-2.1378391794491916,False,optimizer loop ended at budget
pendcart,SGO,14,2000,2000,4,0,0,0,-2.1378406896218025,False,optimizer loop ended at budget
pendcart,GWO,14,2000,2000,0,0,0,0,-2.137841849683058,False,optimizer loop ended at budget
pendcart,GWO,14,2000,2000,1,0,0,0,-2.137841847849731,False,optimizer loop ended at budget
pendcart,GWO,14,2000,2000,2,0,0,0,-2.1378418276856226,False,optimizer loop ended at budget
pendcart,GWO,14,2000,2000,3,0,0,0,-2.137841849466877,False,optimizer loop ended at budget
pendcart,GWO,14,2000,2000,4,0,0,0,-2.1378418508117556,False,optimizer loop ended at budget
pendcart,PSO,14,2000,2000,0,0,0,0,-2.1378418508270904,False,optimizer loop ended at budget
pendcart,PSO,14,2000,2000,1,0,0,0,-2.137841850827091,False,optimizer loop ended at budget
pendcart,PSO,14,2000,2000,2,0,0,0,-2.137841850827091,False,optimizer loop ended at budget
pendcart,PSO,14,2000,2000,3,0,0,0,-2.137841850827091,False,optimizer loop ended at budget
pendcart,PSO,14,2000,2000,4,0,0,0,-2.137841850827091,False,optimizer loop ended at budget
pendcart,WOA,14,2000,2000,0,0,0,0,-2.137841850806977,False,optimizer loop ended at budget
pendcart,WOA,14,2000,2000,1,0,0,0,-2.1378418508263004,False,optimizer loop ended at budget
pendcart,WOA,14,2000,2000,2,0,0,0,-2.1378418508270354,False,optimizer loop ended at budget
pendcart,WOA,14,2000,2000,3,0,0,0,-2.1378418508269146,False,optimizer loop ended at budget
pendcart,WOA,14,2000,2000,4,0,0,0,-2.1378418508270896,False,optimizer loop ended at budget
pendcart,SGO,20,200,200,0,0,0,0,-2.137831248021088,False,optimizer loop ended at budget
pendcart,SGO,20,200,200,1,0,0,0,-2.1378405489105132,False,optimizer loop ended at budget
pendcart,SGO,20,200,200,2,0,0,0,-2.137661661385121,False,optimizer loop ended at budget
pendcart,SGO,20,200,200,3,0,0,0,-2.1260134125332066,False,optimizer loop ended at budget
pendcart,SGO,20,200,200,4,0,0,0,-2.137345788506013,False,optimizer loop ended at budget
pendcart,GWO,20,200,200,0,0,0,0,-2.137836184656484,False,optimizer loop ended at budget
pendcart,GWO,20,200,200,1,0,0,0,-2.1378380851059506,False,optimizer loop ended at budget
pendcart,GWO,20,200,200,2,0,0,0,-2.1378369504279133,False,optimizer loop ended at budget
pendcart,GWO,20,200,200,3,0,0,0,-2.1377450406409944,False,optimizer loop ended at budget
pendcart,GWO,20,200,200,4,0,0,0,-2.1378413345166445,False,optimizer loop ended at budget
pendcart,PSO,20,200,200,0,0,0,0,-2.1378142361831656,False,optimizer loop ended at budget
pendcart,PSO,20,200,200,1,0,0,0,-2.1377837619496454,False,optimizer loop ended at budget
pendcart,PSO,20,200,200,2,0,0,0,-2.1378212581610843,False,optimizer loop ended at budget
pendcart,PSO,20,200,200,3,0,0,0,-2.1378289267888677,False,optimizer loop ended at budget
pendcart,PSO,20,200,200,4,0,0,0,-2.137840106555107,False,optimizer loop ended at budget
pendcart,WOA,20,200,200,0,0,0,0,-2.1378418396916956,False,optimizer loop ended at budget
pendcart,WOA,20,200,200,1,0,0,0,-2.1378416935328066,False,optimizer loop ended at budget
pendcart,WOA,20,200,200,2,0,0,0,-2.1378402818565787,False,optimizer loop ended at budget
pendcart,WOA,20,200,200,3,0,0,0,-2.137840731719727,False,optimizer loop ended at budget
pendcart,WOA,20,200,200,4,0,0,0,-2.1378418508221477,False,optimizer loop ended at budget
pendcart,SGO,20,500,500,0,0,0,0,-2.137831248021088,False,optimizer loop ended at budget
pendcart,SGO,20,500,500,1,0,0,0,-2.1378405489105132,False,optimizer loop ended at budget
pendcart,SGO,20,500,500,2,0,0,0,-2.1378410816962723,False,optimizer loop ended at budget
pendcart,SGO,20,500,500,3,0,0,0,-2.1378408063374255,False,optimizer loop ended at budget
pendcart,SGO,20,500,500,4,0,0,0,-2.137800031461009,False,optimizer loop ended at budget
pendcart,GWO,20,500,500,0,0,0,0,-2.137841816825566,False,optimizer loop ended at budget
pendcart,GWO,20,500,500,1,0,0,0,-2.1378416433089873,False,optimizer loop ended at budget
pendcart,GWO,20,500,500,2,0,0,0,-2.1378418484500155,False,optimizer loop ended at budget
pendcart,GWO,20,500,500,3,0,0,0,-2.137841558147674,False,optimizer loop ended at budget
pendcart,GWO,20,500,500,4,0,0,0,-2.137839982103767,False,optimizer loop ended at budget
pendcart,PSO,20,500,500,0,0,0,0,-2.1378418409405864,False,optimizer loop ended at budget
pendcart,PSO,20,500,500,1,0,0,0,-2.1378418434342525,False,optimizer loop ended at budget
pendcart,PSO,20,500,500,2,0,0,0,-2.1378416811745877,False,optimizer loop ended at budget
pendcart,PSO,20,500,500,3,0,0,0,-2.1378418435308357,False,optimizer loop ended at budget
pendcart,PSO,20,500,500,4,0,0,0,-2.137841246623364,False,optimizer loop ended at budget
pendcart,WOA,20,500,500,0,0,0,0,-2.1378418508262675,False,optimizer loop ended at budget
pendcart,WOA,20,500,500,1,0,0,0,-2.137841850719976,False,optimizer loop ended at budget
pendcart,WOA,20,500,500,2,0,0,0,-2.1378418307469613,False,optimizer loop ended at budget
pendcart,WOA,20,500,500,3,0,0,0,-2.137841850641246,False,optimizer loop ended at budget
pendcart,WOA,20,500,500,4,0,0,0,-2.1378418490648383,False,optimizer loop ended at budget
pendcart,SGO,20,1000,1000,0,0,0,0,-2.1378403722623465,False,optimizer loop ended at budget
pendcart,SGO,20,1000,1000,1,0,0,0,-2.1378405489105132,False,optimizer loop ended at budget
pendcart,SGO,20,1000,1000,2,0,0,0,-2.137841780538116,False,optimizer loop ended at budget
pendcart,SGO,20,1000,1000,3,0,0,0,-2.1378408063374255,False,optimizer loop ended at budget
pendcart,SGO,20,1000,1000,4,0,0,0,-2.1378349509866976,False,optimizer loop ended at budget
pendcart,GWO,20,1000,1000,0,0,0,0,-2.137841817737233,False,optimizer loop ended at budget
pendcart,GWO,20,1000,1000,1,0,0,0,-2.137841797662651,False,optimizer loop ended at budget
pendcart,GWO,20,1000,1000,2,0,0,0,-2.1378417775790517,False,optimizer loop ended at budget
pendcart,GWO,20,1000,1000,3,0,0,0,-2.137841798936653,False,optimizer loop ended at budget
pendcart,GWO,20,1000,1000,4,0,0,0,-2.1378418508173347,False,optimizer loop ended at budget
pendcart,PSO,20,1000,1000,0,0,0,0,-2.13784185082609,False,optimizer loop ended at budget
pendcart,PSO,20,1000,1000,1,0,0,0,-2.1378418507963084,False,optimizer loop ended at budget
pendcart,PSO,20,1000,1000,2,0,0,0,-2.137841850731487,False,optimizer loop ended at budget
pendcart,PSO,20,1000,1000,3,0,0,0,-2.137841850760725,False,optimizer loop ended at budget
pendcart,PSO,20,1000,1000,4,0,0,0,-2.1378418508180888,False,optimizer loop ended at budget
pendcart,WOA,20,1000,1000,0,0,0,0,-2.13784185067113,False,optimizer loop ended at budget
pendcart,WOA,20,1000,1000,1,0,0,0,-2.1378418503263785,False,optimizer loop ended at budget
pendcart,WOA,20,1000,1000,2,0,0,0,-2.13784185077928,False,optimizer loop ended at budget
pendcart,WOA,20,1000,1000,3,0,0,0,-2.137841850816942,False,optimizer loop ended at budget
pendcart,WOA,20,1000,1000,4,0,0,0,-2.1378418507701547,False,optimizer loop ended at budget
pendcart,SGO,20,2000,2000,0,0,0,0,-2.1378403722623465,False,optimizer loop ended at budget
pendcart,SGO,20,2000,2000,1,0,0,0,-2.137841711487866,False,optimizer loop ended at budget
pendcart,SGO,20,2000,2000,2,0,0,0,-2.137841780538116,False,optimizer loop ended at budget
pendcart,SGO,20,2000,2000,3,0,0,0,-2.1378413678012036,False,optimizer loop ended at budget
pendcart,SGO,20,2000,2000,4,0,0,0,-2.137841177631853,False,optimizer loop ended at budget
pendcart,GWO,20,2000,2000,0,0,0,0,-2.1378418499868617,False,optimizer loop ended at budget
pendcart,GWO,20,2000,2000,1,0,0,0,-2.1378417959321436,False,optimizer loop ended at budget
pendcart,GWO,20,2000,2000,2,0,0,0,-2.137841847831096,False,optimizer loop ended at budget
pendcart,GWO,20,2000,2000,3,0,0,0,-2.137841850639235,False,optimizer loop ended at budget
pendcart,GWO,20,2000,2000,4,0,0,0,-2.137841686299019,False,optimizer loop ended at budget
pendcart,PSO,20,2000,2000,0,0,0,0,-2.137841850827091,False,optimizer loop ended at budget
pendcart,PSO,20,2000,2000,1,0,0,0,-2.1378418508270896,False,optimizer loop ended at budget
pendcart,PSO,20,2000,2000,2,0,0,0,-2.1378418508270904,False,optimizer loop ended at budget
pendcart,PSO,20,2000,2000,3,0,0,0,-2.13784185082709,False,optimizer loop ended at budget
pendcart,PSO,20,2000,2000,4,0,0,0,-2.1378418508270887,False,optimizer loop ended at budget
pendcart,WOA,20,2000,2000,0,0,0,0,-2.1378418508241372,False,optimizer loop ended at budget
pendcart,WOA,20,2000,2000,1,0,0,0,-2.1378418508198025,False,optimizer loop ended at budget
pendcart,WOA,20,2000,2000,2,0,0,0,-2.1378418508174355,False,optimizer loop ended at budget
pendcart,WOA,20,2000,2000,3,0,0,0,-2.137841850816795,False,optimizer loop ended at budget
pendcart,WOA,20,2000,2000,4,0,0,0,-2.137841850826411,False,optimizer loop ended at budget
pendcart,SGO,30,200,200,0,0,0,0,-2.1377767400945955,False,optimizer loop ended at budget
pendcart,SGO,30,200,200,1,0,0,0,-2.136430349020784,False,optimizer loop ended at budget
pendcart,SGO,30,200,200,2,0,0,0,-2.137775200431139,False,optimizer loop ended at budget
pendcart,SGO,30,200,200,3,0,0,0,-2.137814635836812,False,optimizer loop ended at budget
pendcart,SGO,30,200,200,4,0,0,0,-2.137793773244937,False,optimizer loop ended at budget
pendcart,GWO,30,200,200,0,0,0,0,-2.137805392580232,False,optimizer loop ended at budget
pendcart,GWO,30,200,200,1,0,0,0,-2.1378205796844276,False,optimizer loop ended at budget
pendcart,GWO,30,200,200,2,0,0,0,-2.1378413321972225,False,optimizer loop ended at budget
pendcart,GWO,30,200,200,3,0,0,0,-2.137821586335531,False,optimizer loop ended at budget
pendcart,GWO,30,200,200,4,0,0,0,-2.1378418502796994,False,optimizer loop ended at budget
pendcart,PSO,30,200,200,0,0,0,0,-2.1376494309101837,False,optimizer loop ended at budget
pendcart,PSO,30,200,200,1,0,0,0,-2.1377837619496454,False,optimizer loop ended at budget
pendcart,PSO,30,200,200,2,0,0,0,-2.1378340866818197,False,optimizer loop ended at budget
pendcart,PSO,30,200,200,3,0,0,0,-2.1378278340222625,False,optimizer loop ended at budget
pendcart,PSO,30,200,200,4,0,0,0,-2.1378418423032155,False,optimizer loop ended at budget
pendcart,WOA,30,200,200,0,0,0,0,-2.137841811208294,False,optimizer loop ended at budget
pendcart,WOA,30,200,200,1,0,0,0,-2.137824462529148,False,optimizer loop ended at budget
pendcart,WOA,30,200,200,2,0,0,0,-2.1378418450206897,False,optimizer loop ended at budget
pendcart,WOA,30,200,200,3,0,0,0,-2.137826450653459,False,optimizer loop ended at budget
pendcart,WOA,30,200,200,4,0,0,0,-2.137841735636623,False,optimizer loop ended at budget
pendcart,SGO,30,500,500,0,0,0,0,-2.1377767400945955,False,optimizer loop ended at budget
pendcart,SGO,30,500,500,1,0,0,0,-2.1378401140648275,False,optimizer loop ended at budget
pendcart,SGO,30,500,500,2,0,0,0,-2.137775200431139,False,optimizer loop ended at budget
pendcart,SGO,30,500,500,3,0,0,0,-2.137825890586743,False,optimizer loop ended at budget
pendcart,SGO,30,500,500,4,0,0,0,-2.137793773244937,False,optimizer loop ended at budget
pendcart,GWO,30,500,500,0,0,0,0,-2.1378370925138097,False,optimizer loop ended at budget
pendcart,GWO,30,500,500,1,0,0,0,-2.137839880743869,False,optimizer loop ended at budget
pendcart,GWO,30,500,500,2,0,0,0,-2.1378402674592887,False,optimizer loop ended at budget
pendcart,GWO,30,500,500,3,0,0,0,-2.1378410057510693,False,optimizer loop ended at budget
pendcart,GWO,30,500,500,4,0,0,0,-2.137830572822417,False,optimizer loop ended at budget
pendcart,PSO,30,500,500,0,0,0,0,-2.1378361700214,False,optimizer loop ended at budget
pendcart,PSO,30,500,500,1,0,0,0,-2.137836719526079,False,optimizer loop ended at budget
pendcart,PSO,30,500,500,2,0,0,0,-2.1378415797902153,False,optimizer loop ended at budget
pendcart,PSO,30,500,500,3,0,0,0,-2.1378411974223006,False,optimizer loop ended at budget
pendcart,PSO,30,500,500,4,0,0,0,-2.1378418450385186,False,optimizer loop ended at budget
pendcart,WOA,30,500,500,0,0,0,0,-2.13784184984091,False,optimizer loop ended at budget
pendcart,WOA,30,500,500,1,0,0,0,-2.1378418327408504,False,optimizer loop ended at budget
pendcart,WOA,30,500,500,2,0,0,0,-2.1378417960850133,False,optimizer loop ended at budget
pendcart,WOA,30,500,500,3,0,0,0,-2.13784183425208,False,optimizer loop ended at budget
pendcart,WOA,30,500,500,4,0,0,0,-2.137841850513125,False,optimizer loop ended at budget
pendcart,SGO,30,1000,1000,0,0,0,0,-2.1378410611067613,False,optimizer loop ended at budget
pendcart,SGO,30,1000,1000,1,0,0,0,-2.1378401140648275,False,optimizer loop ended at budget
pendcart,SGO,30,1000,1000,2,0,0,0,-2.137775200431139,False,optimizer loop ended at budget
pendcart,SGO,30,1000,1000,3,0,0,0,-2.137825890586743,False,optimizer loop ended at budget
pendcart,SGO,30,1000,1000,4,0,0,0,-2.1378417769144966,False,optimizer loop ended at budget
pendcart,GWO,30,1000,1000,0,0,0,0,-2.1378418354300677,False,optimizer loop ended at budget
pendcart,GWO,30,1000,1000,1,0,0,0,-2.1378418184229586,False,optimizer loop ended at budget
pendcart,GWO,30,1000,1000,2,0,0,0,-2.137841697435394,False,optimizer loop ended at budget
pendcart,GWO,30,1000,1000,3,0,0,0,-2.137841849886081,False,optimizer loop ended at budget
pendcart,GWO,30,1000,1000,4,0,0,0,-2.137841037306259,False,optimizer loop ended at budget
pendcart,PSO,30,1000,1000,0,0,0,0,-2.1378418506892367,False,optimizer loop ended at budget
pendcart,PSO,30,1000,1000,1,0,0,0,-2.137841849287121,False,optimizer loop ended at budget
pendcart,PSO,30,1000,1000,2,0,0,0,-2.1378418505511947,False,optimizer loop ended at budget
pendcart,PSO,30,1000,1000,3,0,0,0,-2.137841850827028,False,optimizer loop ended at budget
pendcart,PSO,30,1000,1000,4,0,0,0,-2.1378418102015897,False,optimizer loop ended at budget
pendcart,WOA,30,1000,1000,0,0,0,0,-2.137841850821813,False,optimizer loop ended at budget
pendcart,WOA,30,1000,1000,1,0,0,0,-2.1378418508012738,False,optimizer loop ended at budget
pendcart,WOA,30,1000,1000,2,0,0,0,-2.1378418507267827,False,optimizer loop ended at budget
pendcart,WOA,30,1000,1000,3,0,0,0,-2.1378418500243073,False,optimizer loop ended at budget
pendcart,WOA,30,1000,1000,4,0,0,0,-2.1378418508145742,False,optimizer loop ended at budget
pendcart,SGO,30,2000,2000,0,0,0,0,-2.1378410611067613,False,optimizer loop ended at budget
pendcart,SGO,30,2000,2000,1,0,0,0,-2.1378401140648275,False,optimizer loop ended at budget
pendcart,SGO,30,2000,2000,2,0,0,0,-2.1378397397960685,False,optimizer loop ended at budget
pendcart,SGO,30,2000,2000,3,0,0,0,-2.137831291460399,False,optimizer loop ended at budget
pendcart,SGO,30,2000,2000,4,0,0,0,-2.137841846421592,False,optimizer loop ended at budget
pendcart,GWO,30,2000,2000,0,0,0,0,-2.1378418508105717,False,optimizer loop ended at budget
pendcart,GWO,30,2000,2000,1,0,0,0,-2.1378418281609557,False,optimizer loop ended at budget
pendcart,GWO,30,2000,2000,2,0,0,0,-2.1378418244631763,False,optimizer loop ended at budget
pendcart,GWO,30,2000,2000,3,0,0,0,-2.137841850699564,False,optimizer loop ended at budget
pendcart,GWO,30,2000,2000,4,0,0,0,-2.1378418090239997,False,optimizer loop ended at budget
pendcart,PSO,30,2000,2000,0,0,0,0,-2.137841850823175,False,optimizer loop ended at budget
pendcart,PSO,30,2000,2000,1,0,0,0,-2.1378418508270443,False,optimizer loop ended at budget
pendcart,PSO,30,2000,2000,2,0,0,0,-2.1378418508252266,False,optimizer loop ended at budget
pendcart,PSO,30,2000,2000,3,0,0,0,-2.1378418508270443,False,optimizer loop ended at budget
pendcart,PSO,30,2000,2000,4,0,0,0,-2.1378418508270864,False,optimizer loop ended at budget
pendcart,WOA,30,2000,2000,0,0,0,0,-2.1378418508249757,False,optimizer loop ended at budget
pendcart,WOA,30,2000,2000,1,0,0,0,-2.137841850825435,False,optimizer loop ended at budget
pendcart,WOA,30,2000,2000,2,0,0,0,-2.1378418508234907,False,optimizer loop ended at budget
pendcart,WOA,30,2000,2000,3,0,0,0,-2.137841850827068,False,optimizer loop ended at budget
pendcart,WOA,30,2000,2000,4,0,0,0,-2.137841850827077,False,optimizer loop ended at budget
cstr,SGO,8,200,200,0,0,0,0,-2488.755108215865,False,optimizer loop ended at budget
cstr,SGO,8,200,200,1,0,0,0,-3404.760030526873,False,optimizer loop ended at budget
cstr,SGO,8,200,200,2,0,0,0,-3404.760030526873,False,optimizer loop ended at budget
cstr,SGO,8,200,200,3,0,0,0,-3390.9099115520853,False,optimizer loop ended at budget
cstr,SGO,8,200,200,4,0,0,0,-2194.8159412499385,False,optimizer loop ended at budget
cstr,GWO,8,200,200,0,0,0,0,-3404.760030526873,False,optimizer loop ended at budget
cstr,GWO,8,200,200,1,0,0,0,-3404.760030526873,False,optimizer loop ended at budget
cstr,GWO,8,200,200,2,0,0,0,-3404.760030526873,False,optimizer loop ended at budget
cstr,GWO,8,200,200,3,0,0,0,-3404.760030526873,False,optimizer loop ended at budget
cstr,GWO,8,200,200,4,0,0,0,-3404.760030526873,False,optimizer loop ended at budget
cstr,PSO,8,200,200,0,0,0,0,-3404.760030526873,False,optimizer loop ended at budget
cstr,PSO,8,200,200,1,0,0,0,-3404.760030526873,False,optimizer loop ended at budget
cstr,PSO,8,200,200,2,0,0,0,-3404.760030526873,False,optimizer loop ended at budget
cstr,PSO,8,200,200,3,0,0,0,-3404.760030526873,False,optimizer loop ended at budget
cstr,PSO,8,200,200,4,0,0,0,-3404.760030526873,False,optimizer loop ended at budget
cstr,WOA,8,200,200,0,0,0,0,-3404.760030526873,False,optimizer loop ended at budget
cstr,WOA,8,200,200,1,0,0,0,-3404.760030526873,False,optimizer loop ended at budget
cstr,WOA,8,200,200,2,0,0,0,-3404.760030526873,False,optimizer loop ended at budget
cstr,WOA,8,200,200,3,0,0,0,-3404.760030526873,False,optimizer loop ended at budget
cstr,WOA,8,200,200,4,0,0,0,-3404.760030526873,False,optimizer loop ended at budget
cstr,SGO,8,500,500,0,0,0,0,-3353.0410455035453,False,optimizer loop ended at budget
cstr,SGO,8,500,500,1,0,0,0,-3404.760030526873,False,optimizer loop ended at budget
cstr,SGO,8,500,500,2,0,0,0,-3404.760030526873,False,optimizer loop ended at budget
cstr,SGO,8,500,500,3,0,0,0,-3404.760030526873,False,optimizer loop ended at budget
cstr,SGO,8,500,500,4,0,0,0,-3404.760030526873,False,optimizer loop ended at budget
cstr,GWO,8,500,500,0,0,0,0,-3404.760030526873,False,optimizer loop ended at budget
cstr,GWO,8,500,500,1,0,0,0,-3404.760030526873,False,optimizer loop ended at budget
cstr,GWO,8,500,500,2,0,0,0,-3404.760030526873,False,optimizer loop ended at budget
cstr,GWO,8,500,500,3,0,0,0,-3404.760030526873,False,optimizer loop ended at budget
cstr,GWO,8,500,500,4,0,0,0,-3404.760030526873,False,optimizer loop ended at budget
cstr,PSO,8,500,500,0,0,0,0,-3404.760030526873,False,optimizer loop ended at budget
cstr,PSO,8,500,500,1,0,0,0,-3404.760030526873,False,optimizer loop ended at budget
cstr,PSO,8,500,500,2,0,0,0,-3404.760030526873,False,optimizer loop ended at budget
cstr,PSO,8,500,500,3,0,0,0,-3404.760030526873,False,optimizer loop ended at budget
cstr,PSO,8,500,500,4,0,0,0,-3404.760030526873,False,optimizer loop ended at budget
cstr,WOA,8,500,500,0,0,0,0,-3404.760030526873,False,optimizer loop ended at budget
cstr,WOA,8,500,500,1,0,0,0,-3404.760030526873,False,optimizer loop ended at budget
cstr,WOA,8,500,500,2,0,0,0,-3404.760030526873,False,optimizer loop ended at budget
cstr,WOA,8,500,500,3,0,0,0,-3404.760030526873,False,optimizer loop ended at budget
cstr,WOA,8,500,500,4,0,0,0,-3404.760030526873,False,optimizer loop ended at budget
cstr,SGO,8,1000,1000,0,0,0,0,-3404.760030526873,False,optimizer loop ended at budget
cstr,SGO,8,1000,1000,1,0,0,0,-3404.760030526873,False,optimizer loop ended at budget
cstr,SGO,8,1000,1000,2,0,0,0,-3404.760030526873,False,optimizer loop ended at budget
cstr,SGO,8,1000,1000,3,0,0,0,-3404.760030526873,False,optimizer loop ended at budget
cstr,SGO,8,1000,1000,4,0,0,0,-3404.760030526873,False,optimizer loop ended at budget
cstr,GWO,8,1000,1000,0,0,0,0,-3404.760030526873,False,optimizer loop ended at budget
cstr,GWO,8,1000,1000,1,0,0,0,-3404.760030526873,False,optimizer loop ended at budget
cstr,GWO,8,1000,1000,2,0,0,0,-3404.760030526873,False,optimizer loop ended at budget
cstr,GWO,8,1000,1000,3,0,0,0,-3404.760030526873,False,optimizer loop ended at budget
cstr,GWO,8,1000,1000,4,0,0,0,-3404.760030526873,False,optimizer loop ended at budget
cstr,PSO,8,1000,1000,0,0,0,0,-3404.760030526873,False,optimizer loop ended at budget
cstr,PSO,8,1000,1000,1,0,0,0,-3404.760030526873,False,optimizer loop ended at budget
cstr,PSO,8,1000,1000,2,0,0,0,-3404.760030526873,False,optimizer loop ended at budget
cstr,PSO,8,1000,1000,3,0,0,0,-3404.760030526873,False,optimizer loop ended at budget
cstr,PSO,8,1000,1000,4,0,0,0,-3404.760030526873,False,optimizer loop ended at budget
cstr,WOA,8,1000,1000,0,0,0,0,-3404.760030526873,False,optimizer loop ended at budget
cstr,WOA,8,1000,1000,1,0,0,0,-3404.760030526873,False,optimizer loop ended at budget
cstr,WOA,8,1000,1000,2,0,0,0,-3404.760030526873,False,optimizer loop ended at budget
cstr,WOA,8,1000,1000,3,0,0,0,-3404.760030526873,False,optimizer loop ended at budget
cstr,WOA,8,1000,1000,4,0,0,0,-3404.760030526873,False,optimizer loop ended at budget
cstr,SGO,8,2000,2000,0,0,0,0,-3404.760030526873,False,optimizer loop ended at budget
cstr,SGO,8,2000,2000,1,0,0,0,-3404.760030526873,False,optimizer loop ended at budget
cstr,SGO,8,2000,2000,2,0,0,0,-3404.760030526873,False,optimizer loop ended at budget
cstr,SGO,8,2000,2000,3,0,0,0,-3404.760030526873,False,optimizer loop ended at budget
cstr,SGO,8,2000,2000,4,0,0,0,-3404.760030526873,False,optimizer loop ended at budget
cstr,GWO,8,2000,2000,0,0,0,0,-3404.760030526873,False,optimizer loop ended at budget
cstr,GWO,8,2000,2000,1,0,0,0,-3404.760030526873,False,optimizer loop ended at budget
cstr,GWO,8,2000,2000,2,0,0,0,-3404.760030526873,False,optimizer loop ended at budget
cstr,GWO,8,2000,2000,3,0,0,0,-3404.760030526873,False,optimizer loop ended at budget
cstr,GWO,8,2000,2000,4,0,0,0,-3404.760030526873,False,optimizer loop ended at budget
cstr,PSO,8,2000,2000,0,0,0,0,-3404.760030526873,False,optimizer loop ended at budget
cstr,PSO,8,2000,2000,1,0,0,0,-3404.760030526873,False,optimizer loop ended at budget
cstr,PSO,8,2000,2000,2,0,0,0,-3404.760030526873,False,optimizer loop ended at budget
cstr,PSO,8,2000,2000,3,0,0,0,-3404.760030526873,False,optimizer loop ended at budget
cstr,PSO,8,2000,2000,4,0,0,0,-3404.760030526873,False,optimizer loop ended at budget
cstr,WOA,8,2000,2000,0,0,0,0,-3404.760030526873,False,optimizer loop ended at budget
cstr,WOA,8,2000,2000,1,0,0,0,-3404.760030526873,False,optimizer loop ended at budget
cstr,WOA,8,2000,2000,2,0,0,0,-3404.760030526873,False,optimizer loop ended at budget
cstr,WOA,8,2000,2000,3,0,0,0,-3404.760030526873,False,optimizer loop ended at budget
cstr,WOA,8,2000,2000,4,0,0,0,-3404.760030526873,False,optimizer loop ended at budget
cstr,SGO,10,200,200,0,0,0,0,-3404.760030526873,False,optimizer loop ended at budget
cstr,SGO,10,200,200,1,0,0,0,-3357.277358878007,False,optimizer loop ended at budget
cstr,SGO,10,200,200,2,0,0,0,-3404.760030526873,False,optimizer loop ended at budget
cstr,SGO,10,200,200,3,0,0,0,-3404.760030526873,False,optimizer loop ended at budget
cstr,SGO,10,200,200,4,0,0,0,-3404.760030526873,False,optimizer loop ended at budget
cstr,GWO,10,200,200,0,0,0,0,-3404.760030526873,False,optimizer loop ended at budget
cstr,GWO,10,200,200,1,0,0,0,-3404.760030526873,False,optimizer loop ended at budget
cstr,GWO,10,200,200,2,0,0,0,-3404.760030526873,False,optimizer loop ended at budget
cstr,GWO,10,200,200,3,0,0,0,-3404.760030526873,False,optimizer loop ended at budget
cstr,GWO,10,200,200,4,0,0,0,-3404.760030526873,False,optimizer loop ended at budget
cstr,PSO,10,200,200,0,0,0,0,-3404.760030526873,False,optimizer loop ended at budget
cstr,PSO,10,200,200,1,0,0,0,-3404.760030526873,False,optimizer loop ended at budget
cstr,PSO,10,200,200,2,0,0,0,-3404.760030526873,False,optimizer loop ended at budget
cstr,PSO,10,200,200,3,0,0,0,-3404.760030526873,False,optimizer loop ended at budget
cstr,PSO,10,200,200,4,0,0,0,-3404.760030526873,False,optimizer loop ended at budget
cstr,WOA,10,200,200,0,0,0,0,-3404.760030526873,False,optimizer loop ended at budget
cstr,WOA,10,200,200,1,0,0,0,-3404.760030526873,False,optimizer loop ended at budget
cstr,WOA,10,200,200,2,0,0,0,-3404.760030526873,False,optimizer loop ended at budget
cstr,WOA,10,200,200,3,0,0,0,-3404.760030526873,False,optimizer loop ended at budget
cstr,WOA,10,200,200,4,0,0,0,-3404.760030526873,False,optimizer loop ended at budget
cstr,SGO,10,500,500,0,0,0,0,-3404.760030526873,False,optimizer loop ended at budget
cstr,SGO,10,500,500,1,0,0,0,-3404.760030526873,False,optimizer loop ended at budget
cstr,SGO,10,500,500,2,0,0,0,-3404.760030526873,False,optimizer loop ended at budget
cstr,SGO,10,500,500,3,0,0,0,-3404.760030526873,False,optimizer loop ended at budget
cstr,SGO,10,500,500,4,0,0,0,-3404.760030526873,False,optimizer loop ended at budget
cstr,GWO,10,500,500,0,0,0,0,-3404.760030526873,False,optimizer loop ended at budget
cstr,GWO,10,500,500,1,0,0,0,-3404.760030526873,False,optimizer loop ended at budget
cstr,GWO,10,500,500,2,0,0,0,-3404.760030526873,False,optimizer loop ended at budget
cstr,GWO,10,500,500,3,0,0,0,-3404.760030526873,False,optimizer loop ended at budget
cstr,GWO,10,500,500,4,0,0,0,-3404.760030526873,False,optimizer loop ended at budget
cstr,PSO,10,500,500,0,0,0,0,-3404.760030526873,False,optimizer loop ended at budget
cstr,PSO,10,500,500,1,0,0,0,-3404.760030526873,False,optimizer loop ended at budget
cstr,PSO,10,500,500,2,0,0,0,-3404.760030526873,False,optimizer loop ended at budget
cstr,PSO,10,500,500,3,0,0,0,-3404.760030526873,False,optimizer loop ended at budget
cstr,PSO,10,500,500,4,0,0,0,-3404.760030526873,False,optimizer loop ended at budget
cstr,WOA,10,500,500,0,0,0,0,-3404.760030526873,False,optimizer loop ended at budget
cstr,WOA,10,500,500,1,0,0,0,-3404.760030526873,False,optimizer loop ended at budget
cstr,WOA,10,500,500,2,0,0,0,-3404.760030526873,False,optimizer loop ended at budget
cstr,WOA,10,500,500,3,0,0,0,-3404.760030526873,False,optimizer loop ended at budget
cstr,WOA,10,500,500,4,0,0,0,-3404.760030526873,False,optimizer loop ended at budget
cstr,SGO,10,1000,1000,0,0,0,0,-3404.760030526873,False,optimizer loop ended at budget
cstr,SGO,10,1000,1000,1,0,0,0,-3404.760030526873,False,optimizer loop ended at budget
cstr,SGO,10,1000,1000,2,0,0,0,-3404.760030526873,False,optimizer loop ended at budget
cstr,SGO,10,1000,1000,3,0,0,0,-3404.760030526873,False,optimizer loop ended at budget
cstr,SGO,10,1000,1000,4,0,0,0,-3404.760030526873,False,optimizer loop ended at budget
cstr,GWO,10,1000,1000,0,0,0,0,-3404.760030526873,False,optimizer loop ended at budget
cstr,GWO,10,1000,1000,1,0,0,0,-3404.760030526873,False,optimizer loop ended at budget
cstr,GWO,10,1000,1000,2,0,0,0,-3404.760030526873,False,optimizer loop ended at budget
cstr,GWO,10,1000,1000,3,0,0,0,-3404.760030526873,False,optimizer loop ended at budget
cstr,GWO,10,1000,1000,4,0,0,0,-3404.760030526873,False,optimizer loop ended at budget
cstr,PSO,10,1000,1000,0,0,0,0,-3404.760030526873,False,optimizer loop ended at budget
cstr,PSO,10,1000,1000,1,0,0,0,-3404.760030526873,False,optimizer loop ended at budget
cstr,PSO,10,1000,1000,2,0,0,0,-3404.760030526873,False,optimizer loop ended at budget
cstr,PSO,10,1000,1000,3,0,0,0,-3404.760030526873,False,optimizer loop ended at budget
cstr,PSO,10,1000,1000,4,0,0,0,-3404.760030526873,False,optimizer loop ended at budget
cstr,WOA,10,1000,1000,0,0,0,0,-3404.760030526873,False,optimizer loop ended at budget
cstr,WOA,10,1000,1000,1,0,0,0,-3404.760030526873,False,optimizer loop ended at budget
cstr,WOA,10,1000,1000,2,0,0,0,-3404.760030526873,False,optimizer loop ended at budget
cstr,WOA,10,1000,1000,3,0,0,0,-3404.760030526873,False,optimizer loop ended at budget
cstr,WOA,10,1000,1000,4,0,0,0,-3404.760030526873,False,optimizer loop ended at budget
cstr,SGO,10,2000,2000,0,0,0,0,-3404.760030526873,False,optimizer loop ended at budget
cstr,SGO,10,2000,2000,1,0,0,0,-3404.760030526873,False,optimizer loop ended at budget
cstr,SGO,10,2000,2000,2,0,0,0,-3404.760030526873,False,optimizer loop ended at budget
cstr,SGO,10,2000,2000,3,0,0,0,-3404.760030526873,False,optimizer loop ended at budget
cstr,SGO,10,2000,2000,4,0,0,0,-3404.760030526873,False,optimizer loop ended at budget
cstr,GWO,10,2000,2000,0,0,0,0,-3404.760030526873,False,optimizer loop ended at budget
cstr,GWO,10,2000,2000,1,0,0,0,-3404.760030526873,False,optimizer loop ended at budget
cstr,GWO,10,2000,2000,2,0,0,0,-3404.760030526873,False,optimizer loop ended at budget
cstr,GWO,10,2000,2000,3,0,0,0,-3404.760030526873,False,optimizer loop ended at budget
cstr,GWO,10,2000,2000,4,0,0,0,-3404.760030526873,False,optimizer loop ended at budget
cstr,PSO,10,2000,2000,0,0,0,0,-3404.760030526873,False,optimizer loop ended at budget
cstr,PSO,10,2000,2000,1,0,0,0,-3404.760030526873,False,optimizer loop ended at budget
cstr,PSO,10,2000,2000,2,0,0,0,-3404.760030526873,False,optimizer loop ended at budget
cstr,PSO,10,2000,2000,3,0,0,0,-3404.760030526873,False,optimizer loop ended at budget
cstr,PSO,10,2000,2000,4,0,0,0,-3404.760030526873,False,optimizer loop ended at budget
cstr,WOA,10,2000,2000,0,0,0,0,-3404.760030526873,False,optimizer loop ended at budget
cstr,WOA,10,2000,2000,1,0,0,0,-3404.760030526873,False,optimizer loop ended at budget
cstr,WOA,10,2000,2000,2,0,0,0,-3404.760030526873,False,optimizer loop ended at budget
cstr,WOA,10,2000,2000,3,0,0,0,-3404.760030526873,False,optimizer loop ended at budget
cstr,WOA,10,2000,2000,4,0,0,0,-3404.760030526873,False,optimizer loop ended at budget
cstr,SGO,14,200,200,0,0,0,0,-3404.760030526873,False,optimizer loop ended at budget
cstr,SGO,14,200,200,1,0,0,0,-3404.760030526873,False,optimizer loop ended at budget
cstr,SGO,14,200,200,2,0,0,0,-3404.760030526873,False,optimizer loop ended at budget
cstr,SGO,14,200,200,3,0,0,0,-3392.865188084219,False,optimizer loop ended at budget
cstr,SGO,14,200,200,4,0,0,0,-3404.760030526873,False,optimizer loop ended at budget
cstr,GWO,14,200,200,0,0,0,0,-3404.760030526873,False,optimizer loop ended at budget
cstr,GWO,14,200,200,1,0,0,0,-3404.760030526873,False,optimizer loop ended at budget
cstr,GWO,14,200,200,2,0,0,0,-3404.760030526873,False,optimizer loop ended at budget
cstr,GWO,14,200,200,3,0,0,0,-3404.760030526873,False,optimizer loop ended at budget
cstr,GWO,14,200,200,4,0,0,0,-3404.760030526873,False,optimizer loop ended at budget
cstr,PSO,14,200,200,0,0,0,0,-3404.760030526873,False,optimizer loop ended at budget
cstr,PSO,14,200,200,1,0,0,0,-3404.760030526873,False,optimizer loop ended at budget
cstr,PSO,14,200,200,2,0,0,0,-3404.760030526873,False,optimizer loop ended at budget
cstr,PSO,14,200,200,3,0,0,0,-3404.760030526873,False,optimizer loop ended at budget
cstr,PSO,14,200,200,4,0,0,0,-3404.760030526873,False,optimizer loop ended at budget
cstr,WOA,14,200,200,0,0,0,0,-3404.760030526873,False,optimizer loop ended at budget
cstr,WOA,14,200,200,1,0,0,0,-3404.760030526873,False,optimizer loop ended at budget
cstr,WOA,14,200,200,2,0,0,0,-3404.760030526873,False,optimizer loop ended at budget
cstr,WOA,14,200,200,3,0,0,0,-3404.760030526873,False,optimizer loop ended at budget
cstr,WOA,14,200,200,4,0,0,0,-3404.760030526873,False,optimizer loop ended at budget
cstr,SGO,14,500,500,0,0,0,0,-3404.760030526873,False,optimizer loop ended at budget
cstr,SGO,14,500,500,1,0,0,0,-3404.760030526873,False,optimizer loop ended at budget
cstr,SGO,14,500,500,2,0,0,0,-3404.760030526873,False,optimizer loop ended at budget
cstr,SGO,14,500,500,3,0,0,0,-3404.760030526873,False,optimizer loop ended at budget
cstr,SGO,14,500,500,4,0,0,0,-3404.760030526873,False,optimizer loop ended at budget
cstr,GWO,14,500,500,0,0,0,0,-3404.760030526873,False,optimizer loop ended at budget
cstr,GWO,14,500,500,1,0,0,0,-3404.760030526873,False,optimizer loop ended at budget
cstr,GWO,14,500,500,2,0,0,0,-3404.760030526873,False,optimizer loop ended at budget
cstr,GWO,14,500,500,3,0,0,0,-3404.760030526873,False,optimizer loop ended at budget
cstr,GWO,14,500,500,4,0,0,0,-3404.760030526873,False,optimizer loop ended at budget
cstr,PSO,14,500,500,0,0,0,0,-3404.760030526873,False,optimizer loop ended at budget
cstr,PSO,14,500,500,1,0,0,0,-3404.760030526873,False,optimizer loop ended at budget
cstr,PSO,14,500,500,2,0,0,0,-3404.760030526873,False,optimizer loop ended at budget
cstr,PSO,14,500,500,3,0,0,0,-3404.760030526873,False,optimizer loop ended at budget
cstr,PSO,14,500,500,4,0,0,0,-3404.760030526873,False,optimizer loop ended at budget
cstr,WOA,14,500,500,0,0,0,0,-3404.760030526873,False,optimizer loop ended at budget
cstr,WOA,14,500,500,1,0,0,0,-3404.760030526873,False,optimizer loop ended at budget
cstr,WOA,14,500,500,2,0,0,0,-3404.760030526873,False,optimizer loop ended at budget
cstr,WOA,14,500,500,3,0,0,0,-3404.760030526873,False,optimizer loop ended at budget
cstr,WOA,14,500,500,4,0,0,0,-3404.760030526873,False,optimizer loop ended at budget
cstr,SGO,14,1000,1000,0,0,0,0,-3404.760030526873,False,optimizer loop ended at budget
cstr,SGO,14,1000,1000,1,0,0,0,-3404.760030526873,False,optimizer loop ended at budget
cstr,SGO,14,1000,1000,2,0,0,0,-3404.760030526873,False,optimizer loop ended at budget
cstr,SGO,14,1000,1000,3,0,0,0,-3404.760030526873,False,optimizer loop ended at budget
cstr,SGO,14,1000,1000,4,0,0,0,-3404.760030526873,False,optimizer loop ended at budget
cstr,GWO,14,1000,1000,0,0,0,0,-3404.760030526873,False,optimizer loop ended at budget
cstr,GWO,14,1000,1000,1,0,0,0,-3404.760030526873,False,optimizer loop ended at budget
cstr,GWO,14,1000,1000,2,0,0,0,-3404.760030526873,False,optimizer loop ended at budget
cstr,GWO,14,1000,1000,3,0,0,0,-3404.760030526873,False,optimizer loop ended at budget
cstr,GWO,14,1000,1000,4,0,0,0,-3404.760030526873,False,optimizer loop ended at budget
cstr,PSO,14,1000,1000,0,0,0,0,-3404.760030526873,False,optimizer loop ended at budget
cstr,PSO,14,1000,1000,1,0,0,0,-3404.760030526873,False,optimizer loop ended at budget
cstr,PSO,14,1000,1000,2,0,0,0,-3404.760030526873,False,optimizer loop ended at budget
cstr,PSO,14,1000,1000,3,0,0,0,-3404.760030526873,False,optimizer loop ended at budget
cstr,PSO,14,1000,1000,4,0,0,0,-3404.760030526873,False,optimizer loop ended at budget
cstr,WOA,14,1000,1000,0,0,0,0,-3404.760030526873,False,optimizer loop ended at budget
cstr,WOA,14,1000,1000,1,0,0,0,-3404.760030526873,False,optimizer loop ended at budget
cstr,WOA,14,1000,1000,2,0,0,0,-3404.760030526873,False,optimizer loop ended at budget
cstr,WOA,14,1000,1000,3,0,0,0,-3404.760030526873,False,optimizer loop ended at budget
cstr,WOA,14,1000,1000,4,0,0,0,-3404.760030526873,False,optimizer loop ended at budget
cstr,SGO,14,2000,2000,0,0,0,0,-3404.760030526873,False,optimizer loop ended at budget
cstr,SGO,14,2000,2000,1,0,0,0,-3404.760030526873,False,optimizer loop ended at budget
cstr,SGO,14,2000,2000,2,0,0,0,-3404.760030526873,False,optimizer loop ended at budget
cstr,SGO,14,2000,2000,3,0,0,0,-3404.760030526873,False,optimizer loop ended at budget
cstr,SGO,14,2000,2000,4,0,0,0,-3404.760030526873,False,optimizer loop ended at budget
cstr,GWO,14,2000,2000,0,0,0,0,-3404.760030526873,False,optimizer loop ended at budget
cstr,GWO,14,2000,2000,1,0,0,0,-3404.760030526873,False,optimizer loop ended at budget
cstr,GWO,14,2000,2000,2,0,0,0,-3404.760030526873,False,optimizer loop ended at budget
cstr,GWO,14,2000,2000,3,0,0,0,-3404.760030526873,False,optimizer loop ended at budget
cstr,GWO,14,2000,2000,4,0,0,0,-3404.760030526873,False,optimizer loop ended at budget
cstr,PSO,14,2000,2000,0,0,0,0,-3404.760030526873,False,optimizer loop ended at budget
cstr,PSO,14,2000,2000,1,0,0,0,-3404.760030526873,False,optimizer loop ended at budget
cstr,PSO,14,2000,2000,2,0,0,0,-3404.760030526873,False,optimizer loop ended at budget
cstr,PSO,14,2000,2000,3,0,0,0,-3404.760030526873,False,optimizer loop ended at budget
cstr,PSO,14,2000,2000,4,0,0,0,-3404.760030526873,False,optimizer loop ended at budget
cstr,WOA,14,2000,2000,0,0,0,0,-3404.760030526873,False,optimizer loop ended at budget
cstr,WOA,14,2000,2000,1,0,0,0,-3404.760030526873,False,optimizer loop ended at budget
cstr,WOA,14,2000,2000,2,0,0,0,-3404.760030526873,False,optimizer loop ended at budget
cstr,WOA,14,2000,2000,3,0,0,0,-3404.760030526873,False,optimizer loop ended at budget
cstr,WOA,14,2000,2000,4,0,0,0,-3404.760030526873,False,optimizer loop ended at budget
cstr,SGO,20,200,200,0,0,0,0,-3404.760030526873,False,optimizer loop ended at budget
cstr,SGO,20,200,200,1,0,0,0,-3404.760030526873,False,optimizer loop ended at budget
cstr,SGO,20,200,200,2,0,0,0,-3404.760030526873,False,optimizer loop ended at budget
cstr,SGO,20,200,200,3,0,0,0,-3404.760030526873,False,optimizer loop ended at budget
cstr,SGO,20,200,200,4,0,0,0,-3395.6949840567167,False,optimizer loop ended at budget
cstr,GWO,20,200,200,0,0,0,0,-3404.760030526873,False,optimizer loop ended at budget
cstr,GWO,20,200,200,1,0,0,0,-3404.760030526873,False,optimizer loop ended at budget
cstr,GWO,20,200,200,2,0,0,0,-3404.760030526873,False,optimizer loop ended at budget
cstr,GWO,20,200,200,3,0,0,0,-3404.760030526873,False,optimizer loop ended at budget
cstr,GWO,20,200,200,4,0,0,0,-3404.760030526873,False,optimizer loop ended at budget
cstr,PSO,20,200,200,0,0,0,0,-3404.760030526873,False,optimizer loop ended at budget
cstr,PSO,20,200,200,1,0,0,0,-3404.760030526873,False,optimizer loop ended at budget
cstr,PSO,20,200,200,2,0,0,0,-3404.760030526873,False,optimizer loop ended at budget
cstr,PSO,20,200,200,3,0,0,0,-3404.760030526873,False,optimizer loop ended at budget
cstr,PSO,20,200,200,4,0,0,0,-3404.760030526873,False,optimizer loop ended at budget
cstr,WOA,20,200,200,0,0,0,0,-3404.760030526873,False,optimizer loop ended at budget
cstr,WOA,20,200,200,1,0,0,0,-3404.760030526873,False,optimizer loop ended at budget
cstr,WOA,20,200,200,2,0,0,0,-3404.760030526873,False,optimizer loop ended at budget
cstr,WOA,20,200,200,3,0,0,0,-3404.760030526873,False,optimizer loop ended at budget
cstr,WOA,20,200,200,4,0,0,0,-3404.760030526873,False,optimizer loop ended at budget
cstr,SGO,20,500,500,0,0,0,0,-3404.760030526873,False,optimizer loop ended at budget
cstr,SGO,20,500,500,1,0,0,0,-3404.760030526873,False,optimizer loop ended at budget
cstr,SGO,20,500,500,2,0,0,0,-3404.760030526873,False,optimizer loop ended at budget
cstr,SGO,20,500,500,3,0,0,0,-3404.760030526873,False,optimizer loop ended at budget
cstr,SGO,20,500,500,4,0,0,0,-3404.760030526873,False,optimizer loop ended at budget
cstr,GWO,20,500,500,0,0,0,0,-3404.760030526873,False,optimizer loop ended at budget
cstr,GWO,20,500,500,1,0,0,0,-3404.760030526873,False,optimizer loop ended at budget
cstr,GWO,20,500,500,2,0,0,0,-3404.760030526873,False,optimizer loop ended at budget
cstr,GWO,20,500,500,3,0,0,0,-3404.760030526873,False,optimizer loop ended at budget
cstr,GWO,20,500,500,4,0,0,0,-3404.760030526873,False,optimizer loop ended at budget
cstr,PSO,20,500,500,0,0,0,0,-3404.760030526873,False,optimizer loop ended at budget
cstr,PSO,20,500,500,1,0,0,0,-3404.760030526873,False,optimizer loop ended at budget
cstr,PSO,20,500,500,2,0,0,0,-3404.760030526873,False,optimizer loop ended at budget
cstr,PSO,20,500,500,3,0,0,0,-3404.760030526873,False,optimizer loop ended at budget
cstr,PSO,20,500,500,4,0,0,0,-3404.760030526873,False,optimizer loop ended at budget
cstr,WOA,20,500,500,0,0,0,0,-3404.760030526873,False,optimizer loop ended at budget
cstr,WOA,20,500,500,1,0,0,0,-3404.760030526873,False,optimizer loop ended at budget
cstr,WOA,20,500,500,2,0,0,0,-3404.760030526873,False,optimizer loop ended at budget
cstr,WOA,20,500,500,3,0,0,0,-3404.760030526873,False,optimizer loop ended at budget
cstr,WOA,20,500,500,4,0,0,0,-3404.760030526873,False,optimizer loop ended at budget
cstr,SGO,20,1000,1000,0,0,0,0,-3404.760030526873,False,optimizer loop ended at budget
cstr,SGO,20,1000,1000,1,0,0,0,-3404.760030526873,False,optimizer loop ended at budget
cstr,SGO,20,1000,1000,2,0,0,0,-3404.760030526873,False,optimizer loop ended at budget
cstr,SGO,20,1000,1000,3,0,0,0,-3404.760030526873,False,optimizer loop ended at budget
cstr,SGO,20,1000,1000,4,0,0,0,-3404.760030526873,False,optimizer loop ended at budget
cstr,GWO,20,1000,1000,0,0,0,0,-3404.760030526873,False,optimizer loop ended at budget
cstr,GWO,20,1000,1000,1,0,0,0,-3404.760030526873,False,optimizer loop ended at budget
cstr,GWO,20,1000,1000,2,0,0,0,-3404.760030526873,False,optimizer loop ended at budget
cstr,GWO,20,1000,1000,3,0,0,0,-3404.760030526873,False,optimizer loop ended at budget
cstr,GWO,20,1000,1000,4,0,0,0,-3404.760030526873,False,optimizer loop ended at budget
cstr,PSO,20,1000,1000,0,0,0,0,-3404.760030526873,False,optimizer loop ended at budget
cstr,PSO,20,1000,1000,1,0,0,0,-3404.760030526873,False,optimizer loop ended at budget
cstr,PSO,20,1000,1000,2,0,0,0,-3404.760030526873,False,optimizer loop ended at budget
cstr,PSO,20,1000,1000,3,0,0,0,-3404.760030526873,False,optimizer loop ended at budget
cstr,PSO,20,1000,1000,4,0,0,0,-3404.760030526873,False,optimizer loop ended at budget
cstr,WOA,20,1000,1000,0,0,0,0,-3404.760030526873,False,optimizer loop ended at budget
cstr,WOA,20,1000,1000,1,0,0,0,-3404.760030526873,False,optimizer loop ended at budget
cstr,WOA,20,1000,1000,2,0,0,0,-3404.760030526873,False,optimizer loop ended at budget
cstr,WOA,20,1000,1000,3,0,0,0,-3404.760030526873,False,optimizer loop ended at budget
cstr,WOA,20,1000,1000,4,0,0,0,-3404.760030526873,False,optimizer loop ended at budget
cstr,SGO,20,2000,2000,0,0,0,0,-3404.760030526873,False,optimizer loop ended at budget
cstr,SGO,20,2000,2000,1,0,0,0,-3404.760030526873,False,optimizer loop ended at budget
cstr,SGO,20,2000,2000,2,0,0,0,-3404.760030526873,False,optimizer loop ended at budget
cstr,SGO,20,2000,2000,3,0,0,0,-3404.760030526873,False,optimizer loop ended at budget
cstr,SGO,20,2000,2000,4,0,0,0,-3404.760030526873,False,optimizer loop ended at budget
cstr,GWO,20,2000,2000,0,0,0,0,-3404.760030526873,False,optimizer loop ended at budget
cstr,GWO,20,2000,2000,1,0,0,0,-3404.760030526873,False,optimizer loop ended at budget
cstr,GWO,20,2000,2000,2,0,0,0,-3404.760030526873,False,optimizer loop ended at budget
cstr,GWO,20,2000,2000,3,0,0,0,-3404.760030526873,False,optimizer loop ended at budget
cstr,GWO,20,2000,2000,4,0,0,0,-3404.760030526873,False,optimizer loop ended at budget
cstr,PSO,20,2000,2000,0,0,0,0,-3404.760030526873,False,optimizer loop ended at budget
cstr,PSO,20,2000,2000,1,0,0,0,-3404.760030526873,False,optimizer loop ended at budget
cstr,PSO,20,2000,2000,2,0,0,0,-3404.760030526873,False,optimizer loop ended at budget
cstr,PSO,20,2000,2000,3,0,0,0,-3404.760030526873,False,optimizer loop ended at budget
cstr,PSO,20,2000,2000,4,0,0,0,-3404.760030526873,False,optimizer loop ended at budget
cstr,WOA,20,2000,2000,0,0,0,0,-3404.760030526873,False,optimizer loop ended at budget
cstr,WOA,20,2000,2000,1,0,0,0,-3404.760030526873,False,optimizer loop ended at budget
cstr,WOA,20,2000,2000,2,0,0,0,-3404.760030526873,False,optimizer loop ended at budget
cstr,WOA,20,2000,2000,3,0,0,0,-3404.760030526873,False,optimizer loop ended at budget
cstr,WOA,20,2000,2000,4,0,0,0,-3404.760030526873,False,optimizer loop ended at budget
cstr,SGO,30,200,200,0,0,0,0,-3350.143781493667,False,optimizer loop ended at budget
cstr,SGO,30,200,200,1,0,0,0,-3335.9160145937567,False,optimizer loop ended at budget
cstr,SGO,30,200,200,2,0,0,0,-3331.2986552249363,False,optimizer loop ended at budget
cstr,SGO,30,200,200,3,0,0,0,-3332.7669071918826,False,optimizer loop ended at budget
cstr,SGO,30,200,200,4,0,0,0,-3404.760030526873,False,optimizer loop ended at budget
cstr,GWO,30,200,200,0,0,0,0,-3404.760030526873,False,optimizer loop ended at budget
cstr,GWO,30,200,200,1,0,0,0,-3404.760030526873,False,optimizer loop ended at budget
cstr,GWO,30,200,200,2,0,0,0,-3404.760030526873,False,optimizer loop ended at budget
cstr,GWO,30,200,200,3,0,0,0,-3404.760030526873,False,optimizer loop ended at budget
cstr,GWO,30,200,200,4,0,0,0,-3404.760030526873,False,optimizer loop ended at budget
cstr,PSO,30,200,200,0,0,0,0,-3404.760030526873,False,optimizer loop ended at budget
cstr,PSO,30,200,200,1,0,0,0,-3404.760030526873,False,optimizer loop ended at budget
cstr,PSO,30,200,200,2,0,0,0,-3404.760030526873,False,optimizer loop ended at budget
cstr,PSO,30,200,200,3,0,0,0,-3404.760030526873,False,optimizer loop ended at budget
cstr,PSO,30,200,200,4,0,0,0,-3404.760030526873,False,optimizer loop ended at budget
cstr,WOA,30,200,200,0,0,0,0,-3404.760030526873,False,optimizer loop ended at budget
cstr,WOA,30,200,200,1,0,0,0,-3404.760030526873,False,optimizer loop ended at budget
cstr,WOA,30,200,200,2,0,0,0,-3404.760030526873,False,optimizer loop ended at budget
cstr,WOA,30,200,200,3,0,0,0,-3404.760030526873,False,optimizer loop ended at budget
cstr,WOA,30,200,200,4,0,0,0,-3404.760030526873,False,optimizer loop ended at budget
cstr,SGO,30,500,500,0,0,0,0,-3404.760030526873,False,optimizer loop ended at budget
cstr,SGO,30,500,500,1,0,0,0,-3404.760030526873,False,optimizer loop ended at budget
cstr,SGO,30,500,500,2,0,0,0,-3404.760030526873,False,optimizer loop ended at budget
cstr,SGO,30,500,500,3,0,0,0,-3404.760030526873,False,optimizer loop ended at budget
cstr,SGO,30,500,500,4,0,0,0,-3404.760030526873,False,optimizer loop ended at budget
cstr,GWO,30,500,500,0,0,0,0,-3404.760030526873,False,optimizer loop ended at budget
cstr,GWO,30,500,500,1,0,0,0,-3404.760030526873,False,optimizer loop ended at budget
cstr,GWO,30,500,500,2,0,0,0,-3404.760030526873,False,optimizer loop ended at budget
cstr,GWO,30,500,500,3,0,0,0,-3404.760030526873,False,optimizer loop ended at budget
cstr,GWO,30,500,500,4,0,0,0,-3404.760030526873,False,optimizer loop ended at budget
cstr,PSO,30,500,500,0,0,0,0,-3404.760030526873,False,optimizer loop ended at budget
cstr,PSO,30,500,500,1,0,0,0,-3404.760030526873,False,optimizer loop ended at budget
cstr,PSO,30,500,500,2,0,0,0,-3404.760030526873,False,optimizer loop ended at budget
cstr,PSO,30,500,500,3,0,0,0,-3404.760030526873,False,optimizer loop ended at budget
cstr,PSO,30,500,500,4,0,0,0,-3404.760030526873,False,optimizer loop ended at budget
cstr,WOA,30,500,500,0,0,0,0,-3404.760030526873,False,optimizer loop ended at budget
cstr,WOA,30,500,500,1,0,0,0,-3404.760030526873,False,optimizer loop ended at budget
cstr,WOA,30,500,500,2,0,0,0,-3404.760030526873,False,optimizer loop ended at budget
cstr,WOA,30,500,500,3,0,0,0,-3404.760030526873,False,optimizer loop ended at budget
cstr,WOA,30,500,500,4,0,0,0,-3404.760030526873,False,optimizer loop ended at budget
cstr,SGO,30,1000,1000,0,0,0,0,-3404.760030526873,False,optimizer loop ended at budget
cstr,SGO,30,1000,1000,1,0,0,0,-3404.760030526873,False,optimizer loop ended at budget
cstr,SGO,30,1000,1000,2,0,0,0,-3404.760030526873,False,optimizer loop ended at budget
cstr,SGO,30,1000,1000,3,0,0,0,-3404.760030526873,False,optimizer loop ended at budget
cstr,SGO,30,1000,1000,4,0,0,0,-3404.760030526873,False,optimizer loop ended at budget
cstr,GWO,30,1000,1000,0,0,0,0,-3404.760030526873,False,optimizer loop ended at budget
cstr,GWO,30,1000,1000,1,0,0,0,-3404.760030526873,False,optimizer loop ended at budget
cstr,GWO,30,1000,1000,2,0,0,0,-3404.760030526873,False,optimizer loop ended at budget
cstr,GWO,30,1000,1000,3,0,0,0,-3404.760030526873,False,optimizer loop ended at budget
cstr,GWO,30,1000,1000,4,0,0,0,-3404.760030526873,False,optimizer loop ended at budget
cstr,PSO,30,1000,1000,0,0,0,0,-3404.760030526873,False,optimizer loop ended at budget
cstr,PSO,30,1000,1000,1,0,0,0,-3404.760030526873,False,optimizer loop ended at budget
cstr,PSO,30,1000,1000,2,0,0,0,-3404.760030526873,False,optimizer loop ended at budget
cstr,PSO,30,1000,1000,3,0,0,0,-3404.760030526873,False,optimizer loop ended at budget
cstr,PSO,30,1000,1000,4,0,0,0,-3404.760030526873,False,optimizer loop ended at budget
cstr,WOA,30,1000,1000,0,0,0,0,-3404.760030526873,False,optimizer loop ended at budget
cstr,WOA,30,1000,1000,1,0,0,0,-3404.760030526873,False,optimizer loop ended at budget
cstr,WOA,30,1000,1000,2,0,0,0,-3404.760030526873,False,optimizer loop ended at budget
cstr,WOA,30,1000,1000,3,0,0,0,-3404.760030526873,False,optimizer loop ended at budget
cstr,WOA,30,1000,1000,4,0,0,0,-3404.760030526873,False,optimizer loop ended at budget
cstr,SGO,30,2000,2000,0,0,0,0,-3404.760030526873,False,optimizer loop ended at budget
cstr,SGO,30,2000,2000,1,0,0,0,-3404.760030526873,False,optimizer loop ended at budget
cstr,SGO,30,2000,2000,2,0,0,0,-3404.760030526873,False,optimizer loop ended at budget
cstr,SGO,30,2000,2000,3,0,0,0,-3404.760030526873,False,optimizer loop ended at budget
cstr,SGO,30,2000,2000,4,0,0,0,-3404.760030526873,False,optimizer loop ended at budget
cstr,GWO,30,2000,2000,0,0,0,0,-3404.760030526873,False,optimizer loop ended at budget
cstr,GWO,30,2000,2000,1,0,0,0,-3404.760030526873,False,optimizer loop ended at budget
cstr,GWO,30,2000,2000,2,0,0,0,-3404.760030526873,False,optimizer loop ended at budget
cstr,GWO,30,2000,2000,3,0,0,0,-3404.760030526873,False,optimizer loop ended at budget
cstr,GWO,30,2000,2000,4,0,0,0,-3404.760030526873,False,optimizer loop ended at budget
cstr,PSO,30,2000,2000,0,0,0,0,-3404.760030526873,False,optimizer loop ended at budget
cstr,PSO,30,2000,2000,1,0,0,0,-3404.760030526873,False,optimizer loop ended at budget
cstr,PSO,30,2000,2000,2,0,0,0,-3404.760030526873,False,optimizer loop ended at budget
cstr,PSO,30,2000,2000,3,0,0,0,-3404.760030526873,False,optimizer loop ended at budget
cstr,PSO,30,2000,2000,4,0,0,0,-3404.760030526873,False,optimizer loop ended at budget
cstr,WOA,30,2000,2000,0,0,0,0,-3404.760030526873,False,optimizer loop ended at budget
cstr,WOA,30,2000,2000,1,0,0,0,-3404.760030526873,False,optimizer loop ended at budget
cstr,WOA,30,2000,2000,2,0,0,0,-3404.760030526873,False,optimizer loop ended at budget
cstr,WOA,30,2000,2000,3,0,0,0,-3404.760030526873,False,optimizer loop ended at budget
cstr,WOA,30,2000,2000,4,0,0,0,-3404.760030526873,False,optimizer loop ended at budget
flight,SGO,8,200,200,0,0,0,0,-7.344257746210765,False,optimizer loop ended at budget
flight,SGO,8,200,200,1,0,0,0,-7.3303558518466865,False,optimizer loop ended at budget
flight,SGO,8,200,200,2,0,0,0,-7.190984042162241,False,optimizer loop ended at budget
flight,SGO,8,200,200,3,0,0,0,-7.252095942647143,False,optimizer loop ended at budget
flight,SGO,8,200,200,4,0,0,0,-6.321422760571063,False,optimizer loop ended at budget
flight,GWO,8,200,200,0,0,0,0,-7.344862968980429,False,optimizer loop ended at budget
flight,GWO,8,200,200,1,0,0,0,-7.344862982995579,False,optimizer loop ended at budget
flight,GWO,8,200,200,2,0,0,0,-7.344861048915023,False,optimizer loop ended at budget
flight,GWO,8,200,200,3,0,0,0,-7.344855556160533,False,optimizer loop ended at budget
flight,GWO,8,200,200,4,0,0,0,-7.344862630656802,False,optimizer loop ended at budget
flight,PSO,8,200,200,0,0,0,0,-7.344820239082464,False,optimizer loop ended at budget
flight,PSO,8,200,200,1,0,0,0,-7.344852295356663,False,optimizer loop ended at budget
flight,PSO,8,200,200,2,0,0,0,-7.344842456474147,False,optimizer loop ended at budget
flight,PSO,8,200,200,3,0,0,0,-7.344823864813666,False,optimizer loop ended at budget
flight,PSO,8,200,200,4,0,0,0,-7.344711967480762,False,optimizer loop ended at budget
flight,WOA,8,200,200,0,0,0,0,-7.344862138695099,False,optimizer loop ended at budget
flight,WOA,8,200,200,1,0,0,0,-7.344862891575007,False,optimizer loop ended at budget
flight,WOA,8,200,200,2,0,0,0,-7.34486291346926,False,optimizer loop ended at budget
flight,WOA,8,200,200,3,0,0,0,-7.344862983090227,False,optimizer loop ended at budget
flight,WOA,8,200,200,4,0,0,0,-7.3448629831099055,False,optimizer loop ended at budget
flight,SGO,8,500,500,0,0,0,0,-7.344827436657032,False,optimizer loop ended at budget
flight,SGO,8,500,500,1,0,0,0,-7.34449829443121,False,optimizer loop ended at budget
flight,SGO,8,500,500,2,0,0,0,-7.190984042162241,False,optimizer loop ended at budget
flight,SGO,8,500,500,3,0,0,0,-7.344826486856041,False,optimizer loop ended at budget
flight,SGO,8,500,500,4,0,0,0,-6.659578285331808,False,optimizer loop ended at budget
flight,GWO,8,500,500,0,0,0,0,-7.344862980721789,False,optimizer loop ended at budget
flight,GWO,8,500,500,1,0,0,0,-7.344862970934028,False,optimizer loop ended at budget
flight,GWO,8,500,500,2,0,0,0,-7.3448628612608164,False,optimizer loop ended at budget
flight,GWO,8,500,500,3,0,0,0,-7.344862116412601,False,optimizer loop ended at budget
flight,GWO,8,500,500,4,0,0,0,-7.344862962979592,False,optimizer loop ended at budget
flight,PSO,8,500,500,0,0,0,0,-7.344862979835794,False,optimizer loop ended at budget
flight,PSO,8,500,500,1,0,0,0,-7.34486297964905,False,optimizer loop ended at budget
flight,PSO,8,500,500,2,0,0,0,-7.3448629831088095,False,optimizer loop ended at budget
flight,PSO,8,500,500,3,0,0,0,-7.344862982723883,False,optimizer loop ended at budget
flight,PSO,8,500,500,4,0,0,0,-7.344862981319846,False,optimizer loop ended at budget
flight,WOA,8,500,500,0,0,0,0,-7.34486298309944,False,optimizer loop ended at budget
flight,WOA,8,500,500,1,0,0,0,-7.344862983095648,False,optimizer loop ended at budget
flight,WOA,8,500,500,2,0,0,0,-7.344862982973154,False,optimizer loop ended at budget
flight,WOA,8,500,500,3,0,0,0,-7.34486297843816,False,optimizer loop ended at budget
flight,WOA,8,500,500,4,0,0,0,-7.3448629830424865,False,optimizer loop ended at budget
flight,SGO,8,1000,1000,0,0,0,0,-7.344846339829992,False,optimizer loop ended at budget
flight,SGO,8,1000,1000,1,0,0,0,-7.344846390718902,False,optimizer loop ended at budget
flight,SGO,8,1000,1000,2,0,0,0,-7.2630807280505785,False,optimizer loop ended at budget
flight,SGO,8,1000,1000,3,0,0,0,-7.344826486856041,False,optimizer loop ended at budget
flight,SGO,8,1000,1000,4,0,0,0,-6.75257921448937,False,optimizer loop ended at budget
flight,GWO,8,1000,1000,0,0,0,0,-7.3448629807320085,False,optimizer loop ended at budget
flight,GWO,8,1000,1000,1,0,0,0,-7.344862983109819,False,optimizer loop ended at budget
flight,GWO,8,1000,1000,2,0,0,0,-7.344862978594426,False,optimizer loop ended at budget
flight,GWO,8,1000,1000,3,0,0,0,-7.344862982082342,False,optimizer loop ended at budget
flight,GWO,8,1000,1000,4,0,0,0,-7.344862960885065,False,optimizer loop ended at budget
flight,PSO,8,1000,1000,0,0,0,0,-7.344862983109916,False,optimizer loop ended at budget
flight,PSO,8,1000,1000,1,0,0,0,-7.344862983109914,False,optimizer loop ended at budget
flight,PSO,8,1000,1000,2,0,0,0,-7.344862983109914,False,optimizer loop ended at budget
flight,PSO,8,1000,1000,3,0,0,0,-7.344862983109916,False,optimizer loop ended at budget
flight,PSO,8,1000,1000,4,0,0,0,-7.344862983109914,False,optimizer loop ended at budget
flight,WOA,8,1000,1000,0,0,0,0,-7.344862983103458,False,optimizer loop ended at budget
flight,WOA,8,1000,1000,1,0,0,0,-7.344862983025344,False,optimizer loop ended at budget
flight,WOA,8,1000,1000,2,0,0,0,-7.344862983090062,False,optimizer loop ended at budget
flight,WOA,8,1000,1000,3,0,0,0,-7.344862983108941,False,optimizer loop ended at budget
flight,WOA,8,1000,1000,4,0,0,0,-7.344862983054498,False,optimizer loop ended at budget
flight,SGO,8,2000,2000,0,0,0,0,-7.344846724818048,False,optimizer loop ended at budget
flight,SGO,8,2000,2000,1,0,0,0,-7.344846390718902,False,optimizer loop ended at budget
flight,SGO,8,2000,2000,2,0,0,0,-7.314478510418445,False,optimizer loop ended at budget
flight,SGO,8,2000,2000,3,0,0,0,-7.344831522016957,False,optimizer loop ended at budget
flight,SGO,8,2000,2000,4,0,0,0,-6.870500991557936,False,optimizer loop ended at budget
flight,GWO,8,2000,2000,0,0,0,0,-7.344862982256991,False,optimizer loop ended at budget
flight,GWO,8,2000,2000,1,0,0,0,-7.344862982552723,False,optimizer loop ended at budget
flight,GWO,8,2000,2000,2,0,0,0,-7.344862981922408,False,optimizer loop ended at budget
flight,GWO,8,2000,2000,3,0,0,0,-7.344862983051026,False,optimizer loop ended at budget
flight,GWO,8,2000,2000,4,0,0,0,-7.344862980180082,False,optimizer loop ended at budget
flight,PSO,8,2000,2000,0,0,0,0,-7.344862983109916,False,optimizer loop ended at budget
flight,PSO,8,2000,2000,1,0,0,0,-7.344862983109916,False,optimizer loop ended at budget
flight,PSO,8,2000,2000,2,0,0,0,-7.344862983109916,False,optimizer loop ended at budget
flight,PSO,8,2000,2000,3,0,0,0,-7.344862983109916,False,optimizer loop ended at budget
flight,PSO,8,2000,2000,4,0,0,0,-7.344862983109916,False,optimizer loop ended at budget
flight,WOA,8,2000,2000,0,0,0,0,-7.344862983109914,False,optimizer loop ended at budget
flight,WOA,8,2000,2000,1,0,0,0,-7.344862983109912,False,optimizer loop ended at budget
flight,WOA,8,2000,2000,2,0,0,0,-7.344862983100418,False,optimizer loop ended at budget
flight,WOA,8,2000,2000,3,0,0,0,-7.344862983109916,False,optimizer loop ended at budget
flight,WOA,8,2000,2000,4,0,0,0,-7.344862983109912,False,optimizer loop ended at budget
flight,SGO,10,200,200,0,0,0,0,-7.3434278950738605,False,optimizer loop ended at budget
flight,SGO,10,200,200,1,0,0,0,-7.135621270802658,False,optimizer loop ended at budget
flight,SGO,10,200,200,2,0,0,0,-7.342009924446056,False,optimizer loop ended at budget
flight,SGO,10,200,200,3,0,0,0,-6.4073294282086755,False,optimizer loop ended at budget
flight,SGO,10,200,200,4,0,0,0,-1.4537136165721718,False,optimizer loop ended at budget
flight,GWO,10,200,200,0,0,0,0,-7.344861416990998,False,optimizer loop ended at budget
flight,GWO,10,200,200,1,0,0,0,-7.344862789847239,False,optimizer loop ended at budget
flight,GWO,10,200,200,2,0,0,0,-7.344859817514871,False,optimizer loop ended at budget
flight,GWO,10,200,200,3,0,0,0,-7.34486202062124,False,optimizer loop ended at budget
flight,GWO,10,200,200,4,0,0,0,-7.344862930756723,False,optimizer loop ended at budget
flight,PSO,10,200,200,0,0,0,0,-7.344862047549427,False,optimizer loop ended at budget
flight,PSO,10,200,200,1,0,0,0,-7.344860607881591,False,optimizer loop ended at budget
flight,PSO,10,200,200,2,0,0,0,-7.344649336391203,False,optimizer loop ended at budget
flight,PSO,10,200,200,3,0,0,0,-7.344839968940026,False,optimizer loop ended at budget
flight,PSO,10,200,200,4,0,0,0,-7.3447937813704645,False,optimizer loop ended at budget
flight,WOA,10,200,200,0,0,0,0,-7.344760617140742,False,optimizer loop ended at budget
flight,WOA,10,200,200,1,0,0,0,-7.34486298133882,False,optimizer loop ended at budget
flight,WOA,10,200,200,2,0,0,0,-7.344862980351276,False,optimizer loop ended at budget
flight,WOA,10,200,200,3,0,0,0,-7.344862621748915,False,optimizer loop ended at budget
flight,WOA,10,200,200,4,0,0,0,-7.344862975538071,False,optimizer loop ended at budget
flight,SGO,10,500,500,0,0,0,0,-7.344315827107132,False,optimizer loop ended at budget
flight,SGO,10,500,500,1,0,0,0,-7.246905690466631,False,optimizer loop ended at budget
flight,SGO,10,500,500,2,0,0,0,-7.344648305562054,False,optimizer loop ended at budget
flight,SGO,10,500,500,3,0,0,0,-6.789321804260909,False,optimizer loop ended at budget
flight,SGO,10,500,500,4,0,0,0,-4.9520255713830785,False,optimizer loop ended at budget
flight,GWO,10,500,500,0,0,0,0,-7.344862915430344,False,optimizer loop ended at budget
flight,GWO,10,500,500,1,0,0,0,-7.344862792103761,False,optimizer loop ended at budget
flight,GWO,10,500,500,2,0,0,0,-7.3448629577896,False,optimizer loop ended at budget
flight,GWO,10,500,500,3,0,0,0,-7.344862948490201,False,optimizer loop ended at budget
flight,GWO,10,500,500,4,0,0,0,-7.3448629202894296,False,optimizer loop ended at budget
flight,PSO,10,500,500,0,0,0,0,-7.344862983102066,False,optimizer loop ended at budget
flight,PSO,10,500,500,1,0,0,0,-7.3448629828637015,False,optimizer loop ended at budget
flight,PSO,10,500,500,2,0,0,0,-7.344862983032878,False,optimizer loop ended at budget
flight,PSO,10,500,500,3,0,0,0,-7.344862980972366,False,optimizer loop ended at budget
flight,PSO,10,500,500,4,0,0,0,-7.34486298097416,False,optimizer loop ended at budget
flight,WOA,10,500,500,0,0,0,0,-7.344862983109858,False,optimizer loop ended at budget
flight,WOA,10,500,500,1,0,0,0,-7.344862983109913,False,optimizer loop ended at budget
flight,WOA,10,500,500,2,0,0,0,-7.344862983085278,False,optimizer loop ended at budget
flight,WOA,10,500,500,3,0,0,0,-7.344862983109885,False,optimizer loop ended at budget
flight,WOA,10,500,500,4,0,0,0,-7.344862983108021,False,optimizer loop ended at budget
flight,SGO,10,1000,1000,0,0,0,0,-7.344856985964423,False,optimizer loop ended at budget
flight,SGO,10,1000,1000,1,0,0,0,-7.310867607841612,False,optimizer loop ended at budget
flight,SGO,10,1000,1000,2,0,0,0,-7.344685320864659,False,optimizer loop ended at budget
flight,SGO,10,1000,1000,3,0,0,0,-7.211140591086892,False,optimizer loop ended at budget
flight,SGO,10,1000,1000,4,0,0,0,-4.975679793134603,False,optimizer loop ended at budget
flight,GWO,10,1000,1000,0,0,0,0,-7.344862979940734,False,optimizer loop ended at budget
flight,GWO,10,1000,1000,1,0,0,0,-7.344862982609765,False,optimizer loop ended at budget
flight,GWO,10,1000,1000,2,0,0,0,-7.344862903017406,False,optimizer loop ended at budget
flight,GWO,10,1000,1000,3,0,0,0,-7.34486288541901,False,optimizer loop ended at budget
flight,GWO,10,1000,1000,4,0,0,0,-7.344862974041814,False,optimizer loop ended at budget
flight,PSO,10,1000,1000,0,0,0,0,-7.344862983109913,False,optimizer loop ended at budget
flight,PSO,10,1000,1000,1,0,0,0,-7.344862983108129,False,optimizer loop ended at budget
flight,PSO,10,1000,1000,2,0,0,0,-7.344862983109913,False,optimizer loop ended at budget
flight,PSO,10,1000,1000,3,0,0,0,-7.3448629831097545,False,optimizer loop ended at budget
flight,PSO,10,1000,1000,4,0,0,0,-7.344862983109915,False,optimizer loop ended at budget
flight,WOA,10,1000,1000,0,0,0,0,-7.344862983105176,False,optimizer loop ended at budget
flight,WOA,10,1000,1000,1,0,0,0,-7.344862983034021,False,optimizer loop ended at budget
flight,WOA,10,1000,1000,2,0,0,0,-7.3448629831090795,False,optimizer loop ended at budget
flight,WOA,10,1000,1000,3,0,0,0,-7.34486298309896,False,optimizer loop ended at budget
flight,WOA,10,1000,1000,4,0,0,0,-7.344862983109904,False,optimizer loop ended at budget
flight,SGO,10,2000,2000,0,0,0,0,-7.344856985964423,False,optimizer loop ended at budget
flight,SGO,10,2000,2000,1,0,0,0,-7.342125156822263,False,optimizer loop ended at budget
flight,SGO,10,2000,2000,2,0,0,0,-7.344826661526792,False,optimizer loop ended at budget
flight,SGO,10,2000,2000,3,0,0,0,-7.338896854327253,False,optimizer loop ended at budget
flight,SGO,10,2000,2000,4,0,0,0,-4.978098774970796,False,optimizer loop ended at budget
flight,GWO,10,2000,2000,0,0,0,0,-7.344862980196221,False,optimizer loop ended at budget
flight,GWO,10,2000,2000,1,0,0,0,-7.344862982265024,False,optimizer loop ended at budget
flight,GWO,10,2000,2000,2,0,0,0,-7.344862981061603,False,optimizer loop ended at budget
flight,GWO,10,2000,2000,3,0,0,0,-7.34486298293994,False,optimizer loop ended at budget
flight,GWO,10,2000,2000,4,0,0,0,-7.3448629829546,False,optimizer loop ended at budget
flight,PSO,10,2000,2000,0,0,0,0,-7.344862983109916,False,optimizer loop ended at budget
flight,PSO,10,2000,2000,1,0,0,0,-7.344862983109916,False,optimizer loop ended at budget
flight,PSO,10,2000,2000,2,0,0,0,-7.344862983109916,False,optimizer loop ended at budget
flight,PSO,10,2000,2000,3,0,0,0,-7.344862983109916,False,optimizer loop ended at budget
flight,PSO,10,2000,2000,4,0,0,0,-7.344862983109916,False,optimizer loop ended at budget
flight,WOA,10,2000,2000,0,0,0,0,-7.3448629831098895,False,optimizer loop ended at budget
flight,WOA,10,2000,2000,1,0,0,0,-7.344862983109911,False,optimizer loop ended at budget
flight,WOA,10,2000,2000,2,0,0,0,-7.344862983109804,False,optimizer loop ended at budget
flight,WOA,10,2000,2000,3,0,0,0,-7.344862983108652,False,optimizer loop ended at budget
flight,WOA,10,2000,2000,4,0,0,0,-7.344862983109914,False,optimizer loop ended at budget
flight,SGO,14,200,200,0,0,0,0,-4.030707851664065,False,optimizer loop ended at budget
flight,SGO,14,200,200,1,0,0,0,-7.343877251024473,False,optimizer loop ended at budget
flight,SGO,14,200,200,2,0,0,0,-7.204651023731625,False,optimizer loop ended at budget
flight,SGO,14,200,200,3,0,0,0,-7.0592170699634025,False,optimizer loop ended at budget
flight,SGO,14,200,200,4,0,0,0,-5.996699262261568,False,optimizer loop ended at budget
flight,GWO,14,200,200,0,0,0,0,-7.344845566358239,False,optimizer loop ended at budget
flight,GWO,14,200,200,1,0,0,0,-7.344844766608926,False,optimizer loop ended at budget
flight,GWO,14,200,200,2,0,0,0,-7.3448629786120145,False,optimizer loop ended at budget
flight,GWO,14,200,200,3,0,0,0,-7.344849226051117,False,optimizer loop ended at budget
flight,GWO,14,200,200,4,0,0,0,-7.34486029354355,False,optimizer loop ended at budget
flight,PSO,14,200,200,0,0,0,0,-7.344860537172153,False,optimizer loop ended at budget
flight,PSO,14,200,200,1,0,0,0,-7.344862776794518,False,optimizer loop ended at budget
flight,PSO,14,200,200,2,0,0,0,-7.344861018351235,False,optimizer loop ended at budget
flight,PSO,14,200,200,3,0,0,0,-7.344552321765113,False,optimizer loop ended at budget
flight,PSO,14,200,200,4,0,0,0,-7.344639620216849,False,optimizer loop ended at budget
flight,WOA,14,200,200,0,0,0,0,-7.344862702281014,False,optimizer loop ended at budget
flight,WOA,14,200,200,1,0,0,0,-7.344838087418234,False,optimizer loop ended at budget
flight,WOA,14,200,200,2,0,0,0,-7.3448628964794365,False,optimizer loop ended at budget
flight,WOA,14,200,200,3,0,0,0,-7.344862982875736,False,optimizer loop ended at budget
flight,WOA,14,200,200,4,0,0,0,-7.34486158117017,False,optimizer loop ended at budget
flight,SGO,14,500,500,0,0,0,0,-7.116160803762347,False,optimizer loop ended at budget
flight,SGO,14,500,500,1,0,0,0,-7.344846740812643,False,optimizer loop ended at budget
flight,SGO,14,500,500,2,0,0,0,-7.344847972672413,False,optimizer loop ended at budget
flight,SGO,14,500,500,3,0,0,0,-7.34482025381061,False,optimizer loop ended at budget
flight,SGO,14,500,500,4,0,0,0,-7.3447400653568256,False,optimizer loop ended at budget
flight,GWO,14,500,500,0,0,0,0,-7.344862982573341,False,optimizer loop ended at budget
flight,GWO,14,500,500,1,0,0,0,-7.344862871094502,False,optimizer loop ended at budget
flight,GWO,14,500,500,2,0,0,0,-7.344862980634377,False,optimizer loop ended at budget
flight,GWO,14,500,500,3,0,0,0,-7.3448629783379324,False,optimizer loop ended at budget
flight,GWO,14,500,500,4,0,0,0,-7.344862429356873,False,optimizer loop ended at budget
flight,PSO,14,500,500,0,0,0,0,-7.344862976566991,False,optimizer loop ended at budget
flight,PSO,14,500,500,1,0,0,0,-7.344862748660634,False,optimizer loop ended at budget
flight,PSO,14,500,500,2,0,0,0,-7.3448622962886425,False,optimizer loop ended at budget
flight,PSO,14,500,500,3,0,0,0,-7.344862838829075,False,optimizer loop ended at budget
flight,PSO,14,500,500,4,0,0,0,-7.344861343898502,False,optimizer loop ended at budget
flight,WOA,14,500,500,0,0,0,0,-7.344862982781635,False,optimizer loop ended at budget
flight,WOA,14,500,500,1,0,0,0,-7.344862983107767,False,optimizer loop ended at budget
flight,WOA,14,500,500,2,0,0,0,-7.344862982917057,False,optimizer loop ended at budget
flight,WOA,14,500,500,3,0,0,0,-7.344862983085643,False,optimizer loop ended at budget
flight,WOA,14,500,500,4,0,0,0,-7.344862983109608,False,optimizer loop ended at budget
flight,SGO,14,1000,1000,0,0,0,0,-7.220588323709259,False,optimizer loop ended at budget
flight,SGO,14,1000,1000,1,0,0,0,-7.344861537204519,False,optimizer loop ended at budget
flight,SGO,14,1000,1000,2,0,0,0,-7.344847972672413,False,optimizer loop ended at budget
flight,SGO,14,1000,1000,3,0,0,0,-7.34482025381061,False,optimizer loop ended at budget
flight,SGO,14,1000,1000,4,0,0,0,-7.344828122167211,False,optimizer loop ended at budget
flight,GWO,14,1000,1000,0,0,0,0,-7.344862931016551,False,optimizer loop ended at budget
flight,GWO,14,1000,1000,1,0,0,0,-7.344862982783873,False,optimizer loop ended at budget
flight,GWO,14,1000,1000,2,0,0,0,-7.344862973802387,False,optimizer loop ended at budget
flight,GWO,14,1000,1000,3,0,0,0,-7.344862977625894,False,optimizer loop ended at budget
flight,GWO,14,1000,1000,4,0,0,0,-7.34486296972821,False,optimizer loop ended at budget
flight,PSO,14,1000,1000,0,0,0,0,-7.3448629821917235,False,optimizer loop ended at budget
flight,PSO,14,1000,1000,1,0,0,0,-7.344862983109792,False,optimizer loop ended at budget
flight,PSO,14,1000,1000,2,0,0,0,-7.344862983108718,False,optimizer loop ended at budget
flight,PSO,14,1000,1000,3,0,0,0,-7.344862982968165,False,optimizer loop ended at budget
flight,PSO,14,1000,1000,4,0,0,0,-7.344862983106863,False,optimizer loop ended at budget
flight,WOA,14,1000,1000,0,0,0,0,-7.344862983099819,False,optimizer loop ended at budget
flight,WOA,14,1000,1000,1,0,0,0,-7.344862983094452,False,optimizer loop ended at budget
flight,WOA,14,1000,1000,2,0,0,0,-7.344862983073519,False,optimizer loop ended at budget
flight,WOA,14,1000,1000,3,0,0,0,-7.34486298306796,False,optimizer loop ended at budget
flight,WOA,14,1000,1000,4,0,0,0,-7.344862983109915,False,optimizer loop ended at budget
flight,SGO,14,2000,2000,0,0,0,0,-7.344541452032288,False,optimizer loop ended at budget
flight,SGO,14,2000,2000,1,0,0,0,-7.3448618912806545,False,optimizer loop ended at budget
flight,SGO,14,2000,2000,2,0,0,0,-7.344847972672413,False,optimizer loop ended at budget
flight,SGO,14,2000,2000,3,0,0,0,-7.344862954973068,False,optimizer loop ended at budget
flight,SGO,14,2000,2000,4,0,0,0,-7.344853627787918,False,optimizer loop ended at budget
flight,GWO,14,2000,2000,0,0,0,0,-7.344862967779287,False,optimizer loop ended at budget
flight,GWO,14,2000,2000,1,0,0,0,-7.344862974829931,False,optimizer loop ended at budget
flight,GWO,14,2000,2000,2,0,0,0,-7.344862981242178,False,optimizer loop ended at budget
flight,GWO,14,2000,2000,3,0,0,0,-7.344862981292852,False,optimizer loop ended at budget
flight,GWO,14,2000,2000,4,0,0,0,-7.344862982960013,False,optimizer loop ended at budget
flight,PSO,14,2000,2000,0,0,0,0,-7.344862983109916,False,optimizer loop ended at budget
flight,PSO,14,2000,2000,1,0,0,0,-7.344862983109916,False,optimizer loop ended at budget
flight,PSO,14,2000,2000,2,0,0,0,-7.344862983109916,False,optimizer loop ended at budget
flight,PSO,14,2000,2000,3,0,0,0,-7.344862983109916,False,optimizer loop ended at budget
flight,PSO,14,2000,2000,4,0,0,0,-7.344862983109916,False,optimizer loop ended at budget
flight,WOA,14,2000,2000,0,0,0,0,-7.344862983109913,False,optimizer loop ended at budget
flight,WOA,14,2000,2000,1,0,0,0,-7.344862983107552,False,optimizer loop ended at budget
flight,WOA,14,2000,2000,2,0,0,0,-7.344862983105762,False,optimizer loop ended at budget
flight,WOA,14,2000,2000,3,0,0,0,-7.344862983109805,False,optimizer loop ended at budget
flight,WOA,14,2000,2000,4,0,0,0,-7.344862983109756,False,optimizer loop ended at budget
flight,SGO,20,200,200,0,0,0,0,-7.260433154742199,False,optimizer loop ended at budget
flight,SGO,20,200,200,1,0,0,0,-7.344639014361223,False,optimizer loop ended at budget
flight,SGO,20,200,200,2,0,0,0,-7.336018616398858,False,optimizer loop ended at budget
flight,SGO,20,200,200,3,0,0,0,-7.314857888648717,False,optimizer loop ended at budget
flight,SGO,20,200,200,4,0,0,0,-5.767931696950531,False,optimizer loop ended at budget
flight,GWO,20,200,200,0,0,0,0,-7.344862666029586,False,optimizer loop ended at budget
flight,GWO,20,200,200,1,0,0,0,-7.344859936702795,False,optimizer loop ended at budget
flight,GWO,20,200,200,2,0,0,0,-7.344862981339826,False,optimizer loop ended at budget
flight,GWO,20,200,200,3,0,0,0,-7.344862225521836,False,optimizer loop ended at budget
flight,GWO,20,200,200,4,0,0,0,-7.3448629254281546,False,optimizer loop ended at budget
flight,PSO,20,200,200,0,0,0,0,-7.344596487091639,False,optimizer loop ended at budget
flight,PSO,20,200,200,1,0,0,0,-7.344844577518238,False,optimizer loop ended at budget
flight,PSO,20,200,200,2,0,0,0,-7.344764871773274,False,optimizer loop ended at budget
flight,PSO,20,200,200,3,0,0,0,-7.344813481802715,False,optimizer loop ended at budget
flight,PSO,20,200,200,4,0,0,0,-7.344807589405575,False,optimizer loop ended at budget
flight,WOA,20,200,200,0,0,0,0,-7.344862672632375,False,optimizer loop ended at budget
flight,WOA,20,200,200,1,0,0,0,-7.344861817356659,False,optimizer loop ended at budget
flight,WOA,20,200,200,2,0,0,0,-7.3448629364635725,False,optimizer loop ended at budget
flight,WOA,20,200,200,3,0,0,0,-7.344862250746809,False,optimizer loop ended at budget
flight,WOA,20,200,200,4,0,0,0,-7.3448628661894215,False,optimizer loop ended at budget
flight,SGO,20,500,500,0,0,0,0,-7.338301820617433,False,optimizer loop ended at budget
flight,SGO,20,500,500,1,0,0,0,-7.34468638923301,False,optimizer loop ended at budget
flight,SGO,20,500,500,2,0,0,0,-7.343357217673243,False,optimizer loop ended at budget
flight,SGO,20,500,500,3,0,0,0,-7.344746653655022,False,optimizer loop ended at budget
flight,SGO,20,500,500,4,0,0,0,-7.344815616704796,False,optimizer loop ended at budget
flight,GWO,20,500,500,0,0,0,0,-7.344862508258176,False,optimizer loop ended at budget
flight,GWO,20,500,500,1,0,0,0,-7.34486295536141,False,optimizer loop ended at budget
flight,GWO,20,500,500,2,0,0,0,-7.344862979818819,False,optimizer loop ended at budget
flight,GWO,20,500,500,3,0,0,0,-7.344862489618631,False,optimizer loop ended at budget
flight,GWO,20,500,500,4,0,0,0,-7.344862796132123,False,optimizer loop ended at budget
flight,PSO,20,500,500,0,0,0,0,-7.34485969547079,False,optimizer loop ended at budget
flight,PSO,20,500,500,1,0,0,0,-7.344862977457742,False,optimizer loop ended at budget
flight,PSO,20,500,500,2,0,0,0,-7.3448528962992015,False,optimizer loop ended at budget
flight,PSO,20,500,500,3,0,0,0,-7.34486158402977,False,optimizer loop ended at budget
flight,PSO,20,500,500,4,0,0,0,-7.344862967239996,False,optimizer loop ended at budget
flight,WOA,20,500,500,0,0,0,0,-7.344862973364691,False,optimizer loop ended at budget
flight,WOA,20,500,500,1,0,0,0,-7.344862982948474,False,optimizer loop ended at budget
flight,WOA,20,500,500,2,0,0,0,-7.344862982986111,False,optimizer loop ended at budget
flight,WOA,20,500,500,3,0,0,0,-7.344862983103293,False,optimizer loop ended at budget
flight,WOA,20,500,500,4,0,0,0,-7.344862982951534,False,optimizer loop ended at budget
flight,SGO,20,1000,1000,0,0,0,0,-7.344220201041539,False,optimizer loop ended at budget
flight,SGO,20,1000,1000,1,0,0,0,-7.344844017396516,False,optimizer loop ended at budget
flight,SGO,20,1000,1000,2,0,0,0,-7.344680851292138,False,optimizer loop ended at budget
flight,SGO,20,1000,1000,3,0,0,0,-7.344862837505704,False,optimizer loop ended at budget
flight,SGO,20,1000,1000,4,0,0,0,-7.344815616704796,False,optimizer loop ended at budget
flight,GWO,20,1000,1000,0,0,0,0,-7.344862909748391,False,optimizer loop ended at budget
flight,GWO,20,1000,1000,1,0,0,0,-7.344862829608273,False,optimizer loop ended at budget
flight,GWO,20,1000,1000,2,0,0,0,-7.3448629769250715,False,optimizer loop ended at budget
flight,GWO,20,1000,1000,3,0,0,0,-7.344862848475283,False,optimizer loop ended at budget
flight,GWO,20,1000,1000,4,0,0,0,-7.344862916824271,False,optimizer loop ended at budget
flight,PSO,20,1000,1000,0,0,0,0,-7.344862982586166,False,optimizer loop ended at budget
flight,PSO,20,1000,1000,1,0,0,0,-7.344862980324179,False,optimizer loop ended at budget
flight,PSO,20,1000,1000,2,0,0,0,-7.344862983091737,False,optimizer loop ended at budget
flight,PSO,20,1000,1000,3,0,0,0,-7.3448629806563375,False,optimizer loop ended at budget
flight,PSO,20,1000,1000,4,0,0,0,-7.344862982893806,False,optimizer loop ended at budget
flight,WOA,20,1000,1000,0,0,0,0,-7.34486298264256,False,optimizer loop ended at budget
flight,WOA,20,1000,1000,1,0,0,0,-7.344862983097666,False,optimizer loop ended at budget
flight,WOA,20,1000,1000,2,0,0,0,-7.344862983109843,False,optimizer loop ended at budget
flight,WOA,20,1000,1000,3,0,0,0,-7.344862983108522,False,optimizer loop ended at budget
flight,WOA,20,1000,1000,4,0,0,0,-7.344862983109397,False,optimizer loop ended at budget
flight,SGO,20,2000,2000,0,0,0,0,-7.344859259324696,False,optimizer loop ended at budget
flight,SGO,20,2000,2000,1,0,0,0,-7.344862396914655,False,optimizer loop ended at budget
flight,SGO,20,2000,2000,2,0,0,0,-7.344844716424615,False,optimizer loop ended at budget
flight,SGO,20,2000,2000,3,0,0,0,-7.344862837505704,False,optimizer loop ended at budget
flight,SGO,20,2000,2000,4,0,0,0,-7.344847474309173,False,optimizer loop ended at budget
flight,GWO,20,2000,2000,0,0,0,0,-7.344862976375024,False,optimizer loop ended at budget
flight,GWO,20,2000,2000,1,0,0,0,-7.34486290546066,False,optimizer loop ended at budget
flight,GWO,20,2000,2000,2,0,0,0,-7.344862981311282,False,optimizer loop ended at budget
flight,GWO,20,2000,2000,3,0,0,0,-7.344862980572621,False,optimizer loop ended at budget
flight,GWO,20,2000,2000,4,0,0,0,-7.3448629810747,False,optimizer loop ended at budget
flight,PSO,20,2000,2000,0,0,0,0,-7.344862983109914,False,optimizer loop ended at budget
flight,PSO,20,2000,2000,1,0,0,0,-7.344862983109916,False,optimizer loop ended at budget
flight,PSO,20,2000,2000,2,0,0,0,-7.344862983109914,False,optimizer loop ended at budget
flight,PSO,20,2000,2000,3,0,0,0,-7.344862983109893,False,optimizer loop ended at budget
flight,PSO,20,2000,2000,4,0,0,0,-7.344862983109915,False,optimizer loop ended at budget
flight,WOA,20,2000,2000,0,0,0,0,-7.344862983109655,False,optimizer loop ended at budget
flight,WOA,20,2000,2000,1,0,0,0,-7.3448629831098975,False,optimizer loop ended at budget
flight,WOA,20,2000,2000,2,0,0,0,-7.344862983100263,False,optimizer loop ended at budget
flight,WOA,20,2000,2000,3,0,0,0,-7.344862983109028,False,optimizer loop ended at budget
flight,WOA,20,2000,2000,4,0,0,0,-7.34486298310917,False,optimizer loop ended at budget
flight,SGO,30,200,200,0,0,0,0,-5.6695073222321,False,optimizer loop ended at budget
flight,SGO,30,200,200,1,0,0,0,-6.760867776722257,False,optimizer loop ended at budget
flight,SGO,30,200,200,2,0,0,0,-7.163946576790078,False,optimizer loop ended at budget
flight,SGO,30,200,200,3,0,0,0,-7.324232443127936,False,optimizer loop ended at budget
flight,SGO,30,200,200,4,0,0,0,-7.065394208383708,False,optimizer loop ended at budget
flight,GWO,30,200,200,0,0,0,0,-7.344751314463236,False,optimizer loop ended at budget
flight,GWO,30,200,200,1,0,0,0,-7.344862809841587,False,optimizer loop ended at budget
flight,GWO,30,200,200,2,0,0,0,-7.3448543184692205,False,optimizer loop ended at budget
flight,GWO,30,200,200,3,0,0,0,-7.344800166165017,False,optimizer loop ended at budget
flight,GWO,30,200,200,4,0,0,0,-7.344850568648102,False,optimizer loop ended at budget
flight,PSO,30,200,200,0,0,0,0,-7.344842143143931,False,optimizer loop ended at budget
flight,PSO,30,200,200,1,0,0,0,-7.344754786401011,False,optimizer loop ended at budget
flight,PSO,30,200,200,2,0,0,0,-7.344862927950109,False,optimizer loop ended at budget
flight,PSO,30,200,200,3,0,0,0,-7.344858211678165,False,optimizer loop ended at budget
flight,PSO,30,200,200,4,0,0,0,-7.344511378285802,False,optimizer loop ended at budget
flight,WOA,30,200,200,0,0,0,0,-7.344862947362127,False,optimizer loop ended at budget
flight,WOA,30,200,200,1,0,0,0,-7.3435634146315865,False,optimizer loop ended at budget
flight,WOA,30,200,200,2,0,0,0,-7.344862822456907,False,optimizer loop ended at budget
flight,WOA,30,200,200,3,0,0,0,-7.344862526776074,False,optimizer loop ended at budget
flight,WOA,30,200,200,4,0,0,0,-7.3448617387451165,False,optimizer loop ended at budget
flight,SGO,30,500,500,0,0,0,0,-7.344838481594717,False,optimizer loop ended at budget
flight,SGO,30,500,500,1,0,0,0,-7.327718149511673,False,optimizer loop ended at budget
flight,SGO,30,500,500,2,0,0,0,-7.3407700679221195,False,optimizer loop ended at budget
flight,SGO,30,500,500,3,0,0,0,-7.343757893166212,False,optimizer loop ended at budget
flight,SGO,30,500,500,4,0,0,0,-7.308004320943654,False,optimizer loop ended at budget
flight,GWO,30,500,500,0,0,0,0,-7.344862930587586,False,optimizer loop ended at budget
flight,GWO,30,500,500,1,0,0,0,-7.344862196154425,False,optimizer loop ended at budget
flight,GWO,30,500,500,2,0,0,0,-7.34486293283941,False,optimizer loop ended at budget
flight,GWO,30,500,500,3,0,0,0,-7.344862833969717,False,optimizer loop ended at budget
flight,GWO,30,500,500,4,0,0,0,-7.344862951185798,False,optimizer loop ended at budget
flight,PSO,30,500,500,0,0,0,0,-7.3448432850252505,False,optimizer loop ended at budget
flight,PSO,30,500,500,1,0,0,0,-7.344797341616989,False,optimizer loop ended at budget
flight,PSO,30,500,500,2,0,0,0,-7.344858621428026,False,optimizer loop ended at budget
flight,PSO,30,500,500,3,0,0,0,-7.344860281422777,False,optimizer loop ended at budget
flight,PSO,30,500,500,4,0,0,0,-7.3448403826406325,False,optimizer loop ended at budget
flight,WOA,30,500,500,0,0,0,0,-7.344862982248737,False,optimizer loop ended at budget
flight,WOA,30,500,500,1,0,0,0,-7.344862983033741,False,optimizer loop ended at budget
flight,WOA,30,500,500,2,0,0,0,-7.344862982360122,False,optimizer loop ended at budget
flight,WOA,30,500,500,3,0,0,0,-7.34486297688529,False,optimizer loop ended at budget
flight,WOA,30,500,500,4,0,0,0,-7.344862983099628,False,optimizer loop ended at budget
flight,SGO,30,1000,1000,0,0,0,0,-7.344838481594717,False,optimizer loop ended at budget
flight,SGO,30,1000,1000,1,0,0,0,-7.3448586309817765,False,optimizer loop ended at budget
flight,SGO,30,1000,1000,2,0,0,0,-7.344837010111515,False,optimizer loop ended at budget
flight,SGO,30,1000,1000,3,0,0,0,-7.344849722353445,False,optimizer loop ended at budget
flight,SGO,30,1000,1000,4,0,0,0,-7.341738758314414,False,optimizer loop ended at budget
flight,GWO,30,1000,1000,0,0,0,0,-7.344862977741338,False,optimizer loop ended at budget
flight,GWO,30,1000,1000,1,0,0,0,-7.34486298119473,False,optimizer loop ended at budget
flight,GWO,30,1000,1000,2,0,0,0,-7.344862889611516,False,optimizer loop ended at budget
flight,GWO,30,1000,1000,3,0,0,0,-7.344862446170443,False,optimizer loop ended at budget
flight,GWO,30,1000,1000,4,0,0,0,-7.344862981286137,False,optimizer loop ended at budget
flight,PSO,30,1000,1000,0,0,0,0,-7.344862982085443,False,optimizer loop ended at budget
flight,PSO,30,1000,1000,1,0,0,0,-7.344862847736728,False,optimizer loop ended at budget
flight,PSO,30,1000,1000,2,0,0,0,-7.344862962230486,False,optimizer loop ended at budget
flight,PSO,30,1000,1000,3,0,0,0,-7.344862978665369,False,optimizer loop ended at budget
flight,PSO,30,1000,1000,4,0,0,0,-7.344862892493007,False,optimizer loop ended at budget
flight,WOA,30,1000,1000,0,0,0,0,-7.34486298310985,False,optimizer loop ended at budget
flight,WOA,30,1000,1000,1,0,0,0,-7.344862983102609,False,optimizer loop ended at budget
flight,WOA,30,1000,1000,2,0,0,0,-7.344862983087866,False,optimizer loop ended at budget
flight,WOA,30,1000,1000,3,0,0,0,-7.344862983109626,False,optimizer loop ended at budget
flight,WOA,30,1000,1000,4,0,0,0,-7.344862983109742,False,optimizer loop ended at budget
flight,SGO,30,2000,2000,0,0,0,0,-7.344855359753573,False,optimizer loop ended at budget
flight,SGO,30,2000,2000,1,0,0,0,-7.3448586309817765,False,optimizer loop ended at budget
flight,SGO,30,2000,2000,2,0,0,0,-7.344837010111515,False,optimizer loop ended at budget
flight,SGO,30,2000,2000,3,0,0,0,-7.344852469767343,False,optimizer loop ended at budget
flight,SGO,30,2000,2000,4,0,0,0,-7.344862690348784,False,optimizer loop ended at budget
flight,GWO,30,2000,2000,0,0,0,0,-7.344862971690586,False,optimizer loop ended at budget
flight,GWO,30,2000,2000,1,0,0,0,-7.344862981028971,False,optimizer loop ended at budget
flight,GWO,30,2000,2000,2,0,0,0,-7.344862978153772,False,optimizer loop ended at budget
flight,GWO,30,2000,2000,3,0,0,0,-7.34486284288752,False,optimizer loop ended at budget
flight,GWO,30,2000,2000,4,0,0,0,-7.344862976521643,False,optimizer loop ended at budget
flight,PSO,30,2000,2000,0,0,0,0,-7.344862983108403,False,optimizer loop ended at budget
flight,PSO,30,2000,2000,1,0,0,0,-7.344862983097055,False,optimizer loop ended at budget
flight,PSO,30,2000,2000,2,0,0,0,-7.344862983109298,False,optimizer loop ended at budget
flight,PSO,30,2000,2000,3,0,0,0,-7.344862983096615,False,optimizer loop ended at budget
flight,PSO,30,2000,2000,4,0,0,0,-7.34486298309211,False,optimizer loop ended at budget
flight,WOA,30,2000,2000,0,0,0,0,-7.3448629831099135,False,optimizer loop ended at budget
flight,WOA,30,2000,2000,1,0,0,0,-7.34486298310879,False,optimizer loop ended at budget
flight,WOA,30,2000,2000,2,0,0,0,-7.344862983108425,False,optimizer loop ended at budget
flight,WOA,30,2000,2000,3,0,0,0,-7.344862983108781,False,optimizer loop ended at budget
flight,WOA,30,2000,2000,4,0,0,0,-7.34486298310131,False,optimizer loop ended at budget
hvac,SGO,8,200,200,0,0,0,0,-156.8188791076561,False,optimizer loop ended at budget
hvac,SGO,8,200,200,1,0,0,0,-93.34496903413515,False,optimizer loop ended at budget
hvac,SGO,8,200,200,2,0,0,0,-160.35966334536283,False,optimizer loop ended at budget
hvac,SGO,8,200,200,3,0,0,0,-160.35966334536283,False,optimizer loop ended at budget
hvac,SGO,8,200,200,4,0,0,0,-110.96934166054902,False,optimizer loop ended at budget
hvac,GWO,8,200,200,0,0,0,0,-160.35966334536283,False,optimizer loop ended at budget
hvac,GWO,8,200,200,1,0,0,0,-160.35966334536283,False,optimizer loop ended at budget
hvac,GWO,8,200,200,2,0,0,0,-160.35966334536283,False,optimizer loop ended at budget
hvac,GWO,8,200,200,3,0,0,0,-160.35966334536283,False,optimizer loop ended at budget
hvac,GWO,8,200,200,4,0,0,0,-160.35966334536283,False,optimizer loop ended at budget
hvac,PSO,8,200,200,0,0,0,0,-160.35966334536283,False,optimizer loop ended at budget
hvac,PSO,8,200,200,1,0,0,0,-160.35966334536283,False,optimizer loop ended at budget
hvac,PSO,8,200,200,2,0,0,0,-160.35966334536283,False,optimizer loop ended at budget
hvac,PSO,8,200,200,3,0,0,0,-160.35966334536283,False,optimizer loop ended at budget
hvac,PSO,8,200,200,4,0,0,0,-160.35966334536283,False,optimizer loop ended at budget
hvac,WOA,8,200,200,0,0,0,0,-160.35966334536283,False,optimizer loop ended at budget
hvac,WOA,8,200,200,1,0,0,0,-160.35966334536283,False,optimizer loop ended at budget
hvac,WOA,8,200,200,2,0,0,0,-160.35966334536283,False,optimizer loop ended at budget
hvac,WOA,8,200,200,3,0,0,0,-160.35966334536283,False,optimizer loop ended at budget
hvac,WOA,8,200,200,4,0,0,0,-160.35966334536283,False,optimizer loop ended at budget
hvac,SGO,8,500,500,0,0,0,0,-160.35966334536283,False,optimizer loop ended at budget
hvac,SGO,8,500,500,1,0,0,0,-160.35966334536283,False,optimizer loop ended at budget
hvac,SGO,8,500,500,2,0,0,0,-160.35966334536283,False,optimizer loop ended at budget
hvac,SGO,8,500,500,3,0,0,0,-160.35966334536283,False,optimizer loop ended at budget
hvac,SGO,8,500,500,4,0,0,0,-117.600238058049,False,optimizer loop ended at budget
hvac,GWO,8,500,500,0,0,0,0,-160.35966334536283,False,optimizer loop ended at budget
hvac,GWO,8,500,500,1,0,0,0,-160.35966334536283,False,optimizer loop ended at budget
hvac,GWO,8,500,500,2,0,0,0,-160.35966334536283,False,optimizer loop ended at budget
hvac,GWO,8,500,500,3,0,0,0,-160.35966334536283,False,optimizer loop ended at budget
hvac,GWO,8,500,500,4,0,0,0,-160.35966334536283,False,optimizer loop ended at budget
hvac,PSO,8,500,500,0,0,0,0,-160.35966334536283,False,optimizer loop ended at budget
hvac,PSO,8,500,500,1,0,0,0,-160.35966334536283,False,optimizer loop ended at budget
hvac,PSO,8,500,500,2,0,0,0,-160.35966334536283,False,optimizer loop ended at budget
hvac,PSO,8,500,500,3,0,0,0,-160.35966334536283,False,optimizer loop ended at budget
hvac,PSO,8,500,500,4,0,0,0,-160.35966334536283,False,optimizer loop ended at budget
hvac,WOA,8,500,500,0,0,0,0,-160.35966334536283,False,optimizer loop ended at budget
hvac,WOA,8,500,500,1,0,0,0,-160.35966334536283,False,optimizer loop ended at budget
hvac,WOA,8,500,500,2,0,0,0,-160.35966334536283,False,optimizer loop ended at budget
hvac,WOA,8,500,500,3,0,0,0,-160.35966334536283,False,optimizer loop ended at budget
hvac,WOA,8,500,500,4,0,0,0,-160.35966334536283,False,optimizer loop ended at budget
hvac,SGO,8,1000,1000,0,0,0,0,-160.35966334536283,False,optimizer loop ended at budget
hvac,SGO,8,1000,1000,1,0,0,0,-160.35966334536283,False,optimizer loop ended at budget
hvac,SGO,8,1000,1000,2,0,0,0,-160.35966334536283,False,optimizer loop ended at budget
hvac,SGO,8,1000,1000,3,0,0,0,-160.35966334536283,False,optimizer loop ended at budget
hvac,SGO,8,1000,1000,4,0,0,0,-160.35966334536283,False,optimizer loop ended at budget
hvac,GWO,8,1000,1000,0,0,0,0,-160.35966334536283,False,optimizer loop ended at budget
hvac,GWO,8,1000,1000,1,0,0,0,-160.35966334536283,False,optimizer loop ended at budget
hvac,GWO,8,1000,1000,2,0,0,0,-160.35966334536283,False,optimizer loop ended at budget
hvac,GWO,8,1000,1000,3,0,0,0,-160.35966334536283,False,optimizer loop ended at budget
hvac,GWO,8,1000,1000,4,0,0,0,-160.35966334536283,False,optimizer loop ended at budget
hvac,PSO,8,1000,1000,0,0,0,0,-160.35966334536283,False,optimizer loop ended at budget
hvac,PSO,8,1000,1000,1,0,0,0,-160.35966334536283,False,optimizer loop ended at budget
hvac,PSO,8,1000,1000,2,0,0,0,-160.35966334536283,False,optimizer loop ended at budget
hvac,PSO,8,1000,1000,3,0,0,0,-160.35966334536283,False,optimizer loop ended at budget
hvac,PSO,8,1000,1000,4,0,0,0,-160.35966334536283,False,optimizer loop ended at budget
hvac,WOA,8,1000,1000,0,0,0,0,-160.35966334536283,False,optimizer loop ended at budget
hvac,WOA,8,1000,1000,1,0,0,0,-160.35966334536283,False,optimizer loop ended at budget
hvac,WOA,8,1000,1000,2,0,0,0,-160.35966334536283,False,optimizer loop ended at budget
hvac,WOA,8,1000,1000,3,0,0,0,-160.35966334536283,False,optimizer loop ended at budget
hvac,WOA,8,1000,1000,4,0,0,0,-160.35966334536283,False,optimizer loop ended at budget
hvac,SGO,8,2000,2000,0,0,0,0,-160.35966334536283,False,optimizer loop ended at budget
hvac,SGO,8,2000,2000,1,0,0,0,-160.35966334536283,False,optimizer loop ended at budget
hvac,SGO,8,2000,2000,2,0,0,0,-160.35966334536283,False,optimizer loop ended at budget
hvac,SGO,8,2000,2000,3,0,0,0,-160.35966334536283,False,optimizer loop ended at budget
hvac,SGO,8,2000,2000,4,0,0,0,-160.35966334536283,False,optimizer loop ended at budget
hvac,GWO,8,2000,2000,0,0,0,0,-160.35966334536283,False,optimizer loop ended at budget
hvac,GWO,8,2000,2000,1,0,0,0,-160.35966334536283,False,optimizer loop ended at budget
hvac,GWO,8,2000,2000,2,0,0,0,-160.35966334536283,False,optimizer loop ended at budget
hvac,GWO,8,2000,2000,3,0,0,0,-160.35966334536283,False,optimizer loop ended at budget
hvac,GWO,8,2000,2000,4,0,0,0,-160.35966334536283,False,optimizer loop ended at budget
hvac,PSO,8,2000,2000,0,0,0,0,-160.35966334536283,False,optimizer loop ended at budget
hvac,PSO,8,2000,2000,1,0,0,0,-160.35966334536283,False,optimizer loop ended at budget
hvac,PSO,8,2000,2000,2,0,0,0,-160.35966334536283,False,optimizer loop ended at budget
hvac,PSO,8,2000,2000,3,0,0,0,-160.35966334536283,False,optimizer loop ended at budget
hvac,PSO,8,2000,2000,4,0,0,0,-160.35966334536283,False,optimizer loop ended at budget
hvac,WOA,8,2000,2000,0,0,0,0,-160.35966334536283,False,optimizer loop ended at budget
hvac,WOA,8,2000,2000,1,0,0,0,-160.35966334536283,False,optimizer loop ended at budget
hvac,WOA,8,2000,2000,2,0,0,0,-160.35966334536283,False,optimizer loop ended at budget
hvac,WOA,8,2000,2000,3,0,0,0,-160.35966334536283,False,optimizer loop ended at budget
hvac,WOA,8,2000,2000,4,0,0,0,-160.35966334536283,False,optimizer loop ended at budget
hvac,SGO,10,200,200,0,0,0,0,-160.35966334536283,False,optimizer loop ended at budget
hvac,SGO,10,200,200,1,0,0,0,-160.35966334536283,False,optimizer loop ended at budget
hvac,SGO,10,200,200,2,0,0,0,-160.35966334536283,False,optimizer loop ended at budget
hvac,SGO,10,200,200,3,0,0,0,-130.52728872603785,False,optimizer loop ended at budget
hvac,SGO,10,200,200,4,0,0,0,-154.27775007073075,False,optimizer loop ended at budget
hvac,GWO,10,200,200,0,0,0,0,-160.35966334536283,False,optimizer loop ended at budget
hvac,GWO,10,200,200,1,0,0,0,-160.35966334536283,False,optimizer loop ended at budget
hvac,GWO,10,200,200,2,0,0,0,-160.35966334536283,False,optimizer loop ended at budget
hvac,GWO,10,200,200,3,0,0,0,-160.35966334536283,False,optimizer loop ended at budget
hvac,GWO,10,200,200,4,0,0,0,-160.35966334536283,False,optimizer loop ended at budget
hvac,PSO,10,200,200,0,0,0,0,-160.35966334536283,False,optimizer loop ended at budget
hvac,PSO,10,200,200,1,0,0,0,-160.35966334536283,False,optimizer loop ended at budget
hvac,PSO,10,200,200,2,0,0,0,-160.35966334536283,False,optimizer loop ended at budget
hvac,PSO,10,200,200,3,0,0,0,-160.35966334536283,False,optimizer loop ended at budget
hvac,PSO,10,200,200,4,0,0,0,-160.35966334536283,False,optimizer loop ended at budget
hvac,WOA,10,200,200,0,0,0,0,-160.35966334536283,False,optimizer loop ended at budget
hvac,WOA,10,200,200,1,0,0,0,-160.35966334536283,False,optimizer loop ended at budget
hvac,WOA,10,200,200,2,0,0,0,-160.35966334536283,False,optimizer loop ended at budget
hvac,WOA,10,200,200,3,0,0,0,-160.35966334536283,False,optimizer loop ended at budget
hvac,WOA,10,200,200,4,0,0,0,-160.35966334536283,False,optimizer loop ended at budget
hvac,SGO,10,500,500,0,0,0,0,-160.35966334536283,False,optimizer loop ended at budget
hvac,SGO,10,500,500,1,0,0,0,-160.35966334536283,False,optimizer loop ended at budget
hvac,SGO,10,500,500,2,0,0,0,-160.35966334536283,False,optimizer loop ended at budget
hvac,SGO,10,500,500,3,0,0,0,-160.35966334536283,False,optimizer loop ended at budget
hvac,SGO,10,500,500,4,0,0,0,-160.35966334536283,False,optimizer loop ended at budget
hvac,GWO,10,500,500,0,0,0,0,-160.35966334536283,False,optimizer loop ended at budget
hvac,GWO,10,500,500,1,0,0,0,-160.35966334536283,False,optimizer loop ended at budget
hvac,GWO,10,500,500,2,0,0,0,-160.35966334536283,False,optimizer loop ended at budget
hvac,GWO,10,500,500,3,0,0,0,-160.35966334536283,False,optimizer loop ended at budget
hvac,GWO,10,500,500,4,0,0,0,-160.35966334536283,False,optimizer loop ended at budget
hvac,PSO,10,500,500,0,0,0,0,-160.35966334536283,False,optimizer loop ended at budget
hvac,PSO,10,500,500,1,0,0,0,-160.35966334536283,False,optimizer loop ended at budget
hvac,PSO,10,500,500,2,0,0,0,-160.35966334536283,False,optimizer loop ended at budget
hvac,PSO,10,500,500,3,0,0,0,-160.35966334536283,False,optimizer loop ended at budget
hvac,PSO,10,500,500,4,0,0,0,-160.35966334536283,False,optimizer loop ended at budget
hvac,WOA,10,500,500,0,0,0,0,-160.35966334536283,False,optimizer loop ended at budget
hvac,WOA,10,500,500,1,0,0,0,-160.35966334536283,False,optimizer loop ended at budget
hvac,WOA,10,500,500,2,0,0,0,-160.35966334536283,False,optimizer loop ended at budget
hvac,WOA,10,500,500,3,0,0,0,-160.35966334536283,False,optimizer loop ended at budget
hvac,WOA,10,500,500,4,0,0,0,-160.35966334536283,False,optimizer loop ended at budget
hvac,SGO,10,1000,1000,0,0,0,0,-160.35966334536283,False,optimizer loop ended at budget
hvac,SGO,10,1000,1000,1,0,0,0,-160.35966334536283,False,optimizer loop ended at budget
hvac,SGO,10,1000,1000,2,0,0,0,-160.35966334536283,False,optimizer loop ended at budget
hvac,SGO,10,1000,1000,3,0,0,0,-160.35966334536283,False,optimizer loop ended at budget
hvac,SGO,10,1000,1000,4,0,0,0,-160.35966334536283,False,optimizer loop ended at budget
hvac,GWO,10,1000,1000,0,0,0,0,-160.35966334536283,False,optimizer loop ended at budget
hvac,GWO,10,1000,1000,1,0,0,0,-160.35966334536283,False,optimizer loop ended at budget
hvac,GWO,10,1000,1000,2,0,0,0,-160.35966334536283,False,optimizer loop ended at budget
hvac,GWO,10,1000,1000,3,0,0,0,-160.35966334536283,False,optimizer loop ended at budget
hvac,GWO,10,1000,1000,4,0,0,0,-160.35966334536283,False,optimizer loop ended at budget
hvac,PSO,10,1000,1000,0,0,0,0,-160.35966334536283,False,optimizer loop ended at budget
hvac,PSO,10,1000,1000,1,0,0,0,-160.35966334536283,False,optimizer loop ended at budget
hvac,PSO,10,1000,1000,2,0,0,0,-160.35966334536283,False,optimizer loop ended at budget
hvac,PSO,10,1000,1000,3,0,0,0,-160.35966334536283,False,optimizer loop ended at budget
hvac,PSO,10,1000,1000,4,0,0,0,-160.35966334536283,False,optimizer loop ended at budget
hvac,WOA,10,1000,1000,0,0,0,0,-160.35966334536283,False,optimizer loop ended at budget
hvac,WOA,10,1000,1000,1,0,0,0,-160.35966334536283,False,optimizer loop ended at budget
hvac,WOA,10,1000,1000,2,0,0,0,-160.35966334536283,False,optimizer loop ended at budget
hvac,WOA,10,1000,1000,3,0,0,0,-160.35966334536283,False,optimizer loop ended at budget
hvac,WOA,10,1000,1000,4,0,0,0,-160.35966334536283,False,optimizer loop ended at budget
hvac,SGO,10,2000,2000,0,0,0,0,-160.35966334536283,False,optimizer loop ended at budget
hvac,SGO,10,2000,2000,1,0,0,0,-160.35966334536283,False,optimizer loop ended at budget
hvac,SGO,10,2000,2000,2,0,0,0,-160.35966334536283,False,optimizer loop ended at budget
hvac,SGO,10,2000,2000,3,0,0,0,-160.35966334536283,False,optimizer loop ended at budget
hvac,SGO,10,2000,2000,4,0,0,0,-160.35966334536283,False,optimizer loop ended at budget
hvac,GWO,10,2000,2000,0,0,0,0,-160.35966334536283,False,optimizer loop ended at budget
hvac,GWO,10,2000,2000,1,0,0,0,-160.35966334536283,False,optimizer loop ended at budget
hvac,GWO,10,2000,2000,2,0,0,0,-160.35966334536283,False,optimizer loop ended at budget
hvac,GWO,10,2000,2000,3,0,0,0,-160.35966334536283,False,optimizer loop ended at budget
hvac,GWO,10,2000,2000,4,0,0,0,-160.35966334536283,False,optimizer loop ended at budget
hvac,PSO,10,2000,2000,0,0,0,0,-160.35966334536283,False,optimizer loop ended at budget
hvac,PSO,10,2000,2000,1,0,0,0,-160.35966334536283,False,optimizer loop ended at budget
hvac,PSO,10,2000,2000,2,0,0,0,-160.35966334536283,False,optimizer loop ended at budget
hvac,PSO,10,2000,2000,3,0,0,0,-160.35966334536283,False,optimizer loop ended at budget
hvac,PSO,10,2000,2000,4,0,0,0,-160.35966334536283,False,optimizer loop ended at budget
hvac,WOA,10,2000,2000,0,0,0,0,-160.35966334536283,False,optimizer loop ended at budget
hvac,WOA,10,2000,2000,1,0,0,0,-160.35966334536283,False,optimizer loop ended at budget
hvac,WOA,10,2000,2000,2,0,0,0,-160.35966334536283,False,optimizer loop ended at budget
hvac,WOA,10,2000,2000,3,0,0,0,-160.35966334536283,False,optimizer loop ended at budget
hvac,WOA,10,2000,2000,4,0,0,0,-160.35966334536283,False,optimizer loop ended at budget
hvac,SGO,14,200,200,0,0,0,0,-105.26928174745422,False,optimizer loop ended at budget
hvac,SGO,14,200,200,1,0,0,0,-123.53735749551497,False,optimizer loop ended at budget
hvac,SGO,14,200,200,2,0,0,0,-160.35966334536283,False,optimizer loop ended at budget
hvac,SGO,14,200,200,3,0,0,0,-117.83704113572924,False,optimizer loop ended at budget
hvac,SGO,14,200,200,4,0,0,0,-149.03739327334756,False,optimizer loop ended at budget
hvac,GWO,14,200,200,0,0,0,0,-160.35966334536283,False,optimizer loop ended at budget
hvac,GWO,14,200,200,1,0,0,0,-160.35966334536283,False,optimizer loop ended at budget
hvac,GWO,14,200,200,2,0,0,0,-160.35966334536283,False,optimizer loop ended at budget
hvac,GWO,14,200,200,3,0,0,0,-160.35966334536283,False,optimizer loop ended at budget
hvac,GWO,14,200,200,4,0,0,0,-160.35966334536283,False,optimizer loop ended at budget
hvac,PSO,14,200,200,0,0,0,0,-160.35966334536283,False,optimizer loop ended at budget
hvac,PSO,14,200,200,1,0,0,0,-160.35966334536283,False,optimizer loop ended at budget
hvac,PSO,14,200,200,2,0,0,0,-160.35966334536283,False,optimizer loop ended at budget
hvac,PSO,14,200,200,3,0,0,0,-160.35966334536283,False,optimizer loop ended at budget
hvac,PSO,14,200,200,4,0,0,0,-160.35966334536283,False,optimizer loop ended at budget
hvac,WOA,14,200,200,0,0,0,0,-160.35966334536283,False,optimizer loop ended at budget
hvac,WOA,14,200,200,1,0,0,0,-160.35966334536283,False,optimizer loop ended at budget
hvac,WOA,14,200,200,2,0,0,0,-160.35966334536283,False,optimizer loop ended at budget
hvac,WOA,14,200,200,3,0,0,0,-160.35966334536283,False,optimizer loop ended at budget
hvac,WOA,14,200,200,4,0,0,0,-160.35966334536283,False,optimizer loop ended at budget
hvac,SGO,14,500,500,0,0,0,0,-160.35966334536283,False,optimizer loop ended at budget
hvac,SGO,14,500,500,1,0,0,0,-160.35966334536283,False,optimizer loop ended at budget
hvac,SGO,14,500,500,2,0,0,0,-160.35966334536283,False,optimizer loop ended at budget
hvac,SGO,14,500,500,3,0,0,0,-160.35966334536283,False,optimizer loop ended at budget
hvac,SGO,14,500,500,4,0,0,0,-160.35966334536283,False,optimizer loop ended at budget
hvac,GWO,14,500,500,0,0,0,0,-160.35966334536283,False,optimizer loop ended at budget
hvac,GWO,14,500,500,1,0,0,0,-160.35966334536283,False,optimizer loop ended at budget
hvac,GWO,14,500,500,2,0,0,0,-160.35966334536283,False,optimizer loop ended at budget
hvac,GWO,14,500,500,3,0,0,0,-160.35966334536283,False,optimizer loop ended at budget
hvac,GWO,14,500,500,4,0,0,0,-160.35966334536283,False,optimizer loop ended at budget
hvac,PSO,14,500,500,0,0,0,0,-160.35966334536283,False,optimizer loop ended at budget
hvac,PSO,14,500,500,1,0,0,0,-160.35966334536283,False,optimizer loop ended at budget
hvac,PSO,14,500,500,2,0,0,0,-160.35966334536283,False,optimizer loop ended at budget
hvac,PSO,14,500,500,3,0,0,0,-160.35966334536283,False,optimizer loop ended at budget
hvac,PSO,14,500,500,4,0,0,0,-160.35966334536283,False,optimizer loop ended at budget
hvac,WOA,14,500,500,0,0,0,0,-160.35966334536283,False,optimizer loop ended at budget
hvac,WOA,14,500,500,1,0,0,0,-160.35966334536283,False,optimizer loop ended at budget
hvac,WOA,14,500,500,2,0,0,0,-160.35966334536283,False,optimizer loop ended at budget
hvac,WOA,14,500,500,3,0,0,0,-160.35966334536283,False,optimizer loop ended at budget
hvac,WOA,14,500,500,4,0,0,0,-160.35966334536283,False,optimizer loop ended at budget
hvac,SGO,14,1000,1000,0,0,0,0,-160.35966334536283,False,optimizer loop ended at budget
hvac,SGO,14,1000,1000,1,0,0,0,-160.35966334536283,False,optimizer loop ended at budget
hvac,SGO,14,1000,1000,2,0,0,0,-160.35966334536283,False,optimizer loop ended at budget
hvac,SGO,14,1000,1000,3,0,0,0,-160.35966334536283,False,optimizer loop ended at budget
hvac,SGO,14,1000,1000,4,0,0,0,-160.35966334536283,False,optimizer loop ended at budget
hvac,GWO,14,1000,1000,0,0,0,0,-160.35966334536283,False,optimizer loop ended at budget
hvac,GWO,14,1000,1000,1,0,0,0,-160.35966334536283,False,optimizer loop ended at budget
hvac,GWO,14,1000,1000,2,0,0,0,-160.35966334536283,False,optimizer loop ended at budget
hvac,GWO,14,1000,1000,3,0,0,0,-160.35966334536283,False,optimizer loop ended at budget
hvac,GWO,14,1000,1000,4,0,0,0,-160.35966334536283,False,optimizer loop ended at budget
hvac,PSO,14,1000,1000,0,0,0,0,-160.35966334536283,False,optimizer loop ended at budget
hvac,PSO,14,1000,1000,1,0,0,0,-160.35966334536283,False,optimizer loop ended at budget
hvac,PSO,14,1000,1000,2,0,0,0,-160.35966334536283,False,optimizer loop ended at budget
hvac,PSO,14,1000,1000,3,0,0,0,-160.35966334536283,False,optimizer loop ended at budget
hvac,PSO,14,1000,1000,4,0,0,0,-160.35966334536283,False,optimizer loop ended at budget
hvac,WOA,14,1000,1000,0,0,0,0,-160.35966334536283,False,optimizer loop ended at budget
hvac,WOA,14,1000,1000,1,0,0,0,-160.35966334536283,False,optimizer loop ended at budget
hvac,WOA,14,1000,1000,2,0,0,0,-160.35966334536283,False,optimizer loop ended at budget
hvac,WOA,14,1000,1000,3,0,0,0,-160.35966334536283,False,optimizer loop ended at budget
hvac,WOA,14,1000,1000,4,0,0,0,-160.35966334536283,False,optimizer loop ended at budget
hvac,SGO,14,2000,2000,0,0,0,0,-160.35966334536283,False,optimizer loop ended at budget
hvac,SGO,14,2000,2000,1,0,0,0,-160.35966334536283,False,optimizer loop ended at budget
hvac,SGO,14,2000,2000,2,0,0,0,-160.35966334536283,False,optimizer loop ended at budget
hvac,SGO,14,2000,2000,3,0,0,0,-160.35966334536283,False,optimizer loop ended at budget
hvac,SGO,14,2000,2000,4,0,0,0,-160.35966334536283,False,optimizer loop ended at budget
hvac,GWO,14,2000,2000,0,0,0,0,-160.35966334536283,False,optimizer loop ended at budget
hvac,GWO,14,2000,2000,1,0,0,0,-160.35966334536283,False,optimizer loop ended at budget
hvac,GWO,14,2000,2000,2,0,0,0,-160.35966334536283,False,optimizer loop ended at budget
hvac,GWO,14,2000,2000,3,0,0,0,-160.35966334536283,False,optimizer loop ended at budget
hvac,GWO,14,2000,2000,4,0,0,0,-160.35966334536283,False,optimizer loop ended at budget
hvac,PSO,14,2000,2000,0,0,0,0,-160.35966334536283,False,optimizer loop ended at budget
hvac,PSO,14,2000,2000,1,0,0,0,-160.35966334536283,False,optimizer loop ended at budget
hvac,PSO,14,2000,2000,2,0,0,0,-160.35966334536283,False,optimizer loop ended at budget
hvac,PSO,14,2000,2000,3,0,0,0,-160.35966334536283,False,optimizer loop ended at budget
hvac,PSO,14,2000,2000,4,0,0,0,-160.35966334536283,False,optimizer loop ended at budget
hvac,WOA,14,2000,2000,0,0,0,0,-160.35966334536283,False,optimizer loop ended at budget
hvac,WOA,14,2000,2000,1,0,0,0,-160.35966334536283,False,optimizer loop ended at budget
hvac,WOA,14,2000,2000,2,0,0,0,-160.35966334536283,False,optimizer loop ended at budget
hvac,WOA,14,2000,2000,3,0,0,0,-160.35966334536283,False,optimizer loop ended at budget
hvac,WOA,14,2000,2000,4,0,0,0,-160.35966334536283,False,optimizer loop ended at budget
hvac,SGO,20,200,200,0,0,0,0,-99.6119730956988,False,optimizer loop ended at budget
hvac,SGO,20,200,200,1,0,0,0,-131.4790828772557,False,optimizer loop ended at budget
hvac,SGO,20,200,200,2,0,0,0,-156.35685623294742,False,optimizer loop ended at budget
hvac,SGO,20,200,200,3,0,0,0,-132.9693676189558,False,optimizer loop ended at budget
hvac,SGO,20,200,200,4,0,0,0,-122.196210503209,False,optimizer loop ended at budget
hvac,GWO,20,200,200,0,0,0,0,-160.35966334536283,False,optimizer loop ended at budget
hvac,GWO,20,200,200,1,0,0,0,-160.35966334536283,False,optimizer loop ended at budget
hvac,GWO,20,200,200,2,0,0,0,-160.35966334536283,False,optimizer loop ended at budget
hvac,GWO,20,200,200,3,0,0,0,-160.35966334536283,False,optimizer loop ended at budget
hvac,GWO,20,200,200,4,0,0,0,-160.35966334536283,False,optimizer loop ended at budget
hvac,PSO,20,200,200,0,0,0,0,-160.35966334536283,False,optimizer loop ended at budget
hvac,PSO,20,200,200,1,0,0,0,-160.35966334536283,False,optimizer loop ended at budget
hvac,PSO,20,200,200,2,0,0,0,-160.35966334536283,False,optimizer loop ended at budget
hvac,PSO,20,200,200,3,0,0,0,-160.35966334536283,False,optimizer loop ended at budget
hvac,PSO,20,200,200,4,0,0,0,-160.35966334536283,False,optimizer loop ended at budget
hvac,WOA,20,200,200,0,0,0,0,-160.35966334536283,False,optimizer loop ended at budget
hvac,WOA,20,200,200,1,0,0,0,-160.35966334536283,False,optimizer loop ended at budget
hvac,WOA,20,200,200,2,0,0,0,-160.35966334536283,False,optimizer loop ended at budget
hvac,WOA,20,200,200,3,0,0,0,-160.35966334536283,False,optimizer loop ended at budget
hvac,WOA,20,200,200,4,0,0,0,-160.35966334536283,False,optimizer loop ended at budget
hvac,SGO,20,500,500,0,0,0,0,-156.4898607568919,False,optimizer loop ended at budget
hvac,SGO,20,500,500,1,0,0,0,-160.35966334536283,False,optimizer loop ended at budget
hvac,SGO,20,500,500,2,0,0,0,-160.35966334536283,False,optimizer loop ended at budget
hvac,SGO,20,500,500,3,0,0,0,-160.35966334536283,False,optimizer loop ended at budget
hvac,SGO,20,500,500,4,0,0,0,-160.35966334536283,False,optimizer loop ended at budget
hvac,GWO,20,500,500,0,0,0,0,-160.35966334536283,False,optimizer loop ended at budget
hvac,GWO,20,500,500,1,0,0,0,-160.35966334536283,False,optimizer loop ended at budget
hvac,GWO,20,500,500,2,0,0,0,-160.35966334536283,False,optimizer loop ended at budget
hvac,GWO,20,500,500,3,0,0,0,-160.35966334536283,False,optimizer loop ended at budget
hvac,GWO,20,500,500,4,0,0,0,-160.35966334536283,False,optimizer loop ended at budget
hvac,PSO,20,500,500,0,0,0,0,-160.35966334536283,False,optimizer loop ended at budget
hvac,PSO,20,500,500,1,0,0,0,-160.35966334536283,False,optimizer loop ended at budget
hvac,PSO,20,500,500,2,0,0,0,-160.35966334536283,False,optimizer loop ended at budget
hvac,PSO,20,500,500,3,0,0,0,-160.35966334536283,False,optimizer loop ended at budget
hvac,PSO,20,500,500,4,0,0,0,-160.35966334536283,False,optimizer loop ended at budget
hvac,WOA,20,500,500,0,0,0,0,-160.35966334536283,False,optimizer loop ended at budget
hvac,WOA,20,500,500,1,0,0,0,-160.35966334536283,False,optimizer loop ended at budget
hvac,WOA,20,500,500,2,0,0,0,-160.35966334536283,False,optimizer loop ended at budget
hvac,WOA,20,500,500,3,0,0,0,-160.35966334536283,False,optimizer loop ended at budget
hvac,WOA,20,500,500,4,0,0,0,-160.35966334536283,False,optimizer loop ended at budget
hvac,SGO,20,1000,1000,0,0,0,0,-160.35966334536283,False,optimizer loop ended at budget
hvac,SGO,20,1000,1000,1,0,0,0,-160.35966334536283,False,optimizer loop ended at budget
hvac,SGO,20,1000,1000,2,0,0,0,-160.35966334536283,False,optimizer loop ended at budget
hvac,SGO,20,1000,1000,3,0,0,0,-160.35966334536283,False,optimizer loop ended at budget
hvac,SGO,20,1000,1000,4,0,0,0,-160.35966334536283,False,optimizer loop ended at budget
hvac,GWO,20,1000,1000,0,0,0,0,-160.35966334536283,False,optimizer loop ended at budget
hvac,GWO,20,1000,1000,1,0,0,0,-160.35966334536283,False,optimizer loop ended at budget
hvac,GWO,20,1000,1000,2,0,0,0,-160.35966334536283,False,optimizer loop ended at budget
hvac,GWO,20,1000,1000,3,0,0,0,-160.35966334536283,False,optimizer loop ended at budget
hvac,GWO,20,1000,1000,4,0,0,0,-160.35966334536283,False,optimizer loop ended at budget
hvac,PSO,20,1000,1000,0,0,0,0,-160.35966334536283,False,optimizer loop ended at budget
hvac,PSO,20,1000,1000,1,0,0,0,-160.35966334536283,False,optimizer loop ended at budget
hvac,PSO,20,1000,1000,2,0,0,0,-160.35966334536283,False,optimizer loop ended at budget
hvac,PSO,20,1000,1000,3,0,0,0,-160.35966334536283,False,optimizer loop ended at budget
hvac,PSO,20,1000,1000,4,0,0,0,-160.35966334536283,False,optimizer loop ended at budget
hvac,WOA,20,1000,1000,0,0,0,0,-160.35966334536283,False,optimizer loop ended at budget
hvac,WOA,20,1000,1000,1,0,0,0,-160.35966334536283,False,optimizer loop ended at budget
hvac,WOA,20,1000,1000,2,0,0,0,-160.35966334536283,False,optimizer loop ended at budget
hvac,WOA,20,1000,1000,3,0,0,0,-160.35966334536283,False,optimizer loop ended at budget
hvac,WOA,20,1000,1000,4,0,0,0,-160.35966334536283,False,optimizer loop ended at budget
hvac,SGO,20,2000,2000,0,0,0,0,-160.35966334536283,False,optimizer loop ended at budget
hvac,SGO,20,2000,2000,1,0,0,0,-160.35966334536283,False,optimizer loop ended at budget
hvac,SGO,20,2000,2000,2,0,0,0,-160.35966334536283,False,optimizer loop ended at budget
hvac,SGO,20,2000,2000,3,0,0,0,-160.35966334536283,False,optimizer loop ended at budget
hvac,SGO,20,2000,2000,4,0,0,0,-160.35966334536283,False,optimizer loop ended at budget
hvac,GWO,20,2000,2000,0,0,0,0,-160.35966334536283,False,optimizer loop ended at budget
hvac,GWO,20,2000,2000,1,0,0,0,-160.35966334536283,False,optimizer loop ended at budget
hvac,GWO,20,2000,2000,2,0,0,0,-160.35966334536283,False,optimizer loop ended at budget
hvac,GWO,20,2000,2000,3,0,0,0,-160.35966334536283,False,optimizer loop ended at budget
hvac,GWO,20,2000,2000,4,0,0,0,-160.35966334536283,False,optimizer loop ended at budget
hvac,PSO,20,2000,2000,0,0,0,0,-160.35966334536283,False,optimizer loop ended at budget
hvac,PSO,20,2000,2000,1,0,0,0,-160.35966334536283,False,optimizer loop ended at budget
hvac,PSO,20,2000,2000,2,0,0,0,-160.35966334536283,False,optimizer loop ended at budget
hvac,PSO,20,2000,2000,3,0,0,0,-160.35966334536283,False,optimizer loop ended at budget
hvac,PSO,20,2000,2000,4,0,0,0,-160.35966334536283,False,optimizer loop ended at budget
hvac,WOA,20,2000,2000,0,0,0,0,-160.35966334536283,False,optimizer loop ended at budget
hvac,WOA,20,2000,2000,1,0,0,0,-160.35966334536283,False,optimizer loop ended at budget
hvac,WOA,20,2000,2000,2,0,0,0,-160.35966334536283,False,optimizer loop ended at budget
hvac,WOA,20,2000,2000,3,0,0,0,-160.35966334536283,False,optimizer loop ended at budget
hvac,WOA,20,2000,2000,4,0,0,0,-160.35966334536283,False,optimizer loop ended at budget
hvac,SGO,30,200,200,0,0,0,0,-160.35966334536283,False,optimizer loop ended at budget
hvac,SGO,30,200,200,1,0,0,0,-123.42349033609484,False,optimizer loop ended at budget
hvac,SGO,30,200,200,2,0,0,0,-144.61610641919674,False,optimizer loop ended at budget
hvac,SGO,30,200,200,3,0,0,0,-107.9266277183022,False,optimizer loop ended at budget
hvac,SGO,30,200,200,4,0,0,0,-153.29383370611038,False,optimizer loop ended at budget
hvac,GWO,30,200,200,0,0,0,0,-160.35966334536283,False,optimizer loop ended at budget
hvac,GWO,30,200,200,1,0,0,0,-160.35966334536283,False,optimizer loop ended at budget
hvac,GWO,30,200,200,2,0,0,0,-160.35966334536283,False,optimizer loop ended at budget
hvac,GWO,30,200,200,3,0,0,0,-160.35966334536283,False,optimizer loop ended at budget
hvac,GWO,30,200,200,4,0,0,0,-160.35966334536283,False,optimizer loop ended at budget
hvac,PSO,30,200,200,0,0,0,0,-160.35966334536283,False,optimizer loop ended at budget
hvac,PSO,30,200,200,1,0,0,0,-160.35966334536283,False,optimizer loop ended at budget
hvac,PSO,30,200,200,2,0,0,0,-160.35966334536283,False,optimizer loop ended at budget
hvac,PSO,30,200,200,3,0,0,0,-160.35966334536283,False,optimizer loop ended at budget
hvac,PSO,30,200,200,4,0,0,0,-160.35966334536283,False,optimizer loop ended at budget
hvac,WOA,30,200,200,0,0,0,0,-160.35966334536283,False,optimizer loop ended at budget
hvac,WOA,30,200,200,1,0,0,0,-160.35966334536283,False,optimizer loop ended at budget
hvac,WOA,30,200,200,2,0,0,0,-160.35966334536283,False,optimizer loop ended at budget
hvac,WOA,30,200,200,3,0,0,0,-160.35966334536283,False,optimizer loop ended at budget
hvac,WOA,30,200,200,4,0,0,0,-160.35966334536283,False,optimizer loop ended at budget
hvac,SGO,30,500,500,0,0,0,0,-160.35966334536283,False,optimizer loop ended at budget
hvac,SGO,30,500,500,1,0,0,0,-160.35966334536283,False,optimizer loop ended at budget
hvac,SGO,30,500,500,2,0,0,0,-160.35966334536283,False,optimizer loop ended at budget
hvac,SGO,30,500,500,3,0,0,0,-160.35966334536283,False,optimizer loop ended at budget
hvac,SGO,30,500,500,4,0,0,0,-160.35966334536283,False,optimizer loop ended at budget
hvac,GWO,30,500,500,0,0,0,0,-160.35966334536283,False,optimizer loop ended at budget
hvac,GWO,30,500,500,1,0,0,0,-160.35966334536283,False,optimizer loop ended at budget
hvac,GWO,30,500,500,2,0,0,0,-160.35966334536283,False,optimizer loop ended at budget
hvac,GWO,30,500,500,3,0,0,0,-160.35966334536283,False,optimizer loop ended at budget
hvac,GWO,30,500,500,4,0,0,0,-160.35966334536283,False,optimizer loop ended at budget
hvac,PSO,30,500,500,0,0,0,0,-160.35966334536283,False,optimizer loop ended at budget
hvac,PSO,30,500,500,1,0,0,0,-160.35966334536283,False,optimizer loop ended at budget
hvac,PSO,30,500,500,2,0,0,0,-160.35966334536283,False,optimizer loop ended at budget
hvac,PSO,30,500,500,3,0,0,0,-160.35966334536283,False,optimizer loop ended at budget
hvac,PSO,30,500,500,4,0,0,0,-160.35966334536283,False,optimizer loop ended at budget
hvac,WOA,30,500,500,0,0,0,0,-160.35966334536283,False,optimizer loop ended at budget
hvac,WOA,30,500,500,1,0,0,0,-160.35966334536283,False,optimizer loop ended at budget
hvac,WOA,30,500,500,2,0,0,0,-160.35966334536283,False,optimizer loop ended at budget
hvac,WOA,30,500,500,3,0,0,0,-160.35966334536283,False,optimizer loop ended at budget
hvac,WOA,30,500,500,4,0,0,0,-160.35966334536283,False,optimizer loop ended at budget
hvac,SGO,30,1000,1000,0,0,0,0,-160.35966334536283,False,optimizer loop ended at budget
hvac,SGO,30,1000,1000,1,0,0,0,-160.35966334536283,False,optimizer loop ended at budget
hvac,SGO,30,1000,1000,2,0,0,0,-160.35966334536283,False,optimizer loop ended at budget
hvac,SGO,30,1000,1000,3,0,0,0,-160.35966334536283,False,optimizer loop ended at budget
hvac,SGO,30,1000,1000,4,0,0,0,-160.35966334536283,False,optimizer loop ended at budget
hvac,GWO,30,1000,1000,0,0,0,0,-160.35966334536283,False,optimizer loop ended at budget
hvac,GWO,30,1000,1000,1,0,0,0,-160.35966334536283,False,optimizer loop ended at budget
hvac,GWO,30,1000,1000,2,0,0,0,-160.35966334536283,False,optimizer loop ended at budget
hvac,GWO,30,1000,1000,3,0,0,0,-160.35966334536283,False,optimizer loop ended at budget
hvac,GWO,30,1000,1000,4,0,0,0,-160.35966334536283,False,optimizer loop ended at budget
hvac,PSO,30,1000,1000,0,0,0,0,-160.35966334536283,False,optimizer loop ended at budget
hvac,PSO,30,1000,1000,1,0,0,0,-160.35966334536283,False,optimizer loop ended at budget
hvac,PSO,30,1000,1000,2,0,0,0,-160.35966334536283,False,optimizer loop ended at budget
hvac,PSO,30,1000,1000,3,0,0,0,-160.35966334536283,False,optimizer loop ended at budget
hvac,PSO,30,1000,1000,4,0,0,0,-160.35966334536283,False,optimizer loop ended at budget
hvac,WOA,30,1000,1000,0,0,0,0,-160.35966334536283,False,optimizer loop ended at budget
hvac,WOA,30,1000,1000,1,0,0,0,-160.35966334536283,False,optimizer loop ended at budget
hvac,WOA,30,1000,1000,2,0,0,0,-160.35966334536283,False,optimizer loop ended at budget
hvac,WOA,30,1000,1000,3,0,0,0,-160.35966334536283,False,optimizer loop ended at budget
hvac,WOA,30,1000,1000,4,0,0,0,-160.35966334536283,False,optimizer loop ended at budget
hvac,SGO,30,2000,2000,0,0,0,0,-160.35966334536283,False,optimizer loop ended at budget
hvac,SGO,30,2000,2000,1,0,0,0,-160.35966334536283,False,optimizer loop ended at budget
hvac,SGO,30,2000,2000,2,0,0,0,-160.35966334536283,False,optimizer loop ended at budget
hvac,SGO,30,2000,2000,3,0,0,0,-160.35966334536283,False,optimizer loop ended at budget
hvac,SGO,30,2000,2000,4,0,0,0,-160.35966334536283,False,optimizer loop ended at budget
hvac,GWO,30,2000,2000,0,0,0,0,-160.35966334536283,False,optimizer loop ended at budget
hvac,GWO,30,2000,2000,1,0,0,0,-160.35966334536283,False,optimizer loop ended at budget
hvac,GWO,30,2000,2000,2,0,0,0,-160.35966334536283,False,optimizer loop ended at budget
hvac,GWO,30,2000,2000,3,0,0,0,-160.35966334536283,False,optimizer loop ended at budget
hvac,GWO,30,2000,2000,4,0,0,0,-160.35966334536283,False,optimizer loop ended at budget
hvac,PSO,30,2000,2000,0,0,0,0,-160.35966334536283,False,optimizer loop ended at budget
hvac,PSO,30,2000,2000,1,0,0,0,-160.35966334536283,False,optimizer loop ended at budget
hvac,PSO,30,2000,2000,2,0,0,0,-160.35966334536283,False,optimizer loop ended at budget
hvac,PSO,30,2000,2000,3,0,0,0,-160.35966334536283,False,optimizer loop ended at budget
hvac,PSO,30,2000,2000,4,0,0,0,-160.35966334536283,False,optimizer loop ended at budget
hvac,WOA,30,2000,2000,0,0,0,0,-160.35966334536283,False,optimizer loop ended at budget
hvac,WOA,30,2000,2000,1,0,0,0,-160.35966334536283,False,optimizer loop ended at budget
hvac,WOA,30,2000,2000,2,0,0,0,-160.35966334536283,False,optimizer loop ended at budget
hvac,WOA,30,2000,2000,3,0,0,0,-160.35966334536283,False,optimizer loop ended at budget
hvac,WOA,30,2000,2000,4,0,0,0,-160.35966334536283,False,optimizer loop ended at budget
uav,SGO,8,200,200,0,0,0,0,-1109.7981843162265,False,optimizer loop ended at budget
uav,SGO,8,200,200,1,0,0,0,-1220.7214922808441,False,optimizer loop ended at budget
uav,SGO,8,200,200,2,0,0,0,-1100.124003202939,False,optimizer loop ended at budget
uav,SGO,8,200,200,3,0,0,0,-1163.303254431033,False,optimizer loop ended at budget
uav,SGO,8,200,200,4,0,0,0,-802.2814896070042,False,optimizer loop ended at budget
uav,GWO,8,200,200,0,0,0,0,-1853.16615639382,False,optimizer loop ended at budget
uav,GWO,8,200,200,1,0,0,0,-1865.260794828713,False,optimizer loop ended at budget
uav,GWO,8,200,200,2,0,0,0,-1858.9424320633138,False,optimizer loop ended at budget
uav,GWO,8,200,200,3,0,0,0,-1127.6395870790075,False,optimizer loop ended at budget
uav,GWO,8,200,200,4,0,0,0,-1865.1272090525042,False,optimizer loop ended at budget
uav,PSO,8,200,200,0,0,0,0,-23.510961002371914,False,optimizer loop ended at budget
uav,PSO,8,200,200,1,0,0,0,0.0,False,optimizer loop ended at budget
uav,PSO,8,200,200,2,0,0,0,0.0,False,optimizer loop ended at budget
uav,PSO,8,200,200,3,0,0,0,0.0,False,optimizer loop ended at budget
uav,PSO,8,200,200,4,0,0,0,-141.82040923889372,False,optimizer loop ended at budget
uav,WOA,8,200,200,0,0,0,0,-1146.7992215094896,False,optimizer loop ended at budget
uav,WOA,8,200,200,1,0,0,0,-1134.8909479386898,False,optimizer loop ended at budget
uav,WOA,8,200,200,2,0,0,0,-1136.974724116917,False,optimizer loop ended at budget
uav,WOA,8,200,200,3,0,0,0,-1121.601491294404,False,optimizer loop ended at budget
uav,WOA,8,200,200,4,0,0,0,-1123.365066460744,False,optimizer loop ended at budget
uav,SGO,8,500,500,0,0,0,0,-1175.688821081101,False,optimizer loop ended at budget
uav,SGO,8,500,500,1,0,0,0,-1274.9447505288126,False,optimizer loop ended at budget
uav,SGO,8,500,500,2,0,0,0,-1122.8095397565694,False,optimizer loop ended at budget
uav,SGO,8,500,500,3,0,0,0,-1187.530006162669,False,optimizer loop ended at budget
uav,SGO,8,500,500,4,0,0,0,-1043.2726706835663,False,optimizer loop ended at budget
uav,GWO,8,500,500,0,0,0,0,-1865.643047971403,False,optimizer loop ended at budget
uav,GWO,8,500,500,1,0,0,0,-1865.9450463392893,False,optimizer loop ended at budget
uav,GWO,8,500,500,2,0,0,0,-1864.7458371986888,False,optimizer loop ended at budget
uav,GWO,8,500,500,3,0,0,0,-1865.8423650891584,False,optimizer loop ended at budget
uav,GWO,8,500,500,4,0,0,0,-1865.9764527404307,False,optimizer loop ended at budget
uav,PSO,8,500,500,0,0,0,0,-1862.290365442813,False,optimizer loop ended at budget
uav,PSO,8,500,500,1,0,0,0,-1810.2772063156342,False,optimizer loop ended at budget
uav,PSO,8,500,500,2,0,0,0,-1826.7143861448199,False,optimizer loop ended at budget
uav,PSO,8,500,500,3,0,0,0,-1850.5580102604504,False,optimizer loop ended at budget
uav,PSO,8,500,500,4,0,0,0,-1773.1668285037392,False,optimizer loop ended at budget
uav,WOA,8,500,500,0,0,0,0,-1141.3386514570545,False,optimizer loop ended at budget
uav,WOA,8,500,500,1,0,0,0,-1122.3235957385962,False,optimizer loop ended at budget
uav,WOA,8,500,500,2,0,0,0,-1148.5628878616499,False,optimizer loop ended at budget
uav,WOA,8,500,500,3,0,0,0,-1127.6743871968836,False,optimizer loop ended at budget
uav,WOA,8,500,500,4,0,0,0,-1131.4751985331418,False,optimizer loop ended at budget
uav,SGO,8,1000,1000,0,0,0,0,-1176.0105486148743,False,optimizer loop ended at budget
uav,SGO,8,1000,1000,1,0,0,0,-1276.5081185859044,False,optimizer loop ended at budget
uav,SGO,8,1000,1000,2,0,0,0,-1122.8151424206292,False,optimizer loop ended at budget
uav,SGO,8,1000,1000,3,0,0,0,-1191.4716467560315,False,optimizer loop ended at budget
uav,SGO,8,1000,1000,4,0,0,0,-1044.7661559354872,False,optimizer loop ended at budget
uav,GWO,8,1000,1000,0,0,0,0,-1866.3283444904214,False,optimizer loop ended at budget
uav,GWO,8,1000,1000,1,0,0,0,-1865.4203193342892,False,optimizer loop ended at budget
uav,GWO,8,1000,1000,2,0,0,0,-1866.0397065638786,False,optimizer loop ended at budget
uav,GWO,8,1000,1000,3,0,0,0,-1865.2012860822053,False,optimizer loop ended at budget
uav,GWO,8,1000,1000,4,0,0,0,-1866.3540420892912,False,optimizer loop ended at budget
uav,PSO,8,1000,1000,0,0,0,0,-1866.5028203410038,False,optimizer loop ended at budget
uav,PSO,8,1000,1000,1,0,0,0,-1866.5028046454413,False,optimizer loop ended at budget
uav,PSO,8,1000,1000,2,0,0,0,-1866.4971965639443,False,optimizer loop ended at budget
uav,PSO,8,1000,1000,3,0,0,0,-1866.4993037800764,False,optimizer loop ended at budget
uav,PSO,8,1000,1000,4,0,0,0,-1866.4966822506995,False,optimizer loop ended at budget
uav,WOA,8,1000,1000,0,0,0,0,-1172.2205387438626,False,optimizer loop ended at budget
uav,WOA,8,1000,1000,1,0,0,0,-1136.0049826556992,False,optimizer loop ended at budget
uav,WOA,8,1000,1000,2,0,0,0,-1138.3629563847821,False,optimizer loop ended at budget
uav,WOA,8,1000,1000,3,0,0,0,-1119.6259260313957,False,optimizer loop ended at budget
uav,WOA,8,1000,1000,4,0,0,0,-1137.2559481614123,False,optimizer loop ended at budget
uav,SGO,8,2000,2000,0,0,0,0,-1176.0105486148743,False,optimizer loop ended at budget
uav,SGO,8,2000,2000,1,0,0,0,-1276.5120552303576,False,optimizer loop ended at budget
uav,SGO,8,2000,2000,2,0,0,0,-1122.8151424206292,False,optimizer loop ended at budget
uav,SGO,8,2000,2000,3,0,0,0,-1191.6098348959958,False,optimizer loop ended at budget
uav,SGO,8,2000,2000,4,0,0,0,-1044.7905615398768,False,optimizer loop ended at budget
uav,GWO,8,2000,2000,0,0,0,0,-1866.2523041487643,False,optimizer loop ended at budget
uav,GWO,8,2000,2000,1,0,0,0,-1866.2277910198634,False,optimizer loop ended at budget
uav,GWO,8,2000,2000,2,0,0,0,-1866.081424246833,False,optimizer loop ended at budget
uav,GWO,8,2000,2000,3,0,0,0,-1866.3498244088955,False,optimizer loop ended at budget
uav,GWO,8,2000,2000,4,0,0,0,-1866.4713122776134,False,optimizer loop ended at budget
uav,PSO,8,2000,2000,0,0,0,0,-1866.5028362955554,False,optimizer loop ended at budget
uav,PSO,8,2000,2000,1,0,0,0,-1866.5028362952587,False,optimizer loop ended at budget
uav,PSO,8,2000,2000,2,0,0,0,-1866.5028362955572,False,optimizer loop ended at budget
uav,PSO,8,2000,2000,3,0,0,0,-1866.502836294477,False,optimizer loop ended at budget
uav,PSO,8,2000,2000,4,0,0,0,-1866.5028350118791,False,optimizer loop ended at budget
uav,WOA,8,2000,2000,0,0,0,0,-1166.4881155610842,False,optimizer loop ended at budget
uav,WOA,8,2000,2000,1,0,0,0,-1136.4214995431814,False,optimizer loop ended at budget
uav,WOA,8,2000,2000,2,0,0,0,-1135.0421435490182,False,optimizer loop ended at budget
uav,WOA,8,2000,2000,3,0,0,0,-1130.2223305960651,False,optimizer loop ended at budget
uav,WOA,8,2000,2000,4,0,0,0,-1128.42463037056,False,optimizer loop ended at budget
uav,SGO,10,200,200,0,0,0,0,-893.2175679901793,False,optimizer loop ended at budget
uav,SGO,10,200,200,1,0,0,0,-1133.341935121329,False,optimizer loop ended at budget
uav,SGO,10,200,200,2,0,0,0,-1182.8638174700668,False,optimizer loop ended at budget
uav,SGO,10,200,200,3,0,0,0,-1076.69300575031,False,optimizer loop ended at budget
uav,SGO,10,200,200,4,0,0,0,-890.9406736091778,False,optimizer loop ended at budget
uav,GWO,10,200,200,0,0,0,0,-1864.4655627598481,False,optimizer loop ended at budget
uav,GWO,10,200,200,1,0,0,0,-1779.497321421962,False,optimizer loop ended at budget
uav,GWO,10,200,200,2,0,0,0,-1263.382683286117,False,optimizer loop ended at budget
uav,GWO,10,200,200,3,0,0,0,-1853.4375094452014,False,optimizer loop ended at budget
uav,GWO,10,200,200,4,0,0,0,-1862.3968716529844,False,optimizer loop ended at budget
uav,PSO,10,200,200,0,0,0,0,-895.5600899518918,False,optimizer loop ended at budget
uav,PSO,10,200,200,1,0,0,0,0.0,False,optimizer loop ended at budget
uav,PSO,10,200,200,2,0,0,0,0.0,False,optimizer loop ended at budget
uav,PSO,10,200,200,3,0,0,0,0.0,False,optimizer loop ended at budget
uav,PSO,10,200,200,4,0,0,0,-1033.677603571805,False,optimizer loop ended at budget
uav,WOA,10,200,200,0,0,0,0,-1136.0687580762437,False,optimizer loop ended at budget
uav,WOA,10,200,200,1,0,0,0,-1061.1519080270348,False,optimizer loop ended at budget
uav,WOA,10,200,200,2,0,0,0,-1130.9378608812967,False,optimizer loop ended at budget
uav,WOA,10,200,200,3,0,0,0,-1072.8036805619333,False,optimizer loop ended at budget
uav,WOA,10,200,200,4,0,0,0,-1137.3357835120933,False,optimizer loop ended at budget
uav,SGO,10,500,500,0,0,0,0,-1165.594285879172,False,optimizer loop ended at budget
uav,SGO,10,500,500,1,0,0,0,-1232.916170740428,False,optimizer loop ended at budget
uav,SGO,10,500,500,2,0,0,0,-1191.8677285590002,False,optimizer loop ended at budget
uav,SGO,10,500,500,3,0,0,0,-1236.5390793427287,False,optimizer loop ended at budget
uav,SGO,10,500,500,4,0,0,0,-1075.5230681376393,False,optimizer loop ended at budget
uav,GWO,10,500,500,0,0,0,0,-1866.0101566332687,False,optimizer loop ended at budget
uav,GWO,10,500,500,1,0,0,0,-1866.3697992754257,False,optimizer loop ended at budget
uav,GWO,10,500,500,2,0,0,0,-1143.5934449704903,False,optimizer loop ended at budget
uav,GWO,10,500,500,3,0,0,0,-1866.0505872474093,False,optimizer loop ended at budget
uav,GWO,10,500,500,4,0,0,0,-1864.1816653165888,False,optimizer loop ended at budget
uav,PSO,10,500,500,0,0,0,0,-1370.004412300918,False,optimizer loop ended at budget
uav,PSO,10,500,500,1,0,0,0,-1168.0560533374241,False,optimizer loop ended at budget
uav,PSO,10,500,500,2,0,0,0,-1860.6781116732614,False,optimizer loop ended at budget
uav,PSO,10,500,500,3,0,0,0,-1686.9632173611692,False,optimizer loop ended at budget
uav,PSO,10,500,500,4,0,0,0,-1734.784046606031,False,optimizer loop ended at budget
uav,WOA,10,500,500,0,0,0,0,-1148.6158833886864,False,optimizer loop ended at budget
uav,WOA,10,500,500,1,0,0,0,-1078.8732955873768,False,optimizer loop ended at budget
uav,WOA,10,500,500,2,0,0,0,-1136.000085941206,False,optimizer loop ended at budget
uav,WOA,10,500,500,3,0,0,0,-1130.9361479657832,False,optimizer loop ended at budget
uav,WOA,10,500,500,4,0,0,0,-1146.333243307751,False,optimizer loop ended at budget
uav,SGO,10,1000,1000,0,0,0,0,-1166.9776466605094,False,optimizer loop ended at budget
uav,SGO,10,1000,1000,1,0,0,0,-1256.6403792180417,False,optimizer loop ended at budget
uav,SGO,10,1000,1000,2,0,0,0,-1196.0589676304126,False,optimizer loop ended at budget
uav,SGO,10,1000,1000,3,0,0,0,-1237.8926117389224,False,optimizer loop ended at budget
uav,SGO,10,1000,1000,4,0,0,0,-1091.1879676694616,False,optimizer loop ended at budget
uav,GWO,10,1000,1000,0,0,0,0,-1866.1542163358995,False,optimizer loop ended at budget
uav,GWO,10,1000,1000,1,0,0,0,-1866.4585307726675,False,optimizer loop ended at budget
uav,GWO,10,1000,1000,2,0,0,0,-1865.3991337076134,False,optimizer loop ended at budget
uav,GWO,10,1000,1000,3,0,0,0,-1866.3129852922689,False,optimizer loop ended at budget
uav,GWO,10,1000,1000,4,0,0,0,-1866.1203157510256,False,optimizer loop ended at budget
uav,PSO,10,1000,1000,0,0,0,0,-1866.412271427084,False,optimizer loop ended at budget
uav,PSO,10,1000,1000,1,0,0,0,-1866.5010508152923,False,optimizer loop ended at budget
uav,PSO,10,1000,1000,2,0,0,0,-1866.4970626684665,False,optimizer loop ended at budget
uav,PSO,10,1000,1000,3,0,0,0,-1865.397257617471,False,optimizer loop ended at budget
uav,PSO,10,1000,1000,4,0,0,0,-1866.4399434828283,False,optimizer loop ended at budget
uav,WOA,10,1000,1000,0,0,0,0,-1139.0663406728127,False,optimizer loop ended at budget
uav,WOA,10,1000,1000,1,0,0,0,-1025.9835013428533,False,optimizer loop ended at budget
uav,WOA,10,1000,1000,2,0,0,0,-1146.262131862844,False,optimizer loop ended at budget
uav,WOA,10,1000,1000,3,0,0,0,-1135.305240003647,False,optimizer loop ended at budget
uav,WOA,10,1000,1000,4,0,0,0,-1157.1617069012384,False,optimizer loop ended at budget
uav,SGO,10,2000,2000,0,0,0,0,-1167.0487725217172,False,optimizer loop ended at budget
uav,SGO,10,2000,2000,1,0,0,0,-1257.4491768134938,False,optimizer loop ended at budget
uav,SGO,10,2000,2000,2,0,0,0,-1196.6424723872606,False,optimizer loop ended at budget
uav,SGO,10,2000,2000,3,0,0,0,-1238.799925044531,False,optimizer loop ended at budget
uav,SGO,10,2000,2000,4,0,0,0,-1092.2539285710163,False,optimizer loop ended at budget
uav,GWO,10,2000,2000,0,0,0,0,-1866.33381906994,False,optimizer loop ended at budget
uav,GWO,10,2000,2000,1,0,0,0,-1866.4906754435651,False,optimizer loop ended at budget
uav,GWO,10,2000,2000,2,0,0,0,-1866.1677911586805,False,optimizer loop ended at budget
uav,GWO,10,2000,2000,3,0,0,0,-1866.4819132672249,False,optimizer loop ended at budget
uav,GWO,10,2000,2000,4,0,0,0,-1866.4614764189798,False,optimizer loop ended at budget
uav,PSO,10,2000,2000,0,0,0,0,-1866.5028362823746,False,optimizer loop ended at budget
uav,PSO,10,2000,2000,1,0,0,0,-1866.5028360616475,False,optimizer loop ended at budget
uav,PSO,10,2000,2000,2,0,0,0,-1866.502836248968,False,optimizer loop ended at budget
uav,PSO,10,2000,2000,3,0,0,0,-1866.5028254879524,False,optimizer loop ended at budget
uav,PSO,10,2000,2000,4,0,0,0,-1866.5028362944395,False,optimizer loop ended at budget
uav,WOA,10,2000,2000,0,0,0,0,-1133.2258634155799,False,optimizer loop ended at budget
uav,WOA,10,2000,2000,1,0,0,0,-1056.1035280000062,False,optimizer loop ended at budget
uav,WOA,10,2000,2000,2,0,0,0,-1139.8247355726146,False,optimizer loop ended at budget
uav,WOA,10,2000,2000,3,0,0,0,-1115.330467215959,False,optimizer loop ended at budget
uav,WOA,10,2000,2000,4,0,0,0,-1124.7528660544044,False,optimizer loop ended at budget
uav,SGO,14,200,200,0,0,0,0,-516.5538751403312,False,optimizer loop ended at budget
uav,SGO,14,200,200,1,0,0,0,-829.9747890265257,False,optimizer loop ended at budget
uav,SGO,14,200,200,2,0,0,0,-408.7971538186696,False,optimizer loop ended at budget
uav,SGO,14,200,200,3,0,0,0,-962.2749398060653,False,optimizer loop ended at budget
uav,SGO,14,200,200,4,0,0,0,0.0,False,optimizer loop ended at budget
uav,GWO,14,200,200,0,0,0,0,-1852.4187020069958,False,optimizer loop ended at budget
uav,GWO,14,200,200,1,0,0,0,-1583.0439454322875,False,optimizer loop ended at budget
uav,GWO,14,200,200,2,0,0,0,-1864.4610658423899,False,optimizer loop ended at budget
uav,GWO,14,200,200,3,0,0,0,-1864.0316593317175,False,optimizer loop ended at budget
uav,GWO,14,200,200,4,0,0,0,-1430.413259804236,False,optimizer loop ended at budget
uav,PSO,14,200,200,0,0,0,0,0.0,False,optimizer loop ended at budget
uav,PSO,14,200,200,1,0,0,0,0.0,False,optimizer loop ended at budget
uav,PSO,14,200,200,2,0,0,0,0.0,False,optimizer loop ended at budget
uav,PSO,14,200,200,3,0,0,0,0.0,False,optimizer loop ended at budget
uav,PSO,14,200,200,4,0,0,0,0.0,False,optimizer loop ended at budget
uav,WOA,14,200,200,0,0,0,0,-1271.810609007687,False,optimizer loop ended at budget
uav,WOA,14,200,200,1,0,0,0,-1335.6253247628363,False,optimizer loop ended at budget
uav,WOA,14,200,200,2,0,0,0,-1141.564630421229,False,optimizer loop ended at budget
uav,WOA,14,200,200,3,0,0,0,-1085.4090383718717,False,optimizer loop ended at budget
uav,WOA,14,200,200,4,0,0,0,-1043.975906745533,False,optimizer loop ended at budget
uav,SGO,14,500,500,0,0,0,0,-1155.632389300199,False,optimizer loop ended at budget
uav,SGO,14,500,500,1,0,0,0,-1363.9667574935243,False,optimizer loop ended at budget
uav,SGO,14,500,500,2,0,0,0,-1108.8905128309268,False,optimizer loop ended at budget
uav,SGO,14,500,500,3,0,0,0,-1403.9971715981458,False,optimizer loop ended at budget
uav,SGO,14,500,500,4,0,0,0,-1367.0149041275827,False,optimizer loop ended at budget
uav,GWO,14,500,500,0,0,0,0,-1865.0797177967218,False,optimizer loop ended at budget
uav,GWO,14,500,500,1,0,0,0,-1864.99885113073,False,optimizer loop ended at budget
uav,GWO,14,500,500,2,0,0,0,-1865.4957317178466,False,optimizer loop ended at budget
uav,GWO,14,500,500,3,0,0,0,-1864.160941602417,False,optimizer loop ended at budget
uav,GWO,14,500,500,4,0,0,0,-1865.7929228953292,False,optimizer loop ended at budget
uav,PSO,14,500,500,0,0,0,0,-1383.0596988914635,False,optimizer loop ended at budget
uav,PSO,14,500,500,1,0,0,0,-860.5565797627728,False,optimizer loop ended at budget
uav,PSO,14,500,500,2,0,0,0,-880.5438560498241,False,optimizer loop ended at budget
uav,PSO,14,500,500,3,0,0,0,-1328.1919505850042,False,optimizer loop ended at budget
uav,PSO,14,500,500,4,0,0,0,-827.6997109064314,False,optimizer loop ended at budget
uav,WOA,14,500,500,0,0,0,0,-1278.037950494412,False,optimizer loop ended at budget
uav,WOA,14,500,500,1,0,0,0,-1362.3784481304651,False,optimizer loop ended at budget
uav,WOA,14,500,500,2,0,0,0,-1128.0765041017728,False,optimizer loop ended at budget
uav,WOA,14,500,500,3,0,0,0,-1116.9532101595714,False,optimizer loop ended at budget
uav,WOA,14,500,500,4,0,0,0,-1132.4041288981944,False,optimizer loop ended at budget
uav,SGO,14,1000,1000,0,0,0,0,-1225.1476767849101,False,optimizer loop ended at budget
uav,SGO,14,1000,1000,1,0,0,0,-1394.4384588770909,False,optimizer loop ended at budget
uav,SGO,14,1000,1000,2,0,0,0,-1131.6256413088363,False,optimizer loop ended at budget
uav,SGO,14,1000,1000,3,0,0,0,-1479.9409502771048,False,optimizer loop ended at budget
uav,SGO,14,1000,1000,4,0,0,0,-1566.2993577393715,False,optimizer loop ended at budget
uav,GWO,14,1000,1000,0,0,0,0,-1866.4859712499322,False,optimizer loop ended at budget
uav,GWO,14,1000,1000,1,0,0,0,-1866.086639746844,False,optimizer loop ended at budget
uav,GWO,14,1000,1000,2,0,0,0,-1865.7159027338466,False,optimizer loop ended at budget
uav,GWO,14,1000,1000,3,0,0,0,-1866.4719432718882,False,optimizer loop ended at budget
uav,GWO,14,1000,1000,4,0,0,0,-1866.197851510245,False,optimizer loop ended at budget
uav,PSO,14,1000,1000,0,0,0,0,-1865.1179069861898,False,optimizer loop ended at budget
uav,PSO,14,1000,1000,1,0,0,0,-1865.8469286180054,False,optimizer loop ended at budget
uav,PSO,14,1000,1000,2,0,0,0,-1866.432012900287,False,optimizer loop ended at budget
uav,PSO,14,1000,1000,3,0,0,0,-1866.0809050413714,False,optimizer loop ended at budget
uav,PSO,14,1000,1000,4,0,0,0,-1865.551927802438,False,optimizer loop ended at budget
uav,WOA,14,1000,1000,0,0,0,0,-1269.1726089144681,False,optimizer loop ended at budget
uav,WOA,14,1000,1000,1,0,0,0,-1029.8518038313068,False,optimizer loop ended at budget
uav,WOA,14,1000,1000,2,0,0,0,-1132.6313326295494,False,optimizer loop ended at budget
uav,WOA,14,1000,1000,3,0,0,0,-1135.2862356256762,False,optimizer loop ended at budget
uav,WOA,14,1000,1000,4,0,0,0,-1158.3985221568794,False,optimizer loop ended at budget
uav,SGO,14,2000,2000,0,0,0,0,-1226.8280639621833,False,optimizer loop ended at budget
uav,SGO,14,2000,2000,1,0,0,0,-1399.7122386528406,False,optimizer loop ended at budget
uav,SGO,14,2000,2000,2,0,0,0,-1132.4772495461775,False,optimizer loop ended at budget
uav,SGO,14,2000,2000,3,0,0,0,-1483.0125826497124,False,optimizer loop ended at budget
uav,SGO,14,2000,2000,4,0,0,0,-1566.8928607472124,False,optimizer loop ended at budget
uav,GWO,14,2000,2000,0,0,0,0,-1866.4192477247504,False,optimizer loop ended at budget
uav,GWO,14,2000,2000,1,0,0,0,-1866.3154430977659,False,optimizer loop ended at budget
uav,GWO,14,2000,2000,2,0,0,0,-1866.106228598925,False,optimizer loop ended at budget
uav,GWO,14,2000,2000,3,0,0,0,-1866.1517001351015,False,optimizer loop ended at budget
uav,GWO,14,2000,2000,4,0,0,0,-1866.4752207991964,False,optimizer loop ended at budget
uav,PSO,14,2000,2000,0,0,0,0,-1866.5028349842587,False,optimizer loop ended at budget
uav,PSO,14,2000,2000,1,0,0,0,-1866.5028247452176,False,optimizer loop ended at budget
uav,PSO,14,2000,2000,2,0,0,0,-1866.5027178305866,False,optimizer loop ended at budget
uav,PSO,14,2000,2000,3,0,0,0,-1866.5028183857075,False,optimizer loop ended at budget
uav,PSO,14,2000,2000,4,0,0,0,-1866.5028103213442,False,optimizer loop ended at budget
uav,WOA,14,2000,2000,0,0,0,0,-1287.8360533792643,False,optimizer loop ended at budget
uav,WOA,14,2000,2000,1,0,0,0,-1080.9737276172355,False,optimizer loop ended at budget
uav,WOA,14,2000,2000,2,0,0,0,-1137.2877281080928,False,optimizer loop ended at budget
uav,WOA,14,2000,2000,3,0,0,0,-1136.4063248201287,False,optimizer loop ended at budget
uav,WOA,14,2000,2000,4,0,0,0,-1142.5684971201313,False,optimizer loop ended at budget
uav,SGO,20,200,200,0,0,0,0,0.0,False,optimizer loop ended at budget
uav,SGO,20,200,200,1,0,0,0,-748.8471272956986,False,optimizer loop ended at budget
uav,SGO,20,200,200,2,0,0,0,0.0,False,optimizer loop ended at budget
uav,SGO,20,200,200,3,0,0,0,-159.81130293767546,False,optimizer loop ended at budget
uav,SGO,20,200,200,4,0,0,0,-696.7844129113628,False,optimizer loop ended at budget
uav,GWO,20,200,200,0,0,0,0,-1850.988235489858,False,optimizer loop ended at budget
uav,GWO,20,200,200,1,0,0,0,-1854.1608622713225,False,optimizer loop ended at budget
uav,GWO,20,200,200,2,0,0,0,-1123.1565228721288,False,optimizer loop ended at budget
uav,GWO,20,200,200,3,0,0,0,-1138.6351794089157,False,optimizer loop ended at budget
uav,GWO,20,200,200,4,0,0,0,-1857.3507807690119,False,optimizer loop ended at budget
uav,PSO,20,200,200,0,0,0,0,0.0,False,optimizer loop ended at budget
uav,PSO,20,200,200,1,0,0,0,0.0,False,optimizer loop ended at budget
uav,PSO,20,200,200,2,0,0,0,0.0,False,optimizer loop ended at budget
uav,PSO,20,200,200,3,0,0,0,-244.57809812850974,False,optimizer loop ended at budget
uav,PSO,20,200,200,4,0,0,0,0.0,False,optimizer loop ended at budget
uav,WOA,20,200,200,0,0,0,0,-1091.4477034751858,False,optimizer loop ended at budget
uav,WOA,20,200,200,1,0,0,0,-855.3240751632017,False,optimizer loop ended at budget
uav,WOA,20,200,200,2,0,0,0,-1124.0899440099865,False,optimizer loop ended at budget
uav,WOA,20,200,200,3,0,0,0,-948.6019497325542,False,optimizer loop ended at budget
uav,WOA,20,200,200,4,0,0,0,-1134.0724952352282,False,optimizer loop ended at budget
uav,SGO,20,500,500,0,0,0,0,-1179.1276617090903,False,optimizer loop ended at budget
uav,SGO,20,500,500,1,0,0,0,-1134.729744111175,False,optimizer loop ended at budget
uav,SGO,20,500,500,2,0,0,0,-1326.1860135759716,False,optimizer loop ended at budget
uav,SGO,20,500,500,3,0,0,0,-1419.1116903445259,False,optimizer loop ended at budget
uav,SGO,20,500,500,4,0,0,0,-1185.20158280313,False,optimizer loop ended at budget
uav,GWO,20,500,500,0,0,0,0,-1863.1638214577747,False,optimizer loop ended at budget
uav,GWO,20,500,500,1,0,0,0,-1865.1627739111696,False,optimizer loop ended at budget
uav,GWO,20,500,500,2,0,0,0,-1864.177077482536,False,optimizer loop ended at budget
uav,GWO,20,500,500,3,0,0,0,-1133.2743258820503,False,optimizer loop ended at budget
uav,GWO,20,500,500,4,0,0,0,-1866.1483955390152,False,optimizer loop ended at budget
uav,PSO,20,500,500,0,0,0,0,-1383.1191819597116,False,optimizer loop ended at budget
uav,PSO,20,500,500,1,0,0,0,-1402.4846724192316,False,optimizer loop ended at budget
uav,PSO,20,500,500,2,0,0,0,-425.08939550751484,False,optimizer loop ended at budget
uav,PSO,20,500,500,3,0,0,0,-1135.5796384939472,False,optimizer loop ended at budget
uav,PSO,20,500,500,4,0,0,0,-831.7802520914497,False,optimizer loop ended at budget
uav,WOA,20,500,500,0,0,0,0,-1136.5001563457395,False,optimizer loop ended at budget
uav,WOA,20,500,500,1,0,0,0,-1137.007817743627,False,optimizer loop ended at budget
uav,WOA,20,500,500,2,0,0,0,-1121.2892204183356,False,optimizer loop ended at budget
uav,WOA,20,500,500,3,0,0,0,-1145.4739356703733,False,optimizer loop ended at budget
uav,WOA,20,500,500,4,0,0,0,-1127.2675486601945,False,optimizer loop ended at budget
uav,SGO,20,1000,1000,0,0,0,0,-1209.5604091883342,False,optimizer loop ended at budget
uav,SGO,20,1000,1000,1,0,0,0,-1365.1243474251899,False,optimizer loop ended at budget
uav,SGO,20,1000,1000,2,0,0,0,-1433.4050840452849,False,optimizer loop ended at budget
uav,SGO,20,1000,1000,3,0,0,0,-1521.32872880435,False,optimizer loop ended at budget
uav,SGO,20,1000,1000,4,0,0,0,-1249.542421164772,False,optimizer loop ended at budget
uav,GWO,20,1000,1000,0,0,0,0,-1865.5360329791392,False,optimizer loop ended at budget
uav,GWO,20,1000,1000,1,0,0,0,-1866.4819485841986,False,optimizer loop ended at budget
uav,GWO,20,1000,1000,2,0,0,0,-1866.138205970461,False,optimizer loop ended at budget
uav,GWO,20,1000,1000,3,0,0,0,-1866.3105473198002,False,optimizer loop ended at budget
uav,GWO,20,1000,1000,4,0,0,0,-1865.839329024866,False,optimizer loop ended at budget
uav,PSO,20,1000,1000,0,0,0,0,-1821.7854749652263,False,optimizer loop ended at budget
uav,PSO,20,1000,1000,1,0,0,0,-1808.593125668512,False,optimizer loop ended at budget
uav,PSO,20,1000,1000,2,0,0,0,-1849.2506593288654,False,optimizer loop ended at budget
uav,PSO,20,1000,1000,3,0,0,0,-1861.9220985483887,False,optimizer loop ended at budget
uav,PSO,20,1000,1000,4,0,0,0,-1722.1616481783456,False,optimizer loop ended at budget
uav,WOA,20,1000,1000,0,0,0,0,-1140.216156978421,False,optimizer loop ended at budget
uav,WOA,20,1000,1000,1,0,0,0,-1110.5255423543674,False,optimizer loop ended at budget
uav,WOA,20,1000,1000,2,0,0,0,-1142.8582124468112,False,optimizer loop ended at budget
uav,WOA,20,1000,1000,3,0,0,0,-1128.5598160908803,False,optimizer loop ended at budget
uav,WOA,20,1000,1000,4,0,0,0,-1138.860851049579,False,optimizer loop ended at budget
uav,SGO,20,2000,2000,0,0,0,0,-1219.8532890393496,False,optimizer loop ended at budget
uav,SGO,20,2000,2000,1,0,0,0,-1403.848390904511,False,optimizer loop ended at budget
uav,SGO,20,2000,2000,2,0,0,0,-1443.1296923265838,False,optimizer loop ended at budget
uav,SGO,20,2000,2000,3,0,0,0,-1547.7363429260781,False,optimizer loop ended at budget
uav,SGO,20,2000,2000,4,0,0,0,-1270.3590761274593,False,optimizer loop ended at budget
uav,GWO,20,2000,2000,0,0,0,0,-1866.4532960002693,False,optimizer loop ended at budget
uav,GWO,20,2000,2000,1,0,0,0,-1866.3942271162718,False,optimizer loop ended at budget
uav,GWO,20,2000,2000,2,0,0,0,-1866.3585307597964,False,optimizer loop ended at budget
uav,GWO,20,2000,2000,3,0,0,0,-1866.2363120258406,False,optimizer loop ended at budget
uav,GWO,20,2000,2000,4,0,0,0,-1866.411540831896,False,optimizer loop ended at budget
uav,PSO,20,2000,2000,0,0,0,0,-1866.5027748540833,False,optimizer loop ended at budget
uav,PSO,20,2000,2000,1,0,0,0,-1866.4846992529658,False,optimizer loop ended at budget
uav,PSO,20,2000,2000,2,0,0,0,-1866.4932658722598,False,optimizer loop ended at budget
uav,PSO,20,2000,2000,3,0,0,0,-1866.5010065367235,False,optimizer loop ended at budget
uav,PSO,20,2000,2000,4,0,0,0,-1866.5008587570658,False,optimizer loop ended at budget
uav,WOA,20,2000,2000,0,0,0,0,-1150.1210796105208,False,optimizer loop ended at budget
uav,WOA,20,2000,2000,1,0,0,0,-1100.4785161074494,False,optimizer loop ended at budget
uav,WOA,20,2000,2000,2,0,0,0,-1147.355159305861,False,optimizer loop ended at budget
uav,WOA,20,2000,2000,3,0,0,0,-1108.1857225661338,False,optimizer loop ended at budget
uav,WOA,20,2000,2000,4,0,0,0,-1149.6960925043418,False,optimizer loop ended at budget
uav,SGO,30,200,200,0,0,0,0,0.0,False,optimizer loop ended at budget
uav,SGO,30,200,200,1,0,0,0,0.0,False,optimizer loop ended at budget
uav,SGO,30,200,200,2,0,0,0,0.0,False,optimizer loop ended at budget
uav,SGO,30,200,200,3,0,0,0,0.0,False,optimizer loop ended at budget
uav,SGO,30,200,200,4,0,0,0,0.0,False,optimizer loop ended at budget
uav,GWO,30,200,200,0,0,0,0,-1524.0997384423424,False,optimizer loop ended at budget
uav,GWO,30,200,200,1,0,0,0,-1500.4349380480364,False,optimizer loop ended at budget
uav,GWO,30,200,200,2,0,0,0,-1848.902169416305,False,optimizer loop ended at budget
uav,GWO,30,200,200,3,0,0,0,-1856.1923632038265,False,optimizer loop ended at budget
uav,GWO,30,200,200,4,0,0,0,-1375.1957669807048,False,optimizer loop ended at budget
uav,PSO,30,200,200,0,0,0,0,0.0,False,optimizer loop ended at budget
uav,PSO,30,200,200,1,0,0,0,0.0,False,optimizer loop ended at budget
uav,PSO,30,200,200,2,0,0,0,0.0,False,optimizer loop ended at budget
uav,PSO,30,200,200,3,0,0,0,0.0,False,optimizer loop ended at budget
uav,PSO,30,200,200,4,0,0,0,0.0,False,optimizer loop ended at budget
uav,WOA,30,200,200,0,0,0,0,-578.9000646630162,False,optimizer loop ended at budget
uav,WOA,30,200,200,1,0,0,0,-772.4434879297004,False,optimizer loop ended at budget
uav,WOA,30,200,200,2,0,0,0,-881.3671110299844,False,optimizer loop ended at budget
uav,WOA,30,200,200,3,0,0,0,-309.7470226262815,False,optimizer loop ended at budget
uav,WOA,30,200,200,4,0,0,0,-1138.7898264132625,False,optimizer loop ended at budget
uav,SGO,30,500,500,0,0,0,0,-1073.3825425879409,False,optimizer loop ended at budget
uav,SGO,30,500,500,1,0,0,0,-1319.3334807611855,False,optimizer loop ended at budget
uav,SGO,30,500,500,2,0,0,0,-1067.8212627281725,False,optimizer loop ended at budget
uav,SGO,30,500,500,3,0,0,0,-1118.5187437257878,False,optimizer loop ended at budget
uav,SGO,30,500,500,4,0,0,0,-1051.4875883699094,False,optimizer loop ended at budget
uav,GWO,30,500,500,0,0,0,0,-1864.2853148615288,False,optimizer loop ended at budget
uav,GWO,30,500,500,1,0,0,0,-1864.4128270254394,False,optimizer loop ended at budget
uav,GWO,30,500,500,2,0,0,0,-1863.1172628486804,False,optimizer loop ended at budget
uav,GWO,30,500,500,3,0,0,0,-1864.9739505355515,False,optimizer loop ended at budget
uav,GWO,30,500,500,4,0,0,0,-1136.7998357532613,False,optimizer loop ended at budget
uav,PSO,30,500,500,0,0,0,0,0.0,False,optimizer loop ended at budget
uav,PSO,30,500,500,1,0,0,0,-762.3384584136288,False,optimizer loop ended at budget
uav,PSO,30,500,500,2,0,0,0,0.0,False,optimizer loop ended at budget
uav,PSO,30,500,500,3,0,0,0,0.0,False,optimizer loop ended at budget
uav,PSO,30,500,500,4,0,0,0,-575.3406818118042,False,optimizer loop ended at budget
uav,WOA,30,500,500,0,0,0,0,-1116.6380630664203,False,optimizer loop ended at budget
uav,WOA,30,500,500,1,0,0,0,-1137.5272494588148,False,optimizer loop ended at budget
uav,WOA,30,500,500,2,0,0,0,-1139.3987473267428,False,optimizer loop ended at budget
uav,WOA,30,500,500,3,0,0,0,-1136.477103421286,False,optimizer loop ended at budget
uav,WOA,30,500,500,4,0,0,0,-1151.1252686985642,False,optimizer loop ended at budget
uav,SGO,30,1000,1000,0,0,0,0,-1214.3659904641395,False,optimizer loop ended at budget
uav,SGO,30,1000,1000,1,0,0,0,-1414.0112306592744,False,optimizer loop ended at budget
uav,SGO,30,1000,1000,2,0,0,0,-1242.8056849669215,False,optimizer loop ended at budget
uav,SGO,30,1000,1000,3,0,0,0,-1510.9489391834463,False,optimizer loop ended at budget
uav,SGO,30,1000,1000,4,0,0,0,-1291.2320743315204,False,optimizer loop ended at budget
uav,GWO,30,1000,1000,0,0,0,0,-1866.4141037157935,False,optimizer loop ended at budget
uav,GWO,30,1000,1000,1,0,0,0,-1866.2773825846991,False,optimizer loop ended at budget
uav,GWO,30,1000,1000,2,0,0,0,-1865.7441069101094,False,optimizer loop ended at budget
uav,GWO,30,1000,1000,3,0,0,0,-1866.487640882918,False,optimizer loop ended at budget
uav,GWO,30,1000,1000,4,0,0,0,-1866.171691448983,False,optimizer loop ended at budget
uav,PSO,30,1000,1000,0,0,0,0,-1013.676236038194,False,optimizer loop ended at budget
uav,PSO,30,1000,1000,1,0,0,0,-1423.3012670202877,False,optimizer loop ended at budget
uav,PSO,30,1000,1000,2,0,0,0,-1762.5001470145994,False,optimizer loop ended at budget
uav,PSO,30,1000,1000,3,0,0,0,-1523.315273707322,False,optimizer loop ended at budget
uav,PSO,30,1000,1000,4,0,0,0,-1659.9075024268595,False,optimizer loop ended at budget
uav,WOA,30,1000,1000,0,0,0,0,-1131.1030711397743,False,optimizer loop ended at budget
uav,WOA,30,1000,1000,1,0,0,0,-1139.804643194178,False,optimizer loop ended at budget
uav,WOA,30,1000,1000,2,0,0,0,-1150.6300291619973,False,optimizer loop ended at budget
uav,WOA,30,1000,1000,3,0,0,0,-1138.834261617988,False,optimizer loop ended at budget
uav,WOA,30,1000,1000,4,0,0,0,-1140.0474313812235,False,optimizer loop ended at budget
uav,SGO,30,2000,2000,0,0,0,0,-1245.5004583568502,False,optimizer loop ended at budget
uav,SGO,30,2000,2000,1,0,0,0,-1456.9706382109446,False,optimizer loop ended at budget
uav,SGO,30,2000,2000,2,0,0,0,-1351.9805810721382,False,optimizer loop ended at budget
uav,SGO,30,2000,2000,3,0,0,0,-1571.9554496748685,False,optimizer loop ended at budget
uav,SGO,30,2000,2000,4,0,0,0,-1380.4580630604742,False,optimizer loop ended at budget
uav,GWO,30,2000,2000,0,0,0,0,-1866.2853926745345,False,optimizer loop ended at budget
uav,GWO,30,2000,2000,1,0,0,0,-1866.2283570339748,False,optimizer loop ended at budget
uav,GWO,30,2000,2000,2,0,0,0,-1865.6378556816999,False,optimizer loop ended at budget
uav,GWO,30,2000,2000,3,0,0,0,-1866.308216374659,False,optimizer loop ended at budget
uav,GWO,30,2000,2000,4,0,0,0,-1866.4509317409968,False,optimizer loop ended at budget
uav,PSO,30,2000,2000,0,0,0,0,-1865.6696329339527,False,optimizer loop ended at budget
uav,PSO,30,2000,2000,1,0,0,0,-1866.4230975839678,False,optimizer loop ended at budget
uav,PSO,30,2000,2000,2,0,0,0,-1865.8390646923633,False,optimizer loop ended at budget
uav,PSO,30,2000,2000,3,0,0,0,-1864.6861380879468,False,optimizer loop ended at budget
uav,PSO,30,2000,2000,4,0,0,0,-1866.2991066558636,False,optimizer loop ended at budget
uav,WOA,30,2000,2000,0,0,0,0,-1143.0149881990121,False,optimizer loop ended at budget
uav,WOA,30,2000,2000,1,0,0,0,-1139.375673952804,False,optimizer loop ended at budget
uav,WOA,30,2000,2000,2,0,0,0,-1142.5756406289036,False,optimizer loop ended at budget
uav,WOA,30,2000,2000,3,0,0,0,-1179.7439102616004,False,optimizer loop ended at budget
uav,WOA,30,2000,2000,4,0,0,0,-1209.3157203444123,False,optimizer loop ended at budget
